name,country,city,address,latitude,longitude,phone,website,rating,reviews_count,price_range,source
Kudu,Saudi Arabia,Abha,,18.2317463,42.5559599,,,,0,,openstreetmap
herfy 323,Saudi Arabia,Abha,,18.2379435,42.5800578,,,,0,,openstreetmap
عصائر شرق,Saudi Arabia,Abha,,18.2666034,42.4983948,,,,0,,openstreetmap
كانتون,Saudi Arabia,Abha,,18.2381999,42.5804087,+966920000129,https://canton-express.com,,0,,openstreetmap
رهاء,Saudi Arabia,Abha,طريق الملك عبدالعزيز,18.2310656,42.5092645,+966555757398,,,0,,openstreetmap
9BAR | ٩ بـار,Saudi Arabia,Abha,طريق الملك عبدالعزيز,18.2234199,42.5226069,,https://www.instagram.com/9bar_sa?igsh=MWpoYWo2dXk0azc4eQ==,,0,,openstreetmap
Chuckwagon,Saudi Arabia,Al Ahsa,,26.2966703,50.0919503,,,,0,,openstreetmap
Dining Hall,Saudi Arabia,Al Ahsa,,26.3081965,50.1287717,,,,0,,openstreetmap
Latif Pastry,Saudi Arabia,Al Ahsa,,26.2819849,50.2160144,,,,0,,openstreetmap
ZOYA COFFEE,Saudi Arabia,Al Ahsa,Jana Court,26.2859899,50.1126822,,,,0,,openstreetmap
مطعم الممتاز Momtaz Restaurant,Saudi Arabia,Al Ahsa,,26.3462358,50.1363116,,,,0,,openstreetmap
Steakhouse,Saudi Arabia,Al Ahsa,,26.4603168,50.1209655,,,,0,,openstreetmap
Modo Cafe,Saudi Arabia,Al Ahsa,,26.3419716,49.9712741,,,,0,,openstreetmap
Mantorose Cafe,Saudi Arabia,Al Ahsa,طريق الملك عبدالله,26.4624412,50.1143542,+9966559353338,https://mantorose.com.sa/,,0,,openstreetmap
ماكدونالدز,Saudi Arabia,Al Ahsa,طريق الملك عبدالله,26.4621262,50.1137274,8001212345,https://www.mcdonalds.com/,,0,,openstreetmap
Kudu,Saudi Arabia,Al Ahsa,,26.3179561,50.1428632,,,,0,,openstreetmap
مطعم التقوى,Saudi Arabia,Al Ahsa,,25.3959584,49.7292537,,,,0,,openstreetmap
تكية بحر,Saudi Arabia,Al Ahsa,,26.4961718,50.1341793,,,,0,,openstreetmap
بيت الربيان,Saudi Arabia,Al Ahsa,,26.4592864,50.0869988,,,,0,,openstreetmap
جزيرة المرجان,Saudi Arabia,Al Ahsa,,26.483249,50.104926,,,,0,,openstreetmap
Pizza Hut,Saudi Arabia,Al Ahsa,,26.46027,50.092427,,,,0,,openstreetmap
Bably Restaurant,Saudi Arabia,Al Ahsa,,27.0065611,49.6603729,,,,0,,openstreetmap
various,Saudi Arabia,Al Ahsa,,26.2905638,50.1801818,,,,0,,openstreetmap
Hungry Bunny,Saudi Arabia,Al Ahsa,,26.9908692,49.6600279,,,,0,,openstreetmap
Hisham,Saudi Arabia,Al Ahsa,,26.9908792,49.6604217,,,,0,,openstreetmap
كودو,Saudi Arabia,Al Ahsa,,26.9907932,49.6597779,,,,0,,openstreetmap
Rolling Hills Golf Course Clubhouse,Saudi Arabia,Al Ahsa,,26.3022638,50.121013,,,,0,,openstreetmap
Tandori House Restaurant,Saudi Arabia,Al Ahsa,,26.3039085,50.1298857,,,,0,,openstreetmap
Cafe,Saudi Arabia,Al Ahsa,,26.3042259,50.1302076,,,,0,,openstreetmap
Cinnabon/ Seattles Best Coffee,Saudi Arabia,Al Ahsa,,26.3153436,50.1313771,,,,0,,openstreetmap
Joffreys,Saudi Arabia,Al Ahsa,,26.325566,50.1107884,,,,0,,openstreetmap
McDonald's,Saudi Arabia,Al Ahsa,,27.1353921,49.5672553,,,,0,,openstreetmap
سبايسي ميل,Saudi Arabia,Al Ahsa,,26.5629736,50.0829971,+966138237755,https://instagram.com/spicymeal,,0,,openstreetmap
باسكن روبنز,Saudi Arabia,Al Ahsa,,26.5497094,50.015984,,,,0,,openstreetmap
Steak House Restaurant,Saudi Arabia,Al Ahsa,,27.1293977,49.5691662,,,,0,,openstreetmap
KFC,Saudi Arabia,Al Ahsa,,26.8774515,49.7492977,,,,0,,openstreetmap
Crispy Meal,Saudi Arabia,Al Ahsa,jeddah Street (Road 274),27.0131934,49.6545776,,,,0,,openstreetmap
Sado Cafe,Saudi Arabia,Al Ahsa,,26.291454,50.1823605,,,,0,,openstreetmap
برجر فيول,Saudi Arabia,Al Ahsa,,26.454483,50.1202934,,,,0,,openstreetmap
Andoksa,Saudi Arabia,Al Ahsa,,26.2824911,50.2158944,,,,0,,openstreetmap
Jeddah Restaurant,Saudi Arabia,Al Ahsa,Jeddah Street,27.0134141,49.6646979,,,,0,,openstreetmap
Taslis Bukari Restaurant,Saudi Arabia,Al Ahsa,,27.0153949,49.6580797,,,,0,,openstreetmap
City Restaurant,Saudi Arabia,Al Ahsa,,27.0133535,49.6630646,,,,0,,openstreetmap
Hyderabad House Restaurant,Saudi Arabia,Al Ahsa,,27.0121043,49.6580847,,,,0,,openstreetmap
India Gate Restaurant,Saudi Arabia,Al Ahsa,,27.0075236,49.6625614,,,,0,,openstreetmap
Dana ASDF AL Khaleej Bukari Restaurant,Saudi Arabia,Al Ahsa,,27.001192,49.6557176,,,,0,,openstreetmap
Burger King,Saudi Arabia,Al Ahsa,,27.1333877,49.5695601,,,,0,,openstreetmap
There Egypt sugarcane juice,Saudi Arabia,Al Ahsa,,27.0023025,49.6558934,,,,0,,openstreetmap
برقرينو,Saudi Arabia,Al Ahsa,,26.5399628,49.988863,0138634579,,,0,,openstreetmap
مطعم العليين,Saudi Arabia,Al Ahsa,,26.5402286,49.9898762,,,,0,,openstreetmap
Sangamam Restaurant,Saudi Arabia,Al Ahsa,,27.0145969,49.6611204,,,,0,,openstreetmap
Shalimar Bhel Puri & Pani Puri House,Saudi Arabia,Al Ahsa,,27.0124997,49.6625662,,,,0,,openstreetmap
Rose Restaurant,Saudi Arabia,Al Ahsa,,26.4367344,50.1060511,,,,0,,openstreetmap
Horizon Restaurant,Saudi Arabia,Al Ahsa,,26.4389531,50.1054376,,,,0,,openstreetmap
Puttu Kadai,Saudi Arabia,Al Ahsa,,27.0142408,49.6632926,,,,0,,openstreetmap
Tandoori house,Saudi Arabia,Al Ahsa,,26.3033617,50.2069302,,,,0,,openstreetmap
مطعم هارديز,Saudi Arabia,Al Ahsa,,26.3820788,50.1781477,,,,0,,openstreetmap
Hardee's,Saudi Arabia,Al Ahsa,,26.3998014,50.0416004,,,,0,,openstreetmap
دجاج كنتاكي,Saudi Arabia,Al Ahsa,,26.3050657,50.1962317,,,,0,,openstreetmap
BurgerFuel,Saudi Arabia,Al Ahsa,,26.2996707,50.2237001,,,,0,,openstreetmap
Outback Steakhouse,Saudi Arabia,Al Ahsa,,26.2996171,50.2236227,,,,0,,openstreetmap
Piatto,Saudi Arabia,Al Ahsa,,26.2988847,50.2231523,,,,0,,openstreetmap
Classic Restaurant,Saudi Arabia,Al Ahsa,,26.2825998,50.2121443,,,,0,,openstreetmap
مطعم البردوني,Saudi Arabia,Al Ahsa,Cornish,27.1448266,49.5665645,0133479900013,,,0,,openstreetmap
ستاربكس,Saudi Arabia,Al Ahsa,,27.1477717,49.5673018,,,,0,,openstreetmap
توب تشكن,Saudi Arabia,Al Ahsa,,28.3984542,45.9798718,,,,0,,openstreetmap
مطعم زيماس,Saudi Arabia,Al Ahsa,,28.3987998,45.9799935,,,,0,,openstreetmap
SubWay,Saudi Arabia,Al Ahsa,,27.1443428,49.5665398,,,,0,,openstreetmap
Chili's,Saudi Arabia,Al Ahsa,,27.1453252,49.5666179,,,,0,,openstreetmap
Fuddruckers,Saudi Arabia,Al Ahsa,,27.145586,49.5666407,,,,0,,openstreetmap
Applebee's,Saudi Arabia,Al Ahsa,,27.0975588,49.5724167,,,,0,,openstreetmap
مطعم أبازير,Saudi Arabia,Al Ahsa,,25.3690304,49.5667175,,,,0,,openstreetmap
مطعم سما 2,Saudi Arabia,Al Ahsa,,25.3675261,49.5692083,,,,0,,openstreetmap
مطبخ الولائم,Saudi Arabia,Al Ahsa,,25.3700026,49.5677836,,,,0,,openstreetmap
مطعم هرفي,Saudi Arabia,Al Ahsa,,25.371491,49.5649838,,,,0,,openstreetmap
مطعم ليتل سيزر,Saudi Arabia,Al Ahsa,الامير سعود بن جلوي,25.3715637,49.5652091,,,,0,,openstreetmap
بيتزا هت,Saudi Arabia,Al Ahsa,الامير سعود بن جلوي,25.3719393,49.565303,,,,0,,openstreetmap
مطعم السوبيتير,Saudi Arabia,Al Ahsa,,25.3748839,49.5653485,,,,0,,openstreetmap
مطعم كودو,Saudi Arabia,Al Ahsa,,25.3968673,49.5607566,,,,0,,openstreetmap
بيتزا ريم,Saudi Arabia,Al Ahsa,,26.5263956,50.0269073,,,,0,,openstreetmap
Indian Restaurant,Saudi Arabia,Al Ahsa,Prince Faisal bin Fahed Road,26.3043419,50.1748335,,,,0,,openstreetmap
Munch Burger,Saudi Arabia,Al Ahsa,طريق الرياض,25.3606985,49.5496739,,,,0,,openstreetmap
بوفية نورة,Saudi Arabia,Al Ahsa,شارع خالد بن الوليد,25.4051241,49.6030384,,,,0,,openstreetmap
House JUBAIL Kudu,Saudi Arabia,Al Ahsa,,27.0075301,49.6552893,,,,0,,openstreetmap
Hot Pasta,Saudi Arabia,Al Ahsa,,26.5434659,50.020223,,,,0,,openstreetmap
مطعم واحة الرحاب للمشويات,Saudi Arabia,Al Ahsa,,26.2888442,50.2146632,,,,0,,openstreetmap
Petit France,Saudi Arabia,Al Ahsa,,26.309157,50.175393,,,,0,,openstreetmap
Cinnabon,Saudi Arabia,Al Ahsa,King Fahd Rd EB,26.4145444,50.0719618,,,,0,,openstreetmap
Golden Corner,Saudi Arabia,Al Ahsa,Prince Naif Road,26.4112319,50.0801591,,,,0,,openstreetmap
مطابخ الانصار,Saudi Arabia,Al Ahsa,,26.3941641,50.0277195,,,,0,,openstreetmap
مدرسة,Saudi Arabia,Al Ahsa,,26.5969405,49.9799905,,,,0,,openstreetmap
دلع بطنك الدمام,Saudi Arabia,Al Ahsa,,26.4369935,50.084037,,,,0,,openstreetmap
القهوة المثالية,Saudi Arabia,Al Ahsa,,25.36418,49.571001,,,,0,,openstreetmap
SN Cafe (Social Network),Saudi Arabia,Al Ahsa,King Fahd bin Abdelaziz Road,26.3070533,50.2101118,,,,0,,openstreetmap
مطعم غريب طوس,Saudi Arabia,Al Ahsa,شارع الخليج,26.5526134,50.0208928,0138548772,,,0,,openstreetmap
Pansitan,Saudi Arabia,Al Ahsa,,27.0110253,49.6605212,,,,0,,openstreetmap
Jollibee,Saudi Arabia,Al Ahsa,,27.0132552,49.6610635,,,,0,,openstreetmap
Dominos,Saudi Arabia,Al Ahsa,King Fahad Ibn Abdul Aziz Road,26.403632,50.0572117,,,,0,,openstreetmap
مطعم زواده بيزا,Saudi Arabia,Al Ahsa,طريق الخليج,26.5441708,50.0269207,0544682900,,,0,,openstreetmap
Alfanar Coffee,Saudi Arabia,Al Ahsa,,26.8781069,49.7497443,,,,0,,openstreetmap
بوابة الخرطوم,Saudi Arabia,Al Ahsa,,26.43616,50.1000586,,,,0,,openstreetmap
طيف ماضينا,Saudi Arabia,Al Ahsa,Ali Ibn Abi Taleb Street,26.40684,50.107802,+966138290990,,,0,,openstreetmap
هرفي,Saudi Arabia,Al Ahsa,20th Street,26.269025,50.189498,+966920001111,http://herfy.com,,0,,openstreetmap
بوفية تفاحة,Saudi Arabia,Al Ahsa,,25.3992866,49.6041318,,,,0,,openstreetmap
كوستا,Saudi Arabia,Al Ahsa,inside king fahd airport,26.4679219,49.797535,,,,0,,openstreetmap
كرسبي كريم,Saudi Arabia,Al Ahsa,inside king fahd airport,26.4674562,49.797684,,,,0,,openstreetmap
Sbarro,Saudi Arabia,Al Ahsa,inside king fahd airport,26.4683529,49.7974842,,,,0,,openstreetmap
Popeyes,Saudi Arabia,Al Ahsa,inside king fahd airport,26.4683577,49.7973551,,,,0,,openstreetmap
coffee talk,Saudi Arabia,Al Ahsa,inside king fahd airport,26.468183,49.7975863,,,,0,,openstreetmap
الذهبي,Saudi Arabia,Al Ahsa,Aws Ibn Sa'idah,26.3823139,50.0554028,,,,0,,openstreetmap
ماك,Saudi Arabia,Al Ahsa,Prince Naif Road,26.4412261,50.0650676,,,,0,,openstreetmap
مطعم ومقهى السيف,Saudi Arabia,Al Ahsa,شارع الخليج,26.5824028,50.036667,,,,0,,openstreetmap
Vitamin corner,Saudi Arabia,Al Ahsa,,26.2874724,50.2062177,,,,0,,openstreetmap
Pishawri Kabab,Saudi Arabia,Al Ahsa,,26.43663,50.107813,,,,0,,openstreetmap
Jana Food بروستد وشاورما جنى,Saudi Arabia,Al Ahsa,,26.4342367,50.0196967,+9661380214466,,,0,,openstreetmap
بوفية أسناف,Saudi Arabia,Al Ahsa,,26.3977266,50.0186487,,,,0,,openstreetmap
Al Marsa Seafood Restaurant,Saudi Arabia,Al Ahsa,10th Street,26.2886086,50.2173523,0593995896,,,0,,openstreetmap
Joffreys Cafe,Saudi Arabia,Al Ahsa,,26.2882515,50.2183043,,,,0,,openstreetmap
La Gondola Italian Restaurant,Saudi Arabia,Al Ahsa,,26.2882727,50.2180881,,,,0,,openstreetmap
Starbucks,Saudi Arabia,Al Ahsa,,26.4539347,50.1205844,,,,0,,openstreetmap
Railway Buffet,Saudi Arabia,Al Ahsa,,26.4102429,50.1261541,,,,0,,openstreetmap
SRO Lounge,Saudi Arabia,Al Ahsa,,26.4100459,50.1261112,,,,0,,openstreetmap
Phd55,Saudi Arabia,Al Ahsa,,26.4140411,50.1193958,,,,0,,openstreetmap
Aldiwaniyah Cafe,Saudi Arabia,Al Ahsa,,26.5559978,49.9584427,,,,0,,openstreetmap
مطعم الجود,Saudi Arabia,Al Ahsa,شارع الامام مسلم,26.4018463,50.0286218,,,,0,,openstreetmap
مطعم الصادق,Saudi Arabia,Al Ahsa,,25.4063517,49.5960293,,,,0,,openstreetmap
مطعم أم البنين,Saudi Arabia,Al Ahsa,,25.4062879,49.5958136,,,,0,,openstreetmap
فوال الطائف,Saudi Arabia,Al Ahsa,,25.40704,49.5959025,,,,0,,openstreetmap
مطعم شانديز,Saudi Arabia,Al Ahsa,,25.4006313,49.5968265,,,,0,,openstreetmap
batchoy food,Saudi Arabia,Al Ahsa,,26.2795981,50.2131444,,,,0,,openstreetmap
مروش,Saudi Arabia,Al Ahsa,"6806 Prince Faisal Bin Fahd Bin Abdulaziz Al Khalidyyah, Al Hofuf 36362, Saudi Arabia",25.3373544,49.593066,+966135810000,,,0,,openstreetmap
Deewan Hyderabadi Restaurant,Saudi Arabia,Al Ahsa,,27.0213503,49.6287893,,,,0,,openstreetmap
مقهي القلعة,Saudi Arabia,Al Ahsa,,26.5371619,49.9580568,,,,0,,openstreetmap
مطعم بيتزا شوب,Saudi Arabia,Al Ahsa,,25.4451419,49.59387,+966135365065,,,0,,openstreetmap
دانكن دونات,Saudi Arabia,Al Ahsa,,25.4288527,49.5971694,,,,0,,openstreetmap
مخابز الاحمري,Saudi Arabia,Al Ahsa,,27.0117345,49.658746,,,,0,,openstreetmap
Bundoo Khan Restaurant,Saudi Arabia,Al Ahsa,17th Street,26.294769,50.2093941,,,,0,,openstreetmap
مطعم و مطبخ النزهة,Saudi Arabia,Al Ahsa,,27.4710584,48.4703615,,,,0,,openstreetmap
مطعم باب خيبر البخاري,Saudi Arabia,Al Ahsa,,28.4131365,48.5004741,,,,0,,openstreetmap
مطعم الهلال,Saudi Arabia,Al Ahsa,,26.2864052,50.2140263,,,,0,,openstreetmap
فوال صباح الخير,Saudi Arabia,Al Ahsa,شارع النجاح,25.4030898,49.5966259,,,,0,,openstreetmap
مطعم بخاري,Saudi Arabia,Al Ahsa,شارع النجاح,25.4032298,49.5965866,,,,0,,openstreetmap
مطعم الطازج,Saudi Arabia,Al Ahsa,شارع الظهران,25.423208,49.5734281,,,,0,,openstreetmap
الصفصاف مطعم,Saudi Arabia,Al Ahsa,,26.439842,50.0823,,,,0,,openstreetmap
جوفريز,Saudi Arabia,Al Ahsa,,26.4105221,50.1034215,,,,0,,openstreetmap
بحر القهوة,Saudi Arabia,Al Ahsa,,27.1299371,49.5692275,,,,0,,openstreetmap
مطعم راعيها للاسماك,Saudi Arabia,Al Ahsa,,26.4212605,50.1162703,,,,0,,openstreetmap
مطاعم كابانا,Saudi Arabia,Al Ahsa,,26.9914069,49.6461134,,,,0,,openstreetmap
برقر كنق,Saudi Arabia,Al Ahsa,,24.8214699,50.7319686,,,,0,,openstreetmap
مطهر توباز,Saudi Arabia,Al Ahsa,,25.3537065,49.5956491,,,,0,,openstreetmap
قهوة دروازة النخيل,Saudi Arabia,Al Ahsa,,25.385963,49.62581,,,,0,,openstreetmap
بلاسا اكيل,Saudi Arabia,Al Ahsa,,26.4349258,50.1172852,,,,0,,openstreetmap
مطعم فلفلة,Saudi Arabia,Al Ahsa,شارع الامام محمد بن عبد الوهاب,26.3506278,50.0511467,,,,0,,openstreetmap
مطعم كبساتي,Saudi Arabia,Al Ahsa,شارع الامام محمد بن عبدالوهاب,26.3599523,50.0659502,,,,0,,openstreetmap
مطعم نسيم,Saudi Arabia,Al Ahsa,,25.4096885,49.5906918,,,,0,,openstreetmap
Candle n Grill,Saudi Arabia,Al Ahsa,,26.2962746,50.209716,,,,0,,openstreetmap
فلافل عمو باسل,Saudi Arabia,Al Ahsa,شارع ابو بكر الصديق,26.3637343,50.0712777,0138117592,https://www.facebook.com/FalafelAmobasil,,0,,openstreetmap
بيتزا راقي,Saudi Arabia,Al Ahsa,,25.4190754,49.677689,,,,0,,openstreetmap
معجنات ومشويات حيدرة,Saudi Arabia,Al Ahsa,,26.5631279,50.083153,,,,0,,openstreetmap
مطعم قصر تاروت,Saudi Arabia,Al Ahsa,,26.5703867,50.0663359,,,,0,,openstreetmap
مطعم بابا حماد,Saudi Arabia,Al Ahsa,,26.5748172,50.0605884,,,,0,,openstreetmap
معجنات ومشويات شاهين,Saudi Arabia,Al Ahsa,,26.5706377,50.0672377,,,,0,,openstreetmap
بوفية امواج الزينبية,Saudi Arabia,Al Ahsa,,26.5678702,50.0673198,,,,0,,openstreetmap
مطعم اسماك السلطان,Saudi Arabia,Al Ahsa,,26.4363725,50.0942901,,,,0,,openstreetmap
CookXon,Saudi Arabia,Al Ahsa,Madrasa Street,27.011844,49.6614687,+966133635885,https://www.cookxon.com/,,0,,openstreetmap
بروستد بونواس,Saudi Arabia,Al Ahsa,,26.4493532,50.1185439,,,,0,,openstreetmap
مكناس,Saudi Arabia,Al Ahsa,,26.201172,50.2045655,,,,0,,openstreetmap
مطعم الفجر الجديد للرز البخاري,Saudi Arabia,Al Ahsa,طريق الملك عبدالله,28.4186088,48.475092,,,,0,,openstreetmap
السبيعي للقهوة والتمور,Saudi Arabia,Al Ahsa,,28.4129906,48.4688723,,,,0,,openstreetmap
بوفية صالح,Saudi Arabia,Al Ahsa,,25.3674411,49.5702379,,,,0,,openstreetmap
اوشيانا,Saudi Arabia,Al Ahsa,,26.478559,50.1176721,,,,0,,openstreetmap
Vapiano,Saudi Arabia,Al Ahsa,,26.3079537,50.1696739,,,,0,,openstreetmap
Costa,Saudi Arabia,Al Ahsa,,26.3052533,50.167324,,,,0,,openstreetmap
The Pizza Company,Saudi Arabia,Al Ahsa,,26.3041868,50.1704096,,,,0,,openstreetmap
كانتون,Saudi Arabia,Al Ahsa,,26.3048666,50.1699026,+966920000129,https://canton-express.com,,0,,openstreetmap
Ocean Basket,Saudi Arabia,Al Ahsa,,26.3103726,50.1689973,,,,0,,openstreetmap
باستا روما,Saudi Arabia,Al Ahsa,,26.5714913,50.0779283,,,,0,,openstreetmap
مقهى شيشه,Saudi Arabia,Al Ahsa,,26.952842,49.6940378,,,,0,,openstreetmap
The 9 th. Floor,Saudi Arabia,Al Ahsa,,26.2873033,50.2183244,,,,0,,openstreetmap
Dallat,Saudi Arabia,Al Ahsa,,26.342742,50.1819236,,,,0,,openstreetmap
IHOP,Saudi Arabia,Al Ahsa,,26.3045248,50.1989568,,,,0,,openstreetmap
Quiznos,Saudi Arabia,Al Ahsa,,26.3050436,50.1964053,,,,0,,openstreetmap
Papa John's,Saudi Arabia,Al Ahsa,,26.305098,50.1955692,,,,0,,openstreetmap
بوبايز,Saudi Arabia,Al Ahsa,,26.4686522,49.7961077,,,,0,,openstreetmap
VIP Women Lounge,Saudi Arabia,Al Ahsa,,26.4711372,49.7948061,,,,0,,openstreetmap
تيم هورتونز,Saudi Arabia,Al Ahsa,,26.4691541,49.7969476,,,,0,,openstreetmap
Segafredo,Saudi Arabia,Al Ahsa,,26.4696105,49.797091,,,,0,,openstreetmap
مطعم أجياد,Saudi Arabia,Al Ahsa,,29.0771413,46.6325416,,,,0,,openstreetmap
alromansia restaurant مطعم الرومانسية,Saudi Arabia,Al Ahsa,,26.4556722,50.1136773,,,,0,,openstreetmap
Snack Inn,Saudi Arabia,Al Ahsa,,26.5696035,50.0143962,,,,0,,openstreetmap
مطعم جوده,Saudi Arabia,Al Ahsa,شارع الملك عبدالله,25.3550718,49.610104,,,,0,,openstreetmap
Kabab House,Saudi Arabia,Al Ahsa,,26.2839369,50.1961126,,,,0,,openstreetmap
China Town,Saudi Arabia,Al Ahsa,,26.2838404,50.1964567,,,,0,,openstreetmap
كافيتريا النهر الخالد,Saudi Arabia,Al Ahsa,,25.3640641,49.5698946,,,,0,,openstreetmap
Krispy Kreme,Saudi Arabia,Al Ahsa,,27.0023724,49.662497,,,,0,,openstreetmap
توابل,Saudi Arabia,Al Ahsa,,26.3008797,50.1787453,,,,0,,openstreetmap
مطعم السانية,Saudi Arabia,Al Ahsa,أمير المؤمنين ابو بكر الصديق,26.4204967,50.0263476,,,,0,,openstreetmap
معجنات تتبيلة زمان,Saudi Arabia,Al Ahsa,,26.4185156,50.0179462,,,,0,,openstreetmap
البخاري,Saudi Arabia,Al Ahsa,,26.4268519,50.0124603,,,,0,,openstreetmap
Arafa Gulf Restaurant,Saudi Arabia,Al Ahsa,King Faisal street,27.016337,49.6431838,,,,0,,openstreetmap
Spicy Meal,Saudi Arabia,Al Ahsa,Al Quds Street,26.5440048,50.0199665,+966138543395,,,0,,openstreetmap
مطعم الحوت,Saudi Arabia,Al Ahsa,,26.5693725,50.0713718,,,,0,,openstreetmap
مطعم الشيخ فؤاد,Saudi Arabia,Al Ahsa,,28.4269614,45.9758389,,,,0,,openstreetmap
Costa Cafe,Saudi Arabia,Al Ahsa,,26.3794022,50.1820117,,,,0,,openstreetmap
Burger and Karak,Saudi Arabia,Al Ahsa,Prince Humud Street,26.292186,50.1994377,,,,0,,openstreetmap
مطعم ابوعيسى للمشويات,Saudi Arabia,Al Ahsa,,26.4210904,50.068596,,,,0,,openstreetmap
الرافدين للمشويات العراقية,Saudi Arabia,Al Ahsa,,27.0097401,49.6656659,,,,0,,openstreetmap
شروق الرومانسية,Saudi Arabia,Al Ahsa,,28.4191216,48.4772154,00966554462162,,,0,,openstreetmap
أتيباسي,Saudi Arabia,Al Ahsa,,27.1470529,49.5676311,,,,0,,openstreetmap
بوفية شذى للوجبات السريعة بالعمران,Saudi Arabia,Al Ahsa,,25.4202428,49.7159246,,,,0,,openstreetmap
مطعم حوت الخليج,Saudi Arabia,Al Ahsa,,26.5711946,50.064151,,,,0,,openstreetmap
معجنات البحار,Saudi Arabia,Al Ahsa,,26.5667047,50.0678947,,,,0,,openstreetmap
بوفية الشيوخ,Saudi Arabia,Al Ahsa,,26.5679446,50.0672121,,,,0,,openstreetmap
بوفية الجاسم,Saudi Arabia,Al Ahsa,,26.5721917,50.062829,,,,0,,openstreetmap
مطعم البيت السوري,Saudi Arabia,Al Ahsa,,26.4416327,50.0771557,,,,0,,openstreetmap
دربي كافيه,Saudi Arabia,Al Ahsa,,26.2852746,50.2223336,,,,0,,openstreetmap
Kiara Coffee,Saudi Arabia,Al Ahsa,Tabari St.,26.3052817,50.1959335,,,,0,,openstreetmap
مطعم خاروف الشيف,Saudi Arabia,Al Ahsa,,26.4553987,50.0968831,,,,0,,openstreetmap
جود للمشويات,Saudi Arabia,Al Ahsa,شارع المزارع عنك,26.5053574,50.0023404,+966580350020,,,0,,openstreetmap
مطعم,Saudi Arabia,Al Ahsa,,27.0053,47.0279,,,,0,,openstreetmap
مود كافيه,Saudi Arabia,Al Ahsa,,27.5560762,47.690696,,,,0,,openstreetmap
الأرنب الجائع,Saudi Arabia,Al Ahsa,,27.5573489,47.6929013,,,,0,,openstreetmap
مطعم ليالي عدن,Saudi Arabia,Al Ahsa,,27.5601,47.6965,,,,0,,openstreetmap
مهيلة البوادي,Saudi Arabia,Al Ahsa,,28.1243,45.6659,,,,0,,openstreetmap
مطعم بيت المندي,Saudi Arabia,Al Ahsa,,28.1228,45.6694,,,,0,,openstreetmap
مطعم الريف,Saudi Arabia,Al Ahsa,,28.1205,45.6718,,,,0,,openstreetmap
بروستد العربي,Saudi Arabia,Al Ahsa,,27.4703,48.4722,,,,0,,openstreetmap
مطعم الشام,Saudi Arabia,Al Ahsa,,27.4753,48.4747,,,,0,,openstreetmap
اكس كافيه X cafe,Saudi Arabia,Al Ahsa,,27.4796,48.4763,,,,0,,openstreetmap
Coffee Cube,Saudi Arabia,Al Ahsa,Abu Hadria Road,27.4729093,48.5007871,,,,0,,openstreetmap
ديوان محسن الخطاف,Saudi Arabia,Al Ahsa,الرئيسي,26.9493081,48.3514065,,,,0,,openstreetmap
double i Restaurant,Saudi Arabia,Al Ahsa,salam street,27.158896,49.5359901,,https://doubleisa.com/,,0,,openstreetmap
REVIVAL,Saudi Arabia,Al Ahsa,Prince Sultan Road,26.3342973,50.1889178,+966560900747,,,0,,openstreetmap
Crafter,Saudi Arabia,Al Ahsa,,26.317841,50.223092,,,,0,,openstreetmap
pure juice,Saudi Arabia,Al Ahsa,,26.3608854,50.0972872,,,,0,,openstreetmap
Blue islnad Waffle & Sweets,Saudi Arabia,Al Ahsa,,26.3078121,50.1701227,,,,0,,openstreetmap
Maharaja,Saudi Arabia,Al Ahsa,,26.2993331,50.2244427,,,,0,,openstreetmap
مشوار,Saudi Arabia,Al Ahsa,,26.2887943,50.2148949,,,,0,,openstreetmap
مطعم روائع الفروج المشوي لتقديم الوجبات,Saudi Arabia,Al Ahsa,,26.2887633,50.2151495,,,,0,,openstreetmap
TropiQ,Saudi Arabia,Al Ahsa,,25.3944173,49.574692,+966550213475,https://www.instagram.com/tropiq.sa/,,0,,openstreetmap
صوافّ,Saudi Arabia,Al Ahsa,Salman Al Farisi Road,25.3529894,49.6398071,+135800552,https://sawafrestaurant.com/,,0,,openstreetmap
فطيرة الفلافل,Saudi Arabia,Al Ahsa,king abdullah st.,28.4443106,48.4930623,0505556526,https://flafilpie.com/,,0,,openstreetmap
Namorah sweet النمورة,Saudi Arabia,Al Ahsa,CMCP+C7,25.4210378,49.6858252,,,,0,,openstreetmap
ever cafe | إيفر,Saudi Arabia,Al Ahsa,,25.3090533,49.5565382,+966548030353,,,0,,openstreetmap
TEA MAP,Saudi Arabia,Al Ahsa,,25.4207252,49.567011,+966549372200,,,0,,openstreetmap
Load Cafe,Saudi Arabia,Al Ahsa,King Khalid Road,25.4007079,49.5798351,+966530880188,,,0,,openstreetmap
Chemistry,Saudi Arabia,Al Ahsa,,26.3028518,50.2219812,,,,0,,openstreetmap
Caffe Vergnano 1882,Saudi Arabia,Al Ahsa,,26.3037047,50.2224131,,,,0,,openstreetmap
moonlight,Saudi Arabia,Al Ahsa,,26.2992775,50.2248801,,,,0,,openstreetmap
Dal al Karam,Saudi Arabia,Al Ahsa,,26.2993112,50.2246562,,,,0,,openstreetmap
Godiva Belgium 1926,Saudi Arabia,Al Ahsa,,26.3030633,50.2223183,,,,0,,openstreetmap
Five Elephants,Saudi Arabia,Al Ahsa,,26.3049334,50.2225432,,,,0,,openstreetmap
مطعم مشويات ملتقى الرافدين,Saudi Arabia,Al Ahsa,,26.1927181,50.1894081,+966138333123,,,0,,openstreetmap
وقت الشاي | Tea Time,Saudi Arabia,Al Ahsa,,26.1927992,50.1894387,+9660138303777,,,0,,openstreetmap
معجنات السندباد | sendebad pastries,Saudi Arabia,Al Ahsa,"King Khalid Rd, Al Buhairah",26.1925807,50.1892948,+966138031111,https://www.sendebad.com/,,0,,openstreetmap
Snack House | سناك هاوس العزيزية,Saudi Arabia,Al Ahsa,"King Khalid Rd, Al Buhaira",26.1925508,50.1892757,,,,0,,openstreetmap
Bakerista | بيكريستا,Saudi Arabia,Al Ahsa,"King Khalid Rd, Al Buhairah",26.1925294,50.1892574,,,,0,,openstreetmap
المشوى العنابي | Ennabi Grill,Saudi Arabia,Al Ahsa,"King Khalid Rd, Al Buhairah",26.1926209,50.1893335,+966920006396,https://www.ennabigrill.com/,,0,,openstreetmap
Shawarma Time | شاورما تايم,Saudi Arabia,Al Ahsa,"King Khalid Rd, Al Buhairah",26.1925056,50.1892472,+966138334400,,,0,,openstreetmap
ALFREEJ ALAWAL | الفريج الأول,Saudi Arabia,Al Ahsa,"King Khalid Rd, Al Buhairah",26.192477,50.1892342,+966920020608,https://www.alfrej.net/,,0,,openstreetmap
برجر كنج,Saudi Arabia,Al Ahsa,,26.3974472,50.0447372,+966920000002,https://ksa.burgerking.me/en/,,0,,openstreetmap
قهوة الطريق,Saudi Arabia,Al Ahsa,,26.3987527,50.0472762,,,,0,,openstreetmap
مطعم بلو جاردن,Saudi Arabia,Al Ahsa,,26.2550652,50.2208723,,https://www.bluegardenrest.com/,,0,,openstreetmap
مطاعم سماء ديرتي,Saudi Arabia,Al Ahsa,,26.1863076,50.1853028,,,,0,,openstreetmap
الديوانية الخليجية,Saudi Arabia,Al Ahsa,,25.3102345,49.5939171,,,,0,,openstreetmap
Shawarmer | شاورمر,Saudi Arabia,Al Ahsa,Al Tahliyah,26.1904387,50.1892576,+966920008080,https://shawarmer.com/,,0,,openstreetmap
T.FEX,Saudi Arabia,Al Ahsa,Al Khuzama,26.208163,50.1963959,,,,0,,openstreetmap
Dose Cafe,Saudi Arabia,Al Ahsa,Al Khuzama,26.2028758,50.1957409,,https://dosecafeksa.com/,,0,,openstreetmap
Dunkin' Donuts,Saudi Arabia,Al Ahsa,,26.2005314,50.1947874,,https://www.dunkindonuts.sa/,,0,,openstreetmap
مقهى قصر الصحراء,Saudi Arabia,Al Ahsa,Al Tahliyah,26.1854955,50.1860418,,,,0,,openstreetmap
مطعم وادي بعدان للمأكولات الشعبية,Saudi Arabia,Al Ahsa,Main st,25.3613462,49.7245023,,,,0,,openstreetmap
نقصة بيت,Saudi Arabia,Al Ahsa,Main st,25.3540176,49.7252317,0540940584,,,0,,openstreetmap
تكه,Saudi Arabia,Al Ahsa,Main st,25.3514081,49.724556,0598270019,,,0,,openstreetmap
تقسيم,Saudi Arabia,Al Ahsa,طريقة الملك عبدالله,25.3497316,49.6128507,0564279633,,,0,,openstreetmap
بيك اند تيك,Saudi Arabia,Al Ahsa,Imam Ali bin abi talib street,26.6422351,49.9626165,,https://qr.finedinemenu.com/#/bake-and-take,,0,,openstreetmap
قطوف و حلا,Saudi Arabia,Al Ahsa,طريق الامام علي بن ابي طالب,26.6422167,49.96263,+966553581010,https://kottouf.net/,,0,,openstreetmap
مطعم بحريات صفوى,Saudi Arabia,Al Ahsa,Imam ali bin abi talib strret,26.6422502,49.9625991,+966544139964,https://alamalbahriat.com/,,0,,openstreetmap
مطعم السراج,Saudi Arabia,Al Ahsa,Imam ali bin abi talib street,26.6413049,49.9631989,+966136632332,https://instagram.com/alsiiraj,,0,,openstreetmap
باستا وبيتزا روما,Saudi Arabia,Al Ahsa,Imam ali bin abi talib street,26.6518149,49.95572,+966136633222,,,0,,openstreetmap
جي سواف,Saudi Arabia,Al Ahsa,Imam ali bin abi talib street,26.6529532,49.955515,+966576733709,,,0,,openstreetmap
الكنفاني,Saudi Arabia,Al Ahsa,النعمان بن بشير,26.6433117,49.9560462,+966594832273,https://confectionery-1507.business.site/?m=true,,0,,openstreetmap
مشويات خيرزاد,Saudi Arabia,Al Ahsa,طريق بلال بن رباح,26.6452617,49.9538451,+966507339773,,,0,,openstreetmap
سالز كافيه,Saudi Arabia,Al Ahsa,طريق النعمان بن بشير,26.643051,49.956225,+966136630230,https://www.instagram.com/sals_caffe/,,0,,openstreetmap
مشويات ابو مصطفى,Saudi Arabia,Al Ahsa,طريق بلال بن رباح,26.6411859,49.9580376,+966565133338,https://instagram.com/abu_mustafa2017,,0,,openstreetmap
مطعم دار الكرار بصفوى,Saudi Arabia,Al Ahsa,طريق بلال بن رباح,26.6464372,49.9529046,+966136631236,,,0,,openstreetmap
الشموع المضيئة,Saudi Arabia,Al Ahsa,طريق بلال بن رباح,26.6463978,49.9529365,+966136640991,,,0,,openstreetmap
مشويات المميز,Saudi Arabia,Al Ahsa,شارع القطيف,26.6491307,49.9509435,+966136646166,,,0,,openstreetmap
Shawarma King | شاورما كنج,Saudi Arabia,Al Ahsa,,26.2080488,50.1963739,,,,0,,openstreetmap
فنتق | Fantaq,Saudi Arabia,Al Ahsa,King Abdullah Street,25.3795106,49.6020122,+966598202228,https://fantaq.net/,,0,,openstreetmap
ميزو mizo,Saudi Arabia,Al Ahsa,,26.3026304,50.2272834,,,,0,,openstreetmap
السيف لاونج,Saudi Arabia,Al Ahsa,,26.4568159,50.1307542,,,,0,,openstreetmap
مطعم عنب وتين المذاق اللبناني,Saudi Arabia,Al Ahsa,,26.2230914,50.2154031,,,,0,,openstreetmap
ساندويتش لاند,Saudi Arabia,Al Ahsa,,25.4352621,49.6685076,+966135952752,https://drive.google.com/file/d/10XuskGJr5MnWzbxNq14PiWjqgNjAZWvm/view,,0,,openstreetmap
مطعم الولاية,Saudi Arabia,Al Ahsa,,25.4533013,49.6424182,+966135999050,,,0,,openstreetmap
مطعم الشطائر الشهيه,Saudi Arabia,Al Ahsa,,25.4522107,49.6430697,+966537664184,,,0,,openstreetmap
كباب بو مرتضى المقهوي,Saudi Arabia,Al Ahsa,,25.4272916,49.6606288,,,,0,,openstreetmap
مطعم الكساء بالكلابية,Saudi Arabia,Al Ahsa,,25.4416887,49.6426578,+966503900378,,,0,,openstreetmap
Qaal,Saudi Arabia,Al Ahsa,Prince Sultan Bin Fhd Street,26.3428058,50.1822825,+966138177787,,,0,,openstreetmap
EL TACORIA 🌮,Saudi Arabia,Al Ahsa,Makkah Al Mukarramah Street,26.3004522,50.1833384,+966531008226,https://www.instagram.com/eltacoria/,,0,,openstreetmap
Core Coffee & Roastery,Saudi Arabia,Al Ahsa,طريق الخليج,26.4586775,50.0927567,+9668001228222,https://corecoffee.co/,,0,,openstreetmap
Adjan Walk,Saudi Arabia,Al Ahsa,"Prince Turkey Street, Alkurnaish, Al Khobar 34446, Saudi Arabia",26.2833438,50.219878,+966920000658,https://ajdan.com.sa/,,0,,openstreetmap
P.F. Chang's,Saudi Arabia,Al Ahsa,Prince Turki Street,26.2836749,50.2201407,+966138928725,,,0,,openstreetmap
The Cheesecake Factory,Saudi Arabia,Al Ahsa,Prince Turki Street,26.2829062,50.219956,,,,0,,openstreetmap
Salt Al Bahar,Saudi Arabia,Al Ahsa,Corniche Road,26.3351453,50.2258945,+966920024788,https://indpt.com/,,0,,openstreetmap
Dervt Coffee,Saudi Arabia,Al Ahsa,Corniche Road,26.3247054,50.2278259,,,,0,,openstreetmap
Ola Amor,Saudi Arabia,Al Ahsa,,26.3231635,50.2286537,,,,0,,openstreetmap
Cay Cafe,Saudi Arabia,Al Ahsa,Prince Turki Street,26.28221,50.2218788,+966533350708,,,0,,openstreetmap
مطعم الشواء سريع,Saudi Arabia,Al Ahsa,King Faisal street,26.9850767,49.6478043,+966539383280,,,0,,openstreetmap
هول بين لأدوات القهوة,Saudi Arabia,Al Ahsa,14 أ,26.2089478,50.1877521,+966532656908,https://wholebeansa.com/,,0,,openstreetmap
UMQ Coffee 2.2 قهوة عمق,Saudi Arabia,Al Ahsa,"Khaleej Rd, Az Zuhur",26.4586931,50.0852868,966550444171,https://umqcoffee.com/,,0,,openstreetmap
مطعم و مقهي ايفي,Saudi Arabia,Al Ahsa,King Fahd Rd.,26.1994181,50.2120866,+966534808001,https://ivycafe.sa/,,0,,openstreetmap
Shrq Coffee Roasters,Saudi Arabia,Al Ahsa,,26.2899165,50.1008594,,,,0,,openstreetmap
La Casa Pasta,Saudi Arabia,Al Ahsa,,26.2898035,50.1008728,,,,0,,openstreetmap
derby cafe,Saudi Arabia,Al Ahsa,,26.3322661,50.1616558,,,,0,,openstreetmap
كافيه كيان,Saudi Arabia,Al Ahsa,,26.3304104,50.1618237,,,,0,,openstreetmap
بيت الدونات,Saudi Arabia,Al Ahsa,,26.3311142,50.1622554,,,,0,,openstreetmap
OVA speciality coffee,Saudi Arabia,Al Ahsa,,27.1670614,49.5643296,,,,0,,openstreetmap
المحروس,Saudi Arabia,Al Ahsa,,26.5485889,49.9905649,0138531919,,,0,,openstreetmap
roknwarda - ركن وردة,Saudi Arabia,Al Ahsa,شارع اليرموك,26.2904621,50.1889746,+966531555816,https://roknwarda.com/ar/,,0,,openstreetmap
EQUAL,Saudi Arabia,Al Ahsa,طريق الملك فيصل,26.3200245,50.2169472,,,,0,,openstreetmap
مقهى علي حبيب,Saudi Arabia,Al Ahsa,,26.563489,50.0832586,+966535263336,https://instagram.com/alihabibcafe,,0,,openstreetmap
أستاذ الشوارما,Saudi Arabia,Al Ahsa,,26.5579099,50.0745255,+966582619943,,,0,,openstreetmap
محيرس التراثي,Saudi Arabia,Al Ahsa,,25.4480053,49.5819986,,,,0,,openstreetmap
الطاهي,Saudi Arabia,Al Ahsa,,26.5680497,50.0413548,+966138230255,,,0,,openstreetmap
Fabulous Restuarant,Saudi Arabia,Al Ahsa,King Abdullah bin Abdulaziz Road,28.4375155,48.4947575,+966504451114,https://fabulous.menuspages.com/,,0,,openstreetmap
مطعم الساده,Saudi Arabia,Al Ahsa,,26.5750784,50.0522122,0541022203,,,0,,openstreetmap
شاهين,Saudi Arabia,Al Ahsa,,26.5705121,50.0675112,,,,0,,openstreetmap
بوفية كوكب الهدى,Saudi Arabia,Al Ahsa,,26.5706661,50.0673661,,,,0,,openstreetmap
مطعم أسوار الديرة,Saudi Arabia,Al Ahsa,,26.5725295,50.0517616,,,,0,,openstreetmap
مطعم أربعة منارات,Saudi Arabia,Al Ahsa,,26.5735243,50.0519269,,,,0,,openstreetmap
مقهي نغم الليالي,Saudi Arabia,Al Ahsa,طريق الخليج العربي,26.4586771,50.0835167,0504999155,,,0,,openstreetmap
رصه كافيه,Saudi Arabia,Al Ahsa,طريق الملك خالد,26.2165676,50.19282,+966550400271,,,0,,openstreetmap
نوتس كافيه | NOTES,Saudi Arabia,Al Ahsa,طريق الملك عبدالله,25.3276761,49.5494974,+966558765711,,,0,,openstreetmap
Raising Cane's ريزينج كينز,Saudi Arabia,Al Ahsa,"Centro Khaleej-DT, Al Aziziyah, Dammam",26.4621927,50.068561,0138064237,https://raisingcanesme.com/,,0,,openstreetmap
دار الكرم,Saudi Arabia,Al Ahsa,طريق عين نجم,25.3997624,49.5604983,0135991000,https://daralkaramsa.com/har/,,0,,openstreetmap
كيو بارك,Saudi Arabia,Al Ahsa,شارع الأمير طلال بن عبدالعزيز,25.3894398,49.5804564,,https://kyoopark.com/,,0,,openstreetmap
Zooba - زووبا,Saudi Arabia,Al Ahsa,Alkurnaish,26.299675,50.2236694,0569168945,https://www.zoobaeats.com,,0,,openstreetmap
Soma's kitchen,Saudi Arabia,Al Ahsa,,26.2941091,50.1959945,,,,0,,openstreetmap
Baby Tais,Saudi Arabia,Al Ahsa,,26.2947257,50.1968108,,,,0,,openstreetmap
سالدوتش,Saudi Arabia,Al Ahsa,,26.3391097,50.1528293,+966920023030,https://www.saldwich.com,,0,,openstreetmap
بوفية ناطع,Saudi Arabia,Al Ahsa,,25.4501984,49.5936716,,,,0,,openstreetmap
مطاعم المذاق العراقي,Saudi Arabia,Al Ahsa,,25.4497924,49.5936738,,,,0,,openstreetmap
قلوبل كباب,Saudi Arabia,Al Ahsa,,25.4517629,49.5936511,,,,0,,openstreetmap
فولت برجر,Saudi Arabia,Al Ahsa,,25.4522698,49.5936019,,,,0,,openstreetmap
بارنز,Saudi Arabia,Al Ahsa,,27.984111,45.5647383,,,,0,,openstreetmap
البيك,Saudi Arabia,Al Ahsa,طريق الخليج,26.4569627,50.1085234,8002442245,,,0,,openstreetmap
مطعم برنون العراقي,Saudi Arabia,Al Ahsa,طريق الملك فيصل,28.3955128,45.9842589,0509768977,,,0,,openstreetmap
‎اوميو همبرجر,Saudi Arabia,Al Ahsa,Prince Fawaz Street,26.2987682,50.2101512,,,,0,,openstreetmap
ماما نورة,Saudi Arabia,Al Ahsa,Prince Turki Street,26.292037,50.2200647,0138303003,https://linktr.ee/mamanoura,,0,,openstreetmap
مطعم حنيذ الجنوب-طيبة,Saudi Arabia,Al Ahsa,شارع أبو عبيدة عامر بن الجراح حي طيبة,26.359091,50.0437992,0138111936,https://maps.app.goo.gl/ZG6NCwHCyXpmz5bB8,,0,,openstreetmap
براسا دي برازيل,Saudi Arabia,Al Ahsa,طريق الكورنيش,26.2720456,50.2205957,,http://brasadebrasil.com,,0,,openstreetmap
Al Aker Sweets,Saudi Arabia,Al Ahsa,,26.441835,50.1216758,,,,0,,openstreetmap
Al Shallal Pastry,Saudi Arabia,Al Ahsa,,26.4419515,50.1203209,,,,0,,openstreetmap
The Cake House,Saudi Arabia,Al Ahsa,,26.441808,50.1203028,,,,0,,openstreetmap
Goori,Saudi Arabia,Al Ahsa,,25.4123998,49.6927423,,,,0,,openstreetmap
Daca Cafe Shop,Saudi Arabia,Al Ahsa,,25.4118145,49.6928985,,,,0,,openstreetmap
Dunkin,Saudi Arabia,Al Ahsa,,26.4689281,49.795787,,,,0,,openstreetmap
Belad Al Sham,Saudi Arabia,Al Ahsa,22nd Street,26.296971,50.215986,0138952614,,,0,,openstreetmap
Urth Caffe,Saudi Arabia,Al Ahsa,,26.3287063,50.1819723,+966920007498,https://www.urthcaffe.sa/welcome/index,,0,,openstreetmap
Crazy Pizza,Saudi Arabia,Al Ahsa,,26.3285375,50.1819822,+966920011916,https://crazypizza.com/al-khobar/,,0,,openstreetmap
San Carlo Cicchetti,Saudi Arabia,Al Ahsa,,26.3173105,50.2039522,+966920004789,https://www.sancarlocicchetti.sa,,0,,openstreetmap
Lal Qila Restaurant,Saudi Arabia,Al Ahsa,,26.3640148,50.2014617,,,,0,,openstreetmap
كيوسان كافيه Qsan cafe,Saudi Arabia,Al Ahsa,King Abdullah bin Abdulaziz Street,26.7078819,50.0558979,+966550078400,,,0,,openstreetmap
كوفة,Saudi Arabia,Al Ahsa,,25.3635302,49.5666736,,,,0,,openstreetmap
مطعم الجبل,Saudi Arabia,Al Ahsa,,26.3065079,50.1446343,,,,0,,openstreetmap
مكبوس اكسبرس,Saudi Arabia,Al Ahsa,,26.3142717,50.1481005,,,,0,,openstreetmap
شاورما وبروستد,Saudi Arabia,Al Ahsa,,26.3142317,50.1481539,,,,0,,openstreetmap
شعبيات الفخامة,Saudi Arabia,Al Ahsa,,26.3141757,50.148189,+966538584847,,,0,,openstreetmap
الخليج المتجدد,Saudi Arabia,Al Ahsa,,26.3140535,50.1481797,,,,0,,openstreetmap
مشويات فلامينجو,Saudi Arabia,Al Ahsa,,26.3140053,50.1481353,,,,0,,openstreetmap
منؤشة الريف,Saudi Arabia,Al Ahsa,,26.3139679,50.1480665,+966506322271,,,0,,openstreetmap
كايسيكي سوشي ونودلز,Saudi Arabia,Al Ahsa,21 Street,26.2960073,50.2181768,0548668890,https://kaiseki.restaurant/,,0,,openstreetmap
Oak chicken اوك تشكن,Saudi Arabia,Al Ahsa,,25.4288953,49.5971985,+966591100910,,,0,,openstreetmap
لقمة زاد,Saudi Arabia,Al Ahsa,,26.3143284,50.1477853,,,,0,,openstreetmap
مطعم سفود,Saudi Arabia,Al Ahsa,,25.3924572,49.5893751,+966560353119,https://okmenuqr.com/828253,,0,,openstreetmap
كافتيريا 59,Saudi Arabia,Al Ahsa,,26.3081089,50.1448582,,,,0,,openstreetmap
قلعة عمان Amman castle,Saudi Arabia,Al Ahsa,,26.4402424,50.124712,,,,0,,openstreetmap
Grillo Max,Saudi Arabia,Al Ahsa,,27.4952758,49.1155133,,,,0,,openstreetmap
Manoosha Alreef,Saudi Arabia,Al Ahsa,شارع الملك خالد,26.2887121,50.2148833,+9660138672717,,,0,,openstreetmap
Seafood,Saudi Arabia,Al Ahsa,,26.3633115,50.0709444,,,,0,,openstreetmap
Bursa İskenderun evi,Saudi Arabia,Al Ahsa,,26.4010029,50.1165833,,,,0,,openstreetmap
Meat & Rice,Saudi Arabia,Al Ahsa,,26.4552774,50.1134748,,,,0,,openstreetmap
مثث الضيافة,Saudi Arabia,Al Ahsa,,22.6833555,53.345511,,,,0,,openstreetmap
سحاب,Saudi Arabia,Al Ahsa,,22.6829204,53.3448088,,,,0,,openstreetmap
كافيكا,Saudi Arabia,Al Ahsa,,24.1451754,51.5639291,,,,0,,openstreetmap
S58 Coffee,Saudi Arabia,Al Ahsa,,24.7684931,50.7494023,,,,0,,openstreetmap
رومانسي الشرقية,Saudi Arabia,Al Ahsa,,24.7654556,50.7450414,,,,0,,openstreetmap
طعم الشاي,Saudi Arabia,Al Ahsa,,24.7651334,50.7455201,,,,0,,openstreetmap
كيان,Saudi Arabia,Al Ahsa,,24.765398,50.7455996,,,,0,,openstreetmap
وقت الكفية,Saudi Arabia,Al Ahsa,,24.9299903,50.3825708,,,,0,,openstreetmap
نارنز,Saudi Arabia,Al Ahsa,,24.7680743,50.7458691,,,,0,,openstreetmap
سينابن,Saudi Arabia,Al Ahsa,,25.3445074,49.5893676,,,,0,,openstreetmap
أسمان طازة,Saudi Arabia,Al Ahsa,,25.3439955,49.5891522,,,,0,,openstreetmap
دونر باشا,Saudi Arabia,Al Ahsa,,25.352317,49.591445,,,,0,,openstreetmap
Timrat,Saudi Arabia,Al Ahsa,,25.3434999,49.6134222,,,,0,,openstreetmap
سرجنار,Saudi Arabia,Al Ahsa,,25.3406012,49.6198195,,,,0,,openstreetmap
رانكن,Saudi Arabia,Al Ahsa,,25.3533182,49.5919571,,,,0,,openstreetmap
كريزي تشيكن,Saudi Arabia,Al Ahsa,,25.3445708,49.5859896,+966590187496,,,0,,openstreetmap
Al Keet Seafood Restaurant,Saudi Arabia,Al Ahsa,,25.3445604,49.586459,,,,0,,openstreetmap
Task Burger,Saudi Arabia,Al Ahsa,,25.3506631,49.5796122,,,,0,,openstreetmap
رانسي,Saudi Arabia,Al Ahsa,,25.3441246,49.5862922,+966591550220,,,0,,openstreetmap
اوكاشي,Saudi Arabia,Al Ahsa,,25.3473203,49.5903326,,,,0,,openstreetmap
هارديز,Saudi Arabia,Al Ahsa,,25.3480326,49.5904374,,,,0,,openstreetmap
مازة,Saudi Arabia,Al Ahsa,,25.3484831,49.5905583,,https://www.mazaarabia.com,,0,,openstreetmap
بابا جونز,Saudi Arabia,Al Ahsa,,25.3478063,49.5903954,,,,0,,openstreetmap
مصر الفيتامين,Saudi Arabia,Al Ahsa,,25.3478842,49.5904093,+966541080304,,,0,,openstreetmap
دومينوز,Saudi Arabia,Al Ahsa,,25.3445074,49.5894242,,,,0,,openstreetmap
Mao,Saudi Arabia,Al Ahsa,,25.3327404,49.5953822,,,,0,,openstreetmap
Daily Cup,Saudi Arabia,Al Ahsa,,25.3339316,49.5948571,,,,0,,openstreetmap
Greasy Fingers,Saudi Arabia,Al Ahsa,,25.3407868,49.585926,,,,0,,openstreetmap
كبدة,Saudi Arabia,Al Ahsa,,25.3382677,49.5871628,,,,0,,openstreetmap
Buffalo Burger,Saudi Arabia,Al Ahsa,,25.3414121,49.5865057,,,,0,,openstreetmap
مستر ليمون,Saudi Arabia,Al Ahsa,,25.3413506,49.5863544,,,,0,,openstreetmap
فطاىٔر الخالدية المعجننات,Saudi Arabia,Al Ahsa,,25.3414539,49.5876595,,,,0,,openstreetmap
وقت العصير,Saudi Arabia,Al Ahsa,,25.3528088,49.5916014,,,,0,,openstreetmap
جونيه,Saudi Arabia,Al Ahsa,,25.3545924,49.5968261,,,,0,,openstreetmap
برغرايززر,Saudi Arabia,Al Ahsa,,25.3526469,49.5915429,,,,0,,openstreetmap
Simplicity,Saudi Arabia,Al Ahsa,,25.3524012,49.5914818,,,,0,,openstreetmap
بهارات,Saudi Arabia,Al Ahsa,,25.3539798,49.5996163,,,,0,,openstreetmap
Ratio Express,Saudi Arabia,Al Ahsa,,25.3513636,49.6059048,,,,0,,openstreetmap
Mozzaro,Saudi Arabia,Al Ahsa,,25.3511597,49.6062155,,,,0,,openstreetmap
4,Saudi Arabia,Al Ahsa,,25.348181,49.6090569,,,,0,,openstreetmap
ساندوتش فقير,Saudi Arabia,Al Ahsa,,25.3478969,49.608714,,,,0,,openstreetmap
Station,Saudi Arabia,Al Ahsa,,25.3510201,49.606514,,,,0,,openstreetmap
واكاواكا,Saudi Arabia,Al Ahsa,,25.3547704,49.5977946,,,,0,,openstreetmap
Ove,Saudi Arabia,Al Ahsa,,25.3528995,49.6039588,,,,0,,openstreetmap
Ouda,Saudi Arabia,Al Ahsa,,25.3528053,49.6040815,,,,0,,openstreetmap
Oven Bakery & Coffee,Saudi Arabia,Al Ahsa,,25.3548154,49.5980371,,,,0,,openstreetmap
Liio,Saudi Arabia,Al Ahsa,,25.3928201,49.5610802,,,,0,,openstreetmap
مطعم مثلث حرض,Saudi Arabia,Al Ahsa,,24.2143337,49.0941885,,,,0,,openstreetmap
وحي,Saudi Arabia,Al Ahsa,,26.7057095,50.052051,,,,0,,openstreetmap
كافتيريا رغيف,Saudi Arabia,Al Ahsa,,26.9285936,49.7035447,+966531899407,,,0,,openstreetmap
1981 Coffee & roastry,Saudi Arabia,Al Ahsa,,26.584072,50.0508988,,,,0,,openstreetmap
Lungo,Saudi Arabia,Al Ahsa,,26.7057938,50.0528742,,,,0,,openstreetmap
مانتو روز,Saudi Arabia,Al Ahsa,,26.7056785,50.0515248,,,,0,,openstreetmap
فيكا,Saudi Arabia,Al Ahsa,,26.7054668,50.0510126,,,,0,,openstreetmap
شاورما وبس,Saudi Arabia,Al Ahsa,King Abdullah bin Abdulaziz Street,26.705128,50.0490727,,,,0,,openstreetmap
Sprint,Saudi Arabia,Al Ahsa,King Abdullah bin Abdulaziz Street,26.7057173,50.0505633,,,,0,,openstreetmap
Healthy Day,Saudi Arabia,Al Ahsa,,26.7054501,50.051877,,,,0,,openstreetmap
تخمه,Saudi Arabia,Al Ahsa,,26.7054974,50.0519993,,,,0,,openstreetmap
لين بروتين,Saudi Arabia,Al Ahsa,,26.7055324,50.0520828,,,,0,,openstreetmap
سيخ مجمر,Saudi Arabia,Al Ahsa,,26.7058971,50.0528272,,,,0,,openstreetmap
واحد مانجو,Saudi Arabia,Al Ahsa,,26.7060855,50.0525174,,,,0,,openstreetmap
مدوّر,Saudi Arabia,Al Ahsa,,26.7061028,50.0525747,,,,0,,openstreetmap
مهيلة المطاليق,Saudi Arabia,Al Ahsa,,26.7043592,50.0483192,,,,0,,openstreetmap
عنقاء الشاي,Saudi Arabia,Al Ahsa,King Abdullah bin Abdulaziz Street,26.704219,50.0479396,,,,0,,openstreetmap
مطعم برياني الشيف,Saudi Arabia,Al Ahsa,King Abdullah bin Abdulaziz Street,26.7043147,50.048204,,,,0,,openstreetmap
Arabian Damascus Gardens,Saudi Arabia,Al Ahsa,,26.2893339,50.2131303,,,,0,,openstreetmap
B laban,Saudi Arabia,Al Ahsa,شارع الأمير تركي,26.3046367,50.2232978,+966547229250,https://blaban.net/,,0,,openstreetmap
مطعم السور العظيم,Saudi Arabia,Al Ahsa,,26.7061788,50.0724246,,,,0,,openstreetmap
محناذ,Saudi Arabia,Al Ahsa,,26.7059226,50.0718264,,,,0,,openstreetmap
بنه للقهوة المختصة,Saudi Arabia,Al Ahsa,,26.7058468,50.0716539,,,,0,,openstreetmap
مطعم وهله لتقديم الوجبات,Saudi Arabia,Al Ahsa,,26.7057824,50.0715159,,,,0,,openstreetmap
عصائر حديقة التوت,Saudi Arabia,Al Ahsa,,26.7079426,50.0560076,,,,0,,openstreetmap
بوفية عريكة تاليا,Saudi Arabia,Al Ahsa,,26.7079665,50.0560805,,,,0,,openstreetmap
مربط شياهين النقيرة,Saudi Arabia,Al Ahsa,,27.8683956,48.2607768,,,,0,,openstreetmap
Durrat Al Bukhari Restaurant,Saudi Arabia,Al Ahsa,,26.959638,49.6656083,,,,0,,openstreetmap
مطعم الصدفة,Saudi Arabia,Al Ahsa,,26.5390132,49.9869248,,,,0,,openstreetmap
EPCC Mess Hall,Saudi Arabia,Al Ahsa,,27.1796481,49.1365768,,,,0,,openstreetmap
مطعم الطلاب,Saudi Arabia,Al Ahsa,,25.3387929,49.597649,,,,0,,openstreetmap
ارمين,Saudi Arabia,Al Ahsa,,26.2929455,50.2228558,,https://arminksa.com/,,0,,openstreetmap
Copper Chadni Indian Restaurant,Saudi Arabia,Al Ahsa,,26.2840715,50.2203138,,,,0,,openstreetmap
مركز الدانة الحديث للولائم والحفلات,Saudi Arabia,Al Ahsa,,26.3373099,50.1463649,,,,0,,openstreetmap
Al Ennabi Grill,Saudi Arabia,Al Ahsa,19th Street,26.2952721,50.214831,+966920006396,https://www.ennabigrill.com/,,0,,openstreetmap
Shrimpy,Saudi Arabia,Al Ahsa,Prince Turki Street,26.2837429,50.2184537,,,,0,,openstreetmap
Happy Land Broasted,Saudi Arabia,Al Ahsa,King Khalid Street,26.293164,50.214953,,,,0,,openstreetmap
Al-Waha Dining Hall B740,Saudi Arabia,Al Ahsa,Uthmaniyah Street,25.1404126,49.3037743,,,,0,,openstreetmap
Oh Ya Mal Restaurant,Saudi Arabia,Al Ahsa,,26.3729235,50.20098,,,,0,,openstreetmap
Jebel court yard,Saudi Arabia,Al Ahsa,14th Street,25.1419861,49.2970201,,,,0,,openstreetmap
مطاعم ومطابخ القرى الشرقية,Saudi Arabia,Al Ahsa,,25.4166552,49.6656098,,,,0,,openstreetmap
M2 Restaurant 1,Saudi Arabia,Al Ahsa,,26.3975419,50.1903937,,,,0,,openstreetmap
مطعم التنور,Saudi Arabia,Al Ahsa,,26.5658597,50.0025168,+966138511141,,,0,,openstreetmap
عيش و سمك,Saudi Arabia,Al Ahsa,,26.5411002,50.0236199,+966138630044,,,0,,openstreetmap
Scene Cafe and Lounge,Saudi Arabia,Al Ahsa,,26.3026449,50.2219391,,,,0,,openstreetmap
Aioli Lounge - restaurent,Saudi Arabia,Al Ahsa,Corniche Rd,26.2730977,50.2208737,+966138815800,http://www.aiolilounge.com/,,0,,openstreetmap
مقهى السيف,Saudi Arabia,Al Ahsa,,26.2036153,50.0301166,,,,0,,openstreetmap
مطعم مندي الريف,Saudi Arabia,Al Ahsa,,25.4271623,49.6620957,,,,0,,openstreetmap
كافيتريا جامعة محمد بن فهد,Saudi Arabia,Al Ahsa,,26.1462788,50.0914539,,,,0,,openstreetmap
أجدان ووك,Saudi Arabia,Al Ahsa,Prince Turki Street,26.2828998,50.2209984,,,,0,,openstreetmap
La Fonda,Saudi Arabia,Al Ahsa,,26.2980379,50.224195,,,,0,,openstreetmap
Eat'sy Restaurant,Saudi Arabia,Al Ahsa,,26.3023991,50.1219487,+966509636888,,,0,,openstreetmap
مقهى سُلاف,Saudi Arabia,Al Ahsa,Prince Sultan Road,26.3374376,50.2017572,,https://www.instagram.com/soulaf_coffee/?hl=en,,0,,openstreetmap
Morn,Saudi Arabia,Al Ahsa,Prince Humud Street,26.2870475,50.197975,,,,0,,openstreetmap
مطعم القلعة,Saudi Arabia,Al Ahsa,,26.5721561,50.0800952,+966138235222,,,0,,openstreetmap
مطعم وادي السلام,Saudi Arabia,Al Ahsa,,26.5617136,50.0048312,,,,0,,openstreetmap
المضياف,Saudi Arabia,Al Ahsa,,26.5643187,50.0358548,+966920010800,,,0,,openstreetmap
كاسبن,Saudi Arabia,Al Ahsa,,26.3211332,50.0222425,,,,0,,openstreetmap
Sunshine Restaurant,Saudi Arabia,Al Ahsa,18th Street,26.2949034,50.2109253,,,,0,,openstreetmap
Memon Biryani,Saudi Arabia,Al Ahsa,18th Street,26.2951916,50.2120038,,,,0,,openstreetmap
White Mountain,Saudi Arabia,Al Ahsa,Prince Turki Street,26.3228272,50.2183851,,,,0,,openstreetmap
Chicken Tikka,Saudi Arabia,Al Ahsa,Dhahran Road,26.2834452,50.1971652,,,,0,,openstreetmap
فيلوسي.فيلوسي,Saudi Arabia,Al Ahsa,Prince Humud Street,26.3008027,50.2007749,,,,0,,openstreetmap
Hills Snack Bar,Saudi Arabia,Al Ahsa,,26.2910517,50.1058325,,,,0,,openstreetmap
فلفله,Saudi Arabia,Al Ahsa,20th Street,26.2694672,50.1894396,0138980909,,,0,,openstreetmap
مطعم البانوش,Saudi Arabia,Al Ahsa,طريق الملك فهد بن عبد العزيز,26.2918207,50.2069564,0138948377,,,0,,openstreetmap
الطازج,Saudi Arabia,Al Ahsa,,26.4007002,50.1144782,,,,0,,openstreetmap
POSITIVE Breakfast & Salad,Saudi Arabia,Al Ahsa,Al Khaleej Road,26.4630857,50.0629172,+966571740114,,,0,,openstreetmap
مقهى ثقافات,Saudi Arabia,Al Ahsa,شارع حمزة بن عبد المطلب,26.5672187,50.0439719,,,,0,,openstreetmap
U-Pick,Saudi Arabia,Al Ahsa,شارع أحد,26.569668,50.0143597,,,,0,,openstreetmap
Mountain Coffee Roasters,Saudi Arabia,Al Ahsa,,26.5785276,50.0261441,,,,0,,openstreetmap
مطعم المضياف,Saudi Arabia,Al Ahsa,شارع أحد,26.5721142,50.0786888,+966920010800,,,0,,openstreetmap
مطعم وادى ميسان,Saudi Arabia,Al Ahsa,Uhud Rd,26.5686801,50.0083182,+966541092567,,,0,,openstreetmap
قهوة الغراب,Saudi Arabia,Al Ahsa,شارع الملك عبد العزيز,26.5563649,50.0045432,,,,0,,openstreetmap
Cafe 01,Saudi Arabia,Al Ahsa,,26.9872347,49.6541071,,,,0,,openstreetmap
شاورمر,Saudi Arabia,Al Ahsa,,26.7045598,50.0540953,,,,0,,openstreetmap
DaMichele,Saudi Arabia,Al Ahsa,,26.3052566,50.1286961,,,,0,,openstreetmap
مطاعم مندي رأس تنورة لتقديم الوجبات,Saudi Arabia,Al Ahsa,,26.7028956,50.0658617,,,,0,,openstreetmap
Kudu,Saudi Arabia,Arar,,30.985904,41.0263413,,,,0,,openstreetmap
مجموعة مطاعم ٢٤ ساعة,Saudi Arabia,Arar,,30.953692,41.0365237,,,,0,,openstreetmap
مجموعة وجبات سريعة ٢٤ ساعة,Saudi Arabia,Arar,,30.9546182,41.0354807,,,,0,,openstreetmap
4Cs,Saudi Arabia,Arar,,30.9557917,41.0047798,,,,0,,openstreetmap
Burganic restaurant,Saudi Arabia,Arar,,30.9557702,41.0046404,,,,0,,openstreetmap
مطعم بخاري,Saudi Arabia,Arar,,31.2805,40.1008,,,,0,,openstreetmap
كانتون,Saudi Arabia,Arar,,30.9669447,41.0241644,+966920000129,https://canton-express.com,,0,,openstreetmap
Kudu,Saudi Arabia,Hail,,27.5233263,41.6986622,,,,0,,openstreetmap
هرفي,Saudi Arabia,Hail,حي الخزامى ، شارع بيروت,27.5735353,41.7314741,,,,0,,openstreetmap
مطعم ومطبخ بيت الكبسات,Saudi Arabia,Hail,حائل،حي الخزامى،شارع بيروت,27.5692437,41.7301914,,,,0,,openstreetmap
مطعم لذايذ,Saudi Arabia,Hail,شارع بيروت,27.5688888,41.7302819,0165665500,,,0,,openstreetmap
Subway,Saudi Arabia,Hail,,27.4936534,41.6986349,,https://www.subway.com/,,0,,openstreetmap
ماكدونالدز,Saudi Arabia,Hail,,27.4443786,41.721534,,,,0,,openstreetmap
محمصة مزاجي حائل المختصة,Saudi Arabia,Hail,Ad Dammam Street,27.5149902,41.6882464,,,,0,,openstreetmap
بن طواله,Saudi Arabia,Hail,شارع الامير محمد بن علي,27.5060837,41.6784965,,,,0,,openstreetmap
مطعم الديرة,Saudi Arabia,Hail,,27.8432079,41.7250707,,,,0,,openstreetmap
البن كافيه,Saudi Arabia,Hail,,26.7893,41.6747,,,,0,,openstreetmap
مطعم النجاح,Saudi Arabia,Hail,,26.797,41.6777,,,,0,,openstreetmap
مطعم بخاري,Saudi Arabia,Hail,,27.9937,41.7318,,,,0,,openstreetmap
مطعم الشام,Saudi Arabia,Hail,,27.9973,41.7314,,,,0,,openstreetmap
مطعم الريان,Saudi Arabia,Hail,,27.8504668,41.7244954,,,,0,,openstreetmap
مطعم العائلة,Saudi Arabia,Hail,,27.8491,41.7246,,,,0,,openstreetmap
Best crepe,Saudi Arabia,Hail,,27.8477,41.7247,,,,0,,openstreetmap
كوفي شوب لوشس,Saudi Arabia,Hail,,27.8351,41.7246,,,,0,,openstreetmap
مطعم الربيع,Saudi Arabia,Hail,,28.0291,40.9519,,,,0,,openstreetmap
مقهى يمام Yamam,Saudi Arabia,Hail,,27.5477842,41.6682509,,https://www.instagram.com/yamam.coffee/,,0,,openstreetmap
Tulip Cafe| مقهى توليب,Saudi Arabia,Hail,النقرة، حائل,27.474868,41.6672104,,https://www.instagram.com/tulipcafe_sa/,,0,,openstreetmap
ساكورا 1,Saudi Arabia,Hail,,27.5544696,41.7210601,,,,0,,openstreetmap
B & P,Saudi Arabia,Hail,طريق الملك فهد بن عبد العزيز,27.5187664,41.6579985,+966542016624,https://bandpcafe.com/,,0,,openstreetmap
Chkn,Saudi Arabia,Hail,,27.5236502,41.6710714,+966551066944,https://order.chkn.sa/menu,,0,,openstreetmap
The Hub,Saudi Arabia,Hail,,27.5141616,41.6328728,+966550269179,https://3bees.sa,,0,,openstreetmap
Ulb,Saudi Arabia,Hail,,27.5235719,41.6708368,+966506812579,https://order.ulb.sa/menu,,0,,openstreetmap
Al-Tarani,Saudi Arabia,Hail,,27.521829,41.6954815,,,,0,,openstreetmap
كانتون,Saudi Arabia,Hail,,27.5545177,41.6812089,+966920000129,https://canton-express.com,,0,,openstreetmap
Crops Hatem View,Saudi Arabia,Hail,,27.5219789,41.7272478,,,,0,,openstreetmap
TERMIS,Saudi Arabia,Hail,,27.5174162,41.6603381,,,,0,,openstreetmap
PEACOCK Roaste & Cafe,Saudi Arabia,Hail,Hisn Al Qabel,27.5684603,41.680945,+966548521575,https://peacockroaster.com/?fbclid=PAZXh0bgNhZW0CMTEAAabbcCl0Cye-9l94sK82QAHmHOgHbdrEdFkUAOAZpkzERBOWVYTI-XCL5pY_aem_pD4I2xHblFPpI4awRLbq5A,,0,,openstreetmap
ماكدونالدز,Saudi Arabia,Jazan,طريق الأمير سلطان,16.9603114,42.820373,,,,0,,openstreetmap
كودو,Saudi Arabia,Jazan,,16.9024543,42.554021,,,,0,,openstreetmap
Pizzana بيتزانا,Saudi Arabia,Jazan,,17.7269134,42.2363448,,,,0,,openstreetmap
مطعم جنان النخيل,Saudi Arabia,Jazan,,16.9459887,42.5659334,,,,0,,openstreetmap
"Al Balad, traditional local food",Saudi Arabia,Jazan,,16.8977173,42.5490744,,,,0,,openstreetmap
قاعة الريف للاحتفالات,Saudi Arabia,Jazan,طريق العيدابي,17.2265412,43.0169783,,,,0,,openstreetmap
مطعم الزيتون,Saudi Arabia,Jazan,,17.1110405,42.6551285,,,,0,,openstreetmap
بروست المروانية,Saudi Arabia,Jazan,,17.1111217,42.6551413,,,,0,,openstreetmap
الفطائر التركية,Saudi Arabia,Jazan,,17.1111794,42.6551422,,,,0,,openstreetmap
مطعم ومطبخ سبأ,Saudi Arabia,Jazan,,17.1156499,42.6554549,,,,0,,openstreetmap
جسر اسطنبول,Saudi Arabia,Jazan,,17.1607358,42.6368638,,,,0,,openstreetmap
مطعم حاشي باشا,Saudi Arabia,Jazan,,17.1606686,42.6358332,,,,0,,openstreetmap
ديوانية تراث الديرة,Saudi Arabia,Jazan,,16.9234364,42.5553235,,,,0,,openstreetmap
جوهرة الداير,Saudi Arabia,Jazan,طريق الحشر وادي عمود عسير,17.3552394,43.1314283,966558418944,https://www.instagram.com/jawharat_addayer/,,0,,openstreetmap
المطعم السوداني,Saudi Arabia,Jazan,طريق الحشر وادي عمود عسير,17.3517652,43.133909,,,,0,,openstreetmap
بلاك فليڤر,Saudi Arabia,Jazan,King Abdullah Road,16.9757888,42.6984035,,,,0,,openstreetmap
افكادو باسكن,Saudi Arabia,Jazan,,16.929567,42.5551984,,,,0,,openstreetmap
ميلا كافيه,Saudi Arabia,Jazan,طريق العام الداير بني مالك,17.3415322,43.1419008,,,,0,,openstreetmap
اساطير البن,Saudi Arabia,Jazan,الرئيسي,17.2340825,42.9437522,,https://espresso-bar-784.business.site/,,0,,openstreetmap
ارتياد كوفي,Saudi Arabia,Jazan,طريق الحبيل,17.3349074,43.140047,,,,0,,openstreetmap
مقهى الذهبي,Saudi Arabia,Jazan,طرق الغادي,17.3236113,43.1473816,,,,0,,openstreetmap
مطعم العميد,Saudi Arabia,Jazan,طريق الجوة فيفاء,17.3313985,43.1339032,,,,0,,openstreetmap
حبة ونص,Saudi Arabia,Jazan,,17.3748837,42.521541,,,,0,,openstreetmap
ايتي برسينت كافيه Coffee 80%,Saudi Arabia,Jazan,مستشفى صبيا العام,17.1523874,42.6472563,+966551179399,https://solo.to/coffee80.sa,,0,,openstreetmap
80% ايتي بيرسنت كافية,Saudi Arabia,Jazan,طريق الملك عبدالعزيز,17.0870902,42.646615,0551179399,https://foursquare.com/v/80-%D8%A7%D9%8A%D8%AA%D9%8A-%D8%A8%D9%8A%D8%B1%D8%B3%D9%86%D8%AA-%D9%83%D8%A7%D9%81%D9%8A%D8%A9/62a94c396b5b7c77757e9765,,0,,openstreetmap
مطعم ينابيع المحيط,Saudi Arabia,Jazan,,16.9767372,42.8269254,,,,0,,openstreetmap
اوشكن o'chikn,Saudi Arabia,Jazan,,16.9289713,42.5497707,,,,0,,openstreetmap
دانكن دونتس,Saudi Arabia,Jazan,,16.9596318,42.8174053,,,,0,,openstreetmap
هرفي,Saudi Arabia,Jazan,,16.9571492,42.811728,,,,0,,openstreetmap
مطعم هيكوري لحوم مدخنة وأكثر,Saudi Arabia,Jazan,,16.9591823,42.8158081,,,,0,,openstreetmap
قوت قهوة مختصة | GOAT Specialty coffee,Saudi Arabia,Jazan,شارع الأمير سلطان,16.8812971,42.5658403,+966509236300,,,0,,openstreetmap
بارنز,Saudi Arabia,Jazan,الأمير سلطان,16.9585271,42.8158631,,https://barns.com.sa/ar,,0,,openstreetmap
زونا,Saudi Arabia,Jazan,,16.9583541,42.8154214,,,,0,,openstreetmap
ليتل سيزر,Saudi Arabia,Jazan,,16.9584951,42.8161681,,https://littlecaesarsksa.com,,0,,openstreetmap
مايسترو,Saudi Arabia,Jazan,,16.960118,42.8199553,,https://maestropizza.com/menu,,0,,openstreetmap
بوفية الشروق,Saudi Arabia,Jazan,,16.9726741,42.8263943,,,,0,,openstreetmap
جرعة احساس,Saudi Arabia,Jazan,,16.9727152,42.8266046,,,,0,,openstreetmap
مشويات شيش‭,Saudi Arabia,Jazan,,16.9726967,42.8265242,,,,0,,openstreetmap
شاورما عريب,Saudi Arabia,Jazan,,16.9589978,42.8178996,,,,0,,openstreetmap
الجمار,Saudi Arabia,Jazan,,16.9633951,42.8177226,,,,0,,openstreetmap
خبزات | 5obzat,Saudi Arabia,Jazan,الكورنيش,16.9069264,42.5487954,+966500647979,,,0,,openstreetmap
الريشة الذهبية,Saudi Arabia,Jazan,,17.3572594,43.1304182,966552884559,,,0,,openstreetmap
مندي جورا,Saudi Arabia,Jazan,طريق الحشر وادي عمود عسير,17.3571544,43.1304904,966500043364,,,0,,openstreetmap
جارة الغيم,Saudi Arabia,Jazan,طريق الامير نايف,17.2604271,43.1061796,966536577666,https://www.google.com.sa/travel/hotels/entity/ChkIv5jytpiD26ITGg0vZy8xMWtqM3d3bTU4EAE?utm_campaign=sharing&utm_medium=link&utm_source=htls&ved=0CAAQ5JsGahcKEwigxcbvz-SGAxUAAAAAHQAAAAAQBg&ts=CAEaIAoCGgASGhIUCgcI6A8QBhgaEgcI6A8QBhgbGAEyAhAAKgQKABoA,,0,,openstreetmap
ايتي بيرسنت | 80% coffee,Saudi Arabia,Jazan,الكورنيش,16.9026103,42.5465663,0538840031,https://solo.to/coffee80.sa,,0,,openstreetmap
براتو,Saudi Arabia,Jazan,,17.0107206,43.0020212,,,,0,,openstreetmap
شواء محلي,Saudi Arabia,Jazan,,16.9712283,42.8096223,,,,0,,openstreetmap
فوال روابي الطائف,Saudi Arabia,Jazan,,16.971374,42.8096352,0550344654,,,0,,openstreetmap
مقهى قطفة تشرين,Saudi Arabia,Jazan,,16.973102,42.810309,,,,0,,openstreetmap
استكانة شاي,Saudi Arabia,Jazan,,16.9783025,42.8104635,,,,0,,openstreetmap
نمير كافيه,Saudi Arabia,Jazan,,16.9787314,42.8109699,,,,0,,openstreetmap
مطعم مكاشن البيت,Saudi Arabia,Jazan,,16.9789613,42.8108862,,,,0,,openstreetmap
مطعم هوت ميل,Saudi Arabia,Jazan,,16.9789613,42.8102339,,,,0,,openstreetmap
ليالي القهوة,Saudi Arabia,Jazan,,16.9807016,42.8103777,,,,0,,openstreetmap
يورك كافيه,Saudi Arabia,Jazan,,16.9810792,42.8096953,,,,0,,openstreetmap
ديوانية الجبل الأسود,Saudi Arabia,Jazan,,17.5616301,42.8872494,,,,0,,openstreetmap
Gala,Saudi Arabia,Jazan,,16.8481588,42.5925171,,,,0,,openstreetmap
مفراز,Saudi Arabia,Jazan,الشارع العام,17.3345447,43.1324373,+966501533381,,,0,,openstreetmap
VAN Roastery & Cafe - محمصة وكوفي ڤِن,Saudi Arabia,Jazan,الكورنيش,16.9301973,42.5513008,+966500373343,https://van.sa/,,0,,openstreetmap
Mashrabiya coffee,Saudi Arabia,Jazan,شارع الأمير سلطان,16.90633,42.5522116,+966509242268,https://www.instagram.com/elmashrabiya.sa?igsh=MWF2MWkzM3djbGNvbw==,,0,,openstreetmap
Tahina,Saudi Arabia,Jazan,,16.6011863,42.9392431,+966530904050,https://linktr.ee/tahina.sa,,0,,openstreetmap
كوينكز - حنين هادي,Saudi Arabia,Jazan,طريق الملك عبدالعزيز,17.3797941,42.5459088,,,,0,,openstreetmap
مقهى قنيف,Saudi Arabia,Jazan,طريق حراز,17.3106702,43.1521292,,,,0,,openstreetmap
ستاربكس,Saudi Arabia,Jazan,,17.163947,42.6461518,,,,0,,openstreetmap
الشيف أحمد,Saudi Arabia,Jazan,,16.9102923,42.5480117,,,,0,,openstreetmap
مظلتي,Saudi Arabia,Jazan,طريق الحصيمة,17.3423918,43.1341807,,,,0,,openstreetmap
فيلا محمد بن عباس علاقي,Saudi Arabia,Jazan,المحمدية 1 2,16.937569,42.5526584,+966501444741,https://maps.app.goo.gl/3gKVRtvLhV2ZcYzCA?g_st=iw,,0,,openstreetmap
البيك,Saudi Arabia,Jazan,,16.9219318,42.5479586,,,,0,,openstreetmap
مطعم ليالي الشام,Saudi Arabia,Jazan,Kinf Fahad Road,17.1598416,42.6300485,+966546663720,,,0,,openstreetmap
سلو,Saudi Arabia,Jazan,,16.95877,42.815327,,,,0,,openstreetmap
عزايم نجد,Saudi Arabia,Jazan,,16.9497973,42.7963204,,,,0,,openstreetmap
كيان,Saudi Arabia,Jazan,,16.9501568,42.7964648,,,,0,,openstreetmap
اوشن كافيه,Saudi Arabia,Jazan,,16.950232,42.7966357,,,,0,,openstreetmap
البيك,Saudi Arabia,Mecca,,21.4494058,39.8643123,,,,0,,openstreetmap
مطعم بخاري,Saudi Arabia,Mecca,,21.3520484,39.8287582,,,,0,,openstreetmap
Firdaus,Saudi Arabia,Mecca,,21.389754,39.876072,,,,0,,openstreetmap
مطعم ماكدونالد,Saudi Arabia,Mecca,شارع العزيزية,21.4124032,39.8644146,,,,0,,openstreetmap
مطبخ الباني,Saudi Arabia,Mecca,,21.3973111,39.7869396,,,,0,,openstreetmap
شاورما جحا,Saudi Arabia,Mecca,,21.3961449,39.8685721,,,,0,,openstreetmap
مطبق السندي,Saudi Arabia,Mecca,,21.4390665,39.8336268,,,,0,,openstreetmap
كودو,Saudi Arabia,Mecca,,21.3810641,39.7879547,,,,0,,openstreetmap
Kudu,Saudi Arabia,Mecca,,21.4451978,39.8609111,,,,0,,openstreetmap
Starbucks,Saudi Arabia,Mecca,,21.4446361,39.8604258,,,,0,,openstreetmap
Kudu كودو,Saudi Arabia,Mecca,الطريق الدائري الثالث,21.3982712,39.7890497,,,,0,,openstreetmap
بيتزا هت,Saudi Arabia,Mecca,,21.4243736,39.7938398,,,,0,,openstreetmap
تقاطيع وشربة ابو فيصل,Saudi Arabia,Mecca,,21.3941449,39.7975411,,,,0,,openstreetmap
مطعم الجامعة,Saudi Arabia,Mecca,جامعة أم القرى,21.3311035,39.9475568,,,,0,,openstreetmap
مطعم أفندم,Saudi Arabia,Mecca,Al Hujun Street,21.4401718,39.8014399,+966125456664,,,0,,openstreetmap
كباب,Saudi Arabia,Mecca,,21.4376896,39.7937049,,,,0,,openstreetmap
المذاق التركي,Saudi Arabia,Mecca,,21.4281773,39.85601,+966594052351,,,0,,openstreetmap
مكارم الشام,Saudi Arabia,Mecca,,21.4373352,39.7979345,+966125466626,,,0,,openstreetmap
جزيرة استاكوزاللمأكولات البحريه,Saudi Arabia,Mecca,Al Balad,21.3764316,39.7961561,+966125656223,,,0,,openstreetmap
Grill House,Saudi Arabia,Mecca,,21.4401522,39.788297,+966581857174,,,0,,openstreetmap
مطعم ربوع بلادي,Saudi Arabia,Mecca,,21.4524215,39.8086654,,,,0,,openstreetmap
كفتريا السعودي,Saudi Arabia,Mecca,,21.4470581,39.8212622,,,,0,,openstreetmap
مطعم افعاني,Saudi Arabia,Mecca,,21.4487263,39.8217775,,,,0,,openstreetmap
Burger King,Saudi Arabia,Mecca,,21.4199504,39.8241545,,,,0,,openstreetmap
طعمية السلطان,Saudi Arabia,Mecca,,21.4025809,39.8173032,,,,0,,openstreetmap
مطم داكا,Saudi Arabia,Mecca,,21.4322316,39.830108,,,,0,,openstreetmap
مطعم خليج عدن,Saudi Arabia,Mecca,,21.4331821,39.8289416,+966551847530,,,0,,openstreetmap
عمو حمزة,Saudi Arabia,Mecca,,21.3850197,39.8772965,,http://amohamza.com.sa/,,0,,openstreetmap
مطعم السيف الذهبي العزيزية,Saudi Arabia,Mecca,,21.3977032,39.8716144,+966555990545,,,0,,openstreetmap
مطعم اليخت للأسماك,Saudi Arabia,Mecca,,21.3980269,39.8718141,+966547149428,,,0,,openstreetmap
شاورما قمر الدين,Saudi Arabia,Mecca,,21.3966006,39.8746507,+966507272058,,,0,,openstreetmap
Domino's Pizza,Saudi Arabia,Mecca,,21.4113923,39.8665464,+966125979986,https://www.dominos.sa/,,0,,openstreetmap
كافتيريا الوحدة,Saudi Arabia,Mecca,,21.4307021,39.8071323,,,,0,,openstreetmap
القرموشي,Saudi Arabia,Mecca,,21.4265746,39.807042,,,,0,,openstreetmap
مطعم لذيذ البخاري,Saudi Arabia,Mecca,,21.4356357,39.8189734,,,,0,,openstreetmap
Kabeebat al-Falaq,Saudi Arabia,Mecca,,21.4398415,39.8344707,,,,0,,openstreetmap
Kebab al-Miro,Saudi Arabia,Mecca,,21.4399613,39.834511,,,,0,,openstreetmap
كافتريا خيرات,Saudi Arabia,Mecca,,21.4398465,39.8352835,,,,0,,openstreetmap
فايف قايز,Saudi Arabia,Mecca,,21.4199106,39.8223234,,,,0,,openstreetmap
مطعم زمزم,Saudi Arabia,Mecca,,21.4328236,39.82936,,,,0,,openstreetmap
الدار للمشويات الشامية,Saudi Arabia,Mecca,,21.442131,39.8115226,,,,0,,openstreetmap
كانتون,Saudi Arabia,Mecca,,21.390831,39.884326,+966920000129,https://canton-express.com/,,0,,openstreetmap
Ash,Saudi Arabia,Mecca,,21.3544479,39.8927431,,,,0,,openstreetmap
بيتوتي,Saudi Arabia,Mecca,,21.3823228,39.7953552,+966920007741+966920033371,https://baytoti.net/,,0,,openstreetmap
China Town,Saudi Arabia,Mecca,,21.354959,39.8900507,+966125285535,,,0,,openstreetmap
جنوب شرق آسيا,Saudi Arabia,Mecca,,21.3564389,39.8846259,+966125307116,,,0,,openstreetmap
مطعم جامبو الصيني,Saudi Arabia,Mecca,,21.438549,39.7891322,,,,0,,openstreetmap
مطعم الخليج الصيني,Saudi Arabia,Mecca,,21.3667299,39.7902802,+966501826688,,,0,,openstreetmap
Green Chilli South Asian,Saudi Arabia,Mecca,,21.4280854,39.7861385,+966550811474,,,0,,openstreetmap
حلويات ابو نار,Saudi Arabia,Mecca,,21.4257908,39.7852544,+966550110104,,,0,,openstreetmap
Burger King - Al Dhiyafa Mall,Saudi Arabia,Mecca,,21.4419968,39.8002582,,,,0,,openstreetmap
مطاعم ومطابخ بن علي,Saudi Arabia,Mecca,,21.4339595,39.8178905,,,,0,,openstreetmap
Lagenda Restaurant,Saudi Arabia,Mecca,,21.4191157,39.8233489,,,,0,,openstreetmap
أريج الفلاح,Saudi Arabia,Mecca,,21.4198489,39.8242928,,,,0,,openstreetmap
Al Shorfa Restaurant,Saudi Arabia,Mecca,,21.4197206,39.8264478,+966125714444,,,0,,openstreetmap
المطعم الماليزي,Saudi Arabia,Mecca,,21.4193187,39.8260703,,,,0,,openstreetmap
Restaurant Priangan Indonesian Foods and Catering,Saudi Arabia,Mecca,,21.4512625,39.8637404,+966562927374,,,0,,openstreetmap
Burger King - Makkah Mall,Saudi Arabia,Mecca,,21.3900378,39.8845367,,,,0,,openstreetmap
Burger King - Abraj Al Bait Mall,Saudi Arabia,Mecca,,21.4188849,39.8258136,,,,0,,openstreetmap
Turkish Restaurant,Saudi Arabia,Mecca,,21.4162048,39.8645705,,,,0,,openstreetmap
مطعم ياري,Saudi Arabia,Mecca,,21.416441,39.8598881,,,,0,,openstreetmap
Kebab Restaurant,Saudi Arabia,Mecca,,21.4155063,39.862493,,,,0,,openstreetmap
ارزاق البحر,Saudi Arabia,Mecca,,21.4399158,39.8465935,,,,0,,openstreetmap
Fish Restaurant,Saudi Arabia,Mecca,,21.4276947,39.8086346,,,,0,,openstreetmap
مطعم تركي,Saudi Arabia,Mecca,,21.4185115,39.8250201,+966593704891,,,0,,openstreetmap
saray nergis,Saudi Arabia,Mecca,,21.4190601,39.8256749,,,,0,,openstreetmap
Sbarro Pizza - 4th Floor,Saudi Arabia,Mecca,,21.418808,39.826165,,,,0,,openstreetmap
Al Forno - Jabal Omar Hyatt Regency,Saudi Arabia,Mecca,,21.4207811,39.8220869,,,,0,,openstreetmap
الغربي الحسينيه,Saudi Arabia,Mecca,,21.3174245,39.891169,,,,0,,openstreetmap
Turkish Grillhouse - 4th Floor,Saudi Arabia,Mecca,,21.418734,39.8254026,,,,0,,openstreetmap
Sizzling Fish,Saudi Arabia,Mecca,,21.4186239,39.8254247,,,,0,,openstreetmap
Madeena Restaurant,Saudi Arabia,Mecca,,21.4149815,39.8228043,,,,0,,openstreetmap
Al Farough,Saudi Arabia,Mecca,,21.4133629,39.8222321,,,,0,,openstreetmap
KFC,Saudi Arabia,Mecca,,21.4186183,39.8246684,,,,0,,openstreetmap
Hardee's,Saudi Arabia,Mecca,,21.4200812,39.8243032,,,,0,,openstreetmap
Narjes Tea Lounge,Saudi Arabia,Mecca,,21.4191758,39.8250511,,,,0,,openstreetmap
Hardee's (3rd Floor),Saudi Arabia,Mecca,,21.4189839,39.8253927,,,,0,,openstreetmap
Doner Kebab DK72 - 4th Floor,Saudi Arabia,Mecca,,21.4186103,39.8258702,,,,0,,openstreetmap
زعتر وزيت,Saudi Arabia,Mecca,,21.4201472,39.8221947,,,,0,,openstreetmap
Diyar Hadramount Restaurant,Saudi Arabia,Mecca,,21.4278357,39.829795,,,,0,,openstreetmap
كافيتيريا الضيافة,Saudi Arabia,Mecca,,21.4204224,39.8297655,,,,0,,openstreetmap
Chicken Broast,Saudi Arabia,Mecca,,21.4206845,39.8309055,,,,0,,openstreetmap
Taj Restaurant,Saudi Arabia,Mecca,,21.4161537,39.828011,,,,0,,openstreetmap
Fresh Chicken Broast,Saudi Arabia,Mecca,,21.4118152,39.8226852,,,,0,,openstreetmap
Abu Harbah Restaurant,Saudi Arabia,Mecca,,21.413715,39.8232475,,,,0,,openstreetmap
مشويات بلودان,Saudi Arabia,Mecca,,21.4259624,39.8573241,,,,0,,openstreetmap
ترويقة زمان,Saudi Arabia,Mecca,,21.4260489,39.857316,,,,0,,openstreetmap
ماليزيا,Saudi Arabia,Mecca,,21.426734,39.8563925,,,,0,,openstreetmap
Cafeteria Retaaj,Saudi Arabia,Mecca,,21.4133231,39.8223723,,,,0,,openstreetmap
Broast,Saudi Arabia,Mecca,,21.4196163,39.8242836,,,,0,,openstreetmap
Barncafe,Saudi Arabia,Mecca,,21.4176706,39.8596462,,,,0,,openstreetmap
دجاج كنتاكي,Saudi Arabia,Mecca,,21.4208932,39.8215284,,,,0,,openstreetmap
هارديز,Saudi Arabia,Mecca,,21.420939,39.8216522,,,,0,,openstreetmap
Ashoor Cafe - 4th Floor,Saudi Arabia,Mecca,,21.4209606,39.8217612,,,,0,,openstreetmap
Al-Halwani Restaurant,Saudi Arabia,Mecca,,21.4199298,39.8244942,,,,0,,openstreetmap
Seven Star Fastfood,Saudi Arabia,Mecca,,21.4202462,39.8234926,,,,0,,openstreetmap
Kadah Baladi Fast Food,Saudi Arabia,Mecca,,21.4202128,39.8234675,,,,0,,openstreetmap
Rokn Al Rasha,Saudi Arabia,Mecca,,21.4201727,39.8234619,,,,0,,openstreetmap
كافيتيريا الابراج,Saudi Arabia,Mecca,,21.4196708,39.8233271,,,,0,,openstreetmap
Al Baik,Saudi Arabia,Mecca,,21.4137903,39.8280712,,,,0,,openstreetmap
McDonald's,Saudi Arabia,Mecca,,21.4466542,39.8619817,,,,0,,openstreetmap
Adan Restaurant,Saudi Arabia,Mecca,,21.4321477,39.8285894,,,,0,,openstreetmap
Arafat Restaurant,Saudi Arabia,Mecca,,21.4122076,39.8212224,,,,0,,openstreetmap
Al Manal Broast & Restaurant,Saudi Arabia,Mecca,,21.4242915,39.8128002,,,,0,,openstreetmap
المطعم اليمني في جدة,Saudi Arabia,Mecca,,21.4408134,39.8025156,,,,0,,openstreetmap
ستاربكس,Saudi Arabia,Mecca,,21.4194821,39.8258975,,,,0,,openstreetmap
الأطباق,Saudi Arabia,Mecca,Hussain Arab Street,21.4382982,39.792094,+966125433337,,,0,,openstreetmap
محل مطبق,Saudi Arabia,Mecca,,21.4222992,39.8342638,,,,0,,openstreetmap
Istanbul Turk Lokantasi,Saudi Arabia,Mecca,,21.4223257,39.8475037,+966508661242,,,0,,openstreetmap
Firdous Restaurant,Saudi Arabia,Mecca,,21.4199449,39.8282801,,,,0,,openstreetmap
Food Courts in 3rd Floor - Entrance Makkah Tower 6,Saudi Arabia,Mecca,,21.4195784,39.8234152,,,,0,,openstreetmap
Al Najoom Fastfood,Saudi Arabia,Mecca,,21.4305609,39.8328445,,,,0,,openstreetmap
Al Bait El Shawermagy,Saudi Arabia,Mecca,,21.4010784,39.83089,,,,0,,openstreetmap
Bin Ali Restaurant,Saudi Arabia,Mecca,,21.3711871,39.79782,,,,0,,openstreetmap
Cafeteria Juha,Saudi Arabia,Mecca,,21.4196777,39.8243194,,,,0,,openstreetmap
Cup and Dice,Saudi Arabia,Mecca,,21.3624058,39.8906875,,https://www.cupandice.com/,,0,,openstreetmap
Potato House بطاطس هاوس,Saudi Arabia,Mecca,الشوقية - شارع عبدالله بن عباس,21.3705563,39.7904251,+966569158041,https://www.ptatahouse.com,,0,,openstreetmap
Abu Zaid Restaurant,Saudi Arabia,Mecca,,21.3809273,39.7879097,,,,0,,openstreetmap
آريانا للرز البخاري,Saudi Arabia,Mecca,,21.3808374,39.7879097,,,,0,,openstreetmap
أويك كافيه,Saudi Arabia,Mecca,Abdul Qader Koshak Street,21.3766328,39.7902492,+966556601744,,,0,,openstreetmap
Trabzon - Turkish Restaurant,Saudi Arabia,Mecca,,21.4325212,39.8556657,,,,0,,openstreetmap
صحتي حياتي,Saudi Arabia,Mecca,Abdullah Ibn al-Abbas Street,21.3852503,39.7958986,00966541477928,https://myhealthymylife.com/,,0,,openstreetmap
Larva Cafe,Saudi Arabia,Mecca,,21.5141489,39.7858408,,,,0,,openstreetmap
Last Quarter Cafe,Saudi Arabia,Mecca,شارع آمنة بنت وهب,21.4230983,39.7714722,+966544520315,https://instagram.com/las_q21?utm_medium=copy_link,,0,,openstreetmap
أي أم كوفي,Saudi Arabia,Mecca,Al-Hajj Street,21.4724406,39.8307186,+966566619623,https://instagram.com/im._coffee?utm_medium=copy_link,,0,,openstreetmap
Im Coffee أي أم كوفي,Saudi Arabia,Mecca,Al Qadisiyyah Road طريق القادسية,21.4526245,39.9367157,0538883055,https://www.instagram.com/ma_cafeksa/,,0,,openstreetmap
شرمب نيشن,Saudi Arabia,Mecca,طريق الأمير سلطان,21.359536,39.9051504,+966504134044,https://www.instagram.com/shrimpnations/,,0,,openstreetmap
Kayan AL Shuaa Makkah Hotels,Saudi Arabia,Mecca,At Taif Road طريق الأمير سلطان,21.4000131,39.8625868,+966549779938,,,0,,openstreetmap
Sahtein Restaurant,Saudi Arabia,Mecca,Ibrahim Al Khalil Road شَارِع إبراهيم الخليل,21.4208993,39.8221561,+966551149300,https://www.hilton.com/en/hotels/makchhi-hilton-hotel-and-convention-jabal-omar-makkah/dining/,,0,,openstreetmap
دانكن دونتس,Saudi Arabia,Mecca,,21.419558,39.825793,,,,0,,openstreetmap
مذاق الشرق,Saudi Arabia,Mecca,شارع الحج,21.4767822,39.8427221,0558624229,"https://www.google.com/maps/place/مطعم+مذاق+الشرق%E2%80%AD/@21.4763682,39.8430779,17z/data=!3m1!4b1!4m6!3m5!1s0x15c202e3e663f193:0x337185b55a6af831!8m2!3d21.4763682!4d39.8430779!16s%2Fg%2F11c1mjdwbw?hl=ar-SA&entry=ttu",,0,,openstreetmap
cffee,Saudi Arabia,Mecca,,21.361129,39.9005016,,,,0,,openstreetmap
Master chef,Saudi Arabia,Mecca,Hidaya Street,21.3908657,39.8780904,,,,0,,openstreetmap
panoor hotel,Saudi Arabia,Mecca,,21.3851135,39.8776666,+966563311786,https://panoorrestaurant.com/,,0,,openstreetmap
بروست البحر,Saudi Arabia,Mecca,طريق الليث الفرعي,21.352621,39.784331,+966508379339,,,0,,openstreetmap
تقاطيع ومقادم البيت,Saudi Arabia,Mecca,طريق الليث الفرعي,21.352048,39.7831899,+966508606558,,,0,,openstreetmap
بريمو,Saudi Arabia,Mecca,Abdullah Ibn al-Abbas Street,21.3830016,39.795426,+966502791277,,,0,,openstreetmap
مطعم شيف جريل,Saudi Arabia,Mecca,طريق 25 - جسر الملك عبدالله بن عبدالعزيز,21.3953215,39.8838427,+966560770784,,,0,,openstreetmap
Cavva Coffee,Saudi Arabia,Mecca,شارع ابراهيم,21.3504174,39.9057745,0508177807,https://www.instagram.com/cavva.cafe?igsh=c2Vnc3MyMm9xY3Z2,,0,,openstreetmap
سالدوتش,Saudi Arabia,Mecca,,21.422722,39.8188573,+966920023030,https://saldwich.com/ar,,0,,openstreetmap
احلى الاوقات,Saudi Arabia,Mecca,,21.4011046,39.7074362,,,,0,,openstreetmap
Buffalo Wild Wings,Saudi Arabia,Mecca,,21.3982184,39.7737165,,,,0,,openstreetmap
Texas chicken,Saudi Arabia,Mecca,,21.3982343,39.7739384,,,,0,,openstreetmap
مطابخ ومطاعم ريدان,Saudi Arabia,Mecca,,21.4135259,39.8646093,,,,0,,openstreetmap
مطعم بيتي,Saudi Arabia,Mecca,,21.4138318,39.8641229,,,,0,,openstreetmap
Boga Superfoods,Saudi Arabia,Mecca,,21.4115384,39.8654065,,,,0,,openstreetmap
Broccoli Pizza&Pasta,Saudi Arabia,Mecca,,21.4114722,39.8654775,,,,0,,openstreetmap
النزهه,Saudi Arabia,Mecca,الحجون,21.4392061,39.7908102,,,,0,,openstreetmap
آيس كريم توتي,Saudi Arabia,Mecca,,21.4221421,39.8217221,,,,0,,openstreetmap
ڤوي لاونج,Saudi Arabia,Mecca,,21.3528875,39.8953396,+966533061112,https://www.instagram.com/voi_lounge/,,0,,openstreetmap
House of Donuts,Saudi Arabia,Mecca,,21.4225901,39.8736963,,,,0,,openstreetmap
Cafe rose hand,Saudi Arabia,Mecca,طريق الليث الفرعي,21.3522311,39.7833658,+966546444021,https://rosehandcafe.business.site,,0,,openstreetmap
مقهى,Saudi Arabia,Mecca,,21.3613746,39.8989353,,,,0,,openstreetmap
ماكدونالدز,Saudi Arabia,Mecca,,21.4403188,39.7972327,,,,0,,openstreetmap
Al Baik,Saudi Arabia,Medina,,25.0617744,38.1105762,,,,0,,openstreetmap
Restaurant Al Jazeera,Saudi Arabia,Medina,,24.4210858,39.5298286,,,,0,,openstreetmap
Sherwas Corner Restaurant,Saudi Arabia,Medina,,26.6118177,37.9230738,,,,0,,openstreetmap
sweets & treats حلى و حلاوة,Saudi Arabia,Medina,Salim ibn 'Amr,24.4245286,39.5141649,+966542112413,,,0,,openstreetmap
Hamburger,Saudi Arabia,Medina,,24.4655042,39.6057156,,,,0,,openstreetmap
ماكدونالدز,Saudi Arabia,Medina,,24.4468505,39.6186528,,,,0,,openstreetmap
البيك,Saudi Arabia,Medina,,24.4639643,39.6160875,,,,0,,openstreetmap
Kudu,Saudi Arabia,Medina,,24.4558006,39.5442507,,,,0,,openstreetmap
كودو,Saudi Arabia,Medina,,24.4721742,39.6119646,,,,0,,openstreetmap
شاورما تاج سلطان,Saudi Arabia,Medina,Umlujj Road,24.0878886,38.0564267,0143907744,,,0,,openstreetmap
مطاعم جحا,Saudi Arabia,Medina,عمر بن الخطاب,24.0803173,38.0547684,,,,0,,openstreetmap
الركن الشامي,Saudi Arabia,Medina,,24.478527,39.625153,,,,0,,openstreetmap
عالم البروست,Saudi Arabia,Medina,,24.4559757,39.6163347,,,,0,,openstreetmap
عكاوي,Saudi Arabia,Medina,,24.4771892,39.5508159,,,,0,,openstreetmap
مطاعم البحرية,Saudi Arabia,Medina,,24.4743084,39.6588707,,,,0,,openstreetmap
بيت المشويات التركية,Saudi Arabia,Medina,,24.4700524,39.582463,+966148223255,,,0,,openstreetmap
عناب,Saudi Arabia,Medina,,24.4311642,39.6528011,+966920023003,,,0,,openstreetmap
Burger King,Saudi Arabia,Medina,,24.485537,39.5753702,+966920000002,,,0,,openstreetmap
مطاعم التركي للمشويات و الفطائر,Saudi Arabia,Medina,,24.49012,39.5700021,+966148466355,,,0,,openstreetmap
سويس هاوس,Saudi Arabia,Medina,,24.4854474,39.5757375,+966920005099,https://swisshouse-sa.com/,,0,,openstreetmap
ساندويتشات كباب,Saudi Arabia,Medina,,24.4822872,39.6013184,+966148660821,,,0,,openstreetmap
مطعم تركيا,Saudi Arabia,Medina,,24.4453867,39.6060546,+966550307999,,,0,,openstreetmap
Restaurant Arabesque,Saudi Arabia,Medina,,24.472368,39.6114943,+966148290001,,,0,,openstreetmap
Steak House,Saudi Arabia,Medina,,24.487523,39.6490584,+96648358185,,,0,,openstreetmap
Shing Yang Restaurant,Saudi Arabia,Medina,,24.4900997,39.5700496,,,,0,,openstreetmap
Tokushi,Saudi Arabia,Medina,,24.4428649,39.6661422,+966148691766,,,0,,openstreetmap
Beiruti,Saudi Arabia,Medina,,24.4870451,39.5891774,,,,0,,openstreetmap
Ruqn Shami,Saudi Arabia,Medina,,24.4820046,39.6304603,,,,0,,openstreetmap
Fairuz Turkish Restaurant,Saudi Arabia,Medina,,24.4942129,39.5856245,+966554003554+966530649488,,,0,,openstreetmap
Hyderabad House Restaurant,Saudi Arabia,Medina,,24.440112,39.6642549,+966920001771,,,0,,openstreetmap
Mairaj Indian and Chinese Cuisine,Saudi Arabia,Medina,,24.4902656,39.5985554,,,,0,,openstreetmap
وناسه,Saudi Arabia,Medina,,24.4893167,39.5989003,,,,0,,openstreetmap
مطبخ الزهراء العوالي,Saudi Arabia,Medina,,24.4522139,39.6283772,,,,0,,openstreetmap
دانكن دونتس,Saudi Arabia,Medina,,24.4555144,39.668486,,http://dunkindonuts.sa,,0,,openstreetmap
بيتزا هت,Saudi Arabia,Medina,,24.4578263,39.6672172,0148441799,https://www.pizzahut-me.com/,,0,,openstreetmap
قلعة البن,Saudi Arabia,Medina,,24.4549273,39.6685819,,,,0,,openstreetmap
بروست اكسبريس,Saudi Arabia,Medina,,24.4659663,39.6366408,,,,0,,openstreetmap
منفذ القهوة,Saudi Arabia,Medina,,24.4555005,39.6428865,,,,0,,openstreetmap
مطاعم القرموشي,Saudi Arabia,Medina,,24.4692197,39.6352282,,,,0,,openstreetmap
المذاق المغربي,Saudi Arabia,Medina,,24.4556063,39.6430917,,https://moroccantaste.com.sa/,,0,,openstreetmap
صب واي,Saudi Arabia,Medina,,24.4556531,39.6420941,,,,0,,openstreetmap
بارن كافية,Saudi Arabia,Medina,,24.4557003,39.6432351,,,,0,,openstreetmap
كنتاكي,Saudi Arabia,Medina,,24.4472749,39.6449029,,,,0,,openstreetmap
هارديز,Saudi Arabia,Medina,,24.4473457,39.6449688,,,,0,,openstreetmap
مطعم الوردة البخاري,Saudi Arabia,Medina,,24.4555212,39.6560037,,,,0,,openstreetmap
مطعم فطائر التركي,Saudi Arabia,Medina,,24.4510412,39.6583121,,,,0,,openstreetmap
جان برجر,Saudi Arabia,Medina,,24.4478677,39.6454254,,,,0,,openstreetmap
كرسبي كريم,Saudi Arabia,Medina,,24.4477224,39.6453212,,,,0,,openstreetmap
هاشتاق كافيه,Saudi Arabia,Medina,,24.4476097,39.6559861,,,,0,,openstreetmap
لافينا كافيه,Saudi Arabia,Medina,,24.4588692,39.6554663,,,,0,,openstreetmap
عبدالرحمن أبو طربوش,Saudi Arabia,Medina,,24.5069181,39.707709,,,,0,,openstreetmap
مطعم بهار حار,Saudi Arabia,Medina,,24.4505986,39.6626562,,,,0,,openstreetmap
مطعم شاهين,Saudi Arabia,Medina,,24.0013844,38.2152408,,,,0,,openstreetmap
برجر كنج,Saudi Arabia,Medina,,23.0735392,39.9555039,,,,0,,openstreetmap
ايسكريم باسكن روبنز,Saudi Arabia,Medina,,23.0736319,39.9553778,,,,0,,openstreetmap
كانتون,Saudi Arabia,Medina,,24.4950238,39.5953296,+966920000129,https://canton-express.com,,0,,openstreetmap
مطعم شينج يانج,Saudi Arabia,Medina,,24.495883,39.5955388,+966568066806,,,0,,openstreetmap
مطعم ميراج للأكلات الهندية والصينية,Saudi Arabia,Medina,,24.4798893,39.6067313,+966148661116,,,0,,openstreetmap
Chinese Dragon Restaurant,Saudi Arabia,Medina,,24.4883912,39.5822258,+966550144114,,,0,,openstreetmap
بيروتي,Saudi Arabia,Medina,,24.4880342,39.5850796,+966148461800,,,0,,openstreetmap
Domino's,Saudi Arabia,Medina,,24.4887623,39.5820873,+966920012345,,,0,,openstreetmap
حمص ريفي,Saudi Arabia,Medina,,24.4887507,39.5817893,+966148455100,,,0,,openstreetmap
مطعم سر السوشي,Saudi Arabia,Medina,,24.486674,39.580332,+966595959715,https://www.sushisecret.com,,0,,openstreetmap
Davanti Lounge,Saudi Arabia,Medina,"Sultanah St, Al Qiblatayn",24.4827451,39.572261,+9668484448,https://davantilounge.com/,,0,,openstreetmap
اسطنبول شيش كباب,Saudi Arabia,Medina,,24.4400044,39.6145858,+966148271699,,,0,,openstreetmap
Subway,Saudi Arabia,Medina,,24.441542,39.6226619,,,,0,,openstreetmap
مطعم نجوم حضرموت,Saudi Arabia,Medina,,24.4648229,39.6016406,,,,0,,openstreetmap
مطعم ابو خطاب,Saudi Arabia,Medina,,24.4697301,39.599095,+966542198155,,,0,,openstreetmap
مطعم بلقيس,Saudi Arabia,Medina,,24.4703726,39.5980691,,,,0,,openstreetmap
Bayt al-Kabab,Saudi Arabia,Medina,,24.4842424,39.600478,+966148288843,,,0,,openstreetmap
Rumah Makan Indonesia,Saudi Arabia,Medina,,24.4727899,39.6091697,,,,0,,openstreetmap
مطعم الحلبي للرز البخاري,Saudi Arabia,Medina,,24.4737298,39.6076784,,,,0,,openstreetmap
Domino's Pizza,Saudi Arabia,Medina,,24.4797029,39.6448234,,,,0,,openstreetmap
Burger King - Noor Mall,Saudi Arabia,Medina,,24.4967224,39.5954224,,,,0,,openstreetmap
Burger King - 2nd Highway,Saudi Arabia,Medina,,24.4864615,39.6498732,,,,0,,openstreetmap
الفطائر التركية,Saudi Arabia,Medina,Al Hijra Road,24.434182,39.5919182,+966559838161,,,0,,openstreetmap
بيتزا الجودة,Saudi Arabia,Medina,,24.4618402,39.5309633,,,,0,,openstreetmap
فواكه البحر للأسماك,Saudi Arabia,Medina,,24.476211,39.606073,,,,0,,openstreetmap
مطعم أسماك الجزيرة,Saudi Arabia,Medina,,24.459228,39.6114089,,,,0,,openstreetmap
Samak & Salsa,Saudi Arabia,Medina,,24.4868665,39.6501391,+966562207074,,,0,,openstreetmap
London Fish and Potatoes,Saudi Arabia,Medina,,24.4956345,39.5953727,,,,0,,openstreetmap
Hamra Fish Restaurant,Saudi Arabia,Medina,,24.4612771,39.5776922,,,,0,,openstreetmap
Abu Khalid Restaurant,Saudi Arabia,Medina,,24.4716843,39.6121189,,,,0,,openstreetmap
ستاربكس,Saudi Arabia,Medina,,24.4712854,39.6132297,,,,0,,openstreetmap
Al Faris Lilrose Al Bukhari,Saudi Arabia,Medina,,24.4719625,39.612677,,,,0,,openstreetmap
GraPARI Madinah,Saudi Arabia,Medina,,24.4720069,39.6129499,,,,0,,openstreetmap
Fairouz Al Hijaz,Saudi Arabia,Medina,,24.4733705,39.6092294,,,,0,,openstreetmap
Kyoto,Saudi Arabia,Medina,,24.4715228,39.6134963,,,,0,,openstreetmap
مطعم الهدى التركية,Saudi Arabia,Medina,Al-Seeh Street,24.4703153,39.6021336,+96648229205,,,0,,openstreetmap
لايدر كاف,Saudi Arabia,Medina,,24.4648474,39.6107255,,,,0,,openstreetmap
ZamZam Al Bukhari Restaurant,Saudi Arabia,Medina,,24.4634859,39.6150431,,,,0,,openstreetmap
Kebap,Saudi Arabia,Medina,,24.4557515,39.5953725,,,,0,,openstreetmap
Zeyn Restaurant,Saudi Arabia,Medina,,24.4582291,39.5980107,,,,0,,openstreetmap
سيادة القهوة,Saudi Arabia,Medina,"الخالدية, المدينة المنورة",24.4653466,39.6644667,,,,0,,openstreetmap
مقهى النجمة,Saudi Arabia,Medina,,24.1546039,37.9577263,,,,0,,openstreetmap
كوفي وود,Saudi Arabia,Medina,King Abdullah,24.428635,39.6498635,0580494013,https://cafewoodsa.business.site/,,0,,openstreetmap
مقهى اتراني,Saudi Arabia,Medina,King Abdullah Road - 2nd Ring Road,24.4267717,39.6494356,,,,0,,openstreetmap
كافيه,Saudi Arabia,Medina,,24.163017,37.9792134,,,,0,,openstreetmap
كافيه (مقهى),Saudi Arabia,Medina,,24.1650623,37.9820611,,,,0,,openstreetmap
KFC,Saudi Arabia,Medina,,24.4657904,39.6063853,,,,0,,openstreetmap
Hardee's,Saudi Arabia,Medina,,24.4657299,39.6063534,,,,0,,openstreetmap
مطعم,Saudi Arabia,Medina,,24.6486,37.5339,,,,0,,openstreetmap
حاشي باشا,Saudi Arabia,Medina,,23.5032,40.8906,,,,0,,openstreetmap
مطعم مشوار للفطاير,Saudi Arabia,Medina,,23.503,40.8851,,,,0,,openstreetmap
مطعم ريم حضرموت,Saudi Arabia,Medina,,23.4927,40.8947,,,,0,,openstreetmap
مطعم ديرتي,Saudi Arabia,Medina,,24.6069,41.612,,,,0,,openstreetmap
مطعم إيوان,Saudi Arabia,Medina,,24.4324741,39.6326097,,,,0,,openstreetmap
مايسترو بيتزا,Saudi Arabia,Medina,,24.4478937,39.6452684,,,,0,,openstreetmap
مطاعم البشير للمأكولات الشامية,Saudi Arabia,Medina,,24.4504222,39.6451491,,,,0,,openstreetmap
البيت الحلبي,Saudi Arabia,Medina,,24.4526736,39.6431234,,,,0,,openstreetmap
برجر زنجر,Saudi Arabia,Medina,,24.4506967,39.6407575,,,,0,,openstreetmap
مطعم عيد للمأكولات الشعبية,Saudi Arabia,Medina,,24.4525115,39.6435386,,,,0,,openstreetmap
فترة المساء كباب بالنكهة المدينية,Saudi Arabia,Medina,,24.452446,39.6424978,,,,0,,openstreetmap
بطاطس العم فلاح,Saudi Arabia,Medina,,24.450765,39.6406288,,,,0,,openstreetmap
مركز جود الحزام لبيع جميع أنواع الخضار والفواكه الطازجة,Saudi Arabia,Medina,,24.4526613,39.6429096,,,,0,,openstreetmap
ورق عنب وملفوف الحجازي,Saudi Arabia,Medina,,24.4552073,39.6425631,,,,0,,openstreetmap
منجتي احلى,Saudi Arabia,Medina,,24.4554553,39.6421284,,,,0,,openstreetmap
مطاعم ومطبخ النابلسي,Saudi Arabia,Medina,,24.4581189,39.641546,,,,0,,openstreetmap
مطعم أبو زيد,Saudi Arabia,Medina,,24.4610673,39.6392351,,,,0,,openstreetmap
الحرة الذهبية للأكلات الشعبية,Saudi Arabia,Medina,,24.4624955,39.6385317,,,,0,,openstreetmap
زنجرجي,Saudi Arabia,Medina,,24.4629246,39.6312107,,,,0,,openstreetmap
مطعم الحزام الأخضر للرز البخاري,Saudi Arabia,Medina,,24.4643181,39.6375328,,,,0,,openstreetmap
استراحة الحربي,Saudi Arabia,Medina,,24.4591521,39.6250427,,,,0,,openstreetmap
مطعم الديار المقدسة للفلافل والفول والحمص,Saudi Arabia,Medina,,24.4578537,39.6242063,,,,0,,openstreetmap
النيلين لقصب السكر والعصائر الطازجة,Saudi Arabia,Medina,,24.4603043,39.6215635,,,,0,,openstreetmap
بروست كتاكيت,Saudi Arabia,Medina,,24.4579088,39.6207507,,,,0,,openstreetmap
مطعم الريف الشعبي,Saudi Arabia,Medina,,24.460031,39.621874,,,,0,,openstreetmap
هرفي,Saudi Arabia,Medina,,24.4550783,39.6182843,,,,0,,openstreetmap
مطعم محمود الدقل الباكستاني,Saudi Arabia,Medina,,24.459903,39.611427,,,,0,,openstreetmap
مطاعم روتانا,Saudi Arabia,Medina,,24.457275,39.614497,,,,0,,openstreetmap
كافتريا الشلال,Saudi Arabia,Medina,,24.458996,39.6127,,,,0,,openstreetmap
مطاعم مدفون السده للأكلات الشعبية,Saudi Arabia,Medina,,24.459596,39.611528,,,,0,,openstreetmap
مطعم القريش,Saudi Arabia,Medina,,24.459839,39.611637,,,,0,,openstreetmap
طيبة للأكلات الشعبية,Saudi Arabia,Medina,,24.458597,39.612865,,,,0,,openstreetmap
الطازج,Saudi Arabia,Medina,,24.457925,39.613973,,,,0,,openstreetmap
عصائر شعير الطيبين طبيعي 100%,Saudi Arabia,Medina,,24.457066,39.615857,,,,0,,openstreetmap
كافيتريا النجوم البيضاء,Saudi Arabia,Medina,,24.456498,39.616721,,,,0,,openstreetmap
مطعم وكوزي الفرسان,Saudi Arabia,Medina,,24.455299,39.61825,,,,0,,openstreetmap
لغات القهوة,Saudi Arabia,Medina,,24.454166,39.618688,,,,0,,openstreetmap
موسى,Saudi Arabia,Medina,,24.453448,39.619516,,,,0,,openstreetmap
أريس كافيه,Saudi Arabia,Medina,,24.449698,39.621468,,,,0,,openstreetmap
قهوة موكا,Saudi Arabia,Medina,,24.450086,39.622436,,,,0,,openstreetmap
مطعم ومطبخ الصدق,Saudi Arabia,Medina,,24.452661,39.622852,,,,0,,openstreetmap
مطعم طيبة للمأكولات الشامية,Saudi Arabia,Medina,,24.452846,39.622897,,,,0,,openstreetmap
مطعم الرواد,Saudi Arabia,Medina,,24.45507,39.621434,,,,0,,openstreetmap
مطاعم العمدة,Saudi Arabia,Medina,,24.456772,39.615114,,,,0,,openstreetmap
مطعم الباب العالي,Saudi Arabia,Medina,,24.4489956,39.621624,,,,0,,openstreetmap
مذاقك الشهي,Saudi Arabia,Medina,,24.4493408,39.6210976,,,,0,,openstreetmap
برجر كم,Saudi Arabia,Medina,,24.4493256,39.6210098,,,,0,,openstreetmap
مطعم خيرات سباء,Saudi Arabia,Medina,,24.4496441,39.621563,,,,0,,openstreetmap
بروكلي بيتزا وباستا,Saudi Arabia,Medina,,24.4468708,39.6191673,,,,0,,openstreetmap
الأسود,Saudi Arabia,Medina,,24.4473934,39.6169052,,,,0,,openstreetmap
كلاسيك برجر,Saudi Arabia,Medina,,24.4469547,39.6156845,,,,0,,openstreetmap
الطبق الجاوي,Saudi Arabia,Medina,,24.4494495,39.6158295,,,,0,,openstreetmap
لقيمات شغف طيبة,Saudi Arabia,Medina,,24.4500809,39.6152458,,,,0,,openstreetmap
منجا منجا عصير,Saudi Arabia,Medina,,24.4507236,39.6154366,,,,0,,openstreetmap
مطبق حي البحر 3,Saudi Arabia,Medina,,24.4494972,39.6187439,,,,0,,openstreetmap
اتش وتش Hwich,Saudi Arabia,Medina,King abdullah Rd -Second Ring Road,24.4274516,39.6072531,+966508141081,http://www.hwichgroup.com/,,0,,openstreetmap
Shawarmer,Saudi Arabia,Medina,,24.4478277,39.6453656,,,,0,,openstreetmap
Fish,Saudi Arabia,Medina,,24.4591062,39.6113002,,,,0,,openstreetmap
The Ocean - Indian and Chinese Cuisine,Saudi Arabia,Medina,,24.4825237,39.6514564,+966920004271,,,0,,openstreetmap
Baytoti,Saudi Arabia,Medina,,24.4752384,39.6600192,,,,0,,openstreetmap
يولاند كافية,Saudi Arabia,Medina,,24.4907646,39.5906372,,,,0,,openstreetmap
مودي كافيه,Saudi Arabia,Medina,طريق الملك عبدالله,24.4216837,39.6361737,+966563416068,,,0,,openstreetmap
LB SHOT,Saudi Arabia,Medina,جبار بن صخر,24.4624546,39.6574255,,,,0,,openstreetmap
else,Saudi Arabia,Medina,,24.4363607,39.6591157,0568056898,https://instagram.com/elseksa,,0,,openstreetmap
AMIGO LOUNGE,Saudi Arabia,Medina,طريق الملك عبدالله,24.4217828,39.6367224,+966596086888,,,0,,openstreetmap
مخبوزات لافي La Vie,Saudi Arabia,Medina,,24.4464799,39.6687255,+966556346070,https://mylink.la/lavie,,0,,openstreetmap
Delchini Turkish Restaurant,Saudi Arabia,Medina,,24.478667,39.6547309,,,,0,,openstreetmap
Naya Turkish Restaurant,Saudi Arabia,Medina,,24.4686376,39.6019605,,,,0,,openstreetmap
Turkish Restaurant المطاعم التركية,Saudi Arabia,Medina,,24.4789447,39.5930768,+966148274998,,,0,,openstreetmap
Al Sanabel Turkish Restaurant,Saudi Arabia,Medina,,24.4727509,39.6122178,,,,0,,openstreetmap
Dunkin,Saudi Arabia,Medina,,26.6643139,37.9047308,,,,0,,openstreetmap
عسيف - قهوة مختصة,Saudi Arabia,Medina,6567 اسيد بن كعب، مذينب، 2907 اسيد بن كعب،، المدينة المنورة 42364,24.4362196,39.6750871,+966505740681,https://maps.app.goo.gl/T1HJUJLeQLPHBJVM8,,0,,openstreetmap
أحساس الفاكهة,Saudi Arabia,Medina,Ali Bin Abi Talib Rd Ali Bin Abi Talib Rd Yanbu 46422,24.0815951,38.0400019,,,,0,,openstreetmap
استراحة سابتكو,Saudi Arabia,Medina,,23.0090817,39.9291712,,,,0,,openstreetmap
مطعم هناء الراقي,Saudi Arabia,Medina,,24.4457366,39.6064105,,,,0,,openstreetmap
الدومينو,Saudi Arabia,Medina,,24.0066839,38.1690976,,https://www.dominos.sa/ar/,,0,,openstreetmap
مترو,Saudi Arabia,Medina,,24.0068481,38.1685746,,https://subway.com/ar-SA/,,0,,openstreetmap
مقهى أوروس,Saudi Arabia,Medina,,24.0065639,38.1689259,,,,0,,openstreetmap
TGI Fridays,Saudi Arabia,Medina,,24.0117606,38.2079709,,https://tgifridaysme.com/ar/,,0,,openstreetmap
I'm Hungry,Saudi Arabia,Medina,,24.0222784,38.1478652,,https://imhungry.sa/,,0,,openstreetmap
بروست الذ فروج,Saudi Arabia,Medina,,24.1322619,38.0056059,+966561684161,,,0,,openstreetmap
إيمي,Saudi Arabia,Medina,,24.0227856,38.1477284,,https://emmys-ksa.com/,,0,,openstreetmap
سلطان,Saudi Arabia,Medina,,24.1083818,38.025759,,https://sultandb.com/,,0,,openstreetmap
إمضاء,Saudi Arabia,Medina,,24.1084148,38.0256075,,,,0,,openstreetmap
مقهى سيلو,Saudi Arabia,Medina,,24.0057087,38.1972353,,,,0,,openstreetmap
الأسطورة,Saudi Arabia,Medina,,24.0022662,38.1987467,,,,0,,openstreetmap
Everest,Saudi Arabia,Medina,,24.1071179,38.048822,,,,0,,openstreetmap
ابو زيد,Saudi Arabia,Medina,,24.0833423,38.1010446,,,,0,,openstreetmap
كوخ كتكوت,Saudi Arabia,Medina,,24.0828954,38.0898208,,,,0,,openstreetmap
شاورما وأكثر,Saudi Arabia,Medina,,24.0850882,38.0958465,,,,0,,openstreetmap
قهوة كاستيلو,Saudi Arabia,Medina,,24.0838761,38.0827063,,https://castello-coffee.com/en/,,0,,openstreetmap
مشراق,Saudi Arabia,Medina,,24.0837757,38.0826607,,https://www.meshraq.com.sa/,,0,,openstreetmap
لفات متموجة,Saudi Arabia,Medina,,24.0853845,38.0564797,,,,0,,openstreetmap
شواية السلطان,Saudi Arabia,Medina,,24.0151981,38.2160872,,,,0,,openstreetmap
بيتزا المايسترو,Saudi Arabia,Medina,,24.0154075,38.1981895,,https://maestropizza.com/ar/,,0,,openstreetmap
عزة,Saudi Arabia,Medina,,24.0908204,38.0497305,,,,0,,openstreetmap
window burger,Saudi Arabia,Medina,,24.0948177,38.0384035,,,,0,,openstreetmap
NRG,Saudi Arabia,Medina,,24.1008242,38.0873274,,,,0,,openstreetmap
lorenzo,Saudi Arabia,Medina,,24.0881674,38.0668169,,,,0,,openstreetmap
سر السوشي,Saudi Arabia,Medina,,24.077309,38.054172,,,,0,,openstreetmap
نسبة,Saudi Arabia,Medina,,24.0773298,38.0534481,,,,0,,openstreetmap
مقهى هورا,Saudi Arabia,Medina,,24.0776735,38.0537036,,,,0,,openstreetmap
طعم دمشق,Saudi Arabia,Medina,,24.0841475,38.0495026,,,,0,,openstreetmap
الشرفة,Saudi Arabia,Medina,,24.0945979,38.0384854,,,,0,,openstreetmap
Emmy's,Saudi Arabia,Medina,,24.106498,38.0977396,,,,0,,openstreetmap
NEXT,Saudi Arabia,Medina,,24.0919287,38.090859,,,,0,,openstreetmap
كيان,Saudi Arabia,Medina,,24.1091465,38.0783642,,,,0,,openstreetmap
مازا,Saudi Arabia,Medina,,24.0851715,38.0904105,,,,0,,openstreetmap
فاكهة العاطفة,Saudi Arabia,Medina,,24.0849276,38.0941464,,,,0,,openstreetmap
النحاس,Saudi Arabia,Medina,,24.091223,38.0939523,,,,0,,openstreetmap
كافتيريا مشاور,Saudi Arabia,Medina,,24.0767171,38.0978091,,,,0,,openstreetmap
إمبراطورية الدونات,Saudi Arabia,Medina,,24.002427,38.1808578,,,,0,,openstreetmap
بروست الزعيم,Saudi Arabia,Medina,,24.1263559,38.010986,,,,0,,openstreetmap
رضوى,Saudi Arabia,Medina,,24.1150242,38.0894941,,,,0,,openstreetmap
بوفيا أديبا ينبع,Saudi Arabia,Medina,,24.0761427,38.0927324,,,,0,,openstreetmap
prot,Saudi Arabia,Medina,,24.0002626,38.1841618,,,,0,,openstreetmap
morrocan taste,Saudi Arabia,Medina,,24.0001392,38.1847021,,,,0,,openstreetmap
kabsa badia,Saudi Arabia,Medina,,24.0084187,38.2074709,,,,0,,openstreetmap
barns,Saudi Arabia,Medina,,24.0758713,38.1013805,,,,0,,openstreetmap
next coffee,Saudi Arabia,Medina,,24.0714557,38.1103103,,,,0,,openstreetmap
دمشق,Saudi Arabia,Medina,,24.0566688,38.1454126,,,,0,,openstreetmap
الحظائر,Saudi Arabia,Medina,,24.0157233,38.2287017,,,,0,,openstreetmap
cups & sea,Saudi Arabia,Medina,,23.6972306,38.5707817,,,,0,,openstreetmap
ratio express,Saudi Arabia,Medina,,23.6970805,38.5708796,,,,0,,openstreetmap
marina cafe,Saudi Arabia,Medina,,23.5753554,38.6091977,,,,0,,openstreetmap
السيد. قهوة,Saudi Arabia,Medina,,24.0863291,38.0644533,,,,0,,openstreetmap
هو لبنان,Saudi Arabia,Medina,,24.07054,38.1122921,,,,0,,openstreetmap
القاوة التالي,Saudi Arabia,Medina,,24.0851156,38.0951836,,,,0,,openstreetmap
pro diet,Saudi Arabia,Medina,,24.0837357,38.1012856,,,,0,,openstreetmap
الشاي المغربي,Saudi Arabia,Medina,,24.0025806,38.2197498,,,,0,,openstreetmap
دجاج كنتاكي,Saudi Arabia,Medina,,24.0121974,38.2073343,,,,0,,openstreetmap
سلطة عصير سيجيا وآيس كريم,Saudi Arabia,Medina,,24.0973546,38.0925014,,,,0,,openstreetmap
المعادل,Saudi Arabia,Medina,,24.1212489,38.0624077,,,,0,,openstreetmap
رايو خان,Saudi Arabia,Medina,,24.0634716,38.0914734,,,,0,,openstreetmap
مطعم المنار الهندي,Saudi Arabia,Medina,,24.05955,38.1389722,,,,0,,openstreetmap
برجر وأكثر,Saudi Arabia,Medina,,24.0755963,38.0990458,,,,0,,openstreetmap
القانون,Saudi Arabia,Medina,,24.0638831,38.0917838,,,,0,,openstreetmap
مطعم زاد الوادي,Saudi Arabia,Medina,,23.6967958,38.5706136,,,,0,,openstreetmap
الصفا للوجبات السريعة,Saudi Arabia,Medina,,23.6970027,38.5704575,,,,0,,openstreetmap
بروست بهاروست | BOHAROAST,Saudi Arabia,Medina,,24.4901469,39.6929029,+966551862721,https://maps.app.goo.gl/w1NrN2dqgYd77M2q6,,0,,openstreetmap
ديفوي,Saudi Arabia,Medina,,24.1077297,38.0265648,,,,0,,openstreetmap
قهوة صفير متخصصة,Saudi Arabia,Medina,,24.1070001,38.0252698,,,,0,,openstreetmap
بونو بيتزا باستا,Saudi Arabia,Medina,,24.0827726,38.1033231,,,,0,,openstreetmap
لا بينيا,Saudi Arabia,Medina,,24.0195901,38.2016955,,,,0,,openstreetmap
بيت الدونات,Saudi Arabia,Medina,,24.0179605,38.1970985,,,,0,,openstreetmap
dose,Saudi Arabia,Medina,,24.0871526,38.0454356,,,,0,,openstreetmap
نسبة التعبير,Saudi Arabia,Medina,,24.1152441,37.9987859,,,,0,,openstreetmap
بطاطس صديق,Saudi Arabia,Medina,,24.1136273,38.02143,,,,0,,openstreetmap
وقت البرجر,Saudi Arabia,Medina,,24.0847368,38.094956,,,,0,,openstreetmap
التحميل الزائد,Saudi Arabia,Medina,,24.0634051,38.0914047,,,,0,,openstreetmap
بوفيه جده,Saudi Arabia,Medina,,24.078925,38.0925863,,,,0,,openstreetmap
lavena,Saudi Arabia,Medina,,24.0969154,38.1873947,,,,0,,openstreetmap
snack it,Saudi Arabia,Medina,,24.0850961,38.0583079,,,,0,,openstreetmap
كبسة الشامخ,Saudi Arabia,Medina,,24.104761,38.0474559,,,,0,,openstreetmap
بلدي التاون,Saudi Arabia,Medina,,24.0954961,38.0856788,,,,0,,openstreetmap
مطاعم ومطابخ الدفة,Saudi Arabia,Medina,,24.1117828,38.0606735,,,,0,,openstreetmap
بيتزا و باستا ليزوان,Saudi Arabia,Medina,,24.0635987,38.0907868,,,,0,,openstreetmap
بيت البيتزا,Saudi Arabia,Medina,,24.0922873,38.0526092,,,,0,,openstreetmap
ethemam cafe,Saudi Arabia,Medina,,24.0777257,38.0362979,,,,0,,openstreetmap
kyan,Saudi Arabia,Medina,,23.7767505,38.7973103,,,,0,,openstreetmap
calimaro,Saudi Arabia,Medina,,24.0756274,38.0442655,,,,0,,openstreetmap
شاورمر دولفين,Saudi Arabia,Medina,,24.1140416,38.0212203,,,,0,,openstreetmap
برجر طازج,Saudi Arabia,Medina,,24.0870008,38.0452581,,,,0,,openstreetmap
زاد المدينة,Saudi Arabia,Medina,,24.0972789,38.1877287,,,,0,,openstreetmap
بحر الكبسة,Saudi Arabia,Medina,,23.7848561,38.7919688,,,,0,,openstreetmap
سردار,Saudi Arabia,Medina,,23.7847232,38.7918944,,,,0,,openstreetmap
Pink Camel,Saudi Arabia,Medina,,26.6317939,37.9131727,,,,0,,openstreetmap
Javanese Restaurant,Saudi Arabia,Medina,,24.4734114,39.6132254,,,,0,,openstreetmap
Sonargaon Restaurant,Saudi Arabia,Medina,شارع عبدالرحمن بن عوف,24.4738279,39.6094996,+966560484888,,,0,,openstreetmap
ستة وثلاثين مل كافيه,Saudi Arabia,Medina,,24.4304096,39.5854651,,,,0,,openstreetmap
شعيب المغيسلة - الحيّ,Saudi Arabia,Medina,,24.4579322,39.6019084,,,,0,,openstreetmap
مزرعة المربد,Saudi Arabia,Medina,,24.4423898,39.6283667,,,,0,,openstreetmap
Moody Caffe,Saudi Arabia,Medina,الحديقة الشمالية ونتر بارك,26.6640294,37.904538,+966563416068,,,0,,openstreetmap
Red Deer,Saudi Arabia,Medina,Almajed,24.0691854,38.104961,0542590246,https://www.instagram.com/__red_deer__?igsh=OWp5ZG9rMmV6ZW1n,,0,,openstreetmap
مطاعم و مطابخ نخبة حضرموت,Saudi Arabia,Medina,طريق الملك عبدالله,24.4750324,39.5826143,0558056448,https://linktr.ee/nokhba.hdr,,0,,openstreetmap
Top One Lounge Cafe,Saudi Arabia,Medina,,23.5035545,40.8850959,,,,0,,openstreetmap
family restaurant,Saudi Arabia,Medina,,24.4864008,39.5945877,,,,0,,openstreetmap
family cafe,Saudi Arabia,Medina,,24.4862732,39.5930593,,,,0,,openstreetmap
Grapeleaves,Saudi Arabia,Medina,,24.4497978,39.5426998,,,,0,,openstreetmap
الفتح,Saudi Arabia,Medina,,24.4345489,39.5937674,,,,0,,openstreetmap
بروست فريو,Saudi Arabia,Medina,عمر بن الخطاب,24.1340123,38.0039016,0502204150,https://frieo.tryorder.net/app,,0,,openstreetmap
مطاعم الرومانسية Al-Romansiah Restaurants,Saudi Arabia,Medina,,24.47009,39.6416017,920000144,https://alromansiah.com/,,0,,openstreetmap
مطعم الملوي,Saudi Arabia,Medina,طريق حائل المدينة المنورة السريع,25.315029,40.3736173,,,,0,,openstreetmap
ماما غنوج,Saudi Arabia,Medina,,24.4719433,39.5539372,+966546040534,https://mama-ghanouj.menus-sa.com/ar,,0,,openstreetmap
مطعم سيريه قدوري Qadori,Saudi Arabia,Medina,Al Amir Mohammed Bin Abdul Aziz Street,24.4559081,39.6553863,,,,0,,openstreetmap
بروتين,Saudi Arabia,Medina,طريق الأمير عبد المجيد,24.4463686,39.6189568,,,,0,,openstreetmap
مطعم البيك,Saudi Arabia,Medina,,24.0170394,38.1971815,,,,0,,openstreetmap
"مطعم الطلبة, الجامعة الإسلامية بالمدينة المنورة",Saudi Arabia,Medina,,24.4785203,39.5593202,,,,0,,openstreetmap
Kaylah Lounge,Saudi Arabia,Medina,,24.0746989,38.0851663,+966583018191,https://www.instagram.com/kaylah_ksa/?hl=en,,0,,openstreetmap
Somewhere,Saudi Arabia,Medina,,26.6294823,37.9138981,,,,0,,openstreetmap
Alshwaia house restaurant,Saudi Arabia,Najran,King Saud bi Abdulaziz St,17.5436084,44.2235113,,,,0,,openstreetmap
Brost chicken,Saudi Arabia,Najran,King Abdulaziz St,17.5429426,44.2229383,,,,0,,openstreetmap
Alremal restaurant,Saudi Arabia,Najran,King Abdulaziz St,17.5412444,44.2208004,,,,0,,openstreetmap
الكربوش,Saudi Arabia,Najran,King Abdulaziz St,17.5343942,44.2131389,,,,0,,openstreetmap
Shalimar restaurant,Saudi Arabia,Najran,King Abdulaziz St,17.5273075,44.2072811,,,,0,,openstreetmap
Kudu,Saudi Arabia,Najran,,17.5505147,44.25736,,,,0,,openstreetmap
مطاعم مارنيز,Saudi Arabia,Najran,الملك سلمان بن عبدالعزيز,17.5466928,44.2166084,0175222121,,,0,,openstreetmap
Restaurant beside SAPTCO office,Saudi Arabia,Najran,,18.8622936,45.111111,,,,0,,openstreetmap
Saptco gas station,Saudi Arabia,Najran,,18.8623378,45.1106489,,,,0,,openstreetmap
بيتزا الجوهره,Saudi Arabia,Najran,,17.475,47.0972,,,,0,,openstreetmap
مطاعم ومطابخ الرواد,Saudi Arabia,Najran,,17.4936,47.1026,,,,0,,openstreetmap
مطعم كواتم,Saudi Arabia,Najran,,17.0641,47.0919,,,,0,,openstreetmap
مطعم البيت الشعبي,Saudi Arabia,Najran,,17.5673,44.3236,,,,0,,openstreetmap
افندي,Saudi Arabia,Najran,,17.4769644,47.0969289,,,,0,,openstreetmap
فروج طازج,Saudi Arabia,Najran,,17.4772464,47.0969784,,,,0,,openstreetmap
بارك,Saudi Arabia,Najran,شارع الملك فهد,17.4753152,47.1032085,+966508991322,,,0,,openstreetmap
مقهى وجهة,Saudi Arabia,Najran,,17.4821552,47.1078432,,,,0,,openstreetmap
روشان اند كيان,Saudi Arabia,Najran,شارع الجوافة,17.5558571,44.238141,0501668099,https://www.roshankyan.com/,,0,,openstreetmap
دانكن دونتس,Saudi Arabia,Najran,,17.5349332,44.2139004,,,,0,,openstreetmap
فريدو,Saudi Arabia,Najran,,17.5367257,44.2121669,,,,0,,openstreetmap
سوسايتي,Saudi Arabia,Najran,,17.5328095,44.2021895,,,,0,,openstreetmap
ليل وقمر,Saudi Arabia,Najran,,17.5288808,44.2015832,,,,0,,openstreetmap
Lama Cafe,Saudi Arabia,Najran,,17.5328579,44.2025665,,,,0,,openstreetmap
كودو,Saudi Arabia,Najran,,17.5284628,44.2010872,,,,0,,openstreetmap
عمو عدنان,Saudi Arabia,Najran,,17.528451,44.2015883,,,,0,,openstreetmap
ليالينا كافه,Saudi Arabia,Najran,,17.5277732,44.207806,,,,0,,openstreetmap
دانة المساء,Saudi Arabia,Najran,,17.5282731,44.2083003,,,,0,,openstreetmap
شاهي جام,Saudi Arabia,Najran,,17.5321314,44.2103119,,,,0,,openstreetmap
400 mg,Saudi Arabia,Najran,,17.5362314,44.2148602,,,,0,,openstreetmap
الطازج,Saudi Arabia,Najran,,17.535301,44.2138918,,,,0,,openstreetmap
99,Saudi Arabia,Najran,,17.5330521,44.2031642,,,,0,,openstreetmap
Alba,Saudi Arabia,Najran,,17.5312245,44.2011036,,,,0,,openstreetmap
عصاىٔر حكاية,Saudi Arabia,Najran,,17.5283616,44.2016026,+966509559898,,,0,,openstreetmap
مكان,Saudi Arabia,Najran,,17.5308977,44.2011776,,,,0,,openstreetmap
كباب حمزة,Saudi Arabia,Najran,,17.5300781,44.2007451,+966175230505,,,0,,openstreetmap
مطاعم الباخرة,Saudi Arabia,Najran,,17.5248617,44.201002,+966507595888,,,0,,openstreetmap
فروج البيت,Saudi Arabia,Najran,,17.5204414,44.1937567,+966175225090,,,0,,openstreetmap
ماكدونالدز,Saudi Arabia,Najran,,17.5067035,44.1878923,,,,0,,openstreetmap
1K,Saudi Arabia,Najran,,17.4876491,44.1023351,,,,0,,openstreetmap
OOTO QUT THE ORDINARY,Saudi Arabia,Najran,,17.4943322,47.08291,0500788851,,,0,,openstreetmap
مشوي بلدي,Saudi Arabia,Najran,شارع الجوافة,17.5553418,44.2382278,+966509398350,https://mashwibaladi.com,,0,,openstreetmap
حان وقته,Saudi Arabia,Najran,,17.6437106,44.4664727,,,,0,,openstreetmap
مطعم المنتزه,Saudi Arabia,Najran,King Abdullaziz St,17.5952796,44.3767619,,,,0,,openstreetmap
Herfy,Saudi Arabia,Najran,,17.5493794,44.2567971,,,,0,,openstreetmap
كيان KYAN,Saudi Arabia,Najran,طريق ابي بكر الصديق,17.5095637,47.0983592,920011100,https://www.kyancafe.com/,,0,,openstreetmap
أصل البرجر TBO,Saudi Arabia,Najran,طريق الامير سلطان,17.4993056,47.1042568,0534226989,,,0,,openstreetmap
ركن مقادير,Saudi Arabia,Najran,طريق الامير سلطان,17.5002987,47.1051742,0506676520,https://www.instagram.com/maqadeerres/reels/,,0,,openstreetmap
Park Coffee Drive Thru,Saudi Arabia,Najran,طريق الملك سلمان بن عبدالعزيز,17.4908669,47.0818724,+966508991322,https://parkcoffeesa.com/,,0,,openstreetmap
Donut Land,Saudi Arabia,Najran,,17.5336762,44.2133285,+966553304963,,,0,,openstreetmap
Kudu,Saudi Arabia,Riyadh,,24.6904926,46.7232179,,,,0,,openstreetmap
Firdays,Saudi Arabia,Riyadh,,24.7675896,46.7597589,,,,0,,openstreetmap
Roma Cafe,Saudi Arabia,Riyadh,,24.7016088,46.6915377,,,,0,,openstreetmap
KFC,Saudi Arabia,Riyadh,,24.7118004,46.6969673,,,,0,,openstreetmap
Shiraz Restaurant (Iranian),Saudi Arabia,Riyadh,,24.7014755,46.6916745,,,,0,,openstreetmap
Hardees,Saudi Arabia,Riyadh,,24.7117224,46.6970049,,,,0,,openstreetmap
Al Mansaf,Saudi Arabia,Riyadh,,24.711061,46.6977886,,,,0,,openstreetmap
Shawerma House,Saudi Arabia,Riyadh,,24.7085594,46.6874735,,,,0,,openstreetmap
ماكدونالدز,Saudi Arabia,Riyadh,,24.7132672,46.6735034,,,,0,,openstreetmap
Coffee hill cafe,Saudi Arabia,Riyadh,Sheikh Abdullah Al Angari Street,24.7246035,46.6818599,,,,0,,openstreetmap
Urth Caffe,Saudi Arabia,Riyadh,,24.6896464,46.6863087,+966920007498,https://www.urthcaffe.sa/welcome/index,,0,,openstreetmap
Hashim Restaurant,Saudi Arabia,Riyadh,,24.7062361,46.6993868,,,,0,,openstreetmap
Wooden Bakery,Saudi Arabia,Riyadh,,24.6940126,46.7226448,,,,0,,openstreetmap
Krispy Kreme,Saudi Arabia,Riyadh,,24.7375342,46.7976946,,,,0,,openstreetmap
Burger King,Saudi Arabia,Riyadh,,24.7373198,46.7973512,,,,0,,openstreetmap
مطعم باب توما,Saudi Arabia,Riyadh,,24.710645,46.693098,,,,0,,openstreetmap
بيتزا هت,Saudi Arabia,Riyadh,,24.7329056,46.6779552,,,,0,,openstreetmap
Roma Restaurant,Saudi Arabia,Riyadh,,24.703405,46.6820536,,,,0,,openstreetmap
Makani,Saudi Arabia,Riyadh,,24.7099548,46.6911624,,,,0,,openstreetmap
Lebanon Al Kabeer,Saudi Arabia,Riyadh,,24.7104422,46.6924391,,,,0,,openstreetmap
Indonesian,Saudi Arabia,Riyadh,,24.7098964,46.6909907,,,,0,,openstreetmap
The Pizza Company,Saudi Arabia,Riyadh,,24.7026567,46.6799824,,,,0,,openstreetmap
Chinese Golden Palace,Saudi Arabia,Riyadh,,24.7034733,46.6813777,,,,0,,openstreetmap
Starbucks,Saudi Arabia,Riyadh,,24.6930778,46.6948692,,,,0,,openstreetmap
مقهى التحلية,Saudi Arabia,Riyadh,الأمير محمد بن عبدالعزيز,24.7025498,46.6973556,+966580694203,,,0,,openstreetmap
Steak House,Saudi Arabia,Riyadh,,24.6937435,46.6977074,,,,0,,openstreetmap
سنشري برجر,Saudi Arabia,Riyadh,,24.6984321,46.6893818,,,,0,,openstreetmap
Chinese restaurant,Saudi Arabia,Riyadh,,24.6941334,46.6852727,,,,0,,openstreetmap
Pizza Hut,Saudi Arabia,Riyadh,,24.6878167,46.6878047,,,,0,,openstreetmap
McDonald's,Saudi Arabia,Riyadh,,24.68678,46.733841,,,,0,,openstreetmap
د.كيف,Saudi Arabia,Riyadh,,24.6926207,46.7324952,,,,0,,openstreetmap
Al Rabe'a,Saudi Arabia,Riyadh,,24.6975196,46.7805034,,,,0,,openstreetmap
Al Yamamah Restaurant,Saudi Arabia,Riyadh,,24.7159663,46.7918184,,,,0,,openstreetmap
Seatle's Best,Saudi Arabia,Riyadh,,24.7672177,46.7557637,,,,0,,openstreetmap
Donut House,Saudi Arabia,Riyadh,,24.7119322,46.6751475,,,,0,,openstreetmap
Planet Hollywood,Saudi Arabia,Riyadh,,24.7116691,46.6752226,,,,0,,openstreetmap
Shanghai Express,Saudi Arabia,Riyadh,,24.7121272,46.6750938,,,,0,,openstreetmap
Aladdin,Saudi Arabia,Riyadh,,24.7117763,46.6750402,,,,0,,openstreetmap
Domino's Pizza,Saudi Arabia,Riyadh,,24.7009672,46.6765959,,,,0,,openstreetmap
Kany Restaurant,Saudi Arabia,Riyadh,,24.7008307,46.6770358,,,,0,,openstreetmap
Pizza Inn,Saudi Arabia,Riyadh,,24.7008989,46.676671,,,,0,,openstreetmap
Fish & Chips,Saudi Arabia,Riyadh,Tahliya St.,24.7006869,46.6928923,,,,0,,openstreetmap
Finzione,Saudi Arabia,Riyadh,,24.7044347,46.7016953,,,,0,,openstreetmap
Barbecue Nation,Saudi Arabia,Riyadh,,24.7045947,46.7018562,,,,0,,openstreetmap
Reyash,Saudi Arabia,Riyadh,,24.7045029,46.7019314,,,,0,,openstreetmap
Saadiddin Restaurant,Saudi Arabia,Riyadh,Khurais Road,24.725446,46.778086,,,,0,,openstreetmap
Forchetta Italian Grill,Saudi Arabia,Riyadh,,24.724413,46.778962,,,,0,,openstreetmap
Cinnabon,Saudi Arabia,Riyadh,,24.7375941,46.7978042,,,,0,,openstreetmap
Java Cafe,Saudi Arabia,Riyadh,,24.6883445,46.7185334,,,,0,,openstreetmap
Al Kafoura Rest. & Sweets,Saudi Arabia,Riyadh,,24.68434,46.718445,,,,0,,openstreetmap
Domino's,Saudi Arabia,Riyadh,,24.6879164,46.7246219,,,,0,,openstreetmap
Al Shurfa Cafe & Restaurant,Saudi Arabia,Riyadh,شارع خريص,24.7036329,46.743159,0114455544,https://shurfa.com/,,0,,openstreetmap
Cafe Coffee,Saudi Arabia,Riyadh,,24.7545012,46.7423114,,,,0,,openstreetmap
Crown Plaza hotel Riyadh,Saudi Arabia,Riyadh,,24.6897441,46.7173539,,,,0,,openstreetmap
Quattro,Saudi Arabia,Riyadh,,24.7112433,46.6732363,,,,0,,openstreetmap
ديري كوين,Saudi Arabia,Riyadh,,24.7007697,46.6923201,,,,0,,openstreetmap
هرفي,Saudi Arabia,Riyadh,,24.6756062,46.6751345,,,,0,,openstreetmap
Yamal Asham,Saudi Arabia,Riyadh,,24.6894742,46.700071,,,,0,,openstreetmap
ماما نورة,Saudi Arabia,Riyadh,عبد العزيز بن مساعد بن جلوي,24.6915798,46.7017661,,,,0,,openstreetmap
French Corner,Saudi Arabia,Riyadh,,24.6925351,46.7019271,,,,0,,openstreetmap
Italian,Saudi Arabia,Riyadh,,24.7707353,46.6720081,,,,0,,openstreetmap
Buffalo,Saudi Arabia,Riyadh,,24.7017399,46.6951667,,,,0,,openstreetmap
Vapiano,Saudi Arabia,Riyadh,,24.6988545,46.6907787,,,,0,,openstreetmap
مطعم هرفي,Saudi Arabia,Riyadh,,24.7310396,46.7625149,,https://www.herfy.com/index.php?lang=ar,,0,,openstreetmap
Subway,Saudi Arabia,Riyadh,,24.6898109,46.6866028,,,,0,,openstreetmap
Pizza Fusion,Saudi Arabia,Riyadh,,24.6936617,46.6974285,,,,0,,openstreetmap
Darbar Restaurant,Saudi Arabia,Riyadh,,24.6833024,46.6885331,,,,0,,openstreetmap
Lucky Cafe,Saudi Arabia,Riyadh,,24.6830044,46.6892504,,,,0,,openstreetmap
بر وسمن,Saudi Arabia,Riyadh,,24.5867466,46.6673033,,,,0,,openstreetmap
Al Khozana - Garden BBQ,Saudi Arabia,Riyadh,,24.6914913,46.6854179,,,,0,,openstreetmap
Abdel Wahab,Saudi Arabia,Riyadh,,24.6949652,46.6996622,,,,0,,openstreetmap
على خفيف,Saudi Arabia,Riyadh,Khurais Road,24.6822342,46.6978598,,,,0,,openstreetmap
Koushari Express,Saudi Arabia,Riyadh,,24.670807,46.7303883,,,,0,,openstreetmap
Gad,Saudi Arabia,Riyadh,,24.6708964,46.7309483,,,,0,,openstreetmap
Shawaya house,Saudi Arabia,Riyadh,,24.6713485,46.7333422,,,,0,,openstreetmap
مطعم هاشم,Saudi Arabia,Riyadh,,24.6676583,46.7332618,,,,0,,openstreetmap
Ghawar,Saudi Arabia,Riyadh,,24.6697399,46.7315827,,,,0,,openstreetmap
Al Omda,Saudi Arabia,Riyadh,,24.6704321,46.7313627,,,,0,,openstreetmap
Pizza Jarir,Saudi Arabia,Riyadh,,24.6707095,46.7297606,,,,0,,openstreetmap
Mama Mashael,Saudi Arabia,Riyadh,,24.6706803,46.7295246,,,,0,,openstreetmap
أكثر من قهوة,Saudi Arabia,Riyadh,,24.7811556,46.6617395,+966507478472,http://morethanacafe.com.sa,,0,,openstreetmap
جافا تايم,Saudi Arabia,Riyadh,King Fahad Rd,24.6828568,46.69716,,,,0,,openstreetmap
جافا كفيه,Saudi Arabia,Riyadh,,24.5842784,46.6911104,,,,0,,openstreetmap
Baskin Robbins,Saudi Arabia,Riyadh,طريق عثمان بن عفان,24.7640166,46.7142571,,https://www.baskinrobbins.com/content/baskinrobbins/en.html,,0,,openstreetmap
Najd Village,Saudi Arabia,Riyadh,Abu Bakr asSiddiq,24.742561,46.7046388,,,,0,,openstreetmap
Golden Saj,Saudi Arabia,Riyadh,Al Amir Naif Bin Abdul Aziz St.,24.7396443,46.6707885,,,,0,,openstreetmap
الرومانسية,Saudi Arabia,Riyadh,Al Zubair Bin Al Awam St.,24.6958274,46.7923604,920000144,,,0,,openstreetmap
فطيرة هت,Saudi Arabia,Riyadh,,24.6956985,46.7921909,,,,0,,openstreetmap
مطاعم الصاج الذهبي,Saudi Arabia,Riyadh,,24.7004579,46.7792878,,,,0,,openstreetmap
arocaria,Saudi Arabia,Riyadh,,24.7089154,46.6630009,,,,0,,openstreetmap
قصر حلو عبد الرحمن الحلاب وأولاده ١٨٨١,Saudi Arabia,Riyadh,,24.7088068,46.7076196,,,,0,,openstreetmap
كايف,Saudi Arabia,Riyadh,,26.3051576,44.8337059,,,,0,,openstreetmap
Tony Roma's,Saudi Arabia,Riyadh,,24.7027286,46.6801722,,,,0,,openstreetmap
Mensa,Saudi Arabia,Riyadh,,24.8095361,46.7072218,,,,0,,openstreetmap
Dunkin' Donuts,Saudi Arabia,Riyadh,,24.6731463,46.6231617,,,,0,,openstreetmap
Coffee Lounge,Saudi Arabia,Riyadh,,24.6882675,46.6191666,,,,0,,openstreetmap
كنتاكي,Saudi Arabia,Riyadh,,24.6517971,46.7078563,,,,0,,openstreetmap
عمو حمزة,Saudi Arabia,Riyadh,,24.6518995,46.7083525,,,,0,,openstreetmap
سلامة,Saudi Arabia,Riyadh,,24.6299338,46.7180707,,,,0,,openstreetmap
اكسير البن,Saudi Arabia,Riyadh,"Salim Ibn Maqil, An Nakhil",24.7343299,46.6112465,+966570908181,https://elixirbunn.com/,,0,,openstreetmap
Steak Escape,Saudi Arabia,Riyadh,,24.7781,46.7113951,,,,0,,openstreetmap
منتو يغمش,Saudi Arabia,Riyadh,,24.8005739,46.7829763,,,,0,,openstreetmap
مطعم كودو,Saudi Arabia,Riyadh,,25.2429894,45.2573829,,,,0,,openstreetmap
دومينوز بيتزا,Saudi Arabia,Riyadh,,25.2437305,45.2578748,,,,0,,openstreetmap
مطعم كنتاكي,Saudi Arabia,Riyadh,,25.2445196,45.2586888,,,,0,,openstreetmap
شيخ البلد,Saudi Arabia,Riyadh,,24.6183082,46.7245099,,,,0,,openstreetmap
Mahboob,Saudi Arabia,Riyadh,Prince Turki Ibn Abdulaziz Ath Thani,24.7590745,46.6639915,,,,0,,openstreetmap
Herfy,Saudi Arabia,Riyadh,Northern Ring Road,24.767528,46.6643418,920001111,https://www.herfy.com/,,0,,openstreetmap
كودو,Saudi Arabia,Riyadh,,24.6283083,46.5596714,,,,0,,openstreetmap
المذاق الرومنسي,Saudi Arabia,Riyadh,,24.6197718,46.7447373,,,,0,,openstreetmap
السلام موال,Saudi Arabia,Riyadh,,24.55831,46.6369712,,,,0,,openstreetmap
شجرة الصفصاف,Saudi Arabia,Riyadh,,24.6493605,46.7066287,,,,0,,openstreetmap
الرشيد للحلويات,Saudi Arabia,Riyadh,شارع الوشم,24.6513981,46.7065806,,,,0,,openstreetmap
احلى حكاية,Saudi Arabia,Riyadh,Al Imam Abdul Lah Ibn Faisal Ibn Turki,24.64861,46.7065257,,,,0,,openstreetmap
Layali Cafe,Saudi Arabia,Riyadh,,24.6448952,46.7037311,,,,0,,openstreetmap
دوران الخليج كافية,Saudi Arabia,Riyadh,طريق الملك فهد,24.6451073,46.7036627,,,,0,,openstreetmap
مطعم روتي,Saudi Arabia,Riyadh,,24.6403353,46.7083444,,,,0,,openstreetmap
بروستد كوفي,Saudi Arabia,Riyadh,,24.6401514,46.7083399,,,,0,,openstreetmap
بياتو,Saudi Arabia,Riyadh,,24.8242528,46.6573739,,,,0,,openstreetmap
مها,Saudi Arabia,Riyadh,,24.7935813,46.6277833,,,,0,,openstreetmap
محمصة الدار,Saudi Arabia,Riyadh,شارع الوشم,24.6514046,46.7066725,,,,0,,openstreetmap
دجاج كنتاكي,Saudi Arabia,Riyadh,Takhassusi St.,24.7047828,46.6645614,920021111,,,0,,openstreetmap
Krespe Kreme Doughnuts,Saudi Arabia,Riyadh,Takhassusi St.,24.7048086,46.6649739,,,,0,,openstreetmap
مطعم المراسيم,Saudi Arabia,Riyadh,,24.5735055,46.7818385,,,,0,,openstreetmap
مطعم ديرتي,Saudi Arabia,Riyadh,,24.5736652,46.7852922,,,,0,,openstreetmap
بيت الشواية,Saudi Arabia,Riyadh,Umm Al Hamam St.,24.683857,46.6525395,,http://www.shawayahouse.com,,0,,openstreetmap
برجر كنج,Saudi Arabia,Riyadh,الدائري الحنوبي,24.5992269,46.7450868,,,,0,,openstreetmap
بيتزا وفطائر شامية,Saudi Arabia,Riyadh,Al Imam Abdul Lah Ibn Faisal Ibn Turki,24.6479955,46.7066944,,,,0,,openstreetmap
فلافل ابو بشار مطعم سوري,Saudi Arabia,Riyadh,,24.6476752,46.7067854,,,,0,,openstreetmap
فوال و فلافل مصري,Saudi Arabia,Riyadh,,24.6477987,46.7067636,,,,0,,openstreetmap
B1 burger,Saudi Arabia,Riyadh,,24.6021606,46.6461011,,,,0,,openstreetmap
واحد فول,Saudi Arabia,Riyadh,طريق الملك فهد,24.6609768,46.7013086,,,,0,,openstreetmap
مايسترو,Saudi Arabia,Riyadh,,24.6611514,46.7011863,,,,0,,openstreetmap
صب واي,Saudi Arabia,Riyadh,طريق الملك فهد,24.6612257,46.701098,,,,0,,openstreetmap
مطعم بخاري,Saudi Arabia,Riyadh,,24.8029841,46.7933498,,,,0,,openstreetmap
دان كن,Saudi Arabia,Riyadh,,24.8028053,46.7929442,,,,0,,openstreetmap
العباسية,Saudi Arabia,Riyadh,شارع غبيرة العام,24.6183482,46.7270326,,,,0,,openstreetmap
Allem Broast,Saudi Arabia,Riyadh,,25.2435468,45.2566265,,,,0,,openstreetmap
دومينوز,Saudi Arabia,Riyadh,شارع عبد العزيز بن مساعد بن جلوي,24.6549575,46.712033,,,,0,,openstreetmap
مطعم الرومانسيه,Saudi Arabia,Riyadh,الدائري الغربي مخرج27,24.5747347,46.6077444,,,,0,,openstreetmap
فخر الكيف للقهوة العربية,Saudi Arabia,Riyadh,المثنى بن حارثة,24.5645465,46.6981456,0503667702,,,0,,openstreetmap
مطعم التاج,Saudi Arabia,Riyadh,,25.2870363,45.8606209,,,,0,,openstreetmap
الوسام,Saudi Arabia,Riyadh,عبد العزيز بن مساعد بن جلوي,24.6807883,46.7005638,,,,0,,openstreetmap
بروستد البيه,Saudi Arabia,Riyadh,,24.583683,46.687793,,,,0,,openstreetmap
بيتزا ان,Saudi Arabia,Riyadh,,24.58378,46.687974,,,,0,,openstreetmap
الشواية,Saudi Arabia,Riyadh,,24.583475,46.687281,,,,0,,openstreetmap
الصاج الذهبي,Saudi Arabia,Riyadh,,24.6447405,46.7006307,,,,0,,openstreetmap
The Pancake House,Saudi Arabia,Riyadh,طريق الملك فهد,24.7079737,46.6751704,,,,0,,openstreetmap
Al al Fandi Brosted,Saudi Arabia,Riyadh,,24.6926247,46.650158,,,,0,,openstreetmap
بوفية النيل,Saudi Arabia,Riyadh,,23.4869258,46.8787315,,,,0,,openstreetmap
مطعم الوسام,Saudi Arabia,Riyadh,,23.4866172,46.8786099,,,,0,,openstreetmap
استراحة,Saudi Arabia,Riyadh,,24.4157751,46.5234028,,,,0,,openstreetmap
القرية النجدية,Saudi Arabia,Riyadh,,24.7351821,46.7075464,,,,0,,openstreetmap
شاورمر,Saudi Arabia,Riyadh,,25.8976756,45.3494907,,,,0,,openstreetmap
سبايس,Saudi Arabia,Riyadh,,25.8977405,45.3494067,,,,0,,openstreetmap
منؤشة,Saudi Arabia,Riyadh,,25.8977992,45.349344,,,,0,,openstreetmap
مطعم ابوسليمان,Saudi Arabia,Riyadh,,25.9001982,45.354904,,,,0,,openstreetmap
المفرق,Saudi Arabia,Riyadh,,22.69284,45.7586736,,,,0,,openstreetmap
Applebee's,Saudi Arabia,Riyadh,,24.658699,46.7839466,,,,0,,openstreetmap
Smashburger-Hittin,Saudi Arabia,Riyadh,,24.753668,46.5843261,,,,0,,openstreetmap
Ghazi Fast Food,Saudi Arabia,Riyadh,Al Ibn Talib Road,24.6769341,46.7435305,,,,0,,openstreetmap
دانكن دونتس,Saudi Arabia,Riyadh,Al Ihsa Street,24.6898161,46.7331563,,,,0,,openstreetmap
باسكن روبنز,Saudi Arabia,Riyadh,,24.6896202,46.7332326,,,,0,,openstreetmap
Bombay Hotel,Saudi Arabia,Riyadh,,24.6784326,46.7434388,,,,0,,openstreetmap
Express Arabic & Persian Restaurant,Saudi Arabia,Riyadh,Ali Ibn Talib Street,24.678041,46.7435589,,,,0,,openstreetmap
مطعم اللبنان الكبير,Saudi Arabia,Riyadh,شارع الأمير ممدوح بن عبدالعزيز,24.7102401,46.692768,,,,0,,openstreetmap
Abo al haytham cafe,Saudi Arabia,Riyadh,,24.6874752,46.8526402,,,,0,,openstreetmap
فلفلة,Saudi Arabia,Riyadh,خالد ابن الوليد,24.7403049,46.7793296,+966112377711,http://www.filfila.sa,,0,,openstreetmap
لقمه شهيه,Saudi Arabia,Riyadh,Al Shafa,24.6206217,46.5458783,,,,0,,openstreetmap
مطاعم المشوي والشوايه,Saudi Arabia,Riyadh,Al Taief,24.6508357,46.5608642,,,,0,,openstreetmap
مطعم بيتزا روما,Saudi Arabia,Riyadh,,24.7006387,46.6922802,,,,0,,openstreetmap
مطعم فول وعدس,Saudi Arabia,Riyadh,Khalid Bin Yazid Bin Mu'awiah Street,24.7090425,46.6795473,,,,0,,openstreetmap
محل محمصة البلاد,Saudi Arabia,Riyadh,الشارع العام ، الصحنة,23.9958516,47.1378494,,,,0,,openstreetmap
مطابخ الطيبات,Saudi Arabia,Riyadh,,23.9951725,47.1393095,,,,0,,openstreetmap
مطعم الطاهي ، وجبات سريعة,Saudi Arabia,Riyadh,الصحنة شارع الثلاثين,23.9957504,47.1324625,,,,0,,openstreetmap
مطاعم ومطابخ أريانا النموذجية,Saudi Arabia,Riyadh,,23.9957386,47.1288506,,,,0,,openstreetmap
مطعم الشراع,Saudi Arabia,Riyadh,شارع السويدي العام,24.5835627,46.6618948,,,,0,,openstreetmap
مطعم كرم العرب,Saudi Arabia,Riyadh,شارع الأمير محمد بن عبد الرحمن,24.6135832,46.7336857,,,,0,,openstreetmap
مطعم نثري,Saudi Arabia,Riyadh,South Ring Road,24.5750926,46.6758243,,,,0,,openstreetmap
مكي للمثلوثه,Saudi Arabia,Riyadh,,24.1533646,47.3193347,,,,0,,openstreetmap
مطبخ السروات,Saudi Arabia,Riyadh,,24.1535719,47.3189649,,,,0,,openstreetmap
رتشي برجر,Saudi Arabia,Riyadh,,24.1545657,47.3186967,,,,0,,openstreetmap
حلويات ابو أنس,Saudi Arabia,Riyadh,,24.7112924,46.6944795,,,,0,,openstreetmap
مطاعم و حلويات النافورة,Saudi Arabia,Riyadh,King Faisal,24.6574201,46.7060194,,,,0,,openstreetmap
بيت سيد احمد الجديد,Saudi Arabia,Riyadh,,24.6268571,46.5643414,,,,0,,openstreetmap
شارع سدير,Saudi Arabia,Riyadh,,24.5730724,46.655093,,,,0,,openstreetmap
توم توم,Saudi Arabia,Riyadh,,24.7100206,46.7752609,,,,0,,openstreetmap
مطعم السوداني في المخ,Saudi Arabia,Riyadh,King Abdullah Road,24.4791978,46.2928328,,,,0,,openstreetmap
مطاعم التنهات,Saudi Arabia,Riyadh,الدائري الجنوبي,24.5741241,46.6744553,,,,0,,openstreetmap
كنافة تايم,Saudi Arabia,Riyadh,Ibn Sina,24.7615142,46.6740792,,,,0,,openstreetmap
جست تشل,Saudi Arabia,Riyadh,,24.7614566,46.6739618,,,,0,,openstreetmap
شباب البخاري,Saudi Arabia,Riyadh,King Abdul Aziz Road,24.8843959,46.6110214,,,,0,,openstreetmap
کودو,Saudi Arabia,Riyadh,,24.8064789,46.692986,,,,0,,openstreetmap
ماکدونلدز,Saudi Arabia,Riyadh,,24.8056738,46.6933701,,,,0,,openstreetmap
Shikara Restaurant,Saudi Arabia,Riyadh,طريق الملك فهد,24.7128171,46.6711407,+966112305333,,,0,,openstreetmap
Tea Park for bubble tea,Saudi Arabia,Riyadh,عبد العزيز بن مساعد بن جلوي,24.6948127,46.7027024,,,,0,,openstreetmap
Akariya 3 Food Court,Saudi Arabia,Riyadh,,24.7053464,46.6833325,,,,0,,openstreetmap
La Piazza,Saudi Arabia,Riyadh,,24.7273506,46.6651178,+966114543300,,,0,,openstreetmap
Al Bustan,Saudi Arabia,Riyadh,,24.7273506,46.6650473,,,,0,,openstreetmap
مقهى بلانو كافيه,Saudi Arabia,Riyadh,,24.7379427,46.6889009,,,,0,,openstreetmap
أقوس,Saudi Arabia,Riyadh,Tahliya Street,24.7039122,46.7024194,,,,0,,openstreetmap
برجرايزر١,Saudi Arabia,Riyadh,,24.8149607,46.688816,,,,0,,openstreetmap
برجر فيول,Saudi Arabia,Riyadh,,24.8071309,46.6925067,,,,0,,openstreetmap
ستاربكس,Saudi Arabia,Riyadh,,24.8056365,46.6931658,,,,0,,openstreetmap
مطعم النافورة,Saudi Arabia,Riyadh,Al Imam Abdullah Bin Saud Ibn Abdulaziz,24.7990314,46.78546,,,,0,,openstreetmap
batha hotel,Saudi Arabia,Riyadh,,24.6444291,46.7156641,,,,0,,openstreetmap
Lahore Restaurent,Saudi Arabia,Riyadh,,24.6743841,46.7445923,,,,0,,openstreetmap
مطعم السبيعي,Saudi Arabia,Riyadh,شارع السويدي العام,24.598203,46.685459,,,,0,,openstreetmap
هارديز,Saudi Arabia,Riyadh,,24.5960543,46.6815841,,,,0,,openstreetmap
مطعم سبايس الهندي,Saudi Arabia,Riyadh,,24.5976593,46.6842768,,,,0,,openstreetmap
كرم بيروت,Saudi Arabia,Riyadh,,24.7037638,46.7020215,,,,0,,openstreetmap
al rafiya,Saudi Arabia,Riyadh,,24.6790048,43.7008467,,,,0,,openstreetmap
جولت كوفي,Saudi Arabia,Riyadh,طريق تركي الأول بن عبدالعزيز آل سعود,24.7240862,46.6454565,,,,0,,openstreetmap
مطعم فروج الكروان,Saudi Arabia,Riyadh,,24.6938721,46.6785357,,,,0,,openstreetmap
مطعم مندي الرياض,Saudi Arabia,Riyadh,,26.2993584,44.8101826,,,,0,,openstreetmap
هوت دوق اكسبرس,Saudi Arabia,Riyadh,,24.8004505,46.7396469,,,,0,,openstreetmap
OULU Lounge,Saudi Arabia,Riyadh,,24.7104405,46.6631414,,,,0,,openstreetmap
Al Faye,Saudi Arabia,Riyadh,,22.281527,46.7337084,,,,0,,openstreetmap
دكتور كيف,Saudi Arabia,Riyadh,,24.7798477,46.7312586,,,,0,,openstreetmap
تشكن بلص,Saudi Arabia,Riyadh,,26.0299015,44.9519099,,,,0,,openstreetmap
كافيه دي جاردن,Saudi Arabia,Riyadh,Airport Rd,24.802743,46.7165124,,,,0,,openstreetmap
ارببكا,Saudi Arabia,Riyadh,,24.6372046,46.6931329,,,,0,,openstreetmap
واينز كوفي,Saudi Arabia,Riyadh,,24.675876,46.6756541,,,,0,,openstreetmap
Al Masaa Cafe,Saudi Arabia,Riyadh,,24.7135789,46.6720732,,,,0,,openstreetmap
Fairouz Garden,Saudi Arabia,Riyadh,,24.7080046,46.675289,,,,0,,openstreetmap
مولتن,Saudi Arabia,Riyadh,,24.6742966,46.6683789,,,,0,,openstreetmap
فرشي,Saudi Arabia,Riyadh,,24.6741686,46.6683897,,,,0,,openstreetmap
مايسترو بيتزا,Saudi Arabia,Riyadh,,24.6742966,46.6682167,,,,0,,openstreetmap
عالخفيف,Saudi Arabia,Riyadh,,24.6843449,46.7911624,,https://alkhafeef.com.sa/,,0,,openstreetmap
جاي كو,Saudi Arabia,Riyadh,,24.7529767,46.584153,,,,0,,openstreetmap
Al-Rajhi Bank Operations Center Cafeteria,Saudi Arabia,Riyadh,,24.7524201,46.63106,,,,0,,openstreetmap
مطعم انار كلي,Saudi Arabia,Riyadh,طريق الخرج القديم,24.579005,46.8186497,,,,0,,openstreetmap
Domino's Pizza - دومينوز بيتزا,Saudi Arabia,Riyadh,طريق الملك عبدالله,24.7797836,46.7877687,920012345,https://www.dominos.sa/,,0,,openstreetmap
البيك,Saudi Arabia,Riyadh,,24.6328516,46.5652681,,,,0,,openstreetmap
بيت الشاورما,Saudi Arabia,Riyadh,,24.5740796,46.6086127,,,,0,,openstreetmap
بول,Saudi Arabia,Riyadh,,24.7808456,46.6974026,,,,0,,openstreetmap
Richard Coffee,Saudi Arabia,Riyadh,,24.6531982,46.5837762,,,,0,,openstreetmap
فطور فارس,Saudi Arabia,Riyadh,,24.6754199,46.6681878,,,,0,,openstreetmap
مندي الرياض,Saudi Arabia,Riyadh,شارع أنس بن مالك,24.8124136,46.6263538,+966920002149,https://restaurant-46764.business.site/,,0,,openstreetmap
Tutti Cafe,Saudi Arabia,Riyadh,,24.6974749,46.6872919,,,,0,,openstreetmap
مطعم فول ورز بخاري,Saudi Arabia,Riyadh,,24.6111112,46.8608744,,,,0,,openstreetmap
kayl Association for Obesity,Saudi Arabia,Riyadh,,24.7293889,46.6414649,,,,0,,openstreetmap
THOUB Coffee,Saudi Arabia,Riyadh,شارع الزبير بن العوام,24.6884422,46.7788202,,,,0,,openstreetmap
شيوخ بني خالد,Saudi Arabia,Riyadh,,24.7889061,46.7433052,,,,0,,openstreetmap
اوبليزر,Saudi Arabia,Riyadh,,24.739431,46.6463767,,,,0,,openstreetmap
مطعم مشاغيث,Saudi Arabia,Riyadh,,24.817417,46.7329654,,,,0,,openstreetmap
شريمبلس,Saudi Arabia,Riyadh,,24.8180863,46.6425574,,,,0,,openstreetmap
Em Sherif Cafe,Saudi Arabia,Riyadh,طريق التخصصي,24.7313364,46.6494167,,,,0,,openstreetmap
تومسون,Saudi Arabia,Riyadh,,24.8047916,46.6087721,,,,0,,openstreetmap
Coffe Day,Saudi Arabia,Riyadh,,24.7341694,46.6973022,,,,0,,openstreetmap
Nano Kitchen,Saudi Arabia,Riyadh,,24.7340037,46.6974471,,,,0,,openstreetmap
coffee day cafe,Saudi Arabia,Riyadh,,24.863204,46.588361,,,,0,,openstreetmap
بيتزا اليوم,Saudi Arabia,Riyadh,,26.2910244,44.821029,,,,0,,openstreetmap
مطعم ومثلوثة الناضج,Saudi Arabia,Riyadh,,26.299467,44.8140416,,,,0,,openstreetmap
بوفيهات النادل,Saudi Arabia,Riyadh,,26.2993837,44.8095204,,,,0,,openstreetmap
مطعم الباشا,Saudi Arabia,Riyadh,,26.2973859,44.8165764,,,,0,,openstreetmap
بيت الرومانسي للمثلوثة,Saudi Arabia,Riyadh,Qassim road,25.7132926,45.6101929,,,,0,,openstreetmap
الزعتر البري,Saudi Arabia,Riyadh,,24.8040635,46.6941242,0599880704,,,0,,openstreetmap
كاريبو كافيه,Saudi Arabia,Riyadh,,24.748431,46.7452618,,,,0,,openstreetmap
ركن السنافي للشورما,Saudi Arabia,Riyadh,,24.6898078,46.7643928,,,,0,,openstreetmap
مطعم كمون البخاري,Saudi Arabia,Riyadh,,24.6851879,46.7667693,,,,0,,openstreetmap
مطعم الربوة مضغوط مندي,Saudi Arabia,Riyadh,,24.6877925,46.7657586,,,,0,,openstreetmap
فوال الخرطوم,Saudi Arabia,Riyadh,,24.6887974,46.764801,,,,0,,openstreetmap
مطعم ترمز البخاري,Saudi Arabia,Riyadh,,24.6836765,46.7673858,,,,0,,openstreetmap
أرابيكا,Saudi Arabia,Riyadh,,25.1532548,47.5775329,,,,0,,openstreetmap
كرك جدي,Saudi Arabia,Riyadh,,24.8968841,46.9078257,,,,0,,openstreetmap
بروكلي,Saudi Arabia,Riyadh,,24.896054,46.9080356,,,,0,,openstreetmap
وقت العصير,Saudi Arabia,Riyadh,,24.896728,46.9079513,,,,0,,openstreetmap
برغرايزر,Saudi Arabia,Riyadh,,24.8957275,46.9075948,,,,0,,openstreetmap
سينابون,Saudi Arabia,Riyadh,,24.8968153,46.9078807,,,,0,,openstreetmap
ماما بنز كافيه,Saudi Arabia,Riyadh,,24.8965971,46.9081119,,,,0,,openstreetmap
المهرجان كافية,Saudi Arabia,Riyadh,,24.6492724,46.7063867,,,,0,,openstreetmap
مطعم المقصورة,Saudi Arabia,Riyadh,,20.4723774,44.7840088,,,,0,,openstreetmap
بروستد الساري,Saudi Arabia,Riyadh,,20.4690025,44.7903883,,,,0,,openstreetmap
مخبز البركة,Saudi Arabia,Riyadh,,20.4680142,44.7935184,,,,0,,openstreetmap
ركن الجمرة,Saudi Arabia,Riyadh,,20.4675577,44.7932719,,,,0,,openstreetmap
احلى عصير وشاورما,Saudi Arabia,Riyadh,,20.4678746,44.7937592,,,,0,,openstreetmap
عدن مأكولات يمنية,Saudi Arabia,Riyadh,,20.4701196,44.7897749,,,,0,,openstreetmap
البيت العدني,Saudi Arabia,Riyadh,,20.4702324,44.7895169,,,,0,,openstreetmap
قهوة المساء الراقي,Saudi Arabia,Riyadh,,20.4705173,44.788799,,,,0,,openstreetmap
شارما بيروت,Saudi Arabia,Riyadh,,20.4709356,44.7881001,,,,0,,openstreetmap
مخبز,Saudi Arabia,Riyadh,,20.4557811,44.8284429,,,,0,,openstreetmap
مخبز تميس,Saudi Arabia,Riyadh,,20.455379,44.8251545,,,,0,,openstreetmap
بوفية,Saudi Arabia,Riyadh,,20.455389,44.8250579,,,,0,,openstreetmap
شاورما كنج,Saudi Arabia,Riyadh,,20.4548646,44.8333243,,,,0,,openstreetmap
مطعم أهلا وسهلاً التركي,Saudi Arabia,Riyadh,,20.450723,44.8478512,,,,0,,openstreetmap
بوفية عافية,Saudi Arabia,Riyadh,,20.4491698,44.8497931,,,,0,,openstreetmap
ركن الفطائر,Saudi Arabia,Riyadh,,20.4467873,44.8554097,,,,0,,openstreetmap
مطبخ الخليج,Saudi Arabia,Riyadh,,20.4466868,44.8556511,,,,0,,openstreetmap
مطعم الضيافة التركي,Saudi Arabia,Riyadh,,20.4458122,44.857432,,,,0,,openstreetmap
فروالة للشاورما والعصيرات,Saudi Arabia,Riyadh,,20.4454201,44.8581133,,,,0,,openstreetmap
ديوانية العروبة,Saudi Arabia,Riyadh,,20.4451437,44.8587249,,,,0,,openstreetmap
بيت الكنافة,Saudi Arabia,Riyadh,,20.4451034,44.8588375,,,,0,,openstreetmap
برقر دبليو دي,Saudi Arabia,Riyadh,,20.4450431,44.8590521,,,,0,,openstreetmap
شاورما وعصائر المذاق,Saudi Arabia,Riyadh,,20.4449778,44.859154,,,,0,,openstreetmap
مشاوي اليوم,Saudi Arabia,Riyadh,,20.4423087,44.8629413,,,,0,,openstreetmap
فطيرة فلافل,Saudi Arabia,Riyadh,,20.4417256,44.8641107,,,,0,,openstreetmap
شاورما الريف التركي,Saudi Arabia,Riyadh,,20.441605,44.8642717,,,,0,,openstreetmap
كريب هاوس,Saudi Arabia,Riyadh,,20.4415597,44.8644058,,,,0,,openstreetmap
الفطيرة الدمشقية,Saudi Arabia,Riyadh,,20.4415396,44.864497,,,,0,,openstreetmap
شعبيات اليمن السعيد,Saudi Arabia,Riyadh,,20.4414944,44.8645828,,,,0,,openstreetmap
هبي للوجبات السريعة,Saudi Arabia,Riyadh,,20.4414039,44.864733,,,,0,,openstreetmap
الفضاء كافيه,Saudi Arabia,Riyadh,,20.4382421,44.8709396,,,,0,,openstreetmap
مطاعم ومطابخ المقصورة,Saudi Arabia,Riyadh,,20.4377043,44.8712186,,,,0,,openstreetmap
نسكافيه,Saudi Arabia,Riyadh,,20.4370809,44.8741476,,,,0,,openstreetmap
بوفية زمزم,Saudi Arabia,Riyadh,,20.4447698,44.858391,,,,0,,openstreetmap
Cafe,Saudi Arabia,Riyadh,,23.4804,46.8767,,,,0,,openstreetmap
الرياش - مثلوثة,Saudi Arabia,Riyadh,,24.4983892,44.3782568,,,,0,,openstreetmap
مطابخ الوافي,Saudi Arabia,Riyadh,,23.9005864,42.9030622,,,,0,,openstreetmap
إيت مي برجر,Saudi Arabia,Riyadh,,24.7777428,46.7071663,,,,0,,openstreetmap
برو٩٢,Saudi Arabia,Riyadh,,24.8168984,46.6876881,,,,0,,openstreetmap
ايغساكتلي,Saudi Arabia,Riyadh,,24.8171078,46.6875647,,https://www.instagram.com/eggsactly.sa/,,0,,openstreetmap
ليتل سيزرز,Saudi Arabia,Riyadh,,20.4601167,44.8066012,,,,0,,openstreetmap
Green Garden Cafe,Saudi Arabia,Riyadh,yamama road,24.1770718,47.3204015,,,,0,,openstreetmap
اسواق العثيم,Saudi Arabia,Riyadh,,24.8278,46.8104,,,,0,,openstreetmap
Tiny Bird cafe تايني بيرد كافيه,Saudi Arabia,Riyadh,شارع خيبر,24.861852,46.6339565,,,,0,,openstreetmap
مطعم,Saudi Arabia,Riyadh,,25.0748,46.7116,,,,0,,openstreetmap
بريفيتا اسبريسو,Saudi Arabia,Riyadh,,25.868,45.3936,,,,0,,openstreetmap
بن كافيه,Saudi Arabia,Riyadh,,25.8675,45.3938,,,,0,,openstreetmap
اليخت كافيه,Saudi Arabia,Riyadh,,26.0534,45.0,,,,0,,openstreetmap
بينس و مكس Beans & Mugs,Saudi Arabia,Riyadh,,25.4111,47.2082,,,,0,,openstreetmap
مطعم الفجر البخاري,Saudi Arabia,Riyadh,,25.5536,47.1631,,,,0,,openstreetmap
مطعم العرب,Saudi Arabia,Riyadh,,25.5654,47.1604,,,,0,,openstreetmap
مطعم الصياهد,Saudi Arabia,Riyadh,,25.5705682,46.9829417,,,,0,,openstreetmap
مطعم فلافل الشام,Saudi Arabia,Riyadh,,26.4961,45.3524,,,,0,,openstreetmap
ذا فيوتشر اف كوفي,Saudi Arabia,Riyadh,,26.502,45.3509,,,,0,,openstreetmap
مطعم عميد الكاتم,Saudi Arabia,Riyadh,,26.5017,45.351,,,,0,,openstreetmap
مطعم الارياف,Saudi Arabia,Riyadh,,26.51,45.3501,,,,0,,openstreetmap
مطعم النخيل السوداني,Saudi Arabia,Riyadh,,25.5911,45.625,,,,0,,openstreetmap
مطعم الوليمة,Saudi Arabia,Riyadh,,25.6186,45.5588,,,,0,,openstreetmap
مطعم مرسين,Saudi Arabia,Riyadh,,24.1453627,47.2986775,,,,0,,openstreetmap
مطعم مذاق ديرتي,Saudi Arabia,Riyadh,,25.7029,45.8733,,,,0,,openstreetmap
latifa hospital,Saudi Arabia,Riyadh,,24.6364516,46.711763,,,,0,,openstreetmap
فوال الطائف,Saudi Arabia,Riyadh,,25.1652,46.3339,,,,0,,openstreetmap
مطعم المذاق الشعبي,Saudi Arabia,Riyadh,,25.1675,46.3333,,,,0,,openstreetmap
كفي امانه,Saudi Arabia,Riyadh,,25.1599,46.3177,,,,0,,openstreetmap
مطعم درة اليمن,Saudi Arabia,Riyadh,,25.1309,46.1239,,,,0,,openstreetmap
مطعم اللؤلؤة,Saudi Arabia,Riyadh,,25.1075,46.0981,,,,0,,openstreetmap
هافانا للمشروبات الساخنة والباردة,Saudi Arabia,Riyadh,,25.1068,46.1061,,,,0,,openstreetmap
مطعم بيت الميناء,Saudi Arabia,Riyadh,,25.108,46.1,,,,0,,openstreetmap
مطعم الكوخ للمندي,Saudi Arabia,Riyadh,,25.1168,46.1175,,,,0,,openstreetmap
ركن الفرن الساخن,Saudi Arabia,Riyadh,,25.113,46.0944,,,,0,,openstreetmap
مطعم مثلوثة,Saudi Arabia,Riyadh,,25.0219,43.8149,,,,0,,openstreetmap
Coffee Shope Almeteeb,Saudi Arabia,Riyadh,,25.0245,43.8142,,,,0,,openstreetmap
مطعم البركة,Saudi Arabia,Riyadh,,24.2963,43.7319,,,,0,,openstreetmap
مطعم فوال تميز الطائف,Saudi Arabia,Riyadh,طريق الأمير مقرن بن عبد العزيز، عين البراحة,24.7547341,43.7908226,0509080170,,,0,,openstreetmap
مطعم قرص وسمن,Saudi Arabia,Riyadh,,24.5218,44.4187,,,,0,,openstreetmap
مطعم مذاق الحمام,Saudi Arabia,Riyadh,,24.5128,44.4043,,,,0,,openstreetmap
Shimmers,Saudi Arabia,Riyadh,,24.7670034,46.6593779,,,,0,,openstreetmap
مطعم مذاق البيتزا,Saudi Arabia,Riyadh,,23.5443659,45.5079772,,,,0,,openstreetmap
Fabrica de Cafe,Saudi Arabia,Riyadh,,24.7664558,46.6236828,+00966579592090,https://www.instagram.com/fabrica_sa/,,0,,openstreetmap
كرتيكل,Saudi Arabia,Riyadh,Taiba,24.6490683,46.5512058,,,,0,,openstreetmap
Gold Sushi Club,Saudi Arabia,Riyadh,الطريق الدائري الشمالي,24.7527335,46.6249425,+966114993330,https://goldsushiclub.com/,,0,,openstreetmap
مطعم الطيبات,Saudi Arabia,Riyadh,,20.4551,44.8203,,,,0,,openstreetmap
فوال عربة الفول,Saudi Arabia,Riyadh,,24.8271,46.7963,,,,0,,openstreetmap
مطعم حنيذ الجنوب,Saudi Arabia,Riyadh,,24.8299,46.8098,,,,0,,openstreetmap
فوال الافراح,Saudi Arabia,Riyadh,,24.823,46.7994,,,,0,,openstreetmap
مطعم أسماك,Saudi Arabia,Riyadh,,24.8223,46.7999,,,,0,,openstreetmap
شاورمر Shawarmer,Saudi Arabia,Riyadh,,24.81146,46.6261625,,,,0,,openstreetmap
شاك برجر Shack Burger,Saudi Arabia,Riyadh,,24.8115222,46.6263078,,,,0,,openstreetmap
ذوق الحجازي,Saudi Arabia,Riyadh,,24.812489,46.6285748,,,,0,,openstreetmap
عريشة أوراق العنب,Saudi Arabia,Riyadh,,24.8127717,46.6292445,,,,0,,openstreetmap
تيستي تيس,Saudi Arabia,Riyadh,,24.8134507,46.631227,,,,0,,openstreetmap
شاورما دالي,Saudi Arabia,Riyadh,,24.8134934,46.6313248,,,,0,,openstreetmap
عثمان بيك,Saudi Arabia,Riyadh,,24.8135438,46.631436,,,,0,,openstreetmap
أسماك الزيتون,Saudi Arabia,Riyadh,,24.8135877,46.6315412,,,,0,,openstreetmap
قصر المهراجا,Saudi Arabia,Riyadh,,24.813786,46.6320281,,,,0,,openstreetmap
العنابي,Saudi Arabia,Riyadh,,24.8148748,46.6347003,,,,0,,openstreetmap
سستوريا,Saudi Arabia,Riyadh,,24.8149496,46.6348677,,,,0,,openstreetmap
سمك,Saudi Arabia,Riyadh,,24.8151713,46.6353868,,,,0,,openstreetmap
ديب فرايز,Saudi Arabia,Riyadh,,24.8151974,46.6354608,,,,0,,openstreetmap
مكشكش,Saudi Arabia,Riyadh,,24.8152251,46.6355218,,,,0,,openstreetmap
فطيرة الشاورما,Saudi Arabia,Riyadh,,24.8153103,46.6357187,,,,0,,openstreetmap
إبتسامة قهوة,Saudi Arabia,Riyadh,,24.8153366,46.6357792,,,,0,,openstreetmap
رول اند راب,Saudi Arabia,Riyadh,,24.8153639,46.6358389,,,,0,,openstreetmap
الناضج,Saudi Arabia,Riyadh,,24.8156546,46.6361308,,,,0,,openstreetmap
كوخ الكشري,Saudi Arabia,Riyadh,,24.8182046,46.6421908,,,,0,,openstreetmap
أكلات حجازية,Saudi Arabia,Riyadh,,24.8182656,46.6423175,,,,0,,openstreetmap
مطعم زهرة الزحل,Saudi Arabia,Riyadh,,24.8183203,46.6424477,,,,0,,openstreetmap
دونربير,Saudi Arabia,Riyadh,,24.8183863,46.6426174,,,,0,,openstreetmap
فلافل ثمار,Saudi Arabia,Riyadh,,24.8184052,46.6426694,,,,0,,openstreetmap
فوال النعمان,Saudi Arabia,Riyadh,,24.8184228,46.6427187,,,,0,,openstreetmap
مطعم ذوق مغل,Saudi Arabia,Riyadh,,24.8185898,46.6431326,,,,0,,openstreetmap
بارولي كافيه,Saudi Arabia,Riyadh,,24.8173852,46.644058,,,,0,,openstreetmap
ميت لوفر,Saudi Arabia,Riyadh,,24.8173115,46.6440981,,,,0,,openstreetmap
ديوان القرية,Saudi Arabia,Riyadh,,24.8172451,46.6441344,,,,0,,openstreetmap
مطعم القصر للمشويات العراقية,Saudi Arabia,Riyadh,,24.8171188,46.6442025,,,,0,,openstreetmap
كوفليت,Saudi Arabia,Riyadh,,24.8131505,46.6460734,,,,0,,openstreetmap
سموكي هاوس,Saudi Arabia,Riyadh,,24.8130409,46.6461297,,,,0,,openstreetmap
نورش,Saudi Arabia,Riyadh,,24.8129345,46.6461754,,,,0,,openstreetmap
باستليتا,Saudi Arabia,Riyadh,,24.8119912,46.6462956,,,,0,,openstreetmap
خبز ونواشف,Saudi Arabia,Riyadh,,24.8119102,46.6460917,,,,0,,openstreetmap
اليجرو,Saudi Arabia,Riyadh,,24.8105987,46.6473842,,,,0,,openstreetmap
الكيمي,Saudi Arabia,Riyadh,,24.8027038,46.6504113,,,,0,,openstreetmap
٦ صباحا,Saudi Arabia,Riyadh,,24.8024327,46.6497731,,,,0,,openstreetmap
مطعم لبنى,Saudi Arabia,Riyadh,,24.8024132,46.6497227,,,,0,,openstreetmap
امبراطور الشاورما,Saudi Arabia,Riyadh,,24.8020207,46.6491756,,,,0,,openstreetmap
فرست بورت,Saudi Arabia,Riyadh,,24.8019702,46.649084,,,,0,,openstreetmap
لامي مطعم وكافيه,Saudi Arabia,Riyadh,,24.8006306,46.6458716,,,,0,,openstreetmap
رغيف وجبنة,Saudi Arabia,Riyadh,,24.7952936,46.6350728,,,,0,,openstreetmap
هاك شاورما,Saudi Arabia,Riyadh,,24.7953516,46.6352325,,,,0,,openstreetmap
سلايدر هاوس,Saudi Arabia,Riyadh,,24.7981738,46.6420718,,,,0,,openstreetmap
الصاج الريفي,Saudi Arabia,Riyadh,,24.7976669,46.6418438,,,,0,,openstreetmap
أبو جبارة,Saudi Arabia,Riyadh,,24.7976486,46.6413662,,,,0,,openstreetmap
دانا كافيه,Saudi Arabia,Riyadh,,24.7984163,46.6424103,,,,0,,openstreetmap
سلطان أحمد,Saudi Arabia,Riyadh,,24.7993942,46.6450457,,,,0,,openstreetmap
بي برجر,Saudi Arabia,Riyadh,,24.8006544,46.6482116,,,,0,,openstreetmap
كابريكافيه,Saudi Arabia,Riyadh,,24.7964102,46.6504383,,,,0,,openstreetmap
هستل,Saudi Arabia,Riyadh,,24.7931528,46.6491205,,,,0,,openstreetmap
مزاج العرب,Saudi Arabia,Riyadh,,24.7930716,46.6490799,,,,0,,openstreetmap
تشيلو,Saudi Arabia,Riyadh,,24.792998,46.6490511,,,,0,,openstreetmap
Sweetella سويتلا,Saudi Arabia,Riyadh,الشيخ صالح بن عبدالعزيز بن عبدالرحمن,24.5762701,46.6283512,,,,0,,openstreetmap
Jarlicious Lounge جارليشوز لاونج,Saudi Arabia,Riyadh,طريق التخصصي,24.7309081,46.6480964,,https://rb.gy/nheixu,,0,,openstreetmap
ميلانا كافيه,Saudi Arabia,Riyadh,,24.8336702,46.7334612,,,,0,,openstreetmap
Artasty ارتيستي,Saudi Arabia,Riyadh,,24.7351915,46.6476127,,,,0,,openstreetmap
SAYAKI,Saudi Arabia,Riyadh,,24.7665642,46.6235273,,,,0,,openstreetmap
مطعم وفلافل وفول,Saudi Arabia,Riyadh,التيشفاني,24.5977661,46.7335812,,,,0,,openstreetmap
Jamra,Saudi Arabia,Riyadh,,24.7088336,46.7740685,,,,0,,openstreetmap
سكة ٨,Saudi Arabia,Riyadh,,24.8154568,46.6883291,,,,0,,openstreetmap
بريانك,Saudi Arabia,Riyadh,,24.8153668,46.6883727,,,,0,,openstreetmap
فلكس كيتشن,Saudi Arabia,Riyadh,,24.8155085,46.6883086,,,,0,,openstreetmap
أوفردو لاونج,Saudi Arabia,Riyadh,طريق التخصصي,24.7155403,46.659654,,,,0,,openstreetmap
Costa,Saudi Arabia,Riyadh,,24.6917174,46.7327699,,,,0,,openstreetmap
Turn Stone Pizza,Saudi Arabia,Riyadh,,24.6915708,46.7329126,,,,0,,openstreetmap
ديل مار,Saudi Arabia,Riyadh,الملك عبدالعزيز,24.7812144,46.662308,0590909192,https://www.instagram.com/delmar.ksa/,,0,,openstreetmap
مقهى السيعينات 1974,Saudi Arabia,Riyadh,طريق التخصصي,24.7416445,46.6453547,,https://www.instagram.com/seventiescafesa/,,0,,openstreetmap
Shuwa Express شوا اكسبرس,Saudi Arabia,Riyadh,حي العقيق في مجمع بوابة الرياض,24.7855994,46.6340773,,https://www.instagram.com/shuwaexpress.sa/,,0,,openstreetmap
Shawarmer,Saudi Arabia,Riyadh,,24.5873024,46.6244924,,,,0,,openstreetmap
حمص الحارة,Saudi Arabia,Riyadh,,24.8546233,46.6261115,+966500115135,,,0,,openstreetmap
ليفاني كوفي - Leivani coffee,Saudi Arabia,Riyadh,أبي بكر الصديق,24.747746,46.7018094,+966539344910,,,0,,openstreetmap
قوافل البُن,Saudi Arabia,Riyadh,,24.501979,44.3876044,,,,0,,openstreetmap
سلف ميد,Saudi Arabia,Riyadh,أبي بكر الصديق,24.7593461,46.6959056,,,,0,,openstreetmap
فروت ارت,Saudi Arabia,Riyadh,الشيخ عبدالله العنقري,24.7257628,46.6846076,0562096888,https://instagram.com/@fruitart.w,,0,,openstreetmap
إحساس كوفي,Saudi Arabia,Riyadh,,25.5603204,47.1624495,+966506223993,https://coffee-shop-6247.business.site,,0,,openstreetmap
كاشو,Saudi Arabia,Riyadh,,24.7804606,46.6633466,,,,0,,openstreetmap
Happy Mix مزيج السعادة,Saudi Arabia,Riyadh,alyamamah,24.177735,47.3205178,+966555878141,https://www.aseernp.com/happyMix/mobile/index.html,,0,,openstreetmap
سينسيز كوفي,Saudi Arabia,Riyadh,,24.7890307,46.6486642,+966532020060,,,0,,openstreetmap
جان برجر,Saudi Arabia,Riyadh,,24.7897495,46.6483591,,,,0,,openstreetmap
الجرعة الصحية,Saudi Arabia,Riyadh,,24.7896839,46.6486533,,,,0,,openstreetmap
كوفي ترويقة,Saudi Arabia,Riyadh,Salah El-Din Al-Ayoubi Street,24.1100807,47.2776757,0566643371,https://www.instagram.com/troe.2/,,0,,openstreetmap
هرر كافية - Harar Cafe,Saudi Arabia,Riyadh,الطريق الدائري الغربي,24.6377603,46.5732334,+966549980702,,,0,,openstreetmap
واينز,Saudi Arabia,Riyadh,,24.847172,46.7334545,,,,0,,openstreetmap
بيتزاراتزي,Saudi Arabia,Riyadh,,24.6863504,46.7949666,,,,0,,openstreetmap
شاورما بلس,Saudi Arabia,Riyadh,,24.6862892,46.7948402,,,,0,,openstreetmap
TOPKAPI Tahlia,Saudi Arabia,Riyadh,طريق الملك فهد,24.6942229,46.6794301,+966559898588,https://www.topkapirest.com/,,0,,openstreetmap
iv cafe,Saudi Arabia,Riyadh,,24.8032868,46.8708008,,,,0,,openstreetmap
بوفية لذيذة,Saudi Arabia,Riyadh,,24.789891,46.6516004,,,,0,,openstreetmap
Core Coffee & Roastery,Saudi Arabia,Riyadh,Al Thumamah Road,24.8179288,46.6868459,+9668001228222,https://corecoffee.co/,,0,,openstreetmap
ليم,Saudi Arabia,Riyadh,طريق مكة المكرمة,24.0732209,45.3019369,+966599994701,,,0,,openstreetmap
Hashwa,Saudi Arabia,Riyadh,طريق الإمام سعود بن عبد العزيز بن محمد,24.7743793,46.7254685,,,,0,,openstreetmap
إيفينت كافيه,Saudi Arabia,Riyadh,,25.1264896,46.0799423,,,,0,,openstreetmap
ODD cafe,Saudi Arabia,Riyadh,"Abi Bakr As Siddiq Rd, حي التعاون, Riyadh 11564",24.7735044,46.6889856,,https://www.instagram.com/oddcaffe/,,0,,openstreetmap
جاردن لاونج مطعم وكافيه,Saudi Arabia,Riyadh,,24.6823089,46.7778529,,,,0,,openstreetmap
كافيه بيني,Saudi Arabia,Riyadh,,24.7174592,46.6586641,,,,0,,openstreetmap
بيتزا ومناقيش الروشة‭,Saudi Arabia,Riyadh,,24.735636,46.7629953,,,,0,,openstreetmap
سيد اوغلو,Saudi Arabia,Riyadh,,24.5642201,46.6269778,,,,0,,openstreetmap
مطعم بنات سارة‭,Saudi Arabia,Riyadh,,24.8203626,46.7891863,,,,0,,openstreetmap
مطعم حنيذ حمود‭,Saudi Arabia,Riyadh,,24.8404046,46.7486088,,,,0,,openstreetmap
لقمة,Saudi Arabia,Riyadh,,24.7312587,46.6491455,,,,0,,openstreetmap
مستر صب,Saudi Arabia,Riyadh,,24.6938787,46.6055084,,,,0,,openstreetmap
شوكليت ايتالياني,Saudi Arabia,Riyadh,,24.6969313,46.6858361,,,,0,,openstreetmap
Piccolo Roasters,Saudi Arabia,Riyadh,طريق أبي بكر الصديق,24.7967938,46.6761147,,,,0,,openstreetmap
Coffee Club نادي القهوة,Saudi Arabia,Riyadh,طريق الإمام سعود بن عبد العزيز بن محمد,24.7718406,46.7195512,+966555698822,https://foursquare.com/v/%D9%86%D8%A7%D8%AF%D9%8A-%D8%A7%D9%84%D9%82%D9%87%D9%88%D8%A9/614f5eda3aa8e010e664a264,,0,,openstreetmap
مطعم الخروف للمأكولات الكويتية,Saudi Arabia,Riyadh,Al Thumamah Road,24.805779,46.6605281,+966112222200,https://linktr.ee/alkhrof,,0,,openstreetmap
Novels Bakery Narjes - نوفلز بيكري النرجس,Saudi Arabia,Riyadh,طريق أبي بكر الصديق,24.8748206,46.6382577,0593124440,https://www.instagram.com/novels_bakery/?hl=en,,0,,openstreetmap
بستريتو,Saudi Arabia,Riyadh,,24.793497,46.6545685,0112333363,,,0,,openstreetmap
ترنكيلو لاونج Tranquillo Lounge,Saudi Arabia,Riyadh,شارع أنس بن مالك,24.8080092,46.6159994,0550880589,,,0,,openstreetmap
سالدوتش,Saudi Arabia,Riyadh,,24.7897556,46.6486763,+966920023030,https://www.saldwich.com,,0,,openstreetmap
La Rustica,Saudi Arabia,Riyadh,,24.6944926,46.6834965,,,,0,,openstreetmap
لاروستيكا بيتزارايا,Saudi Arabia,Riyadh,,24.6945971,46.6835553,,,,0,,openstreetmap
Entrecôte Café de Paris,Saudi Arabia,Riyadh,,24.6899848,46.6848564,+966920018998,https://entrecote-cdp.com/,,0,,openstreetmap
روا لاونج,Saudi Arabia,Riyadh,الملك عبدالله,24.7278517,46.6631039,,,,0,,openstreetmap
NOOR CAFE | نور كافيه,Saudi Arabia,Riyadh,عثمان بن عفان,24.7739257,46.7093414,,https://noor-coffee.com/,,0,,openstreetmap
مقهى و لاونج كونسوليشن,Saudi Arabia,Riyadh,King Abdulaziz Road,24.8174657,46.6440234,+966532944236,https://www.snapchat.com/add/consolationcafe,,0,,openstreetmap
مطعم ومشويات المذاق العراقي,Saudi Arabia,Riyadh,,25.7140218,45.6087145,,,,0,,openstreetmap
اسبيريسو برازيليو,Saudi Arabia,Riyadh,,25.7138665,45.6099437,,,,0,,openstreetmap
مانويل كافيه,Saudi Arabia,Riyadh,,25.7142618,45.6093418,,,,0,,openstreetmap
TACOSON تاكوسون,Saudi Arabia,Riyadh,"Al Ulaya, Al Sahafah",24.7900834,46.6368206,,https://www.instagram.com/tacoson_sa/,,0,,openstreetmap
Achay | اچاي,Saudi Arabia,Riyadh,طريق الثمامة,24.8499457,46.7651546,+9660506185545,,,0,,openstreetmap
الوجه الذهبي,Saudi Arabia,Riyadh,,24.7919336,46.6254011,,,,0,,openstreetmap
Oasis,Saudi Arabia,Riyadh,,24.7458892,46.6989347,,,,0,,openstreetmap
VARI Brasserie and Grill,Saudi Arabia,Riyadh,الأمير محمد بن عبدالعزيز,24.688076,46.6651235,,,,0,,openstreetmap
يوفوريا وي كافيه,Saudi Arabia,Riyadh,,24.7716076,46.6515745,,,,0,,openstreetmap
ميوزد بيت القهوة,Saudi Arabia,Riyadh,,24.8035305,46.6743369,,,,0,,openstreetmap
درافت كافيه,Saudi Arabia,Riyadh,,24.8036447,46.6742323,,,,0,,openstreetmap
DOPACAF دوباكاف,Saudi Arabia,Riyadh,prince sultan bin abdulaziz,24.1468036,47.35936,0559219993,,,0,,openstreetmap
اوكاوا,Saudi Arabia,Riyadh,,24.8408601,46.6733225,,,,0,,openstreetmap
جال الوادي,Saudi Arabia,Riyadh,,24.7433743,46.5640768,,,,0,,openstreetmap
نقطة | قهوة مختصة,Saudi Arabia,Riyadh,نهر السند,24.7795758,46.6826275,+966538882773,,,0,,openstreetmap
Ratio speciality coffee,Saudi Arabia,Riyadh,طريق الملك عبد العزيز,24.1649642,47.2978667,+966553006036,,,0,,openstreetmap
لاڤوريو,Saudi Arabia,Riyadh,الأمير محمد بن عبدالعزيز,24.6926421,46.6742725,,,,0,,openstreetmap
بيو,Saudi Arabia,Riyadh,الأمير محمد بن عبدالعزيز,24.6926929,46.6743873,,,,0,,openstreetmap
Flod,Saudi Arabia,Riyadh,,24.7899973,46.6487672,,,,0,,openstreetmap
تيم هورتونز,Saudi Arabia,Riyadh,,24.8084506,46.6695775,,,,0,,openstreetmap
السلطان,Saudi Arabia,Riyadh,,24.7499952,46.6141769,,,,0,,openstreetmap
23M,Saudi Arabia,Riyadh,,24.746056,46.7084468,,,,0,,openstreetmap
هيتكا | hetkia,Saudi Arabia,Riyadh,طريق الملك عبدالله,24.7323356,46.6756975,+966501206686,https://linkpop.com/hetkia,,0,,openstreetmap
Macboos Restaurant,Saudi Arabia,Riyadh,طريق الملك فهد,24.6941861,46.6793722,+966544660904,http://macboos.rf.gd/,,0,,openstreetmap
chabo,Saudi Arabia,Riyadh,,24.7616418,46.6732965,,,,0,,openstreetmap
كانتون,Saudi Arabia,Riyadh,,24.7616196,46.6732453,+966920000129,https://canton-express.com,,0,,openstreetmap
CENTURY CAFE,Saudi Arabia,Riyadh,أبي بكر الصديق,24.8044397,46.6738422,+966533331189,,,0,,openstreetmap
كرسبي كريم,Saudi Arabia,Riyadh,,24.8356601,46.6838059,,,,0,,openstreetmap
bof - بوف,Saudi Arabia,Riyadh,عثمان بن عفان,24.7501152,46.722583,+966536707039,https://www.bofksa.com/,,0,,openstreetmap
Usta Asim,Saudi Arabia,Riyadh,Uthman Ibn Affan Rd,24.795466,46.6983377,+966553260491,https://ustaasim.com,,0,,openstreetmap
ايفينك كافيه,Saudi Arabia,Riyadh,,26.300871,44.7951356,,https://www.evinc.sa/,,0,,openstreetmap
Repository Coffee Roasters,Saudi Arabia,Riyadh,طريق أبي بكر الصديق,24.8110205,46.670064,+966537722221,https://repository.sa/,,0,,openstreetmap
عصير كيفان,Saudi Arabia,Riyadh,,24.8235373,46.6552443,,,,0,,openstreetmap
ووك كونج,Saudi Arabia,Riyadh,,24.8235439,46.6559329,,,,0,,openstreetmap
برجري,Saudi Arabia,Riyadh,,24.8235673,46.6559817,,,,0,,openstreetmap
Ulb,Saudi Arabia,Riyadh,,24.6854463,46.800052,+966506812579+966530502053,https://order.ulb.sa/menu,,0,,openstreetmap
Tiko,Saudi Arabia,Riyadh,,24.7439764,46.6214222,+966532050085+966537210833,https://order.tiko.sa/menu,,0,,openstreetmap
Sors,Saudi Arabia,Riyadh,,24.7057554,46.6871631,+966508943632+966551047144,https://order.sors.sa/menu,,0,,openstreetmap
Chkn,Saudi Arabia,Riyadh,,24.5437123,46.6917497,+966550938954+966551066944,https://order.chkn.sa/menu,,0,,openstreetmap
سلطان دي لايت برجر,Saudi Arabia,Riyadh,,24.8201429,46.6442879,+966920002919,https://sultandb.com,,0,,openstreetmap
مذاق ورق عنب,Saudi Arabia,Riyadh,,24.7220806,46.6463252,,,,0,,openstreetmap
كوفي بتيل,Saudi Arabia,Riyadh,,24.7343251,46.5745274,,,,0,,openstreetmap
Bateel El'an,Saudi Arabia,Riyadh,,24.8426989,46.7339669,,,,0,,openstreetmap
Dhahia Juice,Saudi Arabia,Riyadh,,24.8393628,46.732541,,,,0,,openstreetmap
One Million,Saudi Arabia,Riyadh,,24.8417852,46.7331393,,,,0,,openstreetmap
Jalsa Nard Cafe,Saudi Arabia,Riyadh,,24.7639301,46.602982,,,,0,,openstreetmap
Frankie,Saudi Arabia,Riyadh,,24.7643375,46.6026813,,,,0,,openstreetmap
Sedre Tea,Saudi Arabia,Riyadh,,24.7650959,46.6022867,,,,0,,openstreetmap
Public,Saudi Arabia,Riyadh,,24.7653395,46.6022188,,,,0,,openstreetmap
Shashi,Saudi Arabia,Riyadh,,24.7655812,46.6021353,,,,0,,openstreetmap
Kabana,Saudi Arabia,Riyadh,,24.7662527,46.602094,,,,0,,openstreetmap
Buffalo Wings & Rings,Saudi Arabia,Riyadh,,24.7668038,46.6029836,,,,0,,openstreetmap
Al Nakheel Boulevard,Saudi Arabia,Riyadh,,24.7661852,46.6027322,,,,0,,openstreetmap
Phantom House,Saudi Arabia,Riyadh,,24.7662835,46.6032259,,,,0,,openstreetmap
Houn Beirut,Saudi Arabia,Riyadh,,24.7661453,46.6035582,,,,0,,openstreetmap
Al Harafish,Saudi Arabia,Riyadh,,24.7659293,46.6042958,,,,0,,openstreetmap
Layali Adan,Saudi Arabia,Riyadh,,24.7651957,46.6046666,,,,0,,openstreetmap
Petit Cafe,Saudi Arabia,Riyadh,,24.7648524,46.6043862,,,,0,,openstreetmap
Karamna,Saudi Arabia,Riyadh,,24.7645528,46.6043728,,,,0,,openstreetmap
Beirut Khanum,Saudi Arabia,Riyadh,,24.764244,46.6042936,,,,0,,openstreetmap
Grand Cafe,Saudi Arabia,Riyadh,,24.7659528,46.6038356,,,,0,,openstreetmap
Creme,Saudi Arabia,Riyadh,,24.7690052,46.6039871,,,,0,,openstreetmap
North,Saudi Arabia,Riyadh,,24.769382,46.6048893,,,,0,,openstreetmap
Shake Shack,Saudi Arabia,Riyadh,,24.7692937,46.6049349,,,,0,,openstreetmap
Chuck E. Cheese,Saudi Arabia,Riyadh,,24.7685681,46.60543,,,,0,,openstreetmap
Papa John's,Saudi Arabia,Riyadh,,24.768013,46.6049306,,,,0,,openstreetmap
Burger Passion,Saudi Arabia,Riyadh,,24.7678679,46.6048215,,,,0,,openstreetmap
Caliente Lounge,Saudi Arabia,Riyadh,,24.7677044,46.6049875,,,,0,,openstreetmap
Bafarat,Saudi Arabia,Riyadh,,24.7672468,46.6045968,,,,0,,openstreetmap
Chubby Chip,Saudi Arabia,Riyadh,,24.767138,46.6047022,,,,0,,openstreetmap
Fat Sal'a,Saudi Arabia,Riyadh,,24.7670436,46.6047662,,,,0,,openstreetmap
Masami Sushi,Saudi Arabia,Riyadh,,24.7669223,46.6048026,,,,0,,openstreetmap
EL&N London,Saudi Arabia,Riyadh,,24.7665873,46.6047326,,,,0,,openstreetmap
1/2 M,Saudi Arabia,Riyadh,,24.7664237,46.6045374,,,,0,,openstreetmap
Kutlet,Saudi Arabia,Riyadh,,24.7669053,46.603735,,,,0,,openstreetmap
Okai,Saudi Arabia,Riyadh,,24.7667917,46.6037387,,,,0,,openstreetmap
Cafe Rutti,Saudi Arabia,Riyadh,,24.7665559,46.6038443,,,,0,,openstreetmap
Layali,Saudi Arabia,Riyadh,,24.7666358,46.6037792,,,,0,,openstreetmap
Samad Liraqi,Saudi Arabia,Riyadh,,24.7673012,46.6041422,,,,0,,openstreetmap
The Coffeeholics,Saudi Arabia,Riyadh,,24.7674529,46.6042208,,,,0,,openstreetmap
Al Hilal,Saudi Arabia,Riyadh,,24.7701195,46.6046423,,,,0,,openstreetmap
Randy's Donuts,Saudi Arabia,Riyadh,,24.7695001,46.6048778,,,,0,,openstreetmap
Powr,Saudi Arabia,Riyadh,,24.7708578,46.6038739,,,,0,,openstreetmap
The Coffee Address,Saudi Arabia,Riyadh,,24.8344179,46.7353315,,,,0,,openstreetmap
Barn's,Saudi Arabia,Riyadh,,24.8334509,46.733426,,,,0,,openstreetmap
Ranosh,Saudi Arabia,Riyadh,,24.8336759,46.733879,,,,0,,openstreetmap
Crepes Des Alpes,Saudi Arabia,Riyadh,,24.7672828,46.6031682,,,,0,,openstreetmap
Blanca,Saudi Arabia,Riyadh,,24.8425484,46.7341221,,,,0,,openstreetmap
Half Million,Saudi Arabia,Riyadh,,24.8277388,46.59222,,,,0,,openstreetmap
Kaman Lounge,Saudi Arabia,Riyadh,,24.8318742,46.7325524,,,,0,,openstreetmap
Vero | فيرو,Saudi Arabia,Riyadh,,24.787034,46.6472064,,,,0,,openstreetmap
بيتزا سوبر غذاء,Saudi Arabia,Riyadh,,24.8273582,46.7781677,,,,0,,openstreetmap
Dose Cafe,Saudi Arabia,Riyadh,,24.8401038,46.7323744,,,,0,,openstreetmap
Be Karam بي كرم,Saudi Arabia,Riyadh,الإمام سعود بن عبدالعزيز بن محمد,24.7413004,46.6463797,+966547006777,https://linktr.ee/bekaramofficial,,0,,openstreetmap
Vendor Coffee - مقهى فيندور,Saudi Arabia,Riyadh,Abi Saeed Al Khadri,24.7558162,46.7718623,0570131508,https://vendorcoffee.cafe/,,0,,openstreetmap
فور توينز,Saudi Arabia,Riyadh,طريق الملك عبد الله,24.1594437,47.2995014,,,,0,,openstreetmap
Bukhara Alhara,Saudi Arabia,Riyadh,,24.7670622,46.707419,+966535034379,https://bukharihara.tryorder.net/menu,,0,,openstreetmap
The Hub,Saudi Arabia,Riyadh,,24.5693477,46.6615215,+966550269179,https://thehub.tryorder.net/menu,,0,,openstreetmap
مقهى الكنافة,Saudi Arabia,Riyadh,,24.7007992,46.6737246,0502405040,,,0,,openstreetmap
LAS Cafe,Saudi Arabia,Riyadh,,24.6962967,46.684199,,,,0,,openstreetmap
Foam,Saudi Arabia,Riyadh,,24.696121,46.6842887,,,,0,,openstreetmap
تشيريه كافيه,Saudi Arabia,Riyadh,,24.6958713,46.6843014,,,,0,,openstreetmap
جوبي فرايز,Saudi Arabia,Riyadh,طريق التخصصي,24.6859072,46.675264,,,,0,,openstreetmap
الطازج,Saudi Arabia,Riyadh,طريق التخصصي,24.686114,46.6751447,,,,0,,openstreetmap
فوال حارة الشريف,Saudi Arabia,Riyadh,الأمير سلطان بن عبدالعزيز,24.6856071,46.6771184,,,,0,,openstreetmap
بوفية صباح الوائد,Saudi Arabia,Riyadh,الأمير سلطان بن عبدالعزيز,24.6857777,46.6775096,,,,0,,openstreetmap
Boss.co Roastery,Saudi Arabia,Riyadh,,24.6951606,46.6846725,,,,0,,openstreetmap
Never Enough Bakehouse,Saudi Arabia,Riyadh,,24.8389908,46.6679051,,,,0,,openstreetmap
مون كافيه,Saudi Arabia,Riyadh,,24.8493677,46.6695439,,,,0,,openstreetmap
مطعم العم خليل,Saudi Arabia,Riyadh,,24.8510513,46.6743288,,,,0,,openstreetmap
حلويات سعدالدين,Saudi Arabia,Riyadh,,24.6578968,46.7102167,,,,0,,openstreetmap
Wayne's Coffee,Saudi Arabia,Riyadh,,24.7451726,46.6203137,,,,0,,openstreetmap
NOC,Saudi Arabia,Riyadh,,24.7682095,46.5768143,,,,0,,openstreetmap
Kylah Roastery | محمصة كيلة,Saudi Arabia,Riyadh,Abdulah bin Amir',24.1475368,47.2967347,+966551020108,https://kylahroastery1.com/ar,,0,,openstreetmap
Bliss Cafe,Saudi Arabia,Riyadh,,24.7655002,46.5909279,,,,0,,openstreetmap
Nevermind,Saudi Arabia,Riyadh,,24.7049025,46.6846816,,,,0,,openstreetmap
Shawarma Avenue,Saudi Arabia,Riyadh,,24.7512891,46.5738642,,,,0,,openstreetmap
Emperor Shawarma,Saudi Arabia,Riyadh,,24.7511256,46.5736693,,,,0,,openstreetmap
Countryside Grapes,Saudi Arabia,Riyadh,,24.8084572,46.6370693,,,,0,,openstreetmap
مطاعم ذوق الرواد,Saudi Arabia,Riyadh,920013063,24.5514835,46.5141621,,,,0,,openstreetmap
Chotto Matte Riyadh,Saudi Arabia,Riyadh,Innovation Blvd,24.7677084,46.6404435,+966920015023,https://chotto-matte.com/riyadh/,,0,,openstreetmap
ساندوتشات سعيد,Saudi Arabia,Riyadh,الملك فهد,24.6405468,46.7029103,,,,0,,openstreetmap
مجمع ود التجاري,Saudi Arabia,Riyadh,,24.6001479,47.0672766,,,,0,,openstreetmap
Burgerizzr,Saudi Arabia,Riyadh,,25.9109657,45.346005,,https://www.burgerizzr.com/,,0,,openstreetmap
Maestro,Saudi Arabia,Riyadh,,25.9107039,45.3461435,,https://maestropizza.com/menu,,0,,openstreetmap
إيرث كافيه,Saudi Arabia,Riyadh,,24.7609843,46.6404549,+966920007498,https://www.urthcaffe.sa/welcome/index,,0,,openstreetmap
Beefbar,Saudi Arabia,Riyadh,,24.7043323,46.7059386,+966920004146,https://beefbar.com/riyadh/,,0,,openstreetmap
Signor Sassi,Saudi Arabia,Riyadh,,24.6996074,46.7047665,+966920011877,https://www.signorsassi.sa/en,,0,,openstreetmap
Crazy Pizza,Saudi Arabia,Riyadh,,24.7057895,46.7053592,+966920007275,https://crazypizza.com/riyadh/,,0,,openstreetmap
Myazu,Saudi Arabia,Riyadh,,24.6999939,46.7048928,+966920009686,https://myazu.com/,,0,,openstreetmap
Kayzo,Saudi Arabia,Riyadh,,24.7039425,46.7064966,+966920014156,https://www.kayzo.com,,0,,openstreetmap
Agio,Saudi Arabia,Riyadh,,24.7521049,46.624429,+966920013860,https://www.agio.sa,,0,,openstreetmap
San Carlo Cicchetti,Saudi Arabia,Riyadh,,24.7012182,46.705378,+966920010679,https://www.sancarlocicchetti.sa,,0,,openstreetmap
مجالس نايف بن عبدالله الحبيل,Saudi Arabia,Riyadh,,25.3892016,44.1490727,,,,0,,openstreetmap
QEUZ,Saudi Arabia,Riyadh,,24.8049729,46.6607622,,,,0,,openstreetmap
Coya,Saudi Arabia,Riyadh,,24.7045628,46.7057789,+966920010352,https://coyarestaurant.com,,0,,openstreetmap
سرمديه كافيه,Saudi Arabia,Riyadh,طريق ابن الهيثم,24.7896153,46.8150774,+966502362024,,,0,,openstreetmap
مرتع,Saudi Arabia,Riyadh,رماح,25.5466324,47.1686544,,https://linktr.ee/Martaa0099,,0,,openstreetmap
PICK,Saudi Arabia,Riyadh,,24.67467,46.6252762,,,,0,,openstreetmap
للقهوة عنوان,Saudi Arabia,Riyadh,King Abdullah bin Adil Aziz st st,24.147298,47.3346298,+966556386864,https://www.adrscoffee.com/,,0,,openstreetmap
Loom,Saudi Arabia,Riyadh,شارع ظبية بنت البراء,24.7587139,46.6864604,,,,0,,openstreetmap
Mood Master Specialty Coffee Roasters and Cafe,Saudi Arabia,Riyadh,البركة,24.8013936,46.7071438,,,,0,,openstreetmap
Bow Specialty Coffee,Saudi Arabia,Riyadh,الشيخ عبدالله المخضوب,24.7954245,46.7037951,,,,0,,openstreetmap
شاي شبرا,Saudi Arabia,Riyadh,,24.7976824,46.7082359,,,,0,,openstreetmap
Cacti Cafe,Saudi Arabia,Riyadh,,24.8340533,46.7355671,,,,0,,openstreetmap
Jadeel,Saudi Arabia,Riyadh,,24.7692758,46.6910404,,,,0,,openstreetmap
Camel Step,Saudi Arabia,Riyadh,,24.7693423,46.6910138,,,,0,,openstreetmap
ذوق المذاق,Saudi Arabia,Riyadh,,24.7509161,46.6994231,+966543618492,,,0,,openstreetmap
Lorenzo Pizza,Saudi Arabia,Riyadh,,24.7557346,46.6568871,,,,0,,openstreetmap
O2 Coffee,Saudi Arabia,Riyadh,شارع زهير بن أبي سلمي,24.7664811,46.6799527,+966566923197,,,0,,openstreetmap
كبدة وفحمة,Saudi Arabia,Riyadh,,24.7665838,46.6799056,,,,0,,openstreetmap
مطاعم الافراح,Saudi Arabia,Riyadh,,24.7645343,46.692568,,,,0,,openstreetmap
Okrio Coffee,Saudi Arabia,Riyadh,,24.7803282,46.666938,,,,0,,openstreetmap
قريب,Saudi Arabia,Riyadh,,24.7699242,46.7115361,,,,0,,openstreetmap
مطاعم وادى الزمرد,Saudi Arabia,Riyadh,,24.7583909,46.6866194,,,,0,,openstreetmap
مطاعم الزلال,Saudi Arabia,Riyadh,,24.7616213,46.6742,,,,0,,openstreetmap
دوار السعادة,Saudi Arabia,Riyadh,,24.7582768,46.674634,,,,0,,openstreetmap
777 برجر مشوي,Saudi Arabia,Riyadh,,24.7582186,46.6746602,,,,0,,openstreetmap
Animal burger,Saudi Arabia,Riyadh,,24.7618752,46.6728143,,,,0,,openstreetmap
بخاري,Saudi Arabia,Riyadh,,24.7616992,46.6728833,,,,0,,openstreetmap
مطعم مصري مأكولات نعمه,Saudi Arabia,Riyadh,,24.7658938,46.6828036,,,,0,,openstreetmap
شاي رسلان,Saudi Arabia,Riyadh,,24.7615565,46.6850076,,,,0,,openstreetmap
دار رمان,Saudi Arabia,Riyadh,,24.7591845,46.6862123,,,,0,,openstreetmap
قهوة صحبة,Saudi Arabia,Riyadh,,24.7575877,46.6870622,,,,0,,openstreetmap
تسالي بيان عبدالله,Saudi Arabia,Riyadh,ابن البواب,24.6997696,46.8100669,0553315371,,,0,,openstreetmap
شاورما عرب,Saudi Arabia,Riyadh,شارع أبي هريرة,24.7305435,46.8421397,00966538646403,,,0,,openstreetmap
روزاليا برجر,Saudi Arabia,Riyadh,,24.8060683,46.6928391,,,,0,,openstreetmap
تنجه,Saudi Arabia,Riyadh,,24.7522673,46.6749519,,,,0,,openstreetmap
حاشي باشا,Saudi Arabia,Riyadh,,24.754934,46.6789905,,,,0,,openstreetmap
٥٠ فاكهة,Saudi Arabia,Riyadh,,24.7528941,46.6760015,,,,0,,openstreetmap
كنافة علي ابو الهوس,Saudi Arabia,Riyadh,,24.7529547,46.6761779,,,,0,,openstreetmap
عناب,Saudi Arabia,Riyadh,,24.7530078,46.676322,,,,0,,openstreetmap
Joe & The Juice,Saudi Arabia,Riyadh,,24.737877,46.6422873,,,,0,,openstreetmap
OJI,Saudi Arabia,Riyadh,,24.7774223,46.7255933,,,,0,,openstreetmap
نهار NAHAR,Saudi Arabia,Riyadh,طريق أبي بكر الصديق,24.8314319,46.6600229,+966552466128,https://www.instagram.com/nahar_bakery,,0,,openstreetmap
Breehant,Saudi Arabia,Riyadh,الزبير بن العوام,24.706384,46.809894,,,,0,,openstreetmap
بريهانت,Saudi Arabia,Riyadh,شارع العليا,24.8128563,46.6254879,,,,0,,openstreetmap
ويستر,Saudi Arabia,Riyadh,الإمام أحمد بن حنبل,24.7129194,46.7941364,,,,0,,openstreetmap
محمصة كيرف,Saudi Arabia,Riyadh,,24.6975992,46.7612447,,,,0,,openstreetmap
بيتزا لمة,Saudi Arabia,Riyadh,سعد بن عتيق,24.5959349,46.6613148,,,,0,,openstreetmap
مطعم شواية النخبة البخاري,Saudi Arabia,Riyadh,خديجة بنت خويلد,24.5901386,46.5929318,+966553643368,https://linktr.ee/sh_alnkhbah.sa,,0,,openstreetmap
شواية الخليج,Saudi Arabia,Riyadh,,24.5962576,46.6364544,,,,0,,openstreetmap
% Arabica Roastery ‎,Saudi Arabia,Riyadh,,24.7668649,46.6218755,+966112094970,https://arabica.com/en/location/arabica-riyadh-roastery/,,0,,openstreetmap
Lorenzo,Saudi Arabia,Riyadh,,24.7855041,46.7033988,,,,0,,openstreetmap
مولتو,Saudi Arabia,Riyadh,,24.8000079,46.6467521,,,,0,,openstreetmap
Social Cafe & Roastery,Saudi Arabia,Riyadh,,24.7256873,46.6435527,,,,0,,openstreetmap
خب / زه,Saudi Arabia,Riyadh,,24.7257951,46.6433582,,,,0,,openstreetmap
Sushi Library,Saudi Arabia,Riyadh,,24.726406,46.6423442,,,,0,,openstreetmap
ARCOMI,Saudi Arabia,Riyadh,,24.7266455,46.6422747,,,,0,,openstreetmap
Calo Right,Saudi Arabia,Riyadh,,24.7420418,46.6040997,,,,0,,openstreetmap
BZT Murvey Food,Saudi Arabia,Riyadh,,24.7415755,46.6039941,,,,0,,openstreetmap
Fish Face,Saudi Arabia,Riyadh,,24.741664,46.6042019,,,,0,,openstreetmap
Fatte w Snoubar,Saudi Arabia,Riyadh,,24.7421169,46.604063,,,,0,,openstreetmap
Acus,Saudi Arabia,Riyadh,,24.7416255,46.6040909,,,,0,,openstreetmap
Olla,Saudi Arabia,Riyadh,,24.7419654,46.6041378,,,,0,,openstreetmap
بلو جاردن,Saudi Arabia,Riyadh,,24.750446,46.6241493,,,,0,,openstreetmap
ADiC2 La cabana Restaurant & Café,Saudi Arabia,Riyadh,,24.7503968,46.6239249,,,,0,,openstreetmap
Habra,Saudi Arabia,Riyadh,,24.7504266,46.6240197,,,,0,,openstreetmap
Cup of Art,Saudi Arabia,Riyadh,,24.7501129,46.6238001,,,,0,,openstreetmap
اسكودار,Saudi Arabia,Riyadh,,24.7501384,46.6233384,,,,0,,openstreetmap
Lusin,Saudi Arabia,Riyadh,,24.7502609,46.6236309,,,,0,,openstreetmap
ابو طارق كشري,Saudi Arabia,Riyadh,شارع الامير سلطان بن عبدالعزيز,24.6957741,46.7008624,,,,0,,openstreetmap
Wafi Gourmet,Saudi Arabia,Riyadh,,24.7258496,46.6425609,,,,0,,openstreetmap
Sharsted,Saudi Arabia,Riyadh,,24.7502134,46.5737148,,,,0,,openstreetmap
buffet,Saudi Arabia,Riyadh,,24.7508744,46.57461,,,,0,,openstreetmap
Zinker King,Saudi Arabia,Riyadh,,24.7420105,46.5806492,,,,0,,openstreetmap
Peet's Coffee,Saudi Arabia,Riyadh,,24.7384909,46.5773173,,,,0,,openstreetmap
Archi,Saudi Arabia,Riyadh,,24.7388149,46.5766072,,,,0,,openstreetmap
ولو,Saudi Arabia,Riyadh,,24.7383128,46.5766142,,,,0,,openstreetmap
Kintan Japanese BBQ,Saudi Arabia,Riyadh,,24.7832242,46.6951844,,https://linktr.ee/kintansaudi,,0,,openstreetmap
اربيز,Saudi Arabia,Riyadh,الملك عبدالله,24.7642391,46.748364,,,,0,,openstreetmap
بيتزا الطازج,Saudi Arabia,Riyadh,الإمام فيصل بن تركي بن عبدالله,24.6381294,46.7196511,,,,0,,openstreetmap
اابيك,Saudi Arabia,Riyadh,,24.760493,46.6001923,,,,0,,openstreetmap
سلوى,Saudi Arabia,Riyadh,,24.743318,46.5716304,,,,0,,openstreetmap
روابي الإسكان,Saudi Arabia,Riyadh,,24.6761214,46.6993342,,,,0,,openstreetmap
عرش بلقيس,Saudi Arabia,Riyadh,,24.716156,46.6818302,,,,0,,openstreetmap
شاي عتيق,Saudi Arabia,Riyadh,,24.7020358,46.7117142,,,,0,,openstreetmap
Sha Shawarma Ar Rawdah | شا شاورما الروضة,Saudi Arabia,Riyadh,Abdulrahman Al Ghafeqi Street,24.7451627,46.7575631,0549533944,https://shaa.com.sa/,,0,,openstreetmap
Sha Shawarma Ash Shifa | شا شاورما الشفا,Saudi Arabia,Riyadh,طريق ديراب,24.5600588,46.6795691,0549533944,https://shaa.com.sa/,,0,,openstreetmap
Sha Shawarma Dhahrat Laban | شا شاورما ظهرة لبن,Saudi Arabia,Riyadh,شارع الطائف,24.653873,46.5875442,0549533944,https://shaa.com.sa/,,0,,openstreetmap
Morini,Saudi Arabia,Riyadh,,24.7503048,46.6132709,,,,0,,openstreetmap
Five Guys,Saudi Arabia,Riyadh,,24.7499917,46.6136655,,,,0,,openstreetmap
توبيز إستيت,Saudi Arabia,Riyadh,,24.7500106,46.6138848,,,,0,,openstreetmap
Sha Shawarma Al Aarid | شا شاورما العارض,Saudi Arabia,Riyadh,طريق الملك فهد - العارض,24.8517215,46.601953,0549533944,https://shaa.com.sa/,,0,,openstreetmap
Sha Shawarma As Sahafah (King Fahad Rd.) | شا شاورما الصحافة (طريق الملك فهد),Saudi Arabia,Riyadh,طريق الملك فهد بن عبد العزيز,24.7858108,46.6353522,0549533944,https://shaa.com.sa/,,0,,openstreetmap
Sha Shawarma Salmaniya | شا شاورما السلمانية,Saudi Arabia,Riyadh,3955 6278 طريق جدة,24.5548437,46.4913843,0549533944,https://shaa.com.sa/,,0,,openstreetmap
Sha Shawarma Al Mursalat | شا شاورما المرسلات,Saudi Arabia,Riyadh,Imam Saud Bin Abdulaziz Bin Mohammed Rd,24.756962,46.685649,0549533944,https://shaa.com.sa/,,0,,openstreetmap
Sha Shawarma Ar Rabi | شا شاورما الربيع,Saudi Arabia,Riyadh,7421 Al Thoumamah Road,24.7900226,46.6484691,0549533944,https://shaa.com.sa/,,0,,openstreetmap
Sha Shawarma Dhahrat Al Badi'ah | شا شاورما البديعة,Saudi Arabia,Riyadh,حمزة بن عبدالمطلب,24.5852187,46.6271384,0549533944,https://shaa.com.sa/,,0,,openstreetmap
Sha Shawarma Al Yarmuk | شا شاورما اليرموك,Saudi Arabia,Riyadh,Dammam Road,24.8136485,46.7736912,0549533944,https://shaa.com.sa/,,0,,openstreetmap
Sha Shawarma Al Qadisiyyah | شا شاورما القادسية,Saudi Arabia,Riyadh,طريق الشيخ جابر الصباح,24.8124442,46.8070646,0549533944,https://shaa.com.sa/,,0,,openstreetmap
Sha Shawarma King Faisal Dt. | شا شاورما الملك فيصل,Saudi Arabia,Riyadh,الامير بندر بن عبدالعزيز 6671,24.7525917,46.7829943,0549533944,https://shaa.com.sa/,,0,,openstreetmap
Sha Shawarma An Narjis | شا شاورما النرجس,Saudi Arabia,Riyadh,الامير سعود بن عبدالله بن جلوي,24.8605559,46.6486452,0549533944,https://shaa.com.sa/,,0,,openstreetmap
Sha Shawarma Al Khaleej | شا شاورما الخليج,Saudi Arabia,Riyadh,Salman Al Farsi 7419,24.780415,46.7979045,0549533944,https://shaa.com.sa/,,0,,openstreetmap
COSMO,Saudi Arabia,Riyadh,,24.7606602,46.6045554,,,,0,,openstreetmap
Key,Saudi Arabia,Riyadh,,24.7647149,46.6091176,,,,0,,openstreetmap
Bisat,Saudi Arabia,Riyadh,,24.7646716,46.6090942,,,,0,,openstreetmap
House of Matcha,Saudi Arabia,Riyadh,,24.7644536,46.6102569,,,,0,,openstreetmap
.بيكل,Saudi Arabia,Riyadh,,24.7368048,46.6305944,,,,0,,openstreetmap
ليتل ماما,Saudi Arabia,Riyadh,,24.7393871,46.6277436,,,,0,,openstreetmap
L'eto,Saudi Arabia,Riyadh,,24.7370634,46.6304078,,,,0,,openstreetmap
شاورما البلد,Saudi Arabia,Riyadh,,24.8760051,46.5896031,,,,0,,openstreetmap
Chef's,Saudi Arabia,Riyadh,,24.7633234,46.7458563,,,,0,,openstreetmap
مطعم مراسيم الرمال,Saudi Arabia,Riyadh,,24.8628429,46.8483787,,,,0,,openstreetmap
Clink,Saudi Arabia,Riyadh,,24.6953649,46.6846682,,,,0,,openstreetmap
شاميات حارتنا,Saudi Arabia,Riyadh,,24.6985415,46.6895306,,,,0,,openstreetmap
زعتر و زيت,Saudi Arabia,Riyadh,,24.6988583,46.6902608,,,,0,,openstreetmap
Tim Hortons,Saudi Arabia,Riyadh,,24.6987116,46.6898819,,,,0,,openstreetmap
ديڤز هوت نشيكن,Saudi Arabia,Riyadh,,24.6993108,46.6895706,,,,0,,openstreetmap
بربر,Saudi Arabia,Riyadh,,24.6993579,46.6897158,,,,0,,openstreetmap
أوبريشن: فلافل,Saudi Arabia,Riyadh,,24.6991234,46.6891448,,,,0,,openstreetmap
سوشي سوشي,Saudi Arabia,Riyadh,,24.6991897,46.6892939,,,,0,,openstreetmap
بيتوتي,Saudi Arabia,Riyadh,,24.699255,46.6894378,,,,0,,openstreetmap
كاتش ٢٢,Saudi Arabia,Riyadh,,24.6991575,46.6892249,,,,0,,openstreetmap
شرمب أناتومي,Saudi Arabia,Riyadh,,24.6992206,46.6893784,,,,0,,openstreetmap
عنوان القهوة,Saudi Arabia,Riyadh,,24.8779598,46.6426522,,,,0,,openstreetmap
I Hop,Saudi Arabia,Riyadh,,24.8744622,46.6379541,,,,0,,openstreetmap
Cafetaria,Saudi Arabia,Riyadh,,24.7216552,46.6232971,,,,0,,openstreetmap
Dining Hall,Saudi Arabia,Riyadh,,24.7209602,46.619493,,,,0,,openstreetmap
ركن الافندي,Saudi Arabia,Riyadh,,24.6174007,46.7258171,,,,0,,openstreetmap
Vivienda,Saudi Arabia,Riyadh,,24.7888018,46.7281192,,,,0,,openstreetmap
Saudi airlines catering,Saudi Arabia,Riyadh,,24.7553299,46.6887507,,,,0,,openstreetmap
البيت الذهبي,Saudi Arabia,Riyadh,,24.5706914,46.615853,0114309999,,,0,,openstreetmap
Al Waleema Corner Restaurant,Saudi Arabia,Riyadh,,24.749488,46.5731095,,,,0,,openstreetmap
NASER FAST FOOD,Saudi Arabia,Riyadh,,24.7449787,46.5795733,,,,0,,openstreetmap
Jazel,Saudi Arabia,Riyadh,,24.740948,46.5808269,,,,0,,openstreetmap
المطعم,Saudi Arabia,Riyadh,,24.7571587,46.6906266,,,,0,,openstreetmap
جورميه كافيه,Saudi Arabia,Riyadh,طريق أبي بكر الصديق,24.8543278,46.6481122,+966112200096,http://gourmet-cafe.net/,,0,,openstreetmap
هوغو Hugo,Saudi Arabia,Riyadh,محمد إبراهيم بن ماضي,24.7619728,46.7499287,+966531322191,https://foursquare.com/v/hugo/61c44a1b5620f14bbc7e224a,,0,,openstreetmap
مقهى كلمات Kalimatcoffe,Saudi Arabia,Riyadh,الملك عبدالعزيز,24.78045,46.6625323,+966500013814,https://hookah-bar-1090.business.site/?utm_source=gmb&utm_medium=referral,,0,,openstreetmap
Dim Light,Saudi Arabia,Riyadh,,24.7398549,46.5828922,,,,0,,openstreetmap
ليمونة,Saudi Arabia,Riyadh,,24.8484034,46.6673872,,,,0,,openstreetmap
ريزينج كينز,Saudi Arabia,Riyadh,,24.8514304,46.6746617,,,,0,,openstreetmap
Aroma Coffee,Saudi Arabia,Riyadh,,24.6866822,46.6806428,,,,0,,openstreetmap
ألمياس,Saudi Arabia,Riyadh,ابن رزين,24.6868315,46.6815848,,,,0,,openstreetmap
تنفس,Saudi Arabia,Riyadh,,24.8372722,46.666209,,,,0,,openstreetmap
السقيفة,Saudi Arabia,Riyadh,منصور بن القاضي,24.8328365,46.6594778,,,,0,,openstreetmap
شوقر هايف,Saudi Arabia,Riyadh,طريق أبي بكر الصديق,24.831424,46.6598453,,,,0,,openstreetmap
Latisha,Saudi Arabia,Riyadh,شارع أنس بن مالك,24.8310127,46.6708058,,,,0,,openstreetmap
Benihana,Saudi Arabia,Riyadh,الدائري الشمالي,24.7804121,46.6950339,,,,0,,openstreetmap
ستيك هاوس,Saudi Arabia,Riyadh,الدائري الشمالي,24.7718696,46.6747475,,,,0,,openstreetmap
هاف مليون,Saudi Arabia,Riyadh,الملك عبدالعزيز,24.7591173,46.6743125,,,,0,,openstreetmap
SALT,Saudi Arabia,Riyadh,,24.7362807,46.6316011,,,,0,,openstreetmap
مجالس اهالي السدريه,Saudi Arabia,Riyadh,,24.6376531,44.2895567,,,,0,,openstreetmap
بلو مايند | BlueMind,Saudi Arabia,Riyadh,,24.7781723,46.7687846,,,,0,,openstreetmap
مطعم اكليل لبنان,Saudi Arabia,Riyadh,,24.710582,46.6719624,,,,0,,openstreetmap
Sawarma,Saudi Arabia,Sakaka,,29.9750838,40.1903367,,,,0,,openstreetmap
Kudu,Saudi Arabia,Sakaka,,29.9639821,40.1962636,,,,0,,openstreetmap
هرفي,Saudi Arabia,Sakaka,,29.9331904,40.1876159,,,,0,,openstreetmap
الطازج,Saudi Arabia,Sakaka,,29.9324013,40.1866155,,,,0,,openstreetmap
مطعم هرفي,Saudi Arabia,Sakaka,الملك سعود,29.9722873,40.1986077,,,,0,,openstreetmap
ماكدونالدز,Saudi Arabia,Sakaka,,29.9592203,40.2045316,,,,0,,openstreetmap
دانكن دونات,Saudi Arabia,Sakaka,,29.9699887,40.2231895,,,,0,,openstreetmap
مطعم النافورة,Saudi Arabia,Sakaka,,29.9850272,40.2157697,,,,0,,openstreetmap
شاورمر,Saudi Arabia,Sakaka,,29.9766102,40.2146875,,,,0,,openstreetmap
بيت الشواية,Saudi Arabia,Sakaka,,29.9600217,40.2078342,,,,0,,openstreetmap
حاشي باشا,Saudi Arabia,Sakaka,,29.9644375,40.2218795,,,,0,,openstreetmap
تراث الجوف,Saudi Arabia,Sakaka,,29.9467709,40.2258918,,,,0,,openstreetmap
دومينوز بيتزا,Saudi Arabia,Sakaka,,29.9591373,40.2050833,,,,0,,openstreetmap
ميسترو,Saudi Arabia,Sakaka,,29.9591764,40.2054238,,,,0,,openstreetmap
فرسان الشام,Saudi Arabia,Sakaka,,29.9790106,40.1856365,,,,0,,openstreetmap
عنوان القهوة,Saudi Arabia,Sakaka,,29.979622,40.1831763,,,,0,,openstreetmap
قصر العيشان التراثي,Saudi Arabia,Sakaka,,29.9585984,40.2069479,,,,0,,openstreetmap
شاورما لايف,Saudi Arabia,Sakaka,,29.959102,40.2064272,,,,0,,openstreetmap
سيجنتشر,Saudi Arabia,Sakaka,,29.95915,40.2064913,,,,0,,openstreetmap
ليترسيزر,Saudi Arabia,Sakaka,,29.9323377,40.1863535,,,,0,,openstreetmap
كوزو,Saudi Arabia,Sakaka,,29.9721514,40.1885083,,,,0,,openstreetmap
CH,Saudi Arabia,Sakaka,,29.9764669,40.1903018,,,,0,,openstreetmap
فل ستوب,Saudi Arabia,Sakaka,,29.9506058,40.1887642,,,,0,,openstreetmap
لؤلوة الجوف,Saudi Arabia,Sakaka,,29.9780537,40.204187,,,,0,,openstreetmap
الاحلام,Saudi Arabia,Sakaka,,29.966436,40.2154225,,,,0,,openstreetmap
Elm,Saudi Arabia,Sakaka,,29.9735393,40.1997734,,,,0,,openstreetmap
بنز,Saudi Arabia,Sakaka,,29.9598414,40.2075186,,,,0,,openstreetmap
ليالي الشام,Saudi Arabia,Sakaka,,29.9777682,40.2034281,,,,0,,openstreetmap
لفيدا,Saudi Arabia,Sakaka,,29.9935974,40.2091128,,,,0,,openstreetmap
الوطني,Saudi Arabia,Sakaka,,29.9894147,40.2137809,,,,0,,openstreetmap
البركة,Saudi Arabia,Sakaka,,29.9997154,40.2112294,,,,0,,openstreetmap
شيكاندي,Saudi Arabia,Sakaka,,29.9956349,40.2090886,,,,0,,openstreetmap
سرايا,Saudi Arabia,Sakaka,,29.9950782,40.2091155,,,,0,,openstreetmap
اطلالة الشاي,Saudi Arabia,Sakaka,,29.9553687,40.1901278,,,,0,,openstreetmap
مستر عنب,Saudi Arabia,Sakaka,,29.9747806,40.1903256,,,,0,,openstreetmap
التنور,Saudi Arabia,Sakaka,,29.9747043,40.1903064,,,,0,,openstreetmap
كانتون,Saudi Arabia,Sakaka,,30.0035668,40.2119753,+966920000129,https://canton-express.com,,0,,openstreetmap
بروست الديك,Saudi Arabia,Tabuk,,25.0338191,37.2651235,,,,0,,openstreetmap
مطعم البخاري,Saudi Arabia,Tabuk,,25.0406529,37.2646014,,,,0,,openstreetmap
مطعم بروست,Saudi Arabia,Tabuk,,25.0263078,37.2656308,,,,0,,openstreetmap
Kudu,Saudi Arabia,Tabuk,,28.3955372,36.5480115,,,,0,,openstreetmap
مطاعم يمنية ومطاعم سمك شعبية,Saudi Arabia,Tabuk,,28.3790667,36.5606727,,,,0,,openstreetmap
كافتريا هضبة عدن,Saudi Arabia,Tabuk,,28.5081682,37.6295959,,,,0,,openstreetmap
مطعم ساسكو,Saudi Arabia,Tabuk,,28.5081783,37.6293522,,,,0,,openstreetmap
البستان ( حديقة و مطعم),Saudi Arabia,Tabuk,,28.3969237,36.5778076,,,,0,,openstreetmap
Domino's,Saudi Arabia,Tabuk,,28.3737351,36.4790597,,,,0,,openstreetmap
شاورمتك 2 / مطعم وجبات سريعة,Saudi Arabia,Tabuk,,29.2840591,34.9512206,,,,0,,openstreetmap
برغر نيوز,Saudi Arabia,Tabuk,الملك فهد,27.3448321,35.7120788,,,,0,,openstreetmap
مقهى غروب الشمس,Saudi Arabia,Tabuk,,25.03407,37.2557345,,,,0,,openstreetmap
كافية تاج محل,Saudi Arabia,Tabuk,,28.4113241,36.588964,,,,0,,openstreetmap
كوفي هاوس,Saudi Arabia,Tabuk,,28.8604208,35.4760442,,,,0,,openstreetmap
بوفية الشرف,Saudi Arabia,Tabuk,,28.922236,35.1870561,,,,0,,openstreetmap
مطعم مسافرين,Saudi Arabia,Tabuk,,28.9228392,35.1862755,,,,0,,openstreetmap
مطعم النخيل,Saudi Arabia,Tabuk,,25.2439,37.2381,,,,0,,openstreetmap
مطعم اسماك,Saudi Arabia,Tabuk,,29.2884,34.9515,,,,0,,openstreetmap
Subway,Saudi Arabia,Tabuk,,28.3893936,36.5578941,,,,0,,openstreetmap
Gray Bird Cafe,Saudi Arabia,Tabuk,,28.389469,36.5577657,,,,0,,openstreetmap
Sky Coffee سكاي كافيه,Saudi Arabia,Tabuk,طريق الأمير سلطان,28.3960068,36.5890732,+966501620700,https://foursquare.com/v/%D8%B3%D9%83%D8%A7%D9%8A-%D9%83%D8%A7%D9%81%D9%8A%D9%87/61674086b2a0496a8dec11cd,,0,,openstreetmap
Majlis Hospitality ديوانية ضيافة المجلس,Saudi Arabia,Tabuk,طريق الملك سعود,28.387256,36.5850136,+966504430331,https://foursquare.com/v/%D8%B6%D9%8A%D8%A7%D9%81%D8%A9-%D8%A7%D9%84%D9%85%D8%AC%D9%84%D8%B3/569e809238fa87a0fa9a5f5b,,0,,openstreetmap
Lahore,Saudi Arabia,Tabuk,,28.3856699,36.5624129,,,,0,,openstreetmap
Fresh Tezaj,Saudi Arabia,Tabuk,,28.5022506,35.0057407,0533309506,,,0,,openstreetmap
ستاربكس,Saudi Arabia,Tabuk,,28.1100907,35.1145491,,,,0,,openstreetmap
Oasis Restaurant Coffee Hub,Saudi Arabia,Tabuk,,28.1048756,35.1202782,,,,0,,openstreetmap
Main Diner Coffee Hub,Saudi Arabia,Tabuk,,28.1109007,35.1141343,,,,0,,openstreetmap
Dose Cafe,Saudi Arabia,Tabuk,,28.1082207,35.1082978,,,,0,,openstreetmap
كانتون,Saudi Arabia,Tabuk,,28.428536,36.5742141,+966920000129,https://canton-express.com,,0,,openstreetmap
سوق الجمعية,Saudi Arabia,Tabuk,,29.2865789,34.9504203,,,,0,,openstreetmap
Dining Hall,Saudi Arabia,Tabuk,,28.1108933,35.1139321,,,,0,,openstreetmap
New Dining Tent,Saudi Arabia,Tabuk,,28.111916,35.1094404,,,,0,,openstreetmap
American Diner,Saudi Arabia,Tabuk,,28.1120136,35.1097524,,,,0,,openstreetmap
Vera Pizza,Saudi Arabia,Tabuk,,28.1122851,35.109798,,,,0,,openstreetmap
Terminal B,Saudi Arabia,Tabuk,,28.1122874,35.1096833,,,,0,,openstreetmap
Baroque,Saudi Arabia,Tabuk,,28.1127103,35.1096283,,,,0,,openstreetmap
Burger King,Saudi Arabia,Tabuk,,28.111176,35.1155959,,,,0,,openstreetmap
Float,Saudi Arabia,Tabuk,,28.1102442,35.115274,,,,0,,openstreetmap
شاورما تاج سلطان,Saudi Arabia,Yanbu,Umlujj Road,24.0878886,38.0564267,0143907744,,,0,,openstreetmap
مطاعم جحا,Saudi Arabia,Yanbu,عمر بن الخطاب,24.0803173,38.0547684,,,,0,,openstreetmap
مطعم شاهين,Saudi Arabia,Yanbu,,24.0013844,38.2152408,,,,0,,openstreetmap
مقهى النجمة,Saudi Arabia,Yanbu,,24.1546039,37.9577263,,,,0,,openstreetmap
كافيه,Saudi Arabia,Yanbu,,24.163017,37.9792134,,,,0,,openstreetmap
كافيه (مقهى),Saudi Arabia,Yanbu,,24.1650623,37.9820611,,,,0,,openstreetmap
مطعم,Saudi Arabia,Yanbu,,24.6486,37.5339,,,,0,,openstreetmap
أحساس الفاكهة,Saudi Arabia,Yanbu,Ali Bin Abi Talib Rd Ali Bin Abi Talib Rd Yanbu 46422,24.0815951,38.0400019,,,,0,,openstreetmap
الدومينو,Saudi Arabia,Yanbu,,24.0066839,38.1690976,,https://www.dominos.sa/ar/,,0,,openstreetmap
مترو,Saudi Arabia,Yanbu,,24.0068481,38.1685746,,https://subway.com/ar-SA/,,0,,openstreetmap
مقهى أوروس,Saudi Arabia,Yanbu,,24.0065639,38.1689259,,,,0,,openstreetmap
TGI Fridays,Saudi Arabia,Yanbu,,24.0117606,38.2079709,,https://tgifridaysme.com/ar/,,0,,openstreetmap
Hardee's,Saudi Arabia,Yanbu,,24.0134021,38.2094139,,https://saudi.hardees.me/en/home,,0,,openstreetmap
دانكن دونتس,Saudi Arabia,Yanbu,,24.0118423,38.2094739,,https://www.dunkinksa.com/,,0,,openstreetmap
I'm Hungry,Saudi Arabia,Yanbu,,24.0222784,38.1478652,,https://imhungry.sa/,,0,,openstreetmap
ستاربكس,Saudi Arabia,Yanbu,,24.0347258,38.1936049,,https://www.starbucks.sa/en,,0,,openstreetmap
بروست الذ فروج,Saudi Arabia,Yanbu,,24.1322619,38.0056059,+966561684161,,,0,,openstreetmap
إيمي,Saudi Arabia,Yanbu,,24.0227856,38.1477284,,https://emmys-ksa.com/,,0,,openstreetmap
سلطان,Saudi Arabia,Yanbu,,24.1083818,38.025759,,https://sultandb.com/,,0,,openstreetmap
إمضاء,Saudi Arabia,Yanbu,,24.1084148,38.0256075,,,,0,,openstreetmap
بيتزا هت,Saudi Arabia,Yanbu,,24.1080011,38.025232,,https://saudi.pizzahut.me/en/home,,0,,openstreetmap
مقهى سيلو,Saudi Arabia,Yanbu,,24.0057087,38.1972353,,,,0,,openstreetmap
الأسطورة,Saudi Arabia,Yanbu,,24.0022662,38.1987467,,,,0,,openstreetmap
Everest,Saudi Arabia,Yanbu,,24.1071179,38.048822,,,,0,,openstreetmap
Burger King,Saudi Arabia,Yanbu,,24.109568,38.0254278,,https://www.burgerking.com.sa/ar/,,0,,openstreetmap
ابو زيد,Saudi Arabia,Yanbu,,24.0833423,38.1010446,,,,0,,openstreetmap
كوخ كتكوت,Saudi Arabia,Yanbu,,24.0828954,38.0898208,,,,0,,openstreetmap
شاورما وأكثر,Saudi Arabia,Yanbu,,24.0850882,38.0958465,,,,0,,openstreetmap
قهوة كاستيلو,Saudi Arabia,Yanbu,,24.0838761,38.0827063,,https://castello-coffee.com/en/,,0,,openstreetmap
مشراق,Saudi Arabia,Yanbu,,24.0837757,38.0826607,,https://www.meshraq.com.sa/,,0,,openstreetmap
Domino's,Saudi Arabia,Yanbu,,24.0840513,38.0825642,,,,0,,openstreetmap
كودو,Saudi Arabia,Yanbu,,24.083668,38.0825964,,https://www.kudu.com.sa/home,,0,,openstreetmap
لفات متموجة,Saudi Arabia,Yanbu,,24.0853845,38.0564797,,,,0,,openstreetmap
شواية السلطان,Saudi Arabia,Yanbu,,24.0151981,38.2160872,,,,0,,openstreetmap
بيتزا المايسترو,Saudi Arabia,Yanbu,,24.0154075,38.1981895,,https://maestropizza.com/ar/,,0,,openstreetmap
هرفي,Saudi Arabia,Yanbu,,24.0890255,38.1030807,,,,0,,openstreetmap
عزة,Saudi Arabia,Yanbu,,24.0908204,38.0497305,,,,0,,openstreetmap
kfc,Saudi Arabia,Yanbu,,24.0826324,38.0526476,,,,0,,openstreetmap
window burger,Saudi Arabia,Yanbu,,24.0948177,38.0384035,,,,0,,openstreetmap
NRG,Saudi Arabia,Yanbu,,24.1008242,38.0873274,,,,0,,openstreetmap
lorenzo,Saudi Arabia,Yanbu,,24.0881674,38.0668169,,,,0,,openstreetmap
سر السوشي,Saudi Arabia,Yanbu,,24.077309,38.054172,,,,0,,openstreetmap
نسبة,Saudi Arabia,Yanbu,,24.0773298,38.0534481,,,,0,,openstreetmap
مقهى هورا,Saudi Arabia,Yanbu,,24.0776735,38.0537036,,,,0,,openstreetmap
هارديز,Saudi Arabia,Yanbu,,24.0824736,38.0528201,,https://saudi.hardees.me/ar/home,,0,,openstreetmap
طعم دمشق,Saudi Arabia,Yanbu,,24.0841475,38.0495026,,,,0,,openstreetmap
الشرفة,Saudi Arabia,Yanbu,,24.0945979,38.0384854,,,,0,,openstreetmap
Emmy's,Saudi Arabia,Yanbu,,24.106498,38.0977396,,,,0,,openstreetmap
NEXT,Saudi Arabia,Yanbu,,24.0919287,38.090859,,,,0,,openstreetmap
كيان,Saudi Arabia,Yanbu,,24.1091465,38.0783642,,,,0,,openstreetmap
مازا,Saudi Arabia,Yanbu,,24.0851715,38.0904105,,,,0,,openstreetmap
فاكهة العاطفة,Saudi Arabia,Yanbu,,24.0849276,38.0941464,,,,0,,openstreetmap
النحاس,Saudi Arabia,Yanbu,,24.091223,38.0939523,,,,0,,openstreetmap
كافتيريا مشاور,Saudi Arabia,Yanbu,,24.0767171,38.0978091,,,,0,,openstreetmap
إمبراطورية الدونات,Saudi Arabia,Yanbu,,24.002427,38.1808578,,,,0,,openstreetmap
بروست الزعيم,Saudi Arabia,Yanbu,,24.1263559,38.010986,,,,0,,openstreetmap
رضوى,Saudi Arabia,Yanbu,,24.1150242,38.0894941,,,,0,,openstreetmap
بوفيا أديبا ينبع,Saudi Arabia,Yanbu,,24.0761427,38.0927324,,,,0,,openstreetmap
prot,Saudi Arabia,Yanbu,,24.0002626,38.1841618,,,,0,,openstreetmap
morrocan taste,Saudi Arabia,Yanbu,,24.0001392,38.1847021,,,,0,,openstreetmap
kabsa badia,Saudi Arabia,Yanbu,,24.0084187,38.2074709,,,,0,,openstreetmap
barns,Saudi Arabia,Yanbu,,24.0758713,38.1013805,,,,0,,openstreetmap
next coffee,Saudi Arabia,Yanbu,,24.0714557,38.1103103,,,,0,,openstreetmap
دمشق,Saudi Arabia,Yanbu,,24.0566688,38.1454126,,,,0,,openstreetmap
الحظائر,Saudi Arabia,Yanbu,,24.0157233,38.2287017,,,,0,,openstreetmap
ratio express,Saudi Arabia,Yanbu,,23.6970805,38.5708796,,,,0,,openstreetmap
السيد. قهوة,Saudi Arabia,Yanbu,,24.0863291,38.0644533,,,,0,,openstreetmap
هو لبنان,Saudi Arabia,Yanbu,,24.07054,38.1122921,,,,0,,openstreetmap
القاوة التالي,Saudi Arabia,Yanbu,,24.0851156,38.0951836,,,,0,,openstreetmap
البيك,Saudi Arabia,Yanbu,,24.0852776,38.0954474,,https://www.albaik.com,,0,,openstreetmap
pro diet,Saudi Arabia,Yanbu,,24.0837357,38.1012856,,,,0,,openstreetmap
الشاي المغربي,Saudi Arabia,Yanbu,,24.0025806,38.2197498,,,,0,,openstreetmap
ماكدونالدز,Saudi Arabia,Yanbu,,24.0058172,38.2181416,,,,0,,openstreetmap
دجاج كنتاكي,Saudi Arabia,Yanbu,,24.0121974,38.2073343,,,,0,,openstreetmap
سلطة عصير سيجيا وآيس كريم,Saudi Arabia,Yanbu,,24.0973546,38.0925014,,,,0,,openstreetmap
المعادل,Saudi Arabia,Yanbu,,24.1212489,38.0624077,,,,0,,openstreetmap
رايو خان,Saudi Arabia,Yanbu,,24.0634716,38.0914734,,,,0,,openstreetmap
مطعم المنار الهندي,Saudi Arabia,Yanbu,,24.05955,38.1389722,,,,0,,openstreetmap
برجر وأكثر,Saudi Arabia,Yanbu,,24.0755963,38.0990458,,,,0,,openstreetmap
القانون,Saudi Arabia,Yanbu,,24.0638831,38.0917838,,,,0,,openstreetmap
مطعم زاد الوادي,Saudi Arabia,Yanbu,,23.6967958,38.5706136,,,,0,,openstreetmap
الصفا للوجبات السريعة,Saudi Arabia,Yanbu,,23.6970027,38.5704575,,,,0,,openstreetmap
ديفوي,Saudi Arabia,Yanbu,,24.1077297,38.0265648,,,,0,,openstreetmap
قهوة صفير متخصصة,Saudi Arabia,Yanbu,,24.1070001,38.0252698,,,,0,,openstreetmap
بونو بيتزا باستا,Saudi Arabia,Yanbu,,24.0827726,38.1033231,,,,0,,openstreetmap
لا بينيا,Saudi Arabia,Yanbu,,24.0195901,38.2016955,,,,0,,openstreetmap
بيت الدونات,Saudi Arabia,Yanbu,,24.0179605,38.1970985,,,,0,,openstreetmap
dose,Saudi Arabia,Yanbu,,24.0871526,38.0454356,,,,0,,openstreetmap
نسبة التعبير,Saudi Arabia,Yanbu,,24.1152441,37.9987859,,,,0,,openstreetmap
بطاطس صديق,Saudi Arabia,Yanbu,,24.1136273,38.02143,,,,0,,openstreetmap
وقت البرجر,Saudi Arabia,Yanbu,,24.0847368,38.094956,,,,0,,openstreetmap
التحميل الزائد,Saudi Arabia,Yanbu,,24.0634051,38.0914047,,,,0,,openstreetmap
بوفيه جده,Saudi Arabia,Yanbu,,24.078925,38.0925863,,,,0,,openstreetmap
lavena,Saudi Arabia,Yanbu,,24.0969154,38.1873947,,,,0,,openstreetmap
snack it,Saudi Arabia,Yanbu,,24.0850961,38.0583079,,,,0,,openstreetmap
كبسة الشامخ,Saudi Arabia,Yanbu,,24.104761,38.0474559,,,,0,,openstreetmap
بلدي التاون,Saudi Arabia,Yanbu,,24.0954961,38.0856788,,,,0,,openstreetmap
مطاعم ومطابخ الدفة,Saudi Arabia,Yanbu,,24.1117828,38.0606735,,,,0,,openstreetmap
بيتزا و باستا ليزوان,Saudi Arabia,Yanbu,,24.0635987,38.0907868,,,,0,,openstreetmap
Subway,Saudi Arabia,Yanbu,,24.0145233,38.2153581,,,,0,,openstreetmap
بيت البيتزا,Saudi Arabia,Yanbu,,24.0922873,38.0526092,,,,0,,openstreetmap
ethemam cafe,Saudi Arabia,Yanbu,,24.0777257,38.0362979,,,,0,,openstreetmap
calimaro,Saudi Arabia,Yanbu,,24.0756274,38.0442655,,,,0,,openstreetmap
شاورمر دولفين,Saudi Arabia,Yanbu,,24.1140416,38.0212203,,,,0,,openstreetmap
برجر طازج,Saudi Arabia,Yanbu,,24.0870008,38.0452581,,,,0,,openstreetmap
زاد المدينة,Saudi Arabia,Yanbu,,24.0972789,38.1877287,,,,0,,openstreetmap
كانتون,Saudi Arabia,Yanbu,,24.0341125,38.1936771,+966920000129,https://canton-express.com,,0,,openstreetmap
Red Deer,Saudi Arabia,Yanbu,Almajed,24.0691854,38.104961,0542590246,https://www.instagram.com/__red_deer__?igsh=OWp5ZG9rMmV6ZW1n,,0,,openstreetmap
بروست فريو,Saudi Arabia,Yanbu,عمر بن الخطاب,24.1340123,38.0039016,0502204150,https://frieo.tryorder.net/app,,0,,openstreetmap
مطعم البيك,Saudi Arabia,Yanbu,,24.0170394,38.1971815,,,,0,,openstreetmap
Kaylah Lounge,Saudi Arabia,Yanbu,,24.0746989,38.0851663,+966583018191,https://www.instagram.com/kaylah_ksa/?hl=en,,0,,openstreetmap
