name,country,city,address,latitude,longitude,phone,website,rating,reviews_count,price_range,source
رانديز - Randy's,Other,A'Ali,,26.153715599999998,50.508776999999995,,,4.8,0,,google_places
Sangam Restaurant - Bahrain,Other,A'Ali,,26.2326242,50.539994300000004,,,4.8,0,,google_places
CLAW BBQ Bahrain,Other,A'Ali,,26.223662599999997,50.609353,,,4.9,0,,google_places
AL Jalboot Restaurant,Other,A'Ali,,26.159327899999997,50.5194537,,,4.2,0,,google_places
Zonful Restaurant,Other,A'Ali,,26.154567,50.519044400000006,,,4.3,0,,google_places
Danial Restaurant,Other,A'Ali,,26.159373199999997,50.5207189,,,3.7,0,,google_places
Al Naeem Al Aali Restaurant مطعم النعيم العالي,Other,A'Ali,,26.158970999999998,50.520913099999994,,,4.2,0,,google_places
House of Balaleet,Other,A'Ali,,26.1562888,50.5127944,,,4.0,0,,google_places
Sliders,Other,A'Ali,,26.1667643,50.5419108,,,4.8,0,,google_places
Café Lilou,Other,A'Ali,,26.2331713,50.540926899999995,,,4.4,0,,google_places
Ghancha غنجة,Other,A'Ali,,26.233926399999998,50.5399743,,,4.2,0,,google_places
Mei Ling,Other,A'Ali,,26.211463400000003,50.593162,,,4.7,0,,google_places
Fabio's Bahrain,Other,A'Ali,,26.165270099999997,50.5415521,,,4.4,0,,google_places
M by Mirai Restaurant,Other,A'Ali,,26.2328175,50.5408751,,,4.7,0,,google_places
Bu Ali Spice Restaurant,Other,A'Ali,,26.2101413,50.5753141,,,3.8,0,,google_places
Empire Pizza,Other,A'Ali,,26.151873000000002,50.5328568,,,4.6,0,,google_places
BURJ AL NOOR RESTAURANT,Other,A'Ali,,26.1761414,50.526578799999996,,,3.8,0,,google_places
Avli by tashas,Other,A'Ali,,26.2393526,50.5737957,,,4.6,0,,google_places
AGORA Restaurant,Other,A'Ali,,26.1341641,50.5487095,,,4.7,0,,google_places
Buri Tunnel Restaurant,Other,A'Ali,,26.153613099999998,50.509579099999996,,,4.4,0,,google_places
Steak Chef Restaurant,Other,Abu Dhabi,,24.4657716,54.3313864,,,4.8,0,,google_places
Zuma Abu Dhabi,Other,Abu Dhabi,,24.500519,54.387861099999995,,,4.4,0,,google_places
West Bay Lounge Abu Dhabi Corniche,Other,Abu Dhabi,,24.4644962,54.325106399999996,,,4.3,0,,google_places
Swiss Butter - Novotel Al Bustan,Other,Abu Dhabi,,24.429409500000002,54.429126499999995,,,4.8,0,,google_places
Punjab Grill,Other,Abu Dhabi,,24.411256299999998,54.4852217,,,4.6,0,,google_places
Hakkasan Abu Dhabi,Other,Abu Dhabi,,24.462711,54.318627799999994,,,4.5,0,,google_places
COYA Abu Dhabi,Other,Abu Dhabi,,24.502381999999997,54.3880984,,,4.6,0,,google_places
Bosporus Turkish Cuisine - Abu Dhabi Mall,Other,Abu Dhabi,,24.495708699999998,54.383964299999995,,,4.9,0,,google_places
Finz Restaurant,Other,Abu Dhabi,,24.4948661,54.3853143,,,4.8,0,,google_places
Al Khayma Heritage Restaurant Abu Dhabi by Al Salah Holding,Other,Abu Dhabi,,24.4082688,54.474512399999995,,,4.9,0,,google_places
Idukki Gold Restaurant,Other,Abu Dhabi,,24.4948133,54.3733,,,4.3,0,,google_places
Arabian Majlis Restaurant | Abu Dhabi,Other,Abu Dhabi,,24.4853856,54.363276299999995,,,4.6,0,,google_places
CALICUT BLUEFIN RESTAURANT AND GRILL,Other,Abu Dhabi,,24.4730855,54.3738239,,,4.6,0,,google_places
3Fils - Abu Dhabi,Other,Abu Dhabi,,24.452331299999997,54.336073,,,4.8,0,,google_places
Otantik Café & Restaurant - TCA Branch,Other,Abu Dhabi,,24.4947369,54.3827603,,,4.3,0,,google_places
NURI Grill & Bar,Other,Abu Dhabi,,24.4590238,54.6021053,,,4.9,0,,google_places
The Foundry,Other,Abu Dhabi,,24.5003334,54.3713847,,,4.5,0,,google_places
Dr Smash Abu Dhabi,Other,Abu Dhabi,,24.4570611,54.382123,,,4.1,0,,google_places
Sofra Bld,Other,Abu Dhabi,,24.4067053,54.4902454,,,4.6,0,,google_places
ANDHRA FAMILY RESTAURENT,Other,Abu Halifa,,29.128696899999998,48.122952999999995,,,4.0,0,,google_places
Abraj Al madina Restaurant,Other,Abu Halifa,,29.1273371,48.1261535,,,4.8,0,,google_places
مطعم قصدير | Qasdeer Restaurant,Other,Abu Halifa,,29.137426500000004,48.1282497,,,4.2,0,,google_places
Sangeetha Veg Restaurant | Abu Halifa | Best Vegetarian Restaurant In Kuwait,Other,Abu Halifa,,29.1258537,48.124914999999994,,,4.2,0,,google_places
Savor - Sea View | سيڤر - سي ڤيو,Other,Abu Halifa,,29.1363992,48.13155450000001,,,4.1,0,,google_places
Al-Rahma Indian Restaurant - ‎مطعم الرحمة الأصلي,Other,Abu Halifa,,29.1287571,48.124255399999996,,,4.3,0,,google_places
THRIPTHI RESTAURANT - NORTH INDIAN AND CHINESE CUISINE.,Other,Abu Halifa,,29.1284972,48.1227792,,,4.0,0,,google_places
Haya Bake & Restaurant,Other,Abu Halifa,,29.1280429,48.124449299999995,,,4.1,0,,google_places
Silsila Restaurant Abu halifa,Other,Abu Halifa,,29.1287616,48.127896299999996,,,4.1,0,,google_places
Fire Up restaurant,Other,Abu Halifa,,29.137099700000004,48.1198748,,,4.8,0,,google_places
Agnii Seaview,Other,Abu Halifa,,29.1364258,48.1312208,,,4.4,0,,google_places
CHEESY,Other,Abu Halifa,,29.1373129,48.1267721,,,4.2,0,,google_places
MARHABA HYDERABADI RESTAURANT,Other,Abu Halifa,,29.127497800000004,48.128794799999994,,,4.4,0,,google_places
مطعم ليالي البترون,Other,Abu Halifa,,29.127356700000004,48.133215799999995,,,5.0,0,,google_places
Concrete Abu Halifa,Other,Abu Halifa,,29.127197100000004,48.133299199999996,,,4.4,0,,google_places
Jouf Indian Restaurant,Other,Abu Halifa,,29.132193799999996,48.1226063,,,3.9,0,,google_places
Thripthi Vegetarian Restaurant,Other,Abu Halifa,,29.127039599999996,48.126228999999995,,,4.2,0,,google_places
Caboria (Abo Halifa),Other,Abu Halifa,,29.137181400000003,48.1210275,,,4.0,0,,google_places
Gokul Pure Vegetarian Restaurant,Other,Abu Halifa,,29.128884499999998,48.1237018,,,3.8,0,,google_places
Zola,Other,Abu Halifa,,29.136897599999994,48.1231048,,,4.3,0,,google_places
VANISCA restaurant agadir,Other,Agadir,,30.3995151,-9.587961,,,4.8,0,,google_places
Blacksmith agadir restaurant,Other,Agadir,,30.422661599999998,-9.6018325,,,4.7,0,,google_places
Amsterdam Luxury Restaurant Agadir,Other,Agadir,,30.437534399999993,-9.563684,,,4.8,0,,google_places
L'Ardoise Gourmande,Other,Agadir,,30.423388499999998,-9.6052202,,,4.8,0,,"google_places, openstreetmap"
Ma Poêle Smoke House restaurant agadir,Other,Agadir,,30.419150499999997,-9.5961988,,,4.8,0,,google_places
Pure Passion,Other,Agadir,,30.422433399999996,-9.6186831,,,4.6,0,,"google_places, openstreetmap"
BB’s restaurant agadir,Other,Agadir,,30.425763699999997,-9.5915559,,,4.9,0,,google_places
Le Jardin d'Eau,Other,Agadir,,30.4139011,-9.600734899999999,,,4.3,0,,"google_places, openstreetmap"
Restaurant la Pastilla,Other,Agadir,,30.4140587,-9.6011851,,,4.7,0,,"google_places, openstreetmap"
Restaurant Côté Plage,Other,Agadir,,30.418813999999994,-9.604373599999999,,,4.7,0,,google_places
Ô Playa,Other,Agadir,,30.411330300000003,-9.6028118,,,4.2,0,,"google_places, openstreetmap"
Restaurant Al Walima,Other,Agadir,,30.4129957,-9.587492899999999,,,4.6,0,,google_places
Le Sensya,Other,Agadir,,30.415869899999997,-9.6034449,,,4.8,0,,google_places
Coup de Foudre,Other,Agadir,,30.4185513,-9.606495299999999,,,4.7,0,,google_places
Restaurant Rafiq,Other,Agadir,,30.415798,-9.594716400000001,,,4.5,0,,google_places
Restaurant La Scala,Other,Agadir,,30.408561900000002,-9.5987285,,,4.2,0,,google_places
La Buvette,Other,Agadir,,30.420444300000003,-9.5990481,,,4.8,0,,google_places
El Toro,Other,Agadir,,30.4114802,-9.602214799999999,,,4.2,0,,"google_places, openstreetmap"
Le Tapis Rouge by Little Norway,Other,Agadir,,30.407660999999997,-9.598277,,,4.5,0,,google_places
InBarbecue,Other,Agadir,,30.4173858,-9.6001347,,,,0,,openstreetmap
Yacout,Other,Agadir,,30.4209001,-9.5947798,,,,0,,openstreetmap
Ait Wadrim,Other,Agadir,,30.4103843,-9.5565181,,,,0,,openstreetmap
Fish restaurant area,Other,Agadir,,30.4261363,-9.6195901,,,,0,,openstreetmap
Agadir Beach Club,Other,Agadir,,30.4104229,-9.6012965,,,,0,,openstreetmap
McDonald's ماكدونالدز,Other,Agadir,,30.410738,-9.5949739,,,,0,,openstreetmap
Pizza Hut,Other,Agadir,,30.4150904,-9.5974504,,,,0,,openstreetmap
Le Nil,Other,Agadir,,30.4179942,-9.6059667,,,,0,,openstreetmap
LE DOME,Other,Agadir,,30.4211783,-9.6002334,,,,0,,openstreetmap
Baccara Roulette,Other,Agadir,,30.4197798,-9.6040068,,,,0,,openstreetmap
Etoile Du Sud,Other,Agadir,,30.4224271,-9.6077873,,,,0,,openstreetmap
La Côte d'Or,Other,Agadir,,30.4185697,-9.6066136,,,,0,,openstreetmap
Le Scala,Other,Agadir,,30.4086343,-9.5987442,,,,0,,openstreetmap
Tafarnout,Other,Agadir,,30.4173588,-9.5962452,,,,0,,openstreetmap
Bab Agadir,Other,Agadir,Aït Souss,30.4159937,-9.5965997,,,,0,,openstreetmap
English Pub,Other,Agadir,,30.4147611,-9.6017742,,,,0,,openstreetmap
Galaxy Coffee,Other,Agadir,,30.3935748,-9.508378,,,,0,,openstreetmap
Crèmerie Ibn Zohr,Other,Agadir,,30.4078989,-9.5809784,,,,0,,openstreetmap
Chez Ahmed,Other,Agadir,,30.4074999,-9.5807426,,,,0,,openstreetmap
Strandbar,Other,Agadir,,30.3890542,-9.5991764,,,,0,,openstreetmap
Strandrestaurant,Other,Agadir,,30.3891604,-9.5993186,,,,0,,openstreetmap
Rugantino,Other,Agadir,,30.4222562,-9.610335,,,,0,,openstreetmap
فنيزيا ايس,Other,Agadir,,30.4235007,-9.6178587,,,,0,,openstreetmap
Café Bilbao,Other,Agadir,,30.3818488,-9.4991318,,,,0,,openstreetmap
مقهى الحي المحمدي,Other,Agadir,,30.4285419,-9.556511,,,,0,,openstreetmap
La Fontaine,Other,Agadir,,30.4161923,-9.5955963,,,,0,,openstreetmap
L'Anice,Other,Agadir,,30.4177785,-9.5958122,,,,0,,openstreetmap
KFC,Other,Agadir,,30.418305,-9.606358,,,,0,,openstreetmap
Etoile d'Agadir,Other,Agadir,Rue El Mahdi Ibn Toumert,30.424403,-9.5932811,,,,0,,openstreetmap
Cremerie du sud,Other,Agadir,Rue El Mahdi Ibn Toumert,30.424319,-9.5933665,,,,0,,openstreetmap
Cafe Restaurant Ibtissam,Other,Agadir,Rue El Mahdi Ibn Toumert,30.4244756,-9.5931949,+212670128435,,,0,,openstreetmap
شواية النهضة,Other,Agadir,,30.427299,-9.5878894,,,,0,,openstreetmap
Café Bouham مقهى بوهام,Other,Agadir,Barreau Est/Ouest,30.3939965,-9.5731285,,,,0,,openstreetmap
Bamboo Thaï,Other,Agadir,,30.4234668,-9.6052029,,,,0,,openstreetmap
Cafe El Hay,Other,Agadir,,30.4170415,-9.5869163,,,,0,,openstreetmap
Pizzatino,Other,Agadir,,30.4143628,-9.58451,,,,0,,openstreetmap
Meduza Lounge,Other,Agadir,,30.4083661,-9.5963887,,,,0,,openstreetmap
Zanzibar,Other,Agadir,Rue Dunes,30.4024866,-9.5987089,,,,0,,openstreetmap
Côté Court,Other,Agadir,,30.4175488,-9.5977624,,,,0,,openstreetmap
Yooni.ma,Other,Agadir,,30.4240304,-9.6159675,,,,0,,openstreetmap
Café del Mar,Other,Agadir,,30.4160206,-9.6049939,,,,0,,openstreetmap
Diamant,Other,Agadir,Avenue Massoude Al wafqaoui,30.3908082,-9.5451166,,,,0,,openstreetmap
Aglif,Other,Agadir,,30.4117119,-9.5510795,,,,0,,openstreetmap
McDonald's,Other,Agadir,,30.3967305,-9.5813904,,,,0,,openstreetmap
Caverna Pizzeria Ristorante GrillAvenue m,Other,Agadir,Boulevard Hassan II,30.4189752,-9.597885,,,,0,,openstreetmap
Rotisserie NAHDA,Other,Agadir,Avenue Moulay Youssef,30.4272258,-9.587554,028827071,,,0,,openstreetmap
Ennaser,Other,Agadir,,30.4125616,-9.5879459,,,,0,,openstreetmap
Grillade Fadelo Allah,Other,Agadir,Rue de Safi,30.4125901,-9.5878082,,,,0,,openstreetmap
Caramel,Other,Agadir,Boulevard Mohammed Cheikh Saadi,30.4260216,-9.5919032,,,,0,,openstreetmap
12 COOL,Other,Agadir,,30.4338367,-9.5884724,+212528823601,,,0,,openstreetmap
Mikey's Burger,Other,Agadir,,30.4182336,-9.5970894,,,,0,,openstreetmap
Les Blancs,Other,Agadir,,30.4239984,-9.6153658,,,,0,,openstreetmap
Da Celsi,Other,Agadir,,30.4236565,-9.6116249,,,,0,,openstreetmap
First,Other,Agadir,,30.4236474,-9.6120248,,,,0,,openstreetmap
Café Aslal مقهى أسلال,Other,Agadir,Avenue Jamal Abdennaser,30.4090353,-9.5673744,,,,0,,openstreetmap
AS Burger,Other,Agadir,,30.4171111,-9.5649341,,,,0,,openstreetmap
116,Other,Agadir,,30.4226487,-9.6001023,,,,0,,openstreetmap
Little Italy,Other,Agadir,,30.4210007,-9.6000012,,,,0,,openstreetmap
Rotisserie Marché شواية المارشي,Other,Agadir,,30.4244185,-9.5934832,,,,0,,openstreetmap
La Veranda,Other,Agadir,,30.4182303,-9.5969522,,,,0,,openstreetmap
O.quotidien,Other,Agadir,,30.3997438,-9.5878898,,https://maboulangerie.ma/annuaire/oquotidien-agadir/,,0,,openstreetmap
Rasta Pasta,Other,Agadir,,30.4115109,-9.5802585,,,,0,,openstreetmap
K-Moon,Other,Agadir,,30.4231724,-9.6013733,,,,0,,openstreetmap
O DIABLO,Other,Agadir,,30.4215421,-9.6188342,,,,0,,openstreetmap
Café Maure,Other,Agadir,,30.3874864,-9.5943528,,,,0,,openstreetmap
Hauptrestaurant,Other,Agadir,,30.3877756,-9.5946814,,,,0,,openstreetmap
مقهى اسايس تكوين,Other,Agadir,rue 9,30.3736912,-9.5043931,+212601859499,,,0,,openstreetmap
Wine O'Clock,Other,Agadir,,30.4175695,-9.597907,,,,0,,openstreetmap
Le Z,Other,Agadir,,30.4143283,-9.6012146,,,,0,,openstreetmap
La Bodeguita,Other,Agadir,,30.4139323,-9.6009575,,,,0,,openstreetmap
Fouquet's,Other,Agadir,,30.4136409,-9.600514,,,,0,,openstreetmap
Blue Note Agadir,Other,Agadir,Boulevard du 20 Aout,30.4173016,-9.6032377,+2126661436889,https://bluenote-agadir.com,,0,,openstreetmap
S.O.S Pizza Kim's,Other,Agadir,,30.4238152,-9.5955203,,,,0,,openstreetmap
Mezzo Mezzo,Other,Agadir,,30.4160583,-9.5954236,,,,0,,openstreetmap
Narcos,Other,Agadir,,30.4228602,-9.60268,,,,0,,openstreetmap
La Grillardière,Other,Agadir,,30.4089992,-9.5955075,,,,0,,openstreetmap
Le Monticule,Other,Agadir,,30.4087693,-9.5960254,,,,0,,openstreetmap
Maxwell,Other,Agadir,,30.4077916,-9.5975695,,,,0,,openstreetmap
ça papote,Other,Agadir,,30.4211942,-9.5995615,,,,0,,openstreetmap
SOS Poulet,Other,Agadir,,30.4203156,-9.5968542,,,,0,,openstreetmap
Pesca Del Dia,Other,Agadir,,30.4224814,-9.6002253,,,,0,,openstreetmap
Vitamix,Other,Agadir,,30.4226107,-9.6000023,,,,0,,openstreetmap
Yours Cafe,Other,Agadir,,30.4035416,-9.5451541,,,,0,,openstreetmap
O Pasta,Other,Agadir,,30.4091189,-9.5566262,,,,0,,openstreetmap
Jnane Fruits,Other,Agadir,,30.409336,-9.5573262,,,,0,,openstreetmap
Café Tanmirt,Other,Agadir,,30.4104678,-9.5554279,,,,0,,openstreetmap
La Siciliana,Other,Agadir,,30.4218043,-9.6010767,,,,0,,openstreetmap
Richies,Other,Agadir,,30.4923006,-9.6758501,,,,0,,openstreetmap
مطعم الرباطي,Other,Agadir,Rue Iligh,30.4026674,-9.5502484,+212661615027,,,0,,openstreetmap
poort 10,Other,Agadir,,30.4138611,-9.5803938,,,,0,,openstreetmap
Café Fleurie,Other,Agadir,,30.4181836,-9.5946275,,,,0,,openstreetmap
Senzo,Other,Agadir,,30.4235041,-9.6179518,,,,0,,openstreetmap
Bianca Beach,Other,Agadir,,30.4209263,-9.6169652,,,,0,,openstreetmap
Shisha Zelt,Other,Agadir,,30.3947518,-9.5989798,,,,0,,openstreetmap
Myster Cafe,Other,Agadir,,30.4243445,-9.6142371,,,,0,,openstreetmap
Cafe Blaze,Other,Agadir,,30.436709,-9.5706299,,,,0,,openstreetmap
Cafe Grumium,Other,Agadir,,30.4361956,-9.5700452,,,,0,,openstreetmap
Café 314 π,Other,Agadir,,30.3926008,-9.5632532,,,,0,,openstreetmap
عصير اسكلو,Other,Agadir,,30.3969349,-9.5483102,,,,0,,openstreetmap
Restaurant/Bar LOCOLOCO,Other,Agadir,Boulevard du 20 Août,30.4183273,-9.6038006,,,,0,,openstreetmap
بيتزا سليمان,Other,Agadir,,30.4108667,-9.5875791,,,,0,,openstreetmap
مطعم بيت المنــــدي الخليجـــي,Other,Agadir,,30.4161251,-9.5956677,,,,0,,openstreetmap
Dar Chouaya,Other,Agadir,,30.4171205,-9.5796913,,,,0,,openstreetmap
Carrito,Other,Agadir,,30.4223303,-9.5933698,,,,0,,openstreetmap
Le Calisson,Other,Agadir,,30.421922,-9.6055479,,,,0,,openstreetmap
Narjisse,Other,Agadir,,30.4012041,-9.5887048,+212528233011,https://clubnarjisse.ma/,,0,,openstreetmap
EL-Tepeyac,Other,Agadir,,30.399052,-9.5872171,,,,0,,openstreetmap
Roastery,Other,Agadir,"N° 10 Immeuble 03 Bloc 03, Khalij Ennakhil. City Founty",30.3997123,-9.5874165,+212528215499,https://roasteryagadir.com/,,0,,openstreetmap
Dar Jad,Other,Agadir,Lot I18 AMO3 Technopole 1 AgadirBay,30.4016716,-9.5849387,+212808572324,https://darjad.ma/,,0,,openstreetmap
Green's,Other,Agadir,,30.4009585,-9.5868299,,http://www.greens.ma/,,0,,openstreetmap
Crémerie Sonaba,Other,Agadir,,30.4003632,-9.5866799,,,,0,,openstreetmap
La cuccina di Mamma,Other,Agadir,,30.3999966,-9.5870628,,,,0,,openstreetmap
Brooklyn Pizza,Other,Agadir,,30.4005526,-9.5866642,,,,0,,openstreetmap
Zone 11,Other,Agadir,,30.4005922,-9.5869803,,,,0,,openstreetmap
Arôme de Paris,Other,Agadir,,30.3995171,-9.5879234,,,,0,,openstreetmap
Waffle city,Other,Agadir,,30.4005653,-9.5867671,,,,0,,openstreetmap
O'Comptoir,Other,Agadir,,30.3992313,-9.5875377,,,,0,,openstreetmap
Karisma,Other,Agadir,,30.3990954,-9.5879869,,,,0,,openstreetmap
Sushi Fleur de Ming,Other,Agadir,,30.3994745,-9.587488,,,,0,,openstreetmap
Yuzaki,Other,Agadir,,30.399987,-9.5869932,,,,0,,openstreetmap
Dar Tajine,Other,Agadir,Rue 2 Mars,30.4169395,-9.5796009,+212528211028,,,0,,openstreetmap
Bo Passage,Other,Agadir,,30.4012773,-9.5854013,+212808592749,https://www.facebook.com/bopassage/,,0,,openstreetmap
Restaurants,Other,Agadir,,30.4144344,-9.5789127,,,,0,,openstreetmap
Kim Hoa,Other,Agadir,,30.4107582,-9.59651,,,,0,,openstreetmap
Bar a Tapas,Other,Agadir,,30.4109339,-9.5967445,,,,0,,openstreetmap
Belle Passion,Other,Agadir,,30.4103022,-9.5831611,,,,0,,openstreetmap
Little Mamma,Other,Agadir,Avenue Mohamed V شارع الحسن الثاني,30.4009641,-9.5846682,,,,0,,openstreetmap
Le20,Other,Agadir,,30.414166,-9.6012168,,,,0,,openstreetmap
iMiM,Other,Agadir,,30.421973,-9.5936098,,,,0,,openstreetmap
Cremerie Mazagan,Other,Agadir,,30.42277,-9.5943783,,,,0,,openstreetmap
Sweet Hamid,Other,Agadir,,30.423193,-9.5922902,,,,0,,openstreetmap
Cafe Santiago,Other,Agadir,,30.4244373,-9.5919905,,,,0,,openstreetmap
Restaurant Cafe Nasr,Other,Agadir,,30.4243598,-9.5923033,,,,0,,openstreetmap
Al Fajer,Other,Agadir,,30.4122939,-9.5893344,,,,0,,openstreetmap
RIU,Other,Agadir,,30.4085796,-9.6014653,,,,0,,openstreetmap
Delice Pizza Bay Sonaba,Other,Agadir,,30.3990631,-9.5869064,,,,0,,openstreetmap
Vala,Other,Agadir,Tikiouine,30.3804757,-9.5020553,,,,0,,openstreetmap
Cafe Rayan,Other,Agadir,,30.3990293,-9.5510911,,,,0,,openstreetmap
"NOUVION (wifi only inside, code:20202020)",Other,Agadir,,30.3965358,-9.5457447,,,,0,,openstreetmap
ماكدونالدز,Other,Agadir,Corniche,30.4177005,-9.6055539,+212528729201,,,0,,openstreetmap
Restaurant la Truite,Other,Agadir,,30.4157984,-9.596746,,,,0,,openstreetmap
مطعم الوليمة,Other,Agadir,,30.412981,-9.587497,,,,0,,openstreetmap
MISTER COOK,Other,Agadir,,30.401649,-9.551199,,,,0,,openstreetmap
Yammi Salade,Other,Agadir,,30.4017053,-9.5511255,,,,0,,openstreetmap
3P Chicken-Pops,Other,Agadir,,30.4017925,-9.5510496,,,,0,,openstreetmap
O'wayss,Other,Agadir,,30.4019858,-9.5508306,,,,0,,openstreetmap
Café Euromed,Other,Agadir,,30.402485,-9.550312,,,,0,,openstreetmap
Happy Friends,Other,Agadir,,30.403199,-9.550339,,,,0,,openstreetmap
Café Nk'ha,Other,Agadir,,30.40336,-9.5505109,,,,0,,openstreetmap
مطعم فريندز,Other,Agadir,,30.4130516,-9.5667358,,,,0,,openstreetmap
"Latté Latté Brunch, petit Déjeuner & Restaurant-Agadir",Other,Agadir,,30.3996716,-9.5846229,,,,0,,openstreetmap
مقهى الركن الهادئ,Other,Agadir,,30.401893,-9.550933,,,,0,,openstreetmap
مقهى إيليغ,Other,Agadir,,30.402257,-9.550806,,,,0,,openstreetmap
115 Chaw Food,Other,Agadir,,30.402416,-9.550625,,,,0,,openstreetmap
Restaurant Souss Fish,Other,Agadir,,30.415732,-9.568821,,,,0,,openstreetmap
Espace Alpha : Restaurant & Snack,Other,Agadir,,30.402001,-9.5511,,,,0,,openstreetmap
PICK NICK,Other,Agadir,,30.4021285,-9.5509344,,,,0,,openstreetmap
Med Coffee,Other,Agadir,,30.402383,-9.550661,,,,0,,openstreetmap
Beldi Cook,Other,Agadir,,30.4026142,-9.5504414,,,,0,,openstreetmap
Jus Bab Salam,Other,Agadir,,30.402695,-9.550361,,,,0,,openstreetmap
Café Lardoise,Other,Agadir,,30.403153,-9.5498856,,,,0,,openstreetmap
Bocadillo House,Other,Agadir,,30.406798,-9.566253,,,,0,,openstreetmap
مقهى هارموني,Other,Agadir,,30.402844,-9.550186,,,,0,,openstreetmap
Café Sabor Arte,Other,Agadir,,30.4032148,-9.5503653,,,,0,,openstreetmap
Restaurant Les Blancs - Agadir,Other,Agadir,,30.423853,-9.615398,,,,0,,openstreetmap
Marina,Other,Agadir,,30.424263,-9.617355,,,,0,,openstreetmap
أوليفيري,Other,Agadir,,30.423367,-9.617341,,,,0,,openstreetmap
Home Café,Other,Agadir,,30.423491,-9.617358,,,,0,,openstreetmap
Sweet Corner,Other,Agadir,,30.423331,-9.61693,,,,0,,openstreetmap
Le Bistrot By Marina Agadir,Other,Agadir,,30.422322,-9.618808,,,,0,,openstreetmap
Mamma Caterina,Other,Agadir,,30.4216752,-9.6188181,,,,0,,openstreetmap
Frank’s Burgers Marina,Other,Agadir,,30.4236,-9.618393,,,,0,,openstreetmap
i GABBiANi,Other,Agadir,,30.4175866,-9.6051306,,,,0,,openstreetmap
Tamaynoute,Other,Agadir,,30.4155705,-9.5768918,,,,0,,openstreetmap
Café Jesmani,Other,Agadir,,30.4152327,-9.5787285,,,,0,,openstreetmap
Kong Food - Asian Restaurant,Other,Agadir,,30.4007321,-9.591476,,,,0,,openstreetmap
Dar d'jaj,Other,Agadir,,30.4263354,-9.5847591,,,,0,,openstreetmap
FOSE Agadir Restaurant,Other,Agadir,,30.425059,-9.5951577,,,,0,,openstreetmap
Restaurant universitaire,Other,Agadir,,30.4060581,-9.5791735,,,,0,,openstreetmap
CHITAL,Other,Agadir,,30.4214278,-9.5998091,,,,0,,openstreetmap
Plage Bleue,Other,Agadir,,30.4008647,-9.5993887,,,,0,,openstreetmap
Restaurant Les Dinosaures,Other,Agadir,,30.4583302,-9.6658256,,,,0,,openstreetmap
Buddha Bar Agadir,Other,Agadir,Boulevard du 20 Aout,30.4152593,-9.602617,+212661380208,https://www.buddhabar.com/restaurants/agadir/,,0,,openstreetmap
Shoolazeez Restaurant,Other,Ahmadi,,29.085250499999997,48.090160600000004,,,4.4,0,,google_places
PizzaExpress,Other,Ahmadi,,29.0925281,48.072781899999995,,,4.9,0,,google_places
Fursan Aljazzera Resturant مطعم فرسان الجزيرة,Other,Ahmadi,,29.0848093,48.0818897,,,4.2,0,,google_places
Raising Cane's,Other,Ahmadi,,29.092544999999998,48.0726443,,,4.8,0,,google_places
Ahmadi Co op Restaurant,Other,Ahmadi,,29.082708800000002,48.0652608,,,4.2,0,,google_places
Al Ahmadi Restaurant,Other,Ahmadi,,29.2769662,47.9627917,,,4.9,0,,google_places
Nando's (The Warehouse Mall),Other,Ahmadi,,29.086160299999996,48.103435499999996,,,4.9,0,,google_places
Yalamlam Ahmadi,Other,Ahmadi,,29.080654799999998,48.081705899999996,,,3.9,0,,google_places
GARMISCH RESTAURANT,Other,Ahmadi,,29.084478800000003,48.0839795,,,4.2,0,,google_places
Kahrman Restuarantمطعم ملك الكهرمان الاحمدي,Other,Ahmadi,,29.080337399999998,48.0888748,,,3.8,0,,google_places
مطعم قصر البيك,Other,Ahmadi,,29.084900899999997,48.081517100000006,,,4.1,0,,google_places
مطعم ومقهى واحة البطريق,Other,Ahmadi,,29.0876745,48.0714964,,,3.7,0,,google_places
Barkaas Restaurant - مطعم برقاس,Other,Ahmadi,,29.080024100000003,48.083789499999995,,,3.6,0,,google_places
Jollibee Mangaf,Other,Ahmadi,,29.081931,48.0667201,,,4.8,0,,google_places
Ahmadi Park VIP Dewaniya,Other,Ahmadi,,29.0939533,48.0716775,,,4.7,0,,google_places
Al Fanar Restaurant & Cafe,Other,Al Ain,,24.2354496,55.722974099999995,,,4.8,0,,google_places
Wood House Restaurant Al Ain,Other,Al Ain,,24.223184,55.7827609,,,4.8,0,,google_places
Emirates Sea Restaurant - Al Ain,Other,Al Ain,,24.2016116,55.7469896,,,4.7,0,,google_places
Table Otto Al Jimi Mall,Other,Al Ain,,24.2462709,55.726569299999994,,,4.8,0,,google_places
Chin Chin Al Ain,Other,Al Ain,,24.2458523,55.7141482,,,4.8,0,,google_places
Min Zaman,Other,Al Ain,,24.2182246,55.7492253,,,4.5,0,,google_places
مطعم العريش العين,Other,Al Ain,,24.224779899999998,55.7620383,,,3.8,0,,google_places
Manzil Lounge,Other,Al Ain,,24.239637,55.7186185,,,4.8,0,,google_places
Coriander Indian Cuisine,Other,Al Ain,,24.1617508,55.8067465,,,4.6,0,,google_places
Al Dallah Al Shameyah Restaurant & Café in Al Ain - مطعم ومقهى الدله الشاميه,Other,Al Ain,,24.0911716,55.721207199999995,,,4.4,0,,google_places
Steak Chef Restaurant,Other,Al Ain,,24.2436966,55.7175252,,,4.7,0,,google_places
BYPASS Al Ain,Other,Al Ain,,24.234146100000004,55.725573399999995,,,4.6,0,,google_places
"India Palace Restaurant - Al Ain, Abu Dhabi | Best Indian Restaurant Since 1997",Other,Al Ain,,24.223353499999998,55.7660652,,,4.8,0,,google_places
Al Sayyad Marine Restaurant & Grills - Al Ain,Other,Al Ain,,24.2473115,55.7453199,,,4.6,0,,google_places
Abdul Aziz Restaurant Town Center,Other,Al Ain,,24.218051900000003,55.7761588,,,4.3,0,,google_places
"Al-Bayt Al-Shami Restaurant and Cafeteria, Main Branch",Other,Al Ain,,24.2276296,55.737390299999994,,,3.8,0,,google_places
78 lounge,Other,Al Ain,,24.248382499999998,55.721400599999996,,,4.9,0,,google_places
Elements,Other,Al Ain,,24.2744155,55.777869499999994,,,4.8,0,,google_places
عيدان للمندي eidan for mandi,Other,Al Ain,,24.1987454,55.6625357,,,4.7,0,,google_places
Persian palate restaurant,Other,Al Ain,,24.2246988,55.761590899999995,,,4.3,0,,google_places
Al Zouzou Restaurant Qatar,Other,Al Daayen,,25.386552899999998,51.527070800000004,,,4.8,0,,google_places
Q restaurant,Other,Al Daayen,,25.3976503,51.518127,,,4.6,0,,google_places
Carbone Doha,Other,Al Daayen,,25.398366799999998,51.527947499999996,,,4.7,0,,google_places
BULK CUT RESTAURANT,Other,Al Daayen,,25.551375399999998,51.4268418,,,5.0,0,,google_places
Timeless Restaurant,Other,Al Daayen,,25.3870328,51.5232184,,,4.2,0,,google_places
Bayt El Talleh Restaurant,Other,Al Daayen,,25.3634418,51.5250638,,,4.6,0,,google_places
Aristo Restaurant,Other,Al Daayen,,25.4675625,51.4051875,,,5.0,0,,google_places
Yasmine Palace Restaurant,Other,Al Daayen,,25.364594999999998,51.5429446,,,4.6,0,,google_places
the street side restaurant,Other,Al Daayen,,25.448523599999998,51.4585023,,,5.0,0,,google_places
Aromas restaurant,Other,Al Daayen,,25.468223899999998,51.4023876,,,4.8,0,,google_places
IKEA Restaurant,Other,Al Daayen,,25.3868573,51.439702499999996,,,4.0,0,,google_places
Elissar Mediterranean Grill,Other,Al Daayen,,25.4063075,51.5186929,,,4.6,0,,google_places
Al ZARKA RESTAURANT,Other,Al Daayen,,25.4982078,51.4095807,,,4.0,0,,google_places
Beefbar Doha,Other,Al Daayen,,25.395192500000004,51.524141199999995,,,4.3,0,,google_places
Carluccio’s - Doha Festival City,Other,Al Daayen,,25.3871628,51.440574500000004,,,4.7,0,,google_places
La Parrilla,Other,Al Daayen,,25.3914503,51.5257776,,,4.6,0,,google_places
ADRIFT Anda,Other,Al Daayen,,25.406477199999998,51.519664299999995,,,4.6,0,,google_places
مجموعة مطاعم نار وحطب للمأكولات الشعبية - الفرع الكبير,Other,Al Daayen,,25.548402199999998,51.42285450000001,,,5.0,0,,google_places
Indian Dine,Other,Al Daayen,,25.449327,51.455528,,,4.2,0,,google_places
Café Miramar,Other,Al Hoceïma,,35.2421077,-3.9285688,,,,0,,openstreetmap
Palm's,Other,Al Hoceïma,,35.2336992,-3.9234014,+212539841282,,,0,,openstreetmap
Club nautique,Other,Al Hoceïma,,35.2476572,-3.9243635,,,,0,,openstreetmap
Aiman Jet Park,Other,Al Hoceïma,,35.2481994,-3.9580083,,,,0,,openstreetmap
Cafe Cala Iris Plaza,Other,Al Hoceïma,,35.2497753,-3.9243119,,,,0,,openstreetmap
La Vogue,Other,Al Hoceïma,Madinat Bades,35.2455043,-3.9596612,,https://instagram.com/lavoguealhoceima,,0,,openstreetmap
Break,Other,Al Hoceïma,,35.2410258,-3.9308426,,,,0,,openstreetmap
Cafe Hassan,Other,Al Hoceïma,,35.244648,-3.94211,,,,0,,openstreetmap
Cafe Villa Florido,Other,Al Hoceïma,,35.2410766,-3.9283576,,,,0,,openstreetmap
Ottoman House Restaurant,Other,Al Khor,,25.6747893,51.5000047,,,4.2,0,,google_places
Panoor Restaurant,Other,Al Khor,,25.678741199999997,51.4977391,,,4.0,0,,google_places
Pearl of Beirut Restaurant,Other,Al Khor,,25.6750439,51.499859099999995,,,4.3,0,,google_places
MRA Bakery & Restaurant - Al khor,Other,Al Khor,,25.675590099999997,51.501836399999995,,,4.4,0,,google_places
Turkish House Restaurant,Other,Al Khor,,25.6843121,51.510715999999995,,,4.3,0,,google_places
"Nahdi Mandi Restaurant, Al Khor, Qatar",Other,Al Khor,,25.688527,51.503315199999996,,,4.4,0,,google_places
Tamil Nadu Restaurant,Other,Al Khor,,25.6829412,51.514997199999996,,,4.2,0,,google_places
Shawkah Afandi,Other,Al Khor,,25.682063700000004,51.4958397,,,4.1,0,,google_places
Rotana Restaurant,Other,Al Khor,,25.6776734,51.4994082,,,4.2,0,,google_places
Sizzlers Al-Khor,Other,Al Khor,,25.6879587,51.495909399999995,,,4.4,0,,google_places
Qasr Al Zouq Restaurant,Other,Al Khor,,25.7132797,51.4968327,,,5.0,0,,google_places
Nice Day Restaurant -Al khore,Other,Al Khor,,25.684408599999998,51.495301999999995,,,4.0,0,,google_places
Sonar Bangla Restaurant,Other,Al Khor,,25.6836563,51.5052081,,,4.1,0,,google_places
Etoile Kitchen for Popular Food,Other,Al Khor,,25.6810437,51.484408699999996,,,4.4,0,,google_places
Punjab tadka restaurant,Other,Al Khor,,25.7166295,51.5050897,,,4.5,0,,google_places
Niloufer Restaurant Al Khor Boulevard Souq,Other,Al Khor,,25.665833199999998,51.491219699999995,,,3.8,0,,google_places
Go Crispy Al Khor,Other,Al Khor,,25.667319799999998,51.4874936,,,4.8,0,,google_places
Alqobtan Restaurant مطعم القبطان,Other,Al Khor,,25.6856477,51.516052599999995,,,4.7,0,,google_places
Ithatha Restaurant Alkhor,Other,Al Khor,,25.6700435,51.5016641,,,3.5,0,,google_places
MEAT POINT GRILL,Other,Al Rayyan,,25.2862992,51.425404099999994,,,4.9,0,,google_places
MARHABA ISTANBUL Rayyan,Other,Al Rayyan,,25.2870794,51.4201629,,,4.3,0,,google_places
Afghan Brothers Restaurant,Other,Al Rayyan,,25.2888551,51.420090699999996,,,4.2,0,,google_places
Dining Spot Restaurant,Other,Al Rayyan,,25.3057335,51.4472223,,,4.2,0,,google_places
Crispy Chicken Al Rayyan-کرسبي تشکن الریان,Other,Al Rayyan,,25.2884957,51.420136199999995,,,4.8,0,,google_places
Al Dar Restaurant,Other,Al Rayyan,,25.2905984,51.420618,,,3.9,0,,google_places
Crave The Dome,Other,Al Rayyan,,25.3173836,51.4316318,,,4.7,0,,google_places
(Al Bait Al Kuwaiti Restaurant) مطعم البيت الكويتي - الريان,Other,Al Rayyan,,25.286526199999997,51.420804399999994,,,4.0,0,,google_places
Al Khuzama Restaurant Main Branch New Rayyan مطعم الخزامة الريان الجديد,Other,Al Rayyan,,25.2862707,51.427347499999996,,,4.2,0,,google_places
Nahdi Mandi Rayyan,Other,Al Rayyan,,25.2973252,51.420111899999995,,,4.4,0,,google_places
Baab Al Rayyan Kitchen | مطبخ باب الريان,Other,Al Rayyan,,25.287764799999998,51.444353799999995,,,4.0,0,,google_places
Burgeri,Other,Al Rayyan,,25.2612085,51.439456199999995,,,4.7,0,,google_places
Chariot,Other,Al Rayyan,,25.3057803,51.4372387,,,4.4,0,,google_places
Texas Chicken Al-Rayyan,Other,Al Rayyan,,25.2626191,51.430152199999995,,,4.4,0,,google_places
Finger Food Restaurant,Other,Al Rayyan,,25.2976237,51.4707967,,,4.1,0,,google_places
Al Rayyan Popular Kitchens,Other,Al Rayyan,,25.281658399999998,51.4200964,,,4.3,0,,google_places
Mehman Restaurant মেহমান রেস্টুরেন্ট,Other,Al Rayyan,,25.305828899999998,51.445351099999996,,,4.0,0,,google_places
Chicken choice restaurant,Other,Al Rayyan,,25.267456799999998,51.4330654,,,4.4,0,,google_places
Bhetghat Restaurant Qatar ( Nepali ),Other,Al Rayyan,,25.273594,51.407640699999995,,,4.6,0,,google_places
Maqalat Al Rayyan,Other,Al Rayyan,,25.286353599999998,51.4256412,,,3.6,0,,google_places
Uncle Lee Kitchen Al Dhannah,Other,Al Ruwais,,24.0726332,52.635163399999996,,,4.9,0,,google_places
Nells Restaurant,Other,Al Ruwais,,24.0776568,52.6539067,,,4.1,0,,google_places
La Brioche Al Dhannah Mall - Al Ruwais,Other,Al Ruwais,,24.075984899999998,52.6720093,,,4.9,0,,google_places
Rise Shine Restaurant,Other,Al Ruwais,,24.091774899999997,52.6448849,,,4.5,0,,google_places
AL GHAWALI RESTAURANT مطعم الغوالي,Other,Al Ruwais,,24.0776991,52.653872199999995,,,4.7,0,,google_places
AlShabiyat Restaurant & Cuisine,Other,Al Ruwais,,24.091198700000003,52.6476458,,,4.0,0,,google_places
Danat Bainuna Restaurant,Other,Al Ruwais,,24.068127099999998,52.655056699999996,,,3.8,0,,google_places
Jazzine Shalalath Restaurant and Grills مطعم ومشاوي شلالات جزين,Other,Al Ruwais,,24.0872806,52.6539005,,,4.2,0,,google_places
Gulbahar Iranian food,Other,Al Ruwais,,24.075557099999997,52.666388500000004,,,4.4,0,,google_places
Arak Cafe & Restaurant,Other,Al Ruwais,,24.1689749,52.6412151,,,4.6,0,,google_places
Udupi bhavan,Other,Al Ruwais,,24.0779054,52.654913199999996,,,4.5,0,,google_places
Tamil Chat Restaurant Ruwais,Other,Al Ruwais,,24.08743,52.6540227,,,4.0,0,,google_places
전주가든 루와이스(제벨 다나 달마 포트) JeonJoo Garden Korean Food at Ruwise in UAE,Other,Al Ruwais,,24.1665015,52.639188499999996,,,4.8,0,,google_places
Low Calories - Al Ruwais,Other,Al Ruwais,,24.091677999999998,52.644960999999995,,,4.3,0,,google_places
Namu Korean Restaurant,Other,Al Ruwais,,24.162407899999998,52.644379799999996,,,4.1,0,,google_places
Pizza Hut | Al Ruwais Mall,Other,Al Ruwais,,24.0758659,52.6722101,,,4.6,0,,google_places
Evergreen Restaurant (Ruwais Branch),Other,Al Ruwais,,24.0919378,52.6449059,,,4.0,0,,google_places
Handi Roti House Restaurant,Other,Al Ruwais,,24.091628999999998,52.644873,,,4.4,0,,google_places
"Al Dana Restaurant and Buffet, مطعم وبوفيه الدانة",Other,Al Ruwais,,24.0903663,52.64221190000001,,,4.3,0,,google_places
ALMEER TRADITIONAL FOODS,Other,Al Ruwais,,24.0766696,52.681278299999995,,,4.7,0,,google_places
Al Khuzama Restaurant Shahaniya – مطعم الخزامة الشحانية,Other,Al Shahaniya,,25.3731026,51.230992199999996,,,4.9,0,,google_places
SHAHANIYA GARDEN,Other,Al Shahaniya,,25.3718865,51.2321314,,,4.2,0,,google_places
فطيرة وشاهي الشحانية,Other,Al Shahaniya,,25.3725815,51.2320481,,,4.6,0,,google_places
WADI AL MADINAH RESTAURANT,Other,Al Shahaniya,,25.3733805,51.2314827,,,5.0,0,,google_places
Q DINE RESTAURANT مطعم كيو داين,Other,Al Shahaniya,,25.375173999999998,51.2273335,,,3.9,0,,google_places
Al Shahaniya,Other,Al Shahaniya,,25.3728223,51.2273626,,,4.5,0,,google_places
RAWAH RESTAURANT SHAHANIYA,Other,Al Shahaniya,,25.371741,51.229524999999995,,,3.7,0,,google_places
mom's tea,Other,Al Shahaniya,,25.3730579,51.2311456,,,4.2,0,,google_places
مطعم شام كباب,Other,Al Shahaniya,,25.3734966,51.2317842,,,4.4,0,,google_places
Afghan Restaurant,Other,Al Shahaniya,,25.3715913,51.232234299999995,,,4.1,0,,google_places
البيت الحوراني,Other,Al Shahaniya,,25.3736276,51.2267003,,,5.0,0,,google_places
Guest Restaurant মেহমান হোটেল,Other,Al Shahaniya,,25.3740471,51.2305023,,,5.0,0,,google_places
Al Manhil restaurant and juice stall,Other,Al Shahaniya,,25.373150199999998,51.232067699999995,,,4.5,0,,google_places
Al Jawazi Restaurant,Other,Al Shahaniya,,25.3747016,51.228315599999995,,,4.2,0,,google_places
البيت الرومانسي الشيحانيه,Other,Al Shahaniya,,25.3724842,51.231489599999996,,,4.8,0,,google_places
Nafal outdoor fire pit restaurant,Other,Al Shahaniya,,25.3458807,51.2587091,,,5.0,0,,google_places
Zoufa Restaurant,Other,Al Shahaniya,,25.346825199999998,51.2587725,,,4.5,0,,google_places
KFC | Shahaniya,Other,Al Shahaniya,,25.372543,51.233560999999995,,,4.3,0,,google_places
Pampas,Other,Al Wakrah,,25.1755873,51.613058699999996,,,4.8,0,,google_places
Lalqila Restaurant _ Souq Al Wakra,Other,Al Wakrah,,25.171260399999998,51.609197699999996,,,4.4,0,,google_places
Al Fanar Restaurant,Other,Al Wakrah,,25.1692009,51.6102032,,,4.4,0,,google_places
Punjab Town Village Alwakra,Other,Al Wakrah,,25.1639596,51.607314099999996,,,4.7,0,,google_places
Al Rabwah Restaurant,Other,Al Wakrah,,25.181131099999998,51.602106000000006,,,4.2,0,,google_places
Jarnen Mediterranean Seaside Restaurant Doha,Other,Al Wakrah,,25.172700799999998,51.6111946,,,4.1,0,,google_places
Applebee’s Ezdan Mall (Al Wakra),Other,Al Wakrah,,25.170637799999998,51.589081,,,4.8,0,,google_places
Zaman Al Khair Restaurant,Other,Al Wakrah,,25.1581819,51.6054934,,,4.4,0,,google_places
Afghan Brothers Restaurant,Other,Al Wakrah,,25.1528437,51.598622399999996,,,4.1,0,,google_places
Gahwat Albaranda,Other,Al Wakrah,,25.1692915,51.6103095,,,4.2,0,,google_places
ZEEN AL ARAB FOR BBQ FISH AND SEA FOOD,Other,Al Wakrah,,25.1699649,51.609329599999995,,,4.8,0,,google_places
ALSEEB BBQ,Other,Al Wakrah,,25.1712702,51.6090952,,,4.6,0,,google_places
Al wakra Hospital Restaurant,Other,Al Wakrah,,25.167425299999998,51.588152799999996,,,4.7,0,,google_places
Danat Al Bahar Barbeque Fish,Other,Al Wakrah,,25.1706677,51.6089616,,,4.5,0,,google_places
"Soofi Mandi, Souq Al Wakra",Other,Al Wakrah,,25.173005200000002,51.608741699999996,,,4.6,0,,google_places
Marmaris Turkish Restaurant,Other,Al Wakrah,,25.1585324,51.599415699999994,,,4.0,0,,google_places
Markhan Lounge at Souq Al Wakra Hotel Qatar by Tivoli,Other,Al Wakrah,,25.1727734,51.611161800000005,,,4.5,0,,google_places
South Pearl Restaurant,Other,Al Wakrah,,25.171104,51.6106473,,,3.1,0,,google_places
junior's Al Wakrah,Other,Al Wakrah,,25.165839899999998,51.597372899999996,,,4.8,0,,google_places
"Wakra Salt and Pepper, Al Mashaf Branch",Other,Al Wukair,,25.1762421,51.56731680000001,,,4.5,0,,google_places
Himalayan Spice Restaurant,Other,Al Wukair,,25.1584732,51.522974100000006,,,4.9,0,,google_places
MUG SPOT RESTAURANT,Other,Al Wukair,,25.1572642,51.5455372,,,5.0,0,,google_places
Oriental Restaurant WLL,Other,Al Wukair,,25.15804,51.517635999999996,,,4.4,0,,google_places
Abdukkante Thattukada,Other,Al Wukair,,25.1621858,51.516508599999995,,,4.6,0,,google_places
Akshar Restaurant,Other,Al Wukair,,25.168816999999997,51.568016,,,4.6,0,,google_places
Madras Restaurant,Other,Al Wukair,,25.1603222,51.5230829,,,3.7,0,,google_places
Al Samaha Tasty Restaurant,Other,Al Wukair,,25.1581832,51.522732,,,4.7,0,,google_places
Chaii Shaii Restaurant and Cafe Ezdan Oasis,Other,Al Wukair,,25.162139099999997,51.515467699999995,,,4.6,0,,google_places
OASIS AL BALADI RESTAURANT,Other,Al Wukair,,25.1608278,51.5184381,,,4.3,0,,google_places
Metropole La Goulette Restaurant & cafe,Other,Al Wukair,,25.1606971,51.517764899999996,,,5.0,0,,google_places
AL WUKAIR,Other,Al Wukair,,25.1758888,51.566343100000005,,,5.0,0,,google_places
New Dera Darbar Restaurant,Other,Al Wukair,,25.1584316,51.5177956,,,4.5,0,,google_places
Pampas,Other,Al Wukair,,25.1755873,51.613058699999996,,,4.8,0,,google_places
Tawa and Grills Restaurant,Other,Al Wukair,,25.1679967,51.5665848,,,4.0,0,,google_places
Swadesi Restaurant (Pure Veg),Other,Al Wukair,,25.1701281,51.567046,,,4.4,0,,google_places
Q Tasty Restaurant,Other,Al Wukair,,25.1707798,51.5682243,,,4.2,0,,google_places
Hot Burger Ezdan Oasis,Other,Al Wukair,,25.1620588,51.516332999999996,,,4.2,0,,google_places
Amalia Restaurant & Cafe,Other,Amwaj Islands,,26.2931629,50.659335399999996,,,4.5,0,,google_places
Shrimp Pot Restaurant - Amwaj Islands,Other,Amwaj Islands,,26.2933314,50.6592099,,,4.4,0,,google_places
Black Angus Amwaj,Other,Amwaj Islands,,26.28725,50.6660833,,,4.6,0,,google_places
Celluloid Resto Bar,Other,Amwaj Islands,,26.289818699999998,50.663421299999996,,,4.5,0,,google_places
Marina cafe,Other,Amwaj Islands,,26.292932699999998,50.6595951,,,4.4,0,,google_places
Lanterns Gourmet Lounge,Other,Amwaj Islands,,26.2867014,50.669247,,,4.1,0,,google_places
El Camino Mexican Food,Other,Amwaj Islands,,26.278390899999998,50.6622315,,,4.8,0,,google_places
Katana Torii Japanese Cuisine at Marina Amwaj,Other,Amwaj Islands,,26.293510599999998,50.6587049,,,4.5,0,,google_places
Amwaj Lagoon Park,Other,Amwaj Islands,,26.289906799999997,50.664853900000004,,,4.1,0,,google_places
Fuddruckers,Other,Amwaj Islands,,26.279587799999998,50.662397,,,4.5,0,,google_places
"Hong Kong Chinese Restaurant, Amwaj",Other,Amwaj Islands,,26.2934144,50.659025199999995,,,4.4,0,,google_places
Angham Beirut restaurant and cafe Amwaj,Other,Amwaj Islands,,26.286140099999997,50.663160999999995,,,4.0,0,,google_places
Vintage Restaurant And Cafe 2nd floor,Other,Amwaj Islands,,26.2879006,50.6642913,,,4.2,0,,google_places
Citrus - All Day Dining,Other,Amwaj Islands,,26.2930289,50.663956,,,4.8,0,,google_places
Chili's,Other,Amwaj Islands,,26.2790556,50.6626981,,,4.9,0,,google_places
Ya Hala,Other,Amwaj Islands,,26.2928836,50.6637759,,,4.5,0,,google_places
"Route 66 Restaurant - Amwaj, Bahrain",Other,Amwaj Islands,,26.278102,50.662316,,,4.3,0,,google_places
WU Restaurant & Lounge,Other,Amwaj Islands,,26.2901508,50.6599176,,,4.0,0,,google_places
Lemon Amwaj,Other,Amwaj Islands,,26.289937499999997,50.6646875,,,3.9,0,,google_places
Venice Restaurant,Other,Amwaj Islands,,26.287918299999998,50.6626244,,,4.0,0,,google_places
Café tanout,Other,Azilal,quartier tanout avenue hassan II,31.9735336,-6.5644036,+212523488298,,,0,,openstreetmap
Cafe talberjt,Other,Azilal,quartier tanout avenue hassan II,31.972169,-6.5645354,,,,0,,openstreetmap
Cafe gendarmerie royale,Other,Azilal,quartier administratif avenue hassan II,31.9698243,-6.5651932,+212666845589,,,0,,openstreetmap
Café l'Agora,Other,Azilal,avenue hassan II,31.9616143,-6.5688598,+212661701516,,,0,,openstreetmap
Café Anmoun,Other,Azilal,avenue hassan II,31.9603354,-6.5702009,+212666954551,,,0,,openstreetmap
Café Marjana,Other,Azilal,avenue Hassan II,31.9596345,-6.5714776,+212616730737,,,0,,openstreetmap
restaurant ibno ziyad,Other,Azilal,avenue Marrakech,31.9589154,-6.5723842,+212668029182,,,0,,openstreetmap
snack Lbahja,Other,Azilal,avenue Marrakech,31.958301,-6.573441,+212601998865,,,0,,openstreetmap
Café Cinéma,Other,Azilal,avenue Marrakech,31.9557977,-6.5784782,+212654240672,,,0,,openstreetmap
Café Itrane,Other,Azilal,avenue Marrakech,31.9578435,-6.5746748,+212628825256,,,0,,openstreetmap
Palace,Other,Azilal,avenue Marrakech,31.9562801,-6.5773731,+212612916427,,,0,,openstreetmap
Cafe Prima,Other,Azilal,,31.9630086,-6.5682384,,,,0,,openstreetmap
Restaurant Soufiane,Other,Azilal,,31.9655419,-6.5710986,,,,0,,openstreetmap
Belle Vue,Other,Azilal,,31.9590001,-6.5713573,,,,0,,openstreetmap
Riad Souss,Other,Aït Melloul,,30.3503644,-9.4963473,,,,0,,openstreetmap
Anwal,Other,Aït Melloul,avenue hassan 2,30.3451648,-9.5025978,,,,0,,openstreetmap
Snack Yassine,Other,Aït Melloul,,30.336753,-9.5062054,,,,0,,openstreetmap
Cafe Amine,Other,Aït Melloul,,30.3364627,-9.5066175,,,,0,,openstreetmap
Cafe Fleur,Other,Aït Melloul,,30.3348137,-9.5039362,,,,0,,openstreetmap
Arena Blanca,Other,Aït Melloul,,30.3344646,-9.5039412,,,,0,,openstreetmap
France,Other,Aït Melloul,,30.3378606,-9.5045553,,,,0,,openstreetmap
Du nour,Other,Aït Melloul,,30.3379422,-9.5045553,,,,0,,openstreetmap
Cafe Arige,Other,Aït Melloul,,30.33693,-9.5043024,,,,0,,openstreetmap
Cafe Souss,Other,Aït Melloul,,30.3374388,-9.5044656,,,,0,,openstreetmap
Café milano مقهى ميلانو,Other,Aït Melloul,boulevard mokhtar essousi,30.3304736,-9.5204075,+212662035428,,,0,,openstreetmap
مقهى بيروت,Other,Aït Melloul,Boulevard Hassan II,30.3356193,-9.5042072,+212601859499,,,0,,openstreetmap
امين,Other,Aït Melloul,,30.3603732,-9.4581053,,,,0,,openstreetmap
مخبزة وحلويات روزانو,Other,Aït Melloul,AV MED V BLOC 3 AZROU,30.3630063,-9.4527795,,,,0,,openstreetmap
Café Restaurant Mç Tabia,Other,Aït Melloul,,30.3381048,-9.5027611,,,,0,,openstreetmap
Targante,Other,Aït Melloul,,30.352685,-9.489404,,,,0,,openstreetmap
Coopérative Tibourk de Valorisation de Couscous,Other,Aït Melloul,,30.355302,-9.490965,,,,0,,openstreetmap
La Villa Restaurant Lounge,Other,Beni Mellal,,32.3157654,-6.392917799999999,,,4.2,0,,google_places
Table golden fish,Other,Beni Mellal,,32.347965099999996,-6.3586512,,,4.8,0,,google_places
Restaurant Folis,Other,Beni Mellal,,32.3405066,-6.368369800000001,,,4.6,0,,google_places
Davinci Restaurant Lounge,Other,Beni Mellal,,32.330143,-6.369344700000001,,,4.1,0,,google_places
Seven 7 guys,Other,Beni Mellal,,32.3348941,-6.3603578,,,4.8,0,,google_places
Café La Storia,Other,Beni Mellal,,32.3288254,-6.3719231,,,3.8,0,,google_places
La Ruche Noire,Other,Beni Mellal,,32.3330807,-6.3630754,,,3.9,0,,google_places
Los Hermanos Restaurant,Other,Beni Mellal,,32.3299857,-6.3683897,,,4.5,0,,google_places
O'darna,Other,Beni Mellal,,32.3304684,-6.371884199999999,,,4.4,0,,google_places
Panna cotta,Other,Beni Mellal,,32.331339,-6.3699221,,,4.7,0,,google_places
Sprig of Coffee,Other,Beni Mellal,,32.3331006,-6.3341902999999995,,,4.0,0,,google_places
مطعم ريم أطلس وممون حفلات,Other,Beni Mellal,,32.331440799999996,-6.3627923,,,4.1,0,,google_places
Café Restaurant Corridore,Other,Beni Mellal,,32.3305763,-6.3591926999999995,,,4.8,0,,google_places
Manhattan,Other,Beni Mellal,,32.3335782,-6.362121,,,4.6,0,,google_places
La Passione saphir,Other,Beni Mellal,,32.327547599999995,-6.3716589,,,3.4,0,,google_places
Canelle Café & Restaurant,Other,Beni Mellal,,32.3305849,-6.3718156,,,3.6,0,,google_places
M9ilat.ma,Other,Beni Mellal,,32.3361343,-6.3638299,,,4.4,0,,google_places
Rofaida Space,Other,Beni Mellal,,32.332536,-6.352526,,,4.6,0,,google_places
The Brothers,Other,Beni Mellal,,32.3306871,-6.3717963,,,3.5,0,,google_places
Le Charlot,Other,Beni Mellal,,32.3337615,-6.363586799999999,,,4.1,0,,google_places
Italiano,Other,Benslimane,,33.6030907,-7.1134221,,,,0,,openstreetmap
Café Soussi,Other,Berkane,,34.9293911,-2.3130966,,,,0,,openstreetmap
Café Des Etudiants,Other,Berkane,,34.922807,-2.3277265,,,,0,,openstreetmap
Café Titanic,Other,Berkane,,34.9257137,-2.3312238,,,,0,,openstreetmap
Café Royal,Other,Berkane,,34.9263603,-2.3319158,,,,0,,openstreetmap
Café le printemps,Other,Berkane,,34.9260458,-2.3315993,,,,0,,openstreetmap
Café Faransa,Other,Berkane,,34.9253882,-2.3311429,,,,0,,openstreetmap
Café aghdal,Other,Berkane,,34.9243809,-2.3086091,,,,0,,openstreetmap
Pizzeria Oscar,Other,Berkane,,34.9225167,-2.3273179,,,,0,,openstreetmap
Café Al Missri,Other,Berkane,,34.9223804,-2.3267439,,,,0,,openstreetmap
Café al arrahma,Other,Berkane,,34.9324304,-2.3219791,,,,0,,openstreetmap
مكلتي,Other,Berkane,,34.9291981,-2.3176973,,,,0,,openstreetmap
Jnane berkane,Other,Berkane,,34.938547,-2.348959,,,,0,,openstreetmap
Café La Costa مقهى لا كوستا,Other,Berrechid,,33.2763508,-7.5816173,,,,0,,openstreetmap
ايسكال 2001,Other,Berrechid,,33.2448324,-7.5869778,,,,0,,openstreetmap
Étoile d'Agadir نجمة أكادير,Other,Berrechid,,33.2646914,-7.5818345,,,,0,,openstreetmap
La Lavande مقهى الخزامة,Other,Berrechid,,33.2716993,-7.5864002,,,,0,,openstreetmap
Snack Ohod,Other,Berrechid,,33.2708193,-7.5859759,,,,0,,openstreetmap
Snack Kontiki سناك كونتيكي,Other,Berrechid,,33.2701837,-7.5857065,,,,0,,openstreetmap
Atbaq Ad-dyafa,Other,Berrechid,,33.2666872,-7.5841163,,,,0,,openstreetmap
Snack Istanbul,Other,Berrechid,,33.268709,-7.5850269,,,,0,,openstreetmap
Café Mexico مقهى مكسيكو,Other,Berrechid,,33.2598547,-7.5813295,,,,0,,openstreetmap
Cafe Palmaris,Other,Berrechid,Place Mohammed VI ساحة محمد السادس,33.2645376,-7.5819466,,,,0,,openstreetmap
Cafe Maison,Other,Berrechid,Boulevard Mohamed V شارع محمد الخامس,33.2684701,-7.5849303,,,,0,,openstreetmap
Cafe Les Parents,Other,Berrechid,,33.2679741,-7.5739805,,,,0,,openstreetmap
Cafe Charam Chikh,Other,Berrechid,,33.268239,-7.5718425,,,,0,,openstreetmap
Cafe Bahia,Other,Berrechid,,33.2670142,-7.5716399,,,,0,,openstreetmap
Casa Cappuccino,Other,Berrechid,,33.2624154,-7.5652366,,,,0,,openstreetmap
Yasmina,Other,Berrechid,,33.2666423,-7.5890153,,,,0,,openstreetmap
Espace Marjana فضاء مرجانة,Other,Berrechid,,33.2671337,-7.5880929,,,,0,,openstreetmap
Dar Tajine دار الطاجين,Other,Berrechid,,33.2520517,-7.5850315,,,,0,,openstreetmap
ماكدونالدز,Other,Berrechid,,33.2845734,-7.5929187,,,,0,,openstreetmap
KFC Berrechid,Other,Berrechid,,33.258749,-7.5811433,,,,0,,openstreetmap
Principale Ristorante Di Nino,Other,Bneid Al Gar,,29.375268499999997,48.0066351,,,4.8,0,,google_places
BARREL,Other,Bneid Al Gar,,29.379232799999997,47.9995556,,,4.7,0,,google_places
OVO Restaurant,Other,Bneid Al Gar,,29.37681,48.0027313,,,4.5,0,,google_places
Dandoosh Restaurant,Other,Bneid Al Gar,,29.372783700000003,48.002214200000004,,,4.1,0,,google_places
PizzaExpress,Other,Bneid Al Gar,,29.381363,48.003994999999996,,,4.9,0,,google_places
Clay (Bneid Al-Gar),Other,Bneid Al Gar,,29.3793825,47.9995176,,,4.5,0,,google_places
Pista House Kuwait,Other,Bneid Al Gar,,29.3741957,47.997507399999996,,,4.5,0,,google_places
Olivio أوليفيو,Other,Bneid Al Gar,,29.375213499999997,48.006648999999996,,,3.4,0,,google_places
Business Lounge Restaurant,Other,Bneid Al Gar,,29.3769068,47.975580199999996,,,4.9,0,,google_places
Raising Cane's,Other,Bneid Al Gar,,29.37166,48.00759,,,5.0,0,,google_places
Madison & Heig,Other,Bneid Al Gar,,29.374253799999998,48.0047194,,,4.4,0,,google_places
Rajasthani,Other,Bneid Al Gar,,29.374442199999994,48.0011444,,,4.5,0,,google_places
Robins,Other,Bneid Al Gar,,29.376168399999997,48.0012951,,,4.2,0,,google_places
Grand Castell,Other,Bneid Al Gar,,29.375034999999997,47.9985797,,,4.7,0,,google_places
Burgan Al Khaleej Restaurant,Other,Bneid Al Gar,,29.3724976,48.0046026,,,4.3,0,,google_places
Al Ghadeer Sandwich Restaurant,Other,Bneid Al Gar,,29.372366900000003,48.000605199999995,,,4.2,0,,google_places
PAGE.,Other,Bneid Al Gar,,29.374402800000002,48.004528699999995,,,4.1,0,,google_places
Good Stuff - Bneid AlGar,Other,Bneid Al Gar,,29.3751687,48.0004603,,,4.4,0,,google_places
Assaha Restaurant,Other,Bneid Al Gar,,29.3745196,48.0041924,,,4.2,0,,google_places
TGI Friday's | Kuwait Towers,Other,Bneid Al Gar,,29.389686400000002,48.0031507,,,4.8,0,,google_places
مقهى,Other,Boujdour,,26.1256245,-14.4848576,,,,0,,openstreetmap
Belice,Other,Boujdour,,26.1278538,-14.4816374,,,,0,,openstreetmap
Café Joumana,Other,Boujdour,,26.1278742,-14.4815844,,,,0,,openstreetmap
Snack Oussama سناك أسامة,Other,Boujdour,,26.1280001,-14.4813357,,,,0,,openstreetmap
Café Aljadida,Other,Boujdour,,26.1279579,-14.4814456,,,,0,,openstreetmap
Lameniar,Other,Boujdour,,26.1285732,-14.4813813,,,,0,,openstreetmap
Dar Ba Elfassi,Other,Boujdour,,26.1254093,-14.4859861,,,,0,,openstreetmap
Spécial Tacos,Other,Boujdour,,26.128416,-14.4805561,+212703740873,,,0,,openstreetmap
Lemon Budaiya,Other,Budaiya,,26.2177694,50.485074399999995,,,4.4,0,,google_places
Dragon Wok Restaurant WLL,Other,Budaiya,,26.219288799999998,50.493358799999996,,,4.8,0,,google_places
Bayram Turkish Grill Restaurant - Bahrain,Other,Budaiya,,26.214237299999997,50.465290499999995,,,4.9,0,,google_places
مطعم كباب اربيل البحرين (Kabab Erbil Restaurant -Bahrain),Other,Budaiya,,26.217048899999998,50.48221900000001,,,4.7,0,,google_places
Desi Farmaish Kitchen W.L.L,Other,Budaiya,,26.2066166,50.452081199999995,,,5.0,0,,google_places
AlAmeer Restaurant | Budaiya,Other,Budaiya,,26.2211929,50.5050312,,,4.2,0,,google_places
Bagh Restaurant & Café,Other,Budaiya,,26.218920999999998,50.483497799999995,,,4.7,0,,google_places
Area Indian Fusion Restaurant,Other,Budaiya,,26.2031857,50.4482723,,,4.8,0,,google_places
Matteo’s - Western Bistro,Other,Budaiya,,26.203499299999997,50.448087,,,4.5,0,,google_places
Mills Cafe & Restaurant,Other,Budaiya,,26.219889,50.4916873,,,4.4,0,,google_places
Al Wali Grills,Other,Budaiya,,26.2127736,50.4511622,,,4.1,0,,google_places
فطاير على الطاير البديع Pastries on the fly Budaiya,Other,Budaiya,,26.218350599999997,50.4852274,,,4.7,0,,google_places
Luxor Egyptian Cuisine - الأقصر المطبخ المصري,Other,Budaiya,,26.210917499999997,50.4514457,,,5.0,0,,google_places
Mido Du Cafe,Other,Budaiya,,26.1974072,50.477513699999996,,,4.3,0,,google_places
Middle East Restaurant and pastries,Other,Budaiya,,26.2137747,50.4507917,,,4.1,0,,google_places
Karak mishkat,Other,Budaiya,,26.216450899999998,50.4466879,,,4.8,0,,google_places
Da Rosa- Lebanese & Seafood Restaurant,Other,Budaiya,,26.203481,50.448781399999994,,,4.1,0,,google_places
CLAW BBQ Bahrain,Other,Budaiya,,26.223662599999997,50.609353,,,4.9,0,,google_places
The Urban Dhaba - Budaiya,Other,Budaiya,,26.2145141,50.464836299999995,,,4.3,0,,google_places
ELTORO SMOKEHOUSE,Other,Budaiya,,26.1903042,50.4667211,,,4.5,0,,google_places
La Petite Maison,Other,Béni Mellal,,32.3364746,-6.3516003,,,,0,,openstreetmap
Focus,Other,Béni Mellal,"Résidence OUTMANE, Angle Avenue Hassan II et Avenue Mohammed V",32.3323603,-6.3629333,,,,0,,openstreetmap
Café kassabah,Other,Béni Mellal,Avenue Mohammed V,32.3333832,-6.3602376,,,,0,,openstreetmap
Café Cesar,Other,Béni Mellal,Avenue Hassan II,32.3315339,-6.3618134,+212523484847,,,0,,openstreetmap
Café des Roses,Other,Béni Mellal,Avenue Hassan II,32.3355265,-6.3652932,+212661715822,,,0,,openstreetmap
Café Charm Cheikh,Other,Béni Mellal,Angle Avenue Ibn Khaldoun et Avenue El Farabi,32.3354118,-6.3662729,+212645034276,,,0,,openstreetmap
Café Voltaire,Other,Béni Mellal,Avenue Hassan II,32.3344996,-6.3644758,,,,0,,openstreetmap
Café Table d'or,Other,Béni Mellal,Avenue Hassan II,32.3339321,-6.364059,,,,0,,openstreetmap
Café Bla Bla,Other,Béni Mellal,Avenue Hassan II,32.3359017,-6.3672698,,,,0,,openstreetmap
Café Ahalina,Other,Béni Mellal,Ibn Khaldoun,32.3361034,-6.368053,+212622594852,,,0,,openstreetmap
Laiterie et Café Marina,Other,Béni Mellal,Avenue Ibn Khaldoun Ouled Hamdan,32.3362439,-6.3686404,+212523483753,,,0,,openstreetmap
Café Major,Other,Béni Mellal,Avenue Hassan II Quartier Al Ramz,32.3372677,-6.366557,,,,0,,openstreetmap
Café Brichia,Other,Béni Mellal,"Lotissement Al HAMDANIA, Quartier AL RAMZ BENI MELLAL",32.3381011,-6.3667609,,,,0,,openstreetmap
Café AL RAMZ,Other,Béni Mellal,Avenue HASSAN II,32.3383527,-6.3669817,,,,0,,openstreetmap
Café NEW DAY,Other,Béni Mellal,Lotissement AL HAMDANIA Avenue HASSAN II,32.3383119,-6.3663836,+212670245845,,,0,,openstreetmap
Café Silver,Other,Béni Mellal,"Bloc 5, angle Avenue CHABBI et Avenue MOTANABI",32.3357012,-6.3633035,,,,0,,openstreetmap
Café La belle vue,Other,Béni Mellal,Avenue Hassan II,32.3313968,-6.3616558,,,,0,,openstreetmap
Café Annakhil,Other,Béni Mellal,Avenue Tamagnounte,32.3332937,-6.3564025,,,,0,,openstreetmap
Café Imilchil,Other,Béni Mellal,Avenue Hassan II,32.330031,-6.3607642,+212523420423,,,0,,openstreetmap
Café Abd Alkrim Alkhattabi,Other,Béni Mellal,Avenue Abdelakrim Elkhattabi,32.3328843,-6.3564217,,,,0,,openstreetmap
Café Pizzeria Corridore,Other,Béni Mellal,Avenue Abdelakrim Elkhattabi,32.3305228,-6.3593695,+212661351443,,,0,,openstreetmap
Dounya Day,Other,Béni Mellal,Avenue Mohammed V,32.3328175,-6.3618841,+212523482231,,,0,,openstreetmap
Café Glassier alkhaima,Other,Béni Mellal,Avenue Mohammed V,32.3328855,-6.3617016,,,,0,,openstreetmap
Café Farhate,Other,Béni Mellal,Avenue Mohammed V,32.3341687,-6.3588691,+212527776414,,,0,,openstreetmap
Café Ljolan,Other,Béni Mellal,Avenue Mohammed V,32.3333133,-6.3613153,,,,0,,openstreetmap
Café Prada,Other,Béni Mellal,Avenue Mohammed V,32.3332556,-6.3614887,+212523484302,,,0,,openstreetmap
Magic Ice,Other,Béni Mellal,"Avenue Hassan II, Résidence BOUJAAFAR",32.3316347,-6.3622857,+212523481972,,,0,,openstreetmap
Café Galaxy,Other,Béni Mellal,Avenue Hassan II,32.3328977,-6.3625796,+212523420900,,,0,,openstreetmap
Café La Flamme,Other,Béni Mellal,Chawki,32.3348943,-6.3610304,+212523480418,,,0,,openstreetmap
Snack Beverly,Other,Béni Mellal,Avenue Hassan II Quartier al adarissa,32.3333726,-6.3636419,+212523482000,,,0,,openstreetmap
Restaurant DALAS Diner,Other,Béni Mellal,Chawki 1,32.3348269,-6.3612165,+212540033930,,,0,,openstreetmap
Snack El Bahja,Other,Béni Mellal,Chawki 1,32.3347785,-6.361389,,,,0,,openstreetmap
SAFA Glace,Other,Béni Mellal,Chawki 2,32.3349734,-6.3615956,+212523424595,,,0,,openstreetmap
Snack Pic vite,Other,Béni Mellal,Avenue Ibn khaldoun ouled hamdane,32.3362009,-6.368502,+212693403329,,,0,,openstreetmap
Snack Ali,Other,Béni Mellal,Avenue AL motanabi quartier al wafa,32.3356627,-6.3633817,+212605330280,,,0,,openstreetmap
Snack Grillada,Other,Béni Mellal,A cote de café al worode avenue al motanabi,32.3363611,-6.3652104,+212523429914,,,0,,openstreetmap
Safa Snack,Other,Béni Mellal,Jabaliya 4,32.3345519,-6.3626443,+212611578862,,,0,,openstreetmap
Snack TAMAZIRT,Other,Béni Mellal,Jabaliya 4,32.3344419,-6.362765,+212661596085,,,0,,openstreetmap
Café Le petit Poin,Other,Béni Mellal,"Jabaliya, Bloc 2",32.3341349,-6.3632183,,,,0,,openstreetmap
Snack Khalifa,Other,Béni Mellal,Chawki 1,32.3339196,-6.3633739,+212677327459,,,0,,openstreetmap
Shwarma Anoual,Other,Béni Mellal,Rue Taif,32.3334436,-6.3624378,+212664304010,,,0,,openstreetmap
Café ESPANOLE,Other,Béni Mellal,,32.3332992,-6.3629169,,,,0,,openstreetmap
Restaurant EZZERDA,Other,Béni Mellal,Hay Mimouna,32.3338103,-6.363089,+212659688597,,,0,,openstreetmap
Tropic Jus,Other,Béni Mellal,Rue Jabaliya,32.3350515,-6.3638059,,,,0,,openstreetmap
Café FRANCE,Other,Béni Mellal,Avenue Hassan II,32.3350504,-6.3644905,+212526118577,,,0,,openstreetmap
Snak Ayoub,Other,Béni Mellal,Avenue Abdelkrim Elkhattabi,32.3301093,-6.3598916,+21223484379+2120604781814,,,0,,openstreetmap
Café Ouzoud,Other,Béni Mellal,Avenue Mohammed V,32.3331738,-6.3617268,+212670708184,,,0,,openstreetmap
Café CN NOUR,Other,Béni Mellal,avenue Moutanabi,32.3351335,-6.3643842,,,,0,,openstreetmap
Snack Sydney,Other,Béni Mellal,Avenue Hassan II,32.3336455,-6.3634789,+212523421919,,,0,,openstreetmap
Sté El Firdaous HP,Other,Béni Mellal,Avenue Abdelkrim Elkhattabi,32.3304949,-6.3594062,,,,0,,openstreetmap
Café Maroma,Other,Béni Mellal,Avenue du 20 Aout,32.3457064,-6.3496111,,,,0,,openstreetmap
Porta Romana,Other,Béni Mellal,,32.336808,-6.3728063,,,,0,,openstreetmap
Italiana,Other,Béni Mellal,,32.3297978,-6.3760584,,,,0,,openstreetmap
فضاء فاطمة,Other,Béni Mellal,,32.3189366,-6.333808,,,,0,,openstreetmap
Liverpool Cafe ⵜⴰⵏⵖⵍⵓⵙⵜ ⵏ ⵍⵉⵠⵔ ⵒⵒⵓⵍ مقهى ليڤرپول,Other,Béni Mellal,,32.3435076,-6.369099,,,,0,,openstreetmap
Kasr Ain Asserdoun,Other,Béni Mellal,,32.3238035,-6.3375893,,,,0,,openstreetmap
Alecanti,Other,Béni Mellal,,32.3397105,-6.3566452,,,,0,,openstreetmap
Rehab,Other,Béni Mellal,,32.3407264,-6.3445776,,,,0,,openstreetmap
McDonald's,Other,Béni Mellal,,32.3304871,-6.3679417,,,,0,,openstreetmap
Pizza Hut,Other,Ca,,,,,,,0,,openstreetmap
Rick's Cafe,Other,Casablanca,Boulevard Sour Jdid شارع السور الجديد,33.6049697,-7.6203619,+212522274207,https://www.rickscafe.ma/,,0,,openstreetmap
La Bodega,Other,Casablanca,Rue Allal Ben Abdellah,33.5952195,-7.6115725,,https://restopro.ma/bodega,,0,,openstreetmap
La Sqala,Other,Casablanca,Boulevard des Almohades,33.6028481,-7.619212,,https://restopro.ma/sqala,,0,,openstreetmap
Pizza Hut,Other,Casablanca,,33.5928474,-7.597267,,,,0,,openstreetmap
Chez Pépé,Other,Casablanca,,33.595533,-7.6454829,,,,0,,openstreetmap
Au 19 Heure,Other,Casablanca,,33.5827625,-7.6112767,,,,0,,openstreetmap
Maeva,Other,Casablanca,,33.5957256,-7.5933532,,,,0,,openstreetmap
Sampione,Other,Casablanca,,33.5928563,-7.5971409,,,,0,,openstreetmap
Mahboub محبوب,Other,Casablanca,,33.5921991,-7.5923586,,,,0,,openstreetmap
Snack Essaada,Other,Casablanca,Boulevard Émile Zola,33.5936543,-7.5974637,,,,0,,openstreetmap
Paradisio,Other,Casablanca,Boulevard Émile Zola,33.5938278,-7.5969183,,,,0,,openstreetmap
Zanzi bar,Other,Casablanca,,33.5901771,-7.6041272,,,,0,,openstreetmap
Venezia Ice,Other,Casablanca,,33.5944312,-7.5954315,,,,0,,openstreetmap
Alhana,Other,Casablanca,,33.5900564,-7.5931006,,,,0,,openstreetmap
Tabaris,Other,Casablanca,,33.5942837,-7.5963622,,,,0,,openstreetmap
Café de la gare,Other,Casablanca,,33.5899952,-7.5905952,,,,0,,openstreetmap
Bellevue,Other,Casablanca,,33.5906508,-7.5928083,,,,0,,openstreetmap
Jus Bordeaux,Other,Casablanca,,33.5969487,-7.6279619,,,,0,,openstreetmap
Monsieur Brochette,Other,Casablanca,,33.5949185,-7.6271531,,,,0,,openstreetmap
Mamelouk Café,Other,Casablanca,,33.5962988,-7.6304773,,,,0,,openstreetmap
Café Splendeur,Other,Casablanca,Boulevard Ziraoui شارع الزيراوي,33.5962469,-7.6313052,,,,0,,openstreetmap
Luigi,Other,Casablanca,Rue Ibnou Yaala Al Ifrani زنقة ابن يعلى الإفراني,33.5882356,-7.6398452,+212522390271,https://luigi.ma/,,0,,openstreetmap
Restaurant grillades au top,Other,Casablanca,,33.5111856,-7.6105369,,,,0,,openstreetmap
Alba Fast Food,Other,Casablanca,,33.5930113,-7.6171532,,,,0,,openstreetmap
Cafe Black Stone,Other,Casablanca,,33.5951697,-7.610295,,,,0,,openstreetmap
Café Ghandi,Other,Casablanca,,33.5656336,-7.6379599,,,,0,,openstreetmap
Don Camilo,Other,Casablanca,Rue Abou Rakrak,33.587649,-7.612959,,,,0,,openstreetmap
Malaga,Other,Casablanca,,33.5952443,-7.6251765,,,,0,,openstreetmap
ماكدونالدز,Other,Casablanca,Boulevard Ziraoui,33.594793,-7.6331748,,,,0,,openstreetmap
Restaurant du Port,Other,Casablanca,,33.6015279,-7.6144679,,,,0,,openstreetmap
Lugano Glacier,Other,Casablanca,,33.5942402,-7.6376222,,,,0,,openstreetmap
Café Galatina,Other,Casablanca,,33.5100873,-7.6507181,,,,0,,openstreetmap
Valencia,Other,Casablanca,,33.5289904,-7.6487632,,,,0,,openstreetmap
Havana,Other,Casablanca,,33.5285902,-7.6489134,,,,0,,openstreetmap
Le Cabestan,Other,Casablanca,,33.6080257,-7.6553304,,,,0,,openstreetmap
Lebanese Restaurant,Other,Casablanca,,33.6007855,-7.6603997,,,,0,,openstreetmap
Café Domani,Other,Casablanca,,33.5620309,-7.5591609,,,,0,,openstreetmap
Café Ghurub الغروب,Other,Casablanca,,33.5936334,-7.6790181,,,,0,,openstreetmap
Sijilmassa سجلماسة,Other,Casablanca,,33.5909207,-7.6791755,,,,0,,openstreetmap
Nzaha,Other,Casablanca,,33.589095,-7.6818777,,,,0,,openstreetmap
O'palm,Other,Casablanca,,33.5886958,-7.6831655,,,,0,,openstreetmap
Caffè Vernagno 1882,Other,Casablanca,Rue Attabari زنقة الطبري,33.5766221,-7.6481068,,,,0,,openstreetmap
Caniada,Other,Casablanca,,33.5835055,-7.6421257,,,,0,,openstreetmap
La Grillardière,Other,Casablanca,Boulevard Bir Anzarane شارع بئر أنزران,33.5832948,-7.6418718,,,,0,,openstreetmap
Café Arije,Other,Casablanca,,33.5819086,-7.6432771,,,,0,,openstreetmap
Café les familles,Other,Casablanca,,33.5819412,-7.6431848,,,,0,,openstreetmap
Café le Bateau,Other,Casablanca,,33.5798896,-7.6370591,,,,0,,openstreetmap
pizzeria italian,Other,Casablanca,,33.5810317,-7.6370564,,,,0,,openstreetmap
Class'dish,Other,Casablanca,,33.5900333,-7.6303903,,,,0,,openstreetmap
Glacier Oliveri,Other,Casablanca,,33.5848346,-7.622941,,,,0,,openstreetmap
Café Agoustine,Other,Casablanca,Rue Al Ghadfa,33.5785797,-7.6401447,,,,0,,openstreetmap
Café Caldo,Other,Casablanca,Rue Al Fourat,33.579835,-7.640015,,,,0,,openstreetmap
Moumni,Other,Casablanca,Rue Bussang,33.5806288,-7.6385468,,,,0,,openstreetmap
Café Céleste,Other,Casablanca,Rue Al Mansour Al Abidi زنقة المنصور العابدي,33.5804839,-7.6412073,,,,0,,openstreetmap
CAP 3000,Other,Casablanca,Rue Al Fourate زنقة الفرات,33.5806609,-7.6410259,,,,0,,openstreetmap
Café au Petit 'Maroc مقهى إلى المغرب الصغير,Other,Casablanca,,33.5978903,-7.6344273,,,,0,,openstreetmap
Café Bidawa,Other,Casablanca,,33.5985843,-7.6326802,,,,0,,openstreetmap
Diwan,Other,Casablanca,,33.5916481,-7.6351298,,,,0,,openstreetmap
Patisserie&Traiteur TAZI,Other,Casablanca,,33.595696,-7.6301959,,,,0,,openstreetmap
Segafredo,Other,Casablanca,,33.5922407,-7.6336602,,,,0,,openstreetmap
jardin de Rome,Other,Casablanca,,33.5923237,-7.6319383,,,,0,,openstreetmap
Le Red's,Other,Casablanca,,33.5929027,-7.62923,,,,0,,openstreetmap
Le Noble,Other,Casablanca,Rue Abou Abdellah Nafii,33.5860329,-7.6342615,+212522988080,,,0,,openstreetmap
Garibaldi,Other,Casablanca,,33.601513,-7.6330486,,,,0,,openstreetmap
Chawarma Nour esham شاورما نور الشام,Other,Casablanca,,33.6011445,-7.634303,,,,0,,openstreetmap
potchi,Other,Casablanca,Bordeaux,33.5973488,-7.6273398,,,,0,,openstreetmap
Meet Up Coffee Pool,Other,Casablanca,Rue Michel Ange زنقة ميشبل أنج,33.5917023,-7.6383239,,,,0,,openstreetmap
India Palace,Other,Casablanca,Rue Ahmed El Mokri زنقة أحمد المقري,33.5917889,-7.6391526,,,,0,,openstreetmap
La Flèche d’Anfa,Other,Casablanca,Boulevard d'Anfa شارع أنفا,33.5904217,-7.6380902,+212522942380,,,0,,openstreetmap
Petrom بتروم,Other,Casablanca,,33.5093888,-7.6308528,,,,0,,openstreetmap
La Passion,Other,Casablanca,,33.6117108,-7.4821246,,,,0,,openstreetmap
Casa Bianca,Other,Casablanca,,33.6144212,-7.4864283,,,,0,,openstreetmap
Golf Sud,Other,Casablanca,,33.6142458,-7.48762,,,,0,,openstreetmap
Le Rital,Other,Casablanca,,33.614251,-7.4876961,,,,0,,openstreetmap
New Town,Other,Casablanca,,33.6117795,-7.4808035,,,,0,,openstreetmap
Chez Omar,Other,Casablanca,,33.5974462,-7.635698,,,,0,,openstreetmap
Seven 7 Days,Other,Casablanca,Boulevard Mohamed Zerktouni,33.5970619,-7.6382193,+212522430300,,,0,,openstreetmap
La Toscana,Other,Casablanca,Rue Ibnou Yaala Al Ifrani زنقة ابن يعلى الإفراني,33.5885888,-7.6385756,,,,0,,openstreetmap
Pomme de Pain,Other,Casablanca,Rue Ibnou Yaala Al Ifrani زنقة ابن يعلى الإفراني,33.588034,-7.6401077,,,,0,,openstreetmap
KFC,Other,Casablanca,Rue El Kadi Iass زنقة القاضي إياس,33.5861117,-7.6368073,,,,0,,openstreetmap
Café Pasteur,Other,Casablanca,,33.5737657,-7.6245966,,,,0,,openstreetmap
café Etoile Plazza,Other,Casablanca,,33.5740365,-7.6250894,,,,0,,openstreetmap
café Gigi,Other,Casablanca,,33.57405,-7.6253952,,,,0,,openstreetmap
café Vesal,Other,Casablanca,,33.5728315,-7.6205101,,,,0,,openstreetmap
Kaiten,Other,Casablanca,Rue Oumayma Essayeh زنقة أميمة السايح,33.5881181,-7.638915,,,,0,,openstreetmap
Cannelle,Other,Casablanca,,33.572472,-7.6571393,,,,0,,openstreetmap
Long Champ,Other,Casablanca,,33.5727133,-7.6568925,,,,0,,openstreetmap
"Nori, Restaurent Japonais",Other,Casablanca,,33.5731692,-7.6567852,,,,0,,openstreetmap
Espace Coffee,Other,Casablanca,,33.5711177,-7.6517212,,,,0,,openstreetmap
Café Lily White,Other,Casablanca,,33.5715053,-7.6241079,,,,0,,openstreetmap
Café Soraya,Other,Casablanca,,33.5715156,-7.6244653,,,,0,,openstreetmap
La Brioche Dorée,Other,Casablanca,,33.5693746,-7.6255745,,,,0,,openstreetmap
Gelatino,Other,Casablanca,Rue Nationale,33.5936482,-7.6162016,,,,0,,openstreetmap
Belhaj Fast Food,Other,Casablanca,,33.5911922,-7.6260147,,,,0,,openstreetmap
La grotte du pêcheur,Other,Casablanca,,33.5918245,-7.6266906,,,,0,,openstreetmap
Nouaima,Other,Casablanca,,33.592001,-7.626468,,,,0,,openstreetmap
Keykos,Other,Casablanca,,33.5924545,-7.6270366,,,,0,,openstreetmap
Snack Bir Anzarane,Other,Casablanca,,33.5805691,-7.6372398,,,,0,,openstreetmap
Snack Khatib,Other,Casablanca,,33.5808187,-7.6376854,,,,0,,openstreetmap
Café Anfa,Other,Casablanca,,33.5813192,-7.6383988,,,,0,,openstreetmap
Baleno,Other,Casablanca,,33.5824231,-7.6148676,,,,0,,openstreetmap
Tex Mex,Other,Casablanca,Boulevard Al Massira Al Khadra شارع المسيرة الخضراء,33.5876523,-7.6434531,,,,0,,openstreetmap
Café Mandela,Other,Casablanca,,33.6014368,-7.6336494,,,,0,,openstreetmap
Cups,Other,Casablanca,,33.5926384,-7.6295335,,,,0,,openstreetmap
Marjonel,Other,Casablanca,,33.5583463,-7.5604482,,,,0,,openstreetmap
ستاربكس,Other,Casablanca,,33.5995419,-7.6123798,,,,0,,openstreetmap
Astoria,Other,Casablanca,,33.5941874,-7.5873723,,,,0,,openstreetmap
Snack Lachgar,Other,Casablanca,,33.594038,-7.5812324,,,,0,,openstreetmap
Café Iligh,Other,Casablanca,,33.5908419,-7.5907101,,,,0,,openstreetmap
Snack chez Mostapha,Other,Casablanca,,33.5940513,-7.5811487,,,,0,,openstreetmap
Snack Rajawi,Other,Casablanca,,33.5940221,-7.58131,,,,0,,openstreetmap
Chez Ali,Other,Casablanca,,33.5939994,-7.581368,,,,0,,openstreetmap
Achkid,Other,Casablanca,,33.5940125,-7.5813312,,,,0,,openstreetmap
Ait agadir,Other,Casablanca,,33.5939487,-7.5815033,,,,0,,openstreetmap
Ait toufawt,Other,Casablanca,,33.5939034,-7.5816157,,,,0,,openstreetmap
Wardane,Other,Casablanca,Boulevard Oued Oum Rbia,33.5569778,-7.6827368,,,,0,,openstreetmap
Babel,Other,Casablanca,,33.5557009,-7.6827946,,,,0,,openstreetmap
Vertigo,Other,Casablanca,,33.5923836,-7.6144696,,,,0,,openstreetmap
BlueBerry,Other,Casablanca,,33.5996574,-7.6122203,,,,0,,openstreetmap
Caféino,Other,Casablanca,,33.5994386,-7.6125072,,,,0,,openstreetmap
Fratelli,Other,Casablanca,,33.5930227,-7.627037,,,,0,,openstreetmap
La perle du liban,Other,Casablanca,,33.5947844,-7.6282046,,,,0,,openstreetmap
Brasserie Olympis,Other,Casablanca,,33.5953459,-7.6260218,,,,0,,openstreetmap
Café Glacier Rachidi,Other,Casablanca,,33.5938662,-7.6283156,,,,0,,openstreetmap
Café glacier Casa Anfa,Other,Casablanca,,33.5953965,-7.6263675,,,,0,,openstreetmap
Restaurant King Burger,Other,Casablanca,,33.5953217,-7.6256267,,,,0,,openstreetmap
Café Madrid,Other,Casablanca,,33.5954404,-7.6264835,,,,0,,openstreetmap
Alegria,Other,Casablanca,Boulevard Hassan Alaoui,33.5838531,-7.5813298,,,,0,,openstreetmap
Boulangerie-Pâtisserie Amanouz,Other,Casablanca,,33.5846642,-7.5804276,,,,0,,openstreetmap
Essalam Juice,Other,Casablanca,,33.5852765,-7.5809747,,,,0,,openstreetmap
Clivia Ice,Other,Casablanca,,33.5853413,-7.581302,,,,0,,openstreetmap
Sunset,Other,Casablanca,,33.5941228,-7.6443566,,,,0,,openstreetmap
Le Local,Other,Casablanca,,33.5942483,-7.6434224,,,,0,,openstreetmap
Domino's,Other,Casablanca,,33.5734363,-7.6116139,,,,0,,openstreetmap
Amiga,Other,Casablanca,,33.5741004,-7.6148563,,,,0,,openstreetmap
Café Karibo,Other,Casablanca,Boulevard Rachidi شارع الراشدي,33.5924741,-7.6254288,,,,0,,openstreetmap
Le passage,Other,Casablanca,,33.5941743,-7.6252608,,,,0,,openstreetmap
café le mirage,Other,Casablanca,,33.5938975,-7.6283639,,,,0,,openstreetmap
San mimoun,Other,Casablanca,Boulevard Rachidi,33.5936871,-7.628102,,,,0,,openstreetmap
Café saphir bleu,Other,Casablanca,,33.5945113,-7.6281082,,,,0,,openstreetmap
Lora Café Restaurant,Other,Casablanca,,33.5943442,-7.6286229,,,,0,,openstreetmap
Restaurant West Atlantic,Other,Casablanca,,33.5675139,-7.7095158,,,,0,,openstreetmap
Gaugan,Other,Casablanca,,33.5927658,-7.6242626,,,,0,,openstreetmap
Restaurant Rouget de l'Isle,Other,Casablanca,,33.5926824,-7.6228688,,,,0,,openstreetmap
Alae,Other,Casablanca,Rue d'Alger,33.5934314,-7.6240699,,,,0,,openstreetmap
Faraj,Other,Casablanca,,33.593897,-7.6251899,,,,0,,openstreetmap
Kalinka,Other,Casablanca,,33.5942124,-7.6249351,,,,0,,openstreetmap
12 Cool,Other,Casablanca,,33.5930752,-7.6271159,,,,0,,openstreetmap
Bistronome,Other,Casablanca,,33.5930876,-7.6267545,,,,0,,openstreetmap
Rachidi,Other,Casablanca,,33.5930352,-7.6266798,,,,0,,openstreetmap
Café Lkarma,Other,Casablanca,,33.5148297,-7.6557369,,,,0,,openstreetmap
Oukaimeden,Other,Casablanca,Boulevard du 11 Janvier,33.5911393,-7.6150735,,,,0,,openstreetmap
Café De France,Other,Casablanca,,33.5954385,-7.617482,,,,0,,openstreetmap
Le Cardinal,Other,Casablanca,,33.5956364,-7.6171591,,,,0,,openstreetmap
Snack Addou Maddou,Other,Casablanca,,33.5932039,-7.6186518,,,,0,,openstreetmap
Restaurant les Arcades,Other,Casablanca,,33.5935525,-7.6185955,,,,0,,openstreetmap
Café Odissea,Other,Casablanca,,33.5940836,-7.6183033,,,,0,,openstreetmap
Euro Snack,Other,Casablanca,,33.5944851,-7.6183927,,,,0,,openstreetmap
La Taverne du Dauphin,Other,Casablanca,,33.598736,-7.6151053,,,,0,,openstreetmap
Total طوطال,Other,Casablanca,,33.5152721,-7.6553456,,,,0,,openstreetmap
الخيمة,Other,Casablanca,,33.5501035,-7.5808439,,,,0,,openstreetmap
Little Barton's,Other,Casablanca,,33.5997377,-7.6650484,,,,0,,openstreetmap
Shawarmer,Other,Casablanca,,33.5814102,-7.6392523,,,,0,,openstreetmap
L'étudiant,Other,Casablanca,,33.5664433,-7.5429261,,,,0,,openstreetmap
Casa José,Other,Casablanca,,33.5978725,-7.615386,,,,0,,openstreetmap
Landoud Madjine ⵍⵓⵏⴹⵓⵏ ⵎⵥⵥⵉⵏ لنضون مجين,Other,Casablanca,,33.5609838,-7.6704245,,,,0,,openstreetmap
Café Kasmou ⴽⵓⵚⵎⵓ مقهى كصمو,Other,Casablanca,,33.5602328,-7.670564,,,,0,,openstreetmap
Porte Mansour ⴱⴰⴱ ⵎⵏⵚⵓⵕ باب منصور,Other,Casablanca,,33.5592404,-7.6699846,,,,0,,openstreetmap
Le Lys,Other,Casablanca,,33.5914444,-7.594961,,,,0,,openstreetmap
Tacos de Lyon,Other,Casablanca,,33.6007185,-7.6341062,,,,0,,openstreetmap
Face Cafe,Other,Casablanca,,33.6006767,-7.635819,,,,0,,openstreetmap
The voice,Other,Casablanca,,33.5635411,-7.5568378,,,,0,,openstreetmap
Bistrot Chic,Other,Casablanca,,33.5884913,-7.6273923,,,,0,,openstreetmap
Belle d'Anfa,Other,Casablanca,,33.5896085,-7.6276965,,,,0,,openstreetmap
Salsa,Other,Casablanca,Rue Taha Hussein,33.5887791,-7.6282292,,,,0,,openstreetmap
Sojou,Other,Casablanca,,33.589095,-7.6297476,,https://sojou.ma,,0,,openstreetmap
L'Artiste,Other,Casablanca,,33.5903665,-7.6287154,,,,0,,openstreetmap
Blend,Other,Casablanca,Rue Théophile Gauthier,33.5886833,-7.6319196,+212522491122,,,0,,openstreetmap
Le Yeel's,Other,Casablanca,,33.5900878,-7.6303874,,,,0,,openstreetmap
Khos,Other,Casablanca,Rue Saad Ben Abi Waqqas,33.5840347,-7.6205679,,,,0,,openstreetmap
Chez Moi,Other,Casablanca,,33.5948807,-7.6152623,,,,0,,openstreetmap
brasserie san jose,Other,Casablanca,,33.5978396,-7.6155008,,,,0,,openstreetmap
La Chope,Other,Casablanca,,33.5942999,-7.6164602,,,,0,,openstreetmap
Don Quichotte,Other,Casablanca,,33.5970492,-7.6163612,,,,0,,openstreetmap
isis,Other,Casablanca,,33.5950092,-7.6173804,,,,0,,openstreetmap
Pita Mix,Other,Casablanca,,33.5948491,-7.617455,,,,0,,openstreetmap
Eden Ice,Other,Casablanca,,33.5947705,-7.6170384,,,,0,,openstreetmap
bazar touristes,Other,Casablanca,,33.598505,-7.6151557,,,,0,,openstreetmap
Le Maroc,Other,Casablanca,,33.5999428,-7.6140803,,,,0,,openstreetmap
Montréal,Other,Casablanca,,33.5945485,-7.6155381,,,,0,,openstreetmap
Poulet AFC,Other,Casablanca,,33.5942483,-7.6156179,,,,0,,openstreetmap
Nasma,Other,Casablanca,,33.5945946,-7.6157947,,,,0,,openstreetmap
La Petite Perle,Other,Casablanca,,33.594108,-7.6156948,,,,0,,openstreetmap
Au Clair de Lune,Other,Casablanca,,33.5944909,-7.6134185,,,,0,,openstreetmap
Asia,Other,Casablanca,,33.5991745,-7.6130528,,,,0,,openstreetmap
Caza Ameal,Other,Casablanca,,33.5952468,-7.616121,,,,0,,openstreetmap
Ôgi Souchi,Other,Casablanca,,33.599424,-7.6141726,,,,0,,openstreetmap
El Barocco Time,Other,Casablanca,,33.5954492,-7.6163427,,,,0,,openstreetmap
agarta,Other,Casablanca,,33.5987015,-7.6149462,,,,0,,openstreetmap
Big Star,Other,Casablanca,,33.5951835,-7.6150805,,,,0,,openstreetmap
Café Lurizia,Other,Casablanca,,33.5635742,-7.674377,,,,0,,openstreetmap
Petit Poucet,Other,Casablanca,,33.5948276,-7.6141823,,,,0,,openstreetmap
Café Glacier EGO,Other,Casablanca,Rue Zerhoune,33.5849588,-7.61423,,,,0,,openstreetmap
Le Pilotis,Other,Casablanca,Boulevard de la Corniche,33.596662,-7.6734143,,,,0,,openstreetmap
Café Bybal,Other,Casablanca,Zanqat 12,33.5646373,-7.6741411,,,,0,,openstreetmap
Café Free Times,Other,Casablanca,,33.5669433,-7.6729512,,,,0,,openstreetmap
Cafe May,Other,Casablanca,Rue d'Arcachon,33.5859992,-7.6045843,,,,0,,openstreetmap
Café de l'Arrivée,Other,Casablanca,,33.5896275,-7.5920967,,,,0,,openstreetmap
Restaurant de la Place / Le Voyageur,Other,Casablanca,,33.5897214,-7.592208,,,,0,,openstreetmap
Snack Le Départ,Other,Casablanca,,33.5896722,-7.5921423,,,,0,,openstreetmap
Brasserie St-Georges,Other,Casablanca,Rue Hadj Omar Riffi,33.5860215,-7.6143611,,,,0,,openstreetmap
Café Dubois,Other,Casablanca,Rue Nouakchout,33.5876158,-7.6138836,,,,0,,openstreetmap
Café Yasmina,Other,Casablanca,Boulevard d'Alsace,33.5856704,-7.6133866,,,,0,,openstreetmap
Jus Rosenheim,Other,Casablanca,,33.5857277,-7.6119478,,,,0,,openstreetmap
L'Auto,Other,Casablanca,,33.5894328,-7.6151456,,,,0,,openstreetmap
La Colina,Other,Casablanca,,33.588729,-7.6162319,,,,0,,openstreetmap
La Ferme Blanche,Other,Casablanca,Rue Nouakchout,33.5859735,-7.6133847,,,,0,,openstreetmap
Les Gémaux,Other,Casablanca,Boulevard de la Liberté,33.5871751,-7.6120277,,,,0,,openstreetmap
Ma Touraine,Other,Casablanca,Rue Hadj Omar Riffi,33.5864349,-7.6150545,,,,0,,openstreetmap
Puerto Rico,Other,Casablanca,,33.5896015,-7.6149002,,,,0,,openstreetmap
Paseo Pizza & Grill,Other,Casablanca,Boulevard de la Liberté,33.5872685,-7.6120735,,,,0,,openstreetmap
Angad Restaurant & Bar,Other,Casablanca,Boulevard du 11 Janvier شارع 11 يناير,33.5888647,-7.6132024,,,,0,,openstreetmap
Martello,Other,Casablanca,Boulevard Mohamed Zerktouni,33.5827185,-7.6174892,+212522470828,,,0,,openstreetmap
Awafi,Other,Casablanca,Boulevard de Paris,33.5916822,-7.6149169,,,,0,,openstreetmap
Café O'Joe,Other,Casablanca,,33.594084,-7.6131607,,,,0,,openstreetmap
Café Jasmine,Other,Casablanca,Rue de Karachi,33.592787,-7.6062993,,,,0,,openstreetmap
Pomme de Pain Ziraoui,Other,Casablanca,,33.5936551,-7.6352553,,,,0,,openstreetmap
La Bavaroise,Other,Casablanca,,33.5952135,-7.6113257,,,,0,,openstreetmap
Al Anbar العنبر,Other,Casablanca,Avenue Mohamed Taib Naciri,33.5489722,-7.67964,,,,0,,openstreetmap
Restaurant Le Nouveau Dragon,Other,Casablanca,Rue de la Chaouia,33.5956652,-7.6125814,+212522450896,,,0,,openstreetmap
Café Bravo,Other,Casablanca,,33.6143776,-7.4888131,,,,0,,openstreetmap
Snack Pizzeria Bella Maria,Other,Casablanca,,33.6155331,-7.4843667,,,,0,,openstreetmap
Café Africana,Other,Casablanca,,33.6202172,-7.4872601,,,,0,,openstreetmap
PA-NOS,Other,Casablanca,"Rue El KASR, Maarif",33.5860673,-7.6311157,,,,0,,openstreetmap
Ghiwan,Other,Casablanca,,33.538861,-7.6796506,,,,0,,openstreetmap
Café Auriga,Other,Casablanca,,33.5837539,-7.6437214,,,,0,,openstreetmap
Misbah Salam,Other,Casablanca,,33.5918899,-7.6159496,,,,0,,openstreetmap
leopardi ليوباردي,Other,Casablanca,Boulevard Oued Sebou,33.551528,-7.6817191,,,,0,,openstreetmap
snack aljanoub سناك الجنوب,Other,Casablanca,,33.5508438,-7.6840863,,,,0,,openstreetmap
Burger King,Other,Casablanca,Rue Abou Assalt Andaloussi زنقة أبو السلط الأندلسي,33.5858234,-7.6369238,,,,0,,openstreetmap
nafoura النافورة,Other,Casablanca,,33.5467357,-7.6815776,,,,0,,openstreetmap
pizzeria chahdia بيتزيريا الشهدية,Other,Casablanca,,33.5469052,-7.6818002,,,,0,,openstreetmap
amira أميرة,Other,Casablanca,,33.5465427,-7.6818691,,,,0,,openstreetmap
McDonald's,Other,Casablanca,Boulevard Mohamed VI,33.5623474,-7.5941062,,,,0,,openstreetmap
Carrefour des Saveurs,Other,Casablanca,,33.595159,-7.5913872,,,,0,,openstreetmap
Espace Tifawine,Other,Casablanca,,33.5861039,-7.6489235,,,,0,,openstreetmap
Café Romantique,Other,Casablanca,,33.5740209,-7.5819074,,,,0,,openstreetmap
Pizzeria starpate,Other,Casablanca,,33.6042711,-7.4918255,,,,0,,openstreetmap
Zineb,Other,Casablanca,,33.6007115,-7.6332406,,,,0,,openstreetmap
Paul,Other,Casablanca,Boulevard de la Corniche شارع الكورنيش,33.598856,-7.6644368,,,,0,,openstreetmap
Costa,Other,Casablanca,Boulevard de la Corniche,33.5984634,-7.6645137,,,,0,,openstreetmap
La bel blanc,Other,Casablanca,Rue oulad teima,33.5973686,-7.6363743,+212667313995,,,0,,openstreetmap
Diamant bleu الجوهرة الزرقاء,Other,Casablanca,Boulevard Oued Sebou,33.5514099,-7.6821065,+212522899134,,,0,,openstreetmap
O'lichi,Other,Casablanca,Boulevard d'Anfa,33.591863,-7.6345249,,,,0,,openstreetmap
Al-Mounia,Other,Casablanca,,33.5909223,-7.6164407,,,,0,,openstreetmap
La Cantine de Charlotte,Other,Casablanca,Rue Abou Hadil Allaf,33.5921096,-7.6288039,,,,0,,openstreetmap
Emilia,Other,Casablanca,Avenue Mohamed Taib Naciri,33.5481455,-7.6808525,+212628990808,,,0,,openstreetmap
Rouge et Blanc أحمر و ابيض,Other,Casablanca,Avenue Lalla Yacout,33.5915512,-7.615164,+212679793649,,,0,,openstreetmap
Route 66,Other,Casablanca,,33.5728964,-7.6552882,,,,0,,openstreetmap
Cosa Mia,Other,Casablanca,,33.585652,-7.6355809,,,,0,,openstreetmap
la lambra العنبرة,Other,Casablanca,,33.5993093,-7.5205074,,,,0,,openstreetmap
very ڤيري,Other,Casablanca,,33.603415,-7.6425831,,,,0,,openstreetmap
Fadaa bladi فضاء بلادي,Other,Casablanca,Route Haj Fateh,33.5442269,-7.6787862,,,,0,,openstreetmap
les Fleurs,Other,Casablanca,,33.5966374,-7.6149916,,,,0,,openstreetmap
le Châtelet,Other,Casablanca,,33.586116,-7.6350081,,,,0,,openstreetmap
Midway,Other,Casablanca,,33.588864,-7.628391,,,,0,,openstreetmap
Café Fairplay,Other,Casablanca,Boulevard Mohamed Zerktouni,33.5973188,-7.6382518,,,,0,,openstreetmap
Yo Ti Tam,Other,Casablanca,Rue jounaid,33.5759859,-7.6476182,+212522261262,,,0,,openstreetmap
Café Karima مقهى كريمة,Other,Casablanca,Rue Amr Ben Asse,33.5996177,-7.5824027,,,,0,,openstreetmap
Croc Pizza كروك بيتزا,Other,Casablanca,,33.619789,-7.5326657,,,,0,,openstreetmap
محطة إستراحة أفريقيا,Other,Casablanca,,33.5110136,-7.6105863,,,,0,,openstreetmap
H & B Food,Other,Casablanca,,33.5713686,-7.6450329,+212540085480,,,0,,openstreetmap
Chez Marny,Other,Casablanca,,33.5609277,-7.6467836,,,,0,,openstreetmap
Beverly Bakery & Cafe,Other,Casablanca,,33.5961331,-7.6416036,,,,0,,openstreetmap
Yammy,Other,Casablanca,Boulevard Rahal El Meskini,33.5885241,-7.611296,,,,0,,openstreetmap
Boca Chica,Other,Casablanca,,33.6090023,-7.6505619,,,,0,,openstreetmap
Le Petit Rocher,Other,Casablanca,,33.6096729,-7.6514204,,,,0,,openstreetmap
Café Charles Dego,Other,Casablanca,,33.5436554,-7.5682412,,,,0,,openstreetmap
Snack amine,Other,Casablanca,,33.5766703,-7.6334533,,,,0,,openstreetmap
Gzoum كَزّوم,Other,Casablanca,,33.5677841,-7.5995875,,,,0,,openstreetmap
Café Kyoto,Other,Casablanca,Avenue 2 Mars,33.5396601,-7.5997898,,,,0,,openstreetmap
Café Azhar,Other,Casablanca,,33.5430671,-7.6879747,,,,0,,openstreetmap
Café Poco Loco,Other,Casablanca,,33.5733956,-7.7072231,,,,0,,openstreetmap
Café Kairaouan,Other,Casablanca,,33.5602694,-7.6753643,,,,0,,openstreetmap
Café One Love,Other,Casablanca,Boulevard du 9 Avril,33.5825944,-7.6280953,+212522231616,,,0,,openstreetmap
Every Day,Other,Casablanca,Boulevard Oued Sebou,33.552273,-7.6788347,,,,0,,openstreetmap
San Diego,Other,Casablanca,Boulevard Oued Sebou,33.55244,-7.6782792,,,,0,,openstreetmap
Café Basma,Other,Casablanca,,33.5389745,-7.5561869,,,,0,,openstreetmap
Casaforme,Other,Casablanca,Boulevard Modibo Keita,33.5616595,-7.6119677,,,,0,,openstreetmap
Kenzi Tower Hotel Sky 28,Other,Casablanca,,33.5730513,-7.58981,,,,0,,openstreetmap
Blanca بلانكا,Other,Casablanca,Avenue Mohamed Taib Naciri,33.5485459,-7.6806587,,,,0,,openstreetmap
سناك دعاء,Other,Casablanca,Avenue du Commandant Driss Harti,33.5474032,-7.5746211,,,,0,,openstreetmap
park stadium,Other,Casablanca,Boulevard Chefchaouni,33.6073661,-7.53687,,,,0,,openstreetmap
chefchaouni,Other,Casablanca,Boulevard Chefchaouni,33.6069768,-7.5381815,,,,0,,openstreetmap
source d'or,Other,Casablanca,,33.6057064,-7.5385639,,,,0,,openstreetmap
Class Dish Coffee Shop,Other,Casablanca,,33.5901754,-7.630709,,,,0,,openstreetmap
Le Crepuscule,Other,Casablanca,,33.5933207,-7.6791,,,,0,,openstreetmap
Food stall,Other,Casablanca,,33.6002212,-7.6297534,,,,0,,openstreetmap
côté d'or,Other,Casablanca,Boulevard Abdelmoumen,33.5771392,-7.625501,,,,0,,openstreetmap
espace imossak,Other,Casablanca,Route Alwahda,33.6098867,-7.5427429,,,,0,,openstreetmap
le monde des grillades,Other,Casablanca,,33.6093994,-7.541983,,,,0,,openstreetmap
la paela mar,Other,Casablanca,,33.6090344,-7.5417347,,,,0,,openstreetmap
tizi ousli,Other,Casablanca,,33.6065582,-7.5386788,,,,0,,openstreetmap
snack al Amal,Other,Casablanca,,33.6077499,-7.5410675,,,,0,,openstreetmap
adwak اذواق,Other,Casablanca,,33.6096078,-7.5421005,,,,0,,openstreetmap
café mouad,Other,Casablanca,Rue Soumaya,33.5773541,-7.6268773,,,,0,,openstreetmap
La Cantine,Other,Casablanca,,33.5352248,-7.6400077,,,,0,,openstreetmap
taxi,Other,Casablanca,Rue Soumaya,33.5774261,-7.6267262,,,,0,,openstreetmap
riad bladi رياض بلادي,Other,Casablanca,Boulevard Oued Daoura,33.5410743,-7.6770261,,,,0,,openstreetmap
bella festa,Other,Casablanca,,33.5412067,-7.6768273,,,,0,,openstreetmap
Café ambar,Other,Casablanca,,33.5432244,-7.6797457,,,,0,,openstreetmap
café rabii,Other,Casablanca,,33.5595686,-7.6903551,,,,0,,openstreetmap
Osteria,Other,Casablanca,,33.6128314,-7.530422,,,,0,,openstreetmap
City Palace,Other,Casablanca,Boulevard Mohamed V,33.5936446,-7.6022226,,,,0,,openstreetmap
Adib Food,Other,Casablanca,Boulevard de la Résistance,33.5906473,-7.6035677,,,,0,,openstreetmap
Dragon Bleu,Other,Casablanca,Rue Pierre Parent,33.5946578,-7.6043656,,,,0,,openstreetmap
Café,Other,Casablanca,Avenue 2 Mars,33.5771471,-7.615869,,,,0,,openstreetmap
Café Restaurant Tarfaya,Other,Casablanca,Boulevard Bahmad,33.5894727,-7.5921448,,,,0,,openstreetmap
Cafe 2 Mars,Other,Casablanca,Avenue 2 Mars,33.5661039,-7.6093338,,,,0,,openstreetmap
Cafe Clacier Dubai,Other,Casablanca,Boulevard Mohammed VI,33.578465,-7.6001546,,,,0,,openstreetmap
Tacos Avenue,Other,Casablanca,Avenue 2 Mars,33.5713977,-7.6131754,,,,0,,openstreetmap
Mondial,Other,Casablanca,Avenue 2 Mars,33.5711485,-7.6130091,,,,0,,openstreetmap
Zén,Other,Casablanca,Avenue 2 Mars,33.5703496,-7.6124807,,,,0,,openstreetmap
Boudad,Other,Casablanca,Rue Magellan,33.5908082,-7.6049423,,,,0,,openstreetmap
Le 5 Palmiers,Other,Casablanca,Boulevard Tah,33.5322685,-7.5849699,,,,0,,openstreetmap
Zounhours,Other,Casablanca,Boulevard Tah,33.5312563,-7.5880645,,,,0,,openstreetmap
Clip Cafe,Other,Casablanca,Avenue 2 Mars,33.5397459,-7.5998991,,,,0,,openstreetmap
Café La Source,Other,Casablanca,Avenue 2 Mars,33.5478561,-7.6020569,,,,0,,openstreetmap
Café Syntia,Other,Casablanca,Avenue 2 Mars,33.5461983,-7.6020982,,,,0,,openstreetmap
El Baouraoui Café,Other,Casablanca,Avenue 2 Mars,33.5462575,-7.6021096,,,,0,,openstreetmap
Palais Amira,Other,Casablanca,Avenue 2 Mars,33.5355652,-7.5957638,,,,0,,openstreetmap
Ixia,Other,Casablanca,Rue 13,33.539469,-7.5791851,,,,0,,openstreetmap
Crèmerie Achkid,Other,Casablanca,Boulevard d'Amgala,33.5406446,-7.5801185,,,,0,,openstreetmap
Kamar lebnan,Other,Casablanca,Rue Théophile Gauthier,33.5881278,-7.6310701,,,,0,,openstreetmap
Cafe Rosage,Other,Casablanca,Rue 194,33.5423571,-7.5856224,,,,0,,openstreetmap
Skybury Café,Other,Casablanca,Boulevard d'Amgala,33.5375745,-7.5853535,,,,0,,openstreetmap
Espace La Parisien,Other,Casablanca,Boulevard d'Amgala,33.5369536,-7.5863788,,,,0,,openstreetmap
Cafe El Osra,Other,Casablanca,Boulevard d'Amgala,33.5367993,-7.5866456,,,,0,,openstreetmap
Espace Al Mouatine,Other,Casablanca,Boulevard de Smara,33.5353707,-7.5861213,,,,0,,openstreetmap
Cafe Di Latorre,Other,Casablanca,Boulevard d'Amgala,33.5377182,-7.5857055,,,,0,,openstreetmap
Adana d'or,Other,Casablanca,Boulevard d'Amgala,33.5381005,-7.5850551,,,,0,,openstreetmap
Al Turkia,Other,Casablanca,Boulevard d'Amgala,33.5388293,-7.5838058,,,,0,,openstreetmap
Espace Laghlimi,Other,Casablanca,,33.5409129,-7.5927289,,,,0,,openstreetmap
Flamengo,Other,Casablanca,,33.5408045,-7.5931285,,,,0,,openstreetmap
Cafe Al Amal,Other,Casablanca,Boulevard Tah,33.5324429,-7.5846836,,,,0,,openstreetmap
Salon de Thé,Other,Casablanca,Boulevard Abdellah Senhaji,33.5650026,-7.5882496,,,,0,,openstreetmap
Café Imdioune,Other,Casablanca,Boulevard Bouchaib Doukkali,33.5691305,-7.5839634,,,,0,,openstreetmap
Linati,Other,Casablanca,Boulevard du Golan,33.5716212,-7.5806791,,,,0,,openstreetmap
Argana,Other,Casablanca,Rue 60,33.5647444,-7.5915889,,,,0,,openstreetmap
Espace Al Fath,Other,Casablanca,Rue 8,33.5698484,-7.5946172,,,,0,,openstreetmap
La Qualité,Other,Casablanca,Rue 42,33.5655066,-7.5923198,,,,0,,openstreetmap
Golden Space,Other,Casablanca,Boulevard de la Gironde,33.5832101,-7.5988175,,,,0,,openstreetmap
Cafe du Pont,Other,Casablanca,Boulevard de la Gironde,33.5826297,-7.5984453,,,,0,,openstreetmap
Café Sbaï,Other,Casablanca,Boulevard Abdellah Senhaji,33.5667425,-7.5894016,,,,0,,openstreetmap
Café Aswan,Other,Casablanca,Boulevard du Golan شارع الجولان,33.5500951,-7.5677656,,,,0,,openstreetmap
Cafe Zodiaque,Other,Casablanca,Avenue d'Oued Eddahab,33.5418954,-7.5712685,,,,0,,openstreetmap
Rainbow Cafe,Other,Casablanca,Avenue d'Oued Eddahab,33.5401886,-7.5741479,,,,0,,openstreetmap
Espace Changuai,Other,Casablanca,Avenue Mekdad Lahrizi,33.5372811,-7.5734632,,,,0,,openstreetmap
Ramada,Other,Casablanca,Rue 188,33.539538,-7.573873,,,,0,,openstreetmap
Cafe La Liga,Other,Casablanca,Avenue de Dakhla,33.5468661,-7.57153,,,,0,,openstreetmap
Nescafe,Other,Casablanca,Avenue de Dakhla,33.5468069,-7.5716347,,,,0,,openstreetmap
Golden Cup,Other,Casablanca,Rue 145,33.5430099,-7.5732386,,,,0,,openstreetmap
Verona Cafe,Other,Casablanca,Avenue 6 Novembre 1975,33.5522891,-7.5823005,,,,0,,openstreetmap
Café Agadir,Other,Casablanca,Avenue du Commandant Driss Harti,33.5488254,-7.572265,,,,0,,openstreetmap
Cafe Rania,Other,Casablanca,Avenue Lahraouine,33.550901,-7.57429,,,,0,,openstreetmap
La Revanche,Other,Casablanca,Rue de Dax,33.5995316,-7.5874275,,,,0,,openstreetmap
Moody's,Other,Casablanca,Boulevard Moulay Ismail,33.598514,-7.5804283,,,,0,,openstreetmap
Canova,Other,Casablanca,Rue Saint Saëns,33.595432,-7.5874154,,,,0,,openstreetmap
Chami Bacha,Other,Casablanca,Rue Sijlmassa,33.5914595,-7.5915232,,,,0,,openstreetmap
Friend's Space,Other,Casablanca,Boulevard Emile Zola,33.5963614,-7.592572,,,,0,,openstreetmap
Wisley Gardens,Other,Casablanca,Rue Vimy,33.5962274,-7.5905161,,,,0,,openstreetmap
Espace Yasmine,Other,Casablanca,Boulevard Mohamed Al Bakkali,33.5937954,-7.5178684,,,,0,,openstreetmap
Cafe Glacier,Other,Casablanca,Route Al Jamiaa,33.567276,-7.6445413,,,,0,,openstreetmap
Cafe Barcelona,Other,Casablanca,Boulevard de la Grande Ceinture,33.5831677,-7.5543948,,,,0,,openstreetmap
Porta Biella,Other,Casablanca,Boulevard Mohamed Zefzaf,33.5795879,-7.5127602,,,,0,,openstreetmap
Bice Coffee,Other,Casablanca,Boulevard Mohamed Zefzaf,33.5786259,-7.5140946,,,,0,,openstreetmap
Café Napoli,Other,Casablanca,Boulevard du Nil,33.5620155,-7.5628182,,,,0,,openstreetmap
The Coffee Break,Other,Casablanca,Boulevard Ahmed Mekouar,33.6144205,-7.5353886,,,,0,,openstreetmap
Siciliano Cafe,Other,Casablanca,,33.6129663,-7.5457084,,,,0,,openstreetmap
Cafe L'Albatros,Other,Casablanca,Rue Hadj Omar Riffi,33.5851173,-7.6131231,,,,0,,openstreetmap
Café Aloha,Other,Casablanca,Rue Zerhoune,33.5848954,-7.6147637,,,,0,,openstreetmap
Pizzeria Coin Four,Other,Casablanca,Rue Ichbilia,33.5865805,-7.6126799,,,,0,,openstreetmap
Café Lucca El Ghazali,Other,Casablanca,Rue 58,33.5677929,-7.5606577,,,,0,,openstreetmap
Café La Canyada,Other,Casablanca,,33.5743744,-7.5580466,,,,0,,openstreetmap
Mister Tacos,Other,Casablanca,,33.5732368,-7.5600154,,,,0,,openstreetmap
Café Oum Erabia,Other,Casablanca,,33.5698423,-7.5575115,,,,0,,openstreetmap
Café Canarias,Other,Casablanca,,33.5629184,-7.539475,,,,0,,openstreetmap
Café Du Capitan,Other,Casablanca,,33.5617942,-7.5413981,,,,0,,openstreetmap
Café Rojayne,Other,Casablanca,,33.558598,-7.5465936,,,,0,,openstreetmap
Café Monsieur,Other,Casablanca,Boulevard Rahal El Meskini,33.5877075,-7.6142021,,,,0,,openstreetmap
Café Al Horia,Other,Casablanca,Avenue du 10 Mars 1982,33.5640158,-7.5694406,,,,0,,openstreetmap
Café Chabab,Other,Casablanca,Avenue du 10 Mars 1982,33.5618099,-7.5656694,,,,0,,openstreetmap
Café Rostou,Other,Casablanca,Boulevard Abou Horaira,33.5619356,-7.5719364,,,,0,,openstreetmap
Café Les Alpes,Other,Casablanca,Boulevard de la Liberté,33.5869275,-7.6119141,,,,0,,openstreetmap
Cafe Le 13,Other,Casablanca,Rue 1,33.5553235,-7.6269016,,,,0,,openstreetmap
L'Araignee,Other,Casablanca,Boulevard Hassan Alaoui,33.5783371,-7.5884742,,,,0,,openstreetmap
Restaurant Sushing,Other,Casablanca,Route de Taddart,33.5552927,-7.6239109,,,,0,,openstreetmap
La Goyave,Other,Casablanca,Route de Taddart,33.5543439,-7.6237741,,,,0,,openstreetmap
Café Al Amana,Other,Casablanca,Rue Ibnou Bouraid,33.583915,-7.6283175,,,,0,,openstreetmap
Café Club,Other,Casablanca,,33.5828766,-7.6294366,,,,0,,openstreetmap
Cremerie Cadillac,Other,Casablanca,Boulevard de Paris,33.593863,-7.6215278,,,,0,,openstreetmap
Espace Café,Other,Casablanca,Rue Al Woroud,33.5845274,-7.6211093,,,,0,,openstreetmap
Dragon Rouge,Other,Casablanca,Rue Mostafa Al Maani,33.5866702,-7.6195295,,,,0,,openstreetmap
Café Élite,Other,Casablanca,Rue Mostafa Al Maani,33.5867395,-7.6191245,,,,0,,openstreetmap
Glacier Cafeteria Tasman,Other,Casablanca,Rue Omarslaoui,33.5871897,-7.6202121,,,,0,,openstreetmap
Tacos Paco's,Other,Casablanca,Rue Omarslaoui,33.5873919,-7.6200056,,,,0,,openstreetmap
Brasserie Soleil,Other,Casablanca,Rue Tarrablous,33.5877405,-7.6189394,,,,0,,openstreetmap
Restaurant Anfa,Other,Casablanca,Rue Allal Al Fassi,33.587965,-7.6181281,,,,0,,openstreetmap
Café Faracha,Other,Casablanca,Rue Allal Al Fassi,33.5879583,-7.6182568,,,,0,,openstreetmap
Café la Palmerale,Other,Casablanca,Rue Allal Al Fassi,33.5879494,-7.6185545,,,,0,,openstreetmap
Chawarmati,Other,Casablanca,Rue Allal Al Fassi,33.5879293,-7.6187316,,,,0,,openstreetmap
Le Triangle,Other,Casablanca,Rue Allal Al Fassi,33.5879136,-7.6188844,,,,0,,openstreetmap
Midi Grill,Other,Casablanca,Rue Omarslaoui,33.5882734,-7.6191768,,,,0,,openstreetmap
Génial,Other,Casablanca,Boulevard de Paris,33.5939764,-7.6212837,,,,0,,openstreetmap
Fish,Other,Casablanca,Rue Omarslaoui,33.5884516,-7.6189864,,,,0,,openstreetmap
VIP Ole Cafe,Other,Casablanca,Rue Lieutenent Berger,33.5885756,-7.6196589,,,,0,,openstreetmap
Cafe Nadif,Other,Casablanca,Rue Lieutenent Berger,33.588751,-7.619964,,,,0,,openstreetmap
Woody Chay Pizza,Other,Casablanca,Rue Omarslaoui,33.58644,-7.6212743,,,,0,,openstreetmap
Sushi Kiosque,Other,Casablanca,Rue Omarslaoui,33.5863831,-7.6213648,,,,0,,openstreetmap
Café Fiori,Other,Casablanca,Avenue Hassan II,33.5862713,-7.6216806,,,,0,,openstreetmap
La Rotonde,Other,Casablanca,Boulevard Mohamed Zerktouni,33.5835632,-7.6231066,,,,0,,openstreetmap
Red Coffee,Other,Casablanca,Boulevard Mohamed Zerktouni,33.583428,-7.6228702,,,,0,,openstreetmap
Pizzaria le Drapeau,Other,Casablanca,Rue Errommene,33.5837218,-7.6222828,,,,0,,openstreetmap
El Presto,Other,Casablanca,Rue Mostafa Al Maani,33.5853457,-7.6211469,,,,0,,openstreetmap
Café Panam,Other,Casablanca,Rue Al Woroud,33.5851156,-7.6208572,,,,0,,openstreetmap
La Fontaine à Jus,Other,Casablanca,Rue Al Woroud,33.5850083,-7.6209129,,,,0,,openstreetmap
Cafétéria Tassili,Other,Casablanca,Rue Saad Ben Abi Waqqas,33.5844994,-7.6213132,,,,0,,openstreetmap
Meson Asador,Other,Casablanca,Rue Al Woroud,33.5847519,-7.6210168,+212522261818,https://m.facebook.com/mesonasadorcasa/,,0,,openstreetmap
Los Olivos,Other,Casablanca,Rue El Haman,33.5846997,-7.6204271,,,,0,,openstreetmap
Ballon Ovale,Other,Casablanca,Rue Agadir,33.5836123,-7.6196985,,,,0,,openstreetmap
Café Bleu-Blanc,Other,Casablanca,Rue Al Mortada,33.5829219,-7.6307144,,,,0,,openstreetmap
Speedy Pizza,Other,Casablanca,Boulevard Ibrahim Roudani,33.5829487,-7.6325181,,,,0,,openstreetmap
Treff Restaurant,Other,Casablanca,Boulevard Ibrahim Roudani,33.5852524,-7.6301752,,,,0,,openstreetmap
Glacier Missouri,Other,Casablanca,Rue Mohamed Bahi,33.5802013,-7.6334944,,,,0,,openstreetmap
Café de Nono,Other,Casablanca,Rue Mohamed Bahi,33.5798063,-7.6346713,,,,0,,openstreetmap
Bio Ice,Other,Casablanca,Boulevard du 9 Avril شارع 9 أبريل,33.580976,-7.6322449,,,,0,,openstreetmap
Café Palmier,Other,Casablanca,Rue Jabir Al Ansari,33.5783147,-7.630255,,,,0,,openstreetmap
Clic Resto,Other,Casablanca,,33.5692119,-7.6464826,,,,0,,openstreetmap
Snack Wassila,Other,Casablanca,,33.572345,-7.6488023,,,,0,,openstreetmap
Café Snack Al Hadaf,Other,Casablanca,,33.5725732,-7.6305762,,,,0,,openstreetmap
Fuego,Other,Casablanca,Zanqat 93,33.5739174,-7.6309879,,,,0,,openstreetmap
Les Amis,Other,Casablanca,Boulevard Abdelmoumen,33.5751555,-7.6260312,,,,0,,openstreetmap
Café Abd El Moumen,Other,Casablanca,Boulevard Abdelmoumen,33.5748985,-7.6260272,,,,0,,openstreetmap
Clay Oven,Other,Casablanca,Boulevard Gandhi,33.5689908,-7.6432429,,,,0,,openstreetmap
Ifri,Other,Casablanca,Boulevard Ibrahim Roudani,33.5745655,-7.6403026,,,,0,,openstreetmap
Château de Jus,Other,Casablanca,Boulevard Ibrahim Roudani,33.5796337,-7.6357582,,,,0,,openstreetmap
Café Arcadie,Other,Casablanca,Boulevard Ibrahim Roudani,33.5704211,-7.643538,,,,0,,openstreetmap
Real Time Coffee,Other,Casablanca,,33.5729262,-7.6383609,,,,0,,openstreetmap
Le Brunch Gourmet,Other,Casablanca,Rue Le Titien,33.575946,-7.6357397,,,,0,,openstreetmap
Phuket's,Other,Casablanca,Rue Le Titien,33.5757584,-7.636172,,,,0,,openstreetmap
Lopez,Other,Casablanca,,33.572937,-7.6387234,,,,0,,openstreetmap
Ambre,Other,Casablanca,Rue Al Bachir Laalaj,33.572219,-7.6378034,,,,0,,openstreetmap
Mira Fiori,Other,Casablanca,,33.5744069,-7.6377277,,,,0,,openstreetmap
Café Majorelle,Other,Casablanca,Boulevard Chefchaoui,33.6135058,-7.5274158,,,,0,,openstreetmap
Cafe Agouz Harbala,Other,Casablanca,Zanqat 3,33.5382832,-7.5869816,,,,0,,openstreetmap
La Seine,Other,Casablanca,Boulevard Abdelmoumen,33.5689662,-7.62583,,,,0,,openstreetmap
Cafe Roma!,Other,Casablanca,Rue 1,33.5343869,-7.5896323,,,,0,,openstreetmap
Cafe El Mamouina,Other,Casablanca,Boulevard de Smara,33.5405574,-7.5940479,,,,0,,openstreetmap
Cafe 7iLES,Other,Casablanca,Boulevard de Tiflet,33.5379205,-7.5953695,,,,0,,openstreetmap
Milk House,Other,Casablanca,Avenue 2 Mars,33.5393329,-7.599079,,,,0,,openstreetmap
Cafe Galactica,Other,Casablanca,Avenue 2 Mars,33.5391445,-7.5989114,,,,0,,openstreetmap
Massilya Cafe,Other,Casablanca,Boulevard d'Anoual,33.5695909,-7.6257804,,,,0,,openstreetmap
Café Essannara,Other,Casablanca,40 Zanqat,33.570073,-7.6076353,,,,0,,openstreetmap
Cafe Riscatto,Other,Casablanca,40 Zanqat,33.5701161,-7.6066791,,,,0,,openstreetmap
Espace Essaha,Other,Casablanca,Rue 29,33.5695652,-7.604255,,,,0,,openstreetmap
Espace El Mitre,Other,Casablanca,Rue 10,33.5666319,-7.6085828,,,,0,,openstreetmap
Cafe Holton,Other,Casablanca,Rue 46,33.5709295,-7.6044327,,,,0,,openstreetmap
Belma Juice,Other,Casablanca,Boulevard el Fida,33.568982,-7.6035224,,,,0,,openstreetmap
Espace Lano,Other,Casablanca,Boulevard de Tiflet,33.5363583,-7.5958724,,,,0,,openstreetmap
Chrono Pizza,Other,Casablanca,Boulevard Ghandi,33.5723922,-7.6487508,,,,0,,openstreetmap
Restaurant Otkali,Other,Casablanca,Boulevard Ghandi,33.5761041,-7.6528935,,,,0,,openstreetmap
Café Versailles,Other,Casablanca,Boulevard Lahcen Ouidder,33.5879416,-7.6121977,,,,0,,openstreetmap
Atlas Ifrane,Other,Casablanca,Boulevard Rahal El Meskini,33.587898,-7.6135576,,,,0,,openstreetmap
Au Petit Port,Other,Casablanca,Boulevard Rahal El Meskini,33.5879985,-7.6132518,,,,0,,openstreetmap
Marcel Cerdan,Other,Casablanca,Boulevard Rahal El Meskini,33.5880555,-7.6131432,,,,0,,openstreetmap
Ahalina Spécialités Orientales,Other,Casablanca,Boulevard Rahal El Meskini,33.5880577,-7.6129541,,,,0,,openstreetmap
Brasserie Alsace Lorraine,Other,Casablanca,Boulevard Rahal El Meskini,33.5881538,-7.6125987,,,,0,,openstreetmap
Café Colisee,Other,Casablanca,Boulevard du 11 Janvier,33.5891928,-7.6132894,,,,0,,openstreetmap
El Barco,Other,Casablanca,Rue EssanoIbar,33.5886119,-7.6143153,,,,0,,openstreetmap
Espace Palmier Du Sud,Other,Casablanca,Rue Abou Bakr Essediq,33.5878823,-7.6156604,,,,0,,openstreetmap
Cafe Avalone,Other,Casablanca,Rue Attaous,33.5873394,-7.6148558,,,,0,,openstreetmap
Resaurant Des Billards,Other,Casablanca,Rue Abou Bakr Essediq,33.5868478,-7.6151709,,,,0,,openstreetmap
Marjorelle,Other,Casablanca,Rue Hadj Omar Riffi,33.586354,-7.614955,,,,0,,openstreetmap
MarIInsky,Other,Casablanca,Boulevard d'Alsace,33.5854736,-7.6157543,,,,0,,openstreetmap
Café Espace Mers Sultan Snack,Other,Casablanca,Rue Zerhoune,33.5848301,-7.6160668,,,,0,,openstreetmap
Café Break,Other,Casablanca,Rue Lel Yamama,33.5838369,-7.6145299,,,,0,,openstreetmap
Le Coin,Other,Casablanca,Boulevard de la Résistance,33.5848782,-7.6078324,,,,0,,openstreetmap
Widane Palace,Other,Casablanca,Boulevard de la Résistance,33.5848558,-7.6079075,,,,0,,openstreetmap
Café Megouna,Other,Casablanca,Rue Tarrablous,33.5846056,-7.6187047,,,,0,,openstreetmap
Café Younes,Other,Casablanca,Rue Tarrablous,33.58602,-7.6188241,,,,0,,openstreetmap
Restaurant Chez Pierre,Other,Casablanca,Rue Yaman,33.5894766,-7.6124364,,,,0,,openstreetmap
Coffee Tim,Other,Casablanca,Boulevard Rahal El Meskini,33.5886683,-7.6101163,,,,0,,openstreetmap
Café Glacier Tichka,Other,Casablanca,Boulevard de Strasbourg,33.5886521,-7.609321,,,,0,,openstreetmap
Cafe Sindibad,Other,Casablanca,Rue el Bakri,33.5922035,-7.6043482,,,,0,,openstreetmap
Café Rotterdam,Other,Casablanca,Boulevard Moulay Hassan Ier,33.5948723,-7.6199399,,,,0,,openstreetmap
Restaurant Savoy,Other,Casablanca,Boulevard Moulay Hassan Ier,33.5945662,-7.6209028,,,,0,,openstreetmap
Cafe Le Surfin,Other,Casablanca,Zanqat Al Amir Moulay Abdellah,33.5893023,-7.6175125,,,,0,,openstreetmap
Pizza a la Bonne,Other,Casablanca,Rue Al Araar,33.5897483,-7.6157184,,,,0,,openstreetmap
La Corrida,Other,Casablanca,Rue Al Araar,33.590034,-7.6152192,,,,0,,openstreetmap
Café Jbel Asni,Other,Casablanca,Rue Al Araar,33.5903692,-7.6150301,,,,0,,openstreetmap
Tout Va Bien,Other,Casablanca,Boulevard du 11 Janvier,33.5906574,-7.6148263,,,,0,,openstreetmap
Cafe Regontino,Other,Casablanca,Boulevard du 11 Janvier,33.5905624,-7.6147404,,,,0,,openstreetmap
Le Grand Café,Other,Casablanca,Rue Mohammed El Quorri,33.5953884,-7.6142684,,,,0,,openstreetmap
Revine,Other,Casablanca,Rue Allal Ben Abdellah,33.5955795,-7.6143301,,,,0,,openstreetmap
Akka,Other,Casablanca,Boulevard Mohamed Smiha,33.5945104,-7.6089428,,,,0,,openstreetmap
Pizzeria-cafe Chawarma,Other,Casablanca,Rue de Karachi,33.5951226,-7.6086304,,,,0,,openstreetmap
Samar Layali,Other,Casablanca,,33.5935284,-7.6082126,,,,0,,openstreetmap
Poulet Doré,Other,Casablanca,,33.5931793,-7.6078632,,,,0,,openstreetmap
Majestic Resaurant Marocan,Other,Casablanca,Avenue Lalla Yacout,33.5911209,-7.6133799,,,,0,,openstreetmap
Restaurant du Theatre,Other,Casablanca,Avenue Lalla Yacout,33.5920438,-7.6166797,,,,0,,openstreetmap
Cafe Lec,Other,Casablanca,Zanqat Al Amir Moulay Abdellah,33.5915444,-7.6161325,,,,0,,openstreetmap
Mistral Bar,Other,Casablanca,Boulevard du 11 Janvier,33.5914886,-7.6156014,,,,0,,openstreetmap
Cafe National,Other,Casablanca,Avenue Lalla Yacout,33.5918148,-7.616044,,,,0,,openstreetmap
Golden Ice,Other,Casablanca,Avenue Lalla Yacout,33.5920415,-7.6160185,,,,0,,openstreetmap
mama Africa,Other,Casablanca,Boulevard Chefchaouni,33.6086656,-7.5344386,,,,0,,openstreetmap
Land Blanca,Other,Casablanca,Route Haj Fateh,33.5396023,-7.68174,,,,0,,openstreetmap
Mon Ami,Other,Casablanca,Boulevard Omar Khayam,33.5376656,-7.6687118,,,,0,,openstreetmap
Cafe Cat,Other,Casablanca,,33.533017,-7.7027088,,,,0,,openstreetmap
Cafe Jnane Louze,Other,Casablanca,,33.5336782,-7.7045763,,,,0,,openstreetmap
La Casa,Other,Casablanca,,33.5387991,-7.6933479,,,,0,,openstreetmap
Ghari Café,Other,Casablanca,,33.5389131,-7.6825118,,,,0,,openstreetmap
Lima Cafe,Other,Casablanca,,33.5374197,-7.6724508,,,,0,,openstreetmap
Cafe Saber,Other,Casablanca,Boulevard de l'Oued Loukkos,33.5606197,-7.6806638,,,,0,,openstreetmap
Sardegna Cafe,Other,Casablanca,,33.5625687,-7.6745845,,,,0,,openstreetmap
Cafe El Hobous,Other,Casablanca,,33.5661447,-7.6708737,,,,0,,openstreetmap
Cafe Befana,Other,Casablanca,Rue Sidi Al Khadir,33.5691707,-7.6845764,,,,0,,openstreetmap
Café Al Maati,Other,Casablanca,Derb Nejma,33.5736895,-7.6795205,,,,0,,openstreetmap
Pharma Granada,Other,Casablanca,Rue 25,33.5674554,-7.6939843,,,,0,,openstreetmap
Café Catalonia,Other,Casablanca,,33.5322546,-7.6695856,,,,0,,openstreetmap
Café Jardin L'Oulfa,Other,Casablanca,,33.5311897,-7.6858364,,,,0,,openstreetmap
"Cafe, Glacier, Pizzaria",Other,Casablanca,,33.5372,-7.6815435,,,,0,,openstreetmap
Espace Hassania,Other,Casablanca,Rue 52,33.5673557,-7.6965867,,,,0,,openstreetmap
Cafe Faraj,Other,Casablanca,,33.5168366,-7.6513767,,,,0,,openstreetmap
Café Raison,Other,Casablanca,,33.5078376,-7.6534823,,,,0,,openstreetmap
Café Zagora,Other,Casablanca,Boulevard Abu Baker El Kadiri,33.5097117,-7.6572843,,,,0,,openstreetmap
Cafe Meftah,Other,Casablanca,,33.5180453,-7.6514947,,,,0,,openstreetmap
Cafe Cheraga,Other,Casablanca,,33.5183941,-7.6515403,,,,0,,openstreetmap
Café Miagara,Other,Casablanca,Rue 177,33.551329,-7.6768705,,,,0,,openstreetmap
Ben Haddou,Other,Casablanca,,33.5058606,-7.6525462,,,,0,,openstreetmap
Café el Omary,Other,Casablanca,,33.5081339,-7.6538645,,,,0,,openstreetmap
Cafe al Jazzira,Other,Casablanca,,33.50787,-7.6549186,,,,0,,openstreetmap
Cafe Tassalmat,Other,Casablanca,,33.5078018,-7.6556669,,,,0,,openstreetmap
Cafe Monaco,Other,Casablanca,Boulevard Abu Baker El Kadiri,33.517962,-7.6533314,,,,0,,openstreetmap
Fusion Cafe,Other,Casablanca,Boulevard Abu Baker El Kadiri,33.5273932,-7.6493745,,,,0,,openstreetmap
Bla Bla...Bla Bla...,Other,Casablanca,Boulevard Oued Sebou,33.5602911,-7.6730496,,,,0,,openstreetmap
Cafe Passage D'or,Other,Casablanca,Boulevard Oued Sebou,33.5557325,-7.6745416,,,,0,,openstreetmap
Café Evora,Other,Casablanca,,33.5219641,-7.6502596,,,,0,,openstreetmap
Le Miam's,Other,Casablanca,,33.5214621,-7.6439658,,,,0,,openstreetmap
Dubai Chaimaa,Other,Casablanca,,33.5215594,-7.6445223,,,,0,,openstreetmap
Cafe Gout Essential,Other,Casablanca,,33.5221889,-7.6480803,,,,0,,openstreetmap
Espace Titrite,Other,Casablanca,Rue 70,33.5537119,-7.6834244,,,,0,,openstreetmap
Espace Coin Soleil,Other,Casablanca,Boulevard Oued Sebou,33.5538454,-7.6855058,,,,0,,openstreetmap
Diana,Other,Casablanca,Boulevard Oued Tensift,33.5527557,-7.6848648,,,,0,,openstreetmap
Red Rose,Other,Casablanca,Boulevard Oued Oum Rbia,33.5562645,-7.6832762,,,,0,,openstreetmap
Café Genova,Other,Casablanca,Boulevard Oued Ouargha,33.5544774,-7.6895177,,,,0,,openstreetmap
Riviera Valencia,Other,Casablanca,,33.5400975,-7.6806255,,,,0,,openstreetmap
Le Mirador,Other,Casablanca,Route Haj Fateh,33.5431636,-7.6849392,,,,0,,openstreetmap
Cafe Zine Eddine,Other,Casablanca,Route Haj Fateh,33.5508389,-7.6891778,,,,0,,openstreetmap
Casa Paris,Other,Casablanca,Route Haj Fateh,33.5513967,-7.6894259,,,,0,,openstreetmap
Les Poussins,Other,Casablanca,Route Haj Fateh,33.5519516,-7.6897169,,,,0,,openstreetmap
Espace Familia,Other,Casablanca,,33.5453119,-7.6801595,,,,0,,openstreetmap
Espace Nour Al Khalil,Other,Casablanca,Boulevard Oued Daoura,33.5419262,-7.6775792,,,,0,,openstreetmap
Marbella,Other,Casablanca,Boulevard Oued Daoura,33.5435263,-7.6786152,,,,0,,openstreetmap
Cafe Extra Pool,Other,Casablanca,Route Haj Fateh,33.5514296,-7.68911,,,,0,,openstreetmap
Corner 68,Other,Casablanca,Boulevard HH 48,33.5456204,-7.6729812,,,,0,,openstreetmap
Cafe Emsi,Other,Casablanca,Boulevard HH 48,33.5446004,-7.6729403,,,,0,,openstreetmap
Ara Café,Other,Casablanca,Zanqat 60,33.5342377,-7.6510991,,,,0,,openstreetmap
Tokyo Garden,Other,Casablanca,Zanqat 30,33.5354445,-7.648429,,,,0,,openstreetmap
TaTaRi Sushi and Thai,Other,Casablanca,Zanqat 30,33.5356496,-7.6484176,,,,0,,openstreetmap
La Pair d'As,Other,Casablanca,,33.5832219,-7.6421949,,,,0,,openstreetmap
Vanilla Sky Rooftop,Other,Casablanca,,33.6096966,-7.6513866,,,,0,,openstreetmap
Duomo Caffe,Other,Casablanca,,33.6042498,-7.6337295,,,,0,,openstreetmap
Gusto Marina,Other,Casablanca,,33.6094083,-7.6247259,,,,0,,openstreetmap
فضاء عمر,Other,Casablanca,,33.5535777,-7.704828,,,,0,,openstreetmap
Laiterie Nacer محلبة ناصر,Other,Casablanca,,33.5526991,-7.7038912,,,,0,,openstreetmap
TacoS CO,Other,Casablanca,,33.6193434,-7.5330023,,,,0,,openstreetmap
المواهب,Other,Casablanca,,33.546326,-7.5724608,,,,0,,openstreetmap
داكار,Other,Casablanca,Boulevard de Khouribga,33.5900211,-7.6044183,,,,0,,openstreetmap
LV Lounge Casablanca,Other,Casablanca,Rue de la Mer Jaune,33.5942671,-7.676674,,,,0,,openstreetmap
سبع عيون,Other,Casablanca,Boulevard de la Grande Ceinture شارع الحزام الكبير,33.5830051,-7.5543149,,,,0,,openstreetmap
Guillaume Tell,Other,Casablanca,,33.5584027,-7.6365781,,,,0,,openstreetmap
Ramses,Other,Casablanca,Place des Nations Unies,33.5953961,-7.6177769,,,,0,,openstreetmap
Bistro Titan,Other,Casablanca,Boulevard Hassan Seghir,33.5948269,-7.610347,,,,0,,openstreetmap
Espace El Wyam,Other,Casablanca,Boulevard Mohammed V,33.5934545,-7.6008725,,,,0,,openstreetmap
Le Gatsby,Other,Casablanca,,33.6075479,-7.6297906,,,,0,,openstreetmap
Street London,Other,Casablanca,,33.52237,-7.6428551,,,,0,,openstreetmap
c3002953,Other,Casablanca,,33.5217415,-7.6445565,,,,0,,openstreetmap
Bistro Bouich,Other,Casablanca,,33.5228871,-7.6442839,,,,0,,openstreetmap
Soufloeuf,Other,Casablanca,,33.5231697,-7.6447584,,,,0,,openstreetmap
Coqueleto,Other,Casablanca,,33.5235755,-7.6455656,,,,0,,openstreetmap
Casablanca shore,Other,Casablanca,,33.521459,-7.6433966,,,,0,,openstreetmap
Café Tres flores,Other,Casablanca,,33.5174306,-7.6457606,,,,0,,openstreetmap
Le Riad,Other,Casablanca,Rue Mohamed El Qorri,33.5939635,-7.614938,+212522225850,,,0,,openstreetmap
حسن مول محلبة,Other,Casablanca,,33.5695489,-7.5378487,,,,0,,openstreetmap
مقهى المهدي ايس,Other,Casablanca,Avenue Assalam شارع السلام,33.5900658,-7.4938116,,,,0,,openstreetmap
Cafe rose marine,Other,Casablanca,,33.5949914,-7.5084597,,,,0,,openstreetmap
Cafe elkaram,Other,Casablanca,,33.5954261,-7.5086835,,,,0,,openstreetmap
Beg brader,Other,Casablanca,,33.5951563,-7.5076554,,,,0,,openstreetmap
Raffaello Casablanca,Other,Casablanca,Rue Des Rochers Ain Diab,33.5921312,-7.6791656,+212661698978,,,0,,openstreetmap
Sicilia,Other,Casablanca,Rue Des Rochers Ain Diab,33.592135,-7.6792447,+212661698978,,,0,,openstreetmap
Loscar,Other,Casablanca,Boulevard d'Anfa شارع أنفا,33.5911771,-7.6364102,+212625600000,,,0,,openstreetmap
Whatsapp Cafe,Other,Casablanca,Boulevard de Bordeaux,33.6000202,-7.6363094,,,,0,,openstreetmap
Cafe Goulmima,Other,Casablanca,Rue de Goulmima,33.6008673,-7.6365876,,,,0,,openstreetmap
Restaurant Rossignol,Other,Casablanca,,33.5902873,-7.6304589,,,,0,,openstreetmap
La Kitchenette de Thi Hue,Other,Casablanca,Rue Tamaârouft,33.598658,-7.637643,+212522262613,,,0,,openstreetmap
Pizzeria,Other,Casablanca,Rue de Goulmima,33.6009809,-7.634836,,,,0,,openstreetmap
Café boustane,Other,Casablanca,,33.6157914,-7.4981454,,,,0,,openstreetmap
Café Al falouja,Other,Casablanca,,33.6140938,-7.4991512,,,,0,,openstreetmap
City Pool,Other,Casablanca,,33.6142457,-7.4959916,,,,0,,openstreetmap
Firstline,Other,Casablanca,,33.6127893,-7.4946881,,,,0,,openstreetmap
snack said,Other,Casablanca,,33.6150341,-7.497786,,,,0,,openstreetmap
Café Oliva,Other,Casablanca,,33.6135334,-7.5024858,,,,0,,openstreetmap
مقهى كاليس,Other,Casablanca,,33.6143197,-7.5028935,,,,0,,openstreetmap
Café morocco,Other,Casablanca,,33.6053152,-7.5092047,,,,0,,openstreetmap
Venizia ice ain sebaa,Other,Casablanca,,33.6084212,-7.5216437,,,,0,,openstreetmap
pizza badr,Other,Casablanca,Rue Abou Jaafar Bnou Atia,33.5947846,-7.6420504,+212522272734,https://www.instagram.com/pizzabadr,,0,,openstreetmap
Pasta Pino,Other,Casablanca,Boulevard Oued Daoura,33.5481916,-7.6842292,+212522695698,https://www.instagram.com/pastapino,,0,,openstreetmap
Café place,Other,Casablanca,Avenue Hassan II,33.5945149,-7.6186611,,,,0,,openstreetmap
Café Iyad,Other,Casablanca,,33.5837699,-7.6248973,,,,0,,openstreetmap
Blendcorner,Other,Casablanca,Abbas Mahmoud Al Akkad,33.5931096,-7.6324939,,,,0,,openstreetmap
Les Frères Gourmet,Other,Casablanca,Rue Aïn Harrouda زنقة عين حرودة,33.5901638,-7.6407301,,,,0,,openstreetmap
Snack le Rayon,Other,Casablanca,Boulevard Ziraoui شارع الزيراوي,33.5944438,-7.6338089,,,,0,,openstreetmap
STR'EAT BURGER,Other,Casablanca,Boulevard Ziraoui,33.5941785,-7.6343386,+212520447626,,,0,,openstreetmap
Boston Club,Other,Casablanca,,33.5925936,-7.6376382,,,,0,,openstreetmap
Food Place,Other,Casablanca,,33.5937567,-7.6349208,,,,0,,openstreetmap
Manhattan Club,Other,Casablanca,,33.5922629,-7.6364883,,,,0,,openstreetmap
Fayrouz,Other,Casablanca,Boulevard Ziraoui,33.5942943,-7.6340776,+212522200329,https://www.restaurantfayrouz.com/,,0,,openstreetmap
Campus café,Other,Casablanca,Rue Abbas Mahmoud Al Akkad,33.5942762,-7.6337443,,,,0,,openstreetmap
Happy Rolls,Other,Casablanca,Boulevard Ziraoui,33.5938919,-7.6348494,+212693731866,https://www.facebook.com/HappyRollsCasa/,,0,,openstreetmap
lady killer chicha,Other,Casablanca,,33.5933143,-7.6347517,,,,0,,openstreetmap
Cafe Luxia,Other,Casablanca,Boulevard de Sefrou,33.5476073,-7.589932,,,,0,,openstreetmap
مقهى اللوز,Other,Casablanca,,33.5718876,-7.530787,,,,0,,openstreetmap
Gapi,Other,Casablanca,,33.5889659,-7.6470317,,,,0,,openstreetmap
Bonne Bouchée,Other,Casablanca,Centre Commercial CasaView ETG 1 Magasin 17,33.5091824,-7.6711135,+212655213237,https://www.bonne-bouchee.com/,,0,,openstreetmap
4 cerises Patisserie,Other,Casablanca,,33.5622732,-7.6103213,,,,0,,openstreetmap
سناك البيلياتشو,Other,Casablanca,,33.6150325,-7.5017124,+212665942261,,,0,,openstreetmap
Papa John's,Other,Casablanca,,33.5328711,-7.6154746,,,,0,,openstreetmap
Poulet Amira,Other,Casablanca,Place Al Yassir,33.5934069,-7.5984884,,,,0,,openstreetmap
Oncle Blend,Other,Casablanca,Rue Bab Ennasr زنقة باب النصر,33.5928022,-7.6442567,,,,0,,openstreetmap
Café Laymoune,Other,Casablanca,Lotissement Allaimoune,33.5446715,-7.6644251,,,,0,,openstreetmap
Tikita,Other,Casablanca,,33.5816667,-7.6226907,,,,0,,openstreetmap
Yoma,Other,Casablanca,Rue Jounaid,33.5758453,-7.6474826,+212522258888,,,0,,openstreetmap
Café de la Faculté,Other,Casablanca,Route Ancienne,33.5452352,-7.6601018,,,,0,,openstreetmap
Osawa,Other,Casablanca,"Rue Ahmed Akkad, akrad",33.5626827,-7.6387538,+212612967241,https://www.facebook.com/osowa.restaurant/,,0,,openstreetmap
La Frite,Other,Casablanca,10 Rue de la Réunion,33.5971125,-7.6357215,+212699090909,,,0,,openstreetmap
The London club,Other,Casablanca,Rue Boulemane زنقة بولمان,33.5994824,-7.6378912,,,,0,,openstreetmap
Zorba,Other,Casablanca,,33.5926124,-7.6067836,,,,0,,openstreetmap
Goloso,Other,Casablanca,,33.5927208,-7.6068494,,,,0,,openstreetmap
Kasekuchen,Other,Casablanca,,33.5776159,-7.6245466,,,,0,,openstreetmap
Taiyo,Other,Casablanca,,33.5776371,-7.6246794,,,,0,,openstreetmap
El Bistrot de Papa,Other,Casablanca,,33.5776527,-7.6247357,,,,0,,openstreetmap
Café Number One,Other,Casablanca,,33.6137083,-7.5267048,,,,0,,openstreetmap
Espace Malamine,Other,Casablanca,,33.6136614,-7.526564,,,,0,,openstreetmap
Café Amarela,Other,Casablanca,,33.6137909,-7.5260235,,,,0,,openstreetmap
Sushi Live,Other,Casablanca,Rue 29 hay hassani,33.5673373,-7.6940996,+212522657055,https://sushilive.ma,,0,,openstreetmap
Le Pershing,Other,Casablanca,Boulevard de la Corniche شارع الكورنيش,33.5949636,-7.6780468,+212662626114,,,0,,openstreetmap
Oliveri,Other,Casablanca,Boulevard de la Corniche شارع الكورنيش,33.5948563,-7.6781193,,,,0,,openstreetmap
OLEA,Other,Casablanca,Route de l'Oasis,33.5485908,-7.6373926,,https://www.olea.ma/,,0,,openstreetmap
Resto Grill Salaheddine,Other,Casablanca,,33.5947743,-7.6117538,,,,0,,openstreetmap
رياض 21,Other,Casablanca,,33.5516774,-7.6104223,,,,0,,openstreetmap
Organic Kitchen,Other,Casablanca,Rue Ahmed El Mokri زنقة أحمد المقري,33.5905909,-7.6381864,,,,0,,openstreetmap
Good Vapes : Cigarette Electronique Casablanca,Other,Casablanca,rue du breteuil,33.5815303,-7.6222927,+212522278311,https://www.good-vapes.ma/,,0,,openstreetmap
Café les Fleurs,Other,Casablanca,,33.5816461,-7.622458,,,,0,,openstreetmap
Café Ravel,Other,Casablanca,,33.581791,-7.6226032,,,,0,,openstreetmap
Pyramides Dorées,Other,Casablanca,,33.5818215,-7.6223122,,,,0,,openstreetmap
Café Restaurant Tikita,Other,Casablanca,,33.5809882,-7.6229868,,,,0,,openstreetmap
Coffee Shop,Other,Casablanca,Rue Salim Cherkaoui زنقة سليم الشرقاوي,33.5806883,-7.623088,,,,0,,openstreetmap
La Croisière Café,Other,Casablanca,,33.5827449,-7.622174,,,,0,,openstreetmap
Casadarna,Other,Casablanca,,33.5825841,-7.6222062,,,,0,,openstreetmap
Bonsai,Other,Casablanca,,33.5826823,-7.6228888,,,,0,,openstreetmap
Café Marhaba,Other,Casablanca,,33.5786007,-7.6240429,,,,0,,openstreetmap
Pizza Part,Other,Casablanca,Rue Soldat Jean Pierre Favre,33.5942487,-7.633888,+212522299898,https://facebook.com/partgeante/,,0,,openstreetmap
Amorena,Other,Casablanca,,33.5180507,-7.6486591,,,,0,,openstreetmap
Chee is Thaï,Other,Casablanca,Rue Abou Kacem Achchabi,33.5867588,-7.6294077,,,,0,,openstreetmap
Bangkok Me,Other,Casablanca,,33.5891189,-7.6325717,,,,0,,openstreetmap
La Loge Café,Other,Casablanca,,33.5927252,-7.6175367,,,,0,,openstreetmap
مأكولات الشمالي,Other,Casablanca,,33.5744243,-7.5543817,,,,0,,openstreetmap
Café Grand Atlas,Other,Casablanca,,33.5741779,-7.5542136,,,,0,,openstreetmap
Café Sevilla,Other,Casablanca,,33.5713066,-7.5559436,,,,0,,openstreetmap
مقهى المهاجر,Other,Casablanca,,33.5718422,-7.5618043,,,,0,,openstreetmap
مجزرة و مشواة المسجد,Other,Casablanca,,33.5705562,-7.5508866,+212633644196,,,0,,openstreetmap
MOYA COFFE,Other,Casablanca,,33.5752024,-7.5564804,,,,0,,openstreetmap
Chez Michel et Hafida,Other,Casablanca,Boulevard Mohammed V شارع محمد الخامس,33.5949273,-7.6121495,,,,0,,openstreetmap
café central,Other,Casablanca,,33.600085,-7.617311,,,,0,,openstreetmap
La Brasserie Source Atlas,Other,Casablanca,,33.5950295,-7.6152066,,,,0,,openstreetmap
wasila,Other,Casablanca,,33.5700043,-7.6826382,,,,0,,openstreetmap
Tour Eiffel,Other,Casablanca,,33.5952616,-7.6275606,,,,0,,openstreetmap
Spartel,Other,Casablanca,Rue Taha Houcine,33.5907804,-7.6315376,,,,0,,openstreetmap
Mimosas Park,Other,Casablanca,,33.6077795,-7.5362912,,,,0,,openstreetmap
Clap,Other,Casablanca,,33.6076856,-7.536495,,,,0,,openstreetmap
I Ristorante Italiano,Other,Casablanca,Rue d'Ifrane,33.5731602,-7.6566368,+212522946160,https://www.iresto.ma/,,0,,openstreetmap
Big Nonna,Other,Casablanca,Avenue Ahmed Charci شارع أحمد الشرسي,33.5887671,-7.6437315,+212520707088,,,0,,openstreetmap
Cafe Riad El Bernoussi,Other,Casablanca,,33.5824253,-7.5001271,+212522743620,,,0,,openstreetmap
Street Pizzeria Napoletana,Other,Casablanca,,33.5834902,-7.6315558,+212520213131,http://www.streetpizza.ma/,,0,,openstreetmap
فضاء سلا,Other,Casablanca,,33.599199,-7.6210912,,,,0,,openstreetmap
باموس قهوة,Other,Casablanca,,33.6007998,-7.6231615,,,,0,,openstreetmap
Café pizzeria,Other,Casablanca,,33.5889784,-7.6286416,,,,0,,openstreetmap
Don Bocadillio,Other,Casablanca,,33.5850284,-7.631509,,,,0,,openstreetmap
Le Petit Italien,Other,Casablanca,Avenue Hassan Souktani شارع حسن السكتاني,33.5896524,-7.632145,,,,0,,openstreetmap
Repère du Gout,Other,Casablanca,,33.5842585,-7.6312796,,,,0,,openstreetmap
شاورما الحاج متولي,Other,Casablanca,,33.594017,-7.6148772,,,,0,,openstreetmap
الشاف أنوار,Other,Casablanca,,33.5707703,-7.5977321,,,,0,,openstreetmap
Cafe Gaxi,Other,Casablanca,,33.5696297,-7.601985,,,,0,,openstreetmap
عصائر اليسر,Other,Casablanca,,33.5887909,-7.6129222,,,,0,,openstreetmap
Costa Brava,Other,Casablanca,,33.5947151,-7.6166649,,,,0,,openstreetmap
La Fontaine,Other,Casablanca,,33.5934181,-7.6186581,,,,0,,openstreetmap
مقهى ميراج,Other,Casablanca,,33.5741844,-7.592155,,,,0,,openstreetmap
مطعم مصري,Other,Casablanca,,33.5952225,-7.6112289,,,,0,,openstreetmap
لبن و صيكوك,Other,Casablanca,,33.5795492,-7.6007581,,,,0,,openstreetmap
Café le 57 lounge,Other,Casablanca,,33.5992882,-7.5748791,+212631463236,,,0,,openstreetmap
Manaos,Other,Casablanca,Boulevard de la Corniche شارع الكورنيش,33.6049237,-7.6579938,,,,0,,openstreetmap
Le Calypso,Other,Casablanca,,33.5935398,-7.6782666,,,,0,,openstreetmap
El Tucan,Other,Casablanca,Boulevard de la Corniche شارع الكورنيش,33.5948941,-7.6780807,,,,0,,openstreetmap
Snack Beverly,Other,Casablanca,,33.5942725,-7.616284,,,,0,,openstreetmap
Restaurant Marocain Al Mamoun مطعم مغربي المامون,Other,Casablanca,,33.5943629,-7.6169789,,,,0,,openstreetmap
Champs Élysées,Other,Casablanca,,33.5877361,-7.6180891,,,,0,,openstreetmap
La Concorde,Other,Casablanca,,33.5881245,-7.6177522,,,,0,,openstreetmap
Brasserie Horse Ex La Coche,Other,Casablanca,,33.5887679,-7.6131077,,,,0,,openstreetmap
Pizza Hut Express,Other,Casablanca,,33.5891754,-7.6289622,,,,0,,openstreetmap
Coin jean jaures,Other,Casablanca,,33.5897458,-7.6275991,,,,0,,openstreetmap
Café le Rossignol,Other,Casablanca,,33.536662,-7.5873179,,,,0,,openstreetmap
Oh My Bun,Other,Casablanca,,33.5886854,-7.6317411,,,,0,,openstreetmap
Dahab Café,Other,Casablanca,,33.5887839,-7.6323473,,,,0,,openstreetmap
Niya,Other,Casablanca,,33.5886969,-7.632462,+212611189390,https://niya-casablanca.com/,,0,,openstreetmap
Green Black,Other,Casablanca,,33.607696,-7.6208604,,,,0,,openstreetmap
La Mass,Other,Casablanca,,33.6023944,-7.6216848,,,,0,,openstreetmap
Bambou Panda,Other,Casablanca,,33.6058793,-7.628809,,,,0,,openstreetmap
Cappadocia,Other,Casablanca,,33.6062625,-7.62939,,,,0,,openstreetmap
Le Melliber,Other,Casablanca,Boulevard Moulay Youssef شارع مولاي يوسف,33.6042229,-7.6328261,,,,0,,openstreetmap
Chez Robio,Other,Casablanca,Boulevard Abdelmoumen شارع عبد المومن,33.5655723,-7.6263224,+212650525596,,,0,,openstreetmap
Café Black Sky,Other,Casablanca,,33.5737817,-7.6314742,,,,0,,openstreetmap
Paul Cafe,Other,Casablanca,,33.582557,-7.627125,,,,0,,openstreetmap
Le Racine,Other,Casablanca,Rue Oumayma Essayeh زنقة أميمة السايح,33.5884367,-7.6388687,,,,0,,openstreetmap
dipndip,Other,Casablanca,Urban Square,33.5885831,-7.6406609,,https://dipndip.com/,,0,,openstreetmap
Espressolab,Other,Casablanca,Urban Square,33.5886726,-7.6403217,,,,0,,openstreetmap
Pepe Luis,Other,Casablanca,Urban Square,33.5887547,-7.6400219,,,,0,,openstreetmap
Room 21,Other,Casablanca,Rue Normandie زنقة نورماندي,33.588443,-7.6398995,,,,0,,openstreetmap
Ahmet Chef,Other,Casablanca,Boulevard d'Anfa شارع أنفا,33.5891458,-7.6402696,,https://www.ahmetchef.com/,,0,,openstreetmap
La Grande Brasserie,Other,Casablanca,Rue Normandie زنقة نورماندي,33.5871666,-7.6395445,+212522397227,https://www.lagrandebrasserie.ma/,,0,,openstreetmap
دجاج كنتاكي,Other,Casablanca,,33.5637907,-7.662615,,,,0,,openstreetmap
Dunkin',Other,Casablanca,,33.563312,-7.6635737,,,,0,,openstreetmap
Chocochino,Other,Casablanca,Urban Square,33.588491,-7.6404604,,,,0,,openstreetmap
Japonico,Other,Casablanca,Rue Al Mansour Saadi زنقة المنصور السعدي,33.5878325,-7.638078,,,,0,,openstreetmap
Gong Cha,Other,Casablanca,Boulevard d'Anfa شارع أنفا,33.5907787,-7.637218,,,,0,,openstreetmap
% Arabica,Other,Casablanca,Boulevard d'Anfa شارع أنفا,33.5908157,-7.6371164,+212522365242,http://www.arabica.coffee,,0,,openstreetmap
Milk + Honey,Other,Casablanca,Rue Normandie زنقة نورماندي,33.588257,-7.6393618,,,,0,,openstreetmap
Pastrama,Other,Casablanca,Rue Oumayma Essayeh زنقة أميمة السايح,33.5872625,-7.6384661,,,,0,,openstreetmap
Dream Donuts & Coffee,Other,Casablanca,Rue El Kadi Iass زنقة القاضي إياس,33.585834,-7.6359548,,,,0,,openstreetmap
HL Burger - Holy Choco - Crust & Grill,Other,Casablanca,Nationale Route Lissasfa,33.5192231,-7.693517,,,,0,,openstreetmap
Picalla,Other,Casablanca,Rue Al Mansour Al Abidi زنقة المنصور العابدي,33.5806937,-7.6409454,,,,0,,openstreetmap
Café Bourneix,Other,Casablanca,,33.5798613,-7.6422831,,,,0,,openstreetmap
RESTAURANT MONO-CLUB,Other,Casablanca,Rue Al Mansour Al Abidi زنقة المنصور العابدي,33.5815049,-7.6398128,,,,0,,openstreetmap
ZIZINE GRILLADERIE,Other,Casablanca,Rue Al Mansour Al Abidi زنقة المنصور العابدي,33.5802931,-7.6411676,,,,0,,openstreetmap
Il Ferrarino,Other,Casablanca,,33.5877316,-7.6423075,+212522941236,https://www.ilferrarino.com/,,0,,openstreetmap
Restaurant Les Fleurs مطعم الزهور,Other,Casablanca,,33.5965112,-7.6144385,,,,0,,openstreetmap
QUICK GRILL,Other,Casablanca,Rue El Hafid Salafi,33.5811263,-7.6387412,,,,0,,openstreetmap
Antic Palais,Other,Casablanca,Rue Idriss Lahrizi,33.5930557,-7.6169666,,,,0,,openstreetmap
Caribou Coffee,Other,Casablanca,Boulevard d'Anfa شارع أنفا,33.590489,-7.6379172,,,,0,,openstreetmap
Le Mynt,Other,Casablanca,Rue Ali Abderrazzak زنقة علي عبد الرزاق,33.5852973,-7.6458199,+212522395337,,,0,,openstreetmap
Sugar Hill,Other,Casablanca,Rue Ahmed El Mokri زنقة أحمد المقري,33.591347,-7.6388984,,,,0,,openstreetmap
Le Marly,Other,Casablanca,Avenue Moulay Rachid محج مولاي رشيد,33.5884516,-7.6449671,+212522946676,https://lemarly.netlify.app/,,0,,openstreetmap
Kamanja 55,Other,Casablanca,Boulevard de la Corniche شارع الكورنيش,33.6050003,-7.6579226,,,,0,,openstreetmap
Biker's Coffee,Other,Casablanca,,33.5587774,-7.5589618,+212687578338,,,0,,openstreetmap
Café Venezia,Other,Casablanca,,33.5877522,-7.618627,,,,0,,openstreetmap
Meat Point,Other,Casablanca,Rue Normandie زنقة نورماندي,33.5880626,-7.6397864,,,,0,,openstreetmap
King Tacos,Other,Casablanca,Boulevard Ziraoui شارع الزيراوي,33.596206,-7.6313725,,,,0,,openstreetmap
NORSINE,Other,Casablanca,,33.5771307,-7.5165583,,,,0,,openstreetmap
Obama,Other,Casablanca,,33.5954718,-7.5390891,,,,0,,openstreetmap
Kôya,Other,Casablanca,,33.5934607,-7.6548347,+212522369553,https://koyacasablanca.com/,,0,,openstreetmap
Leopard,Other,Casablanca,Boulevard Driss Slaoui شارع إدريس السلاوي,33.5998233,-7.6549199,,https://leopardcasablanca.com/,,0,,openstreetmap
L'Avenue,Other,Casablanca,Boulevard Driss Slaoui شارع إدريس السلاوي,33.6006691,-7.6550357,+212522390039,https://lavenue.ma/,,0,,openstreetmap
Cézanne,Other,Casablanca,Boulevard Driss Slaoui شارع إدريس السلاوي,33.6010073,-7.6550527,+212522392030,,,0,,openstreetmap
Etçi Mehmet,Other,Casablanca,Boulevard Driss Slaoui شارع إدريس السلاوي,33.6032711,-7.6570838,+212522949403,https://etcimehmet.ma/,,0,,openstreetmap
L'Abri,Other,Casablanca,Boulevard Bir Anzarane شارع بئر أنزران,33.5868365,-7.6474582,+212522949401,https://labri.ma/,,0,,openstreetmap
Chili's,Other,Casablanca,Boulevard Abdelkrim El Khattabi شارع عبد الكريم الخطابي,33.5874321,-7.6484003,+212522390500,,,0,,openstreetmap
Little Mamma,Other,Casablanca,Boulevard Sidi Abderrahmane شارع سيدي عبد الرحمان,33.5686915,-7.660003,,,,0,,openstreetmap
Trois W,Other,Casablanca,Boulevard Ibnou Sina شارع ابن سينا,33.5725173,-7.6668842,,,,0,,openstreetmap
Al Tazaj الطازج,Other,Casablanca,Boulevard de la Corniche شارع الكورنيش,33.5959316,-7.6744327,,,,0,,openstreetmap
Espace Bader,Other,Casablanca,Rue Annaba زنقة عنابة,33.5953806,-7.6399885,,,,0,,openstreetmap
Shanghai Garden,Other,Casablanca,Rue Mamoun Mohamed زنقة مامون محمد,33.5794073,-7.6505023,,,,0,,openstreetmap
Dupond,Other,Casablanca,,33.5793092,-7.6555099,,,,0,,openstreetmap
Zini,Other,Casablanca,,33.5101691,-7.6565816,,,,0,,openstreetmap
Chez Zozo,Other,Casablanca,Avenue des Forces Armées Royales شارع الجيش الملكي,33.5966265,-7.6108546,+212626643259,,,0,,openstreetmap
Restaurant Bidoune Monafesse,Other,Casablanca,,33.5987593,-7.619166,,,,0,,openstreetmap
Dar Dada,Other,Casablanca,,33.6041396,-7.6216351,,,,0,,openstreetmap
Planète des Fruits,Other,Casablanca,,33.5848755,-7.6360429,,,,0,,openstreetmap
Espace Bistro,Other,Casablanca,Boulevard El Khalil شارع الخليل,33.5465329,-7.5948079,+212664034433,,,0,,openstreetmap
El Ghanouj,Other,Casablanca,Rue Normandie زنقة نورماندي,33.5836773,-7.6399474,,,,0,,openstreetmap
Le Vélodrome,Other,Casablanca,Boulevard Abdellatif Ben Kadour شارع عبد اللطيف بن قدور,33.5899924,-7.64666,+212522234546,,,0,,openstreetmap
O Chef,Other,Casablanca,Boulevard Abdelmoumen شارع عبد المومن,33.5782133,-7.6252155,,,,0,,openstreetmap
Mademoiselle Sissi,Other,Casablanca,,33.5785594,-7.6246821,,,,0,,openstreetmap
Restaurant des professeurs,Other,Casablanca,,33.5881493,-7.630843,,,,0,,openstreetmap
Chez El Kaoun,Other,Casablanca,,33.606045,-7.5394376,,,,0,,openstreetmap
Balcon 33,Other,Casablanca,,33.5955958,-7.6755912,,,,0,,openstreetmap
La terrasse -1951- Maison Alexis,Other,Casablanca,,33.5659386,-7.6597137,,,,0,,openstreetmap
Roots Coffee & More,Other,Casablanca,,33.5881752,-7.6457967,,,,0,,openstreetmap
Buvette Étudiants,Other,Casablanca,,33.5485187,-7.6511315,,,,0,,openstreetmap
Restaurant EHTP,Other,Casablanca,,33.5476851,-7.6504471,,,,0,,openstreetmap
Buvette,Other,Casablanca,,33.5466783,-7.651652,,,,0,,openstreetmap
Nearshore Casablanca,Other,Casablanca,,33.5286333,-7.6406825,,,,0,,openstreetmap
Ayour,Other,Casablanca,Boulevard Lamartine,33.5701494,-7.6094921,,,,0,,openstreetmap
Ziryab,Other,Casablanca,,33.5580008,-7.6087417,,,,0,,openstreetmap
Mafy,Other,Casablanca,Allée des Mimosas,33.6177439,-7.5326442,,,,0,,openstreetmap
محلبة أشبال أمغوز,Other,Casablanca,Rue Caid Al Achtar زنقة القيد الأشطر,33.5822571,-7.6417023,,,,0,,openstreetmap
Agogo,Other,Casablanca,Rue du Souss,33.6067272,-7.6285047,,,,0,,openstreetmap
Cafe Rodeo,Other,Casablanca,Route de l'Oasis,33.554936,-7.6319589,,,,0,,openstreetmap
L'entrecôte 212,Other,Casablanca,,33.5885276,-7.6323582,,,,0,,openstreetmap
Illy caffé,Other,Casablanca,,33.5900214,-7.6379325,,,,0,,openstreetmap
Amistad,Other,Casablanca,,33.5888214,-7.6335593,,,,0,,openstreetmap
Nara,Other,Casablanca,,33.5908823,-7.6310544,,,,0,,openstreetmap
Gare aux gorilles,Other,Casablanca,,33.5896971,-7.6324564,,,,0,,openstreetmap
Sushi Club,Other,Casablanca,,33.5900664,-7.6318063,,,,0,,openstreetmap
Le Courtois,Other,Casablanca,,33.5894857,-7.6326889,,,,0,,openstreetmap
Le Louvre,Other,Casablanca,,33.5865531,-7.6348072,,,,0,,openstreetmap
Le Pain Quotidien,Other,Casablanca,,33.559533,-7.6536727,,,,0,,openstreetmap
LIONZ KEBAB Casablanca,Other,Casablanca,Rue Jounaid,33.5737595,-7.6459853,+212774737015,https://share.google/VVujbXLjwMYaLq60D,,0,,openstreetmap
Misti Roof Top,Other,Casablanca,,33.5933065,-7.6230832,,https://www.instagram.com/mistirooftop/,,0,,openstreetmap
Café Porte Maillot,Other,Casablanca,,33.5730823,-7.6861694,,,,0,,openstreetmap
MegaGains,Other,Casablanca,,33.5749322,-7.6820754,,,,0,,openstreetmap
Casa Lagua,Other,Casablanca,,33.5366821,-7.6843633,,,,0,,openstreetmap
Farchouhat فرشوحة,Other,Casablanca,,33.5954875,-7.6395038,,,,0,,openstreetmap
Smoky Burgers,Other,Casablanca,,33.6002528,-7.6495949,,,,0,,openstreetmap
Hadramaut حضرموت,Other,Casablanca,Avenue Tan Tan شارع طانطان,33.5993158,-7.6467935,,,,0,,openstreetmap
الميساء,Other,Casablanca,,33.5671131,-7.5656521,,,,0,,openstreetmap
Dar Abi,Other,Casablanca,,33.6017196,-7.6217648,,,,0,,openstreetmap
Bliss Rooftop,Other,Casablanca,,33.5879757,-7.6276579,,,,0,,openstreetmap
Braise,Other,Casablanca,Angle Boulevard Brahim Roudani & Rue Abou Al Faïd Al Masri,33.5880198,-7.6276291,,,,0,,openstreetmap
Café Jbel Hebri,Other,Casablanca,Rue Léon l'Africain,33.595661,-7.610172,,,,0,,openstreetmap
Noah,Other,Casablanca,,33.5779705,-7.7047021,,,,0,,openstreetmap
Panini & Tacos Simo,Other,Casablanca,Allée des Mimosas,33.6174566,-7.5324449,,,,0,,openstreetmap
Mon Fils,Other,Casablanca,,33.5855895,-7.6355801,,,,0,,openstreetmap
Ô Chef,Other,Casablanca,,33.5822476,-7.6386505,,,,0,,openstreetmap
Pizza di Papi,Other,Casablanca,,33.5834099,-7.6373995,,,,0,,openstreetmap
Santa Monica,Other,Casablanca,,33.5803957,-7.6369733,,,,0,,openstreetmap
Café Mozart,Other,Casablanca,,33.5801582,-7.6366496,,,,0,,openstreetmap
Verano,Other,Casablanca,,33.5768155,-7.6359891,,,,0,,openstreetmap
Café Pulman,Other,Casablanca,,33.5773872,-7.6374188,,,,0,,openstreetmap
Café Anfa مقهى انفا,Other,Casablanca,,33.5774772,-7.6373262,,,,0,,openstreetmap
L'Alexandrin,Other,Casablanca,,33.5877136,-7.6331023,,,,0,,openstreetmap
Trattoria del Papa,Other,Casablanca,,33.5875046,-7.6334124,,,,0,,openstreetmap
Luvia,Other,Casablanca,,33.5879929,-7.6347082,,,,0,,openstreetmap
Cesarino,Other,Casablanca,,33.5877758,-7.6401671,,,,0,,openstreetmap
Café Red Ice,Other,Casablanca,,33.5829766,-7.6402244,,,,0,,openstreetmap
Paus'Art,Other,Casablanca,,33.5841359,-7.6404613,,,,0,,openstreetmap
Café Festival,Other,Casablanca,,33.5836795,-7.6403659,,,,0,,openstreetmap
Mahfoud,Other,Casablanca,,33.5852766,-7.6423473,,,,0,,openstreetmap
Cucina Napoli,Other,Casablanca,,33.5857938,-7.6386774,,,,0,,openstreetmap
Fose Club,Other,Casablanca,,33.5841418,-7.6374301,,,,0,,openstreetmap
King Tacos & شوارما,Other,Casablanca,,33.5851268,-7.6357259,,,,0,,openstreetmap
Cluky's,Other,Casablanca,,33.5860947,-7.6360416,,,,0,,openstreetmap
Ayo,Other,Casablanca,,33.5847361,-7.6409959,,,,0,,openstreetmap
Limon Y Sal,Other,Casablanca,,33.5864407,-7.6411442,,,,0,,openstreetmap
Primo Passo,Other,Casablanca,,33.5861289,-7.641138,,,,0,,openstreetmap
Churros n Cream,Other,Casablanca,,33.5858712,-7.6411213,,,,0,,openstreetmap
Maison M,Other,Casablanca,,33.5873137,-7.6404675,,,,0,,openstreetmap
Mipasta,Other,Casablanca,,33.5907979,-7.6371604,,,,0,,openstreetmap
Döner Broz,Other,Casablanca,,33.5910237,-7.6366016,,,,0,,openstreetmap
Barn's Juju,Other,Casablanca,,33.5885978,-7.6399644,,,,0,,openstreetmap
Sorrento,Other,Casablanca,,33.5814963,-7.633041,,,,0,,openstreetmap
Restaurant Le Bon Régal,Other,Casablanca,,33.5833844,-7.6300695,,,,0,,openstreetmap
Chwa Way,Other,Casablanca,,33.5813919,-7.6335841,,,,0,,openstreetmap
Grignotière,Other,Casablanca,,33.5807526,-7.6325359,,,,0,,openstreetmap
Tiger House,Other,Casablanca,,33.58663,-7.6305425,,,,0,,openstreetmap
100% Crousti Original,Other,Casablanca,,33.587465,-7.6360424,,,,0,,openstreetmap
ASIE'TTE,Other,Casablanca,,33.5835066,-7.6274999,,https://asiette.com/,,0,,openstreetmap
Food House,Other,Casablanca,,33.5832847,-7.6209162,,,,0,,openstreetmap
La Fabbrica,Other,Casablanca,,33.5616558,-7.6289026,,,,0,,openstreetmap
Le Loft,Other,Casablanca,,33.6096622,-7.6257204,,,,0,,openstreetmap
L'Orangerie,Other,Casablanca,,33.6098121,-7.6256898,,,,0,,openstreetmap
Le Phare Du Port Salut,Other,Casablanca,,33.6088031,-7.6244979,,,,0,,openstreetmap
دار الضيافة المغربية,Other,Casablanca,,33.584916,-7.6201729,+212641636183,,,0,,openstreetmap
Gioia,Other,Casablanca,,33.5433315,-7.6308072,,https://www.gioia.ma,,0,,openstreetmap
Dam-Dam,Other,Casablanca,,33.5652027,-7.5563348,,,,0,,openstreetmap
Café le Lagon,Other,Casablanca,Boulevard Oued Oum Rbia,33.5554023,-7.6845755,,,,0,,openstreetmap
Boca,Other,Casablanca,,33.5261768,-7.6420676,,,,0,,openstreetmap
Adosani,Other,Casablanca,Boulevard Imam Chafii,33.6202084,-7.486741,,,,0,,openstreetmap
Papparoti Café,Other,Casablanca,,33.6083048,-7.4806766,,,,0,,openstreetmap
Espace Danisma,Other,Casablanca,Boulevard Oued Sebou,33.5528259,-7.6770769,,,,0,,openstreetmap
Cafe Kamal,Other,Casablanca,Rue 177,33.5526403,-7.6771205,,,,0,,openstreetmap
Famagusta,Other,Casablanca,,33.5318053,-7.6168265,,,,0,,openstreetmap
Bolzano Ice,Other,Casablanca,,33.6088714,-7.5287159,,,,0,,openstreetmap
Espace La Flandre,Other,Casablanca,,33.6141298,-7.5310306,,,,0,,openstreetmap
Le Château d'Or,Other,Casablanca,,33.616962,-7.5329122,,,,0,,openstreetmap
Café Corino,Other,Casablanca,Boulevard Hassan Seghir,33.5896441,-7.6117538,,,,0,,openstreetmap
Le Petit Cafe,Other,Casablanca,Boulevard Hassan Seghir,33.5897369,-7.611507,,,,0,,openstreetmap
Café Zaitouna,Other,Chichaoua,,31.5480242,-8.7586593,,,,0,,openstreetmap
Alkasba,Other,Chichaoua,,31.5484706,-8.7581225,,,,0,,openstreetmap
Milano,Other,Chichaoua,,31.546601,-8.7651208,,,,0,,openstreetmap
name,Other,city,address,,,phone,website,,0,,openstreetmap
Café Hôtel Sahara,Other,Dakhla,,23.6978587,-15.9314142,,,,0,,openstreetmap
Panini Vegetal,Other,Dakhla,,23.6990104,-15.9303596,,,,0,,openstreetmap
Ritaj,Other,Dakhla,,23.7007189,-15.9292947,,,,0,,openstreetmap
Chic Choc,Other,Dakhla,,23.6988497,-15.9301003,,,,0,,openstreetmap
Il Postino,Other,Dakhla,,23.7028993,-15.9276943,,,,0,,openstreetmap
Café Miramar,Other,Dakhla,,23.7351551,-15.9162779,,,,0,,openstreetmap
La Baie d'Or,Other,Dakhla,,23.6989987,-15.9306,,,,0,,openstreetmap
Café Villa Cisneros,Other,Dakhla,,23.7027746,-15.9285827,,,,0,,openstreetmap
Prestigia,Other,Dakhla,,23.7016288,-15.9307573,,,,0,,openstreetmap
Lagune Food,Other,Dakhla,,23.7022315,-15.9274718,,,,0,,openstreetmap
French Burgers,Other,Dakhla,,23.7032413,-15.9278198,,,,0,,openstreetmap
Tasty,Other,Dakhla,,23.6949827,-15.933012,,,,0,,openstreetmap
Rayan,Other,Dakhla,,23.7010095,-15.929183,,,,0,,openstreetmap
Snack Ikram,Other,Dakhla,,23.6988584,-15.9298952,,,,0,,openstreetmap
Café Meraliz,Other,Dakhla,,23.6949007,-15.9327611,,,,0,,openstreetmap
Hassan Fruit,Other,Dakhla,,23.7011824,-15.9291473,,,,0,,openstreetmap
Villa Dakhla,Other,Dakhla,,23.6971004,-15.9311631,,,,0,,openstreetmap
Diamant du Sahara,Other,Dakhla,,23.6951554,-15.9328523,,,,0,,openstreetmap
Café Venizia,Other,Dakhla,,23.6990657,-15.9298081,,,,0,,openstreetmap
Café Ocarina,Other,Dakhla,,23.6949133,-15.9330684,,,,0,,openstreetmap
La Pause,Other,Dakhla,,23.7037835,-15.9276081,,,,0,,openstreetmap
Café Minimax,Other,Dakhla,,23.7088056,-15.9256981,,,,0,,openstreetmap
Flaman Rose,Other,Dakhla,,23.7355267,-15.9161283,+212689944321,,,0,,openstreetmap
Baghdad,Other,Dakhla,,23.7337007,-15.9162282,,,,0,,openstreetmap
Mad Camel,Other,Dakhla,,23.7327666,-15.9171422,,,,0,,openstreetmap
Bahia,Other,Dakhla,,23.6984779,-15.9305864,,,,0,,openstreetmap
La Maison du Thé,Other,Dakhla,,23.6939406,-15.9335345,,,,0,,openstreetmap
Casa Luis,Other,Dakhla,,23.6984136,-15.9307075,,,,0,,openstreetmap
Primo,Other,Dakhla,,23.6981701,-15.9309002,,,,0,,openstreetmap
Café Prince,Other,Dakhla,,23.7075482,-15.9257182,,,,0,,openstreetmap
12 Cool,Other,Dakhla,,23.7032227,-15.92816,,,,0,,openstreetmap
Casa Lola,Other,Dakhla,,23.7041699,-15.9275196,,,,0,,openstreetmap
Chez Rahim,Other,Dakhla,,23.7030523,-15.9282141,,,,0,,openstreetmap
A savoir faire,Other,Dakhla,,23.7043131,-15.9274672,,,,0,,openstreetmap
Kaiser Wilhelm,Other,Dakhla,,23.7328434,-15.9171161,,,,0,,openstreetmap
مقهى الساحل,Other,Dakhla,,23.6977267,-15.9337858,,,,0,,openstreetmap
Café Rawan,Other,Dakhla,,23.6922364,-15.9353912,,,,0,,openstreetmap
مأكولات التيسير,Other,Dakhla,,23.6963531,-15.9354079,,,,0,,openstreetmap
مقهى زهرة,Other,Dakhla,,23.6968976,-15.934356,,,,0,,openstreetmap
Café Al Hoceima,Other,Dakhla,,23.6890925,-15.9402037,,,,0,,openstreetmap
Relax,Other,Dakhla,,23.6916979,-15.935824,,,,0,,openstreetmap
Tiznit,Other,Dakhla,,23.6903586,-15.9404286,,,,0,,openstreetmap
Snack du Poissons,Other,Dakhla,,23.6902159,-15.9397199,,,,0,,openstreetmap
Café Assabah,Other,Dakhla,,23.6891751,-15.9404213,,,,0,,openstreetmap
Erraha,Other,Dakhla,,23.6899071,-15.937799,,,,0,,openstreetmap
Elboughaze,Other,Dakhla,,23.6895505,-15.9433214,,,,0,,openstreetmap
Dolina,Other,Dakhla,,23.6910674,-15.950192,,,,0,,openstreetmap
Café Leglat,Other,Dakhla,,23.6904602,-15.9504855,,,,0,,openstreetmap
Café Al Akssa,Other,Dakhla,,23.6903302,-15.950271,,,,0,,openstreetmap
Café La Marine,Other,Dakhla,,23.6907789,-15.9497561,,,,0,,openstreetmap
La Repère,Other,Dakhla,,23.6907263,-15.9505881,,,,0,,openstreetmap
Nile,Other,Dakhla,,23.6902495,-15.9490116,,,,0,,openstreetmap
Snack El Karam سناك الكرم,Other,Dakhla,,23.6903396,-15.9500188,,,,0,,openstreetmap
Taha,Other,Dakhla,,23.6904437,-15.9487803,,,,0,,openstreetmap
La Fontaine,Other,Dakhla,,23.6905412,-15.9492603,,,,0,,openstreetmap
Jour et Nuit,Other,Dakhla,,23.6888685,-15.9407119,,,,0,,openstreetmap
Al Arabia,Other,Dakhla,,23.6909106,-15.9498189,,,,0,,openstreetmap
Brazilia,Other,Dakhla,,23.6902966,-15.94924,,,,0,,openstreetmap
Prince,Other,Dakhla,,23.6897594,-15.9446666,,,,0,,openstreetmap
Café France,Other,Dakhla,,23.6903718,-15.9483252,,,,0,,openstreetmap
Café Royal,Other,Dakhla,,23.6895006,-15.944268,,,,0,,openstreetmap
Bismillah,Other,Dakhla,,23.6903436,-15.948005,,,,0,,openstreetmap
Jus Ismael,Other,Dakhla,,23.6925729,-15.9389803,,,,0,,openstreetmap
Chiringuito Cabana,Other,Dakhla,,23.7713781,-15.9234537,+212808623778,,,0,,openstreetmap
Echarfaa Food,Other,Dakhla,,23.6919485,-15.9507191,,,,0,,openstreetmap
Gladys,Other,Dakhla,Boulevard 4 Mars شارع 4 مارس,23.6989099,-15.9312448,,,,0,,openstreetmap
Teranga,Other,Dakhla,Boulevard Al Walaa,23.7031554,-15.9280702,,,,0,,openstreetmap
Polpo,Other,Dakhla,,23.697015,-15.9466472,,,,0,,openstreetmap
Samarkand,Other,Dakhla,,23.6965255,-15.9314791,,,,0,,openstreetmap
Pescador,Other,Dakhla,,23.7675422,-15.9251051,,,,0,,openstreetmap
Giovanni Restaurant,Other,Dasman,,29.390493099999997,47.9978889,,,4.4,0,,google_places
NUE by Nomad,Other,Dasman,,29.379975499999997,47.994085999999996,,,4.8,0,,google_places
Shawy Restaurant,Other,Dasman,,29.386941399999998,47.994517099999996,,,4.7,0,,google_places
Principale Ristorante Di Nino,Other,Dasman,,29.375268499999997,48.0066351,,,4.8,0,,google_places
Atrium,Other,Dasman,,29.3776218,47.990679799999995,,,4.9,0,,google_places
Upper Street Steakhouse,Other,Dasman,,29.390302900000002,47.997651499999996,,,4.6,0,,google_places
Bab Dasman Restaurant shark,Other,Dasman,,29.3868487,47.9895576,,,3.9,0,,google_places
Mais Alghanim,Other,Dasman,,29.390615800000003,47.9983101,,,4.5,0,,google_places
Elamigos Restaurant Dasman,Other,Dasman,,29.386384699999997,47.991926799999995,,,4.7,0,,google_places
Tatami,Other,Dasman,,29.3035779,47.936332199999995,,,4.9,0,,google_places
Gio lounge,Other,Dasman,,29.3903309,47.9977994,,,4.5,0,,google_places
BARREL,Other,Dasman,,29.379232799999997,47.9995556,,,4.7,0,,google_places
Vigonovo,Other,Dasman,,29.375975,47.993210499999996,,,4.7,0,,google_places
Tatami Japanese Restaurant,Other,Dasman,,29.372905699999993,47.9890622,,,4.4,0,,google_places
Oriental Restaurant,Other,Dasman,,29.3734137,47.980801799999995,,,4.1,0,,google_places
Al-Shamam Restaurant,Other,Dasman,,29.373928000000003,47.9724807,,,4.1,0,,google_places
Pista House Kuwait,Other,Dasman,,29.3741957,47.997507399999996,,,4.5,0,,google_places
OFK,Other,Dasman,,29.3786723,47.9926556,,,4.4,0,,google_places
BROAST STATION RESTAURANT,Other,Diraz,,26.2150194,50.4608204,,,4.2,0,,google_places
Bayram Turkish Grill Restaurant - Bahrain,Other,Diraz,,26.214237299999997,50.465290499999995,,,4.9,0,,google_places
مطعم كباب اربيل البحرين (Kabab Erbil Restaurant -Bahrain),Other,Diraz,,26.217048899999998,50.48221900000001,,,4.7,0,,google_places
رانديز - Randy's,Other,Diraz,,26.153715599999998,50.508776999999995,,,4.8,0,,google_places
مطعم قصر شيراز الايراني,Other,Diraz,,26.217798,50.4666201,,,4.6,0,,google_places
Layaly Aldiyra Restaurant,Other,Diraz,,26.2114357,50.4580372,,,4.3,0,,google_places
TASTE OF THE EARTH,Other,Diraz,,26.2181912,50.460431,,,4.5,0,,google_places
Area Indian Fusion Restaurant,Other,Diraz,,26.2031857,50.4482723,,,4.8,0,,google_places
Raidan Restaurant | مطعم ريدان,Other,Diraz,,26.2153878,50.466569,,,4.0,0,,google_places
Mumtaz Khan Restaurant,Other,Diraz,,26.216617199999998,50.4678325,,,4.5,0,,google_places
THE RED BARN,Other,Diraz,,26.171990299999997,50.4807502,,,4.4,0,,google_places
Nizar french fries,Other,Diraz,,26.2235028,50.460927299999994,,,5.0,0,,google_places
CLAW BBQ Bahrain,Other,Diraz,,26.223662599999997,50.609353,,,4.9,0,,google_places
ELTORO SMOKEHOUSE,Other,Diraz,,26.1903042,50.4667211,,,4.5,0,,google_places
Al Redha Grills,Other,Diraz,,26.217538899999997,50.4589373,,,4.1,0,,google_places
Adam Broasted Shawarma & Grill,Other,Diraz,,26.214831399999998,50.459972699999994,,,4.5,0,,google_places
Chipsy,Other,Diraz,,26.2222868,50.4582316,,,5.0,0,,google_places
La Terraza,Other,Diraz,,26.1970909,50.4775808,,,4.4,0,,google_places
Janani restaurant,Other,Diraz,,26.2168346,50.4733673,,,3.6,0,,google_places
Zyara Restaurant,Other,Diraz,,26.232298999999998,50.5336563,,,4.2,0,,google_places
Café Nohaila,Other,Driouch,,34.974787,-3.4046567,,,,0,,openstreetmap
Cafe Driouch,Other,Driouch,,34.9758325,-3.3915666,,,,0,,openstreetmap
Cafe Barça,Other,Driouch,,34.9757892,-3.3907291,,,,0,,openstreetmap
Restaurant Farid,Other,Driouch,,34.9762822,-3.3871393,,,,0,,openstreetmap
Café Centre-Ville,Other,Driouch,,34.9758489,-3.3886909,,,,0,,openstreetmap
Cafe Galaxy,Other,Driouch,,34.9695712,-3.3769293,,,,0,,openstreetmap
Café Palace,Other,Driouch,,34.9782511,-3.3932088,,,,0,,openstreetmap
Cafe mimoun,Other,Driouch,,34.9784277,-3.3948839,,,,0,,openstreetmap
Cafe Majestic,Other,Driouch,,34.9779681,-3.3919898,,,,0,,openstreetmap
Centre Benae,Other,Driouch,,34.9780746,-3.3908882,,,,0,,openstreetmap
Eat Time Turkish Resturant,Other,Dukhan,,25.4211328,50.7929951,,,4.4,0,,google_places
DMR Restaurant-Dukhan,Other,Dukhan,,25.421300199999997,50.7937489,,,3.6,0,,google_places
Al-Sidra Restaurant,Other,Dukhan,,25.4190237,50.7739373,,,4.2,0,,google_places
Jawahar Palace Restaurant,Other,Dukhan,,25.421643,50.793713,,,3.6,0,,google_places
Dukhan Souq,Other,Dukhan,,25.4212803,50.793428999999996,,,4.1,0,,google_places
McDonald's Dukhan,Other,Dukhan,,25.4209935,50.793011199999995,,,4.1,0,,google_places
café restaurant salle des fêtes ain khadem,Other,El Hajeb,,33.6882788,-5.3707128,,,,0,,openstreetmap
café le chalet,Other,El Hajeb,,33.6862324,-5.3701298,,,,0,,openstreetmap
café sésame,Other,El Hajeb,,33.6932384,-5.3725857,,,,0,,openstreetmap
Torche,Other,El Hajeb,,33.6856016,-5.3744924,,,,0,,openstreetmap
Fastfood,Other,El Hajeb,,33.6854938,-5.3708067,,,,0,,openstreetmap
La Fontaine,Other,El Hajeb,,33.6854464,-5.3712994,,,,0,,openstreetmap
Café,Other,El Hajeb,,33.6853992,-5.3709017,,,,0,,openstreetmap
BRIDGE CAFE,Other,El Hajeb,Avenue Mohamed V شارع الحسن الثاني,33.6915617,-5.3702634,,,,0,,openstreetmap
Café Restaurant Bab Atlas,Other,El Hajeb,,33.6982326,-5.3634814,,,,0,,openstreetmap
Cafe Marhaba,Other,El Hajeb,,33.6803927,-5.3725845,,,,0,,openstreetmap
café restaurant,Other,El Hajeb,,33.6882744,-5.3706689,,,,0,,openstreetmap
Restaurant La Portugaise,Other,El Jadida,,33.2561555,-8.5030168,,,4.6,0,,"google_places, openstreetmap"
Café do mar,Other,El Jadida,,33.256814399999996,-8.5013366,,,4.7,0,,"google_places, openstreetmap"
Le Privé Restaurant El Jadida,Other,El Jadida,,33.2479825,-8.5015988,,,4.2,0,,google_places
La Grillardière El Jadida,Other,El Jadida,,33.2439785,-8.484136399999999,,,4.0,0,,"google_places, openstreetmap"
Restaurant Le FIGUIG Mazagan,Other,El Jadida,,33.2483917,-8.500749299999999,,,4.4,0,,google_places
BLOOM TREE { Restaurant & Café },Other,El Jadida,,33.2381768,-8.495911399999999,,,4.0,0,,google_places
Dar Lhout,Other,El Jadida,,33.2514506,-8.5295957,,,4.3,0,,"google_places, openstreetmap"
Maison Z,Other,El Jadida,,33.224776399999996,-8.498517999999999,,,4.4,0,,"google_places, openstreetmap"
Star Fish,Other,El Jadida,,33.2576925,-8.503989299999999,,,4.8,0,,google_places
Café & Restaurant SKY VIEW,Other,El Jadida,,33.25213,-8.5283032,,,3.9,0,,google_places
علي بابا,Other,El Jadida,,33.2438972,-8.488737,,,3.9,0,,google_places
Samurai Mazagan,Other,El Jadida,,33.2377282,-8.4954685,,,4.2,0,,"google_places, openstreetmap"
Lolita Magic,Other,El Jadida,,33.2257118,-8.5525795,,,4.0,0,,google_places
Restaurant Jivana,Other,El Jadida,,33.2533258,-8.526833,,,3.9,0,,google_places
Mucho,Other,El Jadida,,33.2438143,-8.4841831,,,4.2,0,,google_places
Pachamama El Jadida,Other,El Jadida,,33.2593725,-8.425544499999999,,,3.5,0,,google_places
Snack El Bahri,Other,El Jadida,,33.254661899999995,-8.503082,,,3.5,0,,"google_places, openstreetmap"
Restaurant sham bacha,Other,El Jadida,,33.230062,-8.528630699999999,,,4.2,0,,google_places
Riad caliptus Vue Mer,Other,El Jadida,,33.2570216,-8.502170699999999,,,4.0,0,,"google_places, openstreetmap"
Eat Factory,Other,El Jadida,,33.2360882,-8.5224703,,,4.5,0,,google_places
L'express café,Other,El Jadida,,33.2583801,-8.5100379,,,,0,,openstreetmap
Ali Baba,Other,El Jadida,,33.2438658,-8.4887894,,,,0,,openstreetmap
Café FALORA,Other,El Jadida,,33.2508245,-8.5320497,,,,0,,openstreetmap
MODHILA,Other,El Jadida,,33.2290005,-8.5007341,,,,0,,openstreetmap
Restaurant Le Tit,Other,El Jadida,,33.2512385,-8.5016367,,,,0,,openstreetmap
Cafe Pizzeria Cavalca,Other,El Jadida,Avenue Mohammed VI,33.2448903,-8.495248,,,,0,,openstreetmap
Whatsapp Food,Other,El Jadida,Rue Al Amal,33.2433144,-8.4978712,,,,0,,openstreetmap
Cafe Glacier Chams,Other,El Jadida,Rue Abdelkader Ben Driga,33.2471346,-8.4973535,,,,0,,openstreetmap
Bien Venue Cafe,Other,El Jadida,Avenue Mohammed V,33.246677,-8.5002387,,,,0,,openstreetmap
Espace Palmiers,Other,El Jadida,Avenue Mohammed V,33.2482674,-8.5008055,,,,0,,openstreetmap
Cafe Dikra,Other,El Jadida,Avenue Mohammed V,33.2477694,-8.5005654,,,,0,,openstreetmap
Le Lokal,Other,El Jadida,,33.2564129,-8.5022374,,,,0,,openstreetmap
Snack Bismillah,Other,El Jadida,,33.2558431,-8.5044118,,,,0,,openstreetmap
Restaurant du port,Other,El Jadida,,33.2552479,-8.5002314,,,,0,,openstreetmap
Mille d'Or,Other,El Jadida,,33.2304437,-8.4845338,,,,0,,openstreetmap
Adresse House,Other,El Jadida,,33.2293625,-8.4874194,,,,0,,openstreetmap
Café Amira,Other,El Jadida,,33.2523602,-8.5145133,,,,0,,openstreetmap
Café Malmo FF,Other,El Jadida,,33.2296382,-8.4932363,,,,0,,openstreetmap
Burger King,Other,El Jadida,,33.2396546,-8.4965032,,,,0,,openstreetmap
Shawarma Avenue,Other,El Jadida,,33.2398699,-8.49653,,,,0,,openstreetmap
Espace Etoile,Other,El Jadida,,33.2251127,-8.5024215,,,,0,,openstreetmap
Jivara,Other,El Jadida,,33.2251306,-8.5025985,,,,0,,openstreetmap
Resto House,Other,El Jadida,,33.2247821,-8.5019316,,,,0,,openstreetmap
La Falaise,Other,El Jadida,,33.2281368,-8.5044725,,,,0,,openstreetmap
Nevada,Other,El Jadida,,33.2281667,-8.5045422,,,,0,,openstreetmap
Wharsapp Pool,Other,El Jadida,,33.2282856,-8.5054117,,,,0,,openstreetmap
Paoula,Other,El Jadida,,33.2283582,-8.506659,,,,0,,openstreetmap
Kalaat Naji,Other,El Jadida,,33.2450178,-8.4954533,,,,0,,openstreetmap
Les Vagues,Other,El Jadida,,33.24736,-8.4948769,,,,0,,openstreetmap
Smiley Beach,Other,El Jadida,,33.2492285,-8.4985537,,,,0,,openstreetmap
Puccini,Other,El Jadida,,33.24975,-8.4987361,,,,0,,openstreetmap
MM Factory,Other,El Jadida,,33.225461,-8.5014482,,,,0,,openstreetmap
Four Sister,Other,El Jadida,,33.2324548,-8.486292,,,,0,,openstreetmap
102,Other,El Jadida,,33.2322185,-8.486478,,,,0,,openstreetmap
Zenga,Other,El Jadida,,33.2447487,-8.4950806,,,,0,,openstreetmap
O'Parc,Other,El Jadida,,33.2468205,-8.4970234,,,,0,,openstreetmap
El Khair,Other,El Jadida,,33.2424316,-8.4987839,,,,0,,openstreetmap
Jawhara,Other,El Jadida,,33.2426141,-8.4979256,,,,0,,openstreetmap
Café de La Gare,Other,El Jadida,,33.2446902,-8.4993751,,,,0,,openstreetmap
L'Araucaria,Other,El Jadida,,33.2473114,-8.497489,,,,0,,openstreetmap
Bingo,Other,El Jadida,,33.2469749,-8.4974819,,,,0,,openstreetmap
Riad,Other,El Jadida,,33.2487023,-8.5010336,,,,0,,openstreetmap
Oscar,Other,El Jadida,,33.2495192,-8.4995794,,,,0,,openstreetmap
Snack Aymen Marina,Other,El Jadida,,33.2547901,-8.5033591,,,,0,,openstreetmap
Tacos de Ville,Other,El Jadida,,33.2547363,-8.5034896,,,,0,,openstreetmap
Lokman,Other,El Jadida,,33.2548782,-8.5041454,,,,0,,openstreetmap
La Détente,Other,El Jadida,,33.2501519,-8.5038652,,,,0,,openstreetmap
Luigi,Other,El Jadida,,33.2492173,-8.5049848,,,,0,,openstreetmap
Café la Tulibe,Other,El Jadida,,33.2503697,-8.5006182,,,,0,,openstreetmap
Dar Atay,Other,El Jadida,,33.2563909,-8.5023244,,,,0,,openstreetmap
Haoua,Other,El Jadida,,33.2561712,-8.5026373,,,,0,,openstreetmap
Les Kechois,Other,El Jadida,,33.2558556,-8.5028848,,,,0,,openstreetmap
O'Delice Food,Other,El Jadida,,33.2559895,-8.5042958,,,,0,,openstreetmap
Arriadia,Other,El Jadida,,33.2517819,-8.5046571,,,,0,,openstreetmap
Nzaha,Other,El Jadida,,33.2516645,-8.5048109,,,,0,,openstreetmap
Il Cucina,Other,El Jadida,,33.2479023,-8.5097553,,,,0,,openstreetmap
Tacos O'Mexico,Other,El Jadida,,33.2477864,-8.5096292,,,,0,,openstreetmap
Le Tamaris,Other,El Jadida,,33.2522931,-8.5038458,,,,0,,openstreetmap
Jus & Fast Food Chez Ali,Other,El Jadida,,33.258456,-8.510009,,,,0,,openstreetmap
Snack Al Massira,Other,El Jadida,Place de France,33.2425,-8.498013,,,,0,,openstreetmap
Le Figuig,Other,El Jadida,,33.2484283,-8.5004493,+212808577291,,,0,,openstreetmap
McDonald's,Other,El Jadida,,33.2437993,-8.4828847,,,,0,,openstreetmap
KFC,Other,El Jadida,,33.2439463,-8.4833257,,,,0,,openstreetmap
Bar Marrakech,Other,El Jadida,,33.2418123,-8.4878309,,,,0,,openstreetmap
Bar El Khaima,Other,El Jadida,,33.242464,-8.4877318,,,,0,,openstreetmap
Oasis,Other,El Jadida,,33.2444766,-8.490674,,,,0,,openstreetmap
Amwaj,Other,El Jadida,,33.2441176,-8.4788256,,,,0,,openstreetmap
Istanbul,Other,El Jadida,,33.2244568,-8.5004322,,,,0,,openstreetmap
Formidable,Other,El Jadida,,33.2271703,-8.5069356,,,,0,,openstreetmap
La Mémoire,Other,El Jadida,,33.2268288,-8.4987809,,,,0,,openstreetmap
Azzaytouna,Other,El Jadida,,33.2284061,-8.4996302,,,,0,,openstreetmap
Venezia Ice,Other,El Jadida,,33.2354384,-8.503962,,,,0,,openstreetmap
La Vallée,Other,El Jadida,,33.2340934,-8.4991707,,,,0,,openstreetmap
Amista,Other,El Jadida,,33.2408852,-8.4947928,,,,0,,openstreetmap
Hill Side Coffee,Other,El Jadida,,33.2389285,-8.4977128,,,,0,,openstreetmap
Solymar,Other,El Jadida,,33.2472824,-8.4947398,,,,0,,openstreetmap
Yasmina,Other,El Jadida,,33.2474369,-8.4950091,,,,0,,openstreetmap
Les Terrasses,Other,El Jadida,,33.2399127,-8.5093071,,,,0,,openstreetmap
Mwaline Babouch,Other,El Jadida,,33.2513549,-8.5007299,,,,0,,openstreetmap
La Costa,Other,El Jadida,,33.2500122,-8.4982895,,,,0,,openstreetmap
La Varenne,Other,El Jadida,,33.2503097,-8.4986391,,,,0,,openstreetmap
Dades Diamantine,Other,El Jadida,,33.2506405,-8.4990335,,,,0,,openstreetmap
Les 4 Dauphins,Other,El Jadida,,33.2507808,-8.4992019,,,,0,,openstreetmap
Le Colloque,Other,El Jadida,,33.2289429,-8.4891821,,,,0,,openstreetmap
101,Other,El Jadida,,33.2297113,-8.4885937,,,,0,,openstreetmap
La Kasbah,Other,El Jadida,,33.2450164,-8.5008877,,,,0,,openstreetmap
Espace Bouchrit,Other,El Jadida,,33.2518521,-8.5027516,,,,0,,openstreetmap
Tropical,Other,El Jadida,,33.2517579,-8.5027029,,,,0,,openstreetmap
Espace Théatre,Other,El Jadida,,33.2517177,-8.5026821,,,,0,,openstreetmap
Ayour Tacos,Other,El Jadida,,33.2516811,-8.5026625,,,,0,,openstreetmap
Snack France,Other,El Jadida,,33.2515968,-8.5026593,,,,0,,openstreetmap
Magic Deserts,Other,El Jadida,,33.2514038,-8.5026674,,,,0,,openstreetmap
Regalito,Other,El Jadida,,33.2510365,-8.5031178,,,,0,,openstreetmap
Tout Va Bien,Other,El Jadida,,33.2509906,-8.5032161,,,,0,,openstreetmap
Big One,Other,El Jadida,,33.2521339,-8.5029189,,,,0,,openstreetmap
Les Négociants,Other,El Jadida,,33.2520532,-8.5028732,,,,0,,openstreetmap
Bouanba,Other,El Jadida,,33.2519273,-8.5031948,,,,0,,openstreetmap
Zahwa,Other,El Jadida,,33.2523112,-8.503512,,,,0,,openstreetmap
Mrizika,Other,El Jadida,,33.2542178,-8.5010607,,,,0,,openstreetmap
Pesca,Other,El Jadida,,33.2547432,-8.5006472,,,,0,,openstreetmap
Port,Other,El Jadida,,33.2551916,-8.5002881,,,,0,,openstreetmap
Ex Quick,Other,El Jadida,,33.2534953,-8.5013736,,,,0,,openstreetmap
Tchikito,Other,El Jadida,,33.2549953,-8.5044983,,,,0,,openstreetmap
L'Iglesia,Other,El Jadida,,33.2569902,-8.5018942,,,,0,,openstreetmap
Café Fikhra,Other,El Jadida,,33.2574316,-8.5050114,,,,0,,openstreetmap
La Perle,Other,El Jadida,,33.2560571,-8.5043339,,,,0,,openstreetmap
Weld El-Lawya,Other,El Jadida,,33.2550042,-8.5054853,,,,0,,openstreetmap
Mia Thé & Jardin,Other,El Jadida,,33.2443829,-8.4889144,+212662271889,,,0,,openstreetmap
Restaurant M.M,Other,El Jadida,,33.2438975,-8.4776918,,,,0,,openstreetmap
Café Chaimaa,Other,El Jadida,,33.2329685,-8.536864,,,,0,,openstreetmap
La Qualita,Other,El Jadida,,33.2267629,-8.4990274,,,,0,,openstreetmap
Café Marmara,Other,El Jadida,,33.2443016,-8.5130888,,,,0,,openstreetmap
Café Cappuccino,Other,El Jadida,,33.2448743,-8.5124357,,,,0,,openstreetmap
914,Other,El Kelâa des Sraghna,,32.045944,-7.3968672,,,,0,,openstreetmap
مسجد عواطف ٢,Other,El Kelâa des Sraghna,auatif 2,32.0631573,-7.3901061,,,,0,,openstreetmap
"Espace Zikar : Café, Restaurant",Other,El Kelâa des Sraghna,,32.0327972,-7.4040948,,,,0,,openstreetmap
Cafe Snack Restaurant Atlanta,Other,Errachidia,,31.9291236,-4.4273999,,,,0,,openstreetmap
Milán ميلانو,Other,Errachidia,,31.9300953,-4.4265809,,,,0,,openstreetmap
Café Noujoum,Other,Errachidia,,31.9283544,-4.4271887,,,,0,,openstreetmap
Café Rotana,Other,Errachidia,,31.9285153,-4.4254858,,,,0,,openstreetmap
café girona مقهى جيرونا,Other,Errachidia,شارع الحي الجامعي,31.9397338,-4.4520994,,,,0,,openstreetmap
Ighiz Inn,Other,Errachidia,,31.9156465,-4.4529183,,,,0,,openstreetmap
Doha,Other,Errachidia,,31.9319256,-4.4242342,,,,0,,openstreetmap
مارينا,Other,Errachidia,,31.9315257,-4.4268254,,,,0,,openstreetmap
سندباد,Other,Errachidia,,31.9285169,-4.4258054,,,,0,,openstreetmap
Marina,Other,Errachidia,,31.9315613,-4.426889,+212606666444,,,0,,openstreetmap
Café rond-point,Other,Errachidia,,31.9186253,-4.4472194,,,,0,,openstreetmap
Dima Cinq Cinq,Other,Errachidia,,31.9301959,-4.4259503,+212808546453,,,0,,openstreetmap
Restaurant Imilchil,Other,Errachidia,,31.9307098,-4.4251619,,,,0,,openstreetmap
Big Burger,Other,Es-Smara,,26.741672,-11.670574,,,,0,,openstreetmap
The Loft,Other,Essaouira,,31.5125088,-9.771217199999999,,,4.6,0,,google_places
Khmissa Restaurant,Other,Essaouira,,31.5139815,-9.7705381,,,4.9,0,,google_places
Restaurant dar aicha,Other,Essaouira,,31.5137121,-9.771889999999999,,,4.9,0,,google_places
La Coupole Essaouira Beach,Other,Essaouira,,31.505008099999998,-9.7635201,,,4.5,0,,google_places
Dar Baba Restaurant & More,Other,Essaouira,,31.5132208,-9.770812,,,4.7,0,,google_places
La Clé de Voûte,Other,Essaouira,,31.514374999999994,-9.7717584,,,4.7,0,,google_places
The Hungry Nomad Rooftop Essaouira,Other,Essaouira,,31.514651399999998,-9.7668938,,,4.4,0,,google_places
La Casa,Other,Essaouira,,31.5139314,-9.7699416,,,4.7,0,,google_places
Restaurant Chez Les Frères,Other,Essaouira,,31.514732900000002,-9.7715988,,,4.8,0,,google_places
Restaurant Berber Essaouira 2006 By Lalla Khadija,Other,Essaouira,,31.513614099999998,-9.771499,,,4.9,0,,google_places
Ocean Vagabond,Other,Essaouira,,31.4966275,-9.7634785,,,4.4,0,,google_places
Retro Corner,Other,Essaouira,,31.5147943,-9.768912,,,4.8,0,,google_places
Ombú Restaurant & Café,Other,Essaouira,,31.5117162,-9.766615200000002,,,4.9,0,,google_places
Fishburger Essaouira,Other,Essaouira,,31.514168299999998,-9.7683327,,,4.6,0,,google_places
Restaurant salma,Other,Essaouira,,31.505689,-9.7573669,,,4.8,0,,google_places
Butterfly Space – Fresh Fish & Moroccan Restaurant,Other,Essaouira,,31.513834399999997,-9.7711954,,,4.7,0,,google_places
Caravane Café,Other,Essaouira,,31.5133882,-9.768735099999999,,,4.6,0,,google_places
Mandala Society - Essaouira,Other,Essaouira,,31.513426799999998,-9.7690048,,,4.5,0,,google_places
"Habibis Restaurant, bar à cocktails, terrasse",Other,Essaouira,,31.504045499999997,-9.7632911,,,4.8,0,,google_places
T Grill Restaurant Fahaheel,Other,Fahaheel,,29.0800902,48.137909,,,4.7,0,,google_places
Mughal Mahal Fahaheel,Other,Fahaheel,,29.0808672,48.137748099999996,,,4.5,0,,google_places
Kerala Express Restaurant,Other,Fahaheel,,29.077105999999997,48.131982,,,4.5,0,,google_places
Thakkara Restaurant Fahaheel | Indian Restaurant in Kuwait,Other,Fahaheel,,29.079997,48.1379757,,,4.3,0,,google_places
Fol O'Yasmine Al Kout Mall,Other,Fahaheel,,29.078770300000002,48.139204199999995,,,4.9,0,,google_places
Leila Min Lebnen,Other,Fahaheel,,29.079138099999998,48.1394412,,,4.9,0,,google_places
Lazio Restaurant,Other,Fahaheel,,29.080114599999998,48.1378704,,,4.7,0,,google_places
P.F. Chang's,Other,Fahaheel,,29.078183000000003,48.138968999999996,,,4.8,0,,google_places
Saravanaa Bhavan Fahaheel,Other,Fahaheel,,29.0820184,48.1394881,,,3.9,0,,google_places
Zaitoon Restaurant Fahaheelمطعم الزيتون,Other,Fahaheel,,29.081531799999997,48.1248414,,,4.7,0,,google_places
Chef Naushad's Signature Restaurant fahaheel,Other,Fahaheel,,29.077251699999998,48.132613299999996,,,3.8,0,,google_places
Dampa and Chautari Restro Fahaheel,Other,Fahaheel,,29.0778963,48.1337887,,,4.4,0,,google_places
Wahaj Restaurant,Other,Fahaheel,,29.0762896,48.1386815,,,4.3,0,,google_places
Mijana Restaurant - ميجانا مطعم لبناني – مجمع الكوت,Other,Fahaheel,,29.081432399999997,48.1426514,,,4.1,0,,google_places
Calicut Live,Other,Fahaheel,,29.082714,48.1363534,,,4.7,0,,google_places
Nayab Hyderabad Restaurant,Other,Fahaheel,,29.079732800000002,48.1336083,,,5.0,0,,google_places
CALICUT CHEF RESTAURANT fahaheel branch,Other,Fahaheel,,29.081699099999994,48.134953499999995,,,4.2,0,,google_places
Dampa Feast Al Kout,Other,Fahaheel,,29.0789412,48.139505299999996,,,4.4,0,,google_places
Thakkara Restaurant Farwaniya,Other,Farwaniya,,29.2802453,47.9584139,,,4.6,0,,google_places
Mughal Mahal Farwaniya,Other,Farwaniya,,29.280253399999996,47.961352899999994,,,4.6,0,,google_places
Al Ahmadi Restaurant,Other,Farwaniya,,29.2769662,47.9627917,,,4.9,0,,google_places
Al Noukhaza Sea Food Al Thuraya City,Other,Farwaniya,,29.270401499999995,47.968292299999995,,,4.8,0,,google_places
Chef Naushad's Signature Restaurant Farwaniya,Other,Farwaniya,,29.277051699999994,47.9622938,,,4.3,0,,google_places
Green Pepper Restaurant Farwaniya Kuwait,Other,Farwaniya,,29.2764675,47.9571756,,,3.6,0,,google_places
BBQ 🌶️ SPICY 🔥 RESTAURANT FARWANIYA,Other,Farwaniya,,29.2886413,47.9594491,,,4.0,0,,google_places
Sakura Japanese Restaurant Al Thuraya City,Other,Farwaniya,,29.270830099999998,47.9676884,,,4.8,0,,google_places
IndoNepal Essence,Other,Farwaniya,,29.2817729,47.9615222,,,4.8,0,,google_places
Zephere Restaurant,Other,Farwaniya,,29.2743169,47.963578299999995,,,4.0,0,,google_places
Yaadgar restaurant,Other,Farwaniya,,29.285057799999997,47.9621498,,,4.1,0,,google_places
Kumar pillai Restaurant Farwaniya,Other,Farwaniya,,29.287824399999998,47.9570698,,,4.1,0,,google_places
Himalayan House Restaurant & Coffee,Other,Farwaniya,,29.278088,47.9632138,,,4.1,0,,google_places
مطعم قيصر - Caesars Restaurant,Other,Farwaniya,,29.279973399999996,47.9591849,,,4.1,0,,google_places
BOOM BOOM Pakistani restaurant,Other,Farwaniya,,29.279839199999998,47.9589208,,,4.3,0,,google_places
مطعم ساكت عجيب/Saket Ajeeb Restaurant,Other,Farwaniya,,29.293619999999997,47.9691504,,,4.1,0,,google_places
Thakkara Restaurant Dajeej,Other,Farwaniya,,29.2646309,47.9632891,,,4.6,0,,google_places
(مطعم خالد الضويحي (قطعة 1 الفروانية Khaled Al Dwaihi ( Farwaniya BLOCK 1 ),Other,Farwaniya,,29.283604500000003,47.962748,,,4.2,0,,google_places
KFC | Farwaniya - Tadamoun Club,Other,Farwaniya,,29.288299000000002,47.965048599999996,,,4.9,0,,google_places
Fez & Friends,Other,Fes,,34.061043399999996,-4.9835147,,,4.6,0,,google_places
Restaurant Dar Tresor Fes,Other,Fes,,34.058045799999995,-4.9771006,,,4.8,0,,google_places
Le Tarbouche,Other,Fes,,34.0639734,-4.9808997,,,4.6,0,,google_places
Ishq restaurant,Other,Fes,,34.0639305,-4.9824826,,,4.8,0,,google_places
Fez Medina Rooftop Restaurant & Lounge ( ELEVATOR),Other,Fes,,34.0636505,-4.9745358,,,4.7,0,,google_places
The Ruined Garden,Other,Fes,,34.0620838,-4.977536199999999,,,4.2,0,,google_places
La Cave,Other,Fes,,34.064429499999996,-4.9787703,,,4.8,0,,google_places
Fondouk Bazaar,Other,Fes,,34.064306,-4.9795735,,,4.7,0,,google_places
Nomai Fès,Other,Fes,,34.035645699999996,-5.0154645,,,4.6,0,,google_places
Darori,Other,Fes,,34.0625806,-4.9735436,,,4.8,0,,google_places
EL FORNO,Other,Fes,,34.0632263,-4.9818678,,,4.8,0,,google_places
Dar Hatim,Other,Fes,,34.0673178,-4.9744426,,,4.5,0,,google_places
Restaurant Bab Sahra Fes,Other,Fes,,34.0622634,-4.9820304,,,4.5,0,,google_places
Restaurant rooftop Palais Fes Yahya,Other,Fes,,34.0591082,-4.974618800000001,,,4.8,0,,google_places
Veggie pause,Other,Fes,,34.0613145,-4.9829324999999995,,,4.9,0,,google_places
Restaurant Almandar,Other,Fes,,34.0596937,-4.9724704,,,4.6,0,,google_places
Mom's touch,Other,Fes,,34.062387099999995,-4.9826137,,,4.6,0,,google_places
Restaurant Fes lounge,Other,Fes,,34.0648431,-4.9769882999999995,,,5.0,0,,google_places
Tifinar fes restaurant,Other,Fes,,34.0612736,-4.9838948,,,4.8,0,,google_places
Made in M,Other,Fes,,34.0631785,-4.9818368,,,4.6,0,,google_places
Chez Brahim في إبراهيم,Other,Figuig,,32.1067656,-1.2257402,,,,0,,openstreetmap
Hotel Figuig فندق فكيك,Other,Figuig,,32.1057668,-1.2254968,,,,0,,openstreetmap
Café Nakhil مقهى النخيل,Other,Figuig,Baghdad,32.0964971,-1.2220254,,,,0,,openstreetmap
Café Amar مقهى عمرو,Other,Figuig,شارع الحسن الثاني,32.1157519,-1.2312565,,,,0,,openstreetmap
Taj Al-Fintas,Other,Fintas,,29.181038,48.1150636,,,4.1,0,,google_places
300F Smokehouse Restaurant,Other,Fintas,,29.154159,48.125623,,,4.9,0,,google_places
Good Stuff - Fintas,Other,Fintas,,29.184145800000003,48.115745,,,4.8,0,,google_places
Durrat Al Fintas Restaurant,Other,Fintas,,29.180375599999998,48.1165555,,,4.7,0,,google_places
"Mais Alghanim To Go, Fintas",Other,Fintas,,29.1778004,48.1146956,,,4.2,0,,google_places
Hala restaurant fintas,Other,Fintas,,29.1680919,48.1149135,,,5.0,0,,google_places
مطعم الوافي للمأكولات الكويتية,Other,Fintas,,29.1766418,48.1163357,,,4.2,0,,google_places
JOUDA AL KHAIR RESTAURANT,Other,Fintas,,29.169426,48.1180703,,,4.0,0,,google_places
مطعم اريج البحرين للمشويات العربيه و الخليجيه,Other,Fintas,,29.1680624,48.1176298,,,4.2,0,,google_places
Thoufeeq Restaurant,Other,Fintas,,29.168428,48.118578,,,4.1,0,,google_places
مطعم راس الهندي,Other,Fintas,,29.175675199999997,48.115369799999996,,,4.5,0,,google_places
"Mais Alghanim Restaurant, Mahboula",Other,Fintas,,29.1541667,48.1252778,,,4.3,0,,google_places
Safir Fintas Kuwait Hotel,Other,Fintas,,29.185012399999998,48.1174665,,,4.7,0,,google_places
TAJ AL RAFEEKA,Other,Fintas,,29.181465799999998,48.1171412,,,4.5,0,,google_places
BISMILLAH ABDUL RAHEEM ISHAAN RAYACHOTY RESTAURANT,Other,Fintas,,29.158819399999995,48.1132456,,,4.8,0,,google_places
Burger Boutique (Gate Mall),Other,Fintas,,29.1753572,48.098373699999996,,,4.9,0,,google_places
T Grill Restaurant Fahaheel,Other,Fintas,,29.0800902,48.137909,,,4.7,0,,google_places
Dulce papadag,Other,Fnideq,,35.8560253,-5.348455,,,,0,,openstreetmap
Chiringuito,Other,Fnideq,,35.8101514,-5.3514058,,,,0,,openstreetmap
Snack Costa Brava,Other,Fnideq,,35.842872,-5.361675,,,,0,,openstreetmap
Snack derdabi,Other,Fnideq,,35.843069,-5.361271,,,,0,,openstreetmap
مقهى قرطبة,Other,Fnideq,,35.842837,-5.362001,,,,0,,openstreetmap
SNACK EL AFIA,Other,Fnideq,,35.841587,-5.362206,,,,0,,openstreetmap
Restaurant Star 75,Other,Fnideq,,35.8467599,-5.354517,,,,0,,openstreetmap
Restaurant Café Arena,Other,Fnideq,,35.8454653,-5.354367,,,,0,,openstreetmap
Café Élite ice,Other,Fnideq,,35.8568214,-5.3483905,,,,0,,openstreetmap
Chez Rachid,Other,Fès,,34.0617191,-4.9835992,,,,0,,openstreetmap
Café Ahl Fès,Other,Fès,,34.0574046,-5.0312894,,,,0,,openstreetmap
Scorpion du desert,Other,Fès,,34.0622496,-4.9821416,,,,0,,openstreetmap
Café El Waha,Other,Fès,rue Lalla Asmaa,34.0439607,-5.0039229,,,,0,,openstreetmap
McDonald's ماكدونالدز,Other,Fès,,34.0443717,-4.9960062,+212535940093,,,0,,openstreetmap
La Renaissance,Other,Fès,,34.0380331,-4.9979805,,,,0,,openstreetmap
Kirawane,Other,Fès,,34.0440652,-5.0004026,,,,0,,openstreetmap
Le roi de la Bière,Other,Fès,,34.0369262,-4.9978732,,,,0,,openstreetmap
Cafe Victorine,Other,Fès,,34.0351562,-4.9989564,,,,0,,openstreetmap
Café Clock,Other,Fès,Derb Magana,34.0625611,-4.9832263,+212535637855,https://www.cafeclock.com,,0,,openstreetmap
L'Italien,Other,Fès,Av Omar Ibn Al Khattab شارع عمر ابن الخطاب,34.0370687,-5.0139956,+212535943384,,,0,,openstreetmap
Palais de Fès,Other,Fès,,34.059973,-4.9719488,,https://www.palais-de-fes.com/,,0,,openstreetmap
Restaurant vesuvio,Other,Fès,,34.0402405,-5.0077057,+212535624618,,,0,,openstreetmap
Don Vitto,Other,Fès,,34.0413429,-5.0072336,,,,0,,openstreetmap
Burger King,Other,Fès,,34.04576,-4.9945966,,,,0,,openstreetmap
Cafe Jazirat Laila,Other,Fès,,34.0158041,-4.9701262,,,,0,,openstreetmap
Pizza Hut,Other,Fès,,34.0450785,-4.9951537,+212535653745,https://pizzahut.ma/,,0,,openstreetmap
La Maison Bleue,Other,Fès,2 Place de L’Istiqlal,34.060642,-4.9818415,,https://www.maisonbleue.com/,,0,,openstreetmap
Restaurant Nejjarine,Other,Fès,Fes Médina 9 rue dermani nejjarine,34.0649167,-4.9760475,+21235635389,,,0,,openstreetmap
Café Memory,Other,Fès,Avenue My Rachid Route de Sefrou Zohor 2 Lotis Iraki,34.0090671,-4.9791671,,,,0,,openstreetmap
Café Salah,Other,Fès,Lot Fadwa BenSouda,34.017961,-5.0531319,,,,0,,openstreetmap
Dar Tajine,Other,Fès,Derb Elghorba,34.0637333,-4.9759902,,,,0,,openstreetmap
مقشدة حي للا سكينة,Other,Fès,Rue lalla soukaina,34.0189745,-5.025826,,,,0,,openstreetmap
Dias,Other,Fès,,34.0187561,-5.0262161,,,,0,,openstreetmap
Zohra,Other,Fès,,34.0667605,-4.9730227,,,,0,,openstreetmap
Riad Andalib,Other,Fès,,34.0605412,-4.972282,,,,0,,openstreetmap
Laiterie Ben hayoun,Other,Fès,,34.0108497,-4.9769303,,,,0,,openstreetmap
Café la Première Tasse,Other,Fès,,34.0187237,-5.0494001,,,,0,,openstreetmap
Chez Thami Restaurant,Other,Fès,,34.0616477,-4.9835522,,,,0,,openstreetmap
Chez Yazid,Other,Fès,,34.0085165,-5.0278912,,,,0,,openstreetmap
Café arrahma مقهى الرحمة,Other,Fès,,34.0100338,-5.028054,,,,0,,openstreetmap
Café Diamant de Amazon مقهى جوهرة الامازون,Other,Fès,,34.0082076,-5.0284889,,,,0,,openstreetmap
Café paris مقهى باريس,Other,Fès,,34.0080211,-5.0289725,,,,0,,openstreetmap
Paul,Other,Fès,,34.0312118,-5.0087176,+212535626334,,,0,,openstreetmap
Pizzeria doigts d or بيزيريا الأصابع الدهبية,Other,Fès,,34.0062199,-4.9877735,,,,0,,openstreetmap
Kim Taki كيم طاكي,Other,Fès,,34.0184159,-4.9856684,+212535642949,,,0,,openstreetmap
Café Vertona,Other,Fès,,34.0112049,-5.0228099,,,,0,,openstreetmap
Riad Les Oudayas,Other,Fès,Rue el-Hamia,34.059842,-4.9781765,+212535636303,https://www.lesoudayas.com/,,0,,openstreetmap
مقهى مكا دور,Other,Fès,,34.0069009,-5.0097547,,,,0,,openstreetmap
Restaurant Nagham cafe مقهى نغم,Other,Fès,Place de Bab Boujloud,34.0613271,-4.9837951,+212663333886,,,0,,openstreetmap
مقهى رامي امي,Other,Fès,,34.0048669,-5.0451777,,,,0,,openstreetmap
Cafe barbados,Other,Fès,,34.0079089,-4.9687312,,,,0,,openstreetmap
Café Challenger,Other,Fès,Avenue My Rachid Route de Sefrou Zohor 2 Rue Barbados,34.0079646,-4.9782702,,,,0,,openstreetmap
snack zamzam سناك زمزم,Other,Fès,,34.0095845,-5.0256847,,,,0,,openstreetmap
Great Wall of China Restaurant,Other,Fès,Rue d'Arabie Saoudite,34.0411223,-5.0017159,+212632936666,,,0,,openstreetmap
Blanco بلانكو,Other,Fès,,34.0017439,-5.0106601,,,,0,,openstreetmap
Zagora,Other,Fès,,34.0347608,-4.9969181,+212535624618,,,0,,openstreetmap
Restaurant ahl Fès مطعم أهل فاس,Other,Fès,,34.0613559,-5.0089846,,,,0,,openstreetmap
Café dima zen مقهى ديما زين,Other,Fès,,34.0151976,-5.0207031,,,,0,,openstreetmap
Cafe 5/5,Other,Fès,Avenue lalla Hasnae,34.045231,-4.9977661,,,,0,,openstreetmap
Sabah,Other,Fès,,34.0465571,-4.9975204,,,,0,,openstreetmap
Cafe mouritanie مقهى موريطانيا,Other,Fès,,34.0436457,-4.9982275,,,,0,,openstreetmap
Bar À R C Chic,Other,Fès,Avenue Hassan II,34.0444425,-4.9975842,,,,0,,openstreetmap
Café florance,Other,Fès,Avenue Hassan II,34.0426163,-4.9990291,,,,0,,openstreetmap
Cafe lafiat,Other,Fès,,34.0443527,-4.9976522,,,,0,,openstreetmap
Café Monte Carlo,Other,Fès,Avenue Hassan II,34.0433216,-4.9984497,,,,0,,openstreetmap
Café Leonardos,Other,Fès,,34.0449192,-4.9980087,,,,0,,openstreetmap
Café Brasilia مقهى برازيليا Café Brasilia,Other,Fès,Avenue Hassan II,34.0446464,-4.9974143,,,,0,,openstreetmap
Cass-croute,Other,Fès,Avenue lalla Hasnae,34.0450971,-4.997662,,,,0,,openstreetmap
Cafe zagzouti مقهى الزكزوتي,Other,Fès,Avenue Hassan II,34.0440292,-4.9979382,,,,0,,openstreetmap
Café Riad,Other,Fès,Avenue Hassan II,34.0392789,-5.0016567,,,,0,,openstreetmap
Café Belle Amore,Other,Fès,Avenue Hassan II,34.0387934,-5.002073,,,,0,,openstreetmap
Café Regency,Other,Fès,Avenue Hassan II,34.0390636,-5.0018347,,,,0,,openstreetmap
Bar Isla Blanca,Other,Fès,Avenue Hassan II,34.0417769,-4.9996544,,,,0,,openstreetmap
Café le pole,Other,Fès,Avenue Hassan II,34.0410661,-5.0002523,,,,0,,openstreetmap
ISLA BLANCA,Other,Fès,Avenue Hassan II,34.0406075,-5.000627,,,,0,,openstreetmap
Tcheken international,Other,Fès,Avenue Hassan II,34.0389358,-5.0019766,,,,0,,openstreetmap
Café La liga,Other,Fès,Avenue Hassan II,34.0432273,-4.9985463,,,,0,,openstreetmap
Café jawhara,Other,Fès,Rue d'Arabie Saoudite,34.0410556,-5.0011874,,,,0,,openstreetmap
Café la fontaine مقهى الخصة,Other,Fès,Avenue Hassan II,34.0448807,-4.9973031,,,,0,,openstreetmap
Cafe la suite,Other,Fès,,33.9932116,-4.9945937,+212535748808,,,0,,openstreetmap
Café Monza,Other,Fès,Avenue Moussa Ben Noussair,34.0590307,-5.0262732,,,,0,,openstreetmap
Café Cinq Cinq,Other,Fès,rue N° 6,34.0550295,-5.0263432,,,,0,,openstreetmap
Café Etoile El Hadika,Other,Fès,,34.0580032,-5.0306155,,,,0,,openstreetmap
ESTONIA,Other,Fès,,34.0062046,-4.9677366,,,,0,,openstreetmap
Cafe miroire,Other,Fès,Avenue Allal Ben Abdallah,34.0339184,-5.004895,,,,0,,openstreetmap
Café maki,Other,Fès,Avenue Allal Ben Abdallah,34.0337979,-5.0050427,,,,0,,openstreetmap
Cafe Michael,Other,Fès,,34.0443094,-4.9986524,,,,0,,openstreetmap
Aroma espresso,Other,Fès,Avenue Hassan II,34.043054,-4.997697,,,,0,,openstreetmap
Café Dina مقهى دينا,Other,Fès,Avenue Allal Ben Abdallah,34.0332688,-5.0054344,,,,0,,openstreetmap
Cafe nouvelles etoiles,Other,Fès,,34.0439325,-4.9988189,,,,0,,openstreetmap
Cafe Tunis,Other,Fès,,34.0439451,-4.9988415,,,,0,,openstreetmap
Laitie,Other,Fès,,34.0435541,-4.9984693,,,,0,,openstreetmap
Snack Lahcen,Other,Fès,Rue Mohamed Jabli,34.0423845,-4.9979351,,,,0,,openstreetmap
Grillade soufiane,Other,Fès,,34.044,-4.9992723,,,,0,,openstreetmap
Café La Menthe,Other,Fès,Rue Mohamed Jabli,34.0410249,-4.9977605,,,,0,,openstreetmap
Cafe Le Carlton,Other,Fès,Avenue Allal Ben Abdallah,34.0315349,-5.0073374,,,,0,,openstreetmap
Héritier allal salmi,Other,Fès,,34.0437803,-4.9990633,,,,0,,openstreetmap
café Al Madar,Other,Fès,,34.0156436,-4.9745274,,,,0,,openstreetmap
Café cocktail dream,Other,Fès,Avenue Allal Ben Abdallah,34.0341955,-5.005428,,,,0,,openstreetmap
Zahrat Fès,Other,Fès,,34.0434132,-4.9993329,,,,0,,openstreetmap
Bah jallon,Other,Fès,,34.0429454,-5.000189,,,,0,,openstreetmap
Cafe les Ambassadeurs,Other,Fès,,34.0427008,-5.0001182,,,,0,,openstreetmap
Café Aswan,Other,Fès,Avenue Allal Ben Abdallah,34.0351038,-5.0047198,,,,0,,openstreetmap
Cafe naamane abyad,Other,Fès,,34.0432756,-5.0001109,,,,0,,openstreetmap
L'Étoile النجم,Other,Fès,,34.0362292,-5.0172966,,,,0,,openstreetmap
Grillade Lexssous,Other,Fès,Rue du 16 Novembre,34.040901,-4.9974671,+212660544877,,,0,,openstreetmap
Café Manara,Other,Fès,Rue Lakhdar Ghilane,34.0421379,-4.9974071,,,,0,,openstreetmap
Crémier tajeddin,Other,Fès,,34.0432825,-5.0004344,,,,0,,openstreetmap
Cafe italie,Other,Fès,,34.0429991,-5.0004823,,,,0,,openstreetmap
Casse croûte,Other,Fès,Rue Hassan Zegriti,34.0404226,-4.9974698,,,,0,,openstreetmap
Café L'instant Asiatique,Other,Fès,Rue Lalla Amina,34.0354916,-5.0087281,,,,0,,openstreetmap
Café-Restaurant Alessio,Other,Fès,Rue Hassan Zegriti,34.0404283,-4.9972993,,,,0,,openstreetmap
Snack fich,Other,Fès,,34.0427808,-5.000837,,,,0,,openstreetmap
Cremerie,Other,Fès,Rue Hassan Zegriti,34.0403604,-4.9972962,,,,0,,openstreetmap
Café Smart,Other,Fès,Rue du 16 Novembre,34.0403475,-4.9974028,,,,0,,openstreetmap
Cafe Petite croute,Other,Fès,,34.0426117,-5.0008014,,,,0,,openstreetmap
Café marignan,Other,Fès,,34.0390921,-4.9987257,,,,0,,openstreetmap
Bar restau,Other,Fès,,34.0391766,-4.9987042,,,,0,,openstreetmap
Bar La Noblesse,Other,Fès,Rue du 16 Novembre,34.0398629,-4.9974169,,,,0,,openstreetmap
Crémier figuguia,Other,Fès,,34.042774,-4.9996772,,,,0,,openstreetmap
mamounia,Other,Fès,,34.0395235,-4.9998228,,,,0,,openstreetmap
Restant zakaria,Other,Fès,,34.0393687,-4.9996003,,,,0,,openstreetmap
Resto Mexico,Other,Fès,rue Lalla Malika,34.0349032,-5.0077786,,,,0,,openstreetmap
Café Volubilis,Other,Fès,Avenue Abdallah Chefchaouni,34.0405583,-4.9966283,,,,0,,openstreetmap
Cafe ahlan,Other,Fès,,34.0425468,-5.0015311,,,,0,,openstreetmap
Tipico Pizza,Other,Fès,rue Lalla Nezha,34.036744,-5.006388,,,,0,,openstreetmap
Café Rock'nrrou,Other,Fès,rue Abi Chouaib Doukali,34.0368112,-5.0064871,,,,0,,openstreetmap
Café restaurant du centre,Other,Fès,,34.0388238,-4.998544,,,,0,,openstreetmap
Café la villa مقهى لافيلا,Other,Fès,,34.0261821,-5.0141193,,,,0,,openstreetmap
La piscope,Other,Fès,,34.0399333,-5.005807,,,,0,,openstreetmap
La villa,Other,Fès,,34.0261672,-5.0140931,,,,0,,openstreetmap
La Grilladière,Other,Fès,rue Lalla Aicha,34.0350959,-5.0090408,+212535941731,,,0,,openstreetmap
Café Istamboul,Other,Fès,Avenue Abdallah Chefchaouni,34.0422816,-4.9967407,,,,0,,openstreetmap
Café al khattabi,Other,Fès,,34.0384065,-4.9984672,,,,0,,openstreetmap
Cafe restaurant Florence,Other,Fès,,34.0418755,-5.0008142,,,,0,,openstreetmap
Crouta saada,Other,Fès,,34.0382853,-4.9987745,,,,0,,openstreetmap
Restaut moncif,Other,Fès,,34.0383167,-4.999223,,,,0,,openstreetmap
Bismillah,Other,Fès,,34.0385292,-4.9993,,,,0,,openstreetmap
Restaurant Adwak fes,Other,Fès,,34.0421617,-5.0012958,,,,0,,openstreetmap
Snak royal,Other,Fès,,34.0421864,-5.0013466,,,,0,,openstreetmap
Le Rocoin,Other,Fès,IBN ROCHD,34.0347518,-5.0091162,,,,0,,openstreetmap
Café,Other,Fès,rue Lalla Aicha,34.034841,-5.008877,,,,0,,openstreetmap
Crémier Nice,Other,Fès,,34.0425251,-5.0019306,,,,0,,openstreetmap
Café O'Square,Other,Fès,rue Lalla Aicha,34.0343059,-5.008818,,,,0,,openstreetmap
Dar Sidi Idir,Other,Fès,,34.0649813,-4.9765344,,,,0,,openstreetmap
Patisserie Rosalie,Other,Fès,Avenue du Prince Heritier,34.0378885,-5.0073052,,,,0,,openstreetmap
Café jnan arraha,Other,Fès,Avenue Abdallah Chefchaouni,34.0406348,-4.9964246,,,,0,,openstreetmap
Snack al jawda,Other,Fès,,34.0392375,-5.000093,,,,0,,openstreetmap
Le bistro,Other,Fès,,34.0393357,-4.9999877,,,,0,,openstreetmap
Snak syrnos,Other,Fès,,34.0385466,-4.9994587,,,,0,,openstreetmap
La comédie,Other,Fès,,34.0416577,-5.0022764,,,,0,,openstreetmap
Laiterie adoik fes,Other,Fès,Rue du Soudan زنقة السودان,34.0426511,-5.0014557,,,,0,,openstreetmap
Ahram cafe,Other,Fès,,34.0427022,-5.0014201,,,,0,,openstreetmap
Café Coin d'artiste,Other,Fès,Rue Allal Loudiyi,34.0408374,-4.9978285,,,,0,,openstreetmap
La table du chef,Other,Fès,,34.0386351,-5.003755,,,,0,,openstreetmap
La noce sarl,Other,Fès,Rue Jarir,34.0312815,-5.0059746,,,,0,,openstreetmap
Malongo,Other,Fès,Rue Jarir,34.0310797,-5.0058099,+212535941998,,,0,,openstreetmap
L'as palace,Other,Fès,,34.0416387,-5.0036772,,,,0,,openstreetmap
Crémier cocktail,Other,Fès,,34.0421702,-5.0036035,,,,0,,openstreetmap
Cafe Universal,Other,Fès,Ibno Batouta,34.0308564,-5.0054075,,,,0,,openstreetmap
Restaurant SUN REMO,Other,Fès,Rue Jarir,34.0318516,-5.0057828,,,,0,,openstreetmap
Café club snac,Other,Fès,Rue Ahmed Chaouki,34.0304368,-5.0045863,,,,0,,openstreetmap
MB Restaurant Lounge,Other,Fès,Rue Ahmed Chaouki,34.0320367,-5.004426,+212535622727,http://mbrestaurantlounge.com,,0,,openstreetmap
Restaurant kai Tai,Other,Fès,Rue Ahmed Chaouki,34.0323426,-5.0042876,+212535651700,,,0,,openstreetmap
Café Himalaya,Other,Fès,Avenue Egypte,34.0440331,-5.0032491,,,,0,,openstreetmap
Le jazzy,Other,Fès,,34.0379127,-5.0010026,,,,0,,openstreetmap
Restaurant La cheminée,Other,Fès,rue Lalla Asmaa,34.0445027,-5.0038537,,,,0,,openstreetmap
Café Bilez,Other,Fès,hay kods,34.0308749,-5.00791,,,,0,,openstreetmap
Crémerie Khayrat,Other,Fès,rue Lalla Asmaa,34.0435284,-5.0036476,,,,0,,openstreetmap
Café Cortoba,Other,Fès,rue Lalla Asmaa,34.0434654,-5.0036256,,,,0,,openstreetmap
Café Opera,Other,Fès,rue Lalla Asmaa,34.0456027,-5.004732,,,,0,,openstreetmap
Snack el Amal,Other,Fès,rue Lalla Asmaa,34.045438,-5.0045732,,,,0,,openstreetmap
Café Walima,Other,Fès,rue Lalla Asmaa,34.0452766,-5.0044932,,,,0,,openstreetmap
Clubs Cafe Snack,Other,Fès,khalil matran,34.0318491,-5.0066733,,,,0,,openstreetmap
Divels Coffee pool,Other,Fès,,34.0381983,-4.9991673,,,,0,,openstreetmap
Zanzibar café,Other,Fès,,34.0383862,-4.9984143,,,,0,,openstreetmap
Café Ghizlane,Other,Fès,Avenue des Sports,34.0454854,-5.0039863,,,,0,,openstreetmap
Café Al Karam,Other,Fès,Avenue des Sports,34.0461862,-5.0030898,,,,0,,openstreetmap
Café Coin Serein,Other,Fès,Avenue des Sports,34.0462661,-5.0027606,,,,0,,openstreetmap
Café Atalis,Other,Fès,Avenue des Sports,34.0460456,-5.0033723,,,,0,,openstreetmap
Cafe zahrat al jabal,Other,Fès,,34.0382171,-5.0052128,,,,0,,openstreetmap
Snack Cuisine Marocaine,Other,Fès,Avenue des Sports,34.0459461,-5.0039564,,,,0,,openstreetmap
Bleu Babel,Other,Fès,,34.0391259,-5.0068976,,,,0,,openstreetmap
Café Central Parc مقهى الحديقة المركزية,Other,Fès,Avenue Abdallah Chefchaouni,34.038635,-4.9971388,,,,0,,openstreetmap
De marisco,Other,Fès,,34.0373099,-4.998025,,,,0,,openstreetmap
Pizzeria fassi food,Other,Fès,,34.0373512,-4.9980398,,,,0,,openstreetmap
Café Palmiras,Other,Fès,Avenue Mohamed es Saoui,34.0383209,-4.9957469,,,,0,,openstreetmap
Cremerie Malibu fruit,Other,Fès,Avenue Mohamed es Saoui,34.0383249,-4.995632,,,,0,,openstreetmap
Driss Machrouh et Nadia Zakri,Other,Fès,Rue des Etats-Unis,34.0453942,-5.0035778,,,,0,,openstreetmap
Ahmed Moufakkir,Other,Fès,rue Lalla Asmaa,34.044292,-5.0040164,,,,0,,openstreetmap
Cafe l'Avenue,Other,Fès,,34.0402927,-5.0090923,,,,0,,openstreetmap
Anbra,Other,Fès,rte imouzer,34.0198204,-4.9963124,,,,0,,openstreetmap
Jus de Fruits Verginia,Other,Fès,Avenue Obaida Bnou El Jarrah,34.0423564,-5.0038167,,,,0,,openstreetmap
Crémerie Palais,Other,Fès,Obaida Bnou El Jarrah,34.0421727,-5.0040229,,,,0,,openstreetmap
Cocktail Taiba,Other,Fès,Oubaida bnou el Jarrah,34.0420232,-5.0041727,,,,0,,openstreetmap
Café Glacier Lydia,Other,Fès,Résidence El Houria,34.0415182,-5.0041945,,,,0,,openstreetmap
Café Mamouchka,Other,Fès,Obaida Bnou El Jarrah,34.0415889,-5.0045642,,,,0,,openstreetmap
Restaurant Le Consul,Other,Fès,Obaida Bnou El Jarrah,34.0418726,-5.0045915,,,,0,,openstreetmap
Café restaurant Le paname palace,Other,Fès,Avenue Mohamed es Saoui,34.0384378,-4.995229,,,,0,,openstreetmap
Café L'Empereur,Other,Fès,Avenue Mohamed es Saoui,34.0403405,-4.9941212,,,,0,,openstreetmap
Rincon,Other,Fès,,34.0402767,-5.0094237,,,,0,,openstreetmap
Cafe Cesar,Other,Fès,,34.040224,-5.009455,,,,0,,openstreetmap
Restaurant Luigi,Other,Fès,,34.0389485,-5.0099257,+212535940091,,,0,,openstreetmap
Café Sbens,Other,Fès,Rue Mohammed Diouri,34.0416608,-4.9951,,,,0,,openstreetmap
Ogriola,Other,Fès,Boulevard Moulay Hicham,34.0265102,-4.9954322,,,,0,,openstreetmap
Cafe la lune,Other,Fès,,34.0386756,-5.0096806,,,,0,,openstreetmap
Deutsch Cuisines,Other,Fès,,34.0387811,-5.0103233,,,,0,,openstreetmap
Café Bar Dalila,Other,Fès,Boulevard Mohammed V شارع محمد الخامس,34.0395525,-4.9988846,,,,0,,openstreetmap
Café Étoile de Fes,Other,Fès,Rue Mohammed Diouri,34.0412302,-4.9947278,,,,0,,openstreetmap
Gelateria Roma,Other,Fès,,34.038694,-5.0099066,,,,0,,openstreetmap
Restaurant Caminitto,Other,Fès,Obaida Bnou El Jarrah,34.0401337,-5.0056571,,,,0,,openstreetmap
Chickandy,Other,Fès,Obaida Bnou El Jarrah,34.0398823,-5.0058558,,,,0,,openstreetmap
Pizza Midway,Other,Fès,Obaida Bnou El Jarrah,34.0398383,-5.0058847,,,,0,,openstreetmap
Les Pêcheurs,Other,Fès,Obaida Bnou El Jarrah,34.0397745,-5.0059311,,,,0,,openstreetmap
Café Flamingo,Other,Fès,Obaida Bnou El Jarrah,34.0395141,-5.0062636,,,,0,,openstreetmap
Café Salmane,Other,Fès,Av. Abi Bakr Essedik,34.0415729,-5.0071801,,,,0,,openstreetmap
Abdelouahed Sadouk,Other,Fès,Av. Abi Bakr Essedik,34.0416881,-5.0070886,,,,0,,openstreetmap
Café Oued Dahab,Other,Fès,Av. Abi Bakr Essedik,34.0419497,-5.0069859,,,,0,,openstreetmap
Café Top Town,Other,Fès,Av. Abi Bakr Essedik,34.0425172,-5.0065474,,,,0,,openstreetmap
Laitiere Alej Aadimatik,Other,Fès,Av. Abi Bakr Essedik,34.0426279,-5.0064511,,,,0,,openstreetmap
Café Sémiramis Tachi Mohammed,Other,Fès,Av. Abi Bakr Essedik,34.0435219,-5.0057069,,,,0,,openstreetmap
Laitiere Lamkadem Mbarek,Other,Fès,Av. Abi Bakr Essedik,34.0441785,-5.0055512,,,,0,,openstreetmap
Restaurant Économique Nachit Massaoud,Other,Fès,Av. Abi Bakr Essedik,34.0449853,-5.0053801,,,,0,,openstreetmap
Hassani Mustapha et Driss,Other,Fès,Av. Abi Bakr Essedik,34.0447566,-5.0054348,,,,0,,openstreetmap
Snack Fath Driss Dabir,Other,Fès,Av. Abi Bakr Essedik,34.0450552,-5.0053825,,,,0,,openstreetmap
Laitiere Khayrate,Other,Fès,Av. Abi Bakr Essedik,34.0454422,-5.0053043,,,,0,,openstreetmap
Agora café,Other,Fès,Boulevard Moulay Rachid,34.0195846,-4.9871055,,,,0,,openstreetmap
Éden chope,Other,Fès,,34.0365936,-4.997821,,,,0,,openstreetmap
Snack Hayani,Other,Fès,Av. Abi Bakr Essedik,34.0436981,-5.0059184,,,,0,,openstreetmap
Crémerie al ikram,Other,Fès,,34.0346122,-4.9975675,,,,0,,openstreetmap
Crémerie Classico,Other,Fès,Av. Abi Bakr Essedik,34.0413347,-5.0078308,,,,0,,openstreetmap
Snack chehiwat Amine,Other,Fès,Avenue Abdelali Benchekroun,34.0398148,-4.9981881,,,,0,,openstreetmap
Café Nil,Other,Fès,Av. Abi Bakr Essedik,34.0403211,-5.0085876,,,,0,,openstreetmap
Restaurant Chez wong,Other,Fès,Av Omar Ibn Al Khattab,34.0338111,-5.0185804,+212535652760,,,0,,openstreetmap
Cremerie Lahcica,Other,Fès,Av Omar Ibn Al Khattab,34.0322702,-5.021166,,,,0,,openstreetmap
Café Rajae,Other,Fès,Av Omar Ibn Al Khattab,34.0318148,-5.0218106,,,,0,,openstreetmap
Restaurant Taslit,Other,Fès,Av Omar Ibn Al Khattab,34.0331428,-5.0193414,,,,0,,openstreetmap
Cremerie Venerdie,Other,Fès,Av Omar Ibn Al Khattab,34.0296347,-5.0228106,,,,0,,openstreetmap
Hjira hamza grillade,Other,Fès,,34.0424883,-5.0020395,,,,0,,openstreetmap
Venizia restaurant,Other,Fès,,34.0422072,-5.0013872,,,,0,,openstreetmap
Café Miami,Other,Fès,Tarik 1 Rte Ben Souda,34.0290389,-5.0241749,,,,0,,openstreetmap
Casse croûte Oliverdi,Other,Fès,Avenue Abdelali Benchekroun,34.0391701,-4.9981933,,,,0,,openstreetmap
Café L' Alliance,Other,Fès,Tarik 1 Rte Bensouda,34.0283412,-5.0254385,,,,0,,openstreetmap
Café Caraibi,Other,Fès,Tarik 1 Rte Bensouda,34.0282637,-5.025535,,,,0,,openstreetmap
Bar trianon,Other,Fès,,34.0401237,-4.9989421,,,,0,,openstreetmap
Cremerie Bismillah,Other,Fès,Tarik 2 ROUTE BENDAOUDE,34.0290589,-5.0238301,,,,0,,openstreetmap
Crémerie lhaj thami,Other,Fès,,34.039296,-4.9985922,,,,0,,openstreetmap
Snack économique Taleb El Hajar et El Hachmi Alouane,Other,Fès,Jordani,34.0445338,-5.0052728,,,,0,,openstreetmap
Café Iceberg Berg,Other,Fès,,34.0387117,-5.0037316,,,,0,,openstreetmap
Café bouquet,Other,Fès,,34.0393193,-5.0039147,,,,0,,openstreetmap
Café Yassmine مقهى ياسمين,Other,Fès,,34.0237598,-5.0059838,,,,0,,openstreetmap
Café Zahrat Tghat,Other,Fès,,34.0515537,-5.0356274,,,,0,,openstreetmap
Café Regina,Other,Fès,,34.0518687,-5.0357371,,,,0,,openstreetmap
Café Cybelle Palace,Other,Fès,,34.053883,-5.0262709,,,,0,,openstreetmap
Bouanane بوعنان,Other,Fès,,34.0247923,-5.0045267,,,,0,,openstreetmap
Snack restaurant XIII,Other,Fès,,34.0248474,-5.0046557,,,,0,,openstreetmap
Café glory,Other,Fès,,34.0384796,-4.9977428,,,,0,,openstreetmap
Bar restaurant Tivoli,Other,Fès,,34.037724,-4.9986756,,,,0,,openstreetmap
Relax pub,Other,Fès,Avenue Mohamed es Saoui,34.0376819,-4.9989486,,,,0,,openstreetmap
Romaince pub,Other,Fès,Avenue Mohamed es Saoui,34.0376679,-4.9989838,,,,0,,openstreetmap
Café Amiga,Other,Fès,,34.0413747,-5.0025106,,,,0,,openstreetmap
Café Tour D' argent ave,Other,Fès,Avenue Mohamed es Saoui,34.037604,-4.9993597,,,,0,,openstreetmap
Bar Astour,Other,Fès,Avenue Mohamed es Saoui,34.0374762,-5.0001271,,,,0,,openstreetmap
Pâtisserie la renaissance,Other,Fès,,34.0390809,-4.998529,,,,0,,openstreetmap
Cafe la momie,Other,Fès,,34.0398004,-5.0075077,,,,0,,openstreetmap
Restaurant Pizzeria la Mamia,Other,Fès,,34.0425193,-5.0002556,,,,0,,openstreetmap
Cafe soussi,Other,Fès,,34.043275,-4.9994468,,,,0,,openstreetmap
Café Reda,Other,Fès,,34.013439,-4.9712301,,,,0,,openstreetmap
Palamera,Other,Fès,,34.013479,-4.9711299,,,,0,,openstreetmap
Perfecto,Other,Fès,,34.0494421,-5.0350459,,,,0,,openstreetmap
Casse-croûte et Café Trio's,Other,Fès,Avenue Abi Naïm,34.0436302,-5.0052826,,,,0,,openstreetmap
Café Lixus,Other,Fès,Abou Obaida Bnou El Jarrah,34.0426913,-5.0039766,,,,0,,openstreetmap
Snack Rosa,Other,Fès,Med Abdelaziz Lhbabi,34.0312484,-5.0240486,,,,0,,openstreetmap
Café saiss,Other,Fès,,34.0374653,-4.9977373,,,,0,,openstreetmap
Cafe abir palace,Other,Fès,,34.0399117,-5.0083587,,,,0,,openstreetmap
pub café BAR Progres,Other,Fès,Avenue Mohamed es Saoui,34.0372233,-4.9992496,,,,0,,openstreetmap
Laitiere Nour,Other,Fès,Bnou Kayim,34.0437905,-5.0040733,,,,0,,openstreetmap
Café Al khozama,Other,Fès,Avenue Mohamed es Saoui,34.037296,-4.9991565,,,,0,,openstreetmap
Sandwich,Other,Fès,Med Abdelaziz Lhbabi,34.0328818,-5.0246905,,,,0,,openstreetmap
Café Peacock,Other,Fès,Avenue Mohamed es Saoui,34.0375014,-4.9987254,+212535941187,,,0,,openstreetmap
Café kods,Other,Fès,Med Abdelaziz Lhbabi,34.0329617,-5.025012,,,,0,,openstreetmap
Café Aji,Other,Fès,,34.0391408,-5.0090695,,,,0,,openstreetmap
Café de refuge club,Other,Fès,Avenue Mohamed es Saoui,34.0375266,-4.9985236,,,,0,,openstreetmap
Café Le Panaché Lahlou Nabil Abdelfattah,Other,Fès,Av. Abi Hanifa,34.0424477,-5.0045305,,,,0,,openstreetmap
Café Yasmine,Other,Fès,Med Abdelaziz Lhbabi,34.0319619,-5.024101,,,,0,,openstreetmap
V.binllet,Other,Fès,Med Abdelaziz Lhbabi,34.0299005,-5.024211,,,,0,,openstreetmap
Café Golden Palace,Other,Fès,rue Imam Malik,34.0416917,-5.004958,,,,0,,openstreetmap
Snack Bennani Abdelkarim,Other,Fès,rue Imam Malik,34.0417341,-5.0052085,,,,0,,openstreetmap
Café Le Menarit,Other,Fès,Rue Abdellah Guenoun,34.0282954,-5.0257634,,,,0,,openstreetmap
Café Zohour,Other,Fès,Avenue Karama Zohour 1,34.0141524,-4.9861593,,,,0,,openstreetmap
Cristal,Other,Fès,,34.0376006,-4.9981428,,,,0,,openstreetmap
Café Elysée,Other,Fès,Avenue Mohamed es Saoui,34.0379021,-4.9961526,,,,0,,openstreetmap
Restaurant Chez Ismail Spécialité Poissons,Other,Fès,rue Ahmed Amine,34.0415643,-5.0064381,,,,0,,openstreetmap
Snack Belamlih Kamal 11,Other,Fès,Avenue Iman Ali,34.0398145,-5.0048456,,,,0,,openstreetmap
Snack Al Akhawayne,Other,Fès,Avenue Iman Ali,34.0400416,-5.0052555,,,,0,,openstreetmap
Snak intamealim,Other,Fès,Avenue Mohamed es Saoui,34.03822,-4.9949382,,,,0,,openstreetmap
Café d'ors,Other,Fès,Avenue Mohamed es Saoui,34.038928,-4.9936644,,,,0,,openstreetmap
La noblesse fassi,Other,Fès,,34.0343632,-4.9973989,,,,0,,openstreetmap
L'immigré,Other,Fès,,34.0343439,-4.997289,,,,0,,openstreetmap
Autrement Chez Soi,Other,Fès,Avenue Iman Ali,34.0406525,-5.0061129,,,,0,,openstreetmap
Laitiere Maiji Abdelaziz,Other,Fès,Avenue Iman Ali,34.0398545,-5.0049032,,,,0,,openstreetmap
Snak New Quick,Other,Fès,,34.03682,-4.9970709,,,,0,,openstreetmap
Café Ramsisse palace,Other,Fès,,34.0377793,-5.0000599,,,,0,,openstreetmap
Cremerie Amal,Other,Fès,Rue Cuny,34.0364255,-4.9969362,,,,0,,openstreetmap
The Ruined Garden,Other,Fès,Derb Idrissi,34.0620951,-4.9774646,+212649191410,https://ruinedgarden.com/,,0,,openstreetmap
Café Les Poettes,Other,Fès,place Maghreb Arabe,34.0428292,-5.0122784,,,,0,,openstreetmap
Café El Yamama,Other,Fès,Avenue Iman Ali,34.042983,-5.0119563,,,,0,,openstreetmap
Café Top Snooker,Other,Fès,Avenue Iman Ali,34.0430364,-5.0116027,,,,0,,openstreetmap
Bar voyageur,Other,Fès,,34.0360567,-4.9978584,,,,0,,openstreetmap
Restaurant ahrame,Other,Fès,,34.0368001,-4.9990779,,,,0,,openstreetmap
Delice chicken,Other,Fès,,34.0369307,-4.9992715,,,,0,,openstreetmap
Café Diwane Palace,Other,Fès,Avenue Iman Ali,34.042593,-5.0102946,,,,0,,openstreetmap
Café El Bacha Palace,Other,Fès,Avenue Iman Ali,34.0419356,-5.0085809,,,,0,,openstreetmap
Snak khadija,Other,Fès,HYPODRAME,34.0352338,-5.025651,,,,0,,openstreetmap
Café Perlatino,Other,Fès,Abi Hamid Ghazali,34.0390071,-5.0045711,,,,0,,openstreetmap
Crémerie Sweet Palace,Other,Fès,Abi Hamid Ghazali,34.0391869,-5.0044196,,,,0,,openstreetmap
Café Iris,Other,Fès,Abi Hamid Ghazali,34.0385877,-5.0048722,,,,0,,openstreetmap
Snack Restaurant Puerto Rico,Other,Fès,Abi Hamid Ghazali,34.0389262,-5.0044524,,,,0,,openstreetmap
Laitiere Souad,Other,Fès,Abi Hamid Ghazali,34.0391017,-5.0043197,,,,0,,openstreetmap
Monalisa,Other,Fès,,34.0370846,-4.9996455,,,,0,,openstreetmap
Café Napolitan,Other,Fès,Abi Hamid Ghazali,34.0392073,-5.0042399,,,,0,,openstreetmap
Crémerie Belvédère,Other,Fès,,34.0401062,-5.018962,,,,0,,openstreetmap
Café valida,Other,Fès,,34.0409926,-5.0110723,,,,0,,openstreetmap
Snack Mima House,Other,Fès,Abdelkarim Benjelloun,34.0391101,-5.0048326,,,,0,,openstreetmap
Le Coin de Bonheur,Other,Fès,Abdelkarim Benjelloun,34.0394777,-5.0054341,,,,0,,openstreetmap
Café Babylon,Other,Fès,Abdelkarim Benjelloun,34.0395633,-5.0055677,,,,0,,openstreetmap
Les quatre coins,Other,Fès,,34.0367749,-4.9988664,,,,0,,openstreetmap
Poulet rôtis,Other,Fès,,34.0368063,-4.9987817,,,,0,,openstreetmap
Snack Kamo Sushi,Other,Fès,Abdelkarim Benjelloun,34.0397179,-5.0058759,,,,0,,openstreetmap
Café et Salle des Jeux Seven Lamsaffer,Other,Fès,Abdelkarim Benjelloun,34.0389519,-5.0048556,,,,0,,openstreetmap
Cremerie Cactus,Other,Fès,Med El Jay,34.0320098,-5.0237978,,,,0,,openstreetmap
Café sarakosta,Other,Fès,Med Ljay,34.0319509,-5.0240032,,,,0,,openstreetmap
Fez Café,Other,Fès,,34.0614133,-4.9787162,,,,0,,openstreetmap
Les Deux Magots,Other,Fès,Rue Omar Al Mokhtar,34.0361799,-4.996802,,,,0,,openstreetmap
Crémerie le coin lyaakoubi,Other,Fès,,34.0400889,-5.0292796,,,,0,,openstreetmap
Cafe Epie D'or,Other,Fès,,34.040216,-5.0296563,,,,0,,openstreetmap
Casse croûte fatima hamani,Other,Fès,,34.0398795,-5.0309729,,,,0,,openstreetmap
Cafe tabiaa,Other,Fès,,34.0398404,-5.0311247,,,,0,,openstreetmap
Crémerie jalila,Other,Fès,,34.0398277,-5.0311811,,,,0,,openstreetmap
Grand Alaise,Other,Fès,Wassel Ibn Ataa,34.0398902,-5.007188,,,,0,,openstreetmap
Café Cup Sud,Other,Fès,Rue Moujahid El Ayachi ex Pierre Loti,34.0370998,-4.9973832,,,,0,,openstreetmap
Restaurant Marrakech,Other,Fès,Rue Omar Al Mokhtar,34.0360073,-4.9972231,,,,0,,openstreetmap
Café Rotterdam,Other,Fès,Hassan El Basri,34.0416389,-5.0083045,,,,0,,openstreetmap
maison moi anan,Other,Fès,,34.0644898,-4.9785742,,,,0,,openstreetmap
Cremerie Moulay Driss,Other,Fès,Av Omar Ibn Al Khattab,34.0265054,-5.021592,,,,0,,openstreetmap
Café Le kitch,Other,Fès,Av Omar Ibn Al Khattab,34.0279663,-5.0226283,,,,0,,openstreetmap
Café Kawtar,Other,Fès,Rue Omar Al Mokhtar,34.0363111,-4.9962918,,,,0,,openstreetmap
Laitiere El Anouar Loudiyi Anouar,Other,Fès,Oussama Bnou Zayd,34.0416417,-5.0107563,,,,0,,openstreetmap
Snack Zahouani Rachid,Other,Fès,Oussama Bnou Zayd,34.0416278,-5.0102179,,,,0,,openstreetmap
Laitiere Slaoui Berrada Rajae,Other,Fès,Oussama Bnou Zayd,34.0418634,-5.0104078,,,,0,,openstreetmap
Laitier et gâteau anoir,Other,Fès,,34.0399514,-5.0289089,,,,0,,openstreetmap
Crémier saida,Other,Fès,,34.03984,-5.0289059,,,,0,,openstreetmap
Laitiere Maroua Ben Addou Idrissi Rachid,Other,Fès,Oussama Bnou Zayd,34.0417109,-5.0120375,,,,0,,openstreetmap
Casse croûte youssefi,Other,Fès,,34.0398778,-5.0292691,,,,0,,openstreetmap
Cafe Galacya,Other,Fès,,34.0394807,-5.0292672,,,,0,,openstreetmap
Snak Fast Medina,Other,Fès,Rue Patrice Lumumba,34.0343057,-4.9971764,,,,0,,openstreetmap
Crémerie El Mourtaoui Fouad,Other,Fès,Oussama Bnou Zayd,34.0417274,-5.0118601,,,,0,,openstreetmap
Thé habibi café,Other,Fès,,34.035945,-4.9999386,,,,0,,openstreetmap
Laitière Zouhir,Other,Fès,Tarik 3,34.0349342,-5.0236548,,,,0,,openstreetmap
Vittorto,Other,Fès,,34.0368407,-4.9983015,,,,0,,openstreetmap
Crémerie la famille,Other,Fès,,34.0369611,-4.9979964,,,,0,,openstreetmap
Nile Nine,Other,Fès,Rue Med Benjelloum,34.0333783,-4.9946673,,,,0,,openstreetmap
Café anoual,Other,Fès,,34.0354903,-4.997884,,,,0,,openstreetmap
Café Lario,Other,Fès,Route Aïn Smen طريق عين السمن,34.0071974,-5.033094,,,,0,,openstreetmap
Café Agdal,Other,Fès,Iyass Ibn Mouaouiya,34.0415178,-5.0133364,,,,0,,openstreetmap
Snack Home Food,Other,Fès,Iyass Ibn Mouaouiya,34.0414121,-5.013401,,,,0,,openstreetmap
Crémerie My Driss Idrissi Ketouni,Other,Fès,Abi Daoud,34.042332,-5.0118397,,,,0,,openstreetmap
Café Brini Hassan,Other,Fès,Abi Daoud,34.0424162,-5.0118698,,,,0,,openstreetmap
Café Inside,Other,Fès,Rue Patrice Lumumba,34.0352249,-4.9948044,,,,0,,openstreetmap
Café La Coupole Amakrane Amrou et Mohammed,Other,Fès,Avenue des Almohades,34.0420728,-5.0130409,,,,0,,openstreetmap
Café De Paris Oukili Karti Rachid,Other,Fès,Avenue des Almohades,34.0423233,-5.0127791,,,,0,,openstreetmap
Restaurant Économique,Other,Fès,Avenue des Almohades,34.043884,-5.0114995,,,,0,,openstreetmap
Café la rosie,Other,Fès,,34.0359718,-5.0290472,,,,0,,openstreetmap
Cremerie El ihssan,Other,Fès,Avenue Saint Louis,34.0263873,-5.0044176,,,,0,,openstreetmap
Myrtys,Other,Fès,,34.0354319,-4.9989191,,,,0,,openstreetmap
IZMIR,Other,Fès,Avenue des Almohades,34.0444549,-5.0100303,,,,0,,openstreetmap
Café El Mondo,Other,Fès,Avenue des Almohades,34.0445312,-5.0097029,,,,0,,openstreetmap
Café Nzala Forever,Other,Fès,Rue Abdelaziz Boutaled,34.0364202,-4.9957061,,,,0,,openstreetmap
Snak,Other,Fès,Rue Abdelaziz Boutaled,34.0342086,-4.9945929,,,,0,,openstreetmap
L'unica لونيكا,Other,Fès,,33.9996794,-5.0129618,,,,0,,openstreetmap
Panaché,Other,Fès,Rue Abdelaziz Boutaled,34.0339797,-4.9940514,,,,0,,openstreetmap
Café Calèche d'or,Other,Fès,Rue Omar Al Mokhtar,34.0364628,-4.9955661,,,,0,,openstreetmap
Café Maria Palace,Other,Fès,Rue Abdelaziz Boutaled,34.0361592,-4.995502,,,,0,,openstreetmap
Crémerie Les Voyageurs,Other,Fès,Avenue des Almohades,34.0455813,-5.0049739,,,,0,,openstreetmap
Snack Bello,Other,Fès,Avenue Saint Louis,34.0242719,-5.0056639,,,,0,,openstreetmap
Laborieuse,Other,Fès,,34.0319374,-4.9943358,,,,0,,openstreetmap
Restaurant omar,Other,Fès,,34.0315253,-4.9940725,,,,0,,openstreetmap
Sandwich hassan,Other,Fès,,34.0314994,-4.9940287,,,,0,,openstreetmap
Snack la place,Other,Fès,,34.0309999,-4.9937079,,,,0,,openstreetmap
دجاج تحيفة,Other,Fès,Avenue Saint Louis,34.0235378,-5.006088,,,,0,,openstreetmap
Café essalam,Other,Fès,,34.0307165,-4.9935258,,,,0,,openstreetmap
Cafe odyssee,Other,Fès,,34.0359461,-5.000954,,,,0,,openstreetmap
Café Venizia Ice,Other,Fès,Rue Omar Al Idrissi,34.0387856,-4.9933699,,,,0,,openstreetmap
Café Google,Other,Fès,Bld Dhar Marez,34.0327858,-4.9923296,,,,0,,openstreetmap
Snack oued dahab,Other,Fès,,34.029494,-4.9929646,,,,0,,openstreetmap
Café Verre D'or,Other,Fès,Avenue Saint Louis,34.0220199,-5.0069744,,,,0,,openstreetmap
Café Star Essaada,Other,Fès,Avenue Saint Louis,34.0218721,-5.0070437,,,,0,,openstreetmap
Café Ritz,Other,Fès,Bv Otmane ben affane,34.0442789,-5.0062104,,,,0,,openstreetmap
Casse-croûte Kotbi Khadija,Other,Fès,Bv Otmane ben affane,34.0444352,-5.0058076,,,,0,,openstreetmap
Rocan Bleu,Other,Fès,Rue Hassan Dkhissi,34.0330033,-4.9940723,,,,0,,openstreetmap
Étoile de l'Atlas,Other,Fès,Rue Hassan Dkhissi,34.0330335,-4.9937077,,,,0,,openstreetmap
Café Brawn,Other,Fès,Avenue Saint Louis,34.0199377,-5.0067704,,,,0,,openstreetmap
Cremerie Ibno Batouta,Other,Fès,Avenue Saint Louis,34.0183881,-5.006599,,,,0,,openstreetmap
Café Abitjanise,Other,Fès,Avenue Saint Louis,34.0182842,-5.0066198,,,,0,,openstreetmap
Grego delice,Other,Fès,,34.0302435,-4.9928215,,,,0,,openstreetmap
Café gruzni,Other,Fès,,34.0309129,-4.9933283,,,,0,,openstreetmap
L' Arc de Triomphe,Other,Fès,Av Saint Louis,34.0147573,-5.0076021,,,,0,,openstreetmap
Snack Moukhtar Alassam,Other,Fès,Av. Abi Hanifa,34.0438116,-5.0069488,,,,0,,openstreetmap
Café La Nation,Other,Fès,Bv Otmane ben affane,34.0434746,-5.0081162,,,,0,,openstreetmap
Laitiere Ghizlane,Other,Fès,Av. Abi Hanifa,34.0434853,-5.0065158,,,,0,,openstreetmap
Les Canarier,Other,Fès,Av Saint Louis,34.0146557,-5.0073042,,,,0,,openstreetmap
Café La Montana,Other,Fès,Av Saint Louis,34.0160266,-5.0069831,,,,0,,openstreetmap
Café New Balima,Other,Fès,Bld Dhar Marez,34.0322739,-4.9921065,+212535732454,,,0,,openstreetmap
Café la belle vie,Other,Fès,Route des champs,34.0327248,-4.9906636,,,,0,,openstreetmap
Café Noumidia,Other,Fès,Route des champs,34.0330341,-4.9904606,,,,0,,openstreetmap
Cremerie El Mahi,Other,Fès,Av Saint Louis,34.0171063,-5.006713,,,,0,,openstreetmap
Café chatie,Other,Fès,,34.0285008,-4.9933338,,,,0,,openstreetmap
Café Zarhoune,Other,Fès,Route des champs,34.0353461,-4.9906236,,,,0,,openstreetmap
Snak Lido,Other,Fès,Route des champs,34.0340056,-4.9907273,,,,0,,openstreetmap
Ville venisia,Other,Fès,,34.0334301,-5.0550508,,,,0,,openstreetmap
Pioche icecram,Other,Fès,Avenue Saint Louis,34.0180636,-5.0065044,,,,0,,openstreetmap
Snack La Vie,Other,Fès,Avenue Saint Louis,34.018308,-5.0064284,,,,0,,openstreetmap
Marbella Palace,Other,Fès,Avenue Saint Louis,34.0181847,-5.0064844,,,,0,,openstreetmap
Café Espace Minissa,Other,Fès,Route des champs,34.0334718,-4.9907238,,,,0,,openstreetmap
Yang Tse,Other,Fès,Imam chafai,34.0449574,-5.0067072,,,,0,,openstreetmap
Café Festina Palace,Other,Fès,Imam chafai,34.0450712,-5.0067543,,,,0,,openstreetmap
Snack Vinezia,Other,Fès,Bld Dhar Marez,34.0324494,-4.9919947,,,,0,,openstreetmap
Café Tahiti,Other,Fès,Bld Dhar Marez,34.0329371,-4.9907664,,,,0,,openstreetmap
Café Bendrom,Other,Fès,Bld Dhar Marez,34.0323312,-4.9931113,,,,0,,openstreetmap
Cremerie Rayan,Other,Fès,Avenue Saint Louis,34.0207342,-5.006691,,,,0,,openstreetmap
Café Sky Club,Other,Fès,Avenue Saint Louis,34.0223365,-5.006553,,,,0,,openstreetmap
Snack Eltaj,Other,Fès,Rue Tanger,34.0301475,-4.9920214,,,,0,,openstreetmap
Café Lily à pol,Other,Fès,Rue Tanger,34.0302774,-4.9920845,,,,0,,openstreetmap
Laitière lido,Other,Fès,Bld Dhar Marez,34.0341282,-4.9902516,,,,0,,openstreetmap
Cafe Arabica,Other,Fès,Avenue Saint Louis,34.0240448,-5.0054924,,,,0,,openstreetmap
Crémier senhaji moumen,Other,Fès,,34.0341886,-4.9977865,,,,0,,openstreetmap
Café Mitropoul,Other,Fès,Avenue Ibn Al Haytam,34.0333172,-4.989569,,,,0,,openstreetmap
Café Athene,Other,Fès,Avenue Saint Louis,34.0264159,-5.0040131,,,,0,,openstreetmap
Hazer baba,Other,Fès,,34.0326789,-4.9953019,,,,0,,openstreetmap
Berber cafe on roof terrace,Other,Fès,,34.0643538,-4.9736784,,,,0,,openstreetmap
Café cremerie L'esperance,Other,Fès,Avenue Saint Louis,34.0302643,-4.9993856,,,,0,,openstreetmap
Laitiere El Karam Bahij M'hamed,Other,Fès,Ibn Hajar,34.0432557,-5.0090194,,,,0,,openstreetmap
Café Calabria,Other,Fès,Ibn Hajar,34.0439259,-5.0093179,,,,0,,openstreetmap
Cafe Le Melting pot,Other,Fès,Avenue Saint Louis,34.0306734,-4.9989577,,,,0,,openstreetmap
Restaurant Los Pescadores,Other,Fès,Avenue Saint Louis,34.030758,-4.9988678,+212535642355,http://www.lospescadores-fes.com/index.php,,0,,openstreetmap
Café Aviation,Other,Fès,Bld Dhar Marez,34.0344857,-4.9889182,,,,0,,openstreetmap
Café La Boussole,Other,Fès,Ibn Hazm,34.0427345,-5.0105666,,,,0,,openstreetmap
Sandwich El Saada,Other,Fès,Med Ghrrit,34.0250462,-5.0054765,,,,0,,openstreetmap
Café El Manara Vert,Other,Fès,Bld Dhar Marez,34.0342888,-4.989102,,,,0,,openstreetmap
Ba kekki,Other,Fès,,34.031707,-4.9945242,,,,0,,openstreetmap
Laiterie marmoucha,Other,Fès,,34.0315269,-4.9944674,,,,0,,openstreetmap
Café drugstore,Other,Fès,Bld Dhar Marez,34.0301691,-4.983606,,,,0,,openstreetmap
Hui-Huang,Other,Fès,Rue 17,34.0241163,-5.0067886,,,,0,,openstreetmap
Café Les Fleurs,Other,Fès,Avenue Ibn Al Haytam,34.0294868,-4.9820621,,,,0,,openstreetmap
Café la tasse,Other,Fès,,34.0313442,-4.9951702,,,,0,,openstreetmap
Restaurant Pam Pam,Other,Fès,Avenue Ibn Al Atir,34.0218837,-5.0102799,,,,0,,openstreetmap
Café Best Time,Other,Fès,Avenue Ibn Al Atir,34.0221574,-5.0114696,,,,0,,openstreetmap
Café La Capsule Sbai Regragui Mounia,Other,Fès,Avenue Ibn Al Atir,34.0214871,-5.0078429,,,,0,,openstreetmap
Crémerie Andalous,Other,Fès,Avenue Ibn Al Atir,34.0218218,-5.0100114,,,,0,,openstreetmap
Café Salcido,Other,Fès,Avenue Ibn Al Atir,34.0221416,-5.011595,,,,0,,openstreetmap
Café Nantes,Other,Fès,Avenue Ibn Al Atir,34.0218954,-5.0105503,,,,0,,openstreetmap
Café najm,Other,Fès,,34.0308625,-4.995053,,,,0,,openstreetmap
Salem Ahmed,Other,Fès,Avenue Ibn Al Atir,34.0214163,-5.007495,,,,0,,openstreetmap
Laitiere Moutaouakkil Driss,Other,Fès,Avenue Ibn Al Atir,34.0216691,-5.0088075,,,,0,,openstreetmap
Café Al Hawdaj,Other,Fès,Avenue Ibn Al Atir,34.0217965,-5.0098044,,,,0,,openstreetmap
Café New Relax,Other,Fès,Avenue Ibn Al Atir,34.0224736,-5.0124358,,,,0,,openstreetmap
Café Dambloise,Other,Fès,Avenue Ibn Al Atir,34.0226522,-5.0129034,,,,0,,openstreetmap
Restaurant Le Plaisir,Other,Fès,Avenue Ibn Al Atir,34.0226019,-5.012789,,,,0,,openstreetmap
Pizza let si Go,Other,Fès,,34.0278678,-4.9942915,,,,0,,openstreetmap
Café Cappella,Other,Fès,Avenue Al Ghassani,34.0441374,-4.9880426,,,,0,,openstreetmap
Café Aya,Other,Fès,Avenue Mohamed Ben Arbi Alaoui,34.0401451,-4.9901502,,,,0,,openstreetmap
Laitière El Massira,Other,Fès,Avenue Al Ghassani,34.0425691,-4.9863287,,,,0,,openstreetmap
Cremerie Abir,Other,Fès,Avenue Mohamed Ben Arbi Alaoui,34.0404919,-4.9891168,,,,0,,openstreetmap
Café la Brisa,Other,Fès,Rue Tanger,34.0291654,-4.9914864,,,,0,,openstreetmap
Snak fes food,Other,Fès,,34.0351459,-4.9984952,,,,0,,openstreetmap
Almajd,Other,Fès,Rue 21,34.0235626,-5.0061412,,,,0,,openstreetmap
Café Al Andalous,Other,Fès,rue Midelt,34.026815,-4.9869917,,,,0,,openstreetmap
Laitière zahrae,Other,Fès,Bld Dhar Marez,34.0267691,-4.9874536,,,,0,,openstreetmap
Sandwich Benmaseoud,Other,Fès,Avenue Ouahrane,34.0246523,-4.9853306,,,,0,,openstreetmap
Laitiere Khayr Allah,Other,Fès,Avenue Ibn Al Atir,34.0242396,-5.0165516,,,,0,,openstreetmap
Café Images L'astree,Other,Fès,Bld Dhar Marez,34.026927,-4.988727,,,,0,,openstreetmap
Black Ice Cafe,Other,Fès,,34.0333274,-4.9971708,,,,0,,openstreetmap
Crémerie Ziad,Other,Fès,Avenue Ibn Al Atir,34.024886,-5.0181391,,,,0,,openstreetmap
Café Le Barron,Other,Fès,Avenue Ibn Al Atir,34.0219114,-5.0116899,,,,0,,openstreetmap
Snack L' Escalope,Other,Fès,Avenue Ibn Al Atir,34.0218518,-5.0112861,,,,0,,openstreetmap
Café El Khalil,Other,Fès,Avenue Ibn Al Atir,34.0225858,-5.013459,,,,0,,openstreetmap
Fassinova,Other,Fès,Avenue Ibn Al Atir,34.0253723,-5.019115,,,,0,,openstreetmap
Café Malaika Hsinou Abdelilah,Other,Fès,Avenue Ibn Al Atir,34.0254312,-5.0192149,,,,0,,openstreetmap
Café Chourafa,Other,Fès,Avenue Ibn Al Atir,34.0245012,-5.0178403,,,,0,,openstreetmap
Café Normandie,Other,Fès,Avenue Ibn Al Atir,34.0242022,-5.0172092,,,,0,,openstreetmap
Café pyramisa,Other,Fès,Boulevard Moulay Rachid,34.0213768,-4.9826156,,,,0,,openstreetmap
Cafe Baydir,Other,Fès,Boulevard Moulay Rachid,34.0210126,-4.9833401,,,,0,,openstreetmap
Le 33,Other,Fès,Avenue Al Karama,34.0202119,-4.9849924,,,,0,,openstreetmap
Cremerie Aziza,Other,Fès,Avenue Al Karama,34.0206119,-4.9871954,,,,0,,openstreetmap
Cremerie El firdaws,Other,Fès,Boulevard Moulay Rachid,34.0228174,-4.9885013,,,,0,,openstreetmap
Café la musée,Other,Fès,Boulevard Moulay Rachid,34.0234514,-4.9888861,,,,0,,openstreetmap
"Au P""tit Snack",Other,Fès,Bno Abi Zaraa,34.0227158,-5.0067746,,,,0,,openstreetmap
Bousbata Mohammed Sghir et Driss Mahfoud El Khalfaoui,Other,Fès,Avenue Ibn Al Atir,34.0205848,-5.0047198,,,,0,,openstreetmap
Tipico Pizza Fahmi Amine,Other,Fès,Avenue Ibn Al Atir,34.0205369,-5.0045143,,,,0,,openstreetmap
Casse-croûte Laamiri Abdelouahed,Other,Fès,Avenue Ibn Al Atir,34.0207596,-5.0056597,,,,0,,openstreetmap
Laitiere Ibn Al Atir,Other,Fès,Avenue Ibn Al Atir,34.0201947,-5.003306,,,,0,,openstreetmap
Café Le 64,Other,Fès,Avenue Ibn Al Atir,34.0202153,-5.0030353,,,,0,,openstreetmap
Cafe la coste,Other,Fès,Boulevard Moulay Rachid,34.0249557,-4.9897999,,,,0,,openstreetmap
Laitiere El Amrani,Other,Fès,Rue Khalil,34.0220899,-5.0137551,,,,0,,openstreetmap
Café Sandriyo,Other,Fès,Rue Abdelkadir Fassi,34.0201093,-5.0119608,,,,0,,openstreetmap
Crémerie Al Baraka,Other,Fès,Mosquée Al Baraka Adarissa,34.0198121,-5.0143963,,,,0,,openstreetmap
Restaurant Escale,Other,Fès,Haj Mustapha Lahlou Adarissa,34.0196632,-5.0144306,,,,0,,openstreetmap
Crémerie La Petite Perle,Other,Fès,Haj Mustapha Lahlou Adarissa,34.0195515,-5.013975,,,,0,,openstreetmap
Café La Vana Bouhlal Bouchta,Other,Fès,Rue Khalil,34.0210136,-5.0145425,,,,0,,openstreetmap
Café Coral Fes,Other,Fès,Rue Ariha,34.0207955,-5.0140095,,,,0,,openstreetmap
Café Get Set,Other,Fès,Rue Abdelkadir Fassi,34.0199145,-5.0115226,,,,0,,openstreetmap
Laitiere Abou Al Karam,Other,Fès,Mosquée Al Baraka Adarissa,34.0201219,-5.0142825,,,,0,,openstreetmap
Cremerie Al Akhawayne,Other,Fès,Av Tabari,34.0256686,-5.006873,,,,0,,openstreetmap
Café Nourat,Other,Fès,Route Aïn Smen,34.018005,-5.0194868,,,,0,,openstreetmap
Cinema cafe,Other,Fès,Rue Sidi El Khiyat,34.060114,-4.9813138,+212535638395,https://cinemacafefez.business.site/,,0,,openstreetmap
Cremerie Kings & Youngs,Other,Fès,,34.0162375,-5.006245,,,,0,,openstreetmap
Laiterie Adrouji,Other,Fès,,34.0165756,-5.0059415,,,,0,,openstreetmap
Cafe classico,Other,Fès,,34.0174465,-5.0051761,,,,0,,openstreetmap
Del Man Cafe,Other,Fès,,34.0164148,-5.0058648,,,,0,,openstreetmap
KMB Snack,Other,Fès,,34.0171721,-5.0052073,,,,0,,openstreetmap
Snack Carla D'or,Other,Fès,,34.017319,-5.0050782,,,,0,,openstreetmap
Cafe Touiti,Other,Fès,,34.0177713,-5.0047154,,,,0,,openstreetmap
Cafe DVD,Other,Fès,,34.0183111,-5.0043301,,,,0,,openstreetmap
Manhattan,Other,Fès,,34.0205417,-5.0025755,,,,0,,openstreetmap
Oberoi,Other,Fès,,34.0200422,-5.0030377,,,,0,,openstreetmap
Ste Atlantico Fish,Other,Fès,,34.019495,-5.0034765,,,,0,,openstreetmap
Laitiere Badr,Other,Fès,Route Aïn Smen,34.0217969,-5.0174232,,,,0,,openstreetmap
Grillade Bensouda مشوار بن سودة,Other,Fès,,34.0137583,-5.05064,,,,0,,openstreetmap
Café Abdou,Other,Fès,Mohammed 6 Hay Badr,34.0234871,-5.0266262,,,,0,,openstreetmap
Crémerie La Buvette,Other,Fès,Avenue Mohammed VI,34.0238728,-5.026706,,,,0,,openstreetmap
Café Barbecue House,Other,Fès,Route Aïn Smen,34.0236174,-5.0162036,,,,0,,openstreetmap
Café Lina Nova,Other,Fès,Mohammed 6 Route Ain Smen,34.018525,-5.0205552,,,,0,,openstreetmap
Café Champs-Elysées,Other,Fès,Route Aïn Smen,34.0196486,-5.0182642,,,,0,,openstreetmap
Café Luxor,Other,Fès,Route Aïn Smen,34.0196834,-5.0180017,,,,0,,openstreetmap
Café Arabesc Ahl Fes,Other,Fès,Mohammed 6 Hay Badr,34.0197253,-5.0229323,,,,0,,openstreetmap
Café Half Moon,Other,Fès,Route Aïn Smen,34.0195881,-5.0184454,,,,0,,openstreetmap
Crémerie Société Gzira,Other,Fès,Route Aïn Smen,34.0235112,-5.0162578,,,,0,,openstreetmap
Laitiere Senhaji Mohammed,Other,Fès,Route Aïn Smen,34.0225572,-5.0164304,,,,0,,openstreetmap
Gusto Justo,Other,Fès,Mohammed 6 Route Ain Smen,34.0182295,-5.0200559,,,,0,,openstreetmap
Tacos De Fes,Other,Fès,Mohammed 6 Route Ain Smen,34.0191492,-5.0203755,,,,0,,openstreetmap
Tacos Naoufal Benhaddou,Other,Fès,Route Ain Smen Hay Badr,34.0198759,-5.018767,,,,0,,openstreetmap
Snack L'Habib Alaoui Balghiti,Other,Fès,route Ain Smen Hay Badr,34.0198359,-5.0183744,,,,0,,openstreetmap
Café Lool Pool,Other,Fès,Rue Chaouki,34.016731,-5.0165294,,,,0,,openstreetmap
Café Destinia,Other,Fès,Mohammed 6 Hay Badr,34.0204229,-5.0239841,,,,0,,openstreetmap
Café Room 147,Other,Fès,Mohammed El Fassi Hay Adarissa,34.0173654,-5.0168168,,,,0,,openstreetmap
Restaurant Costa Serena,Other,Fès,Route Ain Smen Hay Badr Face Mosquée Badr,34.0235415,-5.0205108,,,,0,,openstreetmap
Café La Brise Rouen,Other,Fès,Route Ain Smen Hay Badr Face Mosquée Badr,34.0234154,-5.02018,,,,0,,openstreetmap
Café & You Club,Other,Fès,Omar Ibn Abdeljalil Hay Adarissa Lotis Firdaous,34.0187376,-5.0144825,,,,0,,openstreetmap
Crémerie 33 Michigan,Other,Fès,Omar Ibn Abdeljalil Hay Adarissa,34.018309,-5.0131048,,,,0,,openstreetmap
Café Costa Serena Société Nor Concept,Other,Fès,Route Ain Smen Hay Badr,34.0236187,-5.0206773,,,,0,,openstreetmap
Snack Restaurant Vietnamien,Other,Fès,Tabari,34.0265365,-5.006559,,,,0,,openstreetmap
Café Bismillah,Other,Fès,Rue 65,34.0218506,-5.0093076,,,,0,,openstreetmap
Cafe Nour,Other,Fès,Rue 65,34.0231197,-5.009089,,,,0,,openstreetmap
Restaurant Bouanania,Other,Fès,Rue Talaâ Kbira الطالعة الكبيرة,34.0619008,-4.9839297,,,,0,,openstreetmap
Snack lahlou,Other,Fès,,34.0326279,-4.9952232,,,,0,,openstreetmap
Café Rex,Other,Fès,,34.0323108,-4.9952288,,,,0,,openstreetmap
Snack el madina,Other,Fès,,34.032236,-4.995205,,,,0,,openstreetmap
Snack abdou,Other,Fès,,34.0328106,-4.996538,,,,0,,openstreetmap
Big chef pizza,Other,Fès,,34.0175813,-5.0054743,,,,0,,openstreetmap
Fragola,Other,Fès,,34.0177605,-5.0055449,,,,0,,openstreetmap
Délices,Other,Fès,,34.0180548,-5.0060308,,,,0,,openstreetmap
Cremerie champ de fruit,Other,Fès,Route Ain Chkef,34.0146191,-5.000925,,,,0,,openstreetmap
Snak Lille,Other,Fès,Avenue Ibn Al Atir,34.0145767,-5.0011091,,,,0,,openstreetmap
Café la calise,Other,Fès,avenue mohamed El Fassi,34.0143698,-5.0017964,,,,0,,openstreetmap
Café Oscar,Other,Fès,Route Ain Chkef,34.0143185,-5.0019589,,,,0,,openstreetmap
Café Vip,Other,Fès,Route Ain Chkef,34.0142782,-5.0021354,,,,0,,openstreetmap
Le tarbouche,Other,Fès,Rue Talaâ Kbira الطالعة الكبيرة,34.0639245,-4.9809009,+212535636889,https://www.facebook.com/letarbouchefes/,,0,,openstreetmap
Café al fakhir,Other,Fès,,34.0329203,-4.9968123,,,,0,,openstreetmap
Crémerie argana,Other,Fès,,34.0330506,-4.9963343,,,,0,,openstreetmap
l'Omega 3 لوميكا,Other,Fès,,34.025281,-5.0329079,,,,0,,openstreetmap
Taco tac,Other,Fès,,34.0142659,-5.0027169,,,,0,,openstreetmap
Café le stendhal,Other,Fès,Route Ain Chkef,34.0141233,-5.0064103,,,,0,,openstreetmap
Borj el hout,Other,Fès,,34.032175,-4.9953819,,,,0,,openstreetmap
Grillade diko,Other,Fès,,34.0320869,-4.9957808,,,,0,,openstreetmap
Restaurant belmaki,Other,Fès,,34.0319276,-4.9964627,,,,0,,openstreetmap
Café voyageurs,Other,Fès,,34.0310769,-4.9967167,,,,0,,openstreetmap
Café Zahra errabie,Other,Fès,,34.0315592,-4.99678,,,,0,,openstreetmap
Cremerie allidin,Other,Fès,,34.0196359,-5.0009172,,,,0,,openstreetmap
Laitiere Saiss Adarissa,Other,Fès,Omar Ibn Abdeljalil Hay Adarissa,34.0181413,-5.0134414,,,,0,,openstreetmap
Café L' Apostrophe,Other,Fès,Route d'Immouzzer,34.0295291,-4.9980283,,,,0,,openstreetmap
Café Espace Vert,Other,Fès,Hay Raha,34.0247652,-5.0119886,,,,0,,openstreetmap
Chez Hamid,Other,Fès,,34.0288375,-4.9949803,,,,0,,openstreetmap
Café Pâtisserie Restaurant L' Ambra,Other,Fès,Avenue Roi Houssaine Route d ' Immouzzer,34.0205052,-4.9960228,,,,0,,openstreetmap
Café Adan,Other,Fès,Avenue Roi Houssaine Rue Ibn Hani,34.0288502,-4.9991501,,,,0,,openstreetmap
Snack mouhcine,Other,Fès,,34.0289796,-4.9954521,,,,0,,openstreetmap
Restaurant Lounge Andalous,Other,Fès,Avenue Roi Houssaine Route d ' Immouzzer,34.0210876,-4.9968308,+212535603162,,,0,,openstreetmap
L' Ami,Other,Fès,Avenue Roi Houssaine Route d ' Immouzzer près du Café Adan,34.028785,-4.9989417,,,,0,,openstreetmap
Domino's,Other,Fès,,34.0456794,-4.9952002,+212535653929,,,0,,openstreetmap
Café et Restaurant Dix - 30,Other,Fès,Avenue My Hicham Route d ' Immouzzer,34.0267134,-4.9955681,,,,0,,openstreetmap
Café Santa Rosa,Other,Fès,Avenue My Hicham et Avenue Lissaneddine Ibn Khatib Route d ' Immouzzer,34.0266725,-4.9945839,,,,0,,openstreetmap
Café Victoria,Other,Fès,Avenue Ibn Khatib Atlas Route de Sefrou,34.028206,-4.9925125,,,,0,,openstreetmap
Laitière Meryem,Other,Fès,Abi Jaafar Ibno Atiya,34.0262965,-5.0040281,,,,0,,openstreetmap
Outshy Sandwich Club,Other,Fès,Avenue Ibn Khatib Route d ' Immouzzer,34.0263059,-4.9946297,,,,0,,openstreetmap
Cremerie Aberahim,Other,Fès,Abdelaziz Fechtali,34.0269526,-5.0026699,,,,0,,openstreetmap
Café Flamme Rouge,Other,Fès,Avenue Ibn Khatib Route d ' Immouzzer Resi Étoiles,34.0248589,-4.996368,,,,0,,openstreetmap
Café Pronto,Other,Fès,Ait Skatou,34.026278,-5.0004703,,,,0,,openstreetmap
La Table Libanaise,Other,Fès,Ait Skatou,34.0262049,-5.0002774,,,,0,,openstreetmap
Cremerie Makour,Other,Fès,Ait Skatou,34.0260602,-4.9990322,,,,0,,openstreetmap
Crémerie Sbai Sassi Saad,Other,Fès,Avenue Khalid Ibn Oualid Hay Bouramana,34.0218134,-4.9936821,,,,0,,openstreetmap
La Tulipe,Other,Fès,Ait Skatou,34.026125,-4.9986788,,,,0,,openstreetmap
Le Salaj,Other,Fès,Derb Salaj,34.0605711,-4.9811934,,,,0,,openstreetmap
Café le Bon Coin,Other,Fès,Avenue Moulay Youssef,34.0460235,-4.9967595,,,,0,,openstreetmap
Café la jeunesse,Other,Fès,Avenue Moulay Youssef,34.0458566,-4.9968059,,,,0,,openstreetmap
Poisson L' Ariva,Other,Fès,Route Ain Chkaf,34.0122349,-5.0081951,,,,0,,openstreetmap
Palma Palace,Other,Fès,Route Ain Chkaf,34.0099816,-5.0090247,,,,0,,openstreetmap
Café Andalousia,Other,Fès,Avenue My Rachid Route de Sefrou Narjis A Resi Al Baraka,34.0173305,-4.9849187,,,,0,,openstreetmap
Arizona Pizzeria,Other,Fès,Avenue My Rachid Route de Sefrou Narjis A Lotis Amine,34.0137506,-4.9820299,,,,0,,openstreetmap
Café villa nouva,Other,Fès,Avenue Hassan II,34.0447317,-4.9973407,,,,0,,openstreetmap
L'original,Other,Fès,Avenue Hassan II شارع الحسن الثاني,34.0438991,-4.9980456,,,,0,,openstreetmap
مقشدة الريف,Other,Fès,Avenue My Rachid Route de Sefrou Lotis Ouafae 1,34.0118513,-4.9805389,,,,0,,openstreetmap
Café TopKapi,Other,Fès,Avenue My Rachid Route de Sefrou Lotis Ouafae 1,34.0111625,-4.9799708,,,,0,,openstreetmap
Cremerie Hawaï,Other,Fès,Avenue Hassan II,34.0408027,-5.0004564,,,,0,,openstreetmap
Café L' Aciana,Other,Fès,Route Ain Chkaf,33.9982721,-5.0107273,,,,0,,openstreetmap
Café avenda palace,Other,Fès,,34.0105471,-4.9795492,,,,0,,openstreetmap
Café mixe,Other,Fès,,34.0104608,-4.9794754,,,,0,,openstreetmap
Café Alanya,Other,Fès,,34.0093657,-4.9787698,,,,0,,openstreetmap
Pescado,Other,Fès,Route Ain Chkaf,34.0017992,-5.0103986,,,,0,,openstreetmap
Le Narval,Other,Fès,Route Ain Chkaf,34.0017124,-5.0101245,,,,0,,openstreetmap
Café Al Momayaza,Other,Fès,Route Ain Chkaf,34.0015077,-5.0094249,,,,0,,openstreetmap
Cremerie jus Blanco,Other,Fès,Route Ain Chkaf,34.0016567,-5.0098923,,,,0,,openstreetmap
Café San claire,Other,Fès,Route Ain Chkaf,34.0004489,-5.0079965,,,,0,,openstreetmap
Cass-croute assimate Dajaj,Other,Fès,Rue d'Arabie Saoudite,34.0398312,-5.0018269,,,,0,,openstreetmap
Cremerie Yahya Asfour,Other,Fès,Riad Yasmine,33.9991435,-5.0092539,,,,0,,openstreetmap
Casse croûte Nakhil,Other,Fès,Rue d'Arabie Saoudite,34.0398013,-5.0017545,,,,0,,openstreetmap
Café Mikki Rikki,Other,Fès,Fadilla 3,33.9992032,-5.0079394,,,,0,,openstreetmap
Café espace dream,Other,Fès,,34.0173142,-4.9798529,,,,0,,openstreetmap
Snack mardilla,Other,Fès,,34.0170598,-4.9791797,,,,0,,openstreetmap
Snack Moncef,Other,Fès,,34.0169712,-4.978945,,,,0,,openstreetmap
Café frankfort,Other,Fès,,34.0169327,-4.9788432,,,,0,,openstreetmap
Café las palmas,Other,Fès,,34.0167142,-4.9782648,,,,0,,openstreetmap
Café espace artista,Other,Fès,,34.0158413,-4.9761059,,,,0,,openstreetmap
Café Milanino,Other,Fès,Fadila 3,34.0004279,-5.0053139,,,,0,,openstreetmap
Café Fath,Other,Fès,Route Ain Chkef,34.0000829,-5.0046563,,,,0,,openstreetmap
Restaurant fiesta,Other,Fès,,34.0150451,-4.9757537,,,,0,,openstreetmap
Café l'incontro,Other,Fès,,34.0151971,-4.975945,,,,0,,openstreetmap
Snack delice,Other,Fès,,34.0150926,-4.9748132,,,,0,,openstreetmap
Restaurant al jazira,Other,Fès,,34.0151613,-4.9747362,,,,0,,openstreetmap
Snack Disney,Other,Fès,,34.0165266,-4.9778591,,,,0,,openstreetmap
Cremerie Pourquoi pas,Other,Fès,Route Ain Chkef,34.0024644,-5.0080498,,,,0,,openstreetmap
Crémerie salam,Other,Fès,,34.0144403,-4.9723723,,,,0,,openstreetmap
Café Pollak,Other,Fès,,34.0144461,-4.9709397,,,,0,,openstreetmap
Cremerie Zahrat et Al Madaen,Other,Fès,Route Ain Chkef,34.0026643,-5.0083741,,,,0,,openstreetmap
Café Riad Yasmine,Other,Fès,Route Ain Chkef,34.0024735,-5.0082893,,,,0,,openstreetmap
Laiterie imane,Other,Fès,,34.014426,-4.964463,,,,0,,openstreetmap
Café casanova,Other,Fès,,34.0145434,-4.9688867,,,,0,,openstreetmap
Café Ayoub,Other,Fès,,34.0145658,-4.9700912,,,,0,,openstreetmap
Pizza Pasta,Other,Fès,Avenue My Rachid Route de Sefrou Zohor 1,34.0121037,-4.9813166,,,,0,,openstreetmap
Café Basma,Other,Fès,Avenue My Rachid Route de Sefrou Zohor 1 Rue Boulivia,34.0117539,-4.9810307,,,,0,,openstreetmap
Café Somatra,Other,Fès,Avenue My Rachid Route de Sefrou Zohor 2 Lotis Laila,34.0077459,-4.978071,,,,0,,openstreetmap
Société Café,Other,Fès,Avenue Karama et Avenue Abi Horaira Zohor 1,34.0179105,-4.9859624,,,,0,,openstreetmap
Café Top Marveille,Other,Fès,Avenue My Rachid Route de Sefrou Zohor 1,34.017739,-4.9855905,,,,0,,openstreetmap
Primo Snack,Other,Fès,Avenue My Rachid Route de Sefrou Zohor 1 près du Complexe Social des Aveugles,34.0145313,-4.9832399,,,,0,,openstreetmap
Café Sidney,Other,Fès,Avenue My Rachid Route de Sefrou Lotis Hicham Zohor 1,34.0131325,-4.9821465,,,,0,,openstreetmap
Café Belhaj,Other,Fès,Avenue My Rachid Route de Sefrou Zohor 1,34.0128955,-4.9819537,,,,0,,openstreetmap
Snack Al Aila Aziz Boukir,Other,Fès,Avenue My Rachid Route de Sefrou Zohor 1,34.0106204,-4.9801866,,,,0,,openstreetmap
Café Conporcini,Other,Fès,Avenue My Rachid Route de Sefrou Zohor 1,34.0103619,-4.9799922,,,,0,,openstreetmap
Café La grille,Other,Fès,Avenue My Rachid Route de Sefrou Zohor 2 Lotis Iraki,34.0091298,-4.9792125,,,,0,,openstreetmap
Crémerie Saiss,Other,Fès,Avenue My Rachid Route de Sefrou Zohor 1 Resi Mehdi 3,34.0119782,-4.9812266,,,,0,,openstreetmap
Café la Perla,Other,Fès,,34.0145981,-4.9709311,,,,0,,openstreetmap
Crémerie Vego,Other,Fès,,34.0146125,-4.9713529,,,,0,,openstreetmap
Café Ithri,Other,Fès,,34.0147988,-4.9730616,,,,0,,openstreetmap
Café Mantequilla,Other,Fès,Route Ain Chkef,34.0039355,-5.0090642,,,,0,,openstreetmap
Café et Hôtel Narjis,Other,Fès,Avenue My Rachid Route de Sefrou Lotis Hicham Zohor 1,34.013199,-4.9822057,,,,0,,openstreetmap
Crémerie El Fath,Other,Fès,,34.0161885,-4.9765162,,,,0,,openstreetmap
Cremerie Abou Amira,Other,Fès,Route Ain Chkef,34.0065329,-5.0078068,,,,0,,openstreetmap
Café Caraibi Palace,Other,Fès,Route Ain Chkef,34.0061028,-5.0082133,,,,0,,openstreetmap
Café Hoda,Other,Fès,,34.0175332,-4.9798922,,,,0,,openstreetmap
Snack Damascus,Other,Fès,,34.0176294,-4.9801894,,,,0,,openstreetmap
Café Dublin palace,Other,Fès,,34.0181293,-4.9813397,,,,0,,openstreetmap
Café manhatan,Other,Fès,,34.0188709,-4.9831769,,,,0,,openstreetmap
Café l'orientale,Other,Fès,,34.0191227,-4.983799,,,,0,,openstreetmap
Café Billadi,Other,Fès,Route Ain Chkef,34.0065415,-5.0053223,,,,0,,openstreetmap
Snack Momo,Other,Fès,Avenue Abi Horaira Zohor 1,34.0178219,-4.9865163,,,,0,,openstreetmap
Restaurant La Rose,Other,Fès,Avenue Abi Horaira Zohor 1,34.0175475,-4.9877056,,,,0,,openstreetmap
Snack Ghlimi,Other,Fès,Avenue Abi Horaira Zohor 1,34.0175327,-4.98777,,,,0,,openstreetmap
Café La Paix,Other,Fès,Avenue Abi Horaira Zohor 1,34.0175876,-4.9875321,,,,0,,openstreetmap
Snack El Baraka,Other,Fès,Avenue Abi Horaira Zohor 1,34.0174599,-4.9880855,,,,0,,openstreetmap
Café Belfort,Other,Fès,Route Ain Chkef,34.0045917,-5.0042921,,,,0,,openstreetmap
Cremerie Al Khir,Other,Fès,Route Ain Chkef,34.0039067,-5.0032658,,,,0,,openstreetmap
Plast Food,Other,Fès,,34.0037954,-5.0032737,,,,0,,openstreetmap
Café Ice Square,Other,Fès,Route Ain Chkef,34.004059,-5.0032938,,,,0,,openstreetmap
Café Sanabil,Other,Fès,,34.0339245,-5.0172209,,,,0,,openstreetmap
Café La Caserne,Other,Fès,Avenue Abi Horaira Zohor 1,34.0172846,-4.9888452,,,,0,,openstreetmap
Café Artiistico,Other,Fès,Avenue Abi Horaira Zohor 1,34.0171009,-4.9896414,,,,0,,openstreetmap
Laiterie el Fath,Other,Fès,,34.0169457,-4.9814987,,,,0,,openstreetmap
Crémerie ghaita,Other,Fès,,34.0167821,-4.981513,,,,0,,openstreetmap
Snack la Ribera,Other,Fès,,34.0177124,-4.981429,,,,0,,openstreetmap
Café Ramses,Other,Fès,,34.0198528,-4.9812328,,,,0,,openstreetmap
Café Malak,Other,Fès,Avenue Karama Zohour 1,34.0172508,-4.9859516,,,,0,,openstreetmap
Café Williams,Other,Fès,,34.0185833,-4.9815382,,,,0,,openstreetmap
Café quattro,Other,Fès,,34.0184338,-4.9815436,,,,0,,openstreetmap
Café Hongkong,Other,Fès,,34.0187496,-4.9815699,,,,0,,openstreetmap
Café Moya,Other,Fès,,34.0167359,-4.9817109,,,,0,,openstreetmap
Restaurant Bavi,Other,Fès,Route Imouzer,34.0128351,-5.0026744,,,,0,,openstreetmap
Café Hally,Other,Fès,Avenue Karama Zohour 1,34.0140671,-4.9861677,,,,0,,openstreetmap
Poly Cafés,Other,Fès,Avenue Karama Zohour 1,34.0135088,-4.986298,,,,0,,openstreetmap
Café Samar Leider,Other,Fès,Ain Amir,34.0095308,-5.0034395,,,,0,,openstreetmap
Café Angola,Other,Fès,,34.0150408,-4.9820112,,,,0,,openstreetmap
Café parce halab,Other,Fès,,34.019455,-4.9812417,,,,0,,openstreetmap
Café l'îlot leila,Other,Fès,,34.0157235,-4.9702722,,,,0,,openstreetmap
Café Arraidia,Other,Fès,,34.0160671,-4.9702987,,,,0,,openstreetmap
Café Atlantice Palace,Other,Fès,,34.016192,-4.9702663,,,,0,,openstreetmap
Café najmat El Jabal,Other,Fès,,34.0169107,-4.9702504,,,,0,,openstreetmap
Café Al Magharib,Other,Fès,,34.0182702,-4.9701891,,,,0,,openstreetmap
Crémerie Anouar,Other,Fès,,34.0167153,-4.9705968,,,,0,,openstreetmap
Café Rihab fes,Other,Fès,,34.0159935,-4.9706051,,,,0,,openstreetmap
Snack El wafae,Other,Fès,,34.0096459,-4.9783211,,,,0,,openstreetmap
Café jibal Rif,Other,Fès,,34.0097528,-4.9781409,,,,0,,openstreetmap
Café festival,Other,Fès,,34.0098394,-4.978015,,,,0,,openstreetmap
Cremerie Ouzoud,Other,Fès,Mohammed El Fassi,34.0140406,-5.0016257,,,,0,,openstreetmap
Café Eglo Palace,Other,Fès,,34.0111934,-4.9754327,,,,0,,openstreetmap
Snack Katia,Other,Fès,,34.0124853,-4.9729332,,,,0,,openstreetmap
Café Arcobaleno,Other,Fès,,34.0126495,-4.9726688,,,,0,,openstreetmap
Rabti Khalid Pizza Royale,Other,Fès,Avenue Karama Zohour 1,34.0114874,-4.9884505,,,,0,,openstreetmap
Café Youssef,Other,Fès,Avenue Karama Zohour 1,34.0111472,-4.9893115,,,,0,,openstreetmap
Café 23 Taibi Mohamed,Other,Fès,Avenue Karama Zohour 1,34.0115642,-4.9881521,,,,0,,openstreetmap
Snack Abdou Bekkali,Other,Fès,Avenue Karama Zohour 1,34.0111693,-4.9892054,,,,0,,openstreetmap
Café Vibel Karama,Other,Fès,Avenue Karama et Avenue Oran Zohour 1,34.0111983,-4.9890711,,,,0,,openstreetmap
Café Saada,Other,Fès,Avenue Karama Zohour 1,34.0129788,-4.9863361,,,,0,,openstreetmap
Crémerie Ilasse,Other,Fès,,34.0130908,-4.9727736,,,,0,,openstreetmap
Fromagerie Cafeteria,Other,Fès,Route du parc Fes-Shore,34.0073242,-4.9657905,,,,0,,openstreetmap
Cremerie Tropicana,Other,Fès,Boulevard Moulay Rachid,34.0219117,-4.9884733,,,,0,,openstreetmap
Café Aroma,Other,Fès,Boulevard Moulay Rachid,34.0213239,-4.9881596,,,,0,,openstreetmap
Café Park des Princes,Other,Fès,Lot Mamounia Route de Sefrou,34.0177397,-4.9879134,,,,0,,openstreetmap
Syrnos chez Hafid,Other,Fès,BVD Moulay Rchid,34.0188937,-4.9865149,,,,0,,openstreetmap
Snack ( local Fermé ),Other,Fès,BVD Abi Hourayra,34.0177719,-4.9876535,,,,0,,openstreetmap
Café Big Ben,Other,Fès,BVD Moulay Rchid,34.0183869,-4.9861286,,,,0,,openstreetmap
Laiterie Ben Zakour,Other,Fès,Boulevard Moulay Rachid,34.0224007,-4.9888785,,,,0,,openstreetmap
Cremerie Mamounia,Other,Fès,Lot Mamounia Route de Sefrou,34.01761,-4.9886254,,,,0,,openstreetmap
La Famille,Other,Fès,Boulevard Moulay Rachid شارع مولاي رشيد,34.018314,-4.986081,,,,0,,openstreetmap
Cremerie Morrella Palace,Other,Fès,BVD Moulay Rchid,34.0189457,-4.9867472,,,,0,,openstreetmap
Café Titanic,Other,Fès,Boulevard Moulay Rachid,34.0244397,-4.9899129,+212532003170,,,0,,openstreetmap
Café Roncalé,Other,Fès,Lot Mamounia Route de Sefrou,34.0182832,-4.9878738,,,,0,,openstreetmap
Picolina,Other,Fès,Lot Mamounia Route de Sefrou,34.0185797,-4.9871011,,,,0,,openstreetmap
Snack Nassim,Other,Fès,Route du parc Fes-Shore,34.0086018,-4.9632662,,,,0,,openstreetmap
Café Armor,Other,Fès,Route du parc Fes-Shore,34.0075178,-4.9654467,,,,0,,openstreetmap
Bellina,Other,Fès,Route du parc Fes-Shore,34.0086628,-4.9631371,,,,0,,openstreetmap
Issam,Other,Fès,Route du parc Fes-Shore,34.0087414,-4.9629514,,,,0,,openstreetmap
Café l'Odéon,Other,Fès,,34.0125053,-4.9739387,,,,0,,openstreetmap
Snack Abderazak,Other,Fès,Route du parc Fes-Shore,34.0090933,-4.9622252,,,,0,,openstreetmap
Café Cap Vert,Other,Fès,,34.0109124,-4.9768436,,,,0,,openstreetmap
Snack Driss (fermé ),Other,Fès,,34.0105614,-4.9774602,,,,0,,openstreetmap
Cremerie premo,Other,Fès,Route du parc Fes-Shore,34.0094374,-4.9615865,,,,0,,openstreetmap
Snack Bismillah,Other,Fès,BVD Israe,34.0104785,-4.9638062,,,,0,,openstreetmap
Café Le Soft,Other,Fès,BVD Israe,34.0110129,-4.9645422,,,,0,,openstreetmap
Cremerie Israe,Other,Fès,BVD Israe,34.0103763,-4.9637211,,,,0,,openstreetmap
Café Moon,Other,Fès,Av Omar Ibn Al Khattab,34.0367806,-5.0142885,,,,0,,openstreetmap
Laiterie El Jawda,Other,Fès,,34.0133992,-4.980995,,,,0,,openstreetmap
FOOD FACTORY,Other,Fès,Av Omar Ibn Al Khattab,34.0366646,-5.014995,,,,0,,openstreetmap
Café Alfa Trône,Other,Fès,,34.0128903,-4.97593,,,,0,,openstreetmap
SNAK TAC'S,Other,Fès,Champs de Cours,34.0370556,-5.0153437,,,,0,,openstreetmap
Cremerie Adwak Mandar Jamil,Other,Fès,Champs de Cours,34.0372722,-5.0156826,,,,0,,openstreetmap
Cafe White,Other,Fès,Champs de Cours,34.0369861,-5.0154052,,,,0,,openstreetmap
Green Apple,Other,Fès,Champs de Cours,34.0372194,-5.0156367,,,,0,,openstreetmap
Café pasta Blanca,Other,Fès,,34.0128425,-4.9753016,,,,0,,openstreetmap
Restaurant Dichcom,Other,Fès,,34.0128018,-4.9741522,,,,0,,openstreetmap
Zine Driss Laitière,Other,Fès,Avenue Karama Zohour 1,34.0144393,-4.9859812,,,,0,,openstreetmap
Lamghari Lahcen V . Des Beignets,Other,Fès,Avenue Karama Zohour 1,34.0143246,-4.9860185,,,,0,,openstreetmap
Crémerie Lokmane,Other,Fès,Avenue Karama Zohour 1,34.0132983,-4.9861536,,,,0,,openstreetmap
Café Anass Ahmadoun Ahmed,Other,Fès,Avenue Karama Zohour 1,34.0153779,-4.9859328,,,,0,,openstreetmap
Hamzi Fatima Crémerie,Other,Fès,Avenue Al Manama Zohour 1,34.015167,-4.9862109,,,,0,,openstreetmap
O'POULET,Other,Fès,rue Lalla Aicha,34.0387276,-5.0120205,,,,0,,openstreetmap
Café Isly,Other,Fès,Avenue Al Manama Zohour 1,34.0151782,-4.9872936,,,,0,,openstreetmap
Les Maître Du Cababes,Other,Fès,rue Lalla Aicha,34.0385803,-5.0118878,,,,0,,openstreetmap
Wakamé,Other,Fès,Av Omar Ibn Al Khattab,34.0372715,-5.0129682,,,,0,,openstreetmap
Guennoune El Hassania Crémerie Andalousie,Other,Fès,Avenue Al Manama Zohour 1,34.0146938,-4.9896802,,,,0,,openstreetmap
Café Ennasre El Machouahi Omar,Other,Fès,Avenue Al Manama Zohour 1,34.0148462,-4.9895706,,,,0,,openstreetmap
El Maghrani Abdellah Crémerie Al Ikhlass,Other,Fès,Avenue Al Manama Zohour 1,34.0147658,-4.9899089,,,,0,,openstreetmap
Café Firdaous Alaoui et Taoufik,Other,Fès,Avenue Al Manama Zohour 1,34.0145595,-4.9902232,,,,0,,openstreetmap
Café Al Arabe,Other,Fès,Al Madina Mounawara,34.0084656,-4.9643727,,,,0,,openstreetmap
Le Brisk,Other,Fès,rue Lalla Aicha,34.0375453,-5.0110545,,,,0,,openstreetmap
Café Varizi,Other,Fès,Al Madina Mounawara,34.0082475,-4.9642202,,,,0,,openstreetmap
Café Oualili,Other,Fès,Av Israe,34.0102704,-4.9639459,,,,0,,openstreetmap
Pizzeria Davinci,Other,Fès,Al Madina Mounawara,34.0087779,-4.9645983,,,,0,,openstreetmap
Restaurant,Other,Fès,Al Madina Mounawara,34.008966,-4.9647471,,,,0,,openstreetmap
Snack Rotana,Other,Fès,Al Madina Mounawara,34.0090467,-4.9648076,,,,0,,openstreetmap
Café Pool El Mahboube,Other,Fès,,34.0135583,-4.9802603,,,,0,,openstreetmap
Café Espana,Other,Fès,,34.0135988,-4.9805903,,,,0,,openstreetmap
Café L'Avenir,Other,Fès,Avenue Al Manama Zohour 1,34.0154467,-4.9903212,,,,0,,openstreetmap
Snack Wahran,Other,Fès,Avenue Oran Zohour 1,34.0145941,-4.9900397,,,,0,,openstreetmap
Café Azzouhour 2,Other,Fès,Al Madina Mounawara,34.0102074,-4.9655853,,,,0,,openstreetmap
Café Chada,Other,Fès,Al Madina Mounawara,34.0107856,-4.9659769,,,,0,,openstreetmap
Crémerie Nakhil,Other,Fès,,34.0070982,-4.9683729,,,,0,,openstreetmap
Café Avicenne,Other,Fès,,34.0081211,-4.96907,,,,0,,openstreetmap
Casa Mia,Other,Fès,Avenue Égypte Resi El Ouafae,34.0464074,-5.0016926,,,,0,,openstreetmap
Café Soleil Palace,Other,Fès,,34.008682,-4.9694788,,,,0,,openstreetmap
Crémerie Chorouk,Other,Fès,,34.0092895,-4.9698939,,,,0,,openstreetmap
Café Morolia,Other,Fès,Al Madina Mounawara,34.0115771,-4.9665504,,,,0,,openstreetmap
Café La Tulipe Noir,Other,Fès,Al Madina Mounawara,34.0120046,-4.9669492,,,,0,,openstreetmap
Laiterie Al Ikhlass,Other,Fès,,34.0099278,-4.9703984,,,,0,,openstreetmap
Café Amsterdam,Other,Fès,Avenue Oran Zohour 1,34.0109244,-4.9885022,,,,0,,openstreetmap
Laitière Bismi Allah,Other,Fès,Avenue Oran Zohour 1,34.0106551,-4.9884112,,,,0,,openstreetmap
Café Kasr Al Omda,Other,Fès,Al Madina Mounawara,34.0120477,-4.9672641,,,,0,,openstreetmap
Café Etoile de Saiss,Other,Fès,Avenue Oran Zohour 1,34.0084811,-4.9875411,,,,0,,openstreetmap
Restaurant kaoutar,Other,Fès,,34.0138327,-4.9704003,,,,0,,openstreetmap
Café Le Pont,Other,Fès,Al Madina Mounawara,34.0095352,-4.9654532,,,,0,,openstreetmap
Snack El Hamd,Other,Fès,,34.0084528,-4.9695689,,,,0,,openstreetmap
Marina Fish,Other,Fès,,34.0078526,-4.9690824,,,,0,,openstreetmap
Bleu Piscado,Other,Fès,,34.0066198,-4.9681513,,,,0,,openstreetmap
Café Pavillon Blanc,Other,Fès,Hay Amal,34.0089118,-4.9674496,,,,0,,openstreetmap
Café Roterdam Akrouch Said,Other,Fès,Avenue Oran Zohour 1,34.0075214,-4.9871442,,,,0,,openstreetmap
Café Ahlam,Other,Fès,Avenue Oran Zohour 1,34.0076313,-4.9872245,,,,0,,openstreetmap
Laiterie Ayoub,Other,Fès,,34.0128858,-4.9716991,,,,0,,openstreetmap
Tasty Pizza,Other,Fès,,34.0127557,-4.9697349,,,,0,,openstreetmap
Laiterie Azami,Other,Fès,,34.012764,-4.9689862,,,,0,,openstreetmap
Laiterie La famille,Other,Fès,Lot Wafae Route Sidi Hrazem,34.0089091,-4.9660817,,,,0,,openstreetmap
Cremerie Jaouda,Other,Fès,Hay Amal,34.0107983,-4.9670909,,,,0,,openstreetmap
Snack Bilax,Other,Fès,,34.012838,-4.9683812,,,,0,,openstreetmap
Restaurant slassi,Other,Fès,,34.0128462,-4.9685687,,,,0,,openstreetmap
Cremerie La Nature,Other,Fès,Lot Wafae,34.0088229,-4.9680572,,,,0,,openstreetmap
Café Orchidée,Other,Fès,Av Méditerranéen,34.0158315,-4.9642665,,,,0,,openstreetmap
Patisserie SOLARO,Other,Fès,Av Méditerranéen,34.015667,-4.9647904,,,,0,,openstreetmap
Café Bella Rosa,Other,Fès,Av Méditerranéen,34.0156531,-4.9645663,,,,0,,openstreetmap
Café Bleu Iris,Other,Fès,,34.0070716,-4.9725005,,,,0,,openstreetmap
Café Star Pool,Other,Fès,,34.0060576,-4.9744323,,,,0,,openstreetmap
Café ti Amo,Other,Fès,,34.0067903,-4.9730218,,,,0,,openstreetmap
Pizzeria Amine,Other,Fès,,34.0070676,-4.9700869,,,,0,,openstreetmap
Café Fox,Other,Fès,,34.006861,-4.9701686,,,,0,,openstreetmap
Laiterie Amjad,Other,Fès,Av Méditerranéen,34.0157038,-4.9658857,,,,0,,openstreetmap
Café Marhaba,Other,Fès,Av Méditerranéen,34.0157144,-4.9660282,,,,0,,openstreetmap
Cafe fes,Other,Fès,Av Méditerranéen,34.0158558,-4.9654891,,,,0,,openstreetmap
Café Hadil,Other,Fès,Av Bahamas Hay Riad,34.0178434,-4.9649393,,,,0,,openstreetmap
Café La Sejour,Other,Fès,Av Bahae Hay Riad,34.0157241,-4.966102,,,,0,,openstreetmap
Café Tchaw Tchaw,Other,Fès,Av Ocean Pacifique,34.0169137,-4.9639005,,,,0,,openstreetmap
Laiterie Al Adwak,Other,Fès,Av Ocean Pacifique Hay Riad,34.0158229,-4.963326,,,,0,,openstreetmap
Restaurant Food & Outlaws,Other,Fès,Av Taef Lot Wafae,34.0077744,-4.9668214,,,,0,,openstreetmap
Café Touta Boudine Khlafa,Other,Fès,Avenue Oran Zohour 1,34.010669,-4.9888947,,,,0,,openstreetmap
Laitière Beyrouth,Other,Fès,Avenue Beyrouth Zohour 1,34.0071848,-4.9868824,,,,0,,openstreetmap
Boucherie et Snack Dindiniou,Other,Fès,Avenue Beyrouth Zohour 2,34.0080848,-4.982382,,,,0,,openstreetmap
Café L ' Époque,Other,Fès,Avenue Beyrouth et Avenue Chenguit Lotis Zarbaoui Zohour 1,34.0068044,-4.9877237,,,,0,,openstreetmap
Café Omario El Ghaouat Thami,Other,Fès,Avenue Oran Zohour 1,34.0081821,-4.9876323,,,,0,,openstreetmap
Café La Casilla,Other,Fès,Avenue Beyrouth Lotis Zarbaoui Zohour 1,34.0069383,-4.9871844,,,,0,,openstreetmap
Café Bord,Other,Fès,Avenue Beyrouth Zohour 1,34.0079312,-4.9839117,,,,0,,openstreetmap
Restaurant Bismillah,Other,Fès,Avenue Beyrouth Zohour 1,34.009347,-4.9798287,,,,0,,openstreetmap
Café Verona Amrani Abdeslam,Other,Fès,Avenue Beyrouth Lotis Rizkia Zohour 2,34.0073093,-4.9854738,,,,0,,openstreetmap
Crémerie fadlouAllah,Other,Fès,,34.0126454,-4.9801772,,,,0,,openstreetmap
Café Jabal Habri,Other,Fès,Av Anawal Narjis D,34.0180767,-4.9669641,,,,0,,openstreetmap
Cafe yaya,Other,Fès,Lotis Riad,34.0179913,-4.9641409,,,,0,,openstreetmap
Café Maghrébia Zohour,Other,Fès,Avenue Urbain Resi Mekouar Zohour 2,34.0082087,-4.9813173,,,,0,,openstreetmap
Snack Zaki,Other,Fès,Avenue Beyrouth Lotis Iraki Zohour 2,34.0090801,-4.9797814,,,,0,,openstreetmap
Crémerie Al Ouatania,Other,Fès,Avenue Urbain Resi Mekouar Zohour 2,34.0081144,-4.9814029,,,,0,,openstreetmap
Laitière Marimar,Other,Fès,Avenue Beyrouth Zohour 2,34.0091488,-4.9795793,,,,0,,openstreetmap
Café Hanovre,Other,Fès,Avenue Urbain Lotis Mekouar Zohour 2,34.0079715,-4.98155,,,,0,,openstreetmap
Laitière Al Baraka,Other,Fès,Avenue Urbain Près du Café Argana Zohour 2,34.0081019,-4.9818374,,,,0,,openstreetmap
Café Kimadou,Other,Fès,Avenue Beyrouth Zohour 2,34.0087189,-4.9804475,,,,0,,openstreetmap
Cafe Atlantique Garden,Other,Fès,Av Ocean Atlantique,34.0179196,-4.9620785,,,,0,,openstreetmap
Snack Picapo,Other,Fès,Avenue Beyrouth Rue Bou Ali Zohour 2,34.0078335,-4.9824575,,,,0,,openstreetmap
Café le région,Other,Fès,,34.0146756,-4.973237,,,,0,,openstreetmap
Laiterie walid,Other,Fès,,34.0139638,-4.9782147,,,,0,,openstreetmap
Café Royal,Other,Fès,,34.0184547,-4.9761747,,,,0,,openstreetmap
Café Ben Ali,Other,Fès,,34.0170851,-4.9776992,,,,0,,openstreetmap
Laiterie Bismillah,Other,Fès,Av Atawab Narjis,34.0147992,-4.9680178,,,,0,,openstreetmap
Café Nachit,Other,Fès,,34.018225,-4.9767646,,,,0,,openstreetmap
Cafe Kounouz,Other,Fès,Av La Belle vue Narjis C,34.0160529,-4.9696245,,,,0,,openstreetmap
Local Fermé,Other,Fès,Av Takadom Awint Al Hajaj,34.0208252,-4.9698292,,,,0,,openstreetmap
Café Le Lac Vert,Other,Fès,Av Takadom Awint Al Hajaj,34.0208614,-4.9702192,,,,0,,openstreetmap
Café Les Merrinedds,Other,Fès,Av Takadom Awint Al Hajaj,34.0209083,-4.9702506,,,,0,,openstreetmap
Café Al Quods,Other,Fès,Av Takadom Awint Al Hajaj,34.0210351,-4.9703061,,,,0,,openstreetmap
Café Bouzidi,Other,Fès,Av Takadom Awint Al Hajaj,34.0210875,-4.970336,,,,0,,openstreetmap
Café Granada,Other,Fès,Av Takadom Awint Al Hajaj,34.021897,-4.9708257,,,,0,,openstreetmap
Café Rha,Other,Fès,Av Takadom Awint Al Hajaj,34.0202805,-4.9698122,,,,0,,openstreetmap
Café azourz,Other,Fès,,34.018636,-4.9779554,,,,0,,openstreetmap
Café dolce cappuccino,Other,Fès,,34.0193592,-4.9770593,,,,0,,openstreetmap
Crémerie Al Ossra,Other,Fès,,34.0187974,-4.9780693,,,,0,,openstreetmap
Café Sara Line,Other,Fès,,34.0183552,-4.9786384,,,,0,,openstreetmap
Café Bougtout,Other,Fès,Av Safae Lot Merrinedds,34.0221086,-4.9712183,,,,0,,openstreetmap
Snack Salam,Other,Fès,Av Sekkat Awint Al Hajaj,34.0219586,-4.9715278,,,,0,,openstreetmap
Café Nacer,Other,Fès,Av Sedk Lirak,34.0217748,-4.9723057,,,,0,,openstreetmap
Café Jamil,Other,Fès,,34.0195538,-4.9771814,,,,0,,openstreetmap
Cremerie Wissam,Other,Fès,Av Kerrawan Quods 2,34.0191854,-4.9726968,,,,0,,openstreetmap
Café 21,Other,Fès,,34.0169678,-4.9732871,,,,0,,openstreetmap
Café Almerya,Other,Fès,Avenue Soussa Zohour 2,34.0074184,-4.9826283,,,,0,,openstreetmap
Crémerie Fares Abdelkader,Other,Fès,Avenue Urbain Rue My Yaakoub et Rue Zouagha Zohour 2,34.0069191,-4.9840492,,,,0,,openstreetmap
Café Pom Pidou,Other,Fès,Avenue Soussa Resi Chams Zohour 2 Route d ' Imouzzer,34.0032062,-4.9887718,,,,0,,openstreetmap
Café Trèfle d'Or,Other,Fès,Avenue Soussa Resi Chams Zohour 2 Route d ' Imouzzer,34.0031223,-4.9890067,,,,0,,openstreetmap
Café Lavita,Other,Fès,Avenue Soussa Resi Rahma Zohour 2,34.0036291,-4.9864887,,,,0,,openstreetmap
Snack JE T ACOS ' T,Other,Fès,Avenue Soussa Resi Rahma Lotis Hajar Zohour 2,34.0037469,-4.9862175,,,,0,,openstreetmap
Café Sultana,Other,Fès,Avenue Soussa Resi Maggouna Zohour 2,34.0050436,-4.9850207,,,,0,,openstreetmap
Crémerie Ait Moussa Driss,Other,Fès,Avenue Soussa Resi Rahma Zohour 2,34.0035861,-4.9866032,,,,0,,openstreetmap
Café Riad Kortoba,Other,Fès,Avenue Soussa Resi Gourma Zohour 2,34.0039901,-4.9864812,,,,0,,openstreetmap
Benaissa Mohamed Crémerie Salam,Other,Fès,Avenue Soussa Zohour 2 Route d ' Imouzzer,34.0032249,-4.988645,,,,0,,openstreetmap
Palais de Poulets,Other,Fès,Avenue Soussa Mosquée Saad Bnou Abi Ouakkass Zohour 2,34.0043092,-4.9851979,,,,0,,openstreetmap
Café Room Kandinsky,Other,Fès,,34.0193937,-4.9859832,,,,0,,openstreetmap
Café Malizia,Other,Fès,,34.0200278,-4.9847364,,,,0,,openstreetmap
Crémerie El kiraouan,Other,Fès,,34.0200916,-4.9843437,,,,0,,openstreetmap
Café complexe sportif,Other,Fès,,34.0201887,-4.9810971,,,,0,,openstreetmap
Café Al Azizia,Other,Fès,Av Kairaouan kods,34.0196167,-4.9719316,,,,0,,openstreetmap
Café Goura Palace,Other,Fès,,34.0202046,-4.9790651,,,,0,,openstreetmap
Café salah Eddine,Other,Fès,,34.0201967,-4.9782451,,,,0,,openstreetmap
Snack Rahma,Other,Fès,Hay Qods 2,34.0191268,-4.9704529,,,,0,,openstreetmap
Laiterie chourafae,Other,Fès,,34.0202371,-4.9780021,,,,0,,openstreetmap
Café Stylia,Other,Fès,,34.0201613,-4.9748076,,,,0,,openstreetmap
Café Étoiles Salam,Other,Fès,Hay Hassani Erac,34.0223482,-4.9714064,,,,0,,openstreetmap
Café Zara Goza,Other,Fès,,34.0195959,-4.9742147,,,,0,,openstreetmap
Fez Lounge,Other,Fès,,34.0649655,-4.9769649,,,,0,,openstreetmap
Laiterie Arabia,Other,Fès,,34.019383,-4.9732897,,,,0,,openstreetmap
Café Zahrat Khalig,Other,Fès,Avenue Koufa Lotis Salam Zohour 2,34.0025134,-4.9786621,,,,0,,openstreetmap
Café Happy Day,Other,Fès,Avenue Soussa Zohour 2,34.0046409,-4.980914,,,,0,,openstreetmap
Café Marjane,Other,Fès,Avenue Port - Saïd Zohour 2,34.0048093,-4.9845086,,,,0,,openstreetmap
Snack Cousin,Other,Fès,Avenue Port - Saïd Zohour 2,34.0073089,-4.9843951,,,,0,,openstreetmap
Société Pâtisserie Café Carrefour,Other,Fès,Avenue Koufa Zohour 2 Face Arrondissement Saiss,34.0044165,-4.978439,,,,0,,openstreetmap
Café Mon Pays,Other,Fès,Avenue Soussa Lotis N : 3 Zohour 2,34.00454,-4.9844375,,,,0,,openstreetmap
Café Stop In,Other,Fès,Avenue Koufa Zohour 2,34.0057598,-4.9779406,,,,0,,openstreetmap
Cremerie Al Badre,Other,Fès,Avenue Koufa Zohour 2,34.0050123,-4.9782428,,,,0,,openstreetmap
Café Coin Bleu,Other,Fès,Avenue Koufa Zohour 2,34.0042248,-4.9783962,,,,0,,openstreetmap
Café Dirbi,Other,Fès,Avenue Koufa Zohour 2,34.0035788,-4.9785714,,,,0,,openstreetmap
Café Hyperion,Other,Fès,Avenue Soussa Zohour 2,34.0046381,-4.9823399,,,,0,,openstreetmap
Cremerie Rif,Other,Fès,Avenue Soussa Zohour 2,34.0045264,-4.9838638,,,,0,,openstreetmap
Laiterie Milano,Other,Fès,,34.0205006,-4.9748365,,,,0,,openstreetmap
Café Kartaje,Other,Fès,,34.0222688,-4.9749806,,,,0,,openstreetmap
Café Nassim,Other,Fès,,34.0204338,-4.9757867,,,,0,,openstreetmap
Restaurant + boucherie,Other,Fès,,34.0204186,-4.9769232,,,,0,,openstreetmap
Café El Kadissia,Other,Fès,,34.0203762,-4.9788719,,,,0,,openstreetmap
Laitière Paris,Other,Fès,Avenue Ismailia Zohour 1,34.0117305,-4.9837547,,,,0,,openstreetmap
El Filali Allach Jamal Cremerie,Other,Fès,Avenue Ismailia Zohour 1,34.0118568,-4.9838392,,,,0,,openstreetmap
Café Express,Other,Fès,,34.0202681,-4.974307,,,,0,,openstreetmap
Sandwich Nouh,Other,Fès,,34.0210606,-4.9744547,,,,0,,openstreetmap
Restaurant Chaab,Other,Fès,,34.0210585,-4.9744008,,,,0,,openstreetmap
Café Al Amal,Other,Fès,,34.0210541,-4.9743298,,,,0,,openstreetmap
Café orica,Other,Fès,,34.0210261,-4.9737122,,,,0,,openstreetmap
Café Mouhajirine,Other,Fès,,34.0226409,-4.9788659,,,,0,,openstreetmap
Café Licorne,Other,Fès,Avenue Mouscou Zohour 1,34.0089946,-4.9849506,,,,0,,openstreetmap
Cremerie Al Ikhlasse,Other,Fès,Avenue Benzert Lotis Laila Zohour 2,34.0025974,-4.9877782,,,,0,,openstreetmap
Snack F - Quick,Other,Fès,Avenue Chenguit Rue Sbae Ayoune Lotis Ouaha Zohour 2,34.0045822,-4.9872361,,,,0,,openstreetmap
Café Venise,Other,Fès,Avenue Ismailia Zohour 1,34.0127154,-4.9851243,,,,0,,openstreetmap
Boughannou Aziz Snack,Other,Fès,Avenue Chenguit Lotis Ouaha Zohour 2,34.0047858,-4.9871616,,,,0,,openstreetmap
Benhamza Khamiss Pizza et Tacos,Other,Fès,Avenue Chenguit Zohour 2,34.0044673,-4.9870217,,,,0,,openstreetmap
Café Espace,Other,Fès,Avenue Chenguit Zohour 2,34.0047872,-4.9869185,,,,0,,openstreetmap
Café Auris,Other,Fès,,34.0251853,-4.9766687,,,,0,,openstreetmap
Café Ifrane Znaki Othmane,Other,Fès,Avenue Chenguit Zohour 2,34.005528,-4.9874487,,,,0,,openstreetmap
Ababou Hassan Café,Other,Fès,Route de Sefrou Route N : 320 Zohour 2,33.9957978,-4.9853102,,,,0,,openstreetmap
Café Mounir,Other,Fès,Lot Fadwa BenSouda,34.0187297,-5.0527755,,,,0,,openstreetmap
Cremerie Om Al Kora,Other,Fès,Lot Fadwa BenSouda,34.0190304,-5.0528637,,,,0,,openstreetmap
Café Dubai,Other,Fès,Lot Yassamine Bensouda,34.0205081,-5.0533979,,,,0,,openstreetmap
Café CELLINI,Other,Fès,Bensouda près de Atacadaw,34.0234721,-5.0548105,,,,0,,openstreetmap
Café Mas Glas,Other,Fès,Lot Janat Zaytoun Bensouda,34.0241085,-5.055077,,,,0,,openstreetmap
Café olivera,Other,Fès,,34.0223015,-5.0549571,,,,0,,openstreetmap
Café Everest,Other,Fès,,34.0192969,-5.0535743,,,,0,,openstreetmap
Café Achariqa,Other,Fès,,34.0177308,-5.0543439,,,,0,,openstreetmap
Café Zomorrod,Other,Fès,,34.0177086,-5.0536974,,,,0,,openstreetmap
Café Nahda,Other,Fès,Lot Fadwa BenSouda,34.0189919,-5.0528536,,,,0,,openstreetmap
Cafe,Other,Fès,Lot Fadwa BenSouda,34.0183395,-5.0516125,,,,0,,openstreetmap
Café Beflore,Other,Fès,Lot Fadwa BenSouda,34.0183612,-5.0515044,,,,0,,openstreetmap
Laiterie Abdelkbir,Other,Fès,Lot Fadwa BenSouda,34.0184791,-5.0510037,,,,0,,openstreetmap
Café Opera Local Fermé,Other,Fès,Lot Fadwa BenSouda,34.0184993,-5.0509193,,,,0,,openstreetmap
Café Aljazira,Other,Fès,Lot Fadwa BenSouda,34.0185647,-5.0506045,,,,0,,openstreetmap
FES CAFÉ 44,Other,Fès,Lot Fadwa 2 BenSouda,34.0195239,-5.0520383,,,,0,,openstreetmap
Cremerie Quods,Other,Fès,Lot Champs 4 Ouad fes,34.0222509,-5.0488017,,,,0,,openstreetmap
Café Sacre Coin,Other,Fès,Lot Laalaj Oud Fes,34.0208006,-5.0484108,,,,0,,openstreetmap
Café Mint Garden,Other,Fès,Lot Lina Ouad Fes,34.0226751,-5.0488449,,,,0,,openstreetmap
Café tighouza,Other,Fès,,34.0154038,-5.0513666,,,,0,,openstreetmap
Restaurant Taliouine,Other,Fès,,34.0151294,-5.0511594,,,,0,,openstreetmap
Snack Akhaouayene,Other,Fès,,34.0148974,-5.0510815,,,,0,,openstreetmap
Café Rayaska,Other,Fès,Lot Moulay Driss Oued Fes,34.0269537,-5.0464045,,,,0,,openstreetmap
Café Jaouahir,Other,Fès,Lot Moulay Driss Oued Fes,34.027241,-5.0461171,,,,0,,openstreetmap
Café Noujoum,Other,Fès,Lot Moulay Driss Oued Fes,34.0274013,-5.0462248,,,,0,,openstreetmap
Café YOURS,Other,Fès,Lot Moulay Driss Oued Fes,34.0285214,-5.0438085,,,,0,,openstreetmap
Café Les Amis,Other,Fès,Marwa Ouad Fes,34.0305961,-5.0460594,,,,0,,openstreetmap
Cafe CALIFORNIA,Other,Fès,Lot Youssef Ouad Fes,34.0238619,-5.0427487,,,,0,,openstreetmap
Café Original,Other,Fès,Lot Youssef Ouad Fes,34.0245848,-5.0405908,,,,0,,openstreetmap
Cremerie Les amis,Other,Fès,,34.0175842,-5.0523505,,,,0,,openstreetmap
Laiterie daouk Rafie,Other,Fès,,34.0174277,-5.0522584,,,,0,,openstreetmap
Café L'atomium,Other,Fès,,34.0163057,-5.0516093,,,,0,,openstreetmap
Café La Roche,Other,Fès,Lot Taoufik Marja,34.0316112,-5.0437902,,,,0,,openstreetmap
Café Ouazane,Other,Fès,Lot Taoufik Marja,34.0322463,-5.0439967,,,,0,,openstreetmap
Cremerie Marwane,Other,Fès,Rue 22 Marja,34.0328628,-5.0442511,,,,0,,openstreetmap
Café baghdad,Other,Fès,,34.0134442,-5.0494424,,,,0,,openstreetmap
Café Al Sakina,Other,Fès,Lot Bouanania marja,34.0309353,-5.0476964,,,,0,,openstreetmap
Cremerie Jaouda Local Ferme,Other,Fès,Lot Sadaka Marja,34.0306439,-5.0489775,,,,0,,openstreetmap
Café Star Light,Other,Fès,Marja,34.0314082,-5.0509276,,,,0,,openstreetmap
Café wiam,Other,Fès,Lot Star sakane,34.031952,-5.0511927,,,,0,,openstreetmap
Cremerie Ahl fes,Other,Fès,Marja Ouad fes,34.0330909,-5.0469236,,,,0,,openstreetmap
Laiterie les Amis,Other,Fès,Marja Ouad fes,34.0329898,-5.0466796,,,,0,,openstreetmap
Café GTR,Other,Fès,,34.0169275,-5.0505956,,,,0,,openstreetmap
Snack Mik Mak,Other,Fès,,34.0162453,-5.0504206,,,,0,,openstreetmap
Cremerie Zakaria,Other,Fès,Marja Ouad fes,34.0376883,-5.0496934,,,,0,,openstreetmap
Café Bouquet d ' Or El Hirari Mohamed,Other,Fès,Route d ' Ain Chkef Lotis Asmae,34.0054542,-5.0104499,,,,0,,openstreetmap
Café Garden Babel Atmoun Mohamed et Ahmed,Other,Fès,Route d ' Ain Chkef Lotis Karaouiyine,34.0025762,-5.0111177,,,,0,,openstreetmap
Café Diamant Princesse Belhaji Ahmed,Other,Fès,Route d ' Ain Chkef Resi Nouzha Lotis Nouzha,34.0135007,-5.0083019,,,,0,,openstreetmap
Grillade Tazia Bourbah Fatiha,Other,Fès,Route d ' Ain Chkef Resi Nouzha Lotis Nouzha,34.0134004,-5.0083325,,,,0,,openstreetmap
Café Alicante Achkak Rachid pour Société Aksel Maroc,Other,Fès,Route d ' Ain Chkef Resi Nouzha Lotis Nouzha,34.01328,-5.008361,,,,0,,openstreetmap
Crémerie Stitou,Other,Fès,Marja Ouad fes,34.0397261,-5.0498795,,,,0,,openstreetmap
Café FIRDAOUS,Other,Fès,Marja Ouad fes,34.0356067,-5.0490937,,,,0,,openstreetmap
Café Bahri,Other,Fès,Marja Hay Sahra,34.0241146,-5.0391947,,,,0,,openstreetmap
Cremerie Bacha,Other,Fès,Marja Ouad fes,34.0353055,-5.0469849,,,,0,,openstreetmap
Café Ouad Jawahir,Other,Fès,Marja Ouad fes,34.0407184,-5.0479814,,,,0,,openstreetmap
Café Brahim Saidi,Other,Fès,Marja Ouad fes,34.0411065,-5.0477678,,,,0,,openstreetmap
Café Al Yacout,Other,Fès,Marja Ouad fes,34.0357841,-5.0437757,,,,0,,openstreetmap
Cafe Le Rameau,Other,Fès,Hay Tazi Marja Ouad fes,34.0388146,-5.0369283,,,,0,,openstreetmap
Café Panorama,Other,Fès,Hay Tazi Marja Ouad fes,34.0379491,-5.0361012,,,,0,,openstreetmap
patisserie Nakhla,Other,Fès,Hay Tazi Marja Ouad,34.0386229,-5.0355761,,,,0,,openstreetmap
Café moscou 131 lotis asmae Rte Ain chkef,Other,Fès,,34.0062379,-5.0103526,,,,0,,openstreetmap
Café Amazone,Other,Fès,Hay Mikou Marja Ouad fes,34.0377451,-5.0405857,,,,0,,openstreetmap
Café Mamounia,Other,Fès,Hay Sidi Hadi Zouaghat,34.0208957,-5.0397974,,,,0,,openstreetmap
Café Kaabouch,Other,Fès,Zouaghat Haut Bloc D,34.0253022,-5.035034,,,,0,,openstreetmap
Café Rixi,Other,Fès,,34.015874,-5.0486479,,,,0,,openstreetmap
Cremerie El karam,Other,Fès,,34.0134766,-5.0490298,,,,0,,openstreetmap
Café La Famillia,Other,Fès,Zouaghat Haut,34.0257581,-5.0338056,,,,0,,openstreetmap
Café Oumayma,Other,Fès,Sidi Hadi Zouaghat Haut,34.0212237,-5.037615,,,,0,,openstreetmap
Café Jnane Zouaghat,Other,Fès,Lot Mabrouka Zouaghat Haut,34.0234031,-5.0368379,,,,0,,openstreetmap
Adwak Arafie,Other,Fès,Zouaghat Haut,34.0237745,-5.0365057,,,,0,,openstreetmap
Café Cleopatra,Other,Fès,Zouaghat Haut,34.0238777,-5.0364002,,,,0,,openstreetmap
Café Siham,Other,Fès,Zouaghat Haut,34.024511,-5.0356514,,,,0,,openstreetmap
Café De France,Other,Fès,Zouaghat Haut,34.0244771,-5.0356906,,,,0,,openstreetmap
Café Wahran,Other,Fès,Zouaghat Haut,34.025184,-5.0345666,,,,0,,openstreetmap
مقهى ناس فاس,Other,Fès,Route d ' Ain Chkef Lotis Karaouiyine,34.0045698,-5.0122283,,,,0,,openstreetmap
El Yaagoubi El Hassan Café Karaouiyine,Other,Fès,Route d 'Ain Chkef Lotis Karaouiyine,34.0014841,-5.012878,,,,0,,openstreetmap
Café Lazari Atlati Abderrahim et Atlati Otmane,Other,Fès,Route d 'Ain Chkef Lotis Karaouiyine,34.0021351,-5.0116643,,,,0,,openstreetmap
Café Savini,Other,Fès,Route d 'Ain Chkef Lotis Karaouiyine,34.0027117,-5.0142416,,,,0,,openstreetmap
Er -- radi Adil Café Gusto,Other,Fès,Route d 'Ain Chkef Lotis Asmae,34.0051972,-5.0108417,,,,0,,openstreetmap
Mahdaoui Mohamed Cremerie bisous lahlotis Karaouiyine,Other,Fès,Route d 'Ain Chkef Lotis Karaouiyine,34.0048458,-5.0125067,,,,0,,openstreetmap
Cremerie mosquée Karaouiyine 9,Other,Fès,,34.004779,-5.0135813,,,,0,,openstreetmap
Café Alaska Malki Hassan,Other,Fès,Rue 14,34.0068457,-5.0104857,,,,0,,openstreetmap
El Marbah Houcine Laitière Karaouiyine,Other,Fès,Route d 'Ain Chkef Lotis Karaouiyine,34.0013667,-5.0122641,,,,0,,openstreetmap
Qarqabi Youness Café Alloo,Other,Fès,Route d 'Ain Chkef Lotis Asmae,34.0052264,-5.0106753,,,,0,,openstreetmap
Rhandour Mohamed Cremerie,Other,Fès,Route d 'Ain Chkef Lotis Karaouiyine,34.0048136,-5.0126649,,,,0,,openstreetmap
Café Nizar Kartaf Najib et Kartaf Yassine,Other,Fès,Route d ' Ain Chkef Lotis Asmae,34.0065928,-5.011705,,,,0,,openstreetmap
Cremerie Oméga,Other,Fès,Zouaghat Haut,34.0252206,-5.0329432,,,,0,,openstreetmap
Café Pam,Other,Fès,,34.0165487,-5.0555507,,,,0,,openstreetmap
Café tafilalte,Other,Fès,,34.0167944,-5.0541344,,,,0,,openstreetmap
Café fassih,Other,Fès,,34.0168555,-5.0539699,,,,0,,openstreetmap
Café La Rose Des Sables,Other,Fès,Zouaghat Haut Hay Fath,34.0233384,-5.0319111,,,,0,,openstreetmap
Café Espace Word,Other,Fès,Zouaghat Haut Hay Fath,34.0229044,-5.0317526,,,,0,,openstreetmap
Café Marzouk,Other,Fès,Zouaghat Haut Hay Fath,34.0220756,-5.0313938,,,,0,,openstreetmap
Salle de Jeux,Other,Fès,Zouaghat Haut Hay Fath,34.0216477,-5.0309318,,,,0,,openstreetmap
Café Espace Hajar,Other,Fès,Zouaghat Haut Hay Fath,34.0216035,-5.0306197,,,,0,,openstreetmap
Café Amity Palace,Other,Fès,Zouaghat Haut Hay Fath,34.0218426,-5.030751,,,,0,,openstreetmap
Cafe Lyncha,Other,Fès,BVD MOHAMMED 6 ZOUAGHAT,34.0250503,-5.0280998,,,,0,,openstreetmap
Café Amamousta Aamamou Mohamed,Other,Fès,Route d ' Ain Chkef Lotis Karaouiyine,34.0064022,-5.0128817,,,,0,,openstreetmap
Restaurant Papa Fish,Other,Fès,Route d 'Ain Chkef Lotis Asmae face École Anoual,34.0061586,-5.0103758,,,,0,,openstreetmap
Café Pablo مقهى بابلو,Other,Fès,Rue 14 زنقة,34.0069169,-5.0111995,,,,0,,openstreetmap
Snack Bateau Lux,Other,Fès,Route d 'Ain Chkef Lotis Zahrat Madaine,34.007316,-5.0106952,,,,0,,openstreetmap
Société Café Flaminki SARL,Other,Fès,Route d 'Ain Chkef Lotis Zahrat Madaine 3,34.0075113,-5.0132914,,,,0,,openstreetmap
El Azzouzi Mohamed Jamal Cremerie,Other,Fès,Route d ' Ain Chkef Lotis Zahrat Madaine,34.0069531,-5.0110576,,,,0,,openstreetmap
Café La Team El Kharroubi Chafik,Other,Fès,Route d ' Ain Chkef Lotis Riad Zeytoune,34.0074861,-5.0108656,,,,0,,openstreetmap
El Moutawafik Maria Cremerie,Other,Fès,Route d 'Ain Chkef Lotis Riad Zeytoune,34.0096115,-5.0132971,,,,0,,openstreetmap
Janati Idrissi Fatima Cremerie,Other,Fès,Route d ' Ain Chkef Lotis Zahrat Madaine,34.0072273,-5.01079,,,,0,,openstreetmap
CO -- T -- Café Tlamsani Mekkaoui Adil et El Mardi Mohamed,Other,Fès,Route d ' Ain Chkef Lotis Karaouiyine,34.0077359,-5.0146895,,,,0,,openstreetmap
Cafe La Tulipe,Other,Fès,AV MOHAMMED 6 ZOUAGHAT HAUT,34.0179548,-5.0206025,,,,0,,openstreetmap
Pizzeria Marco Polo,Other,Fès,AV MOHAMMED 6 ZOUAGHAT HAUT,34.0176841,-5.0200168,,,,0,,openstreetmap
Cremerie ( Local Fermé ),Other,Fès,AV MOHAMMED 6 ZOUAGHAT HAUT,34.0178088,-5.020269,,,,0,,openstreetmap
Café Espace Palace,Other,Fès,AV Mohammed 6 Zouaghat Haut,34.0175315,-5.0197552,,,,0,,openstreetmap
Cremerie Yassmine,Other,Fès,Route Aïn Smen,34.0170268,-5.0198304,,,,0,,openstreetmap
Café Brechia ( Local Fermé ),Other,Fès,Route Aïn Smen,34.0160503,-5.0202335,,,,0,,openstreetmap
Café Daytona Palace,Other,Fès,Route Aïn Smen,34.0101805,-5.0248729,,,,0,,openstreetmap
Café Acassia,Other,Fès,Route Aïn Smen,34.009473,-5.0259744,,,,0,,openstreetmap
Café El Akhaouayene,Other,Fès,,34.0150672,-5.0569684,,,,0,,openstreetmap
Café Amis Rami,Other,Fès,,34.0048667,-5.0449859,,,,0,,openstreetmap
Café B T G,Other,Fès,Route Aïn Smen,34.009349,-5.0292899,,,,0,,openstreetmap
Café Dounia,Other,Fès,Route Aïn Smen,34.0096678,-5.0287887,,,,0,,openstreetmap
Café Planto,Other,Fès,Route Aïn Smen,34.0094859,-5.0290612,,,,0,,openstreetmap
Café Sant Flour,Other,Fès,Route Aïn Smen,34.0101219,-5.0304225,,,,0,,openstreetmap
Café mountada El Amane,Other,Fès,,34.0002819,-5.0433531,,,,0,,openstreetmap
Snack Lotfi,Other,Fès,Route Aïn Smen,34.0097105,-5.0269338,,,,0,,openstreetmap
Café Polarya,Other,Fès,Route Aïn Smen,34.0097205,-5.0261352,,,,0,,openstreetmap
Café Saoudi,Other,Fès,,34.0144784,-5.0551177,,,,0,,openstreetmap
Snack El Khayrate,Other,Fès,Lotis Moustakbal Hay Massira,33.9958354,-5.0524891,,,,0,,openstreetmap
Cremerie et Restaurant Tizirt,Other,Fès,Arset Zitoune Doha,33.9902195,-5.0409044,,,,0,,openstreetmap
Café Al Akhawyn,Other,Fès,Arset Zitoune 1 Doha,33.9906791,-5.0438868,,,,0,,openstreetmap
Café Sol y Sombra,Other,Fès,,34.0130812,-5.0102067,,,,0,,openstreetmap
Hiba Laiterie,Other,Fès,Arset Zitoune Doha,33.9901419,-5.0417332,,,,0,,openstreetmap
Café Ines Day Day Abdelaziz,Other,Fès,Arset Zitoune Doha G H 01,33.9932573,-5.0412001,,,,0,,openstreetmap
Café Parista,Other,Fès,Lotis El Aman Hay Massira,33.9950122,-5.0463865,,,,0,,openstreetmap
Café Cristale Palace,Other,Fès,Arset Zitoune Zouagha,33.9902629,-5.040759,,,,0,,openstreetmap
Cremerie Doha,Other,Fès,Arset Zitoune Doha,33.9901621,-5.0413902,,,,0,,openstreetmap
Café El Mountazah,Other,Fès,Arset Zitoune 1 Doha G H 15,33.9911506,-5.0442934,,,,0,,openstreetmap
Café Alyana,Other,Fès,Arset Zitoune Doha G H 35,33.9897542,-5.042582,,,,0,,openstreetmap
Café Marouan,Other,Fès,,34.0129325,-5.0575113,,,,0,,openstreetmap
Café Taoufik,Other,Fès,,34.0158056,-5.062451,,,,0,,openstreetmap
Café La Gazelle,Other,Fès,Hay Tazi Marja Ouad fes,34.0389629,-5.0363002,,,,0,,openstreetmap
Café Rapidou,Other,Fès,,33.9951011,-5.0562567,,,,0,,openstreetmap
Café Rabie,Other,Fès,Route Aïn Smen طريق عين السمن,34.0120968,-5.028312,,,,0,,openstreetmap
Cremerie Ain Assal,Other,Fès,Route Aïn Smen طريق عين السمن,34.0135925,-5.0286015,,,,0,,openstreetmap
Café La Liberté,Other,Fès,,33.9940646,-5.0594439,,,,0,,openstreetmap
Café Nassim Errif,Other,Fès,,33.9940302,-5.0596276,,,,0,,openstreetmap
Café Azami,Other,Fès,,33.9944537,-5.0596596,,,,0,,openstreetmap
Café Savana Palace مقهى سافانا بالاس,Other,Fès,Hay Griyou Zouaghat Haut,34.0157503,-5.0270933,,,,0,,openstreetmap
Café Nasse Fès,Other,Fès,,33.9952773,-5.0600043,,,,0,,openstreetmap
Cremerie Nassim,Other,Fès,,33.9963773,-5.0606846,,,,0,,openstreetmap
Café salam (fermé),Other,Fès,,33.9949753,-5.0613998,,,,0,,openstreetmap
Laiterie Hiba mina Allah,Other,Fès,Hay Griyou Zouagha Haute,34.0158886,-5.0273757,,,,0,,openstreetmap
Café Intelak,Other,Fès,Hay Griyou Zouagha Haute,34.0164654,-5.02734,,,,0,,openstreetmap
Café zahrae,Other,Fès,,33.9965807,-5.0571318,,,,0,,openstreetmap
Café seressete,Other,Fès,,33.9971395,-5.0554339,,,,0,,openstreetmap
Café Al Abawayne Didi Youssef,Other,Fès,Lotis Moustakbal Hay Massira,33.9957678,-5.0525771,,,,0,,openstreetmap
Café Al Ikhwa Enndif Abderrazzak,Other,Fès,Lotis Moustakbal Hay Massira,33.994705,-5.0570813,,,,0,,openstreetmap
Café Abou Dabi Samouh El Khammar,Other,Fès,Lotis Moustakbal Hay Massira,33.9959849,-5.0529992,,,,0,,openstreetmap
Café Jad Mustapha El Azzouzi,Other,Fès,Lotis Moustakbal Hay Massira,33.9956645,-5.0540352,,,,0,,openstreetmap
Cremerie Al Moustakbal El Alami Ben Hmamou,Other,Fès,Lotis Moustakbal Hay Massira,33.9956346,-5.0541177,,,,0,,openstreetmap
Cremerie Chakkouma Tabai Ahmed,Other,Fès,Lotis Moustakbal Hay Massira,33.9955832,-5.054316,,,,0,,openstreetmap
Café Panoramic El Akkazi Mohamed,Other,Fès,Hay Nassim Bloc 6 Lotis B,33.9942218,-5.0586172,,,,0,,openstreetmap
Café luna(fermé),Other,Fès,,33.9977286,-5.054028,,,,0,,openstreetmap
Café (cheche),Other,Fès,,33.9971626,-5.0557535,,,,0,,openstreetmap
Café golden Rose,Other,Fès,,33.9976444,-5.0581787,,,,0,,openstreetmap
Café Malaysia,Other,Fès,Lotis Basma Hay Massira,33.9935208,-5.0625415,,,,0,,openstreetmap
Café Berkane,Other,Fès,Lotis Al omrane Hay Massira,33.9944474,-5.0629731,,,,0,,openstreetmap
Café ICHBILIA,Other,Fès,Hay Griyou Zouagha Haute,34.0162282,-5.0305475,,,,0,,openstreetmap
Café les frères,Other,Fès,,33.9958839,-5.0548502,,,,0,,openstreetmap
Café Miramas,Other,Fès,Hay Griyou Zouagha Haute,34.0140806,-5.030338,,,,0,,openstreetmap
Café Ghandour,Other,Fès,Hay Griyou Zouagha Haute,34.0167691,-5.0314948,,,,0,,openstreetmap
Café El Yassamine,Other,Fès,Hay Jadid Zouagha Haute,34.0179775,-5.0335692,,,,0,,openstreetmap
Accessoires Harim Soltane,Other,Fès,Hay Jadid Zouagha Haute,34.0171751,-5.0332209,,,,0,,openstreetmap
Café Abdelali,Other,Fès,Hay Massira Bloc A,33.9918855,-5.0613701,,,,0,,openstreetmap
Laiterie Snack,Other,Fès,Hay Jadid Zouagha Haute,34.018349,-5.0337239,,,,0,,openstreetmap
Café jawhara khadrae,Other,Fès,Lotis Massira C 2,33.9912377,-5.0614929,,,,0,,openstreetmap
Restaurant Amana,Other,Fès,Hay Jadid Zouagha Haute,34.0186462,-5.033883,,,,0,,openstreetmap
Cremerie Bouadel,Other,Fès,Hay Jadid Zouagha Haute,34.0189443,-5.0341746,,,,0,,openstreetmap
Café Ibiza Plaza,Other,Fès,Avenue des Forces Armées Royales,34.0406323,-5.0148016,,,,0,,openstreetmap
Nassiri Saad Snack Laaz,Other,Fès,Hay Nassim Lotis Massira Resid 6 A,33.993841,-5.059297,,,,0,,openstreetmap
Café Pizzeria La Belle Ville,Other,Fès,Route Ain Chkef,34.0132124,-5.0033944,,,,0,,openstreetmap
Café Nice,Other,Fès,Hay Riad Sais,34.013902,-4.9619885,,,,0,,openstreetmap
Chihab El Iyachi Cremerie,Other,Fès,Lotis Massira C 2,33.9911875,-5.06114,,,,0,,openstreetmap
Café El Mardi,Other,Fès,Hay Jadid Zouagha Haute,34.014834,-5.0329556,,,,0,,openstreetmap
Café Joe Verson,Other,Fès,Zouaghat Haut,34.0144299,-5.0335882,,,,0,,openstreetmap
Café Havana,Other,Fès,,33.9984629,-5.0583155,,,,0,,openstreetmap
Chelghami Lahcen Cremerie,Other,Fès,Lotis Massira C2,33.9910188,-5.0599691,,,,0,,openstreetmap
Cafe AL FATH,Other,Fès,Hay Jadid Zouagha Haute,34.0162311,-5.0350549,,,,0,,openstreetmap
Café Al Houda,Other,Fès,Hay Jadid Zouagha Haute,34.0177053,-5.0351541,,,,0,,openstreetmap
Café Place D'Or,Other,Fès,Lot Mabrouka Zouagha Haute,34.0219446,-5.0359854,,,,0,,openstreetmap
Pizza Al Madina Mounawara,Other,Fès,BVD Sanabil Zouagha Haute,34.0214125,-5.0354966,,,,0,,openstreetmap
Café Sinizia,Other,Fès,BVD Sanabil Zouagha Haute,34.0193071,-5.0343124,,,,0,,openstreetmap
Café Essarai,Other,Fès,BVD Sanabil Zouagha Haute,34.0191616,-5.0341323,,,,0,,openstreetmap
Café Jaouhate Zouagha,Other,Fès,Bloc C Zouagha Haute,34.0187626,-5.033703,,,,0,,openstreetmap
Café Narjissia,Other,Fès,Bloc C Zouagha Haute,34.0177941,-5.0322936,,,,0,,openstreetmap
Café Venezia,Other,Fès,Hay Griyou Zouagha Haute,34.0174943,-5.0288259,,,,0,,openstreetmap
Café Rif,Other,Fès,Hay Griyou Zouagha Haute,34.0178126,-5.0278114,,,,0,,openstreetmap
Cremerie Atlas,Other,Fès,Mosquée Massira,33.9919243,-5.0589703,,,,0,,openstreetmap
Chtioui Aziz Laitière Salam,Other,Fès,Lotis Nassim Hay Massira Bloc B 2,33.9931006,-5.0589806,,,,0,,openstreetmap
Café Khayrazad,Other,Fès,Hay Massira Rue 10,33.9906391,-5.0574679,,,,0,,openstreetmap
Afroukh Mohamed Café,Other,Fès,Lotis Moustakbal Hay Massira C 2,33.9911963,-5.058108,,,,0,,openstreetmap
Café Jaouharat El Moustakbal,Other,Fès,Lotis Moustakbal Hay Massira,33.9921063,-5.0525657,,,,0,,openstreetmap
Café Kilimanjaro,Other,Fès,Hay Massira C 2,33.9916977,-5.0588343,,,,0,,openstreetmap
Café Texas,Other,Fès,Hay Massira C2 Bensouda,33.9906242,-5.0573615,,,,0,,openstreetmap
Café Fadae El Moustakbal,Other,Fès,Lotis Moustakbal Hay Massira,33.992837,-5.0506387,,,,0,,openstreetmap
Café Reda Mkassi Youssef,Other,Fès,Hay Massira C 2,33.9915086,-5.0590072,,,,0,,openstreetmap
Café Bouvardia,Other,Fès,Lotis Nassim Hay Massira,33.9932174,-5.0590335,,,,0,,openstreetmap
Café Saa Saida,Other,Fès,Lotis Nassim Hay Massira Bloc B 3,33.9931439,-5.0589979,,,,0,,openstreetmap
Café Hawd Jamil,Other,Fès,Hay Massira C 2,33.9914218,-5.0586213,,,,0,,openstreetmap
Café Murcia Boughaba Mohamed et Boughaba Karim,Other,Fès,Lotis Nassim Hay Massira Immb 3 et 5,33.9937176,-5.0594677,,,,0,,openstreetmap
Café Akouas Fes,Other,Fès,Lotis Nassim Hay Massira Bloc 6,33.9924091,-5.0574679,,,,0,,openstreetmap
Snack Zouheir,Other,Fès,Lotis Nassim Hay Massira Immb A 5,33.9937302,-5.0592489,,,,0,,openstreetmap
Dar Le 44,Other,Fès,,34.063194,-4.9828671,,,,0,,openstreetmap
cafe ART COFFEE,Other,Fès,Rue Lalla Amina,34.035495,-5.0086064,,,,0,,openstreetmap
Café De molen,Other,Fès,Avenue Allal Ben Abdallah شارع علال بن عبد الله,34.0355086,-5.0044196,,,,0,,openstreetmap
Café Delices,Other,Fès,Avenue Allal Ben Abdallah شارع علال بن عبد الله,34.0341211,-5.0054922,,,,0,,openstreetmap
Café El Alami,Other,Fès,Avenue Mohammed VI,34.0235373,-5.0277328,,,,0,,openstreetmap
Café Marssillia ( Local Fermé ),Other,Fès,Hay Fath Zouagha Haute,34.0207085,-5.0305214,,,,0,,openstreetmap
Snack Al Fath,Other,Fès,Hay Fath Zouagha Haute,34.0230196,-5.0288297,,,,0,,openstreetmap
Café Al Jaouabir,Other,Fès,Hay Jdid Zouagha Haute,34.019046,-5.0359959,,,,0,,openstreetmap
Café Fassi Pool,Other,Fès,Hay Sidi Lhadi Zouagha Houte,34.0218571,-5.0373769,,,,0,,openstreetmap
Café Ikhwane Belhsane,Other,Fès,Lotis Moustakbal Hay Massira,33.9918403,-5.0558971,,,,0,,openstreetmap
Café Alouane,Other,Fès,Lotis Moustakbal Hay Massira,33.9917225,-5.0559212,,,,0,,openstreetmap
Café Astouria,Other,Fès,Hay Sidi Lhadi Zouagha Haute,34.0190529,-5.0401475,,,,0,,openstreetmap
Café Facandia,Other,Fès,Hay Griyou Zouagha Haute,34.0187094,-5.0413565,,,,0,,openstreetmap
Café Coin Ambra,Other,Fès,Lot Ambra Zouagha Haute,34.0086413,-5.0336239,,,,0,,openstreetmap
Cremerie El Jaouhara,Other,Fès,Lot Ambra Zouagha Haute,34.0082249,-5.03306,,,,0,,openstreetmap
Snack Hbib Alah,Other,Fès,Hay Jdid Zouagha Haute,34.0154522,-5.0360822,,,,0,,openstreetmap
Laiterie Quods,Other,Fès,Lot Ambra Zouagha Haute,34.0149975,-5.0367052,,,,0,,openstreetmap
Café Arco Blanco,Other,Fès,Lot Ambra Zouagha Haute,34.0127202,-5.0375215,,,,0,,openstreetmap
Café Manarat Sais,Other,Fès,Lot Adouha Zouagha Haute,34.0118891,-5.0403395,,,,0,,openstreetmap
Café Monde Alfirdaous,Other,Fès,Lot Adouha Zouagha Haute,34.0122658,-5.0432127,,,,0,,openstreetmap
Café Terminé,Other,Fès,Lot Ambra Zouagha Haute,34.0099503,-5.0362125,,,,0,,openstreetmap
Restaurant el khmissa,Other,Fès,,34.0635582,-4.9816949,,,,0,,openstreetmap
Café barcelona,Other,Fès,Rue Talaâ Kbira الطالعة الكبيرة,34.0633263,-4.9816885,,,,0,,openstreetmap
San Gusto,Other,Fès,,34.0626939,-4.9826801,+212649313559,,,0,,openstreetmap
Buoayad,Other,Fès,Bab Boujloud باب بوجلود,34.0617635,-4.9837456,,,,0,,openstreetmap
Kasbah de Fes,Other,Fès,Rue Serrajine,34.0618907,-4.9837753,,,,0,,openstreetmap
Jawharaz Bab Boujloud,Other,Fès,,34.0617059,-4.9839501,,,,0,,openstreetmap
Restaurant Mezzanine,Other,Fès,,34.060845,-4.9843387,+212535638668,,,0,,openstreetmap
Café Toni Club,Other,Fès,rue al7adika,34.0571057,-5.0269683,,,,0,,openstreetmap
Restaurant africain Kibunu مطعم أفريقي,Other,Fès,Avenue Miaarage Narjiss Al Amal,34.0105196,-4.9666097,+212688294032,,,0,,openstreetmap
British Saloon,Other,Fès,Avenue Batha,34.0602511,-4.9821555,,,,0,,openstreetmap
Café Habib Allah,Other,Fès,Hay Jdid Zouagha Haute,34.0129809,-5.033253,,,,0,,openstreetmap
Café Le Six,Other,Fès,Boulevard Mohamed VI,34.0184284,-5.0214017,,,,0,,openstreetmap
Café Levule,Other,Fès,Boulevard des Merinides,34.0707847,-4.9690501,,,,0,,openstreetmap
Café El MANZAH,Other,Fès,Boulevard des Merinides,34.0703549,-4.9669609,,,,0,,openstreetmap
Café kaoutar riad laymoune,Other,Fès,,34.0547518,-5.0420258,,,,0,,openstreetmap
Café Rosa,Other,Fès,,34.0517779,-5.0438305,,,,0,,openstreetmap
Café roma termini,Other,Fès,,34.0532718,-5.0404832,,,,0,,openstreetmap
Cremerie riyad laymoune,Other,Fès,,34.0518514,-5.0434184,,,,0,,openstreetmap
Café Jad,Other,Fès,,34.0562809,-5.0370729,,,,0,,openstreetmap
Café Houriat Al Bahr,Other,Fès,,34.0583149,-5.0377019,,,,0,,openstreetmap
Café Bab Tghate,Other,Fès,,34.0588752,-5.0379685,,,,0,,openstreetmap
Café hammioui,Other,Fès,,34.0593473,-5.038864,,,,0,,openstreetmap
Le Numéro 7,Other,Fès,,34.0653719,-4.9778196,+212694277849,,,0,,openstreetmap
Café Tarchane,Other,Fès,,34.0594649,-5.0390665,,,,0,,openstreetmap
Cafe El Karama,Other,Fès,Boulevard des Merinides,34.0684266,-4.9654041,,,,0,,openstreetmap
Café FARAJ,Other,Fès,Boulevard des Merinides,34.0682857,-4.9654371,,,,0,,openstreetmap
Café L'espoire Palace,Other,Fès,,34.0529726,-5.0371235,,,,0,,openstreetmap
Sky Bar (Hôtel Sahrai),Other,Fès,,34.043515,-4.9923165,+212535940302,,,0,,openstreetmap
Café Fidélité,Other,Fès,Boulevard des Merinides,34.0680498,-4.9654541,,,,0,,openstreetmap
Café El Boughaz,Other,Fès,Boulevard des Merinides,34.0673612,-4.9656459,,,,0,,openstreetmap
Café Al fajr,Other,Fès,Boulevard des Merinides,34.0672665,-4.9656566,,,,0,,openstreetmap
Café Tidighine,Other,Fès,,34.0568647,-5.043594,,,,0,,openstreetmap
Café Disney,Other,Fès,Boulevard des Merinides,34.0668821,-4.9652506,,,,0,,openstreetmap
Café Marrakech,Other,Fès,Boulevard des Merinides,34.0668289,-4.9648611,,,,0,,openstreetmap
Café Sindibad,Other,Fès,Boulevard des Merinides,34.067342,-4.9639281,,,,0,,openstreetmap
Snack Ciao Ciao,Other,Fès,,34.0573765,-5.0315447,,,,0,,openstreetmap
Cafe Santa Marina,Other,Fès,Boulevard des Merinides,34.067375,-4.9632613,,,,0,,openstreetmap
Café VALSUGANA,Other,Fès,Boulevard des Merinides,34.0673121,-4.9630787,,,,0,,openstreetmap
Cremerie Chabab,Other,Fès,jnane Benkiran jnanate,34.0669755,-4.9615232,,,,0,,openstreetmap
Café Atlantes,Other,Fès,,34.0582163,-5.028816,,,,0,,openstreetmap
Café Valerosa,Other,Fès,,34.0594765,-5.0242604,,,,0,,openstreetmap
Café Omega( fermé),Other,Fès,,34.0593799,-5.0247733,,,,0,,openstreetmap
Café Tawn Haouse( en cour),Other,Fès,,34.0594169,-5.0245294,,,,0,,openstreetmap
Café Charam Cheikh,Other,Fès,,34.0600624,-5.0219123,,,,0,,openstreetmap
Café La Marche verte,Other,Fès,,34.0600839,-5.0216804,,,,0,,openstreetmap
Restaurant Capital de Poulet,Other,Fès,,34.0581359,-5.0209326,,,,0,,openstreetmap
Café News Times,Other,Fès,,34.0603173,-5.0221979,,,,0,,openstreetmap
Café Blue Heaven,Other,Fès,,34.0602548,-5.0224501,,,,0,,openstreetmap
Café Toufah,Other,Fès,Lot Najah Babil Khokha,34.0632433,-4.9597545,,,,0,,openstreetmap
Café LaColoma Blanca,Other,Fès,,34.0598062,-5.0241259,,,,0,,openstreetmap
Café Mesk Lil,Other,Fès,,34.0594289,-5.0257781,,,,0,,openstreetmap
Café Assonaa,Other,Fès,Lot Najah Babil khokha,34.0634605,-4.9601026,,,,0,,openstreetmap
Café Lausane,Other,Fès,,34.0579826,-5.0310333,,,,0,,openstreetmap
Snack Rapide,Other,Fès,,34.057811,-5.0313547,,,,0,,openstreetmap
Café Oued Sebou,Other,Fès,Lot Najah Bab Khokha,34.0636775,-4.9605908,,,,0,,openstreetmap
Snack Bab Madina,Other,Fès,Bab Khoukha,34.0637143,-4.960709,,,,0,,openstreetmap
Snack TonTon,Other,Fès,,34.057079,-5.0336066,,,,0,,openstreetmap
Café Planet( fermé),Other,Fès,,34.0571606,-5.0333572,,,,0,,openstreetmap
Café Al Akhaouine,Other,Fès,,34.0567138,-5.0350243,,,,0,,openstreetmap
Café kordouba,Other,Fès,,34.0565878,-5.0355965,,,,0,,openstreetmap
Café Baraka Al Salam,Other,Fès,Lot Najah Bab Khokha,34.0638672,-4.9610985,,,,0,,openstreetmap
Café Najah,Other,Fès,Lot Najah Bab Khokha,34.0639044,-4.9611878,,,,0,,openstreetmap
Café la Riva de fes,Other,Fès,Boulevard des Merinides,34.0692993,-4.9655467,,,,0,,openstreetmap
Café La vie Palaces,Other,Fès,,34.0575164,-5.025768,,,,0,,openstreetmap
Cremerie Ennoure,Other,Fès,,34.0578415,-5.023852,,,,0,,openstreetmap
Café Havane Palace,Other,Fès,,34.0565181,-5.0321057,,,,0,,openstreetmap
Café Espace El Andalous,Other,Fès,,34.0559783,-5.0340119,,,,0,,openstreetmap
Café La Fontaine,Other,Fès,,34.0560404,-5.0320663,,,,0,,openstreetmap
Cremerie El Manare,Other,Fès,,34.0561472,-5.0303629,,,,0,,openstreetmap
Snack Fast-food,Other,Fès,,34.0567818,-5.0287471,,,,0,,openstreetmap
Snack Amrani,Other,Fès,,34.0575949,-5.0243514,,,,0,,openstreetmap
Café Paradis Rolaxe,Other,Fès,,34.0544425,-5.0264298,,,,0,,openstreetmap
Crémerie Brichi,Other,Fès,jnane Chami jnanate,34.066016,-4.9587754,,,,0,,openstreetmap
Cremerie Saad,Other,Fès,jnane Chami jnanate,34.0658533,-4.9591595,,,,0,,openstreetmap
La parisienne,Other,Fès,,34.0549212,-5.0266354,,,,0,,openstreetmap
Café figuras,Other,Fès,,34.0550891,-5.0286419,,,,0,,openstreetmap
Café 1-2-3,Other,Fès,,34.0551988,-5.028657,,,,0,,openstreetmap
Restaurant Miami(en cours),Other,Fès,,34.055968,-5.0286258,,,,0,,openstreetmap
Café Talha,Other,Fès,,34.0548037,-5.0310382,,,,0,,openstreetmap
Café Jnane Tghate,Other,Fès,,34.054654,-5.0323917,,,,0,,openstreetmap
Restaurant Aarif,Other,Fès,,34.0540745,-5.0330428,,,,0,,openstreetmap
Snack Filali,Other,Fès,,34.054692,-5.0336825,,,,0,,openstreetmap
Café Ziyad,Other,Fès,,34.0578342,-5.0349416,,,,0,,openstreetmap
Café Islam,Other,Fès,,34.0586334,-5.0320626,,,,0,,openstreetmap
Café La Legend,Other,Fès,,34.0594771,-5.0346892,,,,0,,openstreetmap
Café Azzhar,Other,Fès,jnane Souni jnanate,34.0669281,-4.9582953,,,,0,,openstreetmap
Cremerie El Jawda,Other,Fès,,34.0607347,-5.0254128,,,,0,,openstreetmap
Café Hamiche,Other,Fès,,34.0593124,-5.0361645,,,,0,,openstreetmap
Café Laaroussi,Other,Fès,,34.0684916,-4.985885,,,,0,,openstreetmap
Café Borj Fès,Other,Fès,,34.0683772,-4.9862744,,,,0,,openstreetmap
Café Tazaka,Other,Fès,,34.0680783,-4.9890604,,,,0,,openstreetmap
Café Khansae,Other,Fès,,34.0677636,-4.9875289,,,,0,,openstreetmap
Café Alaoui,Other,Fès,Bvd Jane Oyad Sidi Boujida,34.0695086,-4.9691367,,,,0,,openstreetmap
Cafe Bassatine,Other,Fès,,34.0665829,-4.9620981,,,,0,,openstreetmap
Café Cala D'or,Other,Fès,,34.0659057,-4.962257,,,,0,,openstreetmap
Café taouam,Other,Fès,,34.0671355,-4.9674574,,,,0,,openstreetmap
Café elle barakka,Other,Fès,,34.0614077,-4.9516588,,,,0,,openstreetmap
Café amori mio,Other,Fès,,34.0644385,-4.9536786,,,,0,,openstreetmap
Café molay Ali charif,Other,Fès,,34.0647285,-4.9545448,,,,0,,openstreetmap
Cafe ifrane,Other,Fès,,34.0468009,-4.9574717,,,,0,,openstreetmap
Casse croute el fath,Other,Fès,,34.0469072,-4.9578365,,,,0,,openstreetmap
Café billale,Other,Fès,,34.0522167,-4.9607491,,,,0,,openstreetmap
Café brikh,Other,Fès,,34.0577055,-4.9550226,,,,0,,openstreetmap
Café jabal annour,Other,Fès,,34.0569643,-4.9554639,,,,0,,openstreetmap
Café 5 etoile,Other,Fès,,34.069465,-4.9655802,,,,0,,openstreetmap
Casse croute hachmi,Other,Fès,,34.0666259,-4.9648056,,,,0,,openstreetmap
Café nour almanar,Other,Fès,,34.0685149,-4.9656907,,,,0,,openstreetmap
Café ben nasser,Other,Fès,,34.0632406,-4.9526305,,,,0,,openstreetmap
Cafe al faracha,Other,Fès,,34.0656343,-4.9622834,,,,0,,openstreetmap
Crémerie magribe de fes,Other,Fès,,34.0659132,-4.9674591,,,,0,,openstreetmap
Café palace,Other,Fès,,34.0641005,-4.9535945,,,,0,,openstreetmap
Cafe berlin,Other,Fès,,34.0535236,-4.9591835,,,,0,,openstreetmap
Café khlifi,Other,Fès,,34.0702088,-4.9662577,,,,0,,openstreetmap
Crémerie real,Other,Fès,,34.0539189,-4.9614897,,,,0,,openstreetmap
Cafe marina,Other,Fès,,34.0515527,-4.9614805,,,,0,,openstreetmap
Café hossam,Other,Fès,,34.0590816,-4.9554828,,,,0,,openstreetmap
Casse croûte akhaouaine,Other,Fès,,34.0489122,-4.9583105,,,,0,,openstreetmap
Café ben makhloufe,Other,Fès,,34.0490745,-4.9611346,,,,0,,openstreetmap
Café dar issalam,Other,Fès,,34.050104,-4.9607514,,,,0,,openstreetmap
Cafe okri,Other,Fès,,34.050405,-4.9613967,,,,0,,openstreetmap
Litière pour Alfa nour,Other,Fès,,34.0534101,-4.9614639,,,,0,,openstreetmap
Café fleurs des palmiers,Other,Fès,,34.0535336,-4.9616325,,,,0,,openstreetmap
Istambol,Other,Fès,,34.0531343,-4.9594682,,,,0,,openstreetmap
Cremerie med maghrnaoui,Other,Fès,,34.0532877,-4.9594164,,,,0,,openstreetmap
Cafe qabbali,Other,Fès,,34.054624,-4.9591364,,,,0,,openstreetmap
Cafe Upper palace,Other,Fès,,34.0595554,-4.9580254,,,,0,,openstreetmap
Crémerie abdellkhalek,Other,Fès,,34.0592053,-4.9567727,,,,0,,openstreetmap
Cafe rotana,Other,Fès,,34.0586876,-4.9560163,,,,0,,openstreetmap
Cafe mokhless,Other,Fès,,34.0572852,-4.9551486,,,,0,,openstreetmap
Cafe régala eamda,Other,Fès,,34.0574903,-4.9551684,,,,0,,openstreetmap
Asmak medina jbilou,Other,Fès,,34.0666827,-4.9645822,,,,0,,openstreetmap
Crémerie multaka,Other,Fès,,34.066634,-4.9647586,,,,0,,openstreetmap
Snack jbllou et kouidy,Other,Fès,,34.0667261,-4.9644916,,,,0,,openstreetmap
Café loubna,Other,Fès,,34.0667701,-4.964435,,,,0,,openstreetmap
Café Drem,Other,Fès,,34.0671918,-4.9634905,,,,0,,openstreetmap
Café oued el makhazin,Other,Fès,,34.0670597,-4.962682,,,,0,,openstreetmap
Crémerie Bella roma,Other,Fès,,34.0668712,-4.9624866,,,,0,,openstreetmap
Cafe Tanger,Other,Fès,,34.0654006,-4.9623171,,,,0,,openstreetmap
Cafe aboussaad,Other,Fès,,34.0651637,-4.9623595,,,,0,,openstreetmap
Cafe nasma,Other,Fès,,34.0460615,-4.9564801,,,,0,,openstreetmap
Cafe jnane el ouard,Other,Fès,,34.0594704,-4.9564404,,,,0,,openstreetmap
Café El Hader,Other,Fès,,34.0640488,-4.9946164,,,,0,,openstreetmap
Café Karaouyene,Other,Fès,,34.0636614,-4.9953328,,,,0,,openstreetmap
Restaurant Akhawayn,Other,Fès,,34.0636688,-4.9951205,,,,0,,openstreetmap
Café Al Rayan,Other,Fès,,34.0640087,-4.9968034,,,,0,,openstreetmap
Café Hamza,Other,Fès,,34.0654313,-4.9990466,,,,0,,openstreetmap
Café Chachi,Other,Fès,,34.066618,-4.9983052,,,,0,,openstreetmap
Café louizate,Other,Fès,,34.0535941,-4.961279,,,,0,,openstreetmap
Casse croute Bismillah,Other,Fès,,34.0535797,-4.9612221,,,,0,,openstreetmap
Café Al Moultaqa,Other,Fès,,34.0672021,-4.998196,,,,0,,openstreetmap
Café adwae fes,Other,Fès,,34.0496785,-4.9652657,,,,0,,openstreetmap
Les fruits de mer,Other,Fès,,34.0495367,-4.9651674,,,,0,,openstreetmap
Café el bourj chamali,Other,Fès,,34.0491124,-4.9646185,,,,0,,openstreetmap
Cafe attadamen,Other,Fès,,34.0489109,-4.9621708,,,,0,,openstreetmap
Cremerie najari,Other,Fès,,34.04801,-4.9572896,,,,0,,openstreetmap
Café chaoune,Other,Fès,,34.0491681,-4.9579516,,,,0,,openstreetmap
Cafe la suit palace,Other,Fès,,34.0493681,-4.9579305,,,,0,,openstreetmap
Café sefian,Other,Fès,,34.0520621,-4.9577832,,,,0,,openstreetmap
Café Baraka,Other,Fès,Sahb El Ouard,34.0574784,-4.9518729,,,,0,,openstreetmap
Café Ilyas,Other,Fès,Sahb El Ouard,34.0573628,-4.9516377,,,,0,,openstreetmap
Café Laurida,Other,Fès,Sahb El Ouard,34.0564941,-4.9495762,,,,0,,openstreetmap
Cafe alghazala,Other,Fès,,34.0533766,-4.9562699,,,,0,,openstreetmap
Café Simo Rayan,Other,Fès,Sahb Ouard,34.0554045,-4.9493052,,,,0,,openstreetmap
Cafe arbi jarda,Other,Fès,,34.0536718,-4.9566587,,,,0,,openstreetmap
Cafe hermal,Other,Fès,,34.0558214,-4.9598543,,,,0,,openstreetmap
Cafe maghriib el yaem,Other,Fès,,34.0565657,-4.9607007,,,,0,,openstreetmap
Café Mouhcine,Other,Fès,,34.0685268,-4.9943655,,,,0,,openstreetmap
Café Zalaghe,Other,Fès,,34.0688933,-4.9944951,,,,0,,openstreetmap
Café Manzah Fès,Other,Fès,,34.0681497,-5.0015407,,,,0,,openstreetmap
Café Maghrib Arabi,Other,Fès,,34.0706474,-5.0022515,,,,0,,openstreetmap
Café El Farasse,Other,Fès,,34.0708481,-5.0023163,,,,0,,openstreetmap
ملثقى الالوان,Other,Fès,Sahb El Ouard,34.0545008,-4.9538087,,,,0,,openstreetmap
Café Ezzahir,Other,Fès,Bled Tazi Sahb El Ourd,34.0542303,-4.9535797,,,,0,,openstreetmap
Café Chourouk Chams,Other,Fès,,34.0709424,-5.00235,,,,0,,openstreetmap
Crémerie Titanic,Other,Fès,Sahb El Ouard,34.0533714,-4.9521692,,,,0,,openstreetmap
Café RBIGUI,Other,Fès,Sahb El Ouard,34.0533489,-4.9523689,,,,0,,openstreetmap
Café Mustapha,Other,Fès,,34.0694962,-5.0020797,,,,0,,openstreetmap
Café Doha,Other,Fès,,34.0684297,-5.0019804,,,,0,,openstreetmap
Laiterie Al Hay,Other,Fès,Sahb El Ouard,34.0570044,-4.9544758,,,,0,,openstreetmap
Grillade Tanjaoui,Other,Fès,,34.0652703,-4.9996027,,,,0,,openstreetmap
Crémerie fadae fes,Other,Fès,,34.060886,-4.9617005,,,,0,,openstreetmap
Snack El Jazira,Other,Fès,,34.0658882,-5.0011149,,,,0,,openstreetmap
Café Meryamti Bekkali Hamid,Other,Fès,Hay Tghat Face Bain Riad,34.0589309,-5.0210584,,,,0,,openstreetmap
Café Tghate,Other,Fès,Hay Tghat Face Bain Riad,34.0595034,-5.0212769,,,,0,,openstreetmap
Café Zalagh Palace Senhaji Mohamed et Senhaji Sellam,Other,Fès,Avenue Moussa Bnou Noussair Lotis Dayaa,34.0609327,-5.0172673,,,,0,,openstreetmap
Snack Faissal Krimi,Other,Fès,Lotissement Moulay Amine Resid 19,34.0616214,-5.0146197,,,,0,,openstreetmap
Café Blanca Ice Bahjaoui Younes,Other,Fès,Lotissement Jad,34.0593057,-5.0121235,,,,0,,openstreetmap
Café Golf,Other,Fès,Hay Taj Ain Kadous,34.058888,-5.0112547,,,,0,,openstreetmap
Café La grotte Des Pigeons Saidi Fatiha,Other,Fès,Mosquée Tajmoueti Hay Salam,34.0612914,-5.0133117,,,,0,,openstreetmap
Cremerie Amine Soufiane Dahbi,Other,Fès,Avenue Moussa Bnou Noussair Hay Salam,34.0620783,-5.0149929,,,,0,,openstreetmap
Café Faouzi,Other,Fès,Hay Tghat Face Mosquée Rahma,34.058645,-5.0209214,,,,0,,openstreetmap
Café Al Foroussia Hamdane Ben Ziad,Other,Fès,HAY Tghat Face Mosquée El Kaoutar,34.0601639,-5.0214555,,,,0,,openstreetmap
Cremerie Al Habaib Maghraoui Naima,Other,Fès,Lotissement Jad,34.059102,-5.0124529,,,,0,,openstreetmap
Café Ouslou Azir Abderrahmane,Other,Fès,Hay Salam Ain Kadouss Rue 8,34.061918,-5.0135492,,,,0,,openstreetmap
Mansouri Rabia Cremerie Al Ikhwa,Other,Fès,Avenue Moussa Bnou Noussair Hay Tghat,34.0604299,-5.0203523,,,,0,,openstreetmap
Café Dali,Other,Fès,Avenue Moussa Bnou Noussair Lotis Jbel Tghat 2 Hay Tghat,34.0607123,-5.0191043,,,,0,,openstreetmap
Cremerie Toulito,Other,Fès,Hay My Hafid Avenue Okbat Bnou Nafie,34.0607775,-5.0133714,,,,0,,openstreetmap
Café Samar El Ouanjli Abdessamad,Other,Fès,Hay Taj Ain Kadouss,34.0592074,-5.0109834,,,,0,,openstreetmap
Café Nesma Chouaref Noureddine,Other,Fès,Avenue Moussa Bnou Noussair Hay Salam,34.0621072,-5.0141237,,,,0,,openstreetmap
Café Citta Alta Khaifallah Zakariae,Other,Fès,Lotissement Jbel Tghat 2 Hay Tghat,34.0607282,-5.0207146,,,,0,,openstreetmap
Café Rahma Zouyten Najima,Other,Fès,Lotissement Jbel Tghat 1,34.0596572,-5.0174295,,,,0,,openstreetmap
Azoukane Khalid Laitiere,Other,Fès,Avenue Moussa Bnou Noussair Hay Salam,34.0620828,-5.0148117,,,,0,,openstreetmap
Kiosque Meknassi Salim Adiba,Other,Fès,Lotissement My Hafid Pres du Cafe Les Invités,34.0604904,-5.0132807,,,,0,,openstreetmap
Café Les Roses Héritiers Batata Ahmed,Other,Fès,Hay Salam Ain Kadouss Avenue Moussa Bnou Noussair,34.0620368,-5.0139386,,,,0,,openstreetmap
Café De Football,Other,Fès,Sahrij Gnaoua,34.0511668,-4.9497394,,,,0,,openstreetmap
Café Achraf,Other,Fès,Sahb El Ouard,34.0505825,-4.9500541,,,,0,,openstreetmap
Crémerie ES-ESAADI,Other,Fès,Sahb Ouard,34.0503111,-4.9501129,,,,0,,openstreetmap
Café Dahab,Other,Fès,,34.0669792,-5.0041303,,,,0,,openstreetmap
Cremerie Sanaoubar,Other,Fès,,34.067203,-5.0047548,,,,0,,openstreetmap
Café Zohour El Hadaik,Other,Fès,,34.0684639,-5.0073813,,,,0,,openstreetmap
Café Prine,Other,Fès,,34.0690151,-5.0084576,,,,0,,openstreetmap
Café El Mahir,Other,Fès,,34.0694464,-5.0087632,,,,0,,openstreetmap
Café Adam مقهى آدم,Other,Fès,,34.0703121,-5.0079448,,,,0,,openstreetmap
Cremerie Beranzaran,Other,Fès,Bled Skalia Sahb El Ouard,34.049612,-4.9520291,,,,0,,openstreetmap
Kiosque Cremerie Sbai Mohamed,Other,Fès,Avenue Kiraouane Hay Lamsalla Ain Kadouss,34.0644961,-5.002195,,,,0,,openstreetmap
Café Reda Hani Fatima et Darif Malika,Other,Fès,Avenue Kiraouane Hay Lamsalla Ain Kadouss,34.0643973,-5.0024303,,,,0,,openstreetmap
Laitière Kliyoubatra Benakkadou Rachid,Other,Fès,Avenue Kiraouane Hay Lamsalla Ain Kadouss,34.0647416,-5.0014895,,,,0,,openstreetmap
Café Amoiaj Ali Aloulouch,Other,Fès,Avenue Kiraouane Hay Lamsalla Ain Kadouss,34.0643011,-5.0027515,,,,0,,openstreetmap
Laitière Min Fadli Allah Chaouri Abdellah,Other,Fès,Avenue Kiraouane Hay Lamsalla Ain Kadouss,34.0647801,-5.0013528,,,,0,,openstreetmap
Café Chalalat Ouzoud Bzioui Abdelaziz,Other,Fès,Avenue Kiraouane place BenDebbab,34.0651601,-5.0008546,,,,0,,openstreetmap
Café Al Anwar Anwar Mansoura,Other,Fès,Avenue Oqba ben Nafia Hay Lamsalla Ain Kadouss,34.064819,-5.0012157,,,,0,,openstreetmap
Cremerie Souhaile,Other,Fès,,34.0670615,-5.0070932,,,,0,,openstreetmap
Café janat,Other,Fès,,34.0665776,-5.008865,,,,0,,openstreetmap
Café Wissal Benayad Charafa,Other,Fès,Hay Mabrouka Ain Haroun Rue 202 Rue Yaakoub El Mansour,34.0662286,-5.0025632,,,,0,,openstreetmap
Laitière Saidi Rachid,Other,Fès,Avenue Kiraouane Hay Lamsalla Ain Kadouss,34.0628157,-5.0074726,,,,0,,openstreetmap
Restaurant Ahl Fes Kyad Driss et Masrar Mohamed,Other,Fès,Hay Ahl Fes Ain Kadouss Rue 204,34.0610965,-5.009496,,,,0,,openstreetmap
Café El Amal Sbai Mohamed,Other,Fès,Avenue Kiraouane Hay Lamsalla Ain Kadouss,34.0627931,-5.007547,,,,0,,openstreetmap
Café Mirador Lakhlifi Mohamed,Other,Fès,Hay Ahel Fes Ain Kadouss Rue 251 Bis,34.0601584,-5.007506,,,,0,,openstreetmap
Café Nouama Bouzhar Nouama,Other,Fès,Avenue Kiraouane Hay Lamsalla Ain Kadouss,34.0627639,-5.0076134,,,,0,,openstreetmap
Café Douae Zouini Fatima Zohra,Other,Fès,Avenue Kiraouane Hay Lamsalla Ain Kadouss Lotis Chaaba,34.0625632,-5.0082213,,,,0,,openstreetmap
Snack Said Bahouh,Other,Fès,Hay Ain Kadouss Rue 206,34.0604472,-5.0097523,,,,0,,openstreetmap
Café Nouzha,Other,Fès,Hay Ain Haroun Immb Tazi Rue 201 et 202,34.0654998,-5.0010078,,,,0,,openstreetmap
Cremerie La Jeunesse Kara Abdellah,Other,Fès,Hay Mabrouka Ain Haroun Rue 202,34.0659307,-5.0019979,,,,0,,openstreetmap
Café Bergamo Bouzekri Idrissi Barnoussi,Other,Fès,Hay Saida Ain Haroun Rue 256 Rue Yaakoub El Mansour,34.0661426,-5.0026791,,,,0,,openstreetmap
Café Narjis Bousecsou Mohamed,Other,Fès,Hay Zineb Ain Haroun Rue 202,34.0664207,-5.0090729,,,,0,,openstreetmap
Café Touhfa Atif Mohamed et Moussaid Khalid,Other,Fès,Avenue Kiraouane Hay Lamsalla Ain Kadouss,34.0626874,-5.0078351,,,,0,,openstreetmap
Bassin Mohamed Rachid Snack,Other,Fès,Hay Ain Kadouss Rue 204,34.0595967,-5.0080198,,,,0,,openstreetmap
Café Diyae Lafdili Driss et Lafdili Mohamed,Other,Fès,Avenue Kiraouane Hay Lamsalla Ain Kadouss,34.0626421,-5.0079698,,,,0,,openstreetmap
Café Salam Hertiers El Biaali Mohamed,Other,Fès,Hay Zineb Ain Haroun Rue 214,34.0662148,-5.007722,,,,0,,openstreetmap
Laitière Kharrouba Mohamed,Other,Fès,Avenue Kiraouane Hay Lamsalla Ain Kadouss Lotis Chaaba,34.0625943,-5.0081143,,,,0,,openstreetmap
Café Bensadouk Essadouki Slimani Redouane,Other,Fès,Avenue Kiraouane Hay Kambata Ain Kadouss,34.062319,-5.0077803,,,,0,,openstreetmap
Snack Hayani Maslouhi Abdellah,Other,Fès,Hay Ain Kadouss Rue 207,34.0602303,-5.0085311,,,,0,,openstreetmap
Café Maghreb Arabi Boussouf Hammouch,Other,Fès,Hay Ain Kadouss Rue 204,34.0604097,-5.0083719,,,,0,,openstreetmap
Snack Daouk Rafie Ennali Mustapha,Other,Fès,Hay Ain Kadouss Rue 206,34.0605698,-5.0095204,,,,0,,openstreetmap
Café L' horizon,Other,Fès,Avenue Kiraouane Hay Lamsalla Ain Kadouss,34.06271,-5.0077412,,,,0,,openstreetmap
Café Mabrouka Kernis Said,Other,Fès,Hay Ain Haroun Hay Mabrouka Rue 202,34.065609,-5.0011973,,,,0,,openstreetmap
Café Black House,Other,Fès,Hay Saida Ain Haroun Dayaa,34.0642031,-5.0179031,,,,0,,openstreetmap
Café Globo El Janati Abdelhak,Other,Fès,Lotissement Dayaa,34.0622388,-5.0196898,,,,0,,openstreetmap
Snack Akka,Other,Fès,Hay Mabrouka Ain Haroun Rue 202,34.066043,-5.0022265,,,,0,,openstreetmap
Café El Kharif Slimi Laaziza,Other,Fès,Hay Zineb Lotis 214 Ain Haroun,34.0666248,-5.0076146,,,,0,,openstreetmap
Chicken Palace Eddiaz Mohamed,Other,Fès,Hay Ain Kadouss Rue 204,34.0605369,-5.0088059,,,,0,,openstreetmap
Café El Mariniyine Jalal Mohamed Toufik et Jalal Imad,Other,Fès,Avenue Kiraouane Hay Lamsalla Ain Kadouss,34.062981,-5.0069649,,,,0,,openstreetmap
Café Anoual El Azzouzi Hammouch,Other,Fès,Avenue Kiraouane Hay Lamsalla Ain Kadouss,34.0628846,-5.0072608,,,,0,,openstreetmap
Café Imouzzer Loukili Driss,Other,Fès,Avenue Kiraouane Hay Lamsalla Ain Kadouss,34.063118,-5.0065905,,,,0,,openstreetmap
Café Sahli Mohamed,Other,Fès,Hay El Moufarrih N : 52 Rue 209 Ain Haroun,34.0645686,-5.0041425,,,,0,,openstreetmap
Cremerie Osmane Abdelati,Other,Fès,Avenue Tarik Bnou Ziad Hay El Moufarrih Ain Haroun,34.0652198,-5.0043926,,,,0,,openstreetmap
Café Fatine Alami Fouzia,Other,Fès,Avenue Tarek Bnou Ziad Hay El Moufarraih Rue 210 Ain Haroun,34.0658609,-5.0043653,,,,0,,openstreetmap
Café Hadika Laghrissi Lahsen,Other,Fès,Hay El Moufarrih Rue 8 Ain Haroun,34.06513,-5.0033913,,,,0,,openstreetmap
Cremerie Essabahi Hassan,Other,Fès,Hay El Moufarraih Rue 209 Ain Haroun,34.0648922,-5.0040341,,,,0,,openstreetmap
Café Al Moudir,Other,Fès,Avenue Tarek Bnou Ziad Hay El Moufarraih Rue 210 Ain Haroun,34.0656818,-5.0042683,,,,0,,openstreetmap
Café Yanboue Bourakkadi Smail,Other,Fès,Avenue Tarek Bnou Ziad Hay El Moufarraih Rue 210 Ain Haroun,34.0650629,-5.0048715,,,,0,,openstreetmap
Café El Mountazah Ait El Jid El Hassan,Other,Fès,Avenue Tarek Bnou Ziad Rue 210 Hay Lamsalla Ain Haroun,34.0638629,-5.0087245,,,,0,,openstreetmap
Cremerie El Youssefi Ennabih Rachid,Other,Fès,Avenue Tarek Bnou Ziad Rue 210 et Rue 208 Hay Lamsalla Ain Kadouss,34.0638973,-5.0085092,,,,0,,openstreetmap
Kiosque Café et Tabac Abd Idamer,Other,Fès,Place 11Janvier Ben Debbab,34.0646357,-5.000446,,,,0,,openstreetmap
Kiosque Cremerie Mountazah,Other,Fès,Pres de La Pharmacie Bnou El Hassan et Arrondissement Mariniyine Ain Kadouss,34.0601273,-5.0046947,,,,0,,openstreetmap
Snack El Hayani Driouech Ahmed et El Mahzoume Rabia,Other,Fès,Avenue Mourabitine N : 1 Face Palais Royal Ain Kadousd,34.0586917,-5.0037361,,,,0,,openstreetmap
Bristol,Other,Fès,,34.0291991,-5.0428727,,,,0,,openstreetmap
Station Fes,Other,Fès,,34.0475355,-5.0051733,,,,0,,openstreetmap
Café L'heure du café,Other,Fès,Route Aïn Smen طريق عين السمن,34.0131063,-5.024419,,,,0,,openstreetmap
Café Cap de l'Eau,Other,Fès,Rue lalla soukaina,34.018021,-5.027401,,,,0,,openstreetmap
adil grillade,Other,Fès,,34.0389317,-5.0003359,,,,0,,openstreetmap
Made in M,Other,Fès,Rue Talaâ Kbira الطالعة الكبيرة,34.0632822,-4.9817285,,,,0,,openstreetmap
Le kiosk,Other,Fès,,34.0354057,-5.0101733,,,,0,,openstreetmap
Ben Yamna,Other,Fès,,34.0668767,-4.9715665,,,,0,,openstreetmap
El Forno,Other,Fès,,34.0633479,-4.9817679,+212612007719,,,0,,openstreetmap
Café up doun,Other,Fès,,34.037353,-5.0224,,,,0,,openstreetmap
Café ISEO,Other,Fès,,34.0379758,-5.02241,,,,0,,openstreetmap
Café Al jadawil,Other,Fès,,34.0381323,-5.0224023,,,,0,,openstreetmap
Le Peroke Cafe Restaurant,Other,Fès,derb Agoual sefli Rue Talâa Saghira,34.0617289,-4.981042,+212649277363,https://leperoke-cafe.business.site/,,0,,openstreetmap
مقهى بلير,Other,Fès,Avenue Omar Ibn Al Khattab شارع عمر ابن الخطاب,34.0374107,-5.0134117,+212535942151,,,0,,openstreetmap
Le Coin des Artistes,Other,Fès,"32, Rue Isisco, Place de la Casbah, Derb Mernissi, Fès",34.060956,-4.9832393,,,,0,,openstreetmap
Café Maamoura Salon de té,Other,Fès,Place Batha,34.06011,-4.9817591,,,,0,,openstreetmap
Café AFAF,Other,Fès,Avenue Batha,34.0595771,-4.9818023,,,,0,,openstreetmap
Encanto,Other,Fès,,34.0605221,-4.98183,,,,0,,openstreetmap
Berrada Family Restaurant,Other,Fès,,34.066292,-4.9748846,,,,0,,openstreetmap
Café Abdollah,Other,Fès,,34.0635284,-4.9781422,,,,0,,openstreetmap
Ben Lemlih,Other,Fès,,34.0624935,-4.982647,,,,0,,openstreetmap
Mécafé,Other,Fès,Place R'cif ساحة الرصيف,34.0622009,-4.9726314,,,,0,,openstreetmap
Pizza Hut Ain Chkef,Other,Fès,,34.0009688,-5.0114691,+212535693838,,,0,,openstreetmap
Cheap local shawerma,Other,Fès,,34.0624103,-4.976862,,,,0,,openstreetmap
Dar Tresor,Other,Fès,,34.0580855,-4.9770973,,,,0,,openstreetmap
Al Oud,Other,Fès,Rue Talaâ Kbira الطالعة الكبيرة,34.0633692,-4.9817541,+212535636414+212665359007,,,0,,openstreetmap
Veggie Pause,Other,Fès,Rue El Barid,34.0612723,-4.9829266,,,,0,,openstreetmap
Classico,Other,Fès,,34.0650004,-4.9776223,,,,0,,openstreetmap
مقهى الإدريسي,Other,Fès,,34.0154108,-5.046685,+212619580081,,,0,,openstreetmap
Fezvacationtours,Other,Fès,Dhar richa,34.0704816,-4.9832938,+212601089925,https://www.fezvacationtours.com/,,0,,openstreetmap
Café Smile,Other,Fès,,34.0632123,-4.9818682,,,,0,,openstreetmap
VOSS CAFE,Other,Fès,Rue 15,34.0040878,-5.0160571,+212808535864,,,0,,openstreetmap
Café du jour,Other,Fès,,34.0227201,-5.0402496,,,,0,,openstreetmap
Milano,Other,Fès,,34.0328407,-5.0438722,,,,0,,openstreetmap
Snack Chinwi,Other,Fès,,34.0209008,-5.0024148,,,,0,,openstreetmap
Mom's Touch,Other,Fès,,34.0624068,-4.9825509,+212664906809,,,0,,openstreetmap
Medina Cafe,Other,Fès,,34.0617889,-4.9842735,,,,0,,openstreetmap
Laglali,Other,Fès,,34.0616866,-4.983585,,,,0,,openstreetmap
Kassr Annoujoum - Ducci Foundation,Other,Fès,Rue Zrbtana,34.061574,-4.9802995,,,,0,,openstreetmap
Riad Nejjarine,Other,Fès,,34.0665633,-4.9747267,,,,0,,openstreetmap
Cafe Tifinar,Other,Fès,,34.0612117,-4.9836473,,,,0,,openstreetmap
Bonbons Bab Al-Madaniya Atef حلويا ت باب المدنية ءاطف,Other,Fès,,34.0628957,-4.9788483,,,,0,,openstreetmap
Café Place Happy,Other,Fès,,34.0146221,-4.9664884,,,,0,,openstreetmap
Elhaqouni Grill,Other,Fès,,34.0032439,-5.0137487,,,,0,,openstreetmap
Le patio bleu,Other,Fès,,34.0635399,-4.9743245,,,,0,,openstreetmap
Dar Hatim,Other,Fès,,34.0673793,-4.9738478,,,,0,,openstreetmap
Al Mandar,Other,Fès,,34.0599458,-4.9723676,,,,0,,openstreetmap
Fondouk Bazaar,Other,Fès,Rue Talaâ Kbira الطالعة الكبيرة,34.0655656,-4.980453,+212535638104,https://m.facebook.com/100035121158225/,,0,,openstreetmap
Two Brothers Restaurant,Other,Fès,,34.0282307,-4.9985789,,,,0,,openstreetmap
Palais Lahlou,Other,Fès,,34.0650997,-4.9770402,,,,0,,openstreetmap
Bamboo Kitchen,Other,Fès,,34.0614855,-4.9840685,,,,0,,openstreetmap
Sweet Time,Other,Fès,Route Aïn Chkef طريق عين شقف,34.0016913,-5.0127272,+212693544556,https://www.sweet-time.ma/,,0,,openstreetmap
Nghma wa tay,Other,Fès,,34.0623021,-4.9800313,,,,0,,openstreetmap
Bistrot des saveurs,Other,Fès,,34.0355211,-5.0014096,,,,0,,openstreetmap
La Palma,Other,Fès,,34.061778,-4.9839287,,,,0,,openstreetmap
Cafe FM,Other,Fès,,34.0632749,-4.9661013,,,,0,,openstreetmap
Kan Zamane,Other,Fès,,34.0616002,-4.9834853,,,,0,,openstreetmap
Fnara,Other,Fès,,34.0641189,-4.9784331,,,,0,,openstreetmap
Blue Gate,Other,Fès,,34.062076,-4.9816124,,,,0,,openstreetmap
Nassmat Bladi,Other,Fès,,34.0627906,-4.9790416,,,,0,,openstreetmap
La Cave,Other,Fès,,34.0643908,-4.9785584,,,,0,,openstreetmap
Boujloud,Other,Fès,,34.0628804,-4.9822492,,,,0,,openstreetmap
Mouda palace,Other,Fès,,34.0618097,-4.9809868,,,,0,,openstreetmap
Adam,Other,Fès,,34.0671248,-4.9735044,,,,0,,openstreetmap
Disney,Other,Fès,Rue El Barid,34.0614773,-4.9830426,,,,0,,openstreetmap
Cafe Sweet Life,Other,Fès,,34.0029137,-4.9745341,,,,0,,openstreetmap
Café Bruxelle,Other,Fès,,34.0088932,-4.9775446,,,,0,,openstreetmap
Café al aahde el jadid,Other,Fès,,34.0116028,-4.9803655,,,,0,,openstreetmap
Broceliande,Other,Fès,Rue El Barid,34.0611878,-4.9828558,,,,0,,openstreetmap
Yalla Yalla Cafe,Other,Fès,,34.0599086,-4.9723291,,,,0,,openstreetmap
Sunshine Restaurant Coffee,Other,Fès,,34.0628761,-4.9818581,,,,0,,openstreetmap
Abdullah Thé & Café,Other,Fès,,34.0643372,-4.9721294,,https://www.instagram.com/reel/DEOcurTOlme/,,0,,openstreetmap
Restaurant Palais Al firdaous,Other,Fès,,34.06972,-4.9745092,,,,0,,openstreetmap
Les Remparts De Fès,Other,Fès,,34.0692484,-4.9737543,,,,0,,openstreetmap
Café Terrasse Panoramique,Other,Fès,,34.0686787,-4.9726903,,,,0,,openstreetmap
مقهى ماشاء الله,Other,Fès,,34.071061,-4.9688777,,,,0,,openstreetmap
"Snack Flamingo, 29 Mar Rcif",Other,Fès,,34.0619771,-4.9730632,,,,0,,openstreetmap
Barbecue Alarbi Fes,Other,Fès,,34.0619173,-4.983784,,,,0,,openstreetmap
La Morille Dar Diafa,Other,Fès,Rue Ahmed Chaouki,34.0327472,-5.0055526,,,,0,,openstreetmap
Wedji resto,Other,Fès,,34.0652542,-4.9769826,,,,0,,openstreetmap
Bomo Coffee,Other,Fès,"34.004917, -5.001516",34.0049731,-5.0013975,,https://www.bomo-coffee.com/,,0,,openstreetmap
Michwate Zaouja Tanya,Other,Fès,,34.0383918,-5.032856,,,,0,,openstreetmap
Médina Coffee Mug,Other,Fès,,34.0662151,-4.9749667,,,,0,,openstreetmap
marrochino,Other,Fès,,34.0329848,-5.0089118,,,,0,,openstreetmap
Le bourgeois,Other,Fès,,34.0338675,-4.9972803,,,,0,,openstreetmap
AM Chicken,Other,Fès,,34.0056431,-4.9690182,,,,0,,openstreetmap
MOUDI FISH,Other,Fès,,34.0053853,-4.9694726,,,,0,,openstreetmap
Galino,Other,Fès,,34.0064836,-4.9678303,,,,0,,openstreetmap
Snack Quickly,Other,Fès,,34.0187478,-4.9869562,,,,0,,openstreetmap
Pâtisserie boulangerie La Féte,Other,Fès,,34.0079675,-4.9691382,,,,0,,openstreetmap
Pizzeria Al Makan 2,Other,Fès,,34.0182997,-4.9874694,,,,0,,openstreetmap
Crunch Chicken,Other,Fès,,34.0181552,-4.9876075,,,,0,,openstreetmap
Golden sushi & pizza,Other,Fès,,34.0179538,-4.9878345,,,,0,,openstreetmap
عاصمة الدجاج 2,Other,Fès,,34.0398443,-5.00189,,,,0,,openstreetmap
Cafe pistachio ice,Other,Fès,,34.0335807,-4.99671,,,,0,,openstreetmap
Raa Ha,Other,Fès,,34.0620583,-4.9807697,,,,0,,openstreetmap
Quick Chicken,Other,Fès,,34.0033812,-4.9868725,,,,0,,openstreetmap
O'Lyon,Other,Fès,,34.0040831,-4.9867701,,,,0,,openstreetmap
PIZZERIA EZ ZOUHRI,Other,Fès,,34.0215483,-5.0087875,,,,0,,openstreetmap
Garden Coffee,Other,Fès,,34.0601312,-4.9764993,,,,0,,openstreetmap
Dahab,Other,Fès,,34.0422323,-5.001813,,,,0,,openstreetmap
Cappuccino fes,Other,Fès,,34.0045855,-5.0037587,,,,0,,openstreetmap
café Terrasse Riad Kettani,Other,Fès,,34.0660122,-4.9721049,,,,0,,openstreetmap
Mamy's Burger,Other,Fès,,34.023976,-4.994399,,,,0,,openstreetmap
Medina Bis,Other,Fès,,34.0658288,-4.97273,,,,0,,openstreetmap
Restaurant Momo Fish (poisson),Other,Fès,,34.0178251,-4.9866653,+212687676161,,,0,,openstreetmap
Restaurant La Fontaine,Other,Fès,,34.0188683,-4.9865753,,,,0,,openstreetmap
MALINBU COFFEE SHOP,Other,Fès,,34.0127358,-4.9805126,,,,0,,openstreetmap
Café OHIO,Other,Fès,,34.007069,-4.95272,,,,0,,openstreetmap
Café 90,Other,Fès,,34.068531,-5.007544,,,,0,,openstreetmap
Café Souzana,Other,Fès,,34.050528,-5.039142,,,,0,,openstreetmap
Super Crousty,Other,Fès,,34.002472,-4.999434,,,,0,,openstreetmap
Gelad'oro Fes,Other,Fès,,34.021825,-4.996436,,,,0,,openstreetmap
مطعم الاندلس,Other,Fès,,34.020358,-4.996608,,,,0,,openstreetmap
McDonald’s Oued Fes,Other,Fès,,34.048319,-5.036467,,,,0,,openstreetmap
Le Coin Vert,Other,Fès,,34.0124348,-4.9730491,,,,0,,openstreetmap
Nizar,Other,Fès,,34.070924,-4.991568,,,,0,,openstreetmap
Pizzeria el Aamrani oued fes,Other,Fès,,34.0575529,-5.0242949,,,,0,,openstreetmap
Galleria Pizza and More,Other,Fès,,34.035293,-5.04382,,,,0,,openstreetmap
O Club,Other,Fès,,33.9998,-4.9988,,,,0,,openstreetmap
بيتزا الأصابع الذهبية,Other,Fès,,34.0066785,-4.9879712,,,,0,,openstreetmap
مطعم اموزار,Other,Fès,,34.0113662,-4.984576,,,,0,,openstreetmap
مقهى اهل فاس,Other,Fès,,34.0075286,-4.965414,,,,0,,openstreetmap
SNACK hanafi,Other,Fès,,34.0346215,-5.0435912,,,,0,,openstreetmap
M9ila fish,Other,Fès,,34.0560961,-5.0333915,,,,0,,openstreetmap
IDEA PALACE,Other,Fès,,34.007196,-5.031237,,,,0,,openstreetmap
Sogno Lusso,Other,Fès,,34.04951,-5.040821,,,,0,,openstreetmap
Kokido,Other,Fès,,34.013382,-4.980582,,,,0,,openstreetmap
LA FIBRA CAFE,Other,Fès,,34.0083049,-5.0313854,,,,0,,openstreetmap
Cafe Eddibes,Other,Fès,,34.014827,-5.035467,,,,0,,openstreetmap
Quickly Pool,Other,Fès,,34.0428827,-4.9964895,,,,0,,openstreetmap
أسماك اكادير,Other,Fès,,34.002553,-5.013814,,,,0,,openstreetmap
Livreur Fes 24/24H,Other,Fès,,34.001875,-5.011502,,,,0,,openstreetmap
Dar chwa,Other,Fès,,34.0024953,-5.0135578,,,,0,,openstreetmap
Chi Maeqoda,Other,Fès,,34.002426,-5.013156,,,,0,,openstreetmap
Lcasaoui original food,Other,Fès,,34.001985,-5.012822,,,,0,,openstreetmap
Chawarma sebti,Other,Fès,,34.002061,-5.012797,,,,0,,openstreetmap
AFC: American Fried Chicken,Other,Fès,,34.0022913,-5.0124027,,,,0,,openstreetmap
بتزرية العمراني,Other,Fès,,34.002242,-5.012199,,,,0,,openstreetmap
Deep zone,Other,Fès,,34.001745,-5.011361,,,,0,,openstreetmap
Snack cool cool,Other,Fès,,34.0646556,-4.9620574,,,,0,,openstreetmap
Le Vlad,Other,Fès,,34.013019,-5.010212,,,,0,,openstreetmap
الدجاج الذهبي - Golden chicken,Other,Fès,,34.0671083,-4.9654097,,,,0,,openstreetmap
L’EMPREINTE - boulangerie-pâtisserie,Other,Fès,,34.012532,-5.009158,,,,0,,openstreetmap
Maison bousfiha,Other,Fès,,34.0207859,-5.0066889,,,,0,,openstreetmap
Laitière ouazzani محلبة وزاني,Other,Fès,,34.0231901,-5.0059886,,,,0,,openstreetmap
Café restaurant la rochelle,Other,Fès,,34.020973,-5.006711,,,,0,,openstreetmap
Capital de Poulet 2,Other,Fès,,34.026436,-4.999854,,,,0,,openstreetmap
Dar Aicha fes,Other,Fès,,34.025591,-4.999096,,,,0,,openstreetmap
Mister Jack Restaurant Burger & Hot-dog,Other,Fès,,34.018386,-5.006355,,,,0,,openstreetmap
AL BACHA COFFEE,Other,Fès,,34.0218432,-5.0070975,,,,0,,openstreetmap
Panda sushi,Other,Fès,,34.0242911,-4.9944787,,,,0,,openstreetmap
Café Restaurant Pâtisserie Miramar,Other,Fès,,34.0160898,-5.0201656,,,,0,,openstreetmap
Sushi To Go,Other,Fès,,34.023876,-4.9943195,,,,0,,openstreetmap
A 15,Other,Fès,,34.017488,-5.01977,,,,0,,openstreetmap
CROFFEE’s,Other,Fès,,34.02425,-4.994469,,,,0,,openstreetmap
Quiche.dor,Other,Fès,,34.015477,-5.020413,,,,0,,openstreetmap
DORTMUND COFFEE,Other,Fès,,33.999562,-5.046594,,,,0,,openstreetmap
Cafe L'horloge,Other,Fès,,34.009968,-5.015631,,,,0,,openstreetmap
Tolles Frühstück shaabi,Other,Fès,,34.0318975,-4.9952499,,,,0,,openstreetmap
Espace Familiar AKKA,Other,Fès,,34.031735,-4.995406,,,,0,,openstreetmap
YAQUOT ECHAM,Other,Fès,,34.007329,-5.011161,,,,0,,openstreetmap
Café Alicante,Other,Fès,,34.013159,-5.008344,,,,0,,openstreetmap
Moody's Corner,Other,Fès,,34.003927,-5.003304,,,,0,,openstreetmap
resto Yop City,Other,Fès,,34.016956,-4.988737,,,,0,,openstreetmap
Glam Café,Other,Fès,,34.0051365,-5.0022929,,,,0,,openstreetmap
La Locandiera,Other,Fès,,34.0049908,-5.0022825,,,,0,,openstreetmap
Al Forno Fez,Other,Fès,,34.0135957,-5.0083957,,,,0,,openstreetmap
Madouni,Other,Fès,,34.013548,-5.0082129,,,,0,,openstreetmap
restaurant piscador,Other,Fès,,34.013506,-5.008192,,,,0,,openstreetmap
Tazia Salade Fruites,Other,Fès,,34.013406,-5.008218,,,,0,,openstreetmap
ماكدونالدز,Other,Fès,,33.987073,-4.998335,,,,0,,openstreetmap
Latido Burger,Other,Fès,,34.002834,-5.013078,,,,0,,openstreetmap
Resto viandes,Other,Fès,,34.0029221,-5.0134866,,,,0,,openstreetmap
Michwat jawad al baraka,Other,Fès,,34.002938,-5.013572,,,,0,,openstreetmap
ملك المشويات - The king of grills,Other,Fès,,34.0030577,-5.0136955,,,,0,,openstreetmap
مطعم و مشواة باسم الله,Other,Fès,,34.002962,-5.013702,,,,0,,openstreetmap
La villa Badie,Other,Fès,,33.989026,-5.013287,,,,0,,openstreetmap
منصور الدينصور,Other,Fès,,33.989809,-5.013441,,,,0,,openstreetmap
Le coin café,Other,Fès,,33.992833,-5.021316,,,,0,,openstreetmap
Maison celeste,Other,Fès,,34.031451,-5.012877,,,,0,,openstreetmap
فوريست كافيه,Other,Fès,,33.989541,-5.017841,,,,0,,openstreetmap
Indian Kitchen Fes,Other,Fès,,33.99584,-5.011675,,,,0,,openstreetmap
Cham's Cake,Other,Fès,,33.991391,-5.006678,,,,0,,openstreetmap
Patisserie Boulangerie Golden Baguette,Other,Fès,,33.993192,-5.01981,,,,0,,openstreetmap
مطعم بيت العز,Other,Fès,,34.00865,-5.009527,,,,0,,openstreetmap
مشواة الحقوني,Other,Fès,,34.00313,-5.013753,,,,0,,openstreetmap
Abtal alcham Fes,Other,Fès,,34.001357,-5.011613,,,,0,,openstreetmap
Café CHINTOX,Other,Fès,,34.0079,-5.01766,,,,0,,openstreetmap
محلبة حي رياض,Other,Fès,,34.019091,-4.960286,,,,0,,openstreetmap
O'Good food miami,Other,Fès,,33.9868104,-5.026546,,,,0,,openstreetmap
Le Cavalli,Other,Fès,,34.027924,-5.011033,,,,0,,openstreetmap
La royale,Other,Fès,,34.03106,-5.01189,,,,0,,openstreetmap
Café L’unica 2,Other,Fès,,33.991465,-5.015497,,,,0,,openstreetmap
Farhana’s Desi Kitchen,Other,Fès,,33.992689,-5.008696,,,,0,,openstreetmap
Pavot,Other,Fès,,33.996605,-5.012663,,,,0,,openstreetmap
Maison Sekkat,Other,Fès,,34.003805,-5.019377,,,,0,,openstreetmap
Café Martil مقهى مارتيل,Other,Fès,,34.017916,-4.962475,,,,0,,openstreetmap
Cafe SILANTRO,Other,Fès,,34.016225,-4.963673,,,,0,,openstreetmap
Boulangerie-مخبزة,Other,Fès,,34.005153,-4.987883,,,,0,,openstreetmap
VOSS Patisserie,Other,Fès,,33.997031,-5.010001,,,,0,,openstreetmap
ANILAR,Other,Fès,,34.0032786,-5.019894,,,,0,,openstreetmap
Panther's House,Other,Fès,,34.007277,-5.010131,,,,0,,openstreetmap
Abdelmoula Fish,Other,Fès,,34.0059874,-4.9683575,,,,0,,openstreetmap
Assouan Délices du Parc,Other,Fès,,34.03442,-5.014309,,,,0,,openstreetmap
Café cadiz,Other,Fès,,34.009755,-4.961634,,,,0,,openstreetmap
LA CAÑADA (Café-Restaurant-Glacier),Other,Fès,,34.012811,-5.003434,,,,0,,openstreetmap
grey corner,Other,Fès,,34.0344,-5.015601,,,,0,,openstreetmap
Eatout,Other,Fès,,34.010957,-5.002897,,,,0,,openstreetmap
Café VERADERO,Other,Fès,,34.0336,-5.015516,,,,0,,openstreetmap
café le 511,Other,Fès,,34.013414,-5.004166,,,,0,,openstreetmap
The Corner Kitchen,Other,Fès,,34.0591349,-4.9798174,,,,0,,openstreetmap
Sqalli,Other,Fès,,34.064395,-4.979232,,,,0,,openstreetmap
sandwich coffee shop,Other,Fès,,34.032842,-4.996357,,,,0,,openstreetmap
Darori Resto,Other,Fès,Derb Sayour,34.0625817,-4.9737294,+212618453738,,,0,,openstreetmap
Ali Baba,Other,Guelmim,,28.9813391,-10.0580782,,,,0,,openstreetmap
مطعم الجزيرة,Other,Guelmim,Avenue Mohammed VI,28.9892002,-10.0565685,,,,0,,openstreetmap
مقهى آية,Other,Guelmim,Avenue Mohammed VI,28.9892368,-10.0564773,,,,0,,openstreetmap
مقهى مسك الليل,Other,Guelmim,Avenue des FAR,28.9857225,-10.0539017,,,,0,,openstreetmap
مقهى 3 مارس,Other,Guelmim,Boulevard El Massira,28.9922933,-10.0637385,,,,0,,openstreetmap
Doubaï,Other,Guelmim,,28.99096,-10.064595,,,,0,,openstreetmap
كافي زيز,Other,Guelmim,,28.9909078,-10.055111,,,,0,,openstreetmap
طوطال,Other,Guelmim,Avenue Mohammed VI شارع محمد السادس,29.0103684,-10.0404027,,,,0,,openstreetmap
La libèrté,Other,Guelmim,,29.0011046,-10.0524911,,,,0,,openstreetmap
Snack Almazraa,Other,Guelmim,,28.9857782,-10.0570191,,,,0,,openstreetmap
café majorel,Other,Guelmim,,28.9995851,-10.0467517,,,,0,,openstreetmap
Basma,Other,Guelmim,,28.9914195,-10.0569667,,,,0,,openstreetmap
MIRAL RESTAURANT,Other,Hamad Town,,26.1432617,50.4932556,,,4.4,0,,google_places
Fishline Seafood Restaurant Hamad Town,Other,Hamad Town,,26.1397168,50.4930507,,,4.3,0,,google_places
Al-Shamaadan Restaurant,Other,Hamad Town,,26.1066875,50.505812500000005,,,4.1,0,,google_places
Al Mudeef Restaurant,Other,Hamad Town,,26.143134,50.496754300000006,,,4.1,0,,google_places
Abu Nizam Restaurant مطعم أبو نظام,Other,Hamad Town,,26.1402508,50.493642099999995,,,4.5,0,,google_places
The Scale,Other,Hamad Town,,26.139153,50.490800400000005,,,4.3,0,,google_places
Blue Beach Restaurant & Grills,Other,Hamad Town,,26.1425064,50.4982362,,,4.0,0,,google_places
Biriyani land restaurant,Other,Hamad Town,,26.1418751,50.4978961,,,4.2,0,,google_places
Chicket - Broasted Chicken,Other,Hamad Town,,26.141479,50.4983266,,,4.5,0,,google_places
Al Rifaain,Other,Hamad Town,,26.1422568,50.498359199999996,,,4.1,0,,google_places
Karami Restaurant - Hamadtown,Other,Hamad Town,,26.1350641,50.4931037,,,3.9,0,,google_places
Subway Hamad Town,Other,Hamad Town,,26.1332536,50.4924926,,,4.6,0,,google_places
Khair Zaman Restaurant,Other,Hamad Town,,26.1400477,50.4903615,,,4.3,0,,google_places
White House Restaurant,Other,Hamad Town,,26.139581699999997,50.492686799999994,,,3.4,0,,google_places
مطعم الوصفة Wasfa Restaurant Souq waqif,Other,Hamad Town,,26.139698600000003,50.4932186,,,3.9,0,,google_places
Roundabout 5 Restaurant,Other,Hamad Town,,26.1239764,50.5030297,,,4.0,0,,google_places
أرض الدجاج - Chicken Land Cafeteria & Grills.w.l.l 17412353/,Other,Hamad Town,,26.1417085,50.496252899999995,,,3.9,0,,google_places
Mughal Mahal Hawally,Other,Hawalli,,29.335850899999997,48.0162514,,,4.5,0,,google_places
Khyber Restaurant,Other,Hawalli,,29.3402499,48.0279216,,,4.0,0,,google_places
Istanbul Grill Hawally,Other,Hawalli,,29.3398115,48.0271575,,,4.2,0,,google_places
Dar Hamad,Other,Hawalli,,29.3392577,48.0600636,,,4.3,0,,google_places
Marhaba Hyderabadi Restaurant – Hawally,Other,Hawalli,,29.347475799999998,48.0146303,,,4.0,0,,google_places
Shabab al Mubarak Restaurant,Other,Hawalli,,29.3352966,48.0171025,,,4.2,0,,google_places
Burj Hawally Restaurant,Other,Hawalli,,29.336096599999998,48.0153015,,,4.3,0,,google_places
Tabel - Hawali | تابل حولي,Other,Hawalli,,29.327249799999997,48.0249672,,,4.7,0,,google_places
Dar Essa Restaurant,Other,Hawalli,,29.3403647,48.0251757,,,4.5,0,,google_places
Milk Bun,Other,Hawalli,,29.341411599999994,48.026460799999995,,,4.9,0,,google_places
Haya restaurant Hawalli,Other,Hawalli,,29.3422482,48.010813399999996,,,3.9,0,,google_places
CHOPSTERS,Other,Hawalli,,29.3413169,48.0261007,,,4.2,0,,google_places
Zahrat Tunis Restaurant,Other,Hawalli,,29.336775799999998,48.022172499999996,,,4.2,0,,google_places
مطعم خالد الضويحي (حولي) Khaled Al Dwaihi (Hawally),Other,Hawalli,,29.336366800000004,48.027871499999996,,,4.1,0,,google_places
Arabiata Hawaly,Other,Hawalli,,29.3359715,48.0198347,,,4.1,0,,google_places
Shahi Tandoori Restaurant Kuwait,Other,Hawalli,,29.347056000000002,48.0167516,,,4.6,0,,google_places
Asha's,Other,Hawalli,,29.3305423,48.0764746,,,4.8,0,,google_places
Mughal Mahal Exotica,Other,Hawalli,,29.3472504,48.086038099999996,,,4.8,0,,google_places
RR Spicy Restaurant,Other,Hawalli,,29.3465016,48.0169644,,,4.0,0,,google_places
Restaurants,Other,Ifrane,,33.5393091,-5.1057721,,,,0,,openstreetmap
Chez Said,Other,Ifrane,,33.5261354,-5.1163997,,,,0,,openstreetmap
Cafeteria Newrest,Other,Ifrane,,33.5392749,-5.1060704,,,,0,,openstreetmap
Restaurant Al-Akhawayn,Other,Ifrane,,33.5256644,-5.1158846,,,,0,,openstreetmap
Chicken Restaurant,Other,Ifrane,,33.5260765,-5.1156509,,,,0,,openstreetmap
La Paix,Other,Ifrane,,33.528589,-5.1070631,,,,0,,openstreetmap
Forest,Other,Ifrane,,33.5290442,-5.1073719,,,,0,,openstreetmap
Platene,Other,Ifrane,,33.5258853,-5.1161498,,https://www.facebook.com/RestaurantPlatane,,0,,openstreetmap
Chamonix شاموني,Other,Ifrane,,33.5286179,-5.106321,,,,0,,openstreetmap
Le Master,Other,Ifrane,,33.5286896,-5.107342,,,,0,,openstreetmap
L'Empreinte d'Ifrane,Other,Ifrane,,33.5293418,-5.1075016,,,,0,,openstreetmap
Bonsai Sushi Bar,Other,Ifrane,,33.528921,-5.1098057,,,,0,,openstreetmap
Hani Cook,Other,Ifrane,,33.5291345,-5.1097351,,,,0,,openstreetmap
Beethoven,Other,Ifrane,,33.5289815,-5.1098598,,,,0,,openstreetmap
foodies,Other,Ifrane,,33.5288067,-5.109014,,,,0,,openstreetmap
Restaurant les Saveurs des Monts,Other,Ifrane,,33.517335,-5.137192,,,,0,,openstreetmap
Houari Grill,Other,Ifrane,,33.522853,-5.119695,,,,0,,openstreetmap
Tonton shawarma,Other,Ifrane,,33.537061,-5.119754,,,,0,,openstreetmap
Perk & Roll,Other,Ifrane,,33.51772,-5.121157,,,,0,,openstreetmap
مقهى فلورانس,Other,Ifrane,,33.539543,-5.118937,,,,0,,openstreetmap
مقهى يعقوب,Other,Ifrane,,33.542877,-5.118867,,,,0,,openstreetmap
Boulangerie Pâtisserie,Other,Ifrane,,33.52402,-5.119689,,,,0,,openstreetmap
Chez mi'ma,Other,Ifrane,,33.523714,-5.121142,,,,0,,openstreetmap
La Bella Napoli,Other,Ifrane,,33.524516,-5.120843,,,,0,,openstreetmap
Lechalet Coffee shop,Other,Ifrane,,33.534846,-5.119715,,,,0,,openstreetmap
King of Crepes,Other,Ifrane,,33.5285724,-5.1068898,,,,0,,openstreetmap
مقهى مطعم السلام,Other,Ifrane,,33.528639,-5.107227,,,,0,,openstreetmap
Cafe essaada مقهى السعادة,Other,Inezgane,,30.3590799,-9.539802,,,,0,,openstreetmap
كافي الكلاسيكو,Other,Inezgane,,30.3557474,-9.5388224,,,,0,,openstreetmap
مقهى روتانا,Other,Inezgane,,30.3457319,-9.5546051,,,,0,,openstreetmap
Eathai - Isa Town,Other,Isa Town,,26.1686688,50.5530067,,,4.4,0,,google_places
Villa Rosa Pizzeria & Restaurant,Other,Isa Town,,26.172480999999998,50.548199,,,4.4,0,,google_places
Route 66 Restaurant,Other,Isa Town,,26.168183600000003,50.5640309,,,4.2,0,,google_places
Zestino Pizza,Other,Isa Town,,26.1764789,50.5547391,,,4.9,0,,google_places
Al Mearaj Restaurant Isa Town,Other,Isa Town,,26.1734887,50.545899299999995,,,4.4,0,,google_places
Al Shami Al Aseel Restaurant,Other,Isa Town,,26.166670399999997,50.5624575,,,4.2,0,,google_places
Bait AlSultan Restaurant,Other,Isa Town,,26.1716364,50.5577657,,,4.3,0,,google_places
Kitchen Stories,Other,Isa Town,,26.1714491,50.5577839,,,4.5,0,,google_places
Aljabriya Restaurant,Other,Isa Town,,26.172199,50.5610378,,,4.1,0,,google_places
Kabab Mandali Restaurant,Other,Isa Town,,26.167497599999997,50.5633789,,,3.9,0,,google_places
Bayt alrumman,Other,Isa Town,,26.167879100000004,50.5639663,,,4.6,0,,google_places
Nu Asia - Zayed Town,Other,Isa Town,,26.167460199999997,50.54221,,,4.4,0,,google_places
Pattiez Burger,Other,Isa Town,,26.1720424,50.558212600000004,,,5.0,0,,google_places
Chicket - Broasted Chicken,Other,Isa Town,,26.1688998,50.5570459,,,4.9,0,,google_places
Sliders,Other,Isa Town,,26.1667643,50.5419108,,,4.8,0,,google_places
Narjis Grill Restaurant,Other,Isa Town,,26.1720695,50.5582314,,,4.2,0,,google_places
Chikex - Isa Town - Bahrain,Other,Isa Town,,26.171919799999998,50.5482686,,,4.2,0,,google_places
Doner club,Other,Isa Town,,26.172606299999998,50.5604373,,,4.6,0,,google_places
Punjabi tadka restaurant مطعم البنجابي تڑکا,Other,Isa Town,,26.174220199999997,50.5577262,,,4.2,0,,google_places
Mohammed Noor Bukhari Restaurant - Isa Town,Other,Isa Town,,26.168227400000003,50.5570586,,,4.0,0,,google_places
luma,Other,Jabriya,,29.3217616,48.015401999999995,,,4.7,0,,google_places
PizzaExpress,Other,Jabriya,,29.3212412,48.017458,,,4.9,0,,google_places
Johnny Rockets - جوني روكتس,Other,Jabriya,,29.3212975,48.0164689,,,4.9,0,,google_places
Chipotle,Other,Jabriya,,29.3212868,48.0173427,,,4.8,0,,google_places
Raising Cane's,Other,Jabriya,,29.321666099999998,48.0168409,,,4.9,0,,google_places
Wok n Roll Restaurant,Other,Jabriya,,29.325715100000004,48.026724099999996,,,4.4,0,,google_places
DINE RESTAURANT,Other,Jabriya,,29.325181599999997,48.0253623,,,4.5,0,,google_places
P.F. Chang's,Other,Jabriya,,29.321655,48.016861,,,4.8,0,,google_places
Shake Shack,Other,Jabriya,,29.321225,48.016844,,,4.2,0,,google_places
Wk,Other,Jabriya,,29.3165041,48.0439587,,,4.9,0,,google_places
bar fres,Other,Jabriya,,29.324361999999997,48.0271498,,,4.6,0,,google_places
TGI Fridays | Jabriya,Other,Jabriya,,29.324021,48.0233055,,,4.5,0,,google_places
Swaikhat Lumi,Other,Jabriya,,29.317842799999994,48.0179968,,,4.0,0,,google_places
Fuji Curry,Other,Jabriya,,29.321548600000003,48.0239374,,,4.1,0,,google_places
Ananas (Jabriya),Other,Jabriya,,29.3219507,48.017345299999995,,,4.6,0,,google_places
Mishmash - Jabriya | مشماش الجابريه,Other,Jabriya,,29.317669600000002,48.0180259,,,4.1,0,,google_places
Health Studio Restaurant & Cafe,Other,Jabriya,,29.3246455,48.0243476,,,4.4,0,,google_places
Wimpy | Jabriya Carve Out,Other,Jabriya,,29.3249888,48.0219199,,,4.9,0,,google_places
Firebird Restaurant,Other,Jabriya,,29.322888299999995,48.029505099999994,,,4.8,0,,google_places
Raising Cane's,Other,Jahra,,29.362485699999993,47.6657948,,,4.9,0,,google_places
PURE (Jahra),Other,Jahra,,29.3537269,47.669690499999994,,,4.9,0,,google_places
Freej Swaeleh (Jahra),Other,Jahra,,29.3409186,47.672332499999996,,,4.5,0,,google_places
Mughal Mahal Jahra,Other,Jahra,,29.355268499999998,47.6721189,,,4.3,0,,google_places
وك الجهراء,Other,Jahra,,29.3503549,47.6676803,,,4.9,0,,google_places
TGI Friday's | Jahra Americana Complex,Other,Jahra,,29.346437500000004,47.6730625,,,4.8,0,,google_places
Thalassery restaurant,Other,Jahra,,29.3397594,47.6767006,,,4.0,0,,google_places
مطعم صويخات الجهراء,Other,Jahra,,29.341190399999995,47.674104,,,4.3,0,,google_places
Forchetta Italian restaurant jahra,Other,Jahra,,29.3621907,47.6495682,,,5.0,0,,google_places
OJEEN Restaurant,Other,Jahra,,29.340629799999995,47.6708828,,,4.1,0,,google_places
Applebee's Jahra,Other,Jahra,,29.350556100000002,47.667303999999994,,,4.4,0,,google_places
Jaipur,Other,Jahra,,29.3641194,47.6485978,,,4.0,0,,google_places
كينز الجهراء مول,Other,Jahra,,29.3120274,47.6601934,,,4.9,0,,google_places
Al-Bayraq Restaurant,Other,Jahra,,29.3521395,47.6726278,,,4.2,0,,google_places
Locarb Jahra - لوكارب الجهراء,Other,Jahra,,29.340832900000002,47.6720203,,,4.8,0,,google_places
Kuwaiti Cusinie Restaurant,Other,Jahra,,29.354852200000003,47.669850700000005,,,4.1,0,,google_places
Kitopi Kitchen Jahra,Other,Jahra,,29.348289599999998,47.672368999999996,,,4.9,0,,google_places
India Gate,Other,Jahra,,29.315130699999997,47.657582299999994,,,3.9,0,,google_places
De Linos,Other,Jahra,,29.3397235,47.6708898,,,4.0,0,,google_places
Fogo de Chão Brazilian Steak House,Other,Jeddah,,21.5761491,39.1430558,,,4.6,0,,google_places
La Calle,Other,Jeddah,,21.553799299999998,39.1431247,,,4.8,0,,google_places
Shang Palace,Other,Jeddah,,21.622885999999998,39.1080209,,,4.8,0,,google_places
Blue Ocean Restaurant,Other,Jeddah,,21.5722175,39.109369,,,4.2,0,,google_places
Khayal Restaurant,Other,Jeddah,,21.6095822,39.1410604,,,4.2,0,,google_places
Manko Jeddah,Other,Jeddah,,21.5485625,39.1383125,,,4.7,0,,google_places
MYAZU,Other,Jeddah,,21.550448499999998,39.152941899999995,,,4.5,0,,google_places
Texas Roadhouse,Other,Jeddah,,21.5534298,39.1674852,,,4.5,0,,google_places
P.F. Chang's,Other,Jeddah,,21.553396199999998,39.167535099999995,,,4.7,0,,google_places
Da Bao,Other,Jeddah,,21.5620506,39.161459,,,4.6,0,,google_places
Niyyali,Other,Jeddah,,21.622996000000004,39.1081681,,,4.7,0,,google_places
Al-Wazzan Restaurant,Other,Jeddah,,21.5581379,39.18091,,,4.0,0,,google_places
The Waterfront Kitchen,Other,Jeddah,,21.6227073,39.108001699999996,,,4.8,0,,google_places
Swiss Butter - Le Mall,Other,Jeddah,,21.5534893,39.167316799999995,,,4.6,0,,google_places
Makan Indian Restaurant,Other,Jeddah,,21.5493026,39.1390245,,,4.7,0,,google_places
مطعم ذا باي الهندي | The Bay Restaurant,Other,Jeddah,,21.549149099999998,39.164631299999996,,,4.6,0,,google_places
Biryani Gate Restaurant Jeddah,Other,Jeddah,,21.5479962,39.2105702,,,4.7,0,,google_places
KABANA,Other,Jeddah,,21.562196,39.1613095,,,4.1,0,,google_places
Section-B,Other,Jeddah,,21.5498501,39.1435337,,,4.6,0,,google_places
Yaza,Other,Jeddah,,21.5771868,39.1438492,,,4.6,0,,google_places
Baseet Restaurant | مطعم بسيط,Other,Jidhafs,,26.2119485,50.5430127,,,4.9,0,,google_places
Al Shoala Restaurant,Other,Jidhafs,,26.2204417,50.535424400000004,,,4.2,0,,google_places
Tonys Restaurant مطعم تونيز,Other,Jidhafs,,26.2203931,50.544374499999996,,,4.9,0,,google_places
Lebanese Restaurant - Jidhafs,Other,Jidhafs,,26.220285099999998,50.5452637,,,4.1,0,,google_places
جليل للتموين Jalil Catering,Other,Jidhafs,,26.219703799999998,50.5391206,,,4.5,0,,google_places
Welayat Ali Grills,Other,Jidhafs,,26.2121994,50.5427058,,,4.2,0,,google_places
Green Clove Restaurant,Other,Jidhafs,,26.2215711,50.5356841,,,3.9,0,,google_places
House of Chicken,Other,Jidhafs,,26.221231399999997,50.5357501,,,4.3,0,,google_places
Bint Al Deera Restaurant (Jidhafs),Other,Jidhafs,,26.2201378,50.541303799999994,,,4.0,0,,google_places
Layali Al Mashawi W.L.L,Other,Jidhafs,,26.1783729,50.56178430000001,,,5.0,0,,google_places
Jan Burger,Other,Jidhafs,,26.219885599999998,50.5459763,,,4.7,0,,google_places
Al Jassas Bacha Restaurant,Other,Jidhafs,,26.219489799999998,50.539635399999995,,,4.3,0,,google_places
Bird Palace Restaurant,Other,Jidhafs,,26.21171,50.5432141,,,4.2,0,,google_places
Happy Land Restaurant,Other,Jidhafs,,26.2162111,50.5336517,,,3.7,0,,google_places
Rozabella cafe,Other,Jidhafs,,26.2204621,50.5436696,,,4.3,0,,google_places
مطعم الأبراج - جبلة حبشي,Other,Jidhafs,,26.2151945,50.533442,,,4.2,0,,google_places
HFT Restaurant,Other,Jidhafs,,26.220437399999998,50.543997,,,5.0,0,,google_places
KETCHUP & MAYO! - JIDHAFS,Other,Jidhafs,,26.222663599999997,50.5330028,,,4.5,0,,google_places
Mara Lounge Kalba,Other,Kalba,,24.993199699999998,56.312820699999996,,,4.8,0,,google_places
Azzurro Ristorante Kalba,Other,Kalba,,24.986530899999998,56.2975328,,,4.6,0,,google_places
مطعم كرم الملاح,Other,Kalba,,25.077716,56.358641999999996,,,4.6,0,,google_places
Tara Restaurant and Cafe Waterfrontmall Kalba,Other,Kalba,,25.0037676,56.3522775,,,4.6,0,,google_places
SIMULI RESTAURANT مطعم سيمولي,Other,Kalba,,24.9928469,56.313247399999995,,,4.7,0,,google_places
"Al Yaqoot Restaurant مطعم الياقوت كلباء - Family Restaurant in Kalba, Near ADIB Bank",Other,Kalba,,25.0312354,56.3497108,,,4.1,0,,google_places
Al Deek Al Sarea Restaurant,Other,Kalba,,25.0817144,56.3575628,,,4.0,0,,google_places
Kalba restaurant مطعم كلباء,Other,Kalba,,25.063703699999998,56.355264,,,4.3,0,,google_places
Texas Chicken - Kalba,Other,Kalba,,25.071126,56.3596089,,,4.8,0,,google_places
Two in One Turkish Restaurant,Other,Kalba,,25.0788792,56.3582422,,,4.3,0,,google_places
Lake Cafe,Other,Kalba,,25.0184247,56.360556599999995,,,4.3,0,,google_places
Zaytoon Restaurant,Other,Kalba,,25.096200699999997,56.357915999999996,,,4.2,0,,google_places
Hardee's | Kalba,Other,Kalba,,25.069578399999997,56.359742,,,4.6,0,,google_places
KARAK & SNACK RESTAURANT | مطعم كرك سناك كلباء,Other,Kalba,,25.024282,56.348529,,,4.0,0,,google_places
SAUDI BROAST KALBA,Other,Kalba,,25.084101,56.3578574,,,4.1,0,,google_places
Star of Kalba Restaurant,Other,Kalba,,25.0571356,56.354859299999994,,,4.0,0,,google_places
Habib Beirut Restaurant,Other,Kalba,,24.9887803,56.300347099999996,,,4.6,0,,google_places
Allayaqa Restaurant | Kalba | اللياقة,Other,Kalba,,25.0288281,56.349208100000006,,,4.1,0,,google_places
Sajidha Restaurant and Cafeteria,Other,Kalba,,25.025799,56.348587099999996,,,4.0,0,,google_places
"Meet The Cheese, Kalba",Other,Kalba,,25.052408399999997,56.3486203,,,3.5,0,,google_places
La Burratina : Trattoria & Pizzeria,Other,Kenitra,,34.259046399999995,-6.5895394,,,4.4,0,,google_places
Le Continental Mehdia,Other,Kenitra,,34.2545638,-6.6778723,,,4.7,0,,google_places
Restaurant Nakhwa,Other,Kenitra,,34.259942699999996,-6.5917236,,,5.0,0,,google_places
Little Mamma,Other,Kenitra,,34.260953,-6.586675199999999,,,4.2,0,,google_places
B&B Park,Other,Kenitra,,34.258147,-6.5804434,,,4.2,0,,google_places
Merzouga,Other,Kenitra,,34.2536489,-6.6786169,,,4.0,0,,google_places
Ryad Naji,Other,Kenitra,,34.2610361,-6.5794463,,,4.0,0,,google_places
Restaurant La Pausa,Other,Kenitra,,34.2596091,-6.588378199999999,,,3.7,0,,google_places
Villa Port Lyautey,Other,Kenitra,,34.256116299999995,-6.593941999999999,,,4.0,0,,google_places
Miko_House.Kénitra,Other,Kenitra,,34.2574495,-6.5902875000000005,,,4.6,0,,google_places
The Fabric,Other,Kenitra,,34.2644291,-6.600551299999999,,,4.7,0,,google_places
THE HUNGER,Other,Kenitra,,34.2644825,-6.6045992,,,3.9,0,,google_places
Nuija Dar Tajine,Other,Kenitra,,34.2637078,-6.6135888,,,4.5,0,,google_places
RESTAURANT CAFE LIN'S,Other,Kenitra,,34.255216,-6.5825287,,,3.8,0,,google_places
Choose,Other,Kenitra,,34.264133099999995,-6.587637699999999,,,4.4,0,,google_places
Barista Caffè : Café & Restaurant,Other,Kenitra,,34.256878,-6.5920931,,,4.5,0,,google_places
L'imperial,Other,Kenitra,,34.256637,-6.594489800000001,,,4.1,0,,google_places
BBQ House 59,Other,Kenitra,,34.26526,-6.587579900000001,,,3.9,0,,google_places
Cigala du malaga,Other,Kenitra,,34.265212,-6.5875509999999995,,,3.7,0,,google_places
"Nizamat Hyderabad Restaurant, Khaitan",Other,Khaitan,,29.2894737,47.9714886,,,4.7,0,,google_places
Salt & Pepper Restaurant Co. Hyderabadi Dum Biryani,Other,Khaitan,,29.2938508,47.9682745,,,4.2,0,,google_places
Al Haitham grill & family Restaurant,Other,Khaitan,,29.2930292,47.9690726,,,4.0,0,,google_places
Koila (Sama Mall Khaitan),Other,Khaitan,,29.295029899999996,47.966174099999996,,,4.1,0,,google_places
Holiday Inn Restaurant -Khaitan,Other,Khaitan,,29.289130399999998,47.9750332,,,5.0,0,,google_places
مطعم مالابار باريس MALABAR PARIS,Other,Khaitan,,29.277057900000003,47.9730165,,,4.2,0,,google_places
مطعم ساكت عجيب/Saket Ajeeb Restaurant,Other,Khaitan,,29.293619999999997,47.9691504,,,4.1,0,,google_places
Sugar Spoon Restaurant,Other,Khaitan,,29.290883700000002,47.9724327,,,4.9,0,,google_places
مطعم خالد الضويحي (خيطان) Khaled Al-Dwaihi (Khaitan),Other,Khaitan,,29.2975946,47.9761362,,,4.1,0,,google_places
Rajdhani Palace Restaurant,Other,Khaitan,,29.2900298,47.973537099999994,,,3.8,0,,google_places
مطعم مصر والخليج,Other,Khaitan,,29.283068399999998,47.9704191,,,4.6,0,,google_places
ملح وفلفل للمأكولات الكويتية,Other,Khaitan,,29.2856423,47.9679383,,,3.9,0,,google_places
Karachi Express Restaurant کراچي اکسپرس,Other,Khaitan,,29.290647399999997,47.970470399999996,,,4.2,0,,google_places
Sofraty Restaurant,Other,Khaitan,,29.2975061,47.9758141,,,4.3,0,,google_places
Kabab Khass Restaurant,Other,Khaitan,,29.295511200000004,47.9734687,,,4.5,0,,google_places
Khaitan kitchen Restaurant,Other,Khaitan,,29.278681700000003,47.971107,,,4.1,0,,google_places
New Jamuna Restaurant مطعم کناری العاصمه بنغلاديشي,Other,Khaitan,,29.2954554,47.9722229,,,4.3,0,,google_places
Chennai Restaurant,Other,Khaitan,,29.2840785,47.9740535,,,4.1,0,,google_places
Al Noukhaza Sea Food Al Thuraya City,Other,Khaitan,,29.270401499999995,47.968292299999995,,,4.8,0,,google_places
Aire de service Khemisset,Other,Khemisset,,33.817634,-6.1032763,,,,0,,openstreetmap
Abida,Other,Khemisset,,33.8271082,-6.0906546,,,,0,,openstreetmap
Al Firdaous,Other,Khemisset,,33.825233,-6.066583,,,,0,,openstreetmap
Three Z,Other,Khemisset,,33.827859,-6.0685861,,,,0,,openstreetmap
K-Bistro : Restaurant & Café,Other,Khouribga,,32.888791999999995,-6.9014627,,,3.9,0,,google_places
Tavola d'Oro,Other,Khouribga,,32.8872832,-6.9029579,,,4.4,0,,google_places
King food 57,Other,Khouribga,,32.881301799999996,-6.915061799999999,,,4.6,0,,google_places
Restaurant La Shell,Other,Khouribga,,32.910111799999996,-6.903854099999999,,,4.1,0,,google_places
Pedro's Food,Other,Khouribga,,32.8895894,-6.904026999999999,,,4.6,0,,google_places
Restaurant FOURCHETTE DOREE,Other,Khouribga,,32.8907577,-6.9089908,,,4.5,0,,google_places
Taj Mahal,Other,Khouribga,,32.887347000000005,-6.8992929,,,3.7,0,,google_places
Sushi 57,Other,Khouribga,,32.9009266,-6.9108526999999995,,,3.2,0,,google_places
Restaurant Borj AlArab,Other,Khouribga,,32.8996609,-6.9175659,,,3.3,0,,google_places
مشواة الأمل,Other,Khouribga,,32.889157,-6.9332021,,,4.4,0,,google_places
Al Akhawin Park,Other,Khouribga,,32.909988,-6.903987000000001,,,4.1,0,,google_places
Cafe five se7en,Other,Khouribga,,32.8878974,-6.900080399999999,,,4.6,0,,google_places
O'GALO,Other,Khouribga,,32.890812499999996,-6.9093124999999995,,,4.2,0,,google_places
AK Cafe restaurant & Pastry,Other,Khouribga,,32.888559199999996,-6.9082352,,,2.8,0,,google_places
Maison Marocaine,Other,Khouribga,,32.8862032,-6.9025253,,,3.2,0,,google_places
Badraoui Hotel & Restaurant,Other,Khouribga,,32.9038168,-6.9066187999999995,,,4.2,0,,google_places
Taj Cafe,Other,Khouribga,,32.889271799999996,-6.9104762,,,3.8,0,,google_places
Tacos Only,Other,Khouribga,,32.890905499999995,-6.9090077,,,3.6,0,,google_places
Cool Down,Other,Khouribga,,32.8860799,-6.905465200000001,,,2.8,0,,google_places
Twin’s sushi,Other,Khouribga,,32.885823,-6.9116146999999994,,,4.6,0,,google_places
McDonald's,Other,Khouribga,,32.8862473,-6.9075377,,,,0,,openstreetmap
2 Mars,Other,Khénifra,,32.9352106,-5.667755,,,,0,,openstreetmap
Rania,Other,Khénifra,,32.9307774,-5.669051,,,,0,,openstreetmap
Adrar,Other,Khénifra,,32.9314071,-5.668764,,,,0,,openstreetmap
Chez Azziz Couscous,Other,Khénifra,,32.9362679,-5.6715857,,,,0,,openstreetmap
Douae,Other,Ksar El Kebir,,35.0067647,-5.8904136,,,,0,,openstreetmap
Charika,Other,Ksar El Kebir,,35.0030886,-5.9060957,,,,0,,openstreetmap
Bayrout,Other,Ksar El Kebir,,35.0026002,-5.9062408,,,,0,,openstreetmap
Athena,Other,Ksar El Kebir,,35.0025654,-5.9060019,,,,0,,openstreetmap
Panorama,Other,Ksar El Kebir,,35.0007838,-5.9049896,,,,0,,openstreetmap
Istanbul,Other,Ksar El Kebir,,35.0015106,-5.9072032,,,,0,,openstreetmap
Volga,Other,Ksar El Kebir,,35.0054574,-5.9225054,,,,0,,openstreetmap
Basatine,Other,Ksar El Kebir,,35.0050403,-5.9215587,,,,0,,openstreetmap
Ismaali,Other,Ksar El Kebir,,35.0035254,-5.9155646,,,,0,,openstreetmap
Virginia,Other,Ksar El Kebir,,35.0037254,-5.9154761,,,,0,,openstreetmap
Temsamani,Other,Ksar El Kebir,,35.0025552,-5.9120384,,,,0,,openstreetmap
Anas,Other,Ksar El Kebir,,34.9927268,-5.9057772,,,,0,,openstreetmap
مقهى فرنسا,Other,Ksar El Kebir,,35.000991,-5.898543,,,,0,,openstreetmap
طاكوس معاد,Other,Ksar El Kebir,,35.003261,-5.896604,,,,0,,openstreetmap
Al Yaqut,Other,Ksar El Kebir,,35.00272,-5.896906,,,,0,,openstreetmap
مطعم علي بابا,Other,Ksar El Kebir,,34.996308,-5.902918,,,,0,,openstreetmap
Arena in,Other,Ksar El Kebir,,34.995552,-5.905237,,,,0,,openstreetmap
Boulangerie Bakali,Other,Ksar El Kebir,,35.0008834,-5.8986225,,,,0,,openstreetmap
سناك شريف,Other,Ksar El Kebir,,34.99737,-5.902354,,,,0,,openstreetmap
مقهى المحطة الطرقية,Other,Ksar El Kebir,,34.996502,-5.902269,,,,0,,openstreetmap
Grand Palace,Other,Ksar El Kebir,,34.993827,-5.90264,,,,0,,openstreetmap
Aire de service Kenitra,Other,Kénitra,,34.2306215,-6.5856093,,,,0,,openstreetmap
Casarina,Other,Kénitra,Rue Mohamed Diouri,34.2547511,-6.58157,,,,0,,openstreetmap
El Tren,Other,Kénitra,,34.2546691,-6.581814,,,,0,,openstreetmap
Café Al Gharb,Other,Kénitra,,34.2660105,-6.5641214,,,,0,,openstreetmap
Cafe Casablanca,Other,Kénitra,,34.2715402,-6.5587073,,,,0,,openstreetmap
Café Loubana,Other,Kénitra,,34.2649124,-6.5664589,,,,0,,openstreetmap
Café Mnara,Other,Kénitra,,34.2690473,-6.5612659,,,,0,,openstreetmap
Retaurant Pizzeria Mini World,Other,Kénitra,,34.255898,-6.5937472,+212537361254,,,0,,openstreetmap
Café renosa,Other,Kénitra,,34.2574507,-6.5903615,,,,0,,openstreetmap
cafe hosni,Other,Kénitra,,34.25289,-6.6020586,,,,0,,openstreetmap
Domino's,Other,Kénitra,,34.2536721,-6.5807434,+212537394242,,,0,,openstreetmap
El Bayt Achami,Other,Kénitra,,34.2590659,-6.5879016,+212537325555,,,0,,openstreetmap
McDonald's,Other,Kénitra,,34.2504398,-6.5725564,,,,0,,openstreetmap
Mini Chicken,Other,Kénitra,,34.2558939,-6.5946976,+212537325403,,,0,,openstreetmap
Wlad aarfa,Other,Kénitra,double voix wlad aarfa,34.2420264,-6.5457837,,,,0,,openstreetmap
Café Ouiam,Other,Kénitra,,34.2580122,-6.5822695,,,,0,,openstreetmap
Café Méga,Other,Kénitra,,34.2601779,-6.5905319,,,,0,,openstreetmap
kentsuthai,Other,Kénitra,Rue Farhat Hachad,34.2563862,-6.5765216,,,,0,,openstreetmap
Snack INNO,Other,Kénitra,Avenue FAR,34.253632,-6.5808724,,,,0,,openstreetmap
Cosmopolite,Other,Kénitra,Rue Hassan Ibn Tabit,34.2576033,-6.5847869,,,,0,,openstreetmap
La Verte,Other,Kénitra,,34.2574716,-6.5843661,,,,0,,openstreetmap
Le Rouge et Le Noir,Other,Kénitra,,34.2575529,-6.5843187,,,,0,,openstreetmap
La Flamme,Other,Kénitra,,34.2572806,-6.5839687,,,,0,,openstreetmap
Tacobelle,Other,Kénitra,Avenue Tariq Ibn Ziad,34.2565392,-6.587331,,,,0,,openstreetmap
Chicago,Other,Kénitra,,34.2564387,-6.5872678,,,,0,,openstreetmap
Cramayel,Other,Kénitra,,34.2572372,-6.5839561,,,,0,,openstreetmap
VIP salle de jeux,Other,Kénitra,Rue Mohamed El Hansali,34.2574175,-6.5857926,,,,0,,openstreetmap
Nada,Other,Kénitra,Rue Mohamed El Hansali,34.2567706,-6.5859373,,,,0,,openstreetmap
Élite,Other,Kénitra,Avenue Tariq Ibn Ziad,34.256069,-6.5871577,,,,0,,openstreetmap
La Gironde,Other,Kénitra,Rue Farhat Hachad,34.2563075,-6.5761759,,,,0,,openstreetmap
Café Ba Brahim,Other,Kénitra,Rue Farhat Hachad,34.2561928,-6.5758525,,,,0,,openstreetmap
Pause Café,Other,Kénitra,Avenue Hassan 2,34.2591063,-6.5808273,,,,0,,openstreetmap
Le Bon Goût,Other,Kénitra,Rue Al Amira Aicha,34.2625793,-6.580887,,,,0,,openstreetmap
Café Gentleman,Other,Kénitra,Rue de la Reine Elizabeth,34.2611223,-6.5829254,,,,0,,openstreetmap
Café Venise,Other,Kénitra,,34.2574666,-6.584092,,,,0,,openstreetmap
Les Champs Élysée,Other,Kénitra,Rue Al Amira Aicha,34.2626293,-6.5807244,,,,0,,openstreetmap
Flamand rose,Other,Kénitra,Rue de la Reine Elizabeth,34.2611955,-6.5827431,,,,0,,openstreetmap
il Forno,Other,Kénitra,,34.2551453,-6.5835556,,,,0,,openstreetmap
Café La Belle Veilleuse,Other,Kénitra,,34.2552926,-6.5845711,,,,0,,openstreetmap
MUZNA,Other,Kénitra,Rue Mohamed Diouri,34.2553153,-6.5821548,,,,0,,openstreetmap
Café Robiglio,Other,Kénitra,Rue Yarmouk,34.2554386,-6.5818181,,,,0,,openstreetmap
Deutch Café,Other,Kénitra,,34.2597946,-6.5845752,,,,0,,openstreetmap
Café Caprice,Other,Kénitra,,34.2611046,-6.5855398,,,,0,,openstreetmap
Café Orlando,Other,Kénitra,,34.2598627,-6.5846206,,,,0,,openstreetmap
Café COLOGNE,Other,Kénitra,Avenue Mohamed V,34.2562185,-6.593188,,,,0,,openstreetmap
Tokyo Sushi,Other,Kénitra,,34.2621149,-6.5861175,,,,0,,openstreetmap
مقهى كول فيو,Other,Kénitra,,34.2727801,-6.6134841,,,,0,,openstreetmap
مقهى الرميلي,Other,Kénitra,,34.2482257,-6.5548283,,,,0,,openstreetmap
مشواة بوزين اطلس,Other,Kénitra,,34.2623781,-6.5597157,,,,0,,openstreetmap
Café Tomas مقهى توماس,Other,Kénitra,,34.2569235,-6.622061,,,,0,,openstreetmap
Soopiza,Other,Kénitra,,34.2620413,-6.5838757,,,,0,,openstreetmap
LEVEL CAFE,Other,Kénitra,Avenue Moulay Abdel Aziz,34.2592854,-6.5890588,+212537307725,http://www.level.cafe,,0,,openstreetmap
Cantine Universitaire,Other,Kénitra,,34.2483089,-6.5826252,,,,0,,openstreetmap
Cantine,Other,Kénitra,,34.2450954,-6.5826952,,,,0,,openstreetmap
step burger,Other,Kénitra,,34.2618215,-6.5844159,,,,0,,openstreetmap
Cappuccino,Other,Kénitra,,34.2650257,-6.587532,,,,0,,openstreetmap
Ifly,Other,Kénitra,,34.2653649,-6.5877033,,,,0,,openstreetmap
54 d m. Arabi,Other,Kénitra,,34.2549607,-6.6150945,,,,0,,openstreetmap
Café iqrae,Other,Kénitra,,34.2559869,-6.6152709,,,,0,,openstreetmap
Café grano,Other,Kénitra,,34.2678173,-6.6254532,,,,0,,openstreetmap
Sakniya,Other,Kénitra,Avenue Al Massira,34.2472726,-6.5538824,,,,0,,openstreetmap
مشواة الغرب - الساكنية,Other,Kénitra,Avenue Al Massira,34.2477909,-6.5541748,,,,0,,openstreetmap
Cocolico Café,Other,Kénitra,,34.2713915,-6.6287717,,,,0,,openstreetmap
Lelys Barbecue,Other,Kénitra,,34.2716077,-6.6274747,,,,0,,openstreetmap
مقهي فيراس,Other,Kénitra,,34.2403124,-6.5479133,,,,0,,openstreetmap
Scoop,Other,Kénitra,,34.2528117,-6.602195,,,,0,,openstreetmap
Snail Ldid,Other,Kénitra,,34.2613098,-6.5906556,,,,0,,openstreetmap
Fire Place,Other,Kénitra,,34.2663909,-6.5900895,+212537327944,,,0,,openstreetmap
Yours,Other,Kénitra,,34.2515729,-6.60222,+212537376010,,,0,,openstreetmap
Le Treffle,Other,Kénitra,,34.2577377,-6.5888636,,,,0,,openstreetmap
Narjiss,Other,Kénitra,,34.2574654,-6.5895889,,,,0,,openstreetmap
Black Gold,Other,Kénitra,,34.2574853,-6.590539,,,,0,,openstreetmap
Tres Forcas,Other,Kénitra,,34.2581929,-6.5877711,,,,0,,openstreetmap
Café Dalia,Other,Kénitra,Avenue Mohamed V شارع محمد الخامس,34.261096,-6.5803654,,,,0,,openstreetmap
Café Rendez-vous,Other,Kénitra,,34.2604892,-6.5676416,,,,0,,openstreetmap
Rotisserie al Mizane,Other,Kénitra,,34.2716566,-6.5585541,,,,0,,openstreetmap
Café YAFA,Other,Kénitra,,34.2719623,-6.6253615,,,,0,,openstreetmap
Merry Time Coffee Snack,Other,Kénitra,,34.2716929,-6.6271812,,,,0,,openstreetmap
For You,Other,Kénitra,,34.2552626,-6.6191952,,,,0,,openstreetmap
Blue berry,Other,Kénitra,,34.2476603,-6.6093266,,,,0,,openstreetmap
Rotisserie Hassan,Other,Kénitra,,34.258983,-6.5864635,,,,0,,openstreetmap
Mille Délices,Other,Kénitra,,34.2636774,-6.5700167,,,,0,,openstreetmap
Pizza Hut,Other,Kénitra,,34.2510829,-6.6023431,,,,0,,openstreetmap
دجاج كنتاكي,Other,Kénitra,,34.2603717,-6.5830476,,,,0,,openstreetmap
Wakame Sushi,Other,Kénitra,,34.2660272,-6.5895147,,,,0,,openstreetmap
Moon Plaza,Other,Kénitra,,34.2521855,-6.6016884,,,,0,,openstreetmap
Le Saphir Palace,Other,Kénitra,,34.2485379,-6.6051509,,,,0,,openstreetmap
Sushi Hay,Other,Kénitra,,34.26134,-6.5919894,,,,0,,openstreetmap
Chhiwate Ryad Naji,Other,Kénitra,,34.260994,-6.5794266,,,,0,,openstreetmap
Cafe Badr,Other,Kénitra,,34.2543193,-6.6034149,,,,0,,openstreetmap
Four Seasons snack & grill,Other,Kénitra,,34.2684081,-6.5613659,,,,0,,openstreetmap
Rippele,Other,Kénitra,,34.2372502,-6.5549565,,,,0,,openstreetmap
Little Japan,Other,Kénitra,,34.2610945,-6.5890416,,,,0,,openstreetmap
Cafe Mina,Other,Kénitra,,34.2554126,-6.5603715,,,,0,,openstreetmap
Cafe Dar Chabab,Other,Kénitra,,34.2556214,-6.5605995,,,,0,,openstreetmap
Venezia Palace,Other,Kénitra,,34.2609964,-6.5805736,,,,0,,openstreetmap
Cigala,Other,Kénitra,,34.265177,-6.5876505,,,,0,,openstreetmap
Bun & Pizz,Other,Kénitra,,34.2687449,-6.6268771,+212669772200,,,0,,openstreetmap
مطعم بدر الشام,Other,Kénitra,Avenue Mohamed V شارع محمد الخامس,34.25191,-6.6019303,+212707177178,,,0,,openstreetmap
Val-Fleury,Other,Kénitra,,34.2674091,-6.5931523,,,,0,,openstreetmap
cafe oasis,Other,Kénitra,,34.2335866,-6.6093873,,,,0,,openstreetmap
RESTORE FOOD,Other,Kénitra,,34.289585,-6.5046,,,,0,,openstreetmap
McDonald's Route de Tanger,Other,Kénitra,,34.289293,-6.506604,,,,0,,openstreetmap
Oasis Café Tafernout,Other,Kénitra,,34.288802,-6.506393,,,,0,,openstreetmap
Oasis Cafe MC village,Other,Kénitra,,34.2900755,-6.5039029,,,,0,,openstreetmap
Réstaurant marina,Other,Kénitra,,34.26369,-6.557787,,,,0,,openstreetmap
Najma Dahabia Stella D'oro,Other,Kénitra,,34.2455208,-6.5396795,,,,0,,openstreetmap
Berouas,Other,Kénitra,,34.25702,-6.547678,,,,0,,openstreetmap
cafe rime,Other,Kénitra,,34.2632376,-6.579612,,,,0,,openstreetmap
Casa Manolo,Other,Larache,,35.1961371,-6.1482567,,,4.4,0,,google_places
Restaurant Khay Ahmed,Other,Larache,,35.186803499999996,-6.1464259,,,3.8,0,,google_places
Centrale : Café & Restaurant,Other,Larache,,35.196521499999996,-6.152089900000001,,,4.5,0,,google_places
Restaurant & cafe Havana,Other,Larache,,35.165794,-6.1350169999999995,,,4.6,0,,google_places
San Francisco,Other,Larache,,35.1918107,-6.1494291,,,4.0,0,,"google_places, openstreetmap"
Restaurant Arabi Best Food,Other,Larache,,35.168063599999996,-6.1488594999999995,,,4.9,0,,google_places
Puerta del Sol,Other,Larache,,35.1963398,-6.151965199999999,,,4.0,0,,"google_places, openstreetmap"
Skylaza : Café & Restaurant,Other,Larache,,35.1714262,-6.1442464999999995,,,4.2,0,,google_places
Restaurant Loukous,Other,Larache,,35.1985196,-6.147360099999999,,,3.7,0,,google_places
Bro’s,Other,Larache,,35.1971512,-6.1533136,,,4.9,0,,google_places
Tolin : Café & Restaurant,Other,Larache,,35.1885009,-6.1551621,,,4.2,0,,google_places
Darna,Other,Larache,,35.1913033,-6.152508999999999,,,4.7,0,,google_places
Nuovo Ponte Vecchio,Other,Larache,,35.1975191,-6.1521577999999995,,,3.7,0,,google_places
Tropical,Other,Larache,,35.197549599999995,-6.1521446,,,4.8,0,,google_places
La Terrasse,Other,Larache,,35.1703513,-6.1410497,,,4.2,0,,google_places
Restaurant Andalucia,Other,Larache,,35.196873,-6.1452262,,,3.6,0,,google_places
MM Cloche,Other,Larache,,35.1774692,-6.1463263999999995,,,4.5,0,,google_places
Mountazah Khay Ahmed,Other,Larache,,35.141483199999996,-6.1410826,,,3.6,0,,google_places
Oceansio,Other,Larache,,35.196906999999996,-6.1535779999999995,,,3.5,0,,google_places
Shawarma,Other,Larache,,35.1946682,-6.153373,,,,0,,openstreetmap
Juice store,Other,Larache,,35.1959905,-6.1522278,,,,0,,openstreetmap
Valencia,Other,Larache,,35.1961324,-6.1523095,,,,0,,openstreetmap
Triana,Other,Larache,,35.1961957,-6.1526403,,,,0,,openstreetmap
Cafe Espana,Other,Larache,,35.1963213,-6.1523104,,,,0,,openstreetmap
Aire de service Larache,Other,Larache,,35.169058,-6.1217051,,,,0,,openstreetmap
Lixus,Other,Larache,,35.1970091,-6.1528732,,,,0,,openstreetmap
Balcon Attlantico,Other,Larache,,35.1976702,-6.1535572,,,,0,,openstreetmap
Arabia,Other,Larache,,35.1974337,-6.1536329,,,,0,,openstreetmap
La Ezquina,Other,Larache,,35.1948026,-6.1545149,,,,0,,openstreetmap
Delice,Other,Larache,,35.1976362,-6.1534153,,,,0,,openstreetmap
Tutti Frutti,Other,Larache,,35.1956053,-6.1519924,,,,0,,openstreetmap
خاي احمد,Other,Larache,,35.1868876,-6.1463191,,,,0,,openstreetmap
Au Maroc المغرب,Other,Larache,,35.1856689,-6.1405532,,,,0,,openstreetmap
Burger King,Other,Larache,,35.1704941,-6.1223944,,,,0,,openstreetmap
Jean Genet,Other,Larache,,35.1990161,-6.1521807,,,,0,,openstreetmap
Cafe Royal,Other,Larache,,35.1775457,-6.1450164,,,,0,,openstreetmap
Cafe Al Manzah,Other,Larache,,35.1773667,-6.145145,,,,0,,openstreetmap
Ponte Vecchio,Other,Larache,,35.172324,-6.1444618,,,,0,,openstreetmap
Cafe Paloma,Other,Larache,,35.1723925,-6.1420207,,,,0,,openstreetmap
مقهى الجزيرة,Other,Larache,,35.1777005,-6.1456878,,,,0,,openstreetmap
Rico Rico,Other,Larache,,35.187101,-6.151606,,,,0,,openstreetmap
مطعم العرائش,Other,Larache,,35.188043,-6.146103,,,,0,,openstreetmap
Quatro Caminos,Other,Larache,,35.1890963,-6.1484784,,,,0,,openstreetmap
La Luna,Other,Larache,,35.1911783,-6.1510622,,,,0,,openstreetmap
Pâtisseries El Glop,Other,Larache,,35.1911063,-6.1522287,,,,0,,openstreetmap
مخبزة وحلويات اللوكوس,Other,Larache,,35.190693,-6.151233,,,,0,,openstreetmap
مقهى النسيم,Other,Larache,,35.1874273,-6.1534732,,,,0,,openstreetmap
مخبزة أينور,Other,Larache,,35.187822,-6.148913,,,,0,,openstreetmap
مقهى الاصدقاء,Other,Larache,,35.187154,-6.14876,,,,0,,openstreetmap
مقهى كلاسيكو,Other,Larache,,35.177071,-6.155154,,,,0,,openstreetmap
Chliaba,Other,Larache,,35.178263,-6.15484,,,,0,,openstreetmap
Chez Jawad,Other,Larache,,35.1981425,-6.1478289,,,,0,,openstreetmap
Miramar,Other,Larache,,35.1987735,-6.1510798,,,,0,,openstreetmap
Loukos,Other,Larache,,35.1984379,-6.1471978,,,,0,,openstreetmap
Vega M6,Other,Larache,,35.1962342,-6.1551124,,,,0,,openstreetmap
Malibu,Other,Larache,,35.1966261,-6.1544655,,,,0,,openstreetmap
Via Fleuor فيا فلور,Other,Laâyoune,Place al-Mokkawama,27.1500448,-13.1978666,+212630525678,,,0,,openstreetmap
Arabisque,Other,Laâyoune,,27.1635391,-13.2034053,,,,0,,openstreetmap
La Fontaine,Other,Laâyoune,,27.1636012,-13.2034013,,,,0,,openstreetmap
Café Ariha,Other,Laâyoune,,27.1559854,-13.200644,,,,0,,openstreetmap
ماكدونالدز,Other,Laâyoune,Place Dchira,27.1502301,-13.1996732,,,,0,,openstreetmap
Snack titanic سناك تيتانيك,Other,Laâyoune,Lotissement el ouahda bloc D lot aouda n804,27.1366919,-13.1729547,+212633550942,https://m.facebook.com/Snack.Titanic1/?ref,,0,,openstreetmap
Gout de Fès,Other,Laâyoune,,27.151557,-13.2004333,,,,0,,openstreetmap
Lamadone,Other,Laâyoune,,27.1514768,-13.2003522,,,,0,,openstreetmap
Ichwa Frappés aux Fruits et Omelettes,Other,Laâyoune,,27.1568818,-13.2028079,,,,0,,openstreetmap
Café Mazagan مقهى مزكان,Other,Laâyoune,,27.1621885,-13.2013607,,,,0,,openstreetmap
Food Lounge Qwiindy,Other,Laâyoune,,27.1563705,-13.2000266,,,,0,,openstreetmap
Café Rio,Other,Laâyoune,Boulevard de la Mecque,27.1514181,-13.1977786,,,,0,,openstreetmap
coffee shop Colombia,Other,Laâyoune,Rue Khnifra زنقة خنيفرة,27.1505607,-13.2023917,+212771806335,https://www.instagram.com/coffee.shop.colombia?igsh=MTBveGtueGhiZXh2MQ==,,0,,openstreetmap
Mi Barrio,Other,Laâyoune,,27.1629367,-13.2095251,,,,0,,openstreetmap
xhiwat bladi restaurant,Other,Laâyoune,,27.1564748,-13.2030422,,,,0,,openstreetmap
Scarpetta,Other,Lusail,,25.4078639,51.5204149,,,4.8,0,,google_places
Timeless Restaurant,Other,Lusail,,25.3870328,51.5232184,,,4.2,0,,google_places
Al Zouzou Restaurant Qatar,Other,Lusail,,25.386552899999998,51.527070800000004,,,4.8,0,,google_places
Carbone Doha,Other,Lusail,,25.398366799999998,51.527947499999996,,,4.7,0,,google_places
Shorouk Restaurant,Other,Lusail,,25.4133712,51.504271499999994,,,4.9,0,,google_places
Ocean Mussels & More,Other,Lusail,,25.3915926,51.525704,,,4.6,0,,google_places
The Yard Restaurant,Other,Lusail,,25.404415699999998,51.5202038,,,4.4,0,,google_places
Elissar Mediterranean Grill,Other,Lusail,,25.4063075,51.5186929,,,4.6,0,,google_places
The Highmore,Other,Lusail,,25.4076858,51.5203304,,,4.7,0,,google_places
Hal Aldar,Other,Lusail,,25.3920131,51.5268656,,,4.8,0,,google_places
Divan Lusail Boulevard,Other,Lusail,,25.416203199999998,51.4971223,,,4.6,0,,google_places
Joon Restaurant,Other,Lusail,,25.405471,51.520696,,,4.7,0,,google_places
Doha Grill House - Lusail,Other,Lusail,,25.391318899999998,51.5235792,,,4.3,0,,google_places
Al Bait Al Qadeem Restaurant,Other,Lusail,,25.420921699999997,51.5032548,,,4.5,0,,google_places
RajaRani Restaurant Qatar,Other,Lusail,,25.4258569,51.5034378,,,4.9,0,,google_places
Viva La Vida Doha,Other,Lusail,,25.400311199999997,51.526655999999996,,,4.4,0,,google_places
Bywater,Other,Lusail,,25.4083654,51.5202647,,,4.8,0,,google_places
junior’s Lusail Marina,Other,Lusail,,25.392646799999998,51.5262706,,,4.5,0,,google_places
SUSHISAMBA Doha,Other,Lusail,,25.409051599999998,51.520333699999995,,,4.7,0,,google_places
La Farma,Other,M'diq,,35.6655051,-5.30717,,,,0,,openstreetmap
مطعم مرسى صديق,Other,M'diq,,35.6813224,-5.3126606,,,,0,,openstreetmap
مقهى الشيخ,Other,M'diq,Avenue Lalla Nezha,35.6828532,-5.3208777,,,,0,,openstreetmap
Chez Bilal,Other,M'diq,,35.6841336,-5.3263508,,,,0,,openstreetmap
La Corniche,Other,M'diq,Avenue Lalla Nezha,35.6867991,-5.3235196,,,,0,,openstreetmap
Restaurant Meridiana,Other,M'diq,,35.6658623,-5.31909,,,,0,,openstreetmap
restaurant lounge babylon,Other,M'diq,,35.6561953,-5.2915483,+212674800533,,,0,,openstreetmap
Frutello,Other,M'diq,,35.7262937,-5.3406744,,,,0,,openstreetmap
La Fluka de Cabo By Le Port,Other,M'diq,"Route de Martil, Cabo Negro",35.6606107,-5.2925003,+212808599070,,,0,,openstreetmap
capuccino,Other,M'diq,,35.6528051,-5.2923078,,,,0,,openstreetmap
Café Restaurant 75 Flavours,Other,M'diq,,35.654121,-5.291351,,,,0,,openstreetmap
Patatas Asadas,Other,M'diq,,35.6587674,-5.2860507,,,,0,,openstreetmap
Cafè Snack Pizzeria,Other,M'diq,,35.654793,-5.291436,,,,0,,openstreetmap
مطعم ضوس ماريس,Other,M'diq,,35.6774873,-5.3219854,,,,0,,openstreetmap
Restaurante Omega-3 Cabo,Other,M'diq,,35.6666524,-5.3145232,,,,0,,openstreetmap
Chiringuito El Cabo,Other,M'diq,,35.665633,-5.28483,,,,0,,openstreetmap
Café Dreamers,Other,M'diq,,35.6626729,-5.2945015,+212632201063,,,0,,openstreetmap
Babylon lounge & restaurant,Other,M'diq,,35.655504,-5.291484,,,,0,,openstreetmap
Alaturco,Other,M'diq,,35.660499,-5.293068,,,,0,,openstreetmap
Asie’tte,Other,M'diq,,35.656213,-5.291654,,,,0,,openstreetmap
Huna,Other,M'diq,,35.658421,-5.292193,+212641444949,,,0,,openstreetmap
Café petit mérou,Other,M'diq,,35.667784,-5.28346,,,,0,,openstreetmap
Fuji Wara,Other,M'diq,,35.65973,-5.292971,,,,0,,openstreetmap
La Perla Del Cabo,Other,M'diq,,35.666104,-5.29322,,,,0,,openstreetmap
Golf Cabo Le Chiringuito,Other,M'diq,,35.650194,-5.280902,,,,0,,openstreetmap
Restaurante Esmeralda Afilal,Other,M'diq,,35.6588291,-5.3185576,,,,0,,openstreetmap
My-Thai,Other,M'diq,,35.665695,-5.31912,,,,0,,openstreetmap
Laarif Family,Other,M'diq,,35.682231,-5.3204436,,,,0,,openstreetmap
"Habibo M’diq – Restaurante de Pizza, Pasta y Shawarma",Other,M'diq,,35.685586,-5.322704,,,,0,,openstreetmap
Casa Dos Hermanas,Other,M'diq,,35.682664,-5.319964,,,,0,,openstreetmap
Restaurant YAFA / مطعم يافا #مول الباطو,Other,M'diq,,35.683945,-5.32161,,,,0,,openstreetmap
مقهى كورنيش المضيق,Other,M'diq,,35.685857,-5.325325,,,,0,,openstreetmap
Cocodrilo,Other,M'diq,,35.684332,-5.321866,,,,0,,openstreetmap
Milos Tamuda Bay,Other,M'diq,,35.69487,-5.327653,,,,0,,openstreetmap
Casa paco,Other,M'diq,,35.687126,-5.331065,,,,0,,openstreetmap
cafe restaurant 3s,Other,M'diq,,35.6869862,-5.323126,,,,0,,openstreetmap
حارة الشوارما,Other,M'diq,,35.686953,-5.323875,,,,0,,openstreetmap
Pizza Box Mdiq,Other,M'diq,,35.68672,-5.323681,,,,0,,openstreetmap
Snack Pollo Rico,Other,M'diq,,35.6859774,-5.3244923,,,,0,,openstreetmap
Cabo Corner,Other,M'diq,,35.665019,-5.303287,,,,0,,openstreetmap
Chez Alilou,Other,M'diq,,35.652186,-5.305348,,,,0,,openstreetmap
La Frite De BX,Other,M'diq,,35.651944,-5.308391,,,,0,,openstreetmap
بليونش,Other,M'diq,,35.697171,-5.348157,,,,0,,openstreetmap
Pool Beach Restaurant Tamuda Bay,Other,M'diq,,35.712262,-5.334467,,,,0,,openstreetmap
BUNDA CAFE,Other,M'diq,,35.6524961,-5.3046853,,,,0,,openstreetmap
مقهى المفضل,Other,M'diq,,35.652011,-5.31172,,,,0,,openstreetmap
Delices by chaimae,Other,M'diq,,35.652848,-5.313263,,,,0,,openstreetmap
Cafe bouzaghlal,Other,M'diq,,35.698869,-5.348255,,,,0,,openstreetmap
Marbella Restaurant and Lounge,Other,M'diq,,35.696514,-5.34577,,,,0,,openstreetmap
Restaurant & Breakfast,Other,M'diq,,35.651124,-5.30916,,,,0,,openstreetmap
McDonald’s CaboNegro,Other,M'diq,,35.651422,-5.310922,,,,0,,openstreetmap
Cafe Good Luck,Other,M'diq,,35.6525835,-5.3131089,,,,0,,openstreetmap
Cafe La Ruche Rincón,Other,M'diq,,35.700704,-5.349728,,,,0,,openstreetmap
Nourain,Other,M'diq,Avenue Boujdour,35.6848303,-5.3276739,,,,0,,openstreetmap
Sea Dream,Other,M'diq,Avenue Annaser,35.6899548,-5.3299043,,,,0,,openstreetmap
Palmera Smir,Other,M'diq,,35.7503343,-5.3465424,,,,0,,openstreetmap
Blue Sky Restaurant,Other,M'diq,Avenue Lalla Nezha,35.6852869,-5.3218528,,,,0,,openstreetmap
Olas,Other,M'diq,Avenue Lalla Nezha,35.6850662,-5.3217101,,,,0,,openstreetmap
Restaurant Babylon,Other,M'diq,,35.6551021,-5.2913817,+212674800533,,,0,,openstreetmap
New Tandoori Restaurant,Other,Madinat Ash Shamal,,26.132904,51.2050651,,,4.8,0,,google_places
sea shell restaurant,Other,Madinat Ash Shamal,,26.1274242,51.2060928,,,4.2,0,,google_places
Ms. Burger,Other,Madinat Ash Shamal,,26.126289099999997,51.2024286,,,3.9,0,,google_places
تيست اوف نورث Taste of the North,Other,Madinat Ash Shamal,,26.126919899999997,51.20397690000001,,,5.0,0,,google_places
Papa John’s,Other,Madinat Ash Shamal,,26.1310367,51.192383799999995,,,4.2,0,,google_places
Baeed Al Maramees Cafeteria,Other,Madinat Ash Shamal,,26.1328683,51.204586500000005,,,4.7,0,,google_places
the grand restaurant 2022,Other,Madinat Ash Shamal,,26.1271944,51.2046114,,,5.0,0,,google_places
Istanbul Garden Restaurant,Other,Madinat Ash Shamal,,26.125262499999998,51.1981719,,,4.6,0,,google_places
مطعم مربوحة Marbuha Restaurant,Other,Madinat Ash Shamal,,26.126641799999998,51.2032667,,,4.7,0,,google_places
Tabliah Restaurant - مطعم طبلية,Other,Madinat Ash Shamal,,26.1251875,51.1983125,,,4.7,0,,google_places
Al Ansaf Restaurant,Other,Madinat Ash Shamal,,26.1278459,51.207489599999995,,,4.0,0,,google_places
Baed Marames restaurant,Other,Madinat Ash Shamal,,25.8479375,51.3500625,,,5.0,0,,google_places
North Diet House,Other,Madinat Ash Shamal,,26.1308245,51.1980754,,,5.0,0,,google_places
SHMALY شمالي,Other,Madinat Ash Shamal,,26.1329671,51.199822399999995,,,5.0,0,,google_places
Arsan Café,Other,Madinat Ash Shamal,,26.143401599999997,51.216316199999994,,,4.4,0,,google_places
Aroma Restaurant Ras Laffan,Other,Madinat Ash Shamal,,25.925349600000004,51.4325088,,,4.0,0,,google_places
RAHA Restaurant,Other,Madinat Ash Shamal,,26.1249914,51.180002800000004,,,5.0,0,,google_places
مطعم فلافل هاوس Falafel House,Other,Madinat Ash Shamal,,26.126770099999998,51.2037184,,,5.0,0,,google_places
Cakery restaurant,Other,Madinat Ash Shamal,,26.139687499999997,51.2149375,,,5.0,0,,google_places
GARLIC Restaurant,Other,Madinat Zayed,,23.6598097,53.704164999999996,,,4.5,0,,google_places
GRILL SPOT RESTAURANT,Other,Madinat Zayed,,23.6616504,53.7266919,,,4.8,0,,google_places
Payyannur Restaurant Madinat Zayed,Other,Madinat Zayed,,24.4827279,54.366061699999996,,,4.7,0,,google_places
Class Food Multi Cuisine Restaurant,Other,Madinat Zayed,,24.4839928,54.3654004,,,5.0,0,,google_places
Al dhanna restaurant مطعم الظنة,Other,Madinat Zayed,,23.6355438,53.7090111,,,4.3,0,,google_places
Las Tapas Restaurant,Other,Madinat Zayed,,23.649958599999998,53.703571700000005,,,4.4,0,,google_places
NH 47 Restaurant,Other,Madinat Zayed,,24.4847112,54.3655561,,,4.4,0,,google_places
The Zaiqa Darbar Restaurant LLC,Other,Madinat Zayed,,23.6617416,53.7329793,,,4.9,0,,google_places
Magic Spoon Restaurant,Other,Madinat Zayed,,23.660908,53.7300391,,,4.0,0,,google_places
مطعم ومطبخ مدينة زايد الشعبي madina zayed popular restaurant kitchen,Other,Madinat Zayed,,23.660673,53.7045598,,,4.4,0,,google_places
Magic Spoon Restaurant Branch 1,Other,Madinat Zayed,,23.659812499999997,53.7259375,,,4.2,0,,google_places
HOT ZATHAR CAFTERIA,Other,Madinat Zayed,,23.619302899999997,53.703997,,,4.7,0,,google_places
Method burger,Other,Madinat Zayed,,23.6281911,53.714174899999996,,,4.8,0,,google_places
Chutney Restaurant Madinat Zayed,Other,Madinat Zayed,,23.672433299999998,53.698522,,,4.0,0,,google_places
HUG N DINE,Other,Madinat Zayed,,23.6607927,53.7286741,,,4.3,0,,google_places
SAFRA AL AFGHANI RESTAURANT,Other,Madinat Zayed,,23.6599948,53.7273175,,,4.6,0,,google_places
Dope cafe and restaurant,Other,Madinat Zayed,,23.6667073,53.698356499999996,,,4.3,0,,google_places
"Latte Cafe, Madinat Zayed, Al Dhafra Region لاتيه كافيه مدينة زايد منطقة الظفرة",Other,Madinat Zayed,,23.6594861,53.704526300000005,,,4.8,0,,google_places
مطعم ريترو retro restaurant,Other,Madinat Zayed,,23.660214099999997,53.7229418,,,4.6,0,,google_places
300F Smokehouse Restaurant,Other,Mahboula,,29.154159,48.125623,,,4.9,0,,google_places
Asha's,Other,Mahboula,,29.154291999999998,48.12491,,,4.8,0,,google_places
P.F. Chang's,Other,Mahboula,,29.148176,48.127901,,,4.7,0,,google_places
Nizamat Hyderabad Restaurant (Mahboula),Other,Mahboula,,29.146391100000002,48.1184522,,,4.7,0,,google_places
"Mais Alghanim Restaurant, Mahboula",Other,Mahboula,,29.1541667,48.1252778,,,4.3,0,,google_places
Alkhrof Restaurant Mahboula,Other,Mahboula,,29.154299800000004,48.1159657,,,4.1,0,,google_places
Lily Breakfast & Brunch,Other,Mahboula,,29.152589900000002,48.124907,,,4.5,0,,google_places
Light Complex Restaurants,Other,Mahboula,,29.138002499999995,48.130542899999995,,,4.1,0,,google_places
Haveli punjabi mahbula,Other,Mahboula,,29.155504799999996,48.1181092,,,4.2,0,,google_places
Mughal Mahal Mahboula,Other,Mahboula,,29.142417499999997,48.1296761,,,4.4,0,,google_places
Chautari Restro - Mahboula,Other,Mahboula,,29.1482572,48.1180251,,,4.2,0,,google_places
Lahore Qalandar Mahboula,Other,Mahboula,,29.150898800000004,48.1223702,,,4.1,0,,google_places
PARAGON Restaurant (SAS1 restaurant),Other,Mahboula,,29.147812999999996,48.11667140000001,,,4.1,0,,google_places
Texas Roadhouse,Other,Mahboula,,29.148039999999998,48.12818,,,4.5,0,,google_places
Aamys Mandi,Other,Mahboula,,29.1560804,48.116107299999996,,,4.1,0,,google_places
The Cheesecake Factory,Other,Mahboula,,29.147810999999997,48.128085999999996,,,4.5,0,,google_places
Restaurant Chef Pillai Kuwait / شركة مطعم شيف بيلى الكويت,Other,Mahboula,,29.1401853,48.1304692,,,4.7,0,,google_places
Operation Kitchen Restaurant,Other,Mahboula,,29.1456663,48.122543799999995,,,4.9,0,,google_places
Nostalgia Restaurant,Other,Mahboula,,29.153143599999996,48.1144537,,,4.3,0,,google_places
CLAW BBQ Bahrain,Other,Manama,,26.223662599999997,50.609353,,,4.9,0,,google_places
Karavali Fish & Grills Restaurant,Other,Manama,,26.206616099999998,50.5953434,,,4.9,0,,google_places
The collective Restaurant,Other,Manama,,26.235699999999998,50.5556462,,,4.9,0,,google_places
Biba,Other,Manama,,26.249508,50.5788528,,,4.7,0,,google_places
MOON RESTAURANT,Other,Manama,,26.229082,50.585423999999996,,,4.6,0,,google_places
Monsoon,Other,Manama,,26.214167999999997,50.591578999999996,,,4.5,0,,google_places
Fish Market Restaurant,Other,Manama,,26.2470562,50.5791414,,,4.2,0,,google_places
Bab al Bahrain restaurant,Other,Manama,,26.2343007,50.5758957,,,4.5,0,,google_places
Mei Ling,Other,Manama,,26.211463400000003,50.593162,,,4.7,0,,google_places
Origin Kitchen & Culture,Other,Manama,,26.2237992,50.609604999999995,,,4.7,0,,google_places
Fatto,Other,Manama,,26.2146737,50.592759799999996,,,4.7,0,,google_places
ALOSRA RESTAURANT MANAMA,Other,Manama,,26.2343963,50.577004599999995,,,4.6,0,,google_places
Maki Bahrain,Other,Manama,,26.239390999999998,50.580566999999995,,,4.4,0,,google_places
Masso Restaurant,Other,Manama,,26.2085258,50.5957648,,,4.2,0,,google_places
Haus Restaurant & Lounge,Other,Manama,,26.214028799999998,50.591945599999995,,,4.1,0,,google_places
Abyssinia Restaurant,Other,Manama,,26.2315117,50.5853328,,,4.9,0,,google_places
La Fontaine Restaurant,Other,Manama,,26.232970299999998,50.5856806,,,4.1,0,,google_places
Eden Garden Rooftop Restaurant,Other,Manama,,26.2196632,50.606137,,,4.4,0,,google_places
Mirai Restaurant & Lounge,Other,Manama,,26.2153118,50.592383399999996,,,4.6,0,,google_places
Baharat Restaurant,Other,Manama,,26.233037,50.551884099999995,,,4.2,0,,google_places
Sapphire restaurant,Other,Mangaf,,29.093467900000004,48.1340746,,,4.2,0,,google_places
Grand Udhayam Restaurant,Other,Mangaf,,29.095834800000002,48.1307783,,,4.1,0,,google_places
"Garden Damascus Restaurant, Mangaf مطعم حدائق دمشق",Other,Mangaf,,29.1047667,48.1244027,,,4.2,0,,google_places
Mughal Mahal Fahaheel,Other,Mangaf,,29.0808672,48.137748099999996,,,4.5,0,,google_places
Royal Indian Restaurant,Other,Mangaf,,29.0963463,48.130722999999996,,,4.7,0,,google_places
Thakkara Restaurant Fahaheel | Indian Restaurant in Kuwait,Other,Mangaf,,29.079997,48.1379757,,,4.3,0,,google_places
Wah Ji Wah,Other,Mangaf,,29.095986000000003,48.1340982,,,4.1,0,,google_places
Megam Family Restaurant (Veg & Non Veg),Other,Mangaf,,29.0931443,48.1294609,,,3.1,0,,google_places
Amigos Burger (Mangaf),Other,Mangaf,,29.1056203,48.1261983,,,4.3,0,,google_places
Amrutham Restaurant,Other,Mangaf,,29.096989999999998,48.1318712,,,4.2,0,,google_places
Eat illam Fresh Restaurant Mangaf,Other,Mangaf,,29.093675299999997,48.135128699999996,,,3.6,0,,google_places
Green Pepper Indian Restaurant - Mangaf,Other,Mangaf,,29.0954794,48.134487,,,3.7,0,,google_places
Abtal Taj Mahal al-Aseem,Other,Mangaf,,29.100288899999995,48.1340618,,,4.2,0,,google_places
Saravana Indian Restaurant,Other,Mangaf,,29.0947725,48.127821499999996,,,4.2,0,,google_places
DAY FRESH RESTAURANT,Other,Mangaf,,29.1015615,48.1359778,,,4.3,0,,google_places
Zaatar Restaurant,Other,Mangaf,,29.098754999999997,48.1286895,,,3.3,0,,google_places
Marhaba Mangaf Restaurant,Other,Mangaf,,29.1101304,48.1310918,,,3.9,0,,google_places
Seaway Restaurant. مطعم سيواي,Other,Mangaf,,29.094373899999997,48.1312735,,,4.5,0,,google_places
شاورما الشام,Other,Mangaf,,29.101658699999998,48.127662099999995,,,4.4,0,,google_places
Sri Annamalai Restaurant,Other,Mangaf,,29.0947506,48.1264525,,,4.0,0,,google_places
Restaurant Le Grand Bazar Marrakech,Other,Marrakech,,31.626995999999995,-7.986892999999999,,,4.8,0,,"google_places, openstreetmap"
Le Bistro Arabe - Moroccan Jazz Restaurant in Marrakech,Other,Marrakech,,31.624666500000004,-7.9871891,,,4.8,0,,google_places
Dar Cherifa,Other,Marrakech,Derb Chorfa Lakbir,31.629217099999998,-7.9900536,+212524426463,https://darcherifa.com/,4.5,0,,"google_places, openstreetmap"
Restaurant Leopard Marrakech,Other,Marrakech,,31.620131699999998,-8.0098639,,,4.8,0,,google_places
La Pergola,Other,Marrakech,,31.624701199999993,-7.987211800000001,,,4.8,0,,"google_places, openstreetmap"
Dar Essalam,Other,Marrakech,,31.622349099999997,-7.9864004,,,4.6,0,,"google_places, openstreetmap"
Le Jardin Restaurant Marrakech Medina,Other,Marrakech,,31.6320938,-7.9888219,,,4.1,0,,google_places
L'Mdina Marrakech,Other,Marrakech,,31.6263866,-7.9869941,,,4.4,0,,google_places
COCO ROOFTOP RESTAURANT,Other,Marrakech,,31.618919599999998,-7.989017800000001,,,4.7,0,,google_places
Mizaan,Other,Marrakech,,31.630246999999994,-8.0047078,,,4.7,0,,google_places
Restaurant Dardar Rooftop Marrakech,Other,Marrakech,,31.622236700000002,-7.986396900000001,,,4.4,0,,"google_places, openstreetmap"
Nobu Restaurant Marrakech,Other,Marrakech,,31.6223161,-8.000673599999999,,,4.5,0,,google_places
Terrasse des épices,Other,Marrakech,Souk Cherifia,31.631224599999996,-7.9888194,+212524375904,https://www.terrassedesepices.com/,4.4,0,,"google_places, openstreetmap"
MK ROOFTOP Marrakech - FOOD & COCKTAILS,Other,Marrakech,Derb Sebaai,31.6274191,-7.992190399999998,+212702084555,https://rooftop-mk.com/,4.6,0,,"google_places, openstreetmap"
Dar Chef,Other,Marrakech,Route Kennaria Dbchi,31.6253868,-7.9861838,,,4.7,0,,"google_places, openstreetmap"
Fine Mama? Restaurant & Rooftop,Other,Marrakech,,31.622995000000003,-7.989680399999999,,,4.6,0,,google_places
Farmers,Other,Marrakech,,31.6351689,-8.0152064,,,4.8,0,,google_places
Fluffy,Other,Marrakech,,31.620415599999998,-7.9864451999999995,,,4.6,0,,google_places
Naranj Libanese,Other,Marrakech,Rue Riad Zitoun El Jedid,31.624609500000002,-7.9851703,+212524386805+212602439515+212635902704,https://naranj.ma/,4.7,0,,"google_places, openstreetmap"
Nomad Marrakech,Other,Marrakech,,31.6285931,-7.9875304,,,4.0,0,,google_places
ماكدونالدز,Other,Marrakech,,31.6331559,-8.0088887,,,,0,,openstreetmap
Al Fassia,Other,Marrakech,Boulevard Mohammed Zerktouni,31.6359916,-8.0133642,+212524434060,https://www.alfassia.com/restaurants-gastronomique.html,,0,,openstreetmap
Café Bousafsaf,Other,Marrakech,,31.641836,-8.0026233,,,,0,,openstreetmap
Zwin Zwin café,Other,Marrakech,Rue El Moustachfa,31.6219848,-7.9884598,+212524380707,https://www.zwinzwincafe.net/,,0,,openstreetmap
Narwama,Other,Marrakech,Rue Koutoubia,31.6260554,-7.9922352,+212672508700,http://www.narwama.com/,,0,,openstreetmap
Grand Balcon du Café Glacier,Other,Marrakech,,31.6253377,-7.9883071,,,,0,,openstreetmap
Les Premices,Other,Marrakech,,31.6252093,-7.987833,,,,0,,openstreetmap
Taj'in Darna,Other,Marrakech,,31.6254632,-7.9877675,+212661311310,,,0,,openstreetmap
Toubkal,Other,Marrakech,,31.6254141,-7.9877413,,,,0,,openstreetmap
Café Argana,Other,Marrakech,,31.6266252,-7.9889459,+212524442757,,,0,,openstreetmap
Aqua,Other,Marrakech,,31.6261349,-7.9874794,,,,0,,openstreetmap
La Farmacie,Other,Marrakech,Rue des Banques,31.626511,-7.9872135,+212254443377,https://www.lemarrakchi.com,,0,,openstreetmap
Café de France,Other,Marrakech,,31.6263381,-7.987307,+212524442319,https://www.cafe-france-marrakech.com/,,0,,openstreetmap
Les Terrasses de l'Alhambra,Other,Marrakech,,31.6267722,-7.9875678,,,,0,,openstreetmap
Café des Epices,Other,Marrakech,75 Rahba Lakdima,31.6290624,-7.9873234,+212524391770,https://cafedesepices.ma/,,0,,openstreetmap
Un Déjeuner à Marrakech,Other,Marrakech,Douar Graoua,31.6240078,-7.9849483,+212524378387,https://www.undejeuneramarrakech.com/,,0,,openstreetmap
Chez Chegrouni,Other,Marrakech,Place Djemaa Al Fnaa,31.6267243,-7.9871002,,,,0,,openstreetmap
Bougainvillea,Other,Marrakech,,31.6298432,-7.9899252,,,,0,,openstreetmap
Café Arabe,Other,Marrakech,rue Mouassine,31.6307879,-7.9893484,+21224429728,https://www.cafearabe.com/,,0,,openstreetmap
Pizza Hut,Other,Marrakech,,31.6300985,-8.0044276,,,,0,,openstreetmap
Lebanon Cafe,Other,Marrakech,,31.6276601,-8.0070556,,,,0,,openstreetmap
Ait Bougumez,Other,Marrakech,,31.6216083,-7.9911376,,,,0,,openstreetmap
Souk Kafé,Other,Marrakech,,31.6317761,-7.9886906,,,,0,,openstreetmap
Cafe Baghdadia,Other,Marrakech,Avenue Abd El Krim El Khattabi,31.6361156,-8.0172346,,,,0,,openstreetmap
Dar Moha,Other,Marrakech,Rue Dar El Bacha,31.6313665,-7.9932671,+212524386400,https://www.darmoha.ma/,,0,,openstreetmap
Kechmara,Other,Marrakech,Rue de la Liberté,31.6341509,-8.0133768,,https://www.kechmara.com/,,0,,openstreetmap
Grand Café de la Poste,Other,Marrakech,,31.6331197,-8.010006,+212024433038,https://www.grandcafedelaposte-marrakech.com/,,0,,openstreetmap
Musèe de Marrakech,Other,Marrakech,,31.6316273,-7.9863832,,,,0,,openstreetmap
Belgueni,Other,Marrakech,,31.6384177,-8.0176395,,,,0,,openstreetmap
Les Négociants,Other,Marrakech,,31.6359832,-8.0140914,,,,0,,openstreetmap
La Trattoria,Other,Marrakech,,31.63384,-8.0151742,,,,0,,openstreetmap
cafe snack laarouss,Other,Marrakech,,31.6338105,-7.9911718,,,,0,,openstreetmap
Restaurant Lamamakech,Other,Marrakech,,31.6341412,-7.9909577,,,,0,,openstreetmap
즉석과일주스,Other,Marrakech,,31.6349701,-7.9909636,,,,0,,openstreetmap
Le Chat qui Rit,Other,Marrakech,Rue Yougoslavie,31.6315028,-8.0127825,+212524434311,https://www.lechatquirit.net/,,0,,openstreetmap
Riad Dar Sohane,Other,Marrakech,Derb Jamaa,31.6237118,-7.9856406,+212524391898,http://dar-sohane.com/,,0,,openstreetmap
Bo,Other,Marrakech,,31.636187,-8.0118749,,,,0,,openstreetmap
16 cafe,Other,Marrakech,Place du 16 Novembre,31.6327667,-8.0075034,+212524339670,https://www.16cafe.com/,,0,,openstreetmap
Le Jardin,Other,Marrakech,"rue El Jeld, Sidi Abdelaziz",31.6320477,-7.9887642,+212524378295,https://www.norya-ayron.com/,,0,,openstreetmap
Riad Monceau,Other,Marrakech,Derb Chaabane,31.6244904,-7.9868587,,https://www.riad-monceau.com/,,0,,openstreetmap
7 Saints,Other,Marrakech,,31.6252435,-7.9879349,,,,0,,openstreetmap
Snack Hassan,Other,Marrakech,,31.6283547,-8.01633,,,,0,,openstreetmap
Riad Larrouss,Other,Marrakech,,31.634787,-7.9934301,+212524383953,,,0,,openstreetmap
Le Grand Cafe,Other,Marrakech,,31.6314845,-8.0166652,,,,0,,openstreetmap
KFC,Other,Marrakech,,31.6309793,-8.0173074,,,,0,,openstreetmap
O'mulligans,Other,Marrakech,,31.6313634,-8.0107179,,,,0,,openstreetmap
Dar Yacout,Other,Marrakech,derb Sidi Ahmed Soussi,31.6365673,-7.9934804,+212524382929,https://daryacout.com/,,0,,openstreetmap
Cafe Amalou,Other,Marrakech,,31.6355948,-8.0171016,,,,0,,openstreetmap
Les Printemps,Other,Marrakech,,31.6344129,-8.0154962,,,,0,,openstreetmap
Chez Brahim,Other,Marrakech,Derb Dabachi,31.6269928,-7.9860251,+212524428915,,,0,,openstreetmap
Mazel Cafe,Other,Marrakech,,31.6196593,-7.9850195,,,,0,,openstreetmap
Nespresso,Other,Marrakech,,31.6350123,-8.0122926,,,,0,,openstreetmap
L'Unik,Other,Marrakech,,31.6327694,-8.007332,,,,0,,openstreetmap
Fish restaurant,Other,Marrakech,,31.6223154,-7.9716497,,,,0,,openstreetmap
Asmak,Other,Marrakech,,31.6487341,-8.0073171,,,,0,,openstreetmap
Gano,Other,Marrakech,,31.6487444,-8.0071611,,,,0,,openstreetmap
Le Bon Goût,Other,Marrakech,,31.6487073,-8.0092977,,,,0,,openstreetmap
Café Pizza Radimi,Other,Marrakech,,31.6412859,-8.0004693,,,,0,,openstreetmap
Café Snack Mandarine,Other,Marrakech,,31.6440528,-8.0006516,,,,0,,openstreetmap
Red Garden,Other,Marrakech,,31.6404662,-8.0010398,,,,0,,openstreetmap
Chez Casanova,Other,Marrakech,,31.6376232,-8.008926,,,,0,,openstreetmap
Extrablatt,Other,Marrakech,,31.6236387,-8.0030371,,,,0,,openstreetmap
La Flamme,Other,Marrakech,,31.6380489,-8.0184065,,,,0,,openstreetmap
Rolls Café,Other,Marrakech,,31.6370392,-8.0198103,,,,0,,openstreetmap
Suite Marabella Marrakech,Other,Marrakech,,31.6220842,-8.0005243,,,,0,,openstreetmap
mawazine,Other,Marrakech,,31.6409583,-8.0458053,,,,0,,openstreetmap
Rahba Kedima,Other,Marrakech,Rahba kedima,31.6288161,-7.9870485,+212524378390,,,0,,openstreetmap
Red Planet,Other,Marrakech,,31.6655863,-8.0094128,,,,0,,openstreetmap
Malysia,Other,Marrakech,,31.6645841,-8.0090051,,,,0,,openstreetmap
Moon Roof,Other,Marrakech,,31.634846,-8.0187369,,,,0,,openstreetmap
La crêperie de Marrakech,Other,Marrakech,,31.639919,-8.0209129,,,,0,,openstreetmap
Wok to Walk,Other,Marrakech,,31.6350732,-8.0113011,,,,0,,openstreetmap
Domino,Other,Marrakech,,31.6350298,-8.0112529,,,,0,,openstreetmap
Family Pizza,Other,Marrakech,,31.6583647,-8.0050904,,,,0,,openstreetmap
L'Amanguier,Other,Marrakech,,31.6585141,-8.0056435,,,,0,,openstreetmap
City Grill,Other,Marrakech,,31.6579091,-8.0047423,,,,0,,openstreetmap
Méchoui Quessabine,Other,Marrakech,,31.6271351,-7.9869882,,,,0,,openstreetmap
Makiyato,Other,Marrakech,,31.6490308,-8.0096066,,,,0,,openstreetmap
Neoboroca Cafe,Other,Marrakech,,31.6491244,-8.0130265,,,,0,,openstreetmap
Majorelle Cafe,Other,Marrakech,,31.6485262,-8.013748,,,,0,,openstreetmap
Tipico,Other,Marrakech,,31.6484554,-8.01363,,,,0,,openstreetmap
Cuit a Huit,Other,Marrakech,,31.647864,-8.0141074,,,,0,,openstreetmap
Cafe Perla,Other,Marrakech,,31.6558941,-8.0210892,,,,0,,openstreetmap
Yakht Resto,Other,Marrakech,,31.6548439,-8.0183694,,,,0,,openstreetmap
Chicago,Other,Marrakech,,31.6543886,-8.0184484,,,,0,,openstreetmap
Palmy Cafe,Other,Marrakech,,31.6552412,-8.0180234,,,,0,,openstreetmap
Cafe Salyass,Other,Marrakech,,31.6529822,-8.0173004,,,,0,,openstreetmap
McHappy,Other,Marrakech,,31.6530758,-8.0171797,,,,0,,openstreetmap
Lino,Other,Marrakech,,31.653158,-8.0171019,,,,0,,openstreetmap
504 Cafe & Restaurant,Other,Marrakech,,31.6530324,-8.0169329,,,,0,,openstreetmap
Taxi,Other,Marrakech,,31.6510323,-8.0154094,,,,0,,openstreetmap
Friend's Place,Other,Marrakech,,31.6552425,-8.0216429,,,,0,,openstreetmap
Niagara Pizza,Other,Marrakech,,31.6396913,-8.0207467,,,,0,,openstreetmap
Chami,Other,Marrakech,,31.6297761,-8.0050031,,,,0,,openstreetmap
Istanbul,Other,Marrakech,,31.6298546,-8.0049496,,,,0,,openstreetmap
Café Lynx,Other,Marrakech,,31.657886,-8.0052091,,,,0,,openstreetmap
Diamanda Café,Other,Marrakech,,31.6576975,-8.0030676,,,,0,,openstreetmap
Green Palm,Other,Marrakech,,31.6580492,-8.0053214,,,,0,,openstreetmap
Le Bellaria,Other,Marrakech,,31.6572213,-8.0047894,,,,0,,openstreetmap
Le Cristal,Other,Marrakech,,31.6544527,-8.0030611,,,,0,,openstreetmap
psi sage,Other,Marrakech,Avenue Allal El Fassi,31.6665831,-8.0108179,+212524300050,,,0,,openstreetmap
Café Amina,Other,Marrakech,,31.6590576,-7.9960846,,,,0,,openstreetmap
Le Spécial,Other,Marrakech,,31.6519715,-7.9975877,,,,0,,openstreetmap
Café CTM,Other,Marrakech,,31.6262639,-8.0204377,,,,0,,openstreetmap
Le Café du Théâtre,Other,Marrakech,,31.6297802,-8.0162877,,,,0,,openstreetmap
Atlas Targe Club Restaurant,Other,Marrakech,,31.6643865,-8.0658204,,,,0,,openstreetmap
Atlas Targa Bar,Other,Marrakech,,31.6645524,-8.0662382,,,,0,,openstreetmap
All Inclusive,Other,Marrakech,,31.6644222,-8.0661766,,,,0,,openstreetmap
Palais Chahrmane,Other,Marrakech,Rue Fandak,31.6197255,-7.9865193,+212524389918,,,0,,openstreetmap
Al Bahia Lounge Royal bar,Other,Marrakech,,31.621197,-7.9838358,,,,0,,openstreetmap
Villa Flora,Other,Marrakech,Derb Azzouz,31.6297793,-7.9900772,+212524391700,https://www.villa-flore.com/,,0,,openstreetmap
La Villa des Orangers,Other,Marrakech,Rue Sidi Mimoun,31.6203219,-7.9917418,+212524384638,https://www.villadesorangers.com/index.php/the-restaurant,,0,,openstreetmap
Arkech,Other,Marrakech,,31.6237788,-8.0031206,,,,0,,openstreetmap
Olivia Mar,Other,Marrakech,,31.6335828,-8.0042473,,,,0,,openstreetmap
Best Place,Other,Marrakech,,31.6511379,-8.0200129,,,,0,,openstreetmap
Café Atlas,Other,Marrakech,,31.6357526,-8.0145211,,,,0,,openstreetmap
Café Emirates,Other,Marrakech,,31.6345677,-8.0168683,,,,0,,openstreetmap
Café Ibno Sina,Other,Marrakech,,31.6385772,-8.0177807,,,,0,,openstreetmap
Chez Amhane,Other,Marrakech,,31.6385024,-8.0173327,,,,0,,openstreetmap
Le Diamant Vert,Other,Marrakech,,31.644676,-8.0192518,,,,0,,openstreetmap
Naima,Other,Marrakech,Rue Azbezd,31.6300675,-7.9850795,+212667846370,,,0,,openstreetmap
Complexe Solaris,Other,Marrakech,,31.634163,-8.010838,,,,0,,openstreetmap
Elite,Other,Marrakech,,31.6335198,-8.0096381,,,,0,,openstreetmap
Le gueliz,Other,Marrakech,,31.63377,-8.010154,,,,0,,openstreetmap
Henna Cafe,Other,Marrakech,Arset Aouzal Souikat,31.631592,-7.9942543,,http://www.hennacafemarrakech.com/,,0,,openstreetmap
Chesterfield Pub,Other,Marrakech,Avenue Mohammed V,31.6352723,-8.0135736,,,,0,,openstreetmap
Le Lounge,Other,Marrakech,,31.6368164,-8.0145532,+212070028561,,,0,,openstreetmap
African Chic,Other,Marrakech,Rue Oum Errabia,31.6307287,-8.0040459,+212524431424,https://www.african-chic.com/i,,0,,openstreetmap
Piano Bar,Other,Marrakech,Rue de la Koutoubia,31.6259205,-7.9916855,+212024388800,,,0,,openstreetmap
Pearl Sky Lounge,Other,Marrakech,Rue du Temple,31.622383,-8.0005008,+212524424242,"https://www.thepearlmarrakech.com/sky-lounge-,restaurant_viewItem_12-en.html",,0,,openstreetmap
Djellabar,Other,Marrakech,Rue Iman lbn Hanifa,31.6288301,-8.0066246,+212524421242,http://djellabarmarrakech.com/,,0,,openstreetmap
Jad Mahal,Other,Marrakech,,31.6220131,-8.0002174,,,,0,,openstreetmap
Grand Tazi Bar,Other,Marrakech,,31.6223763,-7.9895423,+212024442787,,,0,,openstreetmap
Le Grand Salon,Other,Marrakech,,31.6720075,-7.9288065,,,,0,,openstreetmap
Le Foundouk,Other,Marrakech,Rue Souk El Fassi,31.631923,-7.9848998,+212524378176,https://www.foundouk.com/,,0,,openstreetmap
Fouquet's,Other,Marrakech,Rue DJebel Alakhdar,31.628966,-7.9968979,+212524459000,http://www.lucienbarriere.com/en/luxury-hotel/Marrakech-Hotel-Naoura-Barriere/Fouquets-Marrakech.html,,0,,openstreetmap
Riad des Mers,Other,Marrakech,Derb Sidi Massoud,31.6376136,-7.9953947,+212662265030,https://www.ilove-marrakech.com/riaddesmers/,,0,,openstreetmap
Le Stylia,Other,Marrakech,Rue El Ksour,31.6280385,-7.99123,+212524440505,http://www.restaurant-stylia.com/,,0,,openstreetmap
Epicurien Marrakech,Other,Marrakech,Rue Ibrahim El Mazini,31.621336,-8.0047475,+212620282514,https://www.essaadi.com/fr/restaurants-marrakech/restaurants-de-la-nuit/epicurien,,0,,openstreetmap
Le Studio,Other,Marrakech,Boulevard Moulay Rachid,31.6324665,-8.0111294,,,,0,,openstreetmap
Le Bistrot Loft,Other,Marrakech,Rue de la Liberté,31.6347751,-8.0129847,,http://www.loft-marrakech.com/,,0,,openstreetmap
Le Tobsil,Other,Marrakech,Derb Moulay Abdellah Ben Hessein,31.6272423,-7.9928021,+212524444052,,,0,,openstreetmap
Le Zinc,Other,Marrakech,rue Principale,31.6691087,-8.0426274,+212524335969,https://www.durand-traiteur.com/lezinc.html,,0,,openstreetmap
La Villa Canaille,Other,Marrakech,Rue Ksar El Kebir,31.6215726,-8.0075473,+212650929742,,,0,,openstreetmap
Kechburger,Other,Marrakech,,31.641627,-8.0176066,,,,0,,openstreetmap
Catanzaro,Other,Marrakech,,31.6349003,-8.0104773,,,,0,,openstreetmap
L'aperol,Other,Marrakech,,31.6391047,-8.0146273,,,,0,,openstreetmap
Point Bar,Other,Marrakech,,31.6390123,-8.0149311,,,,0,,openstreetmap
Jo's,Other,Marrakech,,31.6337316,-8.0151322,,,,0,,openstreetmap
Mamma Mia,Other,Marrakech,,31.6345916,-8.0131709,,,,0,,openstreetmap
Winoo,Other,Marrakech,,31.6324814,-8.0116256,,,,0,,openstreetmap
Angsana Si Said,Other,Marrakech,,31.6227127,-7.9838891,,https://www.angsana.com/en/web/angsana/em-morocco-riad-collection/restaurant-si-said,,0,,openstreetmap
Le Salama,Other,Marrakech,,31.6262683,-7.9867501,,,,0,,openstreetmap
Imlil Snack Bar,Other,Marrakech,,31.626188,-7.9917683,,http://news.lesjardinsdelakoutoubia.com/lesjardinsdelakoutoubia/uk/carte-bar-imlil.asp,,0,,openstreetmap
Relais de Paris,Other,Marrakech,,31.6258677,-7.992162,,,,0,,openstreetmap
Palais Gharnata,Other,Marrakech,Derb El Arsa Riad Zitoun Jdid,31.6220875,-7.9831205,+212524389615,http://gharnata.com/,,0,,openstreetmap
Pepe Nero,Other,Marrakech,Derb Cherkaoui,31.6252725,-7.9839116,+212524389067,https://www.pepenero-marrakech.com/,,0,,openstreetmap
Les Jardins des Bala,Other,Marrakech,,31.6259426,-7.9913994,,,,0,,openstreetmap
Diaffa,Other,Marrakech,Rue Jebel Lakhdar,31.6271592,-7.9938419,+21244386898,http://www.restaurant-diaffa.ma/,,0,,openstreetmap
Ice Room,Other,Marrakech,,31.6536749,-8.0215131,,,,0,,openstreetmap
Coin Mars,Other,Marrakech,,31.6541475,-8.0215828,,,,0,,openstreetmap
Musée,Other,Marrakech,,31.655504,-8.031223,,,,0,,openstreetmap
Pescara,Other,Marrakech,,31.6535031,-8.0318416,,,,0,,openstreetmap
Pasta Delice,Other,Marrakech,Rue Med el Bakkal,31.6415492,-8.0175662,,,,0,,openstreetmap
Vis ta vie,Other,Marrakech,,31.6574986,-8.0042776,,,,0,,openstreetmap
Ayaso Concept Store,Other,Marrakech,Boulevard Mohammed Zerktouni,31.6352266,-8.0167363,+212524434145,,,0,,openstreetmap
أكلات ادريس السريعة,Other,Marrakech,bin lamaasser bab lakhmiss,31.6377259,-7.9882457,,,,0,,openstreetmap
Riad KaÏss,Other,Marrakech,,31.6214429,-7.9855272,,,,0,,openstreetmap
Le Grand Bleu – International cuisine,Other,Marrakech,,31.6864032,-7.9679195,,,,0,,openstreetmap
La Brasserie,Other,Marrakech,,31.6867599,-7.969729,,,,0,,openstreetmap
Riad Omar Hotel restaurant,Other,Marrakech,,31.6232457,-7.9897078,,,,0,,openstreetmap
Cafe Chez ZaZa,Other,Marrakech,,31.627463,-7.9884092,,,,0,,openstreetmap
Le Bol de Saigon,Other,Marrakech,,31.6425384,-8.0188211,,,,0,,openstreetmap
Le Colisee,Other,Marrakech,,31.6360115,-8.0157672,,,,0,,openstreetmap
Vita Nova,Other,Marrakech,,31.6380956,-8.0135958,,,,0,,openstreetmap
La Taverne,Other,Marrakech,,31.6355095,-8.0152299,,,,0,,openstreetmap
Ksar Essaoussan,Other,Marrakech,"Rue El Ksour, Derb El Messoudyenne",31.6281147,-7.9918345,+212524440632,http://www.essaoussane.com,,0,,openstreetmap
Medina Saveurs,Other,Marrakech,,31.6306685,-7.9864894,,,,0,,openstreetmap
Café Fnaque Berbere,Other,Marrakech,,31.6281723,-7.9895846,,,,0,,openstreetmap
Cafe Le Bled,Other,Marrakech,,31.625989,-7.9861836,,,,0,,openstreetmap
Bakchich Cafe,Other,Marrakech,,31.6258908,-7.9861702,,,,0,,openstreetmap
La table du Palais,Other,Marrakech,Rue Sidi El Yamani,31.6297335,-7.9905069,+212524385051,https://www.palaislamrani.com/,,0,,openstreetmap
Guerrab,Other,Marrakech,,31.6272127,-7.9878494,,,,0,,openstreetmap
Café Bakshish,Other,Marrakech,,31.6290615,-7.9875634,,,,0,,openstreetmap
Atay Cafe Food,Other,Marrakech,,31.6326246,-7.9884564,,,,0,,openstreetmap
Roti D'or,Other,Marrakech,,31.6267829,-7.9862666,,,,0,,openstreetmap
O'Tacos,Other,Marrakech,,31.6295275,-7.981152,,,,0,,openstreetmap
News,Other,Marrakech,Rue Abou Bakr Seddik,31.626824,-8.0157242,,,,0,,openstreetmap
Amaia,Other,Marrakech,Avenue Hassan II,31.6315541,-8.0118249,,,,0,,openstreetmap
Katsura,Other,Marrakech,Rue Oum Errabia,31.6309567,-8.004067,,,,0,,openstreetmap
La Place,Other,Marrakech,,31.6317888,-8.0081451,,,,0,,openstreetmap
Yan snack pizzeria,Other,Marrakech,Rue Ibn Sahl,31.6291603,-8.0183063,,,,0,,openstreetmap
Bahreya بحرية,Other,Marrakech,,31.6325547,-8.0118035,,,,0,,openstreetmap
Bazaar Cafe,Other,Marrakech,,31.6289131,-7.9911011,,,,0,,openstreetmap
Henna Art Cafe,Other,Marrakech,,31.6237312,-7.9870832,,http://www.marrakechhennaartcafe.com/,,0,,openstreetmap
Dino Gelato italiano,Other,Marrakech,,31.6310802,-8.0059239,,,,0,,openstreetmap
Café Cavalca مقهى المهاجر,Other,Marrakech,,31.6337839,-8.0442931,,,,0,,openstreetmap
Latitude31,Other,Marrakech,,31.6350578,-7.9953547,,,,0,,openstreetmap
Jad jamal,Other,Marrakech,Ibn Youssef,31.6314736,-7.9866198,+212524375623,,,0,,openstreetmap
Restaurant Al Baraka,Other,Marrakech,Place Jamâa El Fna،,31.6259112,-7.9903183,+212524442341,https://www.albaraka-marrakech.com/,,0,,openstreetmap
Azyr,Other,Marrakech,,31.6272777,-8.0170979,,,,0,,openstreetmap
Arabis,Other,Marrakech,,31.6584379,-8.0025887,,,,0,,openstreetmap
Bistro Laksour,Other,Marrakech,,31.6271103,-7.9932873,,,,0,,openstreetmap
Nomad,Other,Marrakech,Derb Aarjane,31.6286777,-7.9874376,,,,0,,openstreetmap
India,Other,Marrakech,Rue Tariq Bnou Ziad,31.6338422,-8.0094561,+212670526495,,,0,,openstreetmap
Café Rouge,Other,Marrakech,,31.6281405,-7.9910062,,,,0,,openstreetmap
Sidi Ydub,Other,Marrakech,,31.627734,-7.9796759,,,,0,,openstreetmap
Les Amis الأصدقاء,Other,Marrakech,,31.6369492,-8.0013882,,,,0,,openstreetmap
Le focus,Other,Marrakech,,31.6382703,-8.0065153,,,,0,,openstreetmap
Reda Fast Food,Other,Marrakech,,31.6384913,-8.0058055,,,,0,,openstreetmap
Dreamland,Other,Marrakech,,31.6378043,-8.010163,,,,0,,openstreetmap
Soto,Other,Marrakech,,31.6363054,-8.0118316,,,,0,,openstreetmap
Cafe Kif Kif,Other,Marrakech,,31.6252706,-7.9925003,,,,0,,openstreetmap
Riad dar Timtam,Other,Marrakech,,31.6284352,-7.9862501,,,,0,,openstreetmap
Madresa art galerie,Other,Marrakech,,31.6316648,-7.9863843,,,,0,,openstreetmap
Dar Tazi,Other,Marrakech,Rue de Fassis,31.6320699,-7.9841818,+212524378382,,,0,,openstreetmap
Dar Zellij,Other,Marrakech,,31.6374464,-7.9922645,,,,0,,openstreetmap
La Table de Marrakech,Other,Marrakech,Rue Riad Zitoun El Jedid,31.620818,-7.9841361,21252478679,,,0,,openstreetmap
Central Food,Other,Marrakech,,31.6340804,-8.0110451,,,,0,,openstreetmap
l'tachine,Other,Marrakech,Rue Badr / Av. des Nations Unies,31.6326366,-8.0064482,+212524438980,http://www.ltchine-restaurant.com/,,0,,openstreetmap
Eveil des Sens,Other,Marrakech,Rue Ibn Atya,31.6321342,-8.0059735,+212524458617,https://www.facebook.com/restauranteveildessens,,0,,openstreetmap
Cuisine de terroir,Other,Marrakech,Rue Kennaria,31.6255664,-7.9862179,+212610193183,,,0,,openstreetmap
شارع بمراكش,Other,Marrakech,,31.6263214,-8.0039195,,,,0,,openstreetmap
مراكش,Other,Marrakech,,31.621985,-7.9985055,,,,0,,openstreetmap
SushiStore,Other,Marrakech,,31.6285094,-8.0075125,,,,0,,openstreetmap
Billy's Burger,Other,Marrakech,,31.6284865,-8.0074857,,,,0,,openstreetmap
La Grillardière,Other,Marrakech,,31.629072,-8.0067162,,,,0,,openstreetmap
Mai Thai,Other,Marrakech,,31.6247356,-8.0035592,,,,0,,openstreetmap
Pâtisserie Al-Jawda,Other,Marrakech,,31.6344056,-8.0130765,,,,0,,openstreetmap
Poissons,Other,Marrakech,,31.6327675,-8.0117013,,,,0,,openstreetmap
Plata Hai Boujemaa,Other,Marrakech,,31.6383766,-8.015952,,,,0,,openstreetmap
Azar,Other,Marrakech,Rue Yougoslavie زنقة يوغوسلافيا,31.6316491,-8.0127854,,https://www.azarmarrakech.com/,,0,,openstreetmap
Zeitoun Cafè,Other,Marrakech,,31.6267731,-7.9876733,,,,0,,openstreetmap
Le Cantine Des Gazelles,Other,Marrakech,,31.6259263,-7.9862026,,https://m.facebook.com/pages/La-Cantine-des-Gazelles/283771211987912,,0,,openstreetmap
Kui-Zin,Other,Marrakech,Rue Amsafah,31.6324404,-7.9885322,+212524390984+212653100088,https://www.kui-zin.com/,,0,,openstreetmap
Labachi,Other,Marrakech,,31.6271132,-7.9871283,,,,0,,openstreetmap
The Queen Atlantic,Other,Marrakech,,31.6332311,-8.0070887,,,,0,,openstreetmap
Oscar Progrès,Other,Marrakech,Rue Bani Marine,31.6238326,-7.9897977,,,,0,,openstreetmap
Bonna,Other,Marrakech,Triq Bab Ghmat,31.624508,-7.9757675,,,,0,,openstreetmap
La Siréne,Other,Marrakech,,31.6366513,-8.0147879,,,,0,,openstreetmap
Agdal,Other,Marrakech,,31.6366413,-8.0152831,,,,0,,openstreetmap
Le Petit Thai,Other,Marrakech,,31.6364284,-8.0119782,,,,0,,openstreetmap
Le Grand Dades,Other,Marrakech,,31.6370039,-8.0123757,,,,0,,openstreetmap
Cafe du Livre,Other,Marrakech,Rue Tariq Bnou Ziad,31.6351547,-8.0106506,,,,0,,openstreetmap
The Sandwich Factory,Other,Marrakech,,31.6359954,-8.0123469,,,,0,,openstreetmap
Bab Espresso,Other,Marrakech,,31.6175708,-7.9911309,,,,0,,openstreetmap
Tacos de lyon,Other,Marrakech,Route de Targa,31.6382088,-8.018667,,,,0,,openstreetmap
Mechoui Alley,Other,Marrakech,Mechoui Alley,31.6270278,-7.9876932,,,,0,,openstreetmap
Le Trou au Mur,Other,Marrakech,Derb Farnatchi,31.6320971,-7.9855182,,,,0,,openstreetmap
"La famille, Cantine au Jardin",Other,Marrakech,Rue Riad Zitoun El Jedid,31.6228783,-7.9846187,+212524385295,,,0,,openstreetmap
Foodiz,Other,Marrakech,,31.6336369,-8.0101976,,,,0,,openstreetmap
Cafe Restaurant Dabachi,Other,Marrakech,,31.6275236,-7.9840566,,,,0,,openstreetmap
Delices Strouza,Other,Marrakech,,31.6334384,-8.0136846,,,,0,,openstreetmap
Snacking Delyse,Other,Marrakech,,31.6366979,-8.012379,,,,0,,openstreetmap
Café Snack Bab Agnaou,Other,Marrakech,rue Bab Agnaou,31.6229886,-7.9897603,,,,0,,openstreetmap
Black&Chich,Other,Marrakech,,31.6232663,-7.9848375,,,,0,,openstreetmap
My Kawa,Other,Marrakech,Rue Yves Saint Laurent,31.6411864,-8.0018479,+212524310016,https://www.16cafe.com/le-16-kawa/,,0,,openstreetmap
Joe ice,Other,Marrakech,,31.6692841,-8.0091678,,,,0,,openstreetmap
Restaurant Café Manal,Other,Marrakech,,31.6261933,-8.0199193,,,,0,,openstreetmap
Carpi,Other,Marrakech,,31.6603478,-8.006455,,,,0,,openstreetmap
La cuisine de Mona,Other,Marrakech,,31.6395216,-8.0199162,,,,0,,openstreetmap
Pizzeria Jannat Medina,Other,Marrakech,,31.627549,-7.9818839,,,,0,,openstreetmap
Dar Touria,Other,Marrakech,,31.6277559,-7.9834013,,,,0,,openstreetmap
Cafe Snack Badouck,Other,Marrakech,,31.6261959,-7.9866357,,,,0,,openstreetmap
Faktory’z,Other,Marrakech,Rue Yougoslavie,31.6317664,-8.012945,,,,0,,openstreetmap
La Terrasse Ben Youssef,Other,Marrakech,Rue Riad Laarous,31.6327385,-7.9888481,,,,0,,openstreetmap
عند حسن,Other,Marrakech,Rue Mauritanie,31.6318726,-8.011507,,,,0,,openstreetmap
Bistro La Comedie,Other,Marrakech,Avenue Hassan II,31.6312148,-8.0119426,+212658699685,,,0,,openstreetmap
Regue Jamaa,Other,Marrakech,,31.6313934,-7.9963198,,,,0,,openstreetmap
Café Kessabine Medina,Other,Marrakech,,31.6269053,-7.9869355,+212665293796,,,0,,openstreetmap
News Café نيوز كافيه,Other,Marrakech,Rue Abou Bakr Seddik,31.6268208,-8.0159257,+212524449999,,,0,,openstreetmap
Tajine,Other,Marrakech,,31.6272622,-7.99012,,,,0,,openstreetmap
Snack Amir,Other,Marrakech,,31.623924,-7.9891654,,,,0,,openstreetmap
Restaurail,Other,Marrakech,,31.6297986,-8.0188424,,,,0,,openstreetmap
Bali,Other,Marrakech,,31.6301185,-8.012529,,,,0,,openstreetmap
Cafe Armani,Other,Marrakech,Boulevard Mohammed Abdelkaraim el Khattabi,31.6342862,-8.0167861,,,,0,,openstreetmap
Le Comptoir du Pacha,Other,Marrakech,Arset Aouzal,31.6315007,-7.9942972,+212524383916,http://www.lecomptoirdupacha.com,,0,,openstreetmap
Cafe Ezzahia,Other,Marrakech,Boulevard Mohammed Abdelkaraim el Khattabi,31.6400717,-8.0186516,,,,0,,openstreetmap
Ayman,Other,Marrakech,Avenue 18 Novembre,31.6577297,-8.0157495,,,,0,,openstreetmap
Cafe Zaafrane,Other,Marrakech,Avenue M'Hamid,31.5968779,-8.0445825,,,,0,,openstreetmap
Café Yasser,Other,Marrakech,,31.5892185,-8.0558042,,,,0,,openstreetmap
Cafe Chellah,Other,Marrakech,,31.5847208,-8.0481693,,,,0,,openstreetmap
Neta Café,Other,Marrakech,Avenue Nakhil,31.5950365,-8.0402112,,,,0,,openstreetmap
Dar Nejjarine,Other,Marrakech,,31.6221941,-7.9878179,,,,0,,openstreetmap
Cafe Alhilal,Other,Marrakech,,31.5764217,-8.0577716,,,,0,,openstreetmap
Cafe Restaurant Racine,Other,Marrakech,Rue Ibn Atya,31.6318713,-8.0038561,,,,0,,openstreetmap
Salad Box,Other,Marrakech,Rue Imam Chaffii,31.6276062,-8.0070423,,,,0,,openstreetmap
Restaurant Orgnaza,Other,Marrakech,Rue Moulay el Hassan,31.6279659,-8.0064878,,,,0,,openstreetmap
Cafe Retaurant Aymane,Other,Marrakech,Avenue du 11 Janvier,31.6412991,-7.9967058,,,,0,,openstreetmap
Hamdame,Other,Marrakech,,31.5876155,-8.0492852,,,,0,,openstreetmap
Khawater,Other,Marrakech,,31.587447,-8.0489365,,,,0,,openstreetmap
Al Andalous,Other,Marrakech,,31.5879679,-8.0496392,,,,0,,openstreetmap
Inzal,Other,Marrakech,,31.5871716,-8.0488212,,,,0,,openstreetmap
Marzouga,Other,Marrakech,,31.5871716,-8.0490518,,,,0,,openstreetmap
Trifood2,Other,Marrakech,,31.5885071,-8.0452941,,,,0,,openstreetmap
ARWA,Other,Marrakech,,31.5866473,-8.0444599,,,,0,,openstreetmap
Snack Oussama,Other,Marrakech,,31.5904869,-8.0460102,,,,0,,openstreetmap
Riad Almhamid,Other,Marrakech,,31.5902265,-8.0526429,,,,0,,openstreetmap
Majiland,Other,Marrakech,,31.5900677,-8.0504958,,,,0,,openstreetmap
Cafe Valentino,Other,Marrakech,,31.5895102,-8.0501525,,,,0,,openstreetmap
CAFE INWA,Other,Marrakech,,31.5775693,-8.0546726,,,,0,,openstreetmap
KIMONO,Other,Marrakech,,31.5883912,-8.0495971,,,,0,,openstreetmap
Snack Doha,Other,Marrakech,,31.5879685,-8.0498278,,,,0,,openstreetmap
Myah Bay,Other,Marrakech,,31.6006806,-8.0173027,,,,0,,openstreetmap
Le Comptoir de Charlotte,Other,Marrakech,,31.6320906,-8.0162449,,,,0,,openstreetmap
CosaMia,Other,Marrakech,,31.6409811,-8.0150729,,,,0,,openstreetmap
Palestine Café,Other,Marrakech,,31.6316463,-8.0130068,,,,0,,openstreetmap
SNOB,Other,Marrakech,,31.6316632,-8.0082553,,,,0,,openstreetmap
Sandwicherie Pizzeria YACINE,Other,Marrakech,Targa Sidi Mbarek,31.63696,-8.0430154,,,,0,,openstreetmap
Lotus Club Marrakech,Other,Marrakech,Rue Ahmed Chaouqi,31.624715,-8.0044537,,,,0,,openstreetmap
Café Dar Touareg,Other,Marrakech,Rue Tougma,31.6195135,-7.9861978,+212524427543,,,0,,openstreetmap
Le 68 bar de Vin,Other,Marrakech,,31.6361521,-8.0107043,+212524449742,,,0,,openstreetmap
+61,Other,Marrakech,,31.635162,-8.015502,,https://plus61.com/,,0,,openstreetmap
Dar Anika,Other,Marrakech,,31.6205064,-7.9858588,,,,0,,openstreetmap
Fouad Snack,Other,Marrakech,,31.6361523,-7.9865791,,,,0,,openstreetmap
Restaurant Mimoun,Other,Marrakech,,31.6232845,-7.9867068,,,,0,,openstreetmap
مبشور فوود عند علي شيكسبير,Other,Marrakech,Avenue Ibn Toumert,31.6290101,-8.0462267,+212645454470,,,0,,openstreetmap
Maazouz,Other,Marrakech,,31.6289367,-7.9866373,,,,0,,openstreetmap
Los hermanos,Other,Marrakech,,31.6302836,-7.9858512,,,,0,,openstreetmap
Chez Lamine Hadj,Other,Marrakech,,31.6269724,-7.987707,,,,0,,openstreetmap
El Bahriya,Other,Marrakech,Boulevard Moulay Rachid,31.6325485,-8.011723,+212766778172,,,0,,openstreetmap
Koulchi Zine - Rooftop Restaurant,Other,Marrakech,Riad Zitoun Lakdim رياض الزيتون القديم,31.6217997,-7.9862192,+212524377580,https://koulchizine.com/,,0,,openstreetmap
L'atelier des Saveurs,Other,Marrakech,,31.632008,-7.9924978,,,,0,,openstreetmap
Bombay Halal,Other,Marrakech,Rue Ibn Zaidoun,31.6397515,-8.0160334,+212613727362+212699394339,http://bombaymarrakech.com,,0,,openstreetmap
Laiterie Yacoute,Other,Marrakech,Derb Fahal Al Zaqriti درب فحل الزقريتي,31.6261982,-7.9910347,,,,0,,openstreetmap
Dar Pastilla,Other,Marrakech,,31.6260548,-7.9866615,,,,0,,openstreetmap
Falafel,Other,Marrakech,,31.6305986,-7.9863879,,,,0,,openstreetmap
Baromètre Marrakech,Other,Marrakech,Rue Moulay Ali,31.6370832,-8.0140387,,,,0,,openstreetmap
Table de la Medina,Other,Marrakech,,31.631959,-7.9890249,+212525083765,,,0,,openstreetmap
Le Jardins de Guéliz,Other,Marrakech,,31.6311393,-8.0086003,,,,0,,openstreetmap
Libzar,Other,Marrakech,Rue Moulay Ali,31.6376087,-8.0133305,,,,0,,openstreetmap
Kafe Merstan,Other,Marrakech,Souk Chaaria,31.6306165,-7.9862588,,,,0,,openstreetmap
Porte du monde,Other,Marrakech,Rue Riad Zitoun El Jedid,31.6241525,-7.9850907,,,,0,,openstreetmap
Chez Abdelhay,Other,Marrakech,,31.6321524,-7.9878536,,,,0,,openstreetmap
Le Warner,Other,Marrakech,Rue Yakoub el Marini,31.6298659,-8.0055242,,,,0,,openstreetmap
La Maison Berbere,Other,Marrakech,,31.6325066,-7.9890059,,,,0,,openstreetmap
Snack La Place,Other,Marrakech,,31.6262209,-7.988433,,,,0,,openstreetmap
Sinatra,Other,Marrakech,,31.6341373,-8.0137132,,,,0,,openstreetmap
Bar a Vin - Le Mécano,Other,Marrakech,,31.6327432,-8.0148238,,,,0,,openstreetmap
Snack Abderrahim,Other,Marrakech,,31.6326612,-8.0148724,,,,0,,openstreetmap
Lounge Le Maestro,Other,Marrakech,,31.6349273,-8.0139884,,,,0,,openstreetmap
Knock Knock,Other,Marrakech,Derb Fteuh Ftouh,31.6272956,-7.9884904,,,,0,,openstreetmap
Chinguitti Fiber,Other,Marrakech,,31.6289997,-7.9868885,,,,0,,openstreetmap
Local Tajine 20dr,Other,Marrakech,,31.6200876,-7.9896833,,,,0,,openstreetmap
Bloom Coffee,Other,Marrakech,,31.6729586,-8.0350812,,,,0,,openstreetmap
Roti Shop Marrakech,Other,Marrakech,,31.6762731,-8.0196907,,,,0,,openstreetmap
Saladbox Semlalia,Other,Marrakech,,31.6433859,-8.0187036,+212661293405,http://www.saladbox.ma/,,0,,openstreetmap
Exotic Bai,Other,Marrakech,,31.6335048,-7.9894545,,,,0,,openstreetmap
Chez Rachid,Other,Marrakech,,31.6326565,-7.9876544,,,,0,,openstreetmap
Casa José,Other,Marrakech,,31.6305819,-8.0082107,,,,0,,openstreetmap
le petit cornichon,Other,Marrakech,,31.6377248,-8.0130445,,,,0,,openstreetmap
Spicy,Other,Marrakech,,31.6377005,-8.0163861,,,,0,,openstreetmap
bazar gourmand,Other,Marrakech,,31.6348566,-8.0126639,,,,0,,openstreetmap
So Lounge,Other,Marrakech,,31.6220533,-8.0026464,,,,0,,openstreetmap
دار الطاجين,Other,Marrakech,,31.657651,-8.0160651,,,,0,,openstreetmap
Safra de Gueliz,Other,Marrakech,,31.6306826,-8.0082164,,,,0,,openstreetmap
KABANA ROOFTOP FOOD & COCKTAILS,Other,Marrakech,Rue Fatima Zahra,31.6353404,-8.0649224,+212637304556,,,0,,openstreetmap
Le Samovar,Other,Marrakech,Passage Prince Moulay Rachid,31.6251823,-7.9887164,,,,0,,openstreetmap
Broc The Kasbah,Other,Marrakech,Rue Riad Laarous,31.6340021,-7.9907756,+212605305687,,,0,,openstreetmap
Restaurant Falafil,Other,Marrakech,,31.6308462,-7.9867265,,,,0,,openstreetmap
Restaurant Mythe,Other,Marrakech,,31.6271837,-7.9876473,+212524381624,,,0,,openstreetmap
Le Saadi,Other,Marrakech,,31.6222402,-8.0043179,,https://www.essaadi.com/restaurants-marrakech/restaurants-hotel/saadi,,0,,openstreetmap
La bonne adresse,Other,Marrakech,,31.6402251,-8.0017427,,,,0,,openstreetmap
Burger King,Other,Marrakech,,31.6181422,-8.0095104,,,,0,,openstreetmap
Le 165 café,Other,Marrakech,,31.6345641,-8.0121478,,,,0,,openstreetmap
Dat L'hssira,Other,Marrakech,,31.6312402,-7.9827191,,,,0,,openstreetmap
Chez Ben Driss,Other,Marrakech,,31.625492,-7.9877985,,,,0,,openstreetmap
Kabana,Other,Marrakech,,31.6260768,-7.9930218,,,,0,,openstreetmap
دار الحصيرة,Other,Marrakech,Rue Tachenbacht,31.6315072,-7.9827201,+212600756845,,,0,,openstreetmap
Le Diamant Noir,Other,Marrakech,,31.629862,-8.0028078,,,,0,,openstreetmap
La Résidence Café,Other,Marrakech,,31.6748571,-8.0196348,,,,0,,openstreetmap
L'Opéra,Other,Marrakech,,31.6258296,-8.0126608,,,,0,,openstreetmap
L'Mida,Other,Marrakech,Rahba Lakdima,31.6292152,-7.986435,,https://lmidamarrakech.com/,,0,,openstreetmap
Twins,Other,Marrakech,,31.6554668,-8.017912,,,,0,,openstreetmap
الجوهرة,Other,Marrakech,,31.6555163,-8.017901,,,,0,,openstreetmap
أمين,Other,Marrakech,,31.6523876,-8.0164806,,,,0,,openstreetmap
METOU,Other,Marrakech,,31.6400919,-8.0202364,+212649995354,https://metoucuisinedasie.com,,0,,openstreetmap
La Poterne,Other,Marrakech,,31.6301102,-7.9977488,,,,0,,openstreetmap
Viavia,Other,Marrakech,,31.6201264,-7.9865925,,,,0,,openstreetmap
مول السفنج,Other,Marrakech,,31.6201471,-7.9856748,,,,0,,openstreetmap
Terrasse des palais,Other,Marrakech,,31.6203602,-7.9851472,,,,0,,openstreetmap
Kabsa,Other,Marrakech,,31.6661688,-8.0104285,,,,0,,openstreetmap
L'empreinte,Other,Marrakech,Avenue Essaouira طريق الصويرة,31.6278151,-8.0420879,+212808531208,,,0,,openstreetmap
Yamani Food,Other,Marrakech,Derb Dabachi,31.6269914,-7.9861421,,,,0,,openstreetmap
Lotus Privilege,Other,Marrakech,Derb Sidi Ben Hamdouche,31.6333765,-7.9921178,,,,0,,openstreetmap
Restaurant Café Charkaoui,Other,Marrakech,,31.6204903,-7.9852027,,,,0,,openstreetmap
Ayaso,Other,Marrakech,,31.628849,-7.9869686,,,,0,,openstreetmap
Kartell Kollektiv,Other,Marrakech,Rue halab,31.6363854,-8.0095791,,https://kartell.space/,,0,,openstreetmap
Pikala Café,Other,Marrakech,,31.6315592,-7.9950005,,,,0,,openstreetmap
Black Pan Pizzaria,Other,Marrakech,,31.637265,-8.007473,,,,0,,openstreetmap
Eat Me Kech,Other,Marrakech,,31.635335,-8.0093466,,,,0,,openstreetmap
Teteria Bar Lounge,Other,Marrakech,,31.6376695,-8.0113165,,,,0,,openstreetmap
Wine bar,Other,Marrakech,,31.6313925,-8.0054151,,,,0,,openstreetmap
Velvet,Other,Marrakech,,31.6367125,-8.0103078,,,,0,,openstreetmap
Taberna 12,Other,Marrakech,,31.6364501,-8.0102434,,,,0,,openstreetmap
Green Midi,Other,Marrakech,,31.6336853,-8.0100341,,,,0,,openstreetmap
Le Tire Bouchon,Other,Marrakech,,31.6350384,-8.009895,,,,0,,openstreetmap
Le Lab Gourmana,Other,Marrakech,,31.6360427,-8.0100738,,,,0,,openstreetmap
Cafe de la Place,Other,Marrakech,,31.6344455,-8.0130032,,,,0,,openstreetmap
La Table Espagnole,Other,Marrakech,,31.6360792,-8.0109562,,,,0,,openstreetmap
Alfadle,Other,Marrakech,,31.6377633,-8.0104454,,,,0,,openstreetmap
LVT 113,Other,Marrakech,,31.6365021,-8.0102752,,,,0,,openstreetmap
Poka,Other,Marrakech,,31.63246,-8.0037937,,,,0,,openstreetmap
Cafe Warda,Other,Marrakech,,31.638841,-8.0061333,,,,0,,openstreetmap
% Arabica,Other,Marrakech,M Avenue,31.6223956,-8.0169065,+212524433202,https://arabica.coffee/,,0,,openstreetmap
Le Kilim,Other,Marrakech,Sis 36 angle rue la liberté et rue Tarik Ibnou Ziad N° 3 rez-de-chaussée,31.6356415,-8.0111946,+212661451519,https://lekilim.com/en/,,0,,openstreetmap
Sbar Marrakech,Other,Marrakech,Rue Ibn Atya,31.6321282,-8.0037984,+212662346467,,,0,,openstreetmap
Pizzeria Bab Doukkala,Other,Marrakech,,31.633588,-7.9986264,,,,0,,openstreetmap
Local Fried Fish and Chipa,Other,Marrakech,,31.6204341,-7.9909789,,,,0,,openstreetmap
شيلو كافيه و مطعم,Other,Marrakech,,31.6347044,-8.0097612,,,,0,,openstreetmap
Medina Sky,Other,Marrakech,,31.6284578,-7.9915536,,,,0,,openstreetmap
Cesina Snack,Other,Marrakech,,31.6202377,-7.9856786,,,,0,,openstreetmap
Marrakchia,Other,Marrakech,Rue Azbezd,31.630239,-7.9855424,+212667943954,,,0,,openstreetmap
Café le pont,Other,Marrakech,,31.6337194,-8.0580822,,,,0,,openstreetmap
PATTIZ,Other,Marrakech,"residence Saida, rue Av. 4ème D.M.M., Marrakech 40010",31.6411015,-8.0276096,+212661169332,https://www.pattiz.ma/menu,,0,,openstreetmap
Zeitoun Restaurant,Other,Marrakech,,31.630447,-8.0049618,,,,0,,openstreetmap
Showtime coffee Shop,Other,Marrakech,Boulevard Al Mouzdalifa,31.6492018,-8.0118665,+212524059192,,,0,,openstreetmap
Foundounk Gargaa,Other,Marrakech,Rue Koutoubia,31.6260935,-7.99105,,https://instagram.com/foundouk_gargaa_marrakech?igshid=YmMyMTA2M2Y=,,0,,openstreetmap
Mamá Africa,Other,Marrakech,Rue Oum Errabia زنقة أم الربيع,31.6307961,-8.0040734,,,,0,,openstreetmap
Cafe Boutouil,Other,Marrakech,,31.6354261,-7.9977612,,,,0,,openstreetmap
So Quickly,Other,Marrakech,,31.6362307,-7.9973515,,,,0,,openstreetmap
Mimid,Other,Marrakech,,31.6361922,-7.9972771,,,,0,,openstreetmap
Spuntini Dabashi,Other,Marrakech,,31.6276444,-7.9821744,,,,0,,openstreetmap
Snack Al-Masjid,Other,Marrakech,,31.6741477,-8.0560515,,,,0,,openstreetmap
Dahdah,Other,Marrakech,,31.6376515,-8.0240048,,,,0,,openstreetmap
najib,Other,Marrakech,,31.637489,-8.0223879,,,,0,,openstreetmap
caffeteria,Other,Marrakech,,31.6445441,-8.0212371,,,,0,,openstreetmap
Le vrai jus,Other,Marrakech,,31.6310044,-7.9962183,,,,0,,openstreetmap
Hicham,Other,Marrakech,,31.630135,-7.9953221,,,,0,,openstreetmap
Cafe Populaire,Other,Marrakech,,31.6342382,-7.9908486,,,,0,,openstreetmap
Coin D'or,Other,Marrakech,,31.6342066,-7.9907249,,,,0,,openstreetmap
Grillade,Other,Marrakech,,31.6554601,-8.0163345,,,,0,,openstreetmap
Paname Lounge Marrakech,Other,Marrakech,Rue Yougoslavie زنقة يوغوسلافيا,31.6329886,-8.0135755,+212763104111,https://www.panamelounge.com,,0,,openstreetmap
Pensee,Other,Marrakech,,31.6314757,-8.005394,,,,0,,openstreetmap
Baba Pizza,Other,Marrakech,57 Rue Mouatamid Ibn Abaad,31.6315526,-8.0071371,+212661825613,https://babapizza.ma/,,0,,openstreetmap
Manzil,Other,Marrakech,Rue Ibn Atya,31.6321313,-8.0048346,+212673732084,https://www.manzilmarrakech.com/,,0,,openstreetmap
KASER LOUBNANE MARRAKECH,Other,Marrakech,Avenue Yacoub El Mansour,31.6388446,-8.0051458,+212710100606,https://www.instagram.com/kasr_loubnan?igsh=bGRwNzN6YmltaDVo,,0,,openstreetmap
Soul Food,Other,Marrakech,,31.6323042,-7.9885668,,,,0,,openstreetmap
Le Slimana,Other,Marrakech,,31.6311251,-7.9853577,,,,0,,openstreetmap
Tiznit,Other,Marrakech,Place Jamaâ Lefna,31.6271153,-7.9879667,+212524427204,,,0,,openstreetmap
Cafe Jardin,Other,Marrakech,,31.655168,-8.0306288,+212524449433,,,0,,openstreetmap
M Bacha,Other,Marrakech,Derb Dekkak,31.6318241,-7.9967886,+212646384722,https://mbacha.net/,,0,,openstreetmap
Dabachi Chez Cherif,Other,Marrakech,Derb Dabachi,31.6273429,-7.9851708,,,,0,,openstreetmap
Storytelling Cafe,Other,Marrakech,Rue du Souk des Fassis,31.6318575,-7.9849065,,https://worldstorytellingcafe.com/,,0,,openstreetmap
ستاربكس,Other,Marrakech,,31.6304481,-8.0170707,,,,0,,openstreetmap
Villa Aaron,Other,Marrakech,,31.6196463,-7.9896527,+212669090828,https://villa-aaron.com,,0,,openstreetmap
La Pergola rooftop jazz bar,Other,Marrakech,Derb Chaabane,31.6244209,-7.9869115,,,,0,,openstreetmap
Jijo Mazel,Other,Marrakech,10,31.6273781,-7.9934635,,,,0,,openstreetmap
Café Mouassine,Other,Marrakech,,31.6290267,-7.9894903,,,,0,,openstreetmap
Chez Mariama Berbère,Other,Marrakech,,31.6326435,-7.9889899,,,,0,,openstreetmap
Sḧawarma,Other,Marrakech,,31.6275557,-7.9843778,,,,0,,openstreetmap
Chez Ali,Other,Marrakech,,31.6196099,-7.9849929,,,,0,,openstreetmap
Mama terrasse,Other,Marrakech,,31.6330275,-7.9894985,,,,0,,openstreetmap
Yazel,Other,Marrakech,,31.6310214,-7.9893989,,,,0,,openstreetmap
Kech Badi,Other,Marrakech,Rue de Berrima,31.6197835,-7.9850495,,,,0,,openstreetmap
Aassila Coffee,Other,Marrakech,"Rue Sidi Boulabada, Marrakesh 40000, Marocco",31.6275931,-7.9816022,,,,0,,openstreetmap
دار دار,Other,Marrakech,Riad Zitoun Lakdim رياض الزيتون القديم,31.6222767,-7.9864208,+212623615131,http://restaurantdardar.com,,0,,openstreetmap
Mabrouka,Other,Marrakech,Rue Bani Marine,31.6240284,-7.9897085,,,,0,,openstreetmap
"Marrakech, Azalai urban souk",Other,Marrakech,Boulevard El Mansour Eddahbi,31.6334188,-8.0121946,+212669293162,https://azalaiurbansouk.com/,,0,,openstreetmap
Enjoy Your Meal,Other,Marrakech,Route Kennaria Dbchi,31.6258143,-7.9861975,,https://enjoyyourmeal.ma/,,0,,openstreetmap
MALAH,Other,Marrakech,,31.6197918,-7.9846662,,https://malahrestaurant.com/,,0,,openstreetmap
Manzah l'koutoubiap,Other,Marrakech,Rue Fatima Zahra,31.625349,-7.9927789,+212661188930,https://www.manzahlkoutoubia.ma,,0,,openstreetmap
Shawarma Laffah,Other,Marrakech,,31.6268184,-7.9934156,,,,0,,openstreetmap
Restaurante Portofino,Other,Marrakech,Boulevard Mohammed V,31.6253221,-7.9932723,,,,0,,openstreetmap
Le Markech Terrasse,Other,Marrakech,Boulevard Mohammed V,31.6252899,-7.9932072,,,,0,,openstreetmap
Sky Venisia,Other,Marrakech,Boulevard Mohammed V,31.6252708,-7.9931587,,,,0,,openstreetmap
Chez Omar,Other,Marrakech,,31.6252041,-7.9926974,,,,0,,openstreetmap
The Ancient House Grill,Other,Marrakech,,31.6225815,-7.9913725,,,,0,,openstreetmap
Café Roxe,Other,Marrakech,,31.6224841,-7.9901599,,,,0,,openstreetmap
Cafe Imzzane,Other,Marrakech,,31.6228374,-7.9902172,,,,0,,openstreetmap
Cafe Ennaser,Other,Marrakech,,31.6230487,-7.9900174,,,,0,,openstreetmap
McDonald's,Other,Marrakech,,31.6092729,-7.9960381,,,,0,,openstreetmap
Snack ourika,Other,Marrakech,,31.6199551,-7.9896698,,,,0,,openstreetmap
6eme,Other,Marrakech,,31.6055124,-7.9995451,,,,0,,openstreetmap
Sushi 6eme,Other,Marrakech,,31.6054393,-7.9992983,,,,0,,openstreetmap
BCK,Other,Marrakech,,31.6331329,-7.9973587,,,,0,,openstreetmap
La Terrasse Du Jardin,Other,Marrakech,Rue El Gza,31.636063,-7.9967623,+2120773771356,https://www.laterrassedujardin.ma/,,0,,openstreetmap
La place verte,Other,Marrakech,,31.6333138,-8.0003227,,,,0,,openstreetmap
El Gza,Other,Marrakech,,31.6352485,-7.9950953,,https://restaurantelgza.com/,,0,,openstreetmap
Abouab giliz,Other,Marrakech,,31.6484667,-8.0388601,,,,0,,openstreetmap
Café MI CASA,Other,Marrakech,,31.6478,-8.0378153,,,,0,,openstreetmap
LA FAMILLE BERBERE,Other,Marrakech,,31.6332621,-7.9980785,,,,0,,openstreetmap
Abaq,Other,Marrakech,,31.631383,-7.9886099,,,,0,,openstreetmap
Riad Caiedal,Other,Marrakech,Rue Sidi El Yamani,31.6287208,-7.9913665,,,,0,,openstreetmap
Tajine Assoul,Other,Marrakech,Rue Assouel,31.6356698,-7.9866709,,,,0,,openstreetmap
Chez Ayoub,Other,Marrakech,,31.619574,-7.9824533,,,,0,,openstreetmap
Marrakech Explorer Food,Other,Marrakech,,31.6365248,-7.989696,,,,0,,openstreetmap
Zouhal Food,Other,Marrakech,Rue de Bab Taghzout,31.6370498,-7.9902081,,,,0,,openstreetmap
L'escapade,Other,Marrakech,,31.6306411,-8.0044113,,,,0,,openstreetmap
Lili & Oli - Brunch Coffee,Other,Marrakech,,31.6589466,-8.0543769,,https://liliandoli.ma/,,0,,openstreetmap
chez Fatima,Other,Marrakech,,31.6412914,-8.0174329,,,,0,,openstreetmap
SMOK'YBILL Burgers,Other,Marrakech,,31.6629557,-8.0043802,+212705343102,,,0,,openstreetmap
Dar el walidin,Other,Marrakech,,31.632737,-7.98917,,,,0,,openstreetmap
Magic Coffee,Other,Marrakech,,31.6328915,-7.9894154,,,,0,,openstreetmap
Hassan’s Sweets,Other,Marrakech,,31.6331968,-7.989697,,,,0,,openstreetmap
sahara marocain,Other,Marrakech,,31.633217,-7.9897296,,,,0,,openstreetmap
Pizza Yassine,Other,Marrakech,,31.6271023,-7.9857672,,,,0,,openstreetmap
Alaseel,Other,Marrakech,,31.6299483,-7.9837455,,,,0,,openstreetmap
1112,Other,Marrakech,,31.631149,-7.9865477,+212524441115,https://1112marrakech.com/,,0,,openstreetmap
Kesh Cup,Other,Marrakech,,31.6314599,-7.9891771,,,,0,,openstreetmap
Simple Specialty Coffee,Other,Marrakech,,31.6315834,-7.9909116,,,,0,,openstreetmap
Quick,Other,Marrakech,,31.6466613,-8.0447317,,,,0,,openstreetmap
Bagatelle,Other,Marrakech,Rue Yougoslavie,31.6330765,-8.013607,+212524430274,https://www.restaurant-bagatelle-marrakech.com/,,0,,openstreetmap
Le Passage,Other,Marrakech,,31.6691454,-8.012003,0524300619,"http://
nowebsite.com",,0,,openstreetmap
Chic Lounge Bar,Other,Marrakech,Rue Camille Gabana Complexe Must Hivernage II,31.62458,-8.0171275,,,,0,,openstreetmap
Tito's,Other,Marrakech,Boulevard Allal el Fassi,31.6680913,-8.0112599,,,,0,,openstreetmap
les 1001 nuits,Other,Marrakech,,31.6509019,-7.9797984,,,,0,,openstreetmap
Oliveri,Other,Marrakech,,31.634519,-8.0109671,,,,0,,openstreetmap
Little Italy Marrakech,Other,Marrakech,Rue Mohammed El Bekal,31.6392994,-8.0166022,+212808545291,https://www.little-italy-marrakech.com/,,0,,openstreetmap
Association Amal - Women Training Center and Moroccan Restaurant,Other,Marrakech,,31.6390715,-8.0137562,+212524446896,https://amalnonprofit.org/,,0,,openstreetmap
Nikki Beach – Beach Club,Other,Marrakech,,31.687491,-7.9777499,,,,0,,openstreetmap
Karmoussa,Other,Marrakech,,31.686744,-7.9650355,,,,0,,openstreetmap
Pasta Cosy – Italian cuisine,Other,Marrakech,,31.684445,-7.9677491,,,,0,,openstreetmap
Cafe Sahrij,Other,Marrakech,,31.6309278,-7.9898306,,,,0,,openstreetmap
Chez Yassine,Other,Marrakech,Avenue Fatima Zohra,31.6283693,-7.9940195,,,,0,,openstreetmap
Mido,Other,Marrakech,,31.6238832,-7.9914356,,,,0,,openstreetmap
Immim,Other,Marrakech,,31.6224846,-7.990762,,,,0,,openstreetmap
Igloo,Other,Marrakech,,31.6227854,-7.9901561,,,,0,,openstreetmap
hysushi,Other,Marrakech,"Rue el Imam Malik,",31.6343522,-8.007632,+212770707575,https://hysushi-marrakech.com/,,0,,openstreetmap
Terrasse La Medersa,Other,Marrakech,,31.6320864,-7.9859653,,,,0,,openstreetmap
Tavlin,Other,Marrakech,,31.6307009,-7.9863051,,,,0,,openstreetmap
مطعم المأكولات المغربية,Other,Marrakech,,31.6235302,-7.9816264,,,,0,,openstreetmap
monquotidien,Other,Marrakech,,31.6510145,-8.0490558,,,,0,,openstreetmap
Restaurant Dar Lalla Khadra,Other,Meknes,,33.8990989,-5.5658604,,,4.9,0,,google_places
Black Pepper,Other,Meknes,,33.8978064,-5.5269005,,,4.5,0,,google_places
Restaurant Dar Baraka,Other,Meknes,,33.8959693,-5.5652422999999995,,,4.8,0,,google_places
Restaurant Lahboul Tafilalet in Meknes,Other,Meknes,,33.8972956,-5.5624676,,,4.9,0,,google_places
Aisha,Other,Meknes,,33.8963896,-5.5655717,,,4.6,0,,google_places
Sunday's,Other,Meknes,,33.9000112,-5.540173200000001,,,4.6,0,,google_places
LA BRAISE,Other,Meknes,,33.899656799999995,-5.5496589,,,4.5,0,,google_places
Gout De Meknes,Other,Meknes,,33.895362,-5.564889700000001,,,4.4,0,,google_places
Café Restaurant Luxury Andalous,Other,Meknes,,33.834566099999996,-5.5169236999999995,,,3.5,0,,google_places
Reference Garden,Other,Meknes,,33.903363999999996,-5.5477267,,,4.8,0,,google_places
RS Villa,Other,Meknes,,33.9041263,-5.551823199999999,,,4.3,0,,google_places
Restaurant Ya Hala,Other,Meknes,,33.8940615,-5.5656004,,,4.6,0,,google_places
Luigi Meknès - Restaurant italien,Other,Meknes,,33.9014179,-5.5402457,,,4.3,0,,google_places
Golden Mansour Meknes,Other,Meknes,,33.8931773,-5.5635826999999995,,,4.2,0,,google_places
L'escale Maritime,Other,Meknes,,33.899942700000004,-5.5418449999999995,,,4.6,0,,google_places
O'Maystro restaurant,Other,Meknes,,33.8986088,-5.5402451,,,4.0,0,,google_places
Restaurant Palais Ismailia,Other,Meknes,,33.890201999999995,-5.564512,,,4.1,0,,google_places
Le VianDay Meknes,Other,Meknes,,33.8979326,-5.5357785,,,4.4,0,,google_places
O'london Café Restaurant,Other,Meknes,,33.8999409,-5.543980500000001,,,4.1,0,,google_places
Steak House,Other,Meknes,,33.900428999999995,-5.5499996,,,4.3,0,,google_places
Foody,Other,Meknès,,33.893644,-5.5661097,,,,0,,openstreetmap
Pizza Hut,Other,Meknès,,33.8961331,-5.5547744,,,,0,,openstreetmap
Paris 2,Other,Meknès,,33.8598387,-5.5491096,,,,0,,openstreetmap
Le Relais de Paris,Other,Meknès,Oqba -Ibn Nafia,33.9037749,-5.5573463,,,,0,,openstreetmap
Café Ain safia,Other,Meknès,,33.8956712,-5.5568456,,,,0,,openstreetmap
Ksar Ayam Zamane,Other,Meknès,,33.8675291,-5.5391527,,,,0,,openstreetmap
Florence,Other,Meknès,,33.8631844,-5.576434,,,,0,,openstreetmap
Rosalinda,Other,Meknès,,33.8630594,-5.5769492,,,,0,,openstreetmap
Rizana,Other,Meknès,,33.8657303,-5.5762943,,,,0,,openstreetmap
bab elkhmiss,Other,Meknès,,33.8905575,-5.5768498,,,,0,,openstreetmap
O'Night,Other,Meknès,,33.9035837,-5.5615833,,,,0,,openstreetmap
Boule de Neige,Other,Meknès,,33.8993198,-5.5504492,,,,0,,openstreetmap
L'as d Lys,Other,Meknès,Rue de Ghana,33.899194,-5.5502301,+212535401064,,,0,,openstreetmap
abla,Other,Meknès,,33.892233,-5.5758169,,,,0,,openstreetmap
قهوة مي عيشة,Other,Meknès,,33.8874577,-5.5766267,,,,0,,openstreetmap
Café Al Massae مقهى المساء,Other,Meknès,,33.8613664,-5.5473164,,,,0,,openstreetmap
La VillaMek,Other,Meknès,,33.8700598,-5.5800649,,,,0,,openstreetmap
Shahryar cafe,Other,Meknès,,33.8989629,-5.5495651,,,,0,,openstreetmap
Gambrinus,Other,Meknès,,33.9002718,-5.5504311,,,,0,,openstreetmap
le refuge,Other,Meknès,Boulevard des F.A.R شارع الجيش الملكي,33.8987821,-5.514552,,,,0,,openstreetmap
Phoenix Cafe,Other,Meknès,,33.8962842,-5.5458638,,,,0,,openstreetmap
Café Veronica,Other,Meknès,,33.8778949,-5.5609933,,,,0,,openstreetmap
mimi,Other,Meknès,,33.8721984,-5.5766143,,,,0,,openstreetmap
Cafe Moderne,Other,Meknès,,33.8701071,-5.5592302,,,,0,,openstreetmap
Cafe La Perle du Meknes,Other,Meknès,,33.8704754,-5.5596855,,,,0,,openstreetmap
Cafe Sibi,Other,Meknès,,33.8697516,-5.5583871,,,,0,,openstreetmap
"jaafer Iraqi, Asto جعفر العراقي,اسطو",Other,Meknès,Rahal el meskini,33.8725499,-5.5619635,,,,0,,openstreetmap
SELECT,Other,Meknès,Avenue Allal Ben Abdellah شارع علال بن عبدالله,33.8999438,-5.548616,,,,0,,openstreetmap
Saint Louis,Other,Meknès,,33.8952497,-5.5439693,,,,0,,openstreetmap
Cafè les frère مقهى الاخوان,Other,Meknès,,33.8921404,-5.5006104,,,,0,,openstreetmap
Mimed's Club,Other,Meknès,Avenue Nehrou شارع نهرو,33.8941368,-5.5404857,,,,0,,openstreetmap
Dar Sabrina,Other,Meknès,,33.9022436,-5.5484292,,,,0,,openstreetmap
Al jazira الجزيرة,Other,Meknès,,33.8740789,-5.5587126,,,,0,,openstreetmap
Restaurant Palais Terrab,Other,Meknès,,33.9020787,-5.5401168,,,,0,,openstreetmap
Hirae,Other,Meknès,,33.8974276,-5.5458864,,,,0,,openstreetmap
la Marguerite,Other,Meknès,,33.8969902,-5.5475586,,,,0,,openstreetmap
restaurant Aladino,Other,Meknès,,33.8963161,-5.5545521,,,,0,,openstreetmap
Snack Maamoura,Other,Meknès,,33.8914336,-5.5743837,,,,0,,openstreetmap
KFC,Other,Meknès,,33.8967492,-5.5540119,,,,0,,openstreetmap
Café Ibn Khaldoun مقهى ابن خلدون,Other,Meknès,,33.892302,-5.5380535,,,,0,,openstreetmap
مقهى الوداية,Other,Meknès,,33.8592763,-5.5529152,,,,0,,openstreetmap
مقهى,Other,Meknès,,33.858701,-5.5299584,,,,0,,openstreetmap
Café Madrid Palace مقهى مدريد بلاس,Other,Meknès,,33.857396,-5.5367176,,,,0,,openstreetmap
مقهى البندقية,Other,Meknès,,33.858132,-5.5355675,,,,0,,openstreetmap
مقهى الملتقى,Other,Meknès,,33.8615615,-5.5324577,,,,0,,openstreetmap
Mondial Café,Other,Meknès,,33.861065,-5.5316317,,,,0,,openstreetmap
مقهى أرينا,Other,Meknès,,33.856705,-5.5284637,,,,0,,openstreetmap
Café Titrite مقهى النجمة,Other,Meknès,,33.858048,-5.5355793,,,,0,,openstreetmap
مقهى شروق الشمس,Other,Meknès,,33.859702,-5.5351667,,,,0,,openstreetmap
مقهى العصافير,Other,Meknès,,33.860163,-5.5307667,,,,0,,openstreetmap
Café Younes مقهى يونس,Other,Meknès,,33.854796,-5.5420729,,,,0,,openstreetmap
Café El Ansary مقهى الأنصاري,Other,Meknès,,33.859362,-5.5450433,,,,0,,openstreetmap
Café مقهى,Other,Meknès,,33.893929,-5.5587798,,,,0,,openstreetmap
Café Imailia مقهى الإسماعيلية,Other,Meknès,,33.8936897,-5.5583133,,,,0,,openstreetmap
Véranda,Other,Meknès,,33.8757581,-5.5337566,,,,0,,openstreetmap
Olympia,Other,Meknès,,33.8987519,-5.5475576,,,,0,,openstreetmap
Lina ice,Other,Meknès,Avenue Yacoub Al Mansour,33.9013474,-5.5411434,,,,0,,openstreetmap
Dar Nia,Other,Meknès,"derb Aïn-el-Fouki, 8",33.8936773,-5.5592527,+212535533938,,,0,,openstreetmap
Café SALENA,Other,Meknès,Avenue Zitoune,33.8587594,-5.5776203,,,,0,,openstreetmap
Ocafe,Other,Meknès,,33.9000809,-5.5438578,,,,0,,openstreetmap
Pavilon des Idrissides,Other,Meknès,Place El-Hedim,33.8930713,-5.5646934,,,,0,,openstreetmap
Chicken 20 dirhams,Other,Meknès,,33.8991665,-5.5481918,,,,0,,openstreetmap
L'épi,Other,Meknès,Boulevard Amir Moulay Abdallah,33.902031,-5.5471435,,,,0,,openstreetmap
Avinida,Other,Meknès,Avenue Mohammed VI,33.8575133,-5.5784328,,,,0,,openstreetmap
Barcelona,Other,Meknès,Avenue Mohammed VI,33.8651351,-5.5763394,,,,0,,openstreetmap
Restaurant marhaba,Other,Meknès,,33.8985613,-5.545818,,,,0,,openstreetmap
Black Iris,Other,Meknès,Avenue Mohammed VI,33.8636557,-5.5767021,,,,0,,openstreetmap
Cafe Brother,Other,Meknès,Zenkat 6,33.8847598,-5.5775329,,,,0,,openstreetmap
Café al Akhawayne,Other,Meknès,,33.8881721,-5.499258,,,,0,,openstreetmap
Cafe mabrouka مقهى مبروكة,Other,Meknès,Rue 1 زنقة,33.854335,-5.5277515,,,,0,,openstreetmap
Restaurant Trésors مطعم كنوز,Other,Meknès,,33.8954544,-5.5661849,,,,0,,openstreetmap
Snack el baraka,Other,Meknès,,33.8952039,-5.5622437,,,,0,,openstreetmap
Restaurant Baraka,Other,Meknès,rue My Abdellah ben Ahmed,33.8959864,-5.5652083,+212662187441,,,0,,openstreetmap
Sadik Food,Other,Meknès,Avenue Mohammed VI شارع محمد السادس,33.8607819,-5.5774057,,,,0,,openstreetmap
l'agora cafe,Other,Meknès,,33.8988575,-5.5521738,,,,0,,openstreetmap
Miami's Food,Other,Meknès,,33.8936974,-5.5634309,,,,0,,openstreetmap
Café de l'aviation,Other,Meknès,Avenue Idriss II شارع إدريس الثاني,33.8964489,-5.5455935,,,,0,,openstreetmap
la villa cafe,Other,Meknès,,33.896905,-5.5465233,,,,0,,openstreetmap
Amazigh Cafe,Other,Meknès,,33.8968527,-5.5466037,,,,0,,openstreetmap
cafe vienna,Other,Meknès,,33.8968378,-5.5463185,,,,0,,openstreetmap
salamanca cafe,Other,Meknès,,33.8973555,-5.5514955,,,,0,,openstreetmap
Café california,Other,Meknès,Avenue Idriss II شارع إدريس الثاني,33.8963938,-5.5463143,,,,0,,openstreetmap
Café Montréal,Other,Meknès,Avenue Idriss II شارع إدريس الثاني,33.8966512,-5.5474649,,,,0,,openstreetmap
café bouayadi,Other,Meknès,,33.8967078,-5.5477087,,,,0,,openstreetmap
Café Dimachq,Other,Meknès,Avenue Idriss II شارع إدريس الثاني,33.8970563,-5.5490761,,,,0,,openstreetmap
Bisara,Other,Meknès,,33.8967456,-5.5464426,,,,0,,openstreetmap
cafe ghazala,Other,Meknès,,33.8960556,-5.5464251,,,,0,,openstreetmap
Cafe Galaxy,Other,Meknès,,33.9013286,-5.5549692,,,,0,,openstreetmap
cafe shop,Other,Meknès,,33.9027694,-5.5561705,,,,0,,openstreetmap
baco's cafe,Other,Meknès,,33.8992199,-5.5479715,,,,0,,openstreetmap
La Maison Du Blé,Other,Meknès,,33.8992907,-5.5522283,,,,0,,openstreetmap
Café Omnia,Other,Meknès,,33.8977033,-5.5465628,,,,0,,openstreetmap
Palais Des Glaces,Other,Meknès,,33.8974559,-5.5510935,,,,0,,openstreetmap
Café Aswane,Other,Meknès,,33.8974623,-5.5316066,,,,0,,openstreetmap
Aeratina,Other,Meknès,Boulevard des F.A.R شارع الجيش الملكي,33.8968715,-5.5405569,,,,0,,openstreetmap
Cafe Everest,Other,Meknès,Avenue Yacoub Al Mansour شارع يعقوب المنصور,33.8991489,-5.5385399,,,,0,,openstreetmap
Le coq magique,Other,Meknès,,33.8976894,-5.5454052,,,,0,,openstreetmap
Club House La Fayette,Other,Meknès,,33.9005756,-5.5449124,+212535527912,,,0,,openstreetmap
Cafe Toubkal,Other,Meknès,,33.896591,-5.5440216,,,,0,,openstreetmap
Miramar,Other,Meknès,,33.8991245,-5.550198,,,,0,,openstreetmap
Café al khalil,Other,Meknès,شارع الوحدة الافريقية,33.89758,-5.5506009,,,,0,,openstreetmap
Husseini Palace,Other,Meknès,,33.8987584,-5.5508433,,,,0,,openstreetmap
Mamounia Restaurant,Other,Meknès,,33.8988016,-5.5506866,,,,0,,openstreetmap
le Chef,Other,Meknès,,33.9005621,-5.5499057,,,,0,,openstreetmap
Mauritania Azlav,Other,Meknès,,33.9003615,-5.549255,,,,0,,openstreetmap
Le Dauphin,Other,Meknès,,33.9005277,-5.5490099,,,,0,,openstreetmap
Boulangerie Pâtisserie National,Other,Meknès,,33.9005248,-5.549507,,,,0,,openstreetmap
Amigo Burger,Other,Meknès,,33.8996549,-5.5507782,+212535401738,,,0,,openstreetmap
Bella Médina,Other,Meknès,,33.8994156,-5.5495139,,,,0,,openstreetmap
Traiteur and Restaurant Milano,Other,Meknès,Avenue Hassan II شارع الحسن الثاني,33.899296,-5.5513202,+212661165655,,,0,,openstreetmap
Cafe 13,Other,Meknès,,33.905636,-5.5465628,,,,0,,openstreetmap
Cafe wissam,Other,Meknès,,33.8942943,-5.5604283,,,,0,,openstreetmap
Snack Ba Taib,Other,Meknès,,33.8954213,-5.5649973,,,,0,,openstreetmap
Pause Cafe,Other,Meknès,,33.9001413,-5.5739325,,,,0,,openstreetmap
Cafe Arabica,Other,Meknès,شارع الحسن الاول,33.9018541,-5.5416975,,,,0,,openstreetmap
Cafe Misbah,Other,Meknès,Boulevard des F.A.R شارع الجيش الملكي,33.8977647,-5.5387273,,,,0,,openstreetmap
La Daurade,Other,Meknès,,33.8986751,-5.5368323,,,,0,,openstreetmap
Allo Pizza,Other,Meknès,,33.8998381,-5.5367942,+212600305589,,,0,,openstreetmap
Charlo,Other,Meknès,Boulevard Amir Moulay Abdallah شارع الأمير مولاي عبد الله,33.9016567,-5.5494924,,,,0,,openstreetmap
Cafe La Cloche,Other,Meknès,,33.9027516,-5.547042,,,,0,,openstreetmap
مشواة دادة,Other,Meknès,Avenue Mohammed V شارع محمد الخامس,33.9002563,-5.5467551,+212611062607,,,0,,openstreetmap
Big Boy,Other,Meknès,Boulevard des F.A.R شارع الجيش الملكي,33.8980956,-5.5333072,,,,0,,openstreetmap
Cafe charkia,Other,Meknès,,33.8941748,-5.5569306,,,,0,,openstreetmap
Duplex,Other,Meknès,,33.8937377,-5.5562998,,,,0,,openstreetmap
النجمة البيضاء,Other,Meknès,Avenue Saadiyine,33.89346,-5.518538,,,,0,,openstreetmap
قصر رحاب,Other,Meknès,Boulevard des F.A.R شارع الجيش الملكي,33.901646,-5.5030467,,,,0,,openstreetmap
قصر المنزه,Other,Meknès,Boulevard des F.A.R شارع الجيش الملكي,33.9001474,-5.5053224,,,,0,,openstreetmap
L' Artisan Kebab,Other,Meknès,,33.8591822,-5.5751577,+212707639858,,,0,,openstreetmap
Montana,Other,Meknès,Avenue Mohammed V شارع محمد الخامس,33.8987507,-5.5457796,,,,0,,openstreetmap
Café Sina Ice,Other,Meknès,Avenue Zitoune,33.8588996,-5.5724442,,,,0,,openstreetmap
Café La Ruche,Other,Meknès,,33.8593056,-5.5539707,,,,0,,openstreetmap
café Twin,Other,Meknès,,33.8586803,-5.570943,,,,0,,openstreetmap
Promenade palace,Other,Meknès,,33.9004364,-5.5471005,,,,0,,openstreetmap
Au bon coin,Other,Meknès,,33.8992563,-5.5455485,,,,0,,openstreetmap
Riad Selma,Other,Meknès,,33.8946439,-5.5655223,,,,0,,openstreetmap
El toro,Other,Meknès,,33.8960553,-5.547597,,,,0,,openstreetmap
Café andro,Other,Meknès,,33.8939588,-5.566144,,,,0,,openstreetmap
مقهى بلادي,Other,Meknès,,33.893245,-5.555776,,,,0,,openstreetmap
معيقدات با مبارك,Other,Meknès,,33.8985748,-5.5514922,,,,0,,openstreetmap
كافي دوفاس,Other,Meknès,,33.8990707,-5.5324569,,,,0,,openstreetmap
Au Comptoir Des Gourmets,Other,Meknès,,33.8985863,-5.5324469,,,,0,,openstreetmap
cafe admiral palace,Other,Meknès,,33.8612595,-5.5692849,,,,0,,openstreetmap
لالة معقودة,Other,Meknès,,33.8602638,-5.5695691,,,,0,,openstreetmap
Estrella cafe,Other,Meknès,,33.8598404,-5.5694809,,,,0,,openstreetmap
TGV PIZZA,Other,Meknès,,33.8978806,-5.53163,,,,0,,openstreetmap
Dar lalla khadra,Other,Meknès,Rue Sidi Ahmed Ben Khadra,33.8991181,-5.5658562,+212661562879+212665027183,,,0,,openstreetmap
Pain cake,Other,Meknès,,33.8556252,-5.5660119,,,,0,,openstreetmap
Café delocci,Other,Meknès,,33.8621101,-5.5686998,,,,0,,openstreetmap
Euro-Snack,Other,Meknès,,33.8933834,-5.5410678,,,,0,,openstreetmap
Be wok,Other,Meknès,,33.8986168,-5.514432,,,,0,,openstreetmap
سناك حمادة,Other,Meknès,,33.858963,-5.5609159,,,,0,,openstreetmap
La Dacha,Other,Meknès,,33.9002686,-5.5245118,,,,0,,openstreetmap
Vanitas,Other,Meknès,,33.900322,-5.5468588,,,,0,,openstreetmap
L3chir Eat,Other,Meknès,,33.8982277,-5.5329709,,,,0,,openstreetmap
Cafe beverly,Other,Meknès,,33.8948555,-5.5424638,,,,0,,openstreetmap
SID L3CHRA,Other,Meknès,,33.8836098,-5.5714941,,,,0,,openstreetmap
مقهى حسون,Other,Meknès,,33.8957634,-5.5687799,,,,0,,openstreetmap
Cube Noir,Other,Meknès,,33.8589249,-5.55199,,,,0,,openstreetmap
Shahid food,Other,Meknès,,33.8519173,-5.5429788,,,,0,,openstreetmap
Pasticcio A20,Other,Meknès,MAG 37 8M B/1 EL MASSIRA AVENUE KHALID IBN OUALID MEKNES,33.9016953,-5.520649,+212607970102,,,0,,openstreetmap
urm cimitri dots cafe,Other,Meknès,Zenkat El Houcine Ben Ali زنقة الحسين بن علي,33.8999014,-5.5460277,,,,0,,openstreetmap
مقهى ڤيراندا,Other,Meknès,,33.8762721,-5.5333828,,,,0,,openstreetmap
العشير,Other,Meknès,,33.8906123,-5.5671322,,,,0,,openstreetmap
Snack Laamim سناك العميم,Other,Meknès,,33.8909754,-5.5672383,,,,0,,openstreetmap
Al Madina Chicken,Other,Meknès,,33.8895849,-5.5692771,,,,0,,openstreetmap
مقهى واد الرحى,Other,Meknès,,33.8899211,-5.5686565,,,,0,,openstreetmap
Café Berbère,Other,Meknès,,33.8946229,-5.5652962,,,,0,,openstreetmap
Thé et Coffee,Other,Meknès,,33.8961272,-5.5652655,+212644225608,,,0,,openstreetmap
Tarawik,Other,Meknès,,33.8941362,-5.5599294,,,,0,,openstreetmap
CAFÉ RAINA,Other,Meknès,,33.8834245,-5.5489375,,,,0,,openstreetmap
لابيسكادا,Other,Meknès,,33.871877,-5.537202,,,,0,,openstreetmap
LEOPARD CAFE,Other,Meknès,,33.8716802,-5.5373882,,,,0,,openstreetmap
مقهى نور,Other,Meknès,,33.8550616,-5.5384443,,,,0,,openstreetmap
Moringa Coffee,Other,Meknès,,33.8603198,-5.5483565,,,,0,,openstreetmap
جزيرة الريف,Other,Meknès,,33.8608127,-5.548133,,,,0,,openstreetmap
3 Façades,Other,Meknès,,33.860898,-5.5476,,,,0,,openstreetmap
مؤكولات,Other,Meknès,,33.883221,-5.5479366,,,,0,,openstreetmap
Café Panela,Other,Meknès,,33.862578,-5.545086,,,,0,,openstreetmap
عين ظهرين,Other,Meknès,,33.8845103,-5.5501608,,,,0,,openstreetmap
CAFÉ,Other,Meknès,,33.855442,-5.538116,,,,0,,openstreetmap
Jumbo Food,Other,Meknès,,33.86185,-5.546622,,,,0,,openstreetmap
Café Restaurant EDEN,Other,Meknès,,33.862864,-5.5446493,,,,0,,openstreetmap
Snack Israe سناك إسراء,Other,Meknès,,33.8710194,-5.5336834,,,,0,,openstreetmap
ملتقى السلام,Other,Meknès,,33.854863,-5.540573,,,,0,,openstreetmap
BOCADILLOS OUZ OUZ,Other,Meknès,,33.8627664,-5.5447866,,,,0,,openstreetmap
Zone A,Other,Meknès,,33.871115,-5.532501,,,,0,,openstreetmap
solo winners 2005,Other,Meknès,,33.8561236,-5.5384379,,,,0,,openstreetmap
3END 3OMAR,Other,Meknès,,33.8980522,-5.5524149,,,,0,,openstreetmap
Chicago Food,Other,Meknès,,33.8989792,-5.5391831,,,,0,,openstreetmap
Maystro Restaurant,Other,Meknès,,33.8986244,-5.5401831,,,,0,,openstreetmap
Krousty Bowl,Other,Meknès,,33.8956604,-5.5466542,,,,0,,openstreetmap
Café Zahra,Other,Meknès,,33.894312,-5.5627427,,,,0,,openstreetmap
Cornette Palace,Other,Meknès,,33.9052656,-5.5521547,+212535526015,http://cornette-palace.com,,0,,openstreetmap
La tulipe,Other,Meknès,,33.9003833,-5.5468275,,,,0,,openstreetmap
ماكدونالدز,Other,Meknès,,33.8958675,-5.555201,,,,0,,openstreetmap
Burger King,Other,Meknès,Boulevard des F.A.R,33.8964472,-5.5420609,,,,0,,openstreetmap
Cafe bella cita,Other,Meknès,,33.9027205,-5.5619803,,,,0,,openstreetmap
مجزرة ومشواة واد الجديدة,Other,Meknès,,33.8999306,-5.5451983,,,,0,,openstreetmap
Forest Palace,Other,Meknès,,33.8538679,-5.5677788,,,,0,,openstreetmap
cafè Laanbra,Other,Meknès,,33.8957936,-5.5474542,,,,0,,openstreetmap
cafeteria CCF,Other,Meknès,,33.8978371,-5.5543117,,,,0,,openstreetmap
Golden Foot,Other,Meknès,,33.8933736,-5.5325727,,,,0,,openstreetmap
COCOMAS RESTAURANT - AL MESAIEED,Other,Mesaieed,,25.020694499999998,51.5492802,,,3.8,0,,google_places
Favourite Restaurant,Other,Mesaieed,,24.9900625,51.5520625,,,4.4,0,,google_places
Pak Doha grill,Other,Mesaieed,,24.9900858,51.552017,,,5.0,0,,google_places
Usthad Restaurant mesaieed,Other,Mesaieed,,24.9900287,51.5532039,,,3.8,0,,google_places
Magic Kitchen Restaurant,Other,Mesaieed,,24.9900961,51.5536539,,,4.1,0,,google_places
Taj Restaurant,Other,Mesaieed,,24.994374999999998,51.547167599999995,,,5.0,0,,google_places
Rondhon Kabbo Restaurant-রন্ধন কাব্য রেস্টুরেন্ট/ New Greenland Restaurant Mesaieed,Other,Mesaieed,,24.9950877,51.5467813,,,4.7,0,,google_places
NEW STAR RESTAURANT,Other,Mesaieed,,24.9900567,51.5548221,,,3.7,0,,google_places
Fresh Way,Other,Mesaieed,,24.9950646,51.546852799999996,,,4.1,0,,google_places
McDonald's Mesaieed,Other,Mesaieed,,24.9902186,51.550875700000006,,,4.2,0,,google_places
Jud Istanbul,Other,Mesaieed,,24.9943557,51.5476799,,,4.2,0,,google_places
Tea Zone Restaurant,Other,Mesaieed,,24.9755626,51.5381236,,,4.2,0,,google_places
Al Odaid,Other,Mesaieed,,24.9332772,51.529826299999996,,,5.0,0,,google_places
مطعم النموذجي,Other,Mesaieed,,24.9901274,51.5521022,,,4.6,0,,google_places
QatarEnergy NGL - Cafeteria,Other,Mesaieed,,24.907809,51.5559276,,,4.4,0,,google_places
Tourist Cafe,Other,Midelt,,32.6815434,-4.7430556,,,,0,,openstreetmap
Café Imilchil,Other,Midelt,,32.67985,-4.7348419,,,,0,,openstreetmap
Diafa مطعم الضياف,Other,Midelt,,32.6795575,-4.727031,,,,0,,openstreetmap
مطعم با عزيزي,Other,Midelt,,32.6797513,-4.7271182,,,,0,,openstreetmap
Eddoha,Other,Midelt,,32.6888019,-4.7469625,,,,0,,openstreetmap
Coffee Islam,Other,Midelt,,32.6785524,-4.7303148,,,,0,,openstreetmap
Café BH,Other,Midelt,,32.677978,-4.7284145,,,,0,,openstreetmap
Taous,Other,Midelt,,32.6789891,-4.7300536,,,,0,,openstreetmap
Cafe Nice 06,Other,Midelt,,32.6886145,-4.7468868,,,,0,,openstreetmap
Restaurant Merzouga,Other,Midelt,,32.6819633,-4.7433075,,,,0,,openstreetmap
XLaz,Other,Midelt,,32.6843002,-4.7400483,,,,0,,openstreetmap
Cafe Belle Vue,Other,Midelt,,32.6805899,-4.7430031,,,,0,,openstreetmap
Le Pin,Other,Midelt,,32.6796351,-4.740256,,,,0,,openstreetmap
Café au Printemps,Other,Midelt,,32.6834049,-4.7424586,,,,0,,openstreetmap
café Zohor,Other,Midelt,,32.6835368,-4.742746,,,,0,,openstreetmap
Café de la Gare Routière,Other,Midelt,,32.6831801,-4.742901,,,,0,,openstreetmap
Café Marché,Other,Midelt,,32.6827992,-4.7430008,,,,0,,openstreetmap
Raising Cane's,Other,Mishref,,29.281212999999997,48.069345999999996,,,4.9,0,,google_places
Applebee’s (Mishref),Other,Mishref,,29.2907399,48.066336799999995,,,4.5,0,,google_places
Mishref Sandwiches Restaurant,Other,Mishref,,29.284191999999997,48.0547961,,,4.2,0,,google_places
Faia Etc (Mishref),Other,Mishref,,29.290464500000002,48.06994830000001,,,4.3,0,,google_places
Mishref Restaurant,Other,Mishref,,29.2894167,48.065119800000005,,,3.8,0,,google_places
مطعم هندي فرع قطعة ٥,Other,Mishref,,29.2711087,48.0784248,,,4.4,0,,google_places
Shawarma Mishref,Other,Mishref,,29.2824484,48.0692349,,,4.3,0,,google_places
مشرف يونايتد Mushref United,Other,Mishref,,29.273123499999997,48.0492636,,,3.9,0,,google_places
Elevation Burger - Mishref,Other,Mishref,,29.273438,48.045356,,,4.2,0,,google_places
Bakelicious - Mishref,Other,Mishref,,29.280930700000003,48.0695461,,,4.5,0,,google_places
فرع النخي والباجلة,Other,Mishref,,29.271094899999998,48.078360599999996,,,4.3,0,,google_places
Food Circle - Mishref,Other,Mishref,,29.2889766,48.0664868,,,4.5,0,,google_places
"Zaatar w Zeit, West Mishrif Coop",Other,Mishref,,29.2735291,48.0450908,,,4.2,0,,google_places
Kalha Restaurant,Other,Mishref,,29.268254299999995,48.048879,,,3.9,0,,google_places
Hardee's | New Mishref,Other,Mishref,,29.281203599999998,48.0694938,,,4.0,0,,google_places
Naif Chicken - Mishref,Other,Mishref,,29.284896999999997,48.070011199999996,,,4.0,0,,google_places
Pizza Hut Mishref,Other,Mishref,,29.289590099999995,48.0648346,,,4.3,0,,google_places
MOOGLY'S 🌱 l'appétit sauvage,Other,Mohammedia,,33.7045536,-7.396873899999999,,,4.3,0,,google_places
Marius,Other,Mohammedia,,33.696796,-7.3909818000000005,,,4.5,0,,google_places
Little Mamma,Other,Mohammedia,,33.7050085,-7.396224699999999,,,4.1,0,,google_places
Le Vintro,Other,Mohammedia,,33.7067748,-7.395113299999999,,,4.4,0,,google_places
Restaurant la signature du parc,Other,Mohammedia,,33.707361,-7.3967206999999995,,,4.3,0,,google_places
La Marmite du Chef Café Restaurant,Other,Mohammedia,,33.729212,-7.3304168999999995,,,4.1,0,,google_places
Bistrot du Parc,Other,Mohammedia,,33.7075981,-7.3964935999999994,,,4.1,0,,google_places
Restaurant casa marine (BÄDAOUI),Other,Mohammedia,,33.706958,-7.399542699999999,,,4.7,0,,google_places
The View 360,Other,Mohammedia,,33.6630839,-7.398502699999999,,,3.4,0,,google_places
Restaurant Elbao Mohammedia,Other,Mohammedia,,33.7067968,-7.3992315,,,4.0,0,,google_places
Restaurant du Port,Other,Mohammedia,,33.7092202,-7.3973243,,,4.3,0,,google_places
Darb Halab Restaurant Syrien,Other,Mohammedia,,33.7053152,-7.397088999999999,,,4.4,0,,google_places
Big Bamboo Gourmet-Pub,Other,Mohammedia,,33.702031,-7.3760052,,,4.0,0,,google_places
Adnan Fish Restaurant 2,Other,Mohammedia,,33.6964082,-7.366218000000001,,,4.4,0,,google_places
Pounds Kitchen,Other,Mohammedia,,33.7104808,-7.3462261999999985,,,4.3,0,,google_places
La Casa : Restaurant & Pizzeria,Other,Mohammedia,,33.6973927,-7.389828199999999,,,3.8,0,,google_places
Le Manoir Café Restaurant,Other,Mohammedia,,33.7008191,-7.361676,,,3.5,0,,google_places
La Grillardière Mohammedia,Other,Mohammedia,,33.7032386,-7.3981209,,,4.0,0,,google_places
So'Pure : Restaurant Lounge,Other,Mohammedia,,33.7077789,-7.3979496,,,4.4,0,,google_places
Café du Parc,Other,Mohammédia,,33.7077907,-7.3964169,,,,0,,openstreetmap
Essouiri,Other,Mohammédia,,33.7082346,-7.3991763,,,,0,,openstreetmap
Pizza Hut,Other,Mohammédia,,33.7079913,-7.3491848,,,,0,,openstreetmap
Café,Other,Mohammédia,,33.6996806,-7.3898974,,,,0,,openstreetmap
La vivelle,Other,Mohammédia,,33.69384,-7.3776269,,,,0,,openstreetmap
café les 4 saisons,Other,Mohammédia,,33.6947441,-7.3908792,,,,0,,openstreetmap
restaurant poissons,Other,Mohammédia,,33.7111341,-7.3972843,,,,0,,openstreetmap
Restaurant du Port,Other,Mohammédia,,33.7092206,-7.3973521,,,,0,,openstreetmap
Bella Costa,Other,Mohammédia,Bd Moulay Youssef,33.7036094,-7.3862017,+212523303003,,,0,,openstreetmap
Café Ali Baba,Other,Mohammédia,,33.7106089,-7.3673482,,,,0,,openstreetmap
Ôblanc,Other,Mohammédia,,33.7042931,-7.3691472,,,,0,,openstreetmap
Delice,Other,Mohammédia,Boulevard des Forces Armées Royales (FAR),33.7024644,-7.3920858,,,,0,,openstreetmap
Cup's,Other,Mohammédia,Bd Yacoub Al Mansoiur,33.703763,-7.3987961,,,,0,,openstreetmap
Service Red-one,Other,Mohammédia,Boulevard des Forces Armées Royales (FAR),33.7014004,-7.3913939,,,,0,,openstreetmap
كوفي,Other,Mohammédia,,33.6782114,-7.3927422,,,,0,,openstreetmap
Wijdane,Other,Mohammédia,,33.7001348,-7.363233,,,,0,,openstreetmap
Glacier Méli Mélo مقهى ميلي ميلو,Other,Mohammédia,Bd Moulay Youssef,33.7063538,-7.3856,+212523324035,,,0,,openstreetmap
La Grillardiaire,Other,Mohammédia,Bd Yacoub Al Mansoiur,33.7033497,-7.3979841,+212523311708,"https://lagrillardiere.ma/adresses/mohammedia,15.html",,0,,openstreetmap
Roof Sky Lounge,Other,Mohammédia,,33.7093782,-7.3973537,,,,0,,openstreetmap
Domino's,Other,Mohammédia,Bd Yacoub Al Mansoiur,33.7034038,-7.3983982,+212523301919,https://www.dominos.ma,,0,,openstreetmap
Mogador,Other,Mohammédia,,33.7076784,-7.3990008,,,,0,,openstreetmap
Espace 5 Octobre,Other,Mohammédia,,33.7025842,-7.3925875,,,,0,,openstreetmap
Restaurant Moogly's,Other,Mohammédia,,33.704397,-7.3969605,,,,0,,openstreetmap
Sushi Kai,Other,Mohammédia,,33.7030508,-7.3985432,,,,0,,openstreetmap
Le Vintro,Other,Mohammédia,Boulevard de fès,33.7067771,-7.3951314,+212521501501,,,0,,openstreetmap
La Gaufrette : Café & Snack,Other,Mohammédia,,33.7052069,-7.3973099,,,,0,,openstreetmap
BARISTAS,Other,Mohammédia,Bd Mohamed Zerktouni,33.704587,-7.3980198,,,,0,,openstreetmap
Cup of joy,Other,Mohammédia,Rue Oued Zem زنقة واد زم,33.7073702,-7.3976441,,,,0,,openstreetmap
Coffee&Milk,Other,Mohammédia,,33.7070902,-7.3971686,,,,0,,openstreetmap
Golf Club Restaurant,Other,Mohammédia,,33.7047494,-7.4038761,,,,0,,openstreetmap
TACOS ONLY,Other,Mohammédia,,33.6799907,-7.4023332,,,,0,,openstreetmap
ستريت فود,Other,Mohammédia,,33.6771584,-7.3934207,,,,0,,openstreetmap
Marius Mohammedia,Other,Mohammédia,,33.696808,-7.390969,,,,0,,openstreetmap
Boost Coffee,Other,Mohammédia,,33.7053538,-7.3941848,,,,0,,openstreetmap
أسماك المحيط,Other,Mohammédia,,33.680769,-7.389665,,,,0,,openstreetmap
مطعم درب حلب السوري,Other,Mohammédia,,33.705316,-7.397075,,,,0,,openstreetmap
Casa José,Other,Mohammédia,,33.7042294,-7.3930074,,,,0,,openstreetmap
Little Mamma,Other,Mohammédia,,33.705008,-7.396212,,,,0,,openstreetmap
أسماك عدنان، المحمدية.,Other,Mohammédia,,33.679633,-7.389235,,,,0,,openstreetmap
Ô Santa Beach,Other,Mohammédia,Boulevard Hassan II شارع الحسن الثاني,33.7166534,-7.3421608,,,,0,,openstreetmap
Riad Nassim Al Houda,Other,Mohammédia,,33.6797568,-7.4012456,,,,0,,openstreetmap
Ocoin,Other,Mohammédia,,33.7013982,-7.3617415,,,,0,,openstreetmap
Annasr,Other,Mohammédia,,33.6976839,-7.3585111,,,,0,,openstreetmap
McDonald's,Other,Mohammédia,,33.7086022,-7.3500802,,,,0,,openstreetmap
Mughals Restaurant,Other,Muharraq,,26.248362399999998,50.605026599999995,,,4.7,0,,google_places
Palestine Nights Restaurant - Bahrain,Other,Muharraq,,26.248047,50.606430599999996,,,4.6,0,,google_places
Pakistani Tawa Restaurant W.L.L,Other,Muharraq,,26.253172,50.618869,,,4.9,0,,google_places
Al Shoala Restaurant,Other,Muharraq,,26.2672653,50.6158371,,,4.2,0,,google_places
"Naseef Restaurant, Muharraq",Other,Muharraq,,26.247809,50.606582599999996,,,3.9,0,,google_places
Freej Bin Rashdan Bahraini Cuisine,Other,Muharraq,,26.2612158,50.6227768,,,4.0,0,,google_places
Our Old House - Bahraini Traditional Restaurant (بيتنا القديم - مطعم بحريني شعبي),Other,Muharraq,,26.2482616,50.611981199999995,,,4.2,0,,google_places
Grill & Thrill Restaurant,Other,Muharraq,,26.247216299999998,50.609626899999995,,,4.4,0,,google_places
‏AL SEDRA,Other,Muharraq,,26.250069,50.6084137,,,4.5,0,,google_places
مطعم الأبراج - البسيتين,Other,Muharraq,,26.2675639,50.6151778,,,4.0,0,,google_places
AlOsra Restaurant Muharraq,Other,Muharraq,,26.2608779,50.611028399999995,,,3.7,0,,google_places
Sama AlDeerah - Muharraq,Other,Muharraq,,26.2717264,50.605633499999996,,,4.1,0,,google_places
Ali Pasha Grills & Lounge,Other,Muharraq,,26.2483629,50.6050219,,,4.0,0,,google_places
Casa Pasta Muharraq | كازا باستا المحرق,Other,Muharraq,,26.2616464,50.6119358,,,4.2,0,,google_places
happy town restaurant,Other,Muharraq,,26.248673,50.611159799999996,,,4.7,0,,google_places
Dona’s Wonders,Other,Muharraq,,26.2542259,50.6110069,,,4.4,0,,google_places
مطعم الأغواتي Al-Aghawati Restaurant,Other,Muharraq,,26.255310599999998,50.606005599999996,,,4.6,0,,google_places
Tandoori Tawah Restaurant W.L.L,Other,Muharraq,,26.248940200000003,50.6086928,,,4.1,0,,google_places
Alromansiah Muharraq,Other,Muharraq,,26.2672405,50.6153511,,,4.5,0,,google_places
Salpicon Restaurant,Other,Nador,,35.1527858,-2.9110468,,,4.4,0,,google_places
Dar Abdesalam,Other,Nador,,35.1721856,-2.9267041,,,4.5,0,,google_places
Restaurant Carablanca,Other,Nador,,35.1671188,-2.9326326999999996,,,4.2,0,,google_places
Dida Table D'or,Other,Nador,,35.163874799999995,-2.9088627,,,3.0,0,,google_places
La Pasteria Gloria,Other,Nador,,35.1555576,-2.9224189999999997,,,4.0,0,,google_places
Dar Lkbira by Eden,Other,Nador,,35.1637906,-2.9072074999999997,,,3.6,0,,google_places
Mi Lobi Nador,Other,Nador,,35.179724199999995,-2.9227002,,,4.8,0,,google_places
Restaurant le marin,Other,Nador,,35.172639499999995,-2.9241837999999998,,,4.6,0,,"google_places, openstreetmap"
L'assiette,Other,Nador,,35.2067176,-2.9121585,,,4.6,0,,google_places
Restaurant Soudani,Other,Nador,,35.1461027,-2.921458,,,4.4,0,,google_places
Ribs & More Nador,Other,Nador,,35.1506796,-2.9114852,,,4.9,0,,google_places
Mood Nador,Other,Nador,,35.1524365,-2.9217416,,,4.1,0,,google_places
Restaurant Europa,Other,Nador,,35.17759300000001,-2.9299748,,,4.8,0,,google_places
Mina Rosita : Café & Restaurant,Other,Nador,,35.1525406,-2.9157902,,,2.8,0,,google_places
Casa Juanito,Other,Nador,,35.154420099999996,-2.9113164,+212536380500,,3.8,0,,"google_places, openstreetmap"
Norsal : Restaurant & Pizzeria,Other,Nador,,35.1660116,-2.9287003,,,4.2,0,,google_places
Le Greenz,Other,Nador,,35.173283399999995,-2.9252892999999998,,,4.5,0,,google_places
Coin Traditionnel,Other,Nador,,35.1524384,-2.9109860999999997,,,3.9,0,,google_places
Restauant Marhaba,Other,Nador,Rue Ibn Rouchd زنقة ابن رشد,35.178886999999996,-2.9277775,+212536603311,,3.8,0,,"google_places, openstreetmap"
Taksim : Café & Restaurant,Other,Nador,,35.1813984,-2.9259256,,,4.0,0,,google_places
Cafe du Nord,Other,Nador,,35.1616279,-2.9305203,,,,0,,openstreetmap
Café Molen,Other,Nador,,35.152802,-2.9259108,,,,0,,openstreetmap
Sélect,Other,Nador,,35.1529572,-2.9232695,,,,0,,openstreetmap
Canaria,Other,Nador,,35.1749311,-2.9225659,,,,0,,openstreetmap
Cafe Palace,Other,Nador,,35.1744294,-2.9221428,,,,0,,openstreetmap
Victoria فيكتوريا,Other,Nador,,35.1746921,-2.9223942,,,,0,,openstreetmap
Milmo,Other,Nador,,35.1774446,-2.924891,,,,0,,openstreetmap
Blanco & Negro بلانكو ونيغرو,Other,Nador,,35.1724006,-2.9200954,,,,0,,openstreetmap
Restauration rapide de la mosquée,Other,Nador,,35.170405,-2.9193125,,,,0,,openstreetmap
Bella Italia,Other,Nador,,35.1723777,-2.9270094,,,,0,,openstreetmap
Marbella,Other,Nador,,35.1713933,-2.928498,,,,0,,openstreetmap
O'Delices,Other,Nador,,35.1712166,-2.928814,,,,0,,openstreetmap
Norsal,Other,Nador,,35.1662091,-2.9287259,,,,0,,openstreetmap
Gran Canaria,Other,Nador,,35.1724271,-2.9268788,,,,0,,openstreetmap
مقهى سيدني,Other,Nador,,35.1499546,-2.9270799,,,,0,,openstreetmap
مقهى مدقة الزهرة,Other,Nador,,35.148685,-2.9246092,,,,0,,openstreetmap
روكا نيغرا,Other,Nador,,35.145875,-2.9214629,,,,0,,openstreetmap
Plateau d'Or,Other,Nador,,35.1534418,-2.9193821,,,,0,,openstreetmap
مقهى لافازا,Other,Nador,,35.1531732,-2.9206512,,,,0,,openstreetmap
Café du Zénith,Other,Nador,,35.1673202,-2.9174644,,,,0,,openstreetmap
مقهى مدريد,Other,Nador,,35.1672269,-2.9176556,,,,0,,openstreetmap
The Box Club Cafe,Other,Nador,Avenue Des FAR شارع الجيش الملكي,35.1716218,-2.9280244,,,,0,,openstreetmap
Gran Rif,Other,Nador,Bulevar Gran Rif,35.1546307,-2.9116856,,,,0,,openstreetmap
Café Gran Vía,Other,Nador,,35.1547053,-2.9078233,+212536382819,,,0,,openstreetmap
Snack day,Other,Nador,,35.1548471,-2.9113334,,,,0,,openstreetmap
Café Novo Class,Other,Nador,Hay Essaada,35.1489474,-2.9094359,+212536382095,,,0,,openstreetmap
McDonald's,Other,Nador,,35.187217,-2.9257858,,,,0,,openstreetmap
Ice House,Other,Nador,,35.1681848,-2.9455103,,,,0,,openstreetmap
Los Pollos Hermanos,Other,Nador,,35.1711372,-2.9291776,,,,0,,openstreetmap
Restaurant Salpicon,Other,Nador,QT ALMATAR RAZAN IMMEUBLE OUCHEN,35.1528448,-2.9110183,+212536383795,https://www.instagram.com/RESTAURANT.SALPICON/,,0,,openstreetmap
Café Halli,Other,Nador,,35.17077,-2.9325039,,,,0,,openstreetmap
Café Everest,Other,Nador,,35.1744883,-2.9223797,,,,0,,openstreetmap
L'Artiste,Other,Nador,,35.1637996,-2.9085425,,,,0,,openstreetmap
Cherry & Berry,Other,Nador,,35.1730952,-2.9153527,,,,0,,openstreetmap
Mina Rosita,Other,Nador,,35.1524663,-2.9157704,,,,0,,openstreetmap
Las Belgas,Other,Nador,,35.1789717,-2.9220735,,,,0,,openstreetmap
Snack Bal Bal,Other,Nador,,35.185711,-2.9252211,,,,0,,openstreetmap
Crunchito,Other,Nador,,35.181132,-2.924235,,,,0,,openstreetmap
Snack El Ma3icha,Other,Nador,,35.180886,-2.924287,,,,0,,openstreetmap
Cafe Belgique,Other,Nador,,35.180752,-2.924246,,,,0,,openstreetmap
Gelato Nador,Other,Nador,,35.181091,-2.923646,,,,0,,openstreetmap
Sushi Box,Other,Nador,,35.1639228,-2.9092238,+212536320972,,,0,,openstreetmap
Thai Me Up Restaurant&Cafe,Other,Old Airport,,25.272333999999997,51.5437103,,,4.9,0,,google_places
Saqafat Restaurant doha,Other,Old Airport,,25.2505839,51.552792399999994,,,4.7,0,,google_places
Well On Restaurant Old Airport,Other,Old Airport,,25.2541866,51.56177160000001,,,3.6,0,,google_places
Al Hameel restaurant Qatar 🇶🇦,Other,Old Airport,,25.258547600000004,51.560505199999994,,,3.7,0,,google_places
Turkey Restaurant,Other,Old Airport,,25.2545313,51.562827999999996,,,4.3,0,,google_places
Fendi Caffe HIA,Other,Old Airport,,25.2686107,51.60996850000001,,,4.8,0,,google_places
Le Petite Belge,Other,Old Airport,,25.262222899999998,51.611775699999995,,,4.6,0,,google_places
MoMo Spicy & Restaurant - Matar Qadeem,Other,Old Airport,,25.2533125,51.5591875,,,4.7,0,,google_places
Basta,Other,Old Airport,,25.2670316,51.610582199999996,,,4.7,0,,google_places
Bawarchi Restaurant - Matar Qadeem | Old Airport,Other,Old Airport,,25.250605,51.55286830000001,,,4.0,0,,google_places
Hareesna Restaurant,Other,Old Airport,,25.2429828,51.5692558,,,4.1,0,,google_places
Afghan House Al Mandi Restaurant Old Airport مطعم بيت الأفغاني للمندي مطار قديم,Other,Old Airport,,25.251959,51.55603,,,4.1,0,,google_places
Bikanervala Restaurant & Sweets,Other,Old Airport,,25.258850900000002,51.5603403,,,4.4,0,,google_places
McDonald's Old Airport,Other,Old Airport,,25.261553199999998,51.557697,,,4.2,0,,google_places
SALAMATH RESTAURANT - OLD AIRPORT,Other,Old Airport,,25.2521976,51.555915,,,4.0,0,,google_places
Mashawi Al Arabi,Other,Old Airport,,25.2530382,51.5584771,,,4.4,0,,google_places
Kickoff fusion Restaurant- Matar Al Qadeem,Other,Old Airport,,25.2502746,51.5505541,,,3.1,0,,google_places
Emporio Armani Ristorante,Other,Old Airport,,25.2628994,51.613720699999995,,,4.8,0,,google_places
Bab Al Salam Restaurant,Other,Old Airport,,25.2413562,51.5700855,,,4.0,0,,google_places
La Kasbah,Other,Ouarzazate,,30.9208891,-6.8998854,,,,0,,openstreetmap
Chez Dimitri,Other,Ouarzazate,Av. Mohamed V,30.9205559,-6.9152618,,,,0,,openstreetmap
Cae Mehdi,Other,Ouarzazate,,30.9205964,-6.91449,,,,0,,openstreetmap
الهمة,Other,Ouarzazate,Avenue Moulay Ettahar Bed Abdulkarim,30.9266423,-6.9284717,,,,0,,openstreetmap
Akabar,Other,Ouarzazate,,30.9192179,-6.9058061,,,,0,,openstreetmap
Cuisine divers,Other,Ouarzazate,,30.9217287,-6.9137328,,,,0,,openstreetmap
El Mouahidine,Other,Ouarzazate,,30.9217193,-6.913877,,,,0,,openstreetmap
Galas Café Restaurant,Other,Ouarzazate,,30.9203624,-6.9122477,,,,0,,openstreetmap
Hotel Royal,Other,Ouarzazate,,30.9205559,-6.915109,,,,0,,openstreetmap
La Fibule,Other,Ouarzazate,,30.9205167,-6.915521,,,,0,,openstreetmap
Salon de The Habous,Other,Ouarzazate,,30.9217074,-6.9141709,,,,0,,openstreetmap
Snack El Hassania,Other,Ouarzazate,,30.9209871,-6.9154439,,,,0,,openstreetmap
Douyria,Other,Ouarzazate,,30.9215656,-6.8977781,,,,0,,openstreetmap
Esapce,Other,Ouarzazate,,30.9282228,-6.8895546,,,,0,,openstreetmap
Fint,Other,Ouarzazate,,30.9212176,-6.8985128,,,,0,,openstreetmap
Le Petit Gourmand,Other,Ouarzazate,,30.9237008,-6.8962618,,,,0,,openstreetmap
St Exupery,Other,Ouarzazate,Bvd. Moulay Abdellah,30.9269153,-6.8906524,,,,0,,openstreetmap
Jardin des Aromes,Other,Ouarzazate,,30.920242,-6.9154144,,,,0,,openstreetmap
Patisserie El Janoub,Other,Ouarzazate,,30.9211517,-6.9124367,,,,0,,openstreetmap
Restaurant 3Thés,Other,Ouarzazate,,30.9212261,-6.9109447,,,,0,,openstreetmap
Snack Resto Elbahja,Other,Ouarzazate,,30.9242531,-6.9248932,,,,0,,openstreetmap
Chez Nabil,Other,Ouarzazate,,30.9229314,-6.9117952,,,,0,,openstreetmap
Candys,Other,Ouarzazate,,30.926707,-6.9033295,,,,0,,openstreetmap
Pizzeria Fantasía,Other,Ouarzazate,,30.9258284,-6.9033467,,,,0,,openstreetmap
Afoulki افولكي,Other,Ouarzazate,Avenue Al Maghreb Al Arabi,30.9271947,-6.9033941,,,,0,,openstreetmap
Amsterdam امستردام,Other,Ouarzazate,Avenue Al Maghreb Al Arabi,30.927359,-6.9037779,,,,0,,openstreetmap
Amaziz,Other,Ouarzazate,Avenue Al Maghreb Al Arabi,30.927529,-6.9044493,,,,0,,openstreetmap
Chinzen,Other,Ouarzazate,Avenue Al Maghreb Al Arabi,30.9281287,-6.9011158,,,,0,,openstreetmap
La Kasbah des Sables,Other,Ouarzazate,Hay Aït Kdif,30.9245218,-6.8783914,+212524885428,http://www.lakasbahdessables.com,,0,,openstreetmap
اكورد مجور,Other,Ouarzazate,,30.9235071,-6.9102824,,,,0,,openstreetmap
La Gironde,Other,Ouarzazate,Rue des FAR,30.9213545,-6.9195626,,,,0,,openstreetmap
الركن الذهبي,Other,Ouarzazate,,30.9259902,-6.9078242,,,,0,,openstreetmap
Sabrine,Other,Ouarzazate,,30.9204418,-6.8982595,,,,0,,openstreetmap
Snack Souss,Other,Ouarzazate,,30.9213596,-6.9150544,,,,0,,openstreetmap
Café al Hizame,Other,Ouarzazate,,30.9273753,-6.9268508,,,,0,,openstreetmap
Café Valencia,Other,Ouarzazate,,30.9281066,-6.8999602,,,,0,,openstreetmap
La Halte,Other,Ouarzazate,,30.9211755,-6.9122763,,,,0,,openstreetmap
Snack Pizzeria,Other,Ouarzazate,,30.9279402,-6.9004839,,,,0,,openstreetmap
Séville,Other,Ouarzazate,,30.9387814,-6.9730805,,,,0,,openstreetmap
Special Grillades El Bahja,Other,Ouarzazate,,30.922655,-6.9273264,,,,0,,openstreetmap
Snack Abdou Pizzaria,Other,Ouarzazate,,30.9205399,-6.8981038,,,,0,,openstreetmap
TF,Other,Ouarzazate,Avenue Moulay Rachid شارع مولاي رشيد,30.9218762,-6.9072841,+212808588562,http://@the.fullsun,,0,,openstreetmap
Etoiles 5,Other,Ouarzazate,,30.9258323,-6.9097229,,,,0,,openstreetmap
احسن مول زعزع,Other,Ouarzazate,,30.9275815,-6.897333,,,,0,,openstreetmap
Jus Master,Other,Ouarzazate,,30.9235957,-6.9124176,,,,0,,openstreetmap
La Grilla,Other,Ouarzazate,,30.9260151,-6.9103005,,,,0,,openstreetmap
Restaurant,Other,Ouarzazate,,30.924389,-6.9126405,,,,0,,openstreetmap
Snack iyad,Other,Ouarzazate,,30.9274117,-6.9044253,,,,0,,openstreetmap
New Assafar,Other,Ouarzazate,,30.9273277,-6.9043793,,,,0,,openstreetmap
Tajali,Other,Ouarzazate,,30.9219919,-6.9074431,,,,0,,openstreetmap
Glacier 3 Mars,Other,Ouarzazate,,30.9219764,-6.9241339,,,,0,,openstreetmap
Café Noura,Other,Ouarzazate,,30.9223791,-6.9254301,,,,0,,openstreetmap
Café septièmle art,Other,Ouarzazate,,30.9227662,-6.9252557,,,,0,,openstreetmap
مقهى كايز,Other,Ouezzane,,34.7981074,-5.5840469,,,,0,,openstreetmap
snack chadi,Other,Ouezzane,,34.7966276,-5.5697851,,,,0,,openstreetmap
مقهى الشجرة,Other,Ouezzane,,34.7983717,-5.5689539,,,,0,,openstreetmap
Ouazan,Other,Ouezzane,,34.8081156,-5.5637205,,,,0,,openstreetmap
Café Carrion,Other,Ouezzane,,34.7967721,-5.5797502,,,,0,,openstreetmap
Café les Voyageurs,Other,Ouezzane,,34.7978489,-5.5795999,,,,0,,openstreetmap
Restaurant chez Khalid,Other,Ouezzane,,34.7958667,-5.5788067,,,,0,,openstreetmap
Restaurant Lmadani,Other,Ouezzane,,34.7988332,-5.5689898,,,,0,,openstreetmap
Zaitouna مقهى الزيتونة,Other,Ouezzane,,34.7974801,-5.5722068,,,,0,,openstreetmap
Étoile de Ouazzane نجمة وزان,Other,Ouezzane,,34.7960017,-5.5660099,,,,0,,openstreetmap
Balima,Other,Ouezzane,,34.7959575,-5.5658397,,,,0,,openstreetmap
restaurant lamaalem,Other,Oujda,,34.6857263,-1.9087947,,,4.8,0,,google_places
NAPOLITANO OUJDA,Other,Oujda,,34.6903711,-1.890067,,,4.8,0,,google_places
Le best oujda,Other,Oujda,,34.6596024,-1.8991679,,,4.4,0,,google_places
Safsaf café restaurant Oujda,Other,Oujda,,34.6489074,-1.9065466999999998,,,4.5,0,,google_places
JUVIA,Other,Oujda,,34.6586797,-1.8978157,,,4.1,0,,google_places
Tajine City,Other,Oujda,,34.6643009,-1.9130630999999998,,,4.3,0,,google_places
Dar el joud oujda,Other,Oujda,,34.6579961,-1.8969718999999998,,,4.2,0,,google_places
Chef Chaouni : Gastronomic Restaurant,Other,Oujda,,34.672883899999995,-1.9174455,,,4.3,0,,google_places
Trocadero : Café & Restaurant,Other,Oujda,,34.679445,-1.9196459000000001,,,3.8,0,,google_places
Fourchette orientale,Other,Oujda,,34.681584099999995,-1.9188478000000002,,,4.3,0,,google_places
Belle d'Orient,Other,Oujda,Boulevard Ahfir,34.687960499999996,-1.9159736,,,3.7,0,,"google_places, openstreetmap"
Pause à Paris,Other,Oujda,,34.6640227,-1.9134515999999997,,,4.3,0,,google_places
Restaurant Casa Sevilla Oujda,Other,Oujda,,34.680871499999995,-1.9226982,,,4.2,0,,google_places
Restaurant National,Other,Oujda,Boulevard Allal Ben Abdallah,34.6805989,-1.9198309999999998,,,3.7,0,,"google_places, openstreetmap"
Opheon Coffee shop,Other,Oujda,,34.6644116,-1.9068410000000002,,,3.9,0,,google_places
Restaurant Bab El Gharbi,Other,Oujda,,34.677891699999996,-1.9165341999999999,,,4.5,0,,google_places
Ayden Gourmet eat & enjoy,Other,Oujda,,34.6581316,-1.8986436000000002,,,3.7,0,,google_places
Smash's : Burger & Chicken,Other,Oujda,,34.6548801,-1.8967857000000001,,,4.7,0,,"google_places, openstreetmap"
Tokyo Sushi,Other,Oujda,,34.6614969,-1.8980101999999999,,,4.1,0,,"google_places, openstreetmap"
Nara Sushi,Other,Oujda,,34.6895836,-1.9186172000000001,,,4.0,0,,google_places
Café Petra,Other,Oujda,Boulevard Mohammed V,34.6825515,-1.9158737,,,,0,,openstreetmap
L'Excellence Délice Café,Other,Oujda,Boulevard Mohammed V,34.6822316,-1.9163364,,,,0,,openstreetmap
La Defense Café,Other,Oujda,Boulevard Mohammed V,34.6808727,-1.9177871,,,,0,,openstreetmap
Café Rihab,Other,Oujda,Boulevard Moulay Idriss Al Akbar,34.678355,-1.9192075,+212536690505,http://rihaboujda.com/,,0,,openstreetmap
Café Le Prince,Other,Oujda,Place La Douane,34.6915917,-1.9074503,+212536683073,,,0,,openstreetmap
Café Salazar,Other,Oujda,Boulevard Brahim Roudani,34.6759793,-1.8757829,,,,0,,openstreetmap
Café Marrakech,Other,Oujda,Boulevard Brahim Roudani,34.6764849,-1.8805842,,,,0,,openstreetmap
Restaurant De France,Other,Oujda,Boulevard Mohammed V,34.6826408,-1.9164414,,,,0,,openstreetmap
Café Colombo,Other,Oujda,,34.6825813,-1.9165272,,,,0,,openstreetmap
Café Annakhil,Other,Oujda,,34.6838528,-1.9163227,,,,0,,openstreetmap
Café Trocadero,Other,Oujda,Boulevard Allal Ben Abdallah,34.6794135,-1.9197189,+212536711400,,,0,,openstreetmap
Café Design,Other,Oujda,Boulevard Mohammed V,34.6817735,-1.917287,,,,0,,openstreetmap
Café Arsenal,Other,Oujda,Boulevard Mohammed V,34.6823222,-1.9162196,+212536681080,,,0,,openstreetmap
Espace Numerique,Other,Oujda,Rue Abdelaziz El Fechtali,34.6876123,-1.9200877,,,,0,,openstreetmap
Café Cristal,Other,Oujda,,34.6724002,-1.9175392,+212536701445,http://rihaboujda.com/,,0,,openstreetmap
Restaurant El Kabados,Other,Oujda,Boulevard Omar Ibn Al Khattab,34.6723598,-1.9160314,,,,0,,openstreetmap
Café Belle Vue,Other,Oujda,,34.6721657,-1.9171094,,,,0,,openstreetmap
Café Pyramide,Other,Oujda,,34.6805898,-1.9191452,,,,0,,openstreetmap
Café Al Bahia,Other,Oujda,Boulevard Zerktouni,34.6808103,-1.9189195,+212536683731,,,0,,openstreetmap
Café Le Trésor,Other,Oujda,Boulevard Mohammed V,34.684001,-1.9155616,,,,0,,openstreetmap
Sindibad,Other,Oujda,Boulevard Mohammed Derfoufi,34.6859429,-1.9167361,,,,0,,openstreetmap
Café Jeddah,Other,Oujda,,34.6852488,-1.914829,,,,0,,openstreetmap
Café La Foire,Other,Oujda,,34.6757913,-1.9281586,,,,0,,openstreetmap
Café Venise,Other,Oujda,Boulevard Mohammed V,34.6954942,-1.9038672,,,,0,,openstreetmap
Café Ophéon,Other,Oujda,Angle Boulevard Hassan II et Boulevard Mohammed VI,34.664374,-1.9069091,+212536704050,http://www.opheon.com/,,0,,openstreetmap
Café Karam,Other,Oujda,,34.6682594,-1.9318511,,,,0,,openstreetmap
Café Crèmerie Le Dauphin,Other,Oujda,Boulevard Mohammed VI,34.6567681,-1.9000319,,,,0,,openstreetmap
More & Ben's,Other,Oujda,Rue Assair,34.6533707,-1.8966778,+212600484801,,,0,,openstreetmap
Brimo Snack,Other,Oujda,Boulevard Zerktouni,34.6805009,-1.9194455,+212536690333,http://wwx.amin.free.fr/brimo/,,0,,openstreetmap
Ramses Pizza,Other,Oujda,Boulevard Mohammed V,34.6791326,-1.919004,,,,0,,openstreetmap
Le Comme Chez Soi,Other,Oujda,Rue Sijilmassa,34.6818081,-1.9183227,+212536686079,,,0,,openstreetmap
Le Dauphin,Other,Oujda,Rue Berkane,34.6856988,-1.9174161,+212536686145,,,0,,openstreetmap
Café Ngadi,Other,Oujda,,34.7023553,-1.9195643,,,,0,,openstreetmap
Café Oujda Paris,Other,Oujda,,34.7001113,-1.9194153,,,,0,,openstreetmap
Snack Mic-Mac,Other,Oujda,,34.6926972,-1.9180286,+212536687004,,,0,,openstreetmap
Café Iceberg,Other,Oujda,,34.6890563,-1.9174658,+212536683924,,,0,,openstreetmap
Café Blanche,Other,Oujda,,34.6898723,-1.9177823,,,,0,,openstreetmap
Mr. Smith,Other,Oujda,Boulevard Mohammed VI,34.6565768,-1.9007235,+212536503246,,,0,,openstreetmap
Café Arena Palace,Other,Oujda,Rue Miraj,34.6579977,-1.8970649,+212536506098,,,0,,openstreetmap
Club Mistral,Other,Oujda,Rue Sabra,34.6571103,-1.897322,+212536507272,,,0,,openstreetmap
Café Guest,Other,Oujda,Rue Sabra,34.6571525,-1.8977549,+212536505005+212671749589,,,0,,openstreetmap
Café Bouskri,Other,Oujda,Rue Ennabatia,34.658536,-1.8967806,+212536502424,,,0,,openstreetmap
Espace Jasmin,Other,Oujda,,34.6593968,-1.9028106,,,,0,,openstreetmap
La Verone,Other,Oujda,,34.6590571,-1.9030199,,,,0,,openstreetmap
L'Arôme Blanc,Other,Oujda,Avenue des Forces Armées Royales (FAR),34.6918745,-1.9114851,,,,0,,openstreetmap
Times Square Café,Other,Oujda,Boulevard Prince Héritier Moulay Al Hassan,34.6912886,-1.9177076,+212536688986,,,0,,openstreetmap
Riad Ofok,Other,Oujda,Boulevard Mansour Addahabi,34.7031767,-1.9168549,,,,0,,openstreetmap
Café Reda,Other,Oujda,Boulevard Mansour Addahabi,34.7031567,-1.9171035,,,,0,,openstreetmap
Luigi,Other,Oujda,Cité Isly Golf,34.7115324,-1.920036,+212536523152,,,0,,openstreetmap
Café Coin De La Saveur,Other,Oujda,Boulevard Sidi Zayed Ben Soltane Al Nahyan,34.6673045,-1.9398755,,,,0,,openstreetmap
Villa Ice,Other,Oujda,,34.6673839,-1.9395537,,,,0,,openstreetmap
Maestro Presto,Other,Oujda,Lotissement Abdelkhirane,34.6642811,-1.934715,,,,0,,openstreetmap
Boulangerie Oujda Parc,Other,Oujda,Avenue Yacoub Al Mansour,34.6696886,-1.9043661,+212536505554,,,0,,openstreetmap
Le Ciel Blanc,Other,Oujda,Rue Al Miqdad Ibn Amr,34.7162154,-1.9253125,,,,0,,openstreetmap
Café L'Alaska,Other,Oujda,Boulevard Allal Ben Abdellah,34.6733516,-1.9185762,+212536688854,,,0,,openstreetmap
Café Charchara,Other,Oujda,,34.6679274,-1.8630247,,,,0,,openstreetmap
Café Victoria,Other,Oujda,,34.7003056,-1.911421,,,,0,,openstreetmap
Alhambra,Other,Oujda,Boulevard Mohammed V,34.6813853,-1.9171694,+212536708852,,,0,,openstreetmap
Colaimo,Other,Oujda,,34.6956154,-1.8807879,,,,0,,openstreetmap
Café Ananas,Other,Oujda,,34.6700159,-1.8947701,,,,0,,openstreetmap
Café Moulay Youssef,Other,Oujda,Rue Tarik Ibn Ziad,34.6826939,-1.9156174,,,,0,,openstreetmap
Café Qobros,Other,Oujda,Boulevard Hassan II شارع الحسن الثاني,34.6652136,-1.8902504,,,,0,,openstreetmap
Verger D'Or,Other,Oujda,Boulevard Al Maqdis,34.6575286,-1.8985179,+212615593502,,,0,,openstreetmap
Oum Al Qura,Other,Oujda,Rue Casablanca,34.685226,-1.9087301,,,,0,,openstreetmap
Zirinet,Other,Oujda,Boulevard Omar Ibn Al Khattab,34.6723306,-1.9128919,,,,0,,openstreetmap
Le Parcours,Other,Oujda,Boulevard Allal Ben Abdellah,34.6730825,-1.9185226,,,,0,,openstreetmap
Afandy Kebab,Other,Oujda,Boulevard Mohammed V,34.678954,-1.9191766,,,,0,,openstreetmap
Restaurant Montana,Other,Oujda,Boulevard Mohammed Ben Abdellah Chefchaouni,34.6891739,-1.9192741,,,,0,,openstreetmap
Café Al Jabah قهوة الجبح,Other,Oujda,,34.6564951,-1.8978193,,,,0,,openstreetmap
Hiba Snack,Other,Oujda,Boulevard Mohammed Ben Abdellah Chefchaouni,34.6877326,-1.9195472,,,,0,,openstreetmap
Café De La Gare,Other,Oujda,Boulevard Zerktouni,34.6810264,-1.9211296,+212536683445,,,0,,openstreetmap
Lion Star,Other,Oujda,Boulevard Brahim Roudani,34.6759975,-1.8772409,,,,0,,openstreetmap
Imane,Other,Oujda,Boulevard Brahim Roudani,34.675885,-1.8749523,,,,0,,openstreetmap
Nesma,Other,Oujda,,34.6958153,-1.8821814,,,,0,,openstreetmap
Café La Mirabelle,Other,Oujda,Boulevard Mohammed VI,34.6537157,-1.8975242,,,,0,,openstreetmap
Café Solidaire,Other,Oujda,Boulevard Al Maqdis,34.6594445,-1.8987214,,,,0,,openstreetmap
Babylon,Other,Oujda,,34.6568163,-1.8978238,,,,0,,openstreetmap
NYC NewYorkCity Café,Other,Oujda,Rue Chefchaouen,34.6732303,-1.9146444,+212536683884,,,0,,openstreetmap
Café Le 44,Other,Oujda,Boulevard Oum Rabia,34.6576086,-1.9148422,+212536532029,,,0,,openstreetmap
Café Al Houda,Other,Oujda,Boulevard Brahim Roudani,34.6761418,-1.8798766,,,,0,,openstreetmap
Café BIN Sports,Other,Oujda,Avenue Al Azhar,34.6669369,-1.8826675,,,,0,,openstreetmap
Zaman Al Izza,Other,Oujda,Boulevard Abderahim Bouabid,34.6688948,-1.8953283,+212536501431,,,0,,openstreetmap
Café Kiwi,Other,Oujda,Boulevard Abderahim Bouabid,34.6708699,-1.8943604,,,,0,,openstreetmap
Café La Riva,Other,Oujda,,34.6740504,-1.8927821,,,,0,,openstreetmap
Café Dream,Other,Oujda,Boulevard Mohammed VI,34.6551235,-1.8986408,,,,0,,openstreetmap
Patisserie Catalonia,Other,Oujda,Boulevard Mohammed VI,34.6520689,-1.8959497,,,,0,,openstreetmap
Al Fil,Other,Oujda,,34.6563149,-1.8964836,,,,0,,openstreetmap
Millennium Café,Other,Oujda,,34.6569864,-1.898826,+212536505300,,,0,,openstreetmap
Café Romantique,Other,Oujda,,34.6577227,-1.8986281,,,,0,,openstreetmap
Patisserie Boukhlouf,Other,Oujda,,34.6571132,-1.8953581,,,,0,,openstreetmap
Al Houda,Other,Oujda,,34.677003,-1.8853281,,,,0,,openstreetmap
Restaurant Abderrahman Karan مطعم عبد الرحمن كران,Other,Oujda,,34.6814024,-1.8848368,,,,0,,openstreetmap
Café Al Massira,Other,Oujda,Rue Ibn Sina,34.6824769,-1.9197104,+212536612743,,,0,,openstreetmap
Halviga,Other,Oujda,,34.6742208,-1.9238865,,,,0,,openstreetmap
Don Peppino,Other,Oujda,Avenue Yacoub Al Mansour,34.672317,-1.9114335,+212536681913,,,0,,openstreetmap
Café Rosa,Other,Oujda,,34.6808991,-1.876254,,,,0,,openstreetmap
Café Outchi,Other,Oujda,Boulevard Brahim Roudani,34.6755478,-1.8629439,+212649610057,,,0,,openstreetmap
Café Coin Vert,Other,Oujda,Rue Al Houria,34.6589069,-1.9203404,+212611710190,,,0,,openstreetmap
Café 5/5,Other,Oujda,,34.6600386,-1.9133513,,,,0,,openstreetmap
Suza,Other,Oujda,,34.694841,-1.8813867,,,,0,,openstreetmap
Nsab Ibrahim نسب إبراهيم,Other,Oujda,,34.6946404,-1.9444878,+212620244574,,,0,,openstreetmap
Café La Sirène D'Or,Other,Oujda,Boulevard M'Bark El Bekkay Lahbil,34.6819951,-1.9419367,,,,0,,openstreetmap
Café Beni Snassen,Other,Oujda,,34.6816808,-1.9389797,,,,0,,openstreetmap
Tex Mex Snack,Other,Oujda,Rue Al Houria,34.6567276,-1.9034413,+212655361790,,,0,,openstreetmap
Black Coffee,Other,Oujda,Boulevard Al Fatouaki,34.6878161,-1.9167931,+212661961850,,,0,,openstreetmap
Café Andalucia,Other,Oujda,Boulevard Mohammed V,34.6854828,-1.9135508,,,,0,,openstreetmap
Café Florimont,Other,Oujda,,34.6704328,-1.8945769,,,,0,,openstreetmap
Café Istanbul,Other,Oujda,Rue Ziar,34.7008215,-1.8948256,,,,0,,openstreetmap
Café Nirvana,Other,Oujda,,34.6581759,-1.9216814,,,,0,,openstreetmap
México,Other,Oujda,,34.6951863,-1.9034671,,,,0,,openstreetmap
Snack Okazdal,Other,Oujda,Boulevard Oued Eddahab,34.6894051,-1.8776527,,,,0,,openstreetmap
Glacier Versailles,Other,Oujda,Avenue Yacoub Al Mansour,34.6724766,-1.9107056,,,,0,,openstreetmap
Marbella,Other,Oujda,Rue Mouatamid Ibn Abbad,34.686687,-1.9168589,+212536705799,,,0,,openstreetmap
Snack Amigos,Other,Oujda,,34.6593853,-1.9210632,,,,0,,openstreetmap
cafe Le Consul,Other,Oujda,,34.6598541,-1.9173265,+212536534824,,,0,,openstreetmap
Café Oslo,Other,Oujda,,34.6857717,-1.8740845,,,,0,,openstreetmap
Café Hotel Luxembourg,Other,Oujda,,34.6822141,-1.9110435,,,,0,,openstreetmap
Café Loft'in,Other,Oujda,Boulevard Al Aqsa,34.6590984,-1.8978502,+212536521782,,,0,,openstreetmap
Café le Lion d'Or مقهى الأسد الذهبي,Other,Oujda,Boulevard Mohammed V,34.6882605,-1.9109795,,,,0,,openstreetmap
Café Rayane Ice,Other,Oujda,Avenue Yacoub Al Mansour,34.6679221,-1.9010233,,,,0,,openstreetmap
Café Madagascar مقهى مدغشقر,Other,Oujda,Boulevard Fayçal ibn Abdul Aziz,34.6625106,-1.9376293,+212536513215,,,0,,openstreetmap
Restaurant Tament,Other,Oujda,Boulevard Oued Eddahab,34.6915601,-1.8705976,+212624965446,,,0,,openstreetmap
Café Nana مقهى نانا,Other,Oujda,,34.695618,-1.881943,,,,0,,openstreetmap
Arabesque Délices,Other,Oujda,Avenue Yacoub Al Mansour,34.6672246,-1.8971978,,,,0,,openstreetmap
DC chicken,Other,Oujda,Boulevard Mohammed VI,34.6577216,-1.9013979,,,,0,,openstreetmap
الأخوين,Other,Oujda,,34.6534761,-1.9049948,,,,0,,openstreetmap
زينزي دار,Other,Oujda,,34.6567219,-1.905461,,,,0,,openstreetmap
Flame d'Or,Other,Oujda,,34.6568155,-1.9041791,,,,0,,openstreetmap
باباي,Other,Oujda,,34.6620429,-1.9052504,,,,0,,openstreetmap
Snack Bravo,Other,Oujda,,34.6777237,-1.9179927,,,,0,,openstreetmap
Café Lamyae,Other,Oujda,,34.6778362,-1.9164943,,,,0,,openstreetmap
Café Orient,Other,Oujda,,34.6776214,-1.9178811,,,,0,,openstreetmap
Venezia Ice,Other,Oujda,Boulevard Allal Ben Abdellah,34.6741832,-1.9190124,,,,0,,openstreetmap
Café Genova,Other,Oujda,,34.6651829,-1.9320477,,,,0,,openstreetmap
Zam zam زم زم,Other,Oujda,,34.6615619,-1.9370715,,,,0,,openstreetmap
Café Alsace,Other,Oujda,Boulevard El Hansali,34.677749,-1.9220684,+212536702705,,,0,,openstreetmap
Venezia فينيزيا,Other,Oujda,,34.6677341,-1.931248,,,,0,,openstreetmap
Bristol,Other,Oujda,,34.657414,-1.9342027,,,,0,,openstreetmap
مقهى رولكس,Other,Oujda,شارع إبراهيم الروداني,34.6751079,-1.8603447,,,,0,,openstreetmap
مقهى هوخ,Other,Oujda,,34.6819929,-1.9468536,,,,0,,openstreetmap
مقهى وجبة خفيفة النور,Other,Oujda,,34.6832603,-1.9517712,,,,0,,openstreetmap
Cafe La Cloche,Other,Oujda,Boulevard Sidi Zayed Ben Soltane Al Nahyan,34.6748628,-1.9312401,,,,0,,openstreetmap
Cafe Le Noyer,Other,Oujda,Boulevard Moulay Youssef,34.6755455,-1.9261151,,,,0,,openstreetmap
Café Al Arabia Plus,Other,Oujda,Boulevard Mbarek Bekkay Lahbil,34.6823673,-1.9450575,,,,0,,openstreetmap
Panorama Café,Other,Oujda,Boulevard Mbarek Bekkay Lahbil,34.6823044,-1.9448228,,,,0,,openstreetmap
Café Benma,Other,Oujda,Rue E1,34.6794382,-1.938069,,,,0,,openstreetmap
Café Comparino,Other,Oujda,Boulevard Sidi Zayed Ben Soltane Al Nahyan,34.6631022,-1.9468372,,,,0,,openstreetmap
Café Arrihan,Other,Oujda,Boulevard Sidi Zayed Ben Soltane Al Nahyan,34.664492,-1.9449422,,,,0,,openstreetmap
Brimo Chicken,Other,Oujda,Boulevard Prince Héritier Moulay Al Hassan,34.6941489,-1.9190763,,,,0,,openstreetmap
Greek Kebab,Other,Oujda,"Angle Bd Oum Rabie & Rue Sebou;Iris, Angle Oum Rabie & Rue Sebou;Iris,Angle Oum Rabie & Rue Sebou",34.6580399,-1.9165356,+212536533370,,,0,,openstreetmap
كوزينة,Other,Oujda,Rue Atlas,34.6940597,-1.9041968,,,,0,,openstreetmap
ESPACE ALHANINE,Other,Oujda,,34.6822226,-1.9084543,,,,0,,openstreetmap
Chez Lahsen,Other,Oujda,,34.6892187,-1.9045917,,,,0,,openstreetmap
Café Jeanys,Other,Oujda,,34.6809503,-1.9194614,,,,0,,openstreetmap
O'48 CHEZ LOTFI,Other,Oujda,Boulevard Prince Héritier Moulay Al Hassan,34.6940408,-1.9186561,+212627009809,,,0,,openstreetmap
Cafe In,Other,Oujda,,34.6789474,-1.8888932,,,,0,,openstreetmap
Cafe Le Rond Point,Other,Oujda,Boulevard de Gazza,34.6610517,-1.8882495,,,,0,,openstreetmap
Delight,Other,Oujda,al biqae,34.6586072,-1.8975594,,,,0,,openstreetmap
Beli Gourmet,Other,Oujda,Boulevard Al Maqdis,34.6598184,-1.8984291,,,,0,,openstreetmap
OXFORD,Other,Oujda,Rue Al Houria,34.6562045,-1.8991747,,,,0,,openstreetmap
McDonald's ماكدونالدز,Other,Oujda,,34.6769053,-1.9278534,+212536518836,,,0,,openstreetmap
Al Manar,Other,Oujda,,34.6653254,-1.8886369,,,,0,,openstreetmap
Café Lahrawi,Other,Oujda,,34.6839507,-1.8804847,,,,0,,openstreetmap
Restaurant Universitaire,Other,Oujda,,34.6513962,-1.9069991,,,,0,,openstreetmap
Restaurant Marea,Other,Rabat,Avenue Atlas شارع الأطلس,34.0209399,-6.8281629,,https://www.gardeniarabat.com/,4.6,0,,"google_places, openstreetmap"
Dar Lwalida Rabat,Other,Rabat,,34.0152852,-6.8347625,,,4.9,0,,google_places
Restaurant Dar Al Arsa,Other,Rabat,,34.0220272,-6.839341900000001,,,4.5,0,,google_places
Dar Al Fawakih Medina,Other,Rabat,Avenue Maghreb Arabe,34.0203127,-6.8438358,,,4.7,0,,"google_places, openstreetmap"
Boho Café,Other,Rabat,Rue El Yamama,34.0151034,-6.8369946,+212690036170,https://bohocafe.ma/,4.7,0,,"google_places, openstreetmap"
Caffé Restaurant Basidi,Other,Rabat,,33.9595744,-6.8731754,,,4.3,0,,google_places
Sky First,Other,Rabat,,33.9989078,-6.844852599999999,,,4.6,0,,google_places
DAR AL FAWAKIH RABAT - AGDAL,Other,Rabat,,33.996669,-6.8469846,,,4.7,0,,"google_places, openstreetmap"
Dar Naji,Other,Rabat,Rue Jazirat Al Arab,34.0218353,-6.841941500000001,+212537262528,,4.2,0,,"google_places, openstreetmap"
Dar El Medina,Other,Rabat,"Rue Benjelloul, Souk sebat Medina",34.0264242,-6.8335072,+212634007113,,4.3,0,,"google_places, openstreetmap"
The Kitch,Other,Rabat,Rue Ghaza,34.0209616,-6.8369633,,,4.7,0,,"google_places, openstreetmap"
Little Mamma Agdal,Other,Rabat,Avenue Fal Ould Oumeir شارع فال ولد عمير,33.9989251,-6.8492055,+212537770777,,4.6,0,,"google_places, openstreetmap"
Le Dhow : Restaurant Lounge Club,Other,Rabat,,34.028934,-6.8323541,,,3.9,0,,google_places
Clay Oven,Other,Rabat,,33.961912999999996,-6.864368,+212808513867,https://clayoven.ma/contact/,4.6,0,,"google_places, openstreetmap"
Aposto,Other,Rabat,"X5RC+FQM, R401, Rabat",33.991189999999996,-6.828083400000001,+212693934111,,4.3,0,,"google_places, openstreetmap"
Restaurant Ziryab - Rabat,Other,Rabat,,34.027471,-6.8342889,,,4.1,0,,google_places
Le Marrakchi,Other,Rabat,,33.9573456,-6.8733398999999995,,,4.6,0,,google_places
Dar Al achab,Other,Rabat,,34.0213963,-6.8252394,,,4.5,0,,google_places
Tangerino,Other,Rabat,,33.9742095,-6.8293091,,,4.4,0,,google_places
Restaurant taghazout,Other,Rabat,,34.0239056,-6.8386305,,,4.7,0,,"google_places, openstreetmap"
McDonald's,Other,Rabat,,33.9954233,-6.8473937,,,,0,,openstreetmap
Pizza Hut,Other,Rabat,Avenue de France شارع فرنسا,33.998388,-6.8455206,,https://pizzahutmaroc.ma/,,0,,openstreetmap
Pizzaki,Other,Rabat,,33.9965988,-6.8504761,,,,0,,openstreetmap
Rotisserie Atlas,Other,Rabat,,33.9952254,-6.8502014,,,,0,,openstreetmap
La Pause Gourmande,Other,Rabat,,33.9956359,-6.8475119,,,,0,,openstreetmap
Oukaimeden,Other,Rabat,,33.996395,-6.8478566,,,,0,,openstreetmap
La Matelot,Other,Rabat,,34.0276674,-6.8302289,,,,0,,openstreetmap
Café Balima,Other,Rabat,,34.0181798,-6.8355016,,,,0,,openstreetmap
Ty Potes,Other,Rabat,Rue Ghafsa,34.0172043,-6.8318751,+212537707965,http://typotes.com/,,0,,openstreetmap
Nefertiti,Other,Rabat,,34.0244046,-6.8309897,,,,0,,openstreetmap
Coq Magic,Other,Rabat,,34.0202844,-6.8276726,,,,0,,openstreetmap
La Mamma,Other,Rabat,,34.0184807,-6.8348346,,,,0,,openstreetmap
The Media Luna,Other,Rabat,,34.0175803,-6.8328014,,,,0,,openstreetmap
Le studio,Other,Rabat,,34.0160907,-6.8309051,,,,0,,openstreetmap
Tajine wa Tanja,Other,Rabat,,34.0154111,-6.8373784,,,,0,,openstreetmap
Irish Pub,Other,Rabat,,34.020398,-6.8300131,,,,0,,openstreetmap
Barbecue,Other,Rabat,,34.0013317,-6.8507005,,,,0,,openstreetmap
Yoka Sushi,Other,Rabat,,34.0007858,-6.8495432,,,,0,,openstreetmap
Café Liliane,Other,Rabat,,33.9964516,-6.8466521,,,,0,,openstreetmap
Le Bistrot du Pietri,Other,Rabat,,34.0162377,-6.8322852,,,,0,,openstreetmap
Tam,Other,Rabat,,34.0186748,-6.8281181,,,,0,,openstreetmap
Las Tapas,Other,Rabat,Avenue Fal Ould Oumeir شارع فال ولد عمير,33.9937847,-6.8469157,,,,0,,openstreetmap
Tea Room & Co,Other,Rabat,,33.9946417,-6.8470304,,,,0,,openstreetmap
Taiyaki,Other,Rabat,,33.9944415,-6.8468964,,,,0,,openstreetmap
Terra Luna,Other,Rabat,Avenue Fal Ould Oumeir شارع فال ولد عمير,33.9949533,-6.8471757,,,,0,,openstreetmap
Arthé,Other,Rabat,,33.995468,-6.84743,,,,0,,openstreetmap
Grillades Adil,Other,Rabat,,33.9951946,-6.8476035,,,,0,,openstreetmap
KFC,Other,Rabat,Avenue Fal Ould Oumeir شارع فال ولد عمير,33.994844,-6.8474489,,,,0,,openstreetmap
First Pizza,Other,Rabat,Rue Oum Errabia زنقة أم الربيع,33.996765,-6.8467668,+212537773777,,,0,,openstreetmap
Caesar's,Other,Rabat,,33.9969651,-6.8461633,,,,0,,openstreetmap
Picasso,Other,Rabat,,33.9966426,-6.8471479,,,,0,,openstreetmap
Brownies,Other,Rabat,Avenue Atlas شارع الأطلس,33.9967539,-6.8459649,,,,0,,openstreetmap
Schmid,Other,Rabat,,33.9970852,-6.8457959,,,,0,,openstreetmap
La cantine du marché,Other,Rabat,,34.0004161,-6.8462628,,,,0,,openstreetmap
7ème art,Other,Rabat,,34.0200062,-6.8355982,,,,0,,openstreetmap
Cupidon,Other,Rabat,,34.0174456,-6.8247895,,,,0,,openstreetmap
Café La Cartouche,Other,Rabat,,34.021763,-6.8269137,,,,0,,openstreetmap
Poisson Magic,Other,Rabat,,34.0217199,-6.826974,,,,0,,openstreetmap
Shot Coffee,Other,Rabat,,34.0220168,-6.82679,,,,0,,openstreetmap
Gallinicta,Other,Rabat,,34.0221324,-6.8265915,,,,0,,openstreetmap
Galette de neige,Other,Rabat,,34.0217225,-6.8251726,+212537704614,,,0,,openstreetmap
Buggs Burger,Other,Rabat,,34.0186426,-6.8308905,,,,0,,openstreetmap
Le p'tit resto,Other,Rabat,,34.018044,-6.8293215,,,,0,,openstreetmap
Koutoubia,Other,Rabat,,34.0147067,-6.8307576,,,,0,,openstreetmap
Nostalgia,Other,Rabat,Rue Moulay Idriss,34.0198912,-6.8233916,,,,0,,openstreetmap
Nejma,Other,Rabat,,33.9610729,-6.8851102,,,,0,,openstreetmap
Domino's,Other,Rabat,,33.9604394,-6.8680298,,,,0,,openstreetmap
O'Caprices,Other,Rabat,,33.9601813,-6.8682658,,,,0,,openstreetmap
Café des Oudayas,Other,Rabat,,34.0305263,-6.8350809,,,,0,,openstreetmap
LPG,Other,Rabat,,33.9958045,-6.8475621,,,,0,,openstreetmap
Fennich,Other,Rabat,,33.9901354,-6.8258274,,,,0,,openstreetmap
Ouzoud,Other,Rabat,,34.0239239,-6.8307214,,,,0,,openstreetmap
Esperanza,Other,Rabat,,34.0163492,-6.8304817,,,,0,,openstreetmap
Sambuca,Other,Rabat,,34.0198064,-6.835457,,,,0,,openstreetmap
La Rive,Other,Rabat,,34.0165031,-6.8302324,,,,0,,openstreetmap
Espace Ezzara,Other,Rabat,,34.0224715,-6.8314828,,,,0,,openstreetmap
Rotisserie Hassan,Other,Rabat,,34.0202439,-6.8280303,,,,0,,openstreetmap
Chawermatti,Other,Rabat,,34.0208885,-6.8266483,,,,0,,openstreetmap
Café Al Altal,Other,Rabat,,34.0197676,-6.8263129,+212537262880,,,0,,openstreetmap
Resto 3.0,Other,Rabat,,34.0185999,-6.8281602,,,,0,,openstreetmap
Bar Casablanca بار كازابلانكا,Other,Rabat,,34.0167498,-6.8309999,,,,0,,openstreetmap
Villa Jnane,Other,Rabat,,34.0150348,-6.8395134,,,,0,,openstreetmap
Sotto Sopra,Other,Rabat,,34.0197502,-6.8310487,,,,0,,openstreetmap
El Bahia,Other,Rabat,Avenue Hassan II شارع الحسن الثاني,34.0225999,-6.837612,+212537734504,,,0,,openstreetmap
Pizza Rica,Other,Rabat,,34.0224029,-6.8383695,,,,0,,openstreetmap
Les artistes,Other,Rabat,,34.0149703,-6.8311637,,,,0,,openstreetmap
L'R du goût,Other,Rabat,,34.0144277,-6.8308211,,,,0,,openstreetmap
Pizzeria Al Forno,Other,Rabat,,34.013475,-6.8304299,,,,0,,openstreetmap
Bab Essad,Other,Rabat,,34.0139406,-6.8279357,,,,0,,openstreetmap
Café Etoile,Other,Rabat,,34.0182313,-6.8336875,,,,0,,openstreetmap
La Menara,Other,Rabat,Rue Er-Ryad,34.017855,-6.8293141,,,,0,,openstreetmap
Yarilaz,Other,Rabat,,34.0154788,-6.8318743,,,,0,,openstreetmap
Yucatan,Other,Rabat,,34.0168662,-6.8321618,,,,0,,openstreetmap
Dalia,Other,Rabat,,34.0159872,-6.8317492,,,,0,,openstreetmap
Pieea Vera,Other,Rabat,,34.0168945,-6.832379,,,,0,,openstreetmap
Delicia Food,Other,Rabat,,34.0154289,-6.8319527,,,,0,,openstreetmap
Yana Dream,Other,Rabat,,34.0160136,-6.8320345,,,,0,,openstreetmap
Astoria,Other,Rabat,,34.0168795,-6.8313391,,,,0,,openstreetmap
L'abeille D'or,Other,Rabat,,34.015551,-6.8317317,,,,0,,openstreetmap
Alaa Snack,Other,Rabat,,34.0161649,-6.8321613,,,,0,,openstreetmap
Carrion,Other,Rabat,,34.0166517,-6.8303182,,,,0,,openstreetmap
Madalena,Other,Rabat,Rue Mohamed Jazouli,34.0189893,-6.8297028,,,,0,,openstreetmap
Itry,Other,Rabat,,34.0174321,-6.8303044,,,,0,,openstreetmap
Pietri Palace,Other,Rabat,,34.0165006,-6.8306178,,,,0,,openstreetmap
Côte à Côte,Other,Rabat,,33.9951164,-6.8490244,,,,0,,openstreetmap
La Sala,Other,Rabat,,34.0163069,-6.8277492,,,,0,,openstreetmap
Choumoue Al Farah,Other,Rabat,,34.0205179,-6.8308732,,,,0,,openstreetmap
Chantilly,Other,Rabat,,34.0211643,-6.8315143,,,,0,,openstreetmap
Fresh Time,Other,Rabat,,34.0208645,-6.8315427,,,,0,,openstreetmap
Zerda,Other,Rabat,Avenue Patrice Lumumba,34.021025,-6.8315275,,,,0,,openstreetmap
Bar Jour Et Nuit,Other,Rabat,,34.0221306,-6.8309667,,,,0,,openstreetmap
Doha,Other,Rabat,,34.0224143,-6.8314849,,,,0,,openstreetmap
Pesca del Mar,Other,Rabat,,34.0236439,-6.8324975,,,,0,,openstreetmap
San Marino,Other,Rabat,,34.0214721,-6.8359527,,,,0,,openstreetmap
Yamas Bistro,Other,Rabat,,34.0220475,-6.8362053,,,,0,,openstreetmap
L'empire,Other,Rabat,,34.0211905,-6.8363555,,,,0,,openstreetmap
Molina,Other,Rabat,,34.0212253,-6.8357782,,,,0,,openstreetmap
Hollywood,Other,Rabat,,34.0212378,-6.835939,,,,0,,openstreetmap
33 Export,Other,Rabat,,34.0211929,-6.835467,,,,0,,openstreetmap
Snack Ghazaa,Other,Rabat,,34.0207831,-6.836921,,,,0,,openstreetmap
Green Café,Other,Rabat,,34.0209754,-6.8363512,,,,0,,openstreetmap
Le Lingot D'or,Other,Rabat,,34.0209855,-6.8367366,,,,0,,openstreetmap
La Fine Brioche,Other,Rabat,,34.0208311,-6.8358382,,,,0,,openstreetmap
Majestic,Other,Rabat,,34.0207515,-6.8360641,,,,0,,openstreetmap
Comedie,Other,Rabat,,34.0203533,-6.8370087,,,,0,,openstreetmap
La Scène,Other,Rabat,,34.0200628,-6.8371762,+212666557921,,,0,,openstreetmap
% Arabica,Other,Rabat,,34.0163656,-6.82871,,,,0,,openstreetmap
Chateaubriand,Other,Rabat,,34.0003924,-6.8450784,,,,0,,openstreetmap
Doncof,Other,Rabat,,34.0019876,-6.846073,,,,0,,openstreetmap
Al Boustane,Other,Rabat,,34.0020721,-6.8458893,,,,0,,openstreetmap
Il Buon Gelato,Other,Rabat,,34.001741,-6.8457693,,,,0,,openstreetmap
Gustie Sapori,Other,Rabat,,33.9997916,-6.8459747,,,,0,,openstreetmap
Le Saxo,Other,Rabat,,33.9996969,-6.8461436,,,,0,,openstreetmap
La Une,Other,Rabat,,34.0005106,-6.8465371,,,,0,,openstreetmap
La Fournée,Other,Rabat,,33.9977822,-6.8485827,,,,0,,openstreetmap
Oliveri,Other,Rabat,,33.9976795,-6.8484955,,,,0,,openstreetmap
By Cap,Other,Rabat,,33.9901132,-6.8497583,,,,0,,openstreetmap
Corrida,Other,Rabat,,34.0227995,-6.8301512,,,,0,,openstreetmap
La Rose Verte,Other,Rabat,,34.0243178,-6.8304731,,,,0,,openstreetmap
Latium,Other,Rabat,,33.9548026,-6.8652877,,,,0,,openstreetmap
Cofeeshop Company,Other,Rabat,,33.9558937,-6.8663755,,,,0,,openstreetmap
Aya Rosa,Other,Rabat,,33.9556091,-6.8663063,,,,0,,openstreetmap
La Cuchara,Other,Rabat,,33.955381,-6.8661613,,,,0,,openstreetmap
The Noodle House,Other,Rabat,,33.9555473,-6.8662305,,,,0,,openstreetmap
La Terrazza,Other,Rabat,,33.9535514,-6.8636956,,,,0,,openstreetmap
Zayyane,Other,Rabat,,33.9560802,-6.8667069,,,,0,,openstreetmap
Starbucks,Other,Rabat,,33.9566443,-6.8676795,,https://www.starbucks.co.uk/store-locator/50915-276625/rebat-nakhil-st.,,0,,openstreetmap
Mister Brochette,Other,Rabat,,34.0203039,-6.8285313,+212674317790,,,0,,openstreetmap
Tapamigo,Other,Rabat,Avenue Ibn Batouta شارع ابن بطوطة,34.0083478,-6.8395114,+212664594399,,,0,,openstreetmap
Miami Light,Other,Rabat,,33.9948633,-6.8503589,,,,0,,openstreetmap
Dar Morjana,Other,Rabat,Avenue Atlas,33.99673,-6.8460289,+212537686323,,,0,,openstreetmap
Tacos de Lyon,Other,Rabat,Avenue Maghreb Arabe,34.0200706,-6.8448274,,,,0,,openstreetmap
Café Benhammou,Other,Rabat,Avenue Maghreb Arabe,34.0202529,-6.8450339,,,,0,,openstreetmap
Venezia Ice,Other,Rabat,Avenue de France شارع فرنسا,33.9977697,-6.8481855,,,,0,,openstreetmap
Bert's,Other,Rabat,,33.9975563,-6.8479977,,,,0,,openstreetmap
Terre de Glace,Other,Rabat,,34.0012609,-6.8499423,,,,0,,openstreetmap
Café Badr,Other,Rabat,,34.0011897,-6.8499075,,,,0,,openstreetmap
Café Kamaoufel,Other,Rabat,,34.001103,-6.8498646,,,,0,,openstreetmap
Boubnina,Other,Rabat,Place Abou Bakr Asseddik,34.0001958,-6.8493844,,,,0,,openstreetmap
Pinchos,Other,Rabat,,33.9954771,-6.850578,,,,0,,openstreetmap
Citirusta,Other,Rabat,Avenue Ibn Sina,34.0020281,-6.8518914,+212537773498,,,0,,openstreetmap
Goethe 2.0,Other,Rabat,Avenue Oqba شارع عقبة,34.0058019,-6.8466383,,,,0,,openstreetmap
Chez Ouazzani,Other,Rabat,,34.0046502,-6.8470373,,,,0,,openstreetmap
Le Savarin,Other,Rabat,Rue Tensift,33.9994358,-6.8465284,,,,0,,openstreetmap
Zen Garden,Other,Rabat,زنقة ملوية Rue Melouya,33.9979001,-6.8480774,,,,0,,openstreetmap
Le Rocher,Other,Rabat,,33.9978536,-6.8478628,,,,0,,openstreetmap
Café Concorde,Other,Rabat,Avenue Hassan II,34.0202724,-6.8425154,,,,0,,openstreetmap
Le Grand Comptoir,Other,Rabat,Avenue Mohamed V,34.0190163,-6.8361497,,,,0,,openstreetmap
Café la Tourterelle,Other,Rabat,,34.0012726,-6.8480836,,,,0,,openstreetmap
Sand'way,Other,Rabat,Avenue Oqba شارع عقبة,34.0026312,-6.8502535,,,,0,,openstreetmap
O'pizza,Other,Rabat,Avenue Oqba شارع عقبة,34.0026601,-6.8502213,,,,0,,openstreetmap
La Diva,Other,Rabat,,34.0029614,-6.8496594,,,,0,,openstreetmap
Salés Sucrés,Other,Rabat,Avenue Oqba شارع عقبة,34.0030126,-6.8497949,,,,0,,openstreetmap
La Graille,Other,Rabat,Avenue Oqba شارع عقبة,34.0028469,-6.8500014,,,,0,,openstreetmap
Casarina,Other,Rabat,Avenue Oqba شارع عقبة,34.0041055,-6.8483331,,,,0,,openstreetmap
La Tassa,Other,Rabat,Avenue Oqba شارع عقبة,34.0037875,-6.8486979,,,,0,,openstreetmap
Café de Paris,Other,Rabat,Avenue Oqba شارع عقبة,34.0036785,-6.8488105,,,,0,,openstreetmap
Le Bartoldi,Other,Rabat,,34.0034395,-6.8490975,,,,0,,openstreetmap
Zumbra Jus,Other,Rabat,,34.0206193,-6.8267618,,,,0,,openstreetmap
Restaurant - Rotisserie Aya,Other,Rabat,,34.0196651,-6.8257908,,,,0,,openstreetmap
Addik Snack,Other,Rabat,Avenue Al Alaouiyine,34.01997,-6.8259498,,,,0,,openstreetmap
La passerelle,Other,Rabat,,34.0202585,-6.8256246,,,,0,,openstreetmap
Happy Fish,Other,Rabat,,34.0207647,-6.824351,,,,0,,openstreetmap
Santo,Other,Rabat,Rue Zagora Hassan,34.0205304,-6.8242096,,,,0,,openstreetmap
Le Mare Nostrum,Other,Rabat,,34.018773,-6.8254374,,,,0,,openstreetmap
Sens du goût,Other,Rabat,,34.0192771,-6.8256076,,,,0,,openstreetmap
Fabiola,Other,Rabat,,34.0174879,-6.8271151,,,,0,,openstreetmap
La Brasserie,Other,Rabat,,34.0175478,-6.8277983,,,,0,,openstreetmap
Lilas,Other,Rabat,,34.0004894,-6.8455279,,,,0,,openstreetmap
Pilippe Rey. Petit Bistro,Other,Rabat,,34.0206136,-6.8304944,,,,0,,openstreetmap
Croquette,Other,Rabat,,34.0213371,-6.8262187,,,,0,,openstreetmap
Abha,Other,Rabat,,34.0245064,-6.8447902,,,,0,,openstreetmap
saada food,Other,Rabat,,34.0217639,-6.8313352,,,,0,,openstreetmap
exotic,Other,Rabat,,34.0215728,-6.8306308,,,,0,,openstreetmap
Perle Diamant,Other,Rabat,,34.0215612,-6.830985,,,,0,,openstreetmap
Café Florida,Other,Rabat,,34.0215701,-6.8486008,,,,0,,openstreetmap
Chiwates du terroir,Other,Rabat,,34.0185128,-6.8260138,,,,0,,openstreetmap
Restaurant Riyad Al Hassan,Other,Rabat,,34.016457,-6.8507726,+212534600788,,,0,,openstreetmap
Café au coin de la perle,Other,Rabat,,34.0191799,-6.8478221,,,,0,,openstreetmap
Le Sablier,Other,Rabat,,34.0182945,-6.8473313,,,,0,,openstreetmap
Le Georges,Other,Rabat,,34.0007034,-6.8459905,,,,0,,openstreetmap
Il Giardino الجيردينو,Other,Rabat,Avenue Ahmed El Yazidi شارع أحمد اليزيدي,34.0156052,-6.8211928,,,,0,,openstreetmap
4You,Other,Rabat,,34.025619,-6.8452645,,,,0,,openstreetmap
Guelzim,Other,Rabat,,34.0204392,-6.8367645,,,,0,,openstreetmap
L'imperial,Other,Rabat,,33.9996923,-6.8486913,,,,0,,openstreetmap
Tout Va Bien,Other,Rabat,,34.0179112,-6.8514265,,,,0,,openstreetmap
Pizza Risse,Other,Rabat,,34.0176887,-6.8518931,,,,0,,openstreetmap
La Gafiera,Other,Rabat,Rue Ibn Hajar زنقة ابن حجر,34.0085412,-6.8514521,+212537770200,,,0,,openstreetmap
La Grillardiere,Other,Rabat,,33.9581699,-6.872866,,,,0,,openstreetmap
La Piazza Verde,Other,Rabat,,33.9574329,-6.8726944,,,,0,,openstreetmap
Almasjid,Other,Rabat,,33.957253,-6.8728792,,,,0,,openstreetmap
Il Bam Bino,Other,Rabat,,33.9571488,-6.8730212,,,,0,,openstreetmap
Goss!p,Other,Rabat,,33.9573326,-6.872823,,,,0,,openstreetmap
La Deliciosa,Other,Rabat,Rue 16 Novembre شارع 16 نوفمبر,33.9915537,-6.8484737,,,,0,,openstreetmap
L'hacienda,Other,Rabat,,34.0177968,-6.8253706,,,,0,,openstreetmap
Krystal,Other,Rabat,,34.0172493,-6.8351892,,,,0,,openstreetmap
Tacos De Mexico,Other,Rabat,,34.0253428,-6.8461406,,,,0,,openstreetmap
la carré noir,Other,Rabat,,34.0191083,-6.8358451,,,,0,,openstreetmap
Al Fanous,Other,Rabat,,34.0182035,-6.8341182,,,,0,,openstreetmap
le rêve,Other,Rabat,,34.0185454,-6.835224,,,,0,,openstreetmap
Café l'Escale,Other,Rabat,,34.0167876,-6.8239355,,,,0,,openstreetmap
bouregreg,Other,Rabat,,34.0242033,-6.8319921,,,,0,,openstreetmap
goût du détroit,Other,Rabat,,34.0243524,-6.8313973,,,,0,,openstreetmap
Halinka,Other,Rabat,,34.0201996,-6.8350376,,,,0,,openstreetmap
Café Ifrane,Other,Rabat,Avenue Tadla,33.9943787,-6.8184338,,,,0,,openstreetmap
Nour Al Arab,Other,Rabat,,34.0083088,-6.8515226,,,,0,,openstreetmap
Faceburger,Other,Rabat,Avenue de Michlifen شارع مشليفن,33.9939453,-6.8493165,,,,0,,openstreetmap
Paparotti,Other,Rabat,,34.0178571,-6.8344649,,,,0,,openstreetmap
La petite duchesse,Other,Rabat,,34.0178894,-6.8344227,,,,0,,openstreetmap
Anoual Grillade,Other,Rabat,,34.0176199,-6.8349657,,,,0,,openstreetmap
Smoothie Frais,Other,Rabat,,34.0183463,-6.8345388,,,,0,,openstreetmap
Henry's Bar,Other,Rabat,,34.0169745,-6.8348968,,,,0,,openstreetmap
Salon de thé Amoun Er Rachid,Other,Rabat,,34.0175462,-6.8349794,,,,0,,openstreetmap
Youm Youm,Other,Rabat,,34.0181067,-6.8340996,,,,0,,openstreetmap
Nabab kebab,Other,Rabat,,33.957802,-6.8730532,,,,0,,openstreetmap
upstairs pub,Other,Rabat,Avenue de Michlifen شارع مشليفن,33.9936841,-6.851694,,,,0,,openstreetmap
MY BOU,Other,Rabat,,34.0155962,-6.8303308,,,,0,,openstreetmap
Tablit,Other,Rabat,,34.0209373,-6.8315358,,,,0,,openstreetmap
INZA,Other,Rabat,,34.0239017,-6.8390483,,,,0,,openstreetmap
restaurant le mandarin,Other,Rabat,,34.0246698,-6.8471627,,http://www.lemandarin.ma,,0,,openstreetmap
Café Al Osra قهوة الأسرة,Other,Rabat,Avenue Abdelkrim Al Khattabi شارع عبد الكريم الخطابي,34.0215976,-6.8508931,,,,0,,openstreetmap
Restaurant Tian An Men Chinois,Other,Rabat,,34.0214861,-6.8484941,,,,0,,openstreetmap
Café SaniDiana مقهى ساني ديانا,Other,Rabat,,34.0195008,-6.8494479,,,,0,,openstreetmap
Mirabilis,Other,Rabat,,34.0223029,-6.8466163,,,,0,,openstreetmap
Café Des Lys,Other,Rabat,Avenue Al Mouqaouama شارع المقاومة,34.0215465,-6.8472068,,,,0,,openstreetmap
جولي فيراج,Other,Rabat,,33.9843209,-6.8075216,,,,0,,openstreetmap
Café Ghita,Other,Rabat,Avenue Maghreb Arabe شارع المغرب العربي,34.0208864,-6.8427846,,,,0,,openstreetmap
Ichwa,Other,Rabat,Avenue Hassan II شارع الحسن الثاني,34.0211977,-6.839708,,,,0,,openstreetmap
Villa My Pearl,Other,Rabat,,33.9883906,-6.8516456,+212710066666,,,0,,openstreetmap
Villa M,Other,Rabat,,33.9902716,-6.8515298,,,,0,,openstreetmap
Baba Ghannouge,Other,Rabat,,34.0161227,-6.8346761,,,,0,,openstreetmap
شجرة الصنوبر,Other,Rabat,Avenue de France شارع فرنسا,33.9979318,-6.8476184,,,,0,,openstreetmap
Kung Fu,Other,Rabat,,34.000914,-6.8439043,,,,0,,openstreetmap
Yamal Acham,Other,Rabat,,34.0205096,-6.8431608,+212537720276,,,0,,openstreetmap
Le Petit Beur,Other,Rabat,,34.0178088,-6.8350104,+212537731322,,,0,,openstreetmap
سناك أدرار,Other,Rabat,,33.996654,-6.8712261,,,,0,,openstreetmap
أميكو سناك,Other,Rabat,,33.9964715,-6.8709927,,,,0,,openstreetmap
Istanbul Express - Turkish Restaurant,Other,Rabat,,34.0013919,-6.8503468,+212537680606,,,0,,openstreetmap
JaponeZa,Other,Rabat,,34.0014813,-6.8503934,+212537686871,,,0,,openstreetmap
Hbibo,Other,Rabat,Rue Jbel Bouiblane زنقة جبل بويبلان,33.9947337,-6.8468608,,,,0,,openstreetmap
Sahbi,Other,Rabat,,33.9972314,-6.8496625,,,,0,,openstreetmap
Zoom Pizza,Other,Rabat,Avenue Mohamed V,34.0156829,-6.8344541,+212537208327,,,0,,openstreetmap
Le limonadier,Other,Rabat,,33.9965709,-6.8453165,,,,0,,openstreetmap
Brasserie Terminus,Other,Rabat,Avenue Mohammed V,34.0159811,-6.8352736,+212537705210,,,0,,openstreetmap
Zumba,Other,Rabat,,33.9976366,-6.8477337,,,,0,,openstreetmap
globe lounge,Other,Rabat,,33.9980117,-6.8451742,,,,0,,openstreetmap
google,Other,Rabat,,33.9984731,-6.845378,,,,0,,openstreetmap
miss one,Other,Rabat,,33.9986388,-6.84561,,,,0,,openstreetmap
Taco Bueno,Other,Rabat,,33.9964205,-6.8470482,,,,0,,openstreetmap
Mondolini Lounge,Other,Rabat,,34.0217548,-6.8314959,,,,0,,openstreetmap
Restaurant de la Liberation,Other,Rabat,Avenue Mohamed V شارع محمد الخامس,34.0235955,-6.8388874,,,,0,,openstreetmap
Café Ritch,Other,Rabat,Rue Bucarest زنقة بوخارست,34.0204481,-6.8508344,,,,0,,openstreetmap
Fritura,Other,Rabat,,34.0200227,-6.8496166,,,,0,,openstreetmap
Cafe Hatim,Other,Rabat,,34.0022072,-6.8659736,,,,0,,openstreetmap
Cafe Maher,Other,Rabat,Avenue Annour,33.9943531,-6.8669526,,,,0,,openstreetmap
Snoopy Burger,Other,Rabat,Rue Moulay Ali Cherif,34.0173435,-6.8303257,,,,0,,openstreetmap
El Palatino,Other,Rabat,Avenue Mohamed V,34.0161541,-6.8346731,,,,0,,openstreetmap
Costa Del Cafe,Other,Rabat,Rue Al Hind,34.014819,-6.8531285,,,,0,,openstreetmap
Lys Rose,Other,Rabat,Rue Al Hind,34.0166521,-6.8508071,,,,0,,openstreetmap
Café Karim,Other,Rabat,Avenue Madagascar,34.0152525,-6.8505053,,,,0,,openstreetmap
Hungry Birds,Other,Rabat,Avenue Madagascar,34.0146823,-6.8506596,,,,0,,openstreetmap
L 'Escargot,Other,Rabat,Avenue Madagascar,34.0143056,-6.8510413,,,,0,,openstreetmap
Sultina,Other,Rabat,Rue Seddik Hsain زنقة الصديق حساين,34.0227635,-6.8502653,,,,0,,openstreetmap
Le Large Café,Other,Rabat,Avenue Mokhtar Gazoulit شارع المختار جزوليت,34.023407,-6.8519846,,,,0,,openstreetmap
Sun Way,Other,Rabat,Rue Paris زنقة باريس,34.0216642,-6.8470895,,,,0,,openstreetmap
Glacier Café Patissier,Other,Rabat,Avenue Abdelkrim Al Khattabi شارع عبد الكريم الخطابي,34.0238928,-6.8481208,,,,0,,openstreetmap
Café Du Midi,Other,Rabat,Avenue Patrice Lumumba,34.0119221,-6.8285434,,,,0,,openstreetmap
Ardeco Cuisine and Parquet,Other,Rabat,Avenue Patrice Lumumba,34.01457,-6.8288156,,,,0,,openstreetmap
Restaurant Les 2 Palais,Other,Rabat,Rue Moulay Ali Cherif,34.0123699,-6.8262035,,,,0,,openstreetmap
Cafe Martima,Other,Rabat,Rue Chobba Allail,33.955396,-6.8652548,,,,0,,openstreetmap
Bella Costa,Other,Rabat,Rue Aguelmane Sidi Ali,34.0068916,-6.8477212,,,,0,,openstreetmap
Globe Restaurant,Other,Rabat,Rue Al Achaari,34.0061634,-6.8473631,,,,0,,openstreetmap
Reggio,Other,Rabat,Avenue Oqba,34.0055219,-6.8470077,,,,0,,openstreetmap
Restaurant Pizza Musique & Expo,Other,Rabat,Avenue Oqba,34.0060867,-6.8463211,,,,0,,openstreetmap
Bistrot Burger,Other,Rabat,Avenue Oqba,34.0061223,-6.8462835,,,,0,,openstreetmap
La Petite Chaise,Other,Rabat,Avenue Mohamed Zerktouni,34.0151303,-6.8545058,,,,0,,openstreetmap
Café Joli Coin,Other,Rabat,Avenue Mohamed Zerktouni,34.0148998,-6.8549004,,,,0,,openstreetmap
Via Café,Other,Rabat,Avenue Atlas,33.9957673,-6.8494371,,,,0,,openstreetmap
Angelo Nardelli,Other,Rabat,Avenue Ibn Sina,33.9976548,-6.8510203,,,,0,,openstreetmap
Au Jour Le Jour,Other,Rabat,Avenue Atlas,33.9952298,-6.8504329,,,,0,,openstreetmap
Adelis,Other,Rabat,Rue Oued Baht,34.000063,-6.8482053,,,,0,,openstreetmap
Le Flamant Rose Cafe,Other,Rabat,Rue Melouya,34.0008724,-6.8493131,,,,0,,openstreetmap
La Italiana,Other,Rabat,Avenue de Bin El Ouidane,34.0051773,-6.848094,,,,0,,openstreetmap
Nour Cafe,Other,Rabat,Rue Aguelmane Sidi Ali,34.0047948,-6.8491656,,,,0,,openstreetmap
La Galerie,Other,Rabat,Avenue Omar Ibn Khattab,33.9997651,-6.8445937,,,,0,,openstreetmap
Bio Cafe,Other,Rabat,Avenue Al Haouz,33.9858338,-6.8212853,,,,0,,openstreetmap
Cafe Annahda,Other,Rabat,,33.9771936,-6.8209407,,,,0,,openstreetmap
Tacos Avenue,Other,Rabat,,34.0218546,-6.8469813,,,,0,,openstreetmap
Café ITALI مقهى إيطاليا,Other,Rabat,Avenue Mohamed V,34.0168935,-6.8349267,,,,0,,openstreetmap
Café Bel Air,Other,Rabat,,33.9953091,-6.8201162,,,,0,,openstreetmap
Dar Zaki,Other,Rabat,"Rue Moulay Brahim, Old Medina",34.0267279,-6.8339196,,,,0,,openstreetmap
Café مقهى آدم,Other,Rabat,,33.9906928,-6.8154751,,,,0,,openstreetmap
Miam - La petite brasserie,Other,Rabat,,33.9623895,-6.8646582,+212537713824,,,0,,openstreetmap
Café Shazine,Other,Rabat,Avenue Hassan II,34.0212241,-6.8396191,,,,0,,openstreetmap
Säidoune,Other,Rabat,Avenue Mohamed V شارع محمد الخامس,34.0160161,-6.8345992,,,,0,,openstreetmap
Café Tamazight,Other,Rabat,,33.9915361,-6.8676639,,,,0,,openstreetmap
Pizza des Gourmets,Other,Rabat,Rue Al Mouahidine زنقة الموحدين,34.0239681,-6.8246452,,,,0,,openstreetmap
شوارما مازن الشام,Other,Rabat,,34.0015073,-6.8468562,,,,0,,openstreetmap
Le monde,Other,Rabat,,34.0230153,-6.8385757,,,,0,,openstreetmap
Coffee Time,Other,Rabat,,33.9776824,-6.8168805,,,,0,,openstreetmap
La Ruche,Other,Rabat,,34.0198342,-6.8345369,,,,0,,openstreetmap
Good Way,Other,Rabat,,34.0257415,-6.8399812,,,,0,,openstreetmap
Dar Safran,Other,Rabat,,34.0209795,-6.8315318,,,,0,,openstreetmap
Le Ziryab,Other,Rabat,,34.0274972,-6.8342086,,,,0,,openstreetmap
Dipndip,Other,Rabat,Shaheed Deya Errahman,33.9543167,-6.8494526,+212522797208,https://dipndip.com/,,0,,openstreetmap
Campus Al Irfane,Other,Rabat,,33.9815635,-6.8644706,,,,0,,openstreetmap
Burger King,Other,Rabat,,33.9558523,-6.8412444,,,,0,,openstreetmap
La passion du jus,Other,Rabat,,34.0171004,-6.8348119,,,,0,,openstreetmap
MAYA-Restaurant lounge,Other,Rabat,Avenue Mohammed VI شارع محمد السادس,33.9833478,-6.8287415,+212668064110,https://maya-cantina-tropical.business.site/,,0,,openstreetmap
la rambla,Other,Rabat,Avenue Mohammed VI شارع محمد السادس,33.9840851,-6.8285645,+212600123965,https://www.facebook.com/pages/category/Restaurant/La-Rambla-Rabat-104818921050839/,,0,,openstreetmap
Chez guedi,Other,Rabat,,33.9751172,-6.8576625,,,,0,,openstreetmap
911,Other,Rabat,,34.015618,-6.8355673,,,,0,,openstreetmap
Bar salmane,Other,Rabat,Rue Pavnonia,33.9596063,-6.8502184,+212662854673,,,0,,openstreetmap
Boumalek Patisserie Océan,Other,Rabat,Avenue Maghreb Arabe شارع المغرب العربي,34.0202634,-6.8449581,,,,0,,openstreetmap
La piz,Other,Rabat,,33.9562969,-6.8673183,,,,0,,openstreetmap
Beyti Istanbul,Other,Rabat,Avenue Annakhil شارع النخيل,33.9564364,-6.8674722,,,,0,,openstreetmap
Metros de Pizza,Other,Rabat,,34.0034933,-6.8485214,+212537772425,,,0,,openstreetmap
mitsuki sushi,Other,Rabat,Avenue Omar Ibn Al Khattab,34.0031943,-6.8453073,+212662162107,https://www.instagram.com/mitsuki.rabat/,,0,,openstreetmap
Dounia,Other,Rabat,,34.0210639,-6.8433164,,,,0,,openstreetmap
Afoulki,Other,Rabat,,34.0209437,-6.8435083,,,,0,,openstreetmap
Les Cinq B,Other,Rabat,,33.9913637,-6.8511906,+212537672100,,,0,,openstreetmap
Petits Radis,Other,Rabat,,33.954341,-6.8493242,,,,0,,openstreetmap
El Chapo,Other,Rabat,,33.989165,-6.8513037,+212661113838,,,0,,openstreetmap
L'Atelier du Sandwich,Other,Rabat,,33.9952688,-6.8492357,+212537702990,,,0,,openstreetmap
Kimos,Other,Rabat,,33.9949086,-6.8509818,,,,0,,openstreetmap
Clandestino,Other,Rabat,,34.0021734,-6.8505314,,,,0,,openstreetmap
L'Avant Goût,Other,Rabat,,34.0027297,-6.8501392,,,,0,,openstreetmap
Pastaway,Other,Rabat,,34.0027771,-6.8500771,,,,0,,openstreetmap
F.café,Other,Rabat,,33.9973646,-6.844987,,,,0,,openstreetmap
مطعم سفره,Other,Rabat,,34.0208301,-6.8304208,,,,0,,openstreetmap
دار الناجي,Other,Rabat,,33.9794775,-6.8956636,+212662888005,,,0,,openstreetmap
Maison Beyrouth,Other,Rabat,,34.0013525,-6.8467198,+212537686309,,,0,,openstreetmap
Café Galicia,Other,Rabat,Allée Nord الممر الشمالي,33.9635913,-6.8656215,,,,0,,openstreetmap
Coffee House Company,Other,Rabat,,33.9896172,-6.8482449,,,,0,,openstreetmap
Le Galapagos,Other,Rabat,,34.0011635,-6.8506742,+212537686879,,,0,,openstreetmap
Rôtisserie des voyageurs,Other,Rabat,,33.9916116,-6.8671672,,,,0,,openstreetmap
Grande Saveur Isabel,Other,Rabat,,33.991645,-6.8668386,,,,0,,openstreetmap
Chichawa,Other,Rabat,Avenue Al Kifah,33.9908974,-6.8744289,,,,0,,openstreetmap
MOOJOOD (موجود),Other,Rabat,,34.0008186,-6.856458,+212537297940,https://moojood.ma/,,0,,openstreetmap
ستاربكس,Other,Rabat,,34.0003715,-6.8569275,+212691619137,,,0,,openstreetmap
Eat Néocantine,Other,Rabat,,33.9561737,-6.868444,+212661444684,,,0,,openstreetmap
Sandfood,Other,Rabat,,33.9558207,-6.8690994,+21237711777,,,0,,openstreetmap
Allo Beldi,Other,Rabat,,34.003439,-6.8463787,,,,0,,openstreetmap
La Table d'à Côté,Other,Rabat,,34.0180194,-6.8291722,+212537708166,,,0,,openstreetmap
Café Carrion,Other,Rabat,Rue 16 Novembre شارع 16 نوفمبر,33.9924418,-6.8474788,+212537670707,https://cafescarrion.com/,,0,,openstreetmap
Villarica,Other,Rabat,,34.0003815,-6.8470908,,,,0,,openstreetmap
Meeting,Other,Rabat,,33.9868822,-6.8504739,,,,0,,openstreetmap
أسماك العلمي,Other,Rabat,,33.99226,-6.8828604,+212537792609,,,0,,openstreetmap
Café El Ghouroub,Other,Rabat,,33.9923885,-6.88279,,,,0,,openstreetmap
Lily Gourmet,Other,Rabat,Rue Soumaya,33.9901181,-6.8518641,+21237653186,https://lily-gourmet.com/bakery/,,0,,openstreetmap
Joli Coin,Other,Rabat,,33.9900747,-6.8541283,,,,0,,openstreetmap
Oh My Bun!,Other,Rabat,,33.9556215,-6.869496,+212537717212,,,0,,openstreetmap
Café 7 fruits,Other,Rabat,,33.9946795,-6.8500893,,,,0,,openstreetmap
El Tropic,Other,Rabat,,33.9811949,-6.8290121,,,,0,,openstreetmap
Fast Food,Other,Rabat,,33.9787197,-6.8808027,,,,0,,openstreetmap
Maeya Brunch,Other,Rabat,,34.0167984,-6.8318692,,,,0,,openstreetmap
مقهى هابي داي,Other,Rabat,شارع الفتح,33.9722953,-6.8831629,,,,0,,openstreetmap
Café ZILIS,Other,Rabat,شارع المجد,33.967943,-6.8969979,+212537280053,,,0,,openstreetmap
café 3Princesses,Other,Rabat,شارع المجد,33.9680887,-6.8971666,,,,0,,openstreetmap
Le Délice Africain,Other,Rabat,,33.9955796,-6.8494652,+212537682440,,,0,,openstreetmap
مقهى لاكاشيت,Other,Rabat,,33.9677329,-6.8967321,,,,0,,openstreetmap
مقهى هيرمانوس,Other,Rabat,,33.9673242,-6.9026853,,,,0,,openstreetmap
واينوت,Other,Rabat,,33.9816809,-6.8643669,,,,0,,openstreetmap
Café Jannat de Hamza,Other,Rabat,,34.0247286,-6.8386468,,,,0,,openstreetmap
اوليفيري,Other,Rabat,محج الرياض,33.9626325,-6.8656551,,,,0,,openstreetmap
باربيرا,Other,Rabat,محج الرياض,33.9618062,-6.8657221,,,,0,,openstreetmap
Sushi House,Other,Rabat,محج الرياض,33.9619665,-6.8655461,,,,0,,openstreetmap
Blend,Other,Rabat,,33.9619238,-6.8655898,,,,0,,openstreetmap
Dinarjat,Other,Rabat,,34.0281632,-6.8376448,,,,0,,openstreetmap
Le goéland,Other,Rabat,,34.0145407,-6.8281738,,,,0,,openstreetmap
Casa José,Other,Rabat,,34.0189901,-6.8361186,,,,0,,openstreetmap
Snack Lwalida,Other,Rabat,شارع المجد,33.9688905,-6.8980937,,,,0,,openstreetmap
Primus,Other,Rabat,,34.0153944,-6.8350059,,,,0,,openstreetmap
Sufra,Other,Rabat,,34.0206332,-6.8304218,+212659229160,,,0,,openstreetmap
Felicita,Other,Rabat,,33.9610385,-6.8673328,,,,0,,openstreetmap
Little Mamma,Other,Rabat,,33.9601638,-6.867717,,,,0,,openstreetmap
Oceanos,Other,Rabat,,33.9601602,-6.8674561,,,,0,,openstreetmap
Dar Naji Agdal,Other,Rabat,,34.0033035,-6.8463067,+212662559122,,,0,,openstreetmap
La Pagode,Other,Rabat,,34.0153111,-6.8376916,,,,0,,openstreetmap
Luna Palace,Other,Rabat,,33.9803511,-6.8846693,,,,0,,openstreetmap
Glacier,Other,Rabat,,34.015678,-6.836674,,,,0,,openstreetmap
Le Medina,Other,Rabat,Rue Annakhil,33.959691,-6.8734776,+212537712722,https://lemedinarabat.ma/#,,0,,openstreetmap
Saladbar - Green is better,Other,Rabat,,33.9625506,-6.8648192,+212537715299,,,0,,openstreetmap
As'iam,Other,Rabat,,33.9540727,-6.8746584,+212537565630,,,0,,openstreetmap
L'Atelier Burger,Other,Rabat,,33.9537687,-6.8739709,+212537564379,,,0,,openstreetmap
Boca Buena,Other,Rabat,,34.0031527,-6.8494679,+212697590954,,,0,,openstreetmap
Mania Club Café,Other,Rabat,,34.0182886,-6.8481902,+212537730304,,,0,,openstreetmap
Dunkin',Other,Rabat,,33.9623476,-6.8662715,,,,0,,openstreetmap
Wedo Burgers,Other,Rabat,,33.9600424,-6.8678269,,,,0,,openstreetmap
Le Picolo's,Other,Rabat,,33.9867191,-6.8282633,,,,0,,openstreetmap
Primos Chicken,Other,Rabat,Place Abou Bakr Asseddik ساحة أبو بكر الصديق,33.9998339,-6.8504201,+212808508309,,,0,,openstreetmap
Casketa,Other,Rabat,Place Abou Bakr Asseddik ساحة أبو بكر الصديق,33.9999928,-6.8500457,,,,0,,openstreetmap
GOLDEN FISH,Other,Rabat,Avenue Imam Malek,33.9899813,-6.8376905,+212537675656,,,0,,openstreetmap
Marina Palms,Other,Rabat,,34.0276629,-6.8301854,,,,0,,openstreetmap
Ober Mamma,Other,Rabat,,34.0163571,-6.8304629,,,,0,,openstreetmap
Les Saveurs de Chine,Other,Rabat,Rue Benzert زنقة بنزرت,34.0163634,-6.8325103,+212770069111,,,0,,openstreetmap
Radia Restaurant - Café,Other,Rabat,Diar Elmansour,33.9951968,-6.8797646,+212537695493,,,0,,openstreetmap
Café Crusty,Other,Rabat,,33.9918488,-6.8833825,,,,0,,openstreetmap
Sabahacham,Other,Rabat,,33.9933152,-6.8813958,,,,0,,openstreetmap
Tagadirt Restaurant,Other,Rabat,,34.0205409,-6.8370985,,,,0,,openstreetmap
Cafétéria Marché Central,Other,Rabat,,34.0227959,-6.8383811,,,,0,,openstreetmap
Top Batido,Other,Rabat,,34.0158346,-6.834501,,,,0,,openstreetmap
Instagrill Rabat,Other,Rabat,,34.0193504,-6.8427468,,,,0,,openstreetmap
Snack Boukana,Other,Rabat,,34.0214923,-6.8437635,,,,0,,openstreetmap
Dar el Karam Fatima,Other,Rabat,,34.0321495,-6.8352488,,,,0,,openstreetmap
Castle Food,Other,Rabat,Place Abou Bakr Asseddik ساحة أبو بكر الصديق,34.0003148,-6.8494302,,,,0,,openstreetmap
awal cafe,Other,Rabat,Avenue Oqba شارع عقبة,34.0075592,-6.8450438,,,,0,,openstreetmap
Vazzy's Cafe,Other,Rabat,Rue Mohamed Triki زنقة محمد التريكي,34.0027765,-6.8574423,,,,0,,openstreetmap
La Javanaise,Other,Rabat,Avenue Hassan II شارع الحسن الثاني,34.0060569,-6.8562358,,,,0,,openstreetmap
cafe barozas,Other,Rabat,Rue Al Hind زنقة الهند,34.0172825,-6.8502934,,,,0,,openstreetmap
La Ola,Other,Rabat,Rue du Rif,33.9746719,-6.8293635,+212637372575,,,0,,openstreetmap
Chiken GZA,Other,Rabat,,34.0250271,-6.8395424,,,,0,,openstreetmap
Dar Mounia,Other,Rabat,,34.029533,-6.835859,,,,0,,openstreetmap
Ourize Food,Other,Rabat,,34.0248276,-6.8395669,,,,0,,openstreetmap
Habricha Istanbul,Other,Rabat,,34.0246786,-6.8394923,,,,0,,openstreetmap
Tacos de Paris,Other,Rabat,,33.9958844,-6.8472458,,,,0,,openstreetmap
Le Nautilus,Other,Rabat,Rue Ouhoud زنقة أحد,33.9938585,-6.8493701,+212666116817,,,0,,openstreetmap
Fried fish,Other,Rabat,,34.0270629,-6.8327084,,,,0,,openstreetmap
Vittoria,Other,Rabat,Rue 16 Novembre شارع 16 نوفمبر,33.9923084,-6.8476138,,,,0,,openstreetmap
Sofia Palace,Other,Rabat,Avenue Mehdi Ben Barka شارع المهدي بن بركة,33.9686194,-6.8470185,+212537655252,,,0,,openstreetmap
ماكدونالدز,Other,Rabat,,34.0034562,-6.8447118,,,,0,,openstreetmap
La Bodega,Other,Rabat,Avenue de Michlifen شارع مشليفن,33.9930228,-6.8477333,,,,0,,openstreetmap
Café Be You,Other,Rabat,Avenue Fal Ould Oumeir شارع فال ولد عمير,33.9940759,-6.8470675,,,,0,,openstreetmap
شاورما أبطال الشام المدينة,Other,Rabat,,34.0163506,-6.8345568,,,,0,,openstreetmap
Café Hawaii,Other,Rabat,,34.0162809,-6.8346461,,,,0,,openstreetmap
Café Le Calisson,Other,Rabat,,33.9879697,-6.8513309,,,,0,,openstreetmap
Sushi B ox,Other,Rabat,,33.959946,-6.8679549,,,,0,,openstreetmap
Fratello,Other,Rabat,,33.9605071,-6.8673408,,,,0,,openstreetmap
Nigela,Other,Rabat,,33.9609801,-6.8673953,,,,0,,openstreetmap
Gotham,Other,Rabat,,33.9610465,-6.8665625,,,,0,,openstreetmap
Soy,Other,Rabat,,33.9614102,-6.8669313,,,,0,,openstreetmap
Chez Kimo,Other,Rabat,,33.9614913,-6.8668572,,,,0,,openstreetmap
Tapéo,Other,Rabat,,33.9612135,-6.8665923,,,,0,,openstreetmap
Green Chili,Other,Rabat,,33.9623046,-6.8663143,,,,0,,openstreetmap
Lyn,Other,Rabat,,33.9618767,-6.8656594,,,,0,,openstreetmap
Café RH,Other,Rabat,,33.9613496,-6.8656324,,,,0,,openstreetmap
Pizza Verra,Other,Rabat,,33.9631602,-6.8661126,,,,0,,openstreetmap
Buvette de l'ENA,Other,Rabat,,33.9878532,-6.8619473,,,,0,,openstreetmap
Le PAvillon des Gourmets,Other,Rabat,,33.9505561,-6.8416822,,,,0,,openstreetmap
Barco Blanco,Other,Rabat,,34.0277243,-6.8305932,,,,0,,openstreetmap
Blue Berry,Other,Rabat,,34.0276219,-6.8297655,,,,0,,openstreetmap
مطعم النرجس,Other,Rabat,,33.9691647,-6.8799189,,,,0,,openstreetmap
L'Endroit,Other,Rabat,Rue Jabal Oukaïmeden زنقة جبل أوكايمدن,33.9960654,-6.8467333,+212808503667,,,0,,openstreetmap
Le Four A Bois,Other,Rabat,,33.9971949,-6.8592134,,,,0,,openstreetmap
Out Of Africa,Other,Rabat,,33.9522112,-6.8974688,,,,0,,openstreetmap
Panda,Other,Rabat,Avenue Annakhil شارع النخيل,33.9562005,-6.8679194,+212537565752,,,0,,openstreetmap
Le Safran,Other,Rabat,,33.9438438,-6.8159295,,,,0,,openstreetmap
Borjeddar,Other,Rabat,,34.0321616,-6.8400816,+212537701500,,,0,,openstreetmap
Ciconia,Other,Rabat,,34.006118,-6.8219385,,,,0,,openstreetmap
Le Patio,Other,Rabat,,34.0068827,-6.8232425,,,,0,,openstreetmap
Café Mia Luna,Other,Rabat,,34.0214259,-6.8308556,,,,0,,openstreetmap
Kasr al Assil,Other,Rabat,,34.0130405,-6.8306797,,,,0,,openstreetmap
Chez Lhaja,Other,Rabat,,34.0233897,-6.8359775,,,,0,,openstreetmap
Dalla Zia,Other,Rabat,,33.9963315,-6.8785146,,,,0,,openstreetmap
Mocaccino,Other,Rabat,,33.99571,-6.8791211,,,,0,,openstreetmap
Bocadillos Del Costa,Other,Rabat,,33.9959373,-6.8783867,,,,0,,openstreetmap
Café Jour à la Mer,Other,Rabat,,33.995468,-6.8789133,,,,0,,openstreetmap
Ice Burg,Other,Rabat,,33.9957446,-6.8790902,,,,0,,openstreetmap
Café Picardi,Other,Rabat,,33.9963779,-6.8784666,,,,0,,openstreetmap
Batbout Mima,Other,Rabat,,33.9965551,-6.8782985,,,,0,,openstreetmap
La vue de Rabat,Other,Rabat,"La corniche de Rabat Résidence Assabah, Rabat 10000",33.994364,-6.8804758,+212607885764,,,0,,openstreetmap
Café point de vue,Other,Rabat,Avenue Mustapha Assayeh شارع مصطفى السايح,33.9952559,-6.8795344,+212643285667,,,0,,openstreetmap
Hoya Bella Café,Other,Rabat,Avenue Mustapha Assayeh شارع مصطفى السايح,33.9951777,-6.8796035,+212663283400,https://www.hoyabella.ma/,,0,,openstreetmap
Baz'Art,Other,Rabat,,34.0199095,-6.8303953,,,,0,,openstreetmap
Relais Marin,Other,Rabat,,34.0326266,-6.8387169,,,,0,,openstreetmap
Carrefour market,Other,Rabat,,33.976481,-6.8186037,,,,0,,openstreetmap
Delish'bun,Other,Rabat,Rue Jabal El Ayachi زنقة جبل العياشي,33.9954533,-6.8467761,+212674745858,,,0,,openstreetmap
Matsuri,Other,Rabat,,33.9847672,-6.8284373,,,,0,,openstreetmap
L'avenue,Other,Rabat,,33.9852957,-6.8282407,,,,0,,openstreetmap
Yogorino hay riad,Other,Rabat,,33.9534086,-6.8841129,,,,0,,openstreetmap
Ghost kitchen,Other,Rabat,,33.9627509,-6.8660631,,,,0,,openstreetmap
Matchai,Other,Rabat,,33.9967904,-6.847502,,,,0,,openstreetmap
MAHLABAT HASSAN,Other,Rabat,,34.0176993,-6.8461249,,,,0,,openstreetmap
Nezonya Café,Other,Rabat,,33.9900641,-6.8829785,,,,0,,openstreetmap
Café Carrion - Assabah,Other,Rabat,,33.991734,-6.883659,,,,0,,openstreetmap
مقهى نسمات بيتش,Other,Rabat,,33.9926785,-6.882347,,,,0,,openstreetmap
Assabah : Café & Restaurant,Other,Rabat,,33.9920725,-6.8831382,,,,0,,openstreetmap
Meknassi Poissons اسماك المكناسي,Other,Rabat,,33.99214,-6.883058,,,,0,,openstreetmap
مقهى أداسمين,Other,Rabat,,33.992549,-6.88248,,,,0,,openstreetmap
Cafeteria lalona,Other,Rabat,,33.992752,-6.882265,,,,0,,openstreetmap
Café Restaurant Rouge et Noir,Other,Rabat,,33.992838,-6.882261,,,,0,,openstreetmap
Deux délices,Other,Rabat,,34.010268,-6.859208,,,,0,,openstreetmap
Le Clubhouse Robuchon,Other,Rabat,,33.915584,-6.834354,,,,0,,openstreetmap
Lumen,Other,Rabat,,33.920144,-6.84032,,,,0,,openstreetmap
Association HADAF,Other,Rabat,,33.973781,-6.821049,,,,0,,openstreetmap
Baiana Lounge,Other,Rabat,,33.961089,-6.826099,,,,0,,openstreetmap
Palais Al Manzah,Other,Rabat,,33.965279,-6.821864,,,,0,,openstreetmap
Boulangerie & Pâtisserie Ourfane,Other,Rabat,,33.973083,-6.8197077,,,,0,,openstreetmap
UNIQUE COFFEE,Other,Rabat,,33.981894,-6.814801,,,,0,,openstreetmap
Café Azreg,Other,Rabat,,33.991212,-6.818291,,,,0,,openstreetmap
مطعم البيت الدمشقي,Other,Rabat,,33.9571536,-6.8728893,,,,0,,openstreetmap
Agha Acham,Other,Rabat,,33.950833,-6.886607,,,,0,,openstreetmap
Le Piano,Other,Rabat,,33.952543,-6.884951,,,,0,,openstreetmap
Domino’s Pizza,Other,Rabat,,33.953095,-6.883668,,,,0,,openstreetmap
Fino Resto,Other,Rabat,,33.953238,-6.880231,,,,0,,openstreetmap
Les 3 Dou'soeurs,Other,Rabat,,33.950636,-6.885705,,,,0,,openstreetmap
Grillade Al Andalous prestigia,Other,Rabat,,33.951117,-6.885701,,,,0,,openstreetmap
Lamjarred Boutique,Other,Rabat,,33.951333,-6.885446,,,,0,,openstreetmap
The Lobby Café - Lounge,Other,Rabat,,33.951776,-6.884829,,,,0,,openstreetmap
The corner,Other,Rabat,,33.953541,-6.883665,,,,0,,openstreetmap
مقهى بول بريستيجيا,Other,Rabat,,33.953453,-6.880618,,,,0,,openstreetmap
OOPS Fried Chicken,Other,Rabat,,33.996572,-6.870805,,,,0,,openstreetmap
Cafés Carrion Ocean,Other,Rabat,,33.999593,-6.875249,,,,0,,openstreetmap
Chez Marinette,Other,Rabat,,34.001257,-6.87379,,,,0,,openstreetmap
café london,Other,Rabat,,33.9962902,-6.8785683,,,,0,,openstreetmap
Café Zouhir.1,Other,Rabat,,33.9961394,-6.8786709,,,,0,,openstreetmap
Grillade al Joulane,Other,Rabat,,34.002763,-6.868298,,,,0,,openstreetmap
Tacos nahda,Other,Rabat,,33.997684,-6.874646,,,,0,,openstreetmap
boulangerie MALAK,Other,Rabat,,33.997571,-6.874211,,,,0,,openstreetmap
SNACK LALA FATIMA,Other,Rabat,,33.996392,-6.876017,,,,0,,openstreetmap
فطائر و حلويات بسمة,Other,Rabat,,33.996737,-6.876479,,,,0,,openstreetmap
Meknassi Tarik,Other,Rabat,,33.9959969,-6.8786831,,,,0,,openstreetmap
Zo food,Other,Rabat,,33.993712,-6.881101,,,,0,,openstreetmap
Café Mima,Other,Rabat,,34.002843,-6.867687,,,,0,,openstreetmap
Les hirmanos,Other,Rabat,,33.998228,-6.8743,,,,0,,openstreetmap
سناك العائلة,Other,Rabat,,33.9981441,-6.8743758,,,,0,,openstreetmap
فات لوليدة,Other,Rabat,,33.997802,-6.874532,,,,0,,openstreetmap
مزعزعات تطوانية,Other,Rabat,,33.996626,-6.875637,,,,0,,openstreetmap
Sahrawi bahja,Other,Rabat,,33.99849,-6.874101,,,,0,,openstreetmap
Café IMANOUR,Other,Rabat,,33.997526,-6.874727,,,,0,,openstreetmap
Café PRIMA VISTA,Other,Rabat,,33.996546,-6.875147,,,,0,,openstreetmap
Libanaise Chef,Other,Rabat,,33.996624,-6.8782312,,,,0,,openstreetmap
Café Quebec,Other,Rabat,,33.997305,-6.874578,,,,0,,openstreetmap
Pause MARINE,Other,Rabat,,33.996111,-6.878704,,,,0,,openstreetmap
Trois épices,Other,Rabat,,33.9941293,-6.8806851,,,,0,,openstreetmap
Café des vagues,Other,Rabat,,33.993997,-6.880809,,,,0,,openstreetmap
Snack Dari,Other,Rabat,,33.9974567,-6.8748476,,,,0,,openstreetmap
شاورما جبل فلسطين,Other,Rabat,,33.996207,-6.878605,,,,0,,openstreetmap
"Mira luna Café, Snack Et Glacier",Other,Rabat,,33.994957,-6.8798349,,,,0,,openstreetmap
Café BELLA MARINA,Other,Rabat,,33.993851,-6.881005,,,,0,,openstreetmap
Cafe la rive Assabah,Other,Rabat,,33.992868,-6.8817426,,,,0,,openstreetmap
Chhiwat dari,Other,Rabat,,33.9864122,-6.8870898,,,,0,,openstreetmap
Slice pizza pasta box,Other,Rabat,,33.981528,-6.89295,,,,0,,openstreetmap
Yakuza Sushi & More,Other,Rabat,,33.98018,-6.894427,,,,0,,openstreetmap
Triple sept,Other,Rabat,,33.9927631,-6.8816159,,,,0,,openstreetmap
Chez Farida,Other,Rabat,,33.987153,-6.886146,,,,0,,openstreetmap
Hakim Chbanat & Rona,Other,Rabat,,33.986267,-6.889088,,,,0,,openstreetmap
Jokir food,Other,Rabat,,33.985388,-6.890097,,,,0,,openstreetmap
Cafe chaba noir,Other,Rabat,,33.983388,-6.89223,,,,0,,openstreetmap
GoFrero Le Carrousel,Other,Rabat,,33.981747,-6.893081,,,,0,,openstreetmap
Mitsuki,Other,Rabat,,33.981547,-6.893098,,,,0,,openstreetmap
ChocoDream,Other,Rabat,,33.9811422,-6.8934453,,,,0,,openstreetmap
Cream'n Joy,Other,Rabat,,33.981629,-6.8937245,,,,0,,openstreetmap
Gap gourmet,Other,Rabat,,33.980397,-6.8944277,,,,0,,openstreetmap
Dar Addiafa,Other,Rabat,,33.993404,-6.881424,,,,0,,openstreetmap
coffee shop issou,Other,Rabat,,33.992024,-6.8803,,,,0,,openstreetmap
Maison El Hakim,Other,Rabat,,33.9932887,-6.8815703,,,,0,,openstreetmap
LE COQUILLAGE,Other,Rabat,,33.992701,-6.881965,,,,0,,openstreetmap
Makimac,Other,Rabat,,33.9812147,-6.8931614,,,,0,,openstreetmap
PAUL,Other,Rabat,,33.9817084,-6.8938548,,,,0,,openstreetmap
Escargot Sabah,Other,Rabat,,33.991224,-6.88099,,,,0,,openstreetmap
Sank grinta,Other,Rabat,,33.987217,-6.886233,,,,0,,openstreetmap
Elbayt Eldimashki - البيت الدمشقي,Other,Rabat,,33.980515,-6.893971,,,,0,,openstreetmap
Primos - Le Caroussel,Other,Rabat,,33.980534,-6.894228,,,,0,,openstreetmap
Liogelato,Other,Rabat,,33.980634,-6.894487,,,,0,,openstreetmap
Little Mamma Carrousel,Other,Rabat,,33.98082,-6.893507,,,,0,,openstreetmap
Kimbo,Other,Rabat,,33.981031,-6.894011,,,,0,,openstreetmap
Maison Samira Maatouk,Other,Rabat,,33.9801152,-6.8954426,,,,0,,openstreetmap
Snack Cafe Disney,Other,Rabat,,34.007671,-6.844877,,,,0,,openstreetmap
Café classiquo,Other,Rabat,,33.990717,-6.81044,,,,0,,openstreetmap
Café idrissi,Other,Rabat,,33.989632,-6.810534,,,,0,,openstreetmap
bays zoon,Other,Rabat,,33.987986,-6.813098,,,,0,,openstreetmap
La casa,Other,Rabat,,33.987806,-6.813647,,,,0,,openstreetmap
عبد القادر حرشة مسمن,Other,Rabat,,33.984849,-6.8164578,,,,0,,openstreetmap
Amina Grissates,Other,Rabat,,33.982959,-6.824124,,,,0,,openstreetmap
Cafe karifa 2,Other,Rabat,,33.990955,-6.813534,,,,0,,openstreetmap
Café Sally,Other,Rabat,,33.983348,-6.825718,,,,0,,openstreetmap
Café Annassim,Other,Rabat,,33.983012,-6.825562,,,,0,,openstreetmap
Baguetta Food,Other,Rabat,,33.984146,-6.820236,,,,0,,openstreetmap
Mr Grill,Other,Rabat,,33.984359,-6.820479,,,,0,,openstreetmap
snack monalisa,Other,Rabat,,33.980814,-6.824112,,,,0,,openstreetmap
Beignet crêpes Harcha,Other,Rabat,,33.966306,-6.903879,,,,0,,openstreetmap
شواية سي براهيم,Other,Rabat,,33.967153,-6.902647,,,,0,,openstreetmap
RK Malewa,Other,Rabat,,33.967882,-6.901175,,,,0,,openstreetmap
boulangerie al azhar,Other,Rabat,,33.9685112,-6.8977243,,,,0,,openstreetmap
Café Appolo,Other,Rabat,,33.967789,-6.896179,,,,0,,openstreetmap
Cafe Nassinass,Other,Rabat,,33.968324,-6.895531,,,,0,,openstreetmap
yousra délice,Other,Rabat,,33.969318,-6.896914,,,,0,,openstreetmap
Snack daoudy,Other,Rabat,,33.969084,-6.896736,,,,0,,openstreetmap
istambilos fast food and coffe shop,Other,Rabat,,33.965735,-6.90428,,,,0,,openstreetmap
Star sushi,Other,Rabat,,33.96691,-6.903107,,,,0,,openstreetmap
Café 51,Other,Rabat,,33.967238,-6.902825,,,,0,,openstreetmap
Nice cream,Other,Rabat,,33.968615,-6.897835,,,,0,,openstreetmap
Caffè Italiano,Other,Rabat,,33.967764,-6.8967663,,,,0,,openstreetmap
cafe Gold,Other,Rabat,,33.96863,-6.895124,,,,0,,openstreetmap
Pur Aroma,Other,Rabat,,33.968461,-6.895219,,,,0,,openstreetmap
Une cafe bientôt,Other,Rabat,,33.9675414,-6.8964948,,,,0,,openstreetmap
سناك شهيوات يونس,Other,Rabat,,33.980797,-6.881092,,,,0,,openstreetmap
Café chopp,Other,Rabat,,33.981212,-6.884223,,,,0,,openstreetmap
Asto Deli,Other,Rabat,,33.975242,-6.882489,,,,0,,openstreetmap
Snack Kam-food,Other,Rabat,,33.973698,-6.886147,,,,0,,openstreetmap
مطعم شهيوات المكناسي,Other,Rabat,,33.981382,-6.883602,,,,0,,openstreetmap
Asmak Oueld Driss,Other,Rabat,,33.9813931,-6.8835891,,,,0,,openstreetmap
Fast Food El Kifah,Other,Rabat,,33.981802,-6.88415,,,,0,,openstreetmap
Skemo Za3za3,Other,Rabat,,33.981382,-6.887079,,,,0,,openstreetmap
SKEMO FAMILY ط1,Other,Rabat,,33.9822741,-6.8860516,,,,0,,openstreetmap
SEA FOOD MQILLA,Other,Rabat,,33.9813149,-6.8861343,,,,0,,openstreetmap
La Minaudière,Other,Rabat,,33.9890746,-6.8286152,,,,0,,openstreetmap
Maymana,Other,Rabat,,33.9829886,-6.8295426,,,,0,,openstreetmap
Cedric Graulet,Other,Rabat,,33.9596719,-6.8736545,,,,0,,openstreetmap
Papa Johns,Other,Rabat,,33.9598528,-6.8716183,,,,0,,openstreetmap
Louai's,Other,Rabat,,33.9952259,-6.84704,,,,0,,openstreetmap
Primos,Other,Rabat,,33.9531295,-6.880783,+212537565617,https://primoschicken.com,,0,,openstreetmap
Food City Riffa Restaurant,Other,Riffa,,26.1279249,50.5434183,,,4.1,0,,google_places
AGORA Restaurant,Other,Riffa,,26.1341641,50.5487095,,,4.7,0,,google_places
Pastries on the Fly,Other,Riffa,,26.1335835,50.560162000000005,,,4.8,0,,google_places
Thai Seafood Restaurant,Other,Riffa,,26.1371619,50.570568099999996,,,4.7,0,,google_places
Chicket East Riffa,Other,Riffa,,26.1149607,50.575717,,,4.9,0,,google_places
Nomad Urban Eatery Riffa,Other,Riffa,,26.153039999999997,50.5489222,,,4.8,0,,google_places
"Angelina Paris Bahrain - Al-Raya Riffa, Tearoom",Other,Riffa,,26.1342045,50.5488186,,,4.4,0,,google_places
My Café Riffa,Other,Riffa,,26.134240000000002,50.5480431,,,4.2,0,,google_places
Pickl Riffa,Other,Riffa,,26.1347691,50.5505274,,,4.7,0,,google_places
Food World Restaurant,Other,Riffa,,26.1205118,50.567226399999996,,,3.8,0,,google_places
Doctor Food,Other,Riffa,,26.135607099999998,50.5553464,,,4.6,0,,google_places
Kahramanat Baghdad Restaurant,Other,Riffa,,26.1358149,50.5748089,,,4.5,0,,google_places
Tren Tren Riffa Restaurant & Grills,Other,Riffa,,26.115228899999998,50.5752017,,,4.1,0,,google_places
Desi Swag Restaurant,Other,Riffa,,26.122414499999998,50.5401822,,,4.1,0,,google_places
Al Kwar Riffa,Other,Riffa,,26.1360486,50.5633519,,,4.3,0,,google_places
مطعم سما الديرة الرفاع الغربي,Other,Riffa,,26.128021699999998,50.539956499999995,,,4.2,0,,google_places
New Abul Grill,Other,Riffa,,26.115098999999997,50.5753902,,,4.2,0,,google_places
Naughty by Raaw,Other,Riffa,,26.153817,50.548886499999995,,,4.2,0,,google_places
مطعم الأبراج - الرفاع,Other,Riffa,,26.1431594,50.5777947,,,4.1,0,,google_places
3 Lines Restaurant Riffa,Other,Riffa,,26.1356875,50.555937500000006,,,4.2,0,,google_places
Auberge Palmeras Y Dunas,Other,Rissani,,31.2172915,-3.9833527,,,,0,,openstreetmap
MYAZU Riyadh,Other,Riyadh,,24.6999984,46.7048876,,,4.4,0,,google_places
Nozomi Riyadh,Other,Riyadh,,24.7010494,46.6771162,,,4.7,0,,google_places
COYA,Other,Riyadh,,24.704533599999998,46.705886199999995,,,4.6,0,,google_places
Vidro | ڨيدرو,Other,Riyadh,,24.697720099999998,46.6863305,,,4.7,0,,google_places
La Brasserie لابراسيري,Other,Riyadh,,24.6904438,46.6840971,,,4.6,0,,google_places
V Restaurant KSA,Other,Riyadh,,24.7009306,46.675922,,,4.5,0,,google_places
Karam Beirut Restaurant - Riyadh Tahlia Street,Other,Riyadh,,24.7037615,46.702149399999996,,,4.1,0,,google_places
The Butcher Shop & Grill,Other,Riyadh,,24.700302699999998,46.69195620000001,,,4.8,0,,google_places
Mama Noura,Other,Riyadh,,24.6916263,46.701884799999995,,,4.3,0,,google_places
Al Mamlaka Social Dining,Other,Riyadh,,24.711479699999998,46.6744736,,,4.4,0,,google_places
PORTERHOUSE,Other,Riyadh,,24.694001999999998,46.6788305,,,4.2,0,,google_places
KAYZŌ,Other,Riyadh,,24.703864199999998,46.7061858,,,4.7,0,,google_places
Zafran Indian Kitchen - Turki Square,Other,Riyadh,,24.675490399999997,46.6680345,,,4.4,0,,google_places
Saudi Restaurants,Other,Riyadh,,24.6931205,46.6810389,,,3.9,0,,google_places
Aseeb Restaurant,Other,Riyadh,,24.8125975,46.627004299999996,,,4.5,0,,google_places
WHITE GARDEN I Cafe & Restaurant I Olaya,Other,Riyadh,,24.6943084,46.6836945,,,4.3,0,,google_places
Beit Karam,Other,Riyadh,,24.7083209,46.6881042,,,4.3,0,,google_places
Lusin Centria Mall,Other,Riyadh,,24.6978193,46.6834524,,,4.2,0,,google_places
fi glbak,Other,Riyadh,,24.7265958,46.6440106,,,4.7,0,,google_places
La Terraza,Other,Saar,,26.1970909,50.4775808,,,4.4,0,,google_places
Abrisham Bahrain | ابريشم البحرين مطعم ايراني,Other,Saar,,26.2038866,50.4994711,,,4.6,0,,google_places
Lumee Street - Saar,Other,Saar,,26.200419999999998,50.497793099999996,,,4.3,0,,google_places
Sliders,Other,Saar,,26.1792083,50.4819065,,,4.7,0,,google_places
Villa Mamas Bahrain,Other,Saar,,26.1980459,50.4768518,,,4.2,0,,google_places
The Great Kabab Factory,Other,Saar,,26.197305699999998,50.4768238,,,4.7,0,,google_places
مطعم كباب اربيل البحرين (Kabab Erbil Restaurant -Bahrain),Other,Saar,,26.217048899999998,50.48221900000001,,,4.7,0,,google_places
Cappuccino Cafe,Other,Saar,,26.2057094,50.483432699999994,,,4.2,0,,google_places
Mila Restaurant,Other,Saar,,26.190624300000003,50.4661713,,,4.1,0,,google_places
Mido Du Cafe,Other,Saar,,26.1974072,50.477513699999996,,,4.3,0,,google_places
Café by Juana,Other,Saar,,26.198583,50.476614999999995,,,4.5,0,,google_places
Café Chantilly & Pâtisserie,Other,Saar,,26.1981668,50.4773068,,,4.4,0,,google_places
بسيتين سمبوسة - سار Busaiteen samboosa - Saar,Other,Saar,,26.195369000000003,50.486401099999995,,,4.8,0,,google_places
Saar Mall,Other,Saar,,26.200426,50.498048,,,4.2,0,,google_places
L'avenue Cafe,Other,Saar,,26.197377099999997,50.4770195,,,4.3,0,,google_places
Bayram Turkish Grill Restaurant - Bahrain,Other,Saar,,26.214237299999997,50.465290499999995,,,4.9,0,,google_places
Raju Omlet,Other,Saar,,26.1953325,50.478713,,,4.7,0,,google_places
Kojo Japanese Restaurant كوجو Saar,Other,Saar,,26.2004868,50.497943899999996,,,4.1,0,,google_places
Nina The Greek,Other,Saar,,26.203993699999998,50.4990538,,,4.9,0,,google_places
Amiti Noura,Other,Sabah Al Salem,,29.260693999999994,48.081167,,,4.9,0,,google_places
Swaikhat,Other,Sabah Al Salem,,29.2605656,48.081831699999995,,,4.7,0,,google_places
Taco Bell Sabah Al Salem,Other,Sabah Al Salem,,29.258803399999998,48.0874709,,,4.8,0,,google_places
وك,Other,Sabah Al Salem,,29.2469352,48.0840612,,,4.7,0,,google_places
Restaurant Sabah Al-Salem Society piece 7 Light Food,Other,Sabah Al Salem,,29.2542837,48.0746566,,,4.4,0,,google_places
Mala ملة,Other,Sabah Al Salem,,29.2602717,48.0819093,,,4.8,0,,google_places
Black Tray,Other,Sabah Al Salem,,29.2538628,48.081030899999995,,,4.4,0,,google_places
Complex Restaurants Sabah Al-Salem,Other,Sabah Al Salem,,29.257660299999994,48.0795873,,,4.4,0,,google_places
Midnight Burger Resturant - مطعم ميدنايت برجر,Other,Sabah Al Salem,,29.263105200000002,48.081702299999996,,,4.9,0,,google_places
Fat Free,Other,Sabah Al Salem,,29.265132599999998,48.0812427,,,4.1,0,,google_places
Raising Cane's,Other,Sabah Al Salem,,29.2660723,48.078373299999996,,,4.9,0,,google_places
PICK,Other,Sabah Al Salem,,29.256275499999997,48.0523337,,,4.5,0,,google_places
صباح السالم - مطعم سمر مون,Other,Sabah Al Salem,,29.253307399999994,48.082166900000004,,,4.0,0,,google_places
صينية بخاري,Other,Sabah Al Salem,,29.2642339,48.0782224,,,4.8,0,,google_places
مطعم قيصر - Caesars Restaurant,Other,Sabah Al Salem,,29.2631775,48.0701993,,,4.6,0,,google_places
Nujoom Al Dahiya,Other,Sabah Al Salem,,29.251186299999993,48.082611299999996,,,3.4,0,,google_places
MEAT - Middle Eastern Eatery,Other,Sabah Al Salem,,29.256469799999994,48.0523257,,,4.1,0,,google_places
L'îlot Châtain,Other,Safi,,32.3230131,-9.258578499999999,,,4.6,0,,"google_places, openstreetmap"
Restaurant Chez Hosni,Other,Safi,,32.3003509,-9.2391566,,,4.6,0,,google_places
Le Rooftop,Other,Safi,,32.2956277,-9.244059499999999,,,4.1,0,,google_places
Mojok Restaurant & Café,Other,Safi,,32.2989288,-9.233159299999999,,,5.0,0,,google_places
Riad du Pêcheur Safi,Other,Safi,,32.3038629,-9.241436199999999,,,4.1,0,,google_places
Restaurant Lamira,Other,Safi,,32.3215763,-9.2526083,,,4.6,0,,google_places
Dar Elfahm,Other,Safi,,32.2953171,-9.2277737,,,4.7,0,,google_places
Le Filet du Pêcheur,Other,Safi,,32.3097395,-9.2421385,,,3.9,0,,google_places
"The Palm Coffee, Resto, Boulangerie & Pâtisserie",Other,Safi,,32.2999072,-9.2266833,,,3.5,0,,google_places
Pastillasafi,Other,Safi,,32.2529396,-9.247624400000001,,,5.0,0,,google_places
Korten,Other,Safi,,32.2926737,-9.2329297,,,4.3,0,,google_places
Restaurant La Trattoria,Other,Safi,,32.3040321,-9.2416749,,,3.5,0,,google_places
Tajine au poulpe chez Siaf,Other,Safi,,32.297888199999996,-9.2434656,,,4.1,0,,google_places
Extrablack Restaurant,Other,Safi,,32.296419199999995,-9.232080999999999,,,4.6,0,,google_places
Le Phénicien Restaurant,Other,Safi,,32.3066551,-9.2417438,,,3.7,0,,"google_places, openstreetmap"
Waterplant.nl,Other,Safi,,32.2926563,-9.2450878,,,3.5,0,,google_places
Assala : Glacier & Restaurant,Other,Safi,,32.2927882,-9.232503,,,3.7,0,,google_places
Aftertaste,Other,Safi,,32.291933199999995,-9.232384399999999,,,3.7,0,,google_places
La Ruche Gourmande : Restaurant & Piscine,Other,Safi,,32.285465699999996,-9.148152999999999,,,3.4,0,,google_places
مقهى القصر,Other,Safi,,32.3077411,-9.228264,,,,0,,openstreetmap
California,Other,Safi,,32.2858408,-9.2287755,,,,0,,openstreetmap
الدكدادي,Other,Safi,,32.3094132,-9.2261488,,,,0,,openstreetmap
oscor,Other,Safi,,32.2899789,-9.2274493,,,,0,,openstreetmap
Restaurent Maistro (Safi ),Other,Safi,,32.2914855,-9.2323406,,,,0,,openstreetmap
café plateau (Safi ),Other,Safi,,32.2934807,-9.2353286,,,,0,,openstreetmap
Cafe Glacier Asala (Safi ),Other,Safi,,32.2932586,-9.2337837,,,,0,,openstreetmap
Café ElFarass,Other,Safi,,32.2823884,-9.2277963,,,,0,,openstreetmap
Widady,Other,Safi,,32.2813998,-9.2290135,,,,0,,openstreetmap
snack saada wydadi,Other,Safi,,32.2813409,-9.2290993,,,,0,,openstreetmap
Zenith,Other,Safi,,32.2946736,-9.2332854,,,,0,,openstreetmap
Café Requin Bleu,Other,Safi,,32.2901933,-9.2212528,,,,0,,openstreetmap
café benaychour,Other,Safi,,32.2621503,-9.2483074,,,,0,,openstreetmap
café ouazzani,Other,Safi,,32.2615857,-9.2483956,,,,0,,openstreetmap
SafCity,Other,Safi,Avenue Moulay Ismail,32.2942668,-9.2290695,,,,0,,openstreetmap
Niagara,Other,Safi,Avenue Moulay Ismail,32.2943105,-9.2290534,,,,0,,openstreetmap
TACO,Other,Safi,rue taib benhima,32.2937918,-9.2336536,+212524621818,,,0,,openstreetmap
La cascade,Other,Safi,,32.2939984,-9.2332249,,,,0,,openstreetmap
Café Riyad,Other,Safi,,32.2937241,-9.2337222,,,,0,,openstreetmap
Tartine,Other,Safi,,32.2942138,-9.2333252,,,,0,,openstreetmap
Café Rihab,Other,Safi,Avenue de la Liberté شارع الحرية,32.2919004,-9.2324509,,,,0,,openstreetmap
Café Rihab مقهى الرحاب,Other,Safi,Avenue de la Liberté شارع الحرية,32.2934081,-9.2332457,,,,0,,openstreetmap
Café Le Jardin,Other,Safi,,32.301729,-9.2373076,,,,0,,openstreetmap
Café Dourcas,Other,Safi,Avenue Lafkih El Haskouri,32.3222494,-9.2258164,,,,0,,openstreetmap
Addahabiya,Other,Safi,,32.2905668,-9.2396687,,,,0,,openstreetmap
Café Colibris,Other,Safi,,32.2905389,-9.2410521,,,,0,,openstreetmap
مول بانيني,Other,Safi,,32.2564753,-9.2516599,,,,0,,openstreetmap
Café Jour Et Nuit,Other,Safi,,32.2938983,-9.2342023,,,,0,,openstreetmap
Pattiserie,Other,Safi,,32.2913064,-9.2428478,,,,0,,openstreetmap
boulangerie & patisserie OUKAIMDEN,Other,Safi,Avenue Sidi Mohamed Ben Abdellah,32.2936092,-9.2347085,,,,0,,openstreetmap
Cafe Alyassamine,Other,Safi,,32.3210051,-9.2302843,,,,0,,openstreetmap
Café Mzoughen,Other,Safi,,32.324998,-9.2318534,,,,0,,openstreetmap
Café Ocean,Other,Safi,,32.3231208,-9.2588919,+212524667766,,,0,,openstreetmap
Calypso Medina,Other,Safi,كرنيش آسفي,32.2926452,-9.2452191,,,,0,,openstreetmap
wzanifood,Other,Safi,Avenue Ennasr شارع النصر,32.3175365,-9.2286801,+212660872989,https://www.instagram.com/wzanifood?igsh=OHBsZmF5dml6cWho,,0,,openstreetmap
Mouchoirs fish,Other,Safi,,32.3091987,-9.241233,,,,0,,openstreetmap
Cafe des Rempapts,Other,Safi,,32.2988428,-9.2429271,,,,0,,openstreetmap
Pizzeria street,Other,Safi,,32.282465,-9.231894,,,,0,,openstreetmap
مقهى ياسمين,Other,Safi,,32.281575,-9.23427,,,,0,,openstreetmap
Café France,Other,Safi,,32.291007,-9.242887,,,,0,,openstreetmap
Avocat,Other,Safi,rue ibn battouta,32.2954441,-9.2280465,,,,0,,openstreetmap
Cappucino Café & Restaurant,Other,Safi,Sidi Bouzid,32.3228356,-9.2582315,+212693239874,https://le-menu.ma/fr/safi/cappuccino?utm_source=cappuccino__safi&utm_medium=openstreetmap&utm_campaign=Open+Street+Map,,0,,openstreetmap
Ihssane,Other,Salé,,34.0687568,-6.7919518,,,,0,,openstreetmap
Café la Valée,Other,Salé,,33.9877782,-6.7389616,,,,0,,openstreetmap
Café Les Deux Palmiers,Other,Salé,,34.0494553,-6.7982647,,,,0,,openstreetmap
Café la Côte,Other,Salé,,34.0470792,-6.8278929,,,,0,,openstreetmap
café Badr,Other,Salé,,34.0493456,-6.7995031,,,,0,,openstreetmap
Oriental,Other,Salé,,33.9955129,-6.7417798,,,,0,,openstreetmap
Chez vous,Other,Salé,,33.9957209,-6.7381884,,,,0,,openstreetmap
Viva,Other,Salé,,33.9964825,-6.7371596,,,,0,,openstreetmap
Palacio,Other,Salé,,33.9982484,-6.741218,,,,0,,openstreetmap
Marsa,Other,Salé,Avenue Abderrahim Bouabid,34.0009875,-6.742819,,,,0,,openstreetmap
café,Other,Salé,,33.9937976,-6.7441393,,,,0,,openstreetmap
Nakhil,Other,Salé,,33.9962067,-6.7411621,,,,0,,openstreetmap
Galilio,Other,Salé,,33.9953389,-6.741477,,,,0,,openstreetmap
Café Pappas,Other,Salé,,34.0743681,-6.7949339,,,,0,,openstreetmap
Salma Palace,Other,Salé,,34.0720559,-6.7956374,,,,0,,openstreetmap
Oum,Other,Salé,,33.9869943,-6.7390125,,,,0,,openstreetmap
Café Fennick,Other,Salé,,34.0321213,-6.8226597,,,,0,,openstreetmap
Café Bahja,Other,Salé,,34.0436492,-6.7963353,,,,0,,openstreetmap
café Orkidea Blanca,Other,Salé,Avenue D,34.0693994,-6.7921428,+212537877373,,,0,,openstreetmap
Л-марса Сале,Other,Salé,,34.0281368,-6.8226461,,,,0,,openstreetmap
Fm,Other,Salé,,34.043029,-6.782102,,,,0,,openstreetmap
قهوة البال,Other,Salé,,34.0547202,-6.8192637,,,,0,,openstreetmap
Ichbilia اشبيلية,Other,Salé,Avenue Moulay Abdellah,34.0220462,-6.7716797,,,,0,,openstreetmap
مقهى سرايا,Other,Salé,Avenue Abdelkrim El Khattabi,34.0357782,-6.7870388,,,,0,,openstreetmap
مقهى بيكولو,Other,Salé,Avenue Abdelkrim El Khattabi,34.0361923,-6.7866607,,,,0,,openstreetmap
مقهى فلسطين,Other,Salé,Avenue 20 Aout,34.0400059,-6.7849728,,,,0,,openstreetmap
مقهى لاتينا,Other,Salé,Avenue Abdelkrim El Khattabi,34.0389847,-6.7858294,,,,0,,openstreetmap
مقهى اوتاوا,Other,Salé,Avenue Abdelkrim El Khattabi,34.0375515,-6.7860871,,,,0,,openstreetmap
Café Rosalina مقهى روزالينا,Other,Salé,Avenue Abdelkrim El Khattabi,34.0366038,-6.7863542,,,,0,,openstreetmap
مقهى دالي,Other,Salé,Avenue Abdelkrim El Khattabi,34.0415419,-6.7849697,,,,0,,openstreetmap
مقهى بريستيج,Other,Salé,Avenue Abdelkrim El Khattabi,34.0372101,-6.7860738,,,,0,,openstreetmap
CIBO Pizzerie Italiane,Other,Salé,,33.9959749,-6.7368873,+212633936085,,,0,,openstreetmap
Chez Mario,Other,Salé,,34.0516389,-6.7958041,,,,0,,openstreetmap
Café Chez Ziyad,Other,Salé,Avenue Sidi Mohammed,34.0518483,-6.8126647,,,,0,,openstreetmap
Mazagan مزگان,Other,Salé,Avenue Abderrahim Bouabid,34.0005487,-6.742705,,,,0,,openstreetmap
Cafe les Cinq H,Other,Salé,Avenue Moulay Youssef,34.0397626,-6.8016154,,,,0,,openstreetmap
Café Nohaila,Other,Salé,Avenue Mohamed V,34.0541756,-6.7946993,,,,0,,openstreetmap
isola,Other,Salé,,34.0756799,-6.7649997,+212537871771,,,0,,openstreetmap
Venezia Ice & Bakery,Other,Salé,,34.0367798,-6.7477793,,,,0,,openstreetmap
سناك مرحبا,Other,Salé,Avenue Mohamed Ben Lhassan Louazzani,34.0404622,-6.7899008,+212661623452,http://snack.marhaba@gmail.com,,0,,openstreetmap
MESK LIL,Other,Salé,,34.0516011,-6.8128945,,,,0,,openstreetmap
Chtirs,Other,Salé,,33.9930034,-6.74331,,,,0,,openstreetmap
Ajax,Other,Salé,,34.0245919,-6.7593854,,,,0,,openstreetmap
La Capitale,Other,Salé,,34.0308503,-6.8207871,,,,0,,openstreetmap
Café El Baraka,Other,Salé,Avenue Moulay Rachid,34.0174879,-6.7641407,,http://www.cafeelbaraka.ma,,0,,openstreetmap
agourai,Other,Salé,,34.0629413,-6.7650474,,,,0,,openstreetmap
Relais Burger,Other,Salé,,34.0677106,-6.793148,+212537878484,,,0,,openstreetmap
YOUBARBECUE,Other,Salé,Avenue D,34.0632456,-6.7837469,+212634133426,https://www.instagram.com/youbarbecue.ma,,0,,openstreetmap
مقهى الموعد,Other,Salé,,34.0345134,-6.8243357,,,,0,,openstreetmap
Azafran,Other,Salé,,34.0139654,-6.7850409,,,,0,,openstreetmap
سميرميس,Other,Salé,,34.0465518,-6.7871148,,,,0,,openstreetmap
S'moody,Other,Salé,Avenue Oued Daraa,34.0112783,-6.7355369,+212625641124,,,0,,openstreetmap
Snack Al Boughaz,Other,Salé,,34.0343767,-6.8211693,,,,0,,openstreetmap
Itri Foods,Other,Salé,,34.0344674,-6.8210307,,,,0,,openstreetmap
Burger King,Other,Salé,,34.0290672,-6.823351,,,,0,,openstreetmap
Grillades De Poisson,Other,Salé,,34.0401596,-6.8324634,,,,0,,openstreetmap
Deep coffee,Other,Salé,Avenue Mohamed V شارع محمد الخامس immeuble irac magasin 10,34.0457364,-6.8056767,,,,0,,openstreetmap
Snack Barcelona,Other,Salé,,34.0474885,-6.8278095,,,,0,,openstreetmap
Restaurant Al Ghorub,Other,Salé,,34.0493066,-6.8268157,,,,0,,openstreetmap
Le Rocher,Other,Salé,,34.0283149,-6.8151099,,,,0,,openstreetmap
La p'tite pause,Other,Salé,,33.9908297,-6.7231588,,,,0,,openstreetmap
Chérie Chéri,Other,Salé,,34.0307495,-6.8222848,,,,0,,openstreetmap
Royal Burger,Other,Salé,,34.0308823,-6.8222147,,,,0,,openstreetmap
Yoyorino,Other,Salé,,34.0291308,-6.8244789,,,,0,,openstreetmap
Bayt Al Quds,Other,Salé,,34.0303266,-6.82729,,,,0,,openstreetmap
Le Repère Gourmand,Other,Salé,,34.029661,-6.825649,,,,0,,openstreetmap
The Frame,Other,Salé,,34.0302868,-6.8271706,,,,0,,openstreetmap
Panda Crêpes,Other,Salé,,34.0303626,-6.8273911,,,,0,,openstreetmap
Le 18 Bouregreg Street,Other,Salé,,34.0298773,-6.8258907,,,,0,,openstreetmap
Le Positano,Other,Salé,,34.0297078,-6.8257827,,,,0,,openstreetmap
Sushi Arij,Other,Salé,Avenue H'ssaine,33.9882121,-6.738585,+212530007780,,,0,,openstreetmap
Restaurant La Capitale,Other,Salé,,34.029226,-6.820109,,,,0,,openstreetmap
Boulangerie et Pâtisserie du CIAT,Other,Salé,,34.026122,-6.725284,,,,0,,openstreetmap
Maison Orilis Café & restaurant,Other,Salé,,34.019283,-6.743564,,,,0,,openstreetmap
CIAT Restaurant,Other,Salé,,34.026473,-6.72564,,,,0,,openstreetmap
Café RIHAB MAAMOURA,Other,Salé,,34.01496,-6.737687,,,,0,,openstreetmap
Quick Hum food,Other,Salé,,34.02067,-6.751915,,,,0,,openstreetmap
P'TITE JOIE,Other,Salé,,34.016493,-6.737128,,,,0,,openstreetmap
Crepeti Sala Al Jadida,Other,Salé,,34.01583,-6.736633,,,,0,,openstreetmap
Café Slaoui,Other,Salé,,34.019745,-6.747618,,,,0,,openstreetmap
The Wedge Coffee Brunch Bistro,Other,Salé,,34.014193,-6.737301,,,,0,,openstreetmap
Café Dalia,Other,Salé,,34.024138,-6.756482,,,,0,,openstreetmap
Café Marakas,Other,Salé,,34.025984,-6.758885,,,,0,,openstreetmap
ماكرو فود (سلا),Other,Salé,,34.023941,-6.760324,,,,0,,openstreetmap
سلا القرية,Other,Salé,,34.021077,-6.767383,,,,0,,openstreetmap
Café Onico,Other,Salé,,34.012096,-6.736437,,,,0,,openstreetmap
BAHLA FOOD,Other,Salé,,34.025472,-6.764508,,,,0,,openstreetmap
Alif2.food,Other,Salé,,34.025009,-6.759185,,,,0,,openstreetmap
Café Santa Barbara,Other,Salé,,34.026166,-6.759531,,,,0,,openstreetmap
AM Fast Food,Other,Salé,,34.016151,-6.769382,,,,0,,openstreetmap
atacadao,Other,Salé,,34.0292428,-6.7609376,,,,0,,openstreetmap
Quartier général,Other,Salé,,33.983236,-6.7252059,,,,0,,openstreetmap
McDonald's,Other,Salé,,34.0313677,-6.8167048,,,,0,,openstreetmap
Art'Chill,Other,Salé,,33.9841764,-6.7230726,,,,0,,openstreetmap
Japoneza,Other,Salé,,34.0154182,-6.7374658,,,,0,,openstreetmap
Les Fleurs,Other,Saïdia,,35.0851077,-2.2213654,,,,0,,openstreetmap
Picasso,Other,Saïdia,Boulevard Mohamed V,35.0860427,-2.2234629,,,,0,,openstreetmap
Le Nîmois,Other,Saïdia,Place 20 Août,35.085527,-2.221871,,,,0,,openstreetmap
Restaurant LAVILLA,Other,Saïdia,,35.0850526,-2.2201233,,,,0,,openstreetmap
Café La Havana,Other,Saïdia,,35.0854966,-2.2242662,,,,0,,openstreetmap
La Corniche,Other,Saïdia,,35.0859929,-2.2210895,,,,0,,openstreetmap
Ski Hut,Other,Saïdia,,35.0861088,-2.2215603,,,,0,,openstreetmap
L'Opéra,Other,Saïdia,,35.0858323,-2.2202212,,,,0,,openstreetmap
Paloma Blanca,Other,Saïdia,,35.085917,-2.2206786,,,,0,,openstreetmap
Samy Playa,Other,Saïdia,,35.0872772,-2.2272076,,,,0,,openstreetmap
Paradise,Other,Saïdia,,35.088888,-2.2342723,,,,0,,openstreetmap
Arabesk,Other,Saïdia,,35.1074036,-2.2948955,+212661980223,,,0,,openstreetmap
La Dorada,Other,Saïdia,,35.086287,-2.2229018,,,,0,,openstreetmap
Café Seqaya مقهى السقاية,Other,Sefrou,,33.8219365,-4.8357512,,,,0,,openstreetmap
Café isly مقهى إسلي,Other,Sefrou,,33.8301796,-4.8315996,,,,0,,openstreetmap
Dar ryad Sefrou,Other,Sefrou,,33.8280903,-4.8421203,,,,0,,openstreetmap
Barcelo,Other,Sefrou,,33.8285347,-4.8298215,,,,0,,openstreetmap
La Swet,Other,Sefrou,,33.8286117,-4.8301369,,,,0,,openstreetmap
Pizerria,Other,Settat,,33.0052824,-7.6199874,,,,0,,openstreetmap
Café Résidence,Other,Settat,,32.9984538,-7.6197271,,,,0,,openstreetmap
Café Commerce,Other,Settat,,32.9983937,-7.6199062,,,,0,,openstreetmap
Café Casablanca,Other,Settat,,32.9951262,-7.621261,,,,0,,openstreetmap
Café Essalam,Other,Settat,,33.0007624,-7.6204879,,,,0,,openstreetmap
Café Chams,Other,Settat,,32.9921124,-7.6081266,,,,0,,openstreetmap
Café Sweet Dream,Other,Settat,,32.9948061,-7.6213732,,,,0,,openstreetmap
Café Voyageurs,Other,Settat,,32.9946735,-7.6222447,,,,0,,openstreetmap
Café Riola,Other,Settat,,32.9947461,-7.6220833,,,,0,,openstreetmap
Café Nice Cup,Other,Settat,,32.9951465,-7.6225994,,,,0,,openstreetmap
Café Malaki,Other,Settat,,32.9975557,-7.6190321,,,,0,,openstreetmap
Cafe Rzouzi,Other,Settat,,32.99705,-7.6193352,,,,0,,openstreetmap
Cafe Toujours,Other,Settat,,32.9969133,-7.6201802,,,,0,,openstreetmap
Cafe Wafae,Other,Settat,,32.9967522,-7.6202426,,,,0,,openstreetmap
Cafe Belair,Other,Settat,,32.9970422,-7.6201538,,,,0,,openstreetmap
Cafe Targa,Other,Settat,,32.9943162,-7.6180466,,,,0,,openstreetmap
Espace Bassatine,Other,Settat,,32.9675715,-7.6279218,,,,0,,openstreetmap
Restaurant INRA,Other,Settat,,33.0294944,-7.6234065,,,,0,,openstreetmap
Cafe INRA,Other,Settat,,33.0296371,-7.6231626,,,,0,,openstreetmap
Lanzarote,Other,Sidi Ifni,,29.3793119,-10.174013,,,,0,,openstreetmap
Restaurante Laroussi,Other,Sidi Ifni,,29.3786011,-10.1731076,,,,0,,openstreetmap
Ocean Miramar,Other,Sidi Ifni,,29.3829423,-10.173028,,,,0,,openstreetmap
Al Hourria,Other,Sidi Ifni,,29.382327,-10.1725585,,,,0,,openstreetmap
Mar Pequeño,Other,Sidi Ifni,,29.3823386,-10.1752968,,,,0,,openstreetmap
Gran Canaria,Other,Sidi Ifni,,29.3781936,-10.1741928,,,,0,,openstreetmap
La Tour d'Ifni,Other,Sidi Ifni,,29.3778816,-10.1749304,,,,0,,openstreetmap
Pagaduría,Other,Sidi Ifni,,29.3825175,-10.1746005,,,,0,,openstreetmap
Afriquia أفريقيا,Other,Sidi Ifni,,29.3785267,-10.1758356,,,,0,,openstreetmap
Pesca del Día,Other,Sidi Ifni,,29.3643829,-10.1783931,,,,0,,openstreetmap
Nomad,Other,Sidi Ifni,,29.381984,-10.1751355,,,,0,,openstreetmap
Aït Baâmrane,Other,Sidi Ifni,,29.3772928,-10.1738276,,,,0,,openstreetmap
Cafe Restaurant Tagoute,Other,Sidi Ifni,,29.382095,-10.1755366,,,,0,,openstreetmap
Ilel seafood,Other,Sidi Ifni,,29.3822637,-10.1742522,,,,0,,openstreetmap
Boto,Other,Sidi Ifni,,29.3776797,-10.174287,,,,0,,openstreetmap
Gloria,Other,Sidi Kacem,,34.2254146,-5.7115089,,,,0,,openstreetmap
مقهى موريال,Other,Sidi Kacem,,34.2350178,-5.7298444,,,,0,,openstreetmap
Face food,Other,Sidi Kacem,,34.2351971,-5.7292818,,,,0,,openstreetmap
Cafe citta Italiano,Other,Sidi Kacem,,34.2337416,-5.7281909,,,,0,,openstreetmap
سناك مياني,Other,Sidi Kacem,,34.2328613,-5.7291407,,,,0,,openstreetmap
مقهى عبدو,Other,Sidi Kacem,,34.232741,-5.7257592,,,,0,,openstreetmap
panorama cafe,Other,Sidi Kacem,,34.2325552,-5.7251581,,,,0,,openstreetmap
مقهى ميلانو,Other,Sidi Kacem,,34.2289159,-5.7190142,,,,0,,openstreetmap
سناك منتصر,Other,Sidi Kacem,,34.2256823,-5.7206998,,,,0,,openstreetmap
مقهى حمزة,Other,Sidi Kacem,,34.2308078,-5.7242053,,,,0,,openstreetmap
مقهى المدينة,Other,Sidi Kacem,,34.230948,-5.7254292,,,,0,,openstreetmap
سناك هشام,Other,Sidi Kacem,,34.2315361,-5.7265201,,,,0,,openstreetmap
Alonso food,Other,Sidi Kacem,,34.2300105,-5.7284089,,,,0,,openstreetmap
Cafe no media,Other,Sidi Kacem,,34.2274317,-5.7242857,,,,0,,openstreetmap
مقهى تيطانيك,Other,Sidi Kacem,,34.2217175,-5.7005559,,,,0,,openstreetmap
سناك اية,Other,Sidi Kacem,,34.2154697,-5.7107025,,,,0,,openstreetmap
Cafe Zakaria,Other,Sidi Kacem,,34.2165429,-5.711053,,,,0,,openstreetmap
كفتة رمضان,Other,Sidi Kacem,,34.2167273,-5.7111506,,,,0,,openstreetmap
مقهى النخيل,Other,Sidi Kacem,,34.2177687,-5.7108785,,,,0,,openstreetmap
شهرزاد,Other,Sidi Kacem,,34.2178298,-5.7094328,,,,0,,openstreetmap
Cafe badr,Other,Sidi Kacem,,34.2197384,-5.7079792,,,,0,,openstreetmap
مقهى الباهية,Other,Sidi Kacem,,34.2195418,-5.7072643,,,,0,,openstreetmap
Cafe blanco,Other,Sidi Kacem,,34.2172705,-5.7056738,,,,0,,openstreetmap
مطعم حافيظ,Other,Sidi Kacem,,34.2226912,-5.7049795,,,,0,,openstreetmap
مقهى نسيم,Other,Sidi Kacem,,34.2229053,-5.7058726,,,,0,,openstreetmap
مطعم عبد الحق,Other,Sidi Kacem,,34.2218284,-5.7069206,,,,0,,openstreetmap
Cafe usk,Other,Sidi Kacem,,34.2227434,-5.7073723,,,,0,,openstreetmap
Allo diki restaurant,Other,Sidi Kacem,,34.2233308,-5.707263,,,,0,,openstreetmap
Cafe cristal,Other,Sidi Kacem,,34.2250949,-5.7116941,,,,0,,openstreetmap
مقهى ايمن,Other,Sidi Kacem,,34.2287204,-5.7127051,,,,0,,openstreetmap
مقهى الجمد,Other,Sidi Kacem,,34.2273833,-5.7113811,,,,0,,openstreetmap
La Perla pool snooker,Other,Sidi Kacem,,34.2212617,-5.7067118,,,,0,,openstreetmap
مقهى جوهرة,Other,Sidi Kacem,,34.2222754,-5.7080297,,,,0,,openstreetmap
مطعم لؤلؤة الشمال,Other,Sidi Kacem,,34.2193212,-5.7117321,,,,0,,openstreetmap
مقهى 10 رمضان,Other,Sidi Kacem,,34.2308518,-5.7124987,,,,0,,openstreetmap
Cafe pristige,Other,Sidi Kacem,,34.2295579,-5.707901,,,,0,,openstreetmap
Souhaila Café,Other,Sidi Kacem,,34.2215784,-5.709629,,,,0,,openstreetmap
Café Badr,Other,Sidi Slimane,,34.2595344,-5.9220263,,,,0,,openstreetmap
Café El Watiq,Other,Sidi Slimane,,34.258836,-5.92172,,,,0,,openstreetmap
Café J. Maamoura,Other,Sidi Slimane,,34.2593794,-5.9236693,,,,0,,openstreetmap
RH,Other,Sidi Slimane,"735P+MH8, Sidi Slimane 14200, Maroc",34.2598345,-5.9240915,+212808636674,,,0,,openstreetmap
Café Didi,Other,Sidi Slimane,,34.2593836,-5.9107442,,,,0,,openstreetmap
cafe agdal مقهى أكدال,Other,Sidi Slimane,,34.2592592,-5.913531,,,,0,,openstreetmap
BARISTA,Other,Sidi Slimane,"Lotissement marjane, Sidi Slimane 14200, Maroc",34.264673,-5.9142265,+212699765887,,,0,,openstreetmap
Rose Marie,Other,Skhirat,,33.8891129,-7.0141358,,,,0,,openstreetmap
2 Rivieres,Other,Skhirat,,33.8509915,-7.0390128,,,,0,,openstreetmap
Queens Land,Other,Skhirat,,33.8487578,-7.0414676,+212537742751,,,0,,openstreetmap
Roma,Other,Skhirat,,33.8489617,-7.0418844,,,,0,,openstreetmap
Tacos,Other,Skhirat,,33.8684555,-7.0584334,,,,0,,openstreetmap
Chez Mustapha,Other,Skhirat,,33.8675078,-7.0574257,,,,0,,openstreetmap
cafe El Fath,Other,Skhirat,,33.8356315,-7.0590766,,,,0,,openstreetmap
مطعم السمك,Other,Skhirat,,33.8684725,-7.0591341,,,,0,,openstreetmap
King Tacos,Other,Tan-Tan,,28.436074,-11.094112,,,,0,,openstreetmap
مقهى الأمل,Other,Tan-Tan,,28.4280743,-11.1089598,,,,0,,openstreetmap
مقهى مرجانا,Other,Tan-Tan,,28.4360962,-11.0942838,,,,0,,openstreetmap
مقهى و مطعم اسطنبول,Other,Tan-Tan,,28.4274742,-11.1088917,,,,0,,openstreetmap
المسبح الجماعي طانطان - مقهى و مطعم,Other,Tan-Tan,,28.4417865,-11.0991757,,,,0,,openstreetmap
مقهى و فندق ابن خلدون,Other,Tan-Tan,,28.4332187,-11.1064704,,,,0,,openstreetmap
مطاعم,Other,Tan-Tan,,28.4277882,-11.1089584,,,,0,,openstreetmap
الريان,Other,Tan-Tan,,28.4359948,-11.0946407,,,,0,,openstreetmap
مقهى لانغوا,Other,Tan-Tan,,28.4426459,-11.0977211,,,,0,,openstreetmap
Marwa Food,Other,Tan-Tan,,28.4359065,-11.0930803,,,,0,,openstreetmap
Abo Rayan,Other,Tan-Tan,,28.4347713,-11.1046721,,,,0,,openstreetmap
Sunset,Other,Tanger,,35.7599201,-5.93881,,,,0,,openstreetmap
Marina Hercule,Other,Tanger,,35.7602418,-5.9388809,,,,0,,openstreetmap
Epsilon,Other,Tanger,,35.7345696,-5.8930403,,,,0,,openstreetmap
Hamadi,Other,Tanger,,35.7346741,-5.8958298,,,,0,,openstreetmap
delegation sante fahs anjra,Other,Tanger,,35.743688,-5.798285,,,,0,,openstreetmap
La framboise,Other,Tanger,Rue Zallaka,35.7711194,-5.8088995,,,,0,,openstreetmap
Salon de Thê Picasso,Other,Tanger,Avenue Sidi Mohamed Ben Abdellah,35.7707049,-5.8118565,,,,0,,openstreetmap
La Fuga,Other,Tanger,Rue Ibn Zaidoun,35.7816162,-5.8226557,,,,0,,openstreetmap
Eric Kayser,Other,Tanger,,35.7817885,-5.8239208,,,,0,,openstreetmap
Café Panorama,Other,Tanger,Avenue Mohammed VI,35.7758148,-5.7869988,+212539946331,,,0,,openstreetmap
Café Tingis,Other,Tanger,,35.7854332,-5.8105503,,,,0,,openstreetmap
Etoile Cap Spartel,Other,Tanger,,35.7899427,-5.9237766,,,,0,,openstreetmap
Las Chicas,Other,Tanger,,35.7883955,-5.8156558,,,,0,,openstreetmap
Café Sol,Other,Tanger,,35.7792234,-5.9296649,,,,0,,openstreetmap
Détroit,Other,Tanger,,35.7889276,-5.8127391,,,,0,,openstreetmap
Le Saveur du Poisson,Other,Tanger,,35.7825553,-5.8125675,,,,0,,openstreetmap
Le Salon Bleu,Other,Tanger,,35.7886157,-5.8118877,,,,0,,openstreetmap
La Tulipe,Other,Tanger,,35.7805985,-5.815255,,,,0,,openstreetmap
El Morocco,Other,Tanger,,35.7886579,-5.8144986,,,,0,,openstreetmap
Virginia Ice,Other,Tanger,Avenue Sidi Mohamed Ben Abdellah,35.7729463,-5.8160678,,,,0,,openstreetmap
Gran Café Central,Other,Tanger,,35.785553,-5.8106631,,,,0,,openstreetmap
panoramic view restaurant,Other,Tanger,28 bab el assa tanger Morocco,35.7865603,-5.8129456,+212614374995,https://mytangerhilton.blogspot.com/,,0,,openstreetmap
Art & Gourmet,Other,Tanger,,35.784622,-5.8124776,,,,0,,openstreetmap
Café Rihab Essalam,Other,Tanger,,35.7361142,-5.8782858,,,,0,,openstreetmap
Café Bab Andalouss,Other,Tanger,,35.7364125,-5.8782025,,,,0,,openstreetmap
Snack El Zahrae,Other,Tanger,,35.7340159,-5.8844259,,,,0,,openstreetmap
Café El Mazar,Other,Tanger,,35.7337448,-5.8828669,,,,0,,openstreetmap
Snack Costa Del Sol,Other,Tanger,,35.7322037,-5.8823839,,,,0,,openstreetmap
Café El-Marouani,Other,Tanger,,35.7338312,-5.884495,,,,0,,openstreetmap
Snack Alia,Other,Tanger,,35.7778869,-5.8188945,,,,0,,openstreetmap
Cafe Semara,Other,Tanger,,35.7789192,-5.8140949,,,,0,,openstreetmap
Mahalaba Hollanda,Other,Tanger,,35.7789097,-5.8143361,,,,0,,openstreetmap
Mr. Cod,Other,Tanger,,35.7798501,-5.817535,,,,0,,openstreetmap
Afriquia أفريقيا,Other,Tanger,,35.7800043,-5.8144947,,,,0,,openstreetmap
McDonald's,Other,Tanger,,35.7750647,-5.7879868,,,,0,,openstreetmap
Cafe Normandie,Other,Tanger,Boulevard Angleterre,35.7771294,-5.8197882,,,,0,,openstreetmap
Cafe Rain Sky,Other,Tanger,Boulevard Angleterre,35.7770588,-5.8196622,,,,0,,openstreetmap
Cafe Dakhla,Other,Tanger,,35.775792,-5.8203585,,,,0,,openstreetmap
Café Glasgow,Other,Tanger,,35.7805033,-5.8201121,,,,0,,openstreetmap
Pizzeria Lux,Other,Tanger,,35.77964,-5.8157369,,,,0,,openstreetmap
Café du Parc,Other,Tanger,,35.7829294,-5.8141985,,,,0,,openstreetmap
Gran Café De Paris,Other,Tanger,Rue de la Liberté,35.7811246,-5.8126051,,,,0,,openstreetmap
Pizza Hut,Other,Tanger,Rue Abou Ali El Mâari,35.7778836,-5.8028529,,,,0,,openstreetmap
Cafe Metropole,Other,Tanger,,35.7804274,-5.8104384,,,,0,,openstreetmap
Cafe DaVinci,Other,Tanger,,35.7772721,-5.8059814,,,,0,,openstreetmap
Menzah,Other,Tanger,,35.7809598,-5.8159402,,,,0,,openstreetmap
Café Hafa,Other,Tanger,,35.7914,-5.8219757,,,,0,,openstreetmap
World Coffee,Other,Tanger,,35.7813511,-5.8159279,,,,0,,openstreetmap
Rapido Pizza,Other,Tanger,,35.7759487,-5.8140365,,,,0,,openstreetmap
Café Pollock,Other,Tanger,,35.7804399,-5.8195128,,,,0,,openstreetmap
Cafe Iberia,Other,Tanger,,35.7815556,-5.8209546,,,,0,,openstreetmap
Cafe Atlantic,Other,Tanger,,35.779163,-5.8131458,,,,0,,openstreetmap
Cafe Hanafta,Other,Tanger,,35.7892777,-5.820286,,,,0,,openstreetmap
Cafe De Parque,Other,Tanger,,35.7890677,-5.8204868,,,,0,,openstreetmap
Café Place De France,Other,Tanger,,35.7806683,-5.812678,,,,0,,openstreetmap
Anna e Paolo انا اي بولو طنجه,Other,Tanger,,35.7770456,-5.811325,,,,0,,openstreetmap
Cafe Madison,Other,Tanger,,35.7754498,-5.8008432,,,,0,,openstreetmap
Cafe Dulcinea,Other,Tanger,,35.776486,-5.8045881,,,,0,,openstreetmap
Casa Nona,Other,Tanger,,35.7770765,-5.8139396,,,,0,,openstreetmap
Cafe Oscar,Other,Tanger,,35.7770005,-5.8126221,,,,0,,openstreetmap
Cafe Kandinsky,Other,Tanger,,35.774982,-5.784774,,,,0,,openstreetmap
DeliPanos,Other,Tanger,,35.7796938,-5.8124855,,,,0,,openstreetmap
Cafe Orio Serio,Other,Tanger,Avenue d'Espagne,35.7742978,-5.7964493,,,,0,,openstreetmap
Baysar,Other,Tanger,,35.7796389,-5.8111535,,,,0,,openstreetmap
Bachir Restaurant,Other,Tanger,,35.7795656,-5.8110644,,,,0,,openstreetmap
Quatre Saisons Sandwich,Other,Tanger,,35.7794845,-5.8109748,,,,0,,openstreetmap
FSTT cafétéria,Other,Tanger,,35.7358238,-5.8945974,,,,0,,openstreetmap
Cappuccino,Other,Tanger,Avenue Mohammed 6,35.7836481,-5.7613756,,https://cappuccino.ma/,,0,,openstreetmap
مقهى طنجة,Other,Tanger,,35.7855814,-5.8103747,,,,0,,openstreetmap
Le Bistro du Petit Socco,Other,Tanger,Place Souk Dakhel - Petit Secco,35.7855406,-5.8103459,,,,0,,openstreetmap
À L' anglaise,Other,Tanger,Rue de la Kasbah,35.7876603,-5.8147619,,,,0,,openstreetmap
Comedia,Other,Tanger,Boulevard Mohamed V شارع محمد الخامس,35.7787802,-5.8077727,+212531084478,,,0,,openstreetmap
La Fabrique,Other,Tanger,,35.7816091,-5.8163346,,,,0,,openstreetmap
Casa de Italia كازا إيطاليا,Other,Tanger,,35.7852601,-5.8215451,,,,0,,openstreetmap
Number-One,Other,Tanger,Boulevard Mohamed V,35.7796663,-5.808379,+212539941674,,,0,,openstreetmap
Le Nabab,Other,Tanger,,35.7869862,-5.8111344,,,,0,,openstreetmap
Romeo,Other,Tanger,Rue Abou Ali El Mâari,35.7781914,-5.8042879,,,,0,,openstreetmap
Mokhtar,Other,Tanger,Lot Albassatine,35.7697679,-5.8313853,+212539317539,,,0,,openstreetmap
Restaurant Al Andalous,Other,Tanger,Rue Hafid Ibn Abdelbarre,35.771313,-5.8174446,,,,0,,openstreetmap
Restaurant Bachir,Other,Tanger,Rue Zeriabe,35.7794197,-5.810983,,,,0,,openstreetmap
El Dorado,Other,Tanger,,35.7780388,-5.8100102,,,,0,,openstreetmap
Dialna,Other,Tanger,,35.7829845,-5.8083715,,,,0,,openstreetmap
Snack orientale,Other,Tanger,Rue Taroudant,35.7525113,-5.8076027,,,,0,,openstreetmap
Cafe A Doha,Other,Tanger,,35.7592404,-5.7910316,,,,0,,openstreetmap
Pizza Caravaggio,Other,Tanger,Avenue Moussa Bnou Noussair,35.7792538,-5.8089663,,,,0,,openstreetmap
مقهى ميمون,Other,Tanger,,35.7749533,-5.8197755,,,,0,,openstreetmap
Victoria فيكتوريا,Other,Tanger,Avenue Sidi Mohamed Ben Abdellah,35.7734591,-5.8167095,,,,0,,openstreetmap
Kebdani Restaurant,Other,Tanger,Rue Dar Baroud,35.7864565,-5.8094805,+212680714509,,,0,,openstreetmap
Chez Amy,Other,Tanger,Rue Mokhtar Ahardane,35.7853014,-5.8097734,,,,0,,openstreetmap
مقهى بوليندو,Other,Tanger,,35.748192,-5.8085524,,,,0,,openstreetmap
مقهى ميلانو,Other,Tanger,,35.7355746,-5.8203254,,,,0,,openstreetmap
Tanger Moment,Other,Tanger,,35.7860508,-5.8116741,,,,0,,openstreetmap
Khalijia Nord,Other,Tanger,Avenue Oujda,35.7750058,-5.7956844,,,,0,,openstreetmap
Istanbul Grill,Other,Tanger,,35.7767041,-5.8007236,,,,0,,openstreetmap
La Geletaria,Other,Tanger,,35.7773052,-5.7990635,,,,0,,openstreetmap
Luigi di mare,Other,Tanger,,35.7772884,-5.799004,,,,0,,openstreetmap
La Véranda,Other,Tanger,,35.7761054,-5.7851427,,,,0,,openstreetmap
Café Istanbul,Other,Tanger,,35.7746879,-5.7859844,,,,0,,openstreetmap
Jurjura,Other,Tanger,,35.7760438,-5.7954667,,,,0,,openstreetmap
Maison La Ruche,Other,Tanger,,35.7763858,-5.7961693,,,,0,,openstreetmap
Glaciers Colors,Other,Tanger,,35.7793327,-5.803074,,,,0,,openstreetmap
Pizza Dialy,Other,Tanger,,35.7763785,-5.8013247,,,,0,,openstreetmap
El Tangerino,Other,Tanger,Avenue Mohammed VI شارع محمد السادس,35.7772723,-5.7989291,,,,0,,openstreetmap
Dar Lidam,Other,Tanger,,35.787866,-5.8120191,,,,0,,openstreetmap
Domino's,Other,Tanger,,35.7809568,-5.8402076,,,,0,,openstreetmap
Burger King,Other,Tanger,,35.7814355,-5.8409318,,,,0,,openstreetmap
Le Grand Cafe Mella,Other,Tanger,Avenue Mohammed 6,35.7760893,-5.7865779,,,,0,,openstreetmap
Pure Food,Other,Tanger,,35.7792553,-5.810402,,,,0,,openstreetmap
Costa,Other,Tanger,,35.7772522,-5.8023061,,,,0,,openstreetmap
"Anais, Spécialité Poisson",Other,Tanger,Rue Liban,35.7742013,-5.7998309,,,,0,,openstreetmap
Tropea,Other,Tanger,Avenue Ben Abi Zarae,35.7628363,-5.838363,,,,0,,openstreetmap
Alia Garden´,Other,Tanger,Avenue des Forces Armées Royales,35.7591142,-5.8287444,,,,0,,openstreetmap
Res. Amlak Riad,Other,Tanger,Rue Salah Ben Ghadbane,35.7634531,-5.8364978,,,,0,,openstreetmap
Cafe Singapour,Other,Tanger,,35.7590233,-5.791517,,,,0,,openstreetmap
ماكدونالدز,Other,Tanger,Rue Prince My Abdellah,35.7794392,-5.8096855,,,,0,,openstreetmap
Sandwich Alyasmin,Other,Tanger,Avenue D'Anfa,35.7702821,-5.8264372,,,,0,,openstreetmap
Cafétal,Other,Tanger,Avenue Lay'th Bnou Saad,35.7697651,-5.8294131,,,,0,,openstreetmap
Province,Other,Tanger,Rue Arriad,35.7381751,-5.7978688,,,,0,,openstreetmap
Café Restaurant Amaazoui,Other,Tanger,Rue Jaddah,35.7426699,-5.7961846,,,,0,,openstreetmap
Cafe Restaurant Imran et Rayan,Other,Tanger,Rue Jaddah,35.7425788,-5.7958219,,,,0,,openstreetmap
Superette Lyoum,Other,Tanger,Rue Baalabak,35.7417304,-5.7976518,,,,0,,openstreetmap
Cafe 4G,Other,Tanger,Avenue Aicha al-Moussafir,35.734824,-5.8052213,,,,0,,openstreetmap
Cremerie,Other,Tanger,Rue 70,35.7356905,-5.8018274,,,,0,,openstreetmap
Snack Pizzeria ITRAN,Other,Tanger,Rue 70,35.7357048,-5.8018481,,,,0,,openstreetmap
Café Rakrak,Other,Tanger,P4605,35.7459961,-5.8299143,,,,0,,openstreetmap
Al Khayr,Other,Tanger,P4605,35.7406779,-5.8314386,,,,0,,openstreetmap
Café Des Amis,Other,Tanger,Rue Al Iqbal,35.7403415,-5.8314734,,,,0,,openstreetmap
Salon de the Anglet,Other,Tanger,P4605,35.7401554,-5.8314959,,,,0,,openstreetmap
Snack adderrahim Sport,Other,Tanger,,35.7400796,-5.8298293,,,,0,,openstreetmap
Sur Le Grill,Other,Tanger,,35.7816205,-5.823978,,,,0,,openstreetmap
Cafe Dlea Migitat,Other,Tanger,,35.7451389,-5.8471243,,,,0,,openstreetmap
Al Bassatine,Other,Tanger,Avenue Allouz,35.7698558,-5.8311127,,,,0,,openstreetmap
Caramella,Other,Tanger,Avenue Allouz,35.7700094,-5.8312038,,,,0,,openstreetmap
Cafe Emirate,Other,Tanger,Rue des Cedres,35.7582906,-5.832872,,,,0,,openstreetmap
Belgo Burger,Other,Tanger,Avenue de Genévriers,35.7565436,-5.8362386,,,,0,,openstreetmap
Cafe Nawras,Other,Tanger,,35.7573173,-5.8376518,,,,0,,openstreetmap
KFC,Other,Tanger,Avenue Mohammed VI,35.7752075,-5.7854799,,,,0,,openstreetmap
Fifties Diner,Other,Tanger,Boulevard Royaume d'Arabie Saoudite,35.7444783,-5.832128,,,,0,,openstreetmap
Café La Fleur Bleue,Other,Tanger,Boulevard Royaume d'Arabie Saoudite,35.7466812,-5.8385483,,,,0,,openstreetmap
Café Londi´z,Other,Tanger,,35.7460218,-5.8346472,,,,0,,openstreetmap
Cafe Adhraghaddou,Other,Tanger,Boulevard Royaume d'Arabie Saoudite,35.7445486,-5.8322998,,,,0,,openstreetmap
Cafe Salon De The Karim,Other,Tanger,Rue Somalie,35.7467168,-5.8375456,,,,0,,openstreetmap
Burger Story,Other,Tanger,Boulevard Moulay Youssef,35.7762154,-5.8185022,,,,0,,openstreetmap
Patisserie Boulangerie,Other,Tanger,,35.7372546,-5.855899,,,,0,,openstreetmap
Elmhaya,Other,Tanger,Boulevard Moulay Rachid,35.7503906,-5.8545041,,,,0,,openstreetmap
Tolosa,Other,Tanger,Boulevard Moulay Rachid,35.7486886,-5.8576116,,,,0,,openstreetmap
Café Irfane,Other,Tanger,,35.734177,-5.8809739,,,,0,,openstreetmap
Corsica,Other,Tanger,,35.7516465,-5.8468888,,,,0,,openstreetmap
7 Frutas,Other,Tanger,Boulevard Moulay Rachid,35.7594822,-5.8430996,,,,0,,openstreetmap
"Rama Snack, Chawarma Pizza",Other,Tanger,Avenue Abderrahmane Youssoufi,35.7698142,-5.8103308,,,,0,,openstreetmap
Cafe Amrah,Other,Tanger,Boulevard Moulay Youssef,35.7701961,-5.8054654,,,,0,,openstreetmap
Cafe Agadir,Other,Tanger,,35.737119,-5.8850027,,,,0,,openstreetmap
Azzeddine,Other,Tanger,,35.7371338,-5.8863571,,,,0,,openstreetmap
Café Anasim,Other,Tanger,,35.7371328,-5.8864136,,,,0,,openstreetmap
Cafe Wardat Meknes,Other,Tanger,,35.7371423,-5.8870679,,,,0,,openstreetmap
Café Yasmine,Other,Tanger,,35.7315217,-5.8825361,,,,0,,openstreetmap
Cafe Roma,Other,Tanger,,35.7327177,-5.8822717,,,,0,,openstreetmap
Restaurant Dubai,Other,Tanger,Boulevard Tarik Ibn Ziad شارع طارق بن زياد,35.7635059,-5.8036955,,,,0,,openstreetmap
Boughaz,Other,Tanger,,35.7840764,-5.8086915,,,,0,,openstreetmap
Hole in the wall,Other,Tanger,,35.7800175,-5.8125172,,,,0,,openstreetmap
CAP Cafe,Other,Tanger,Rue Omar El Mokahtar,35.759728,-5.8025577,,,,0,,openstreetmap
Salon de Thé Sofia,Other,Tanger,Boulevard Tarik Ibn Ziad,35.7626158,-5.8032635,,,,0,,openstreetmap
L'herboriste du Nord,Other,Tanger,Avenue Allal El Fassi,35.7629541,-5.7986798,,,,0,,openstreetmap
Al Jazira,Other,Tanger,Avenue Allal El Fassi شارع علال الفاسي,35.7623229,-5.7994579,,,,0,,openstreetmap
Jawhara,Other,Tanger,Avenue Allal El Fassi شارع علال الفاسي,35.7624974,-5.7992265,,,,0,,openstreetmap
Passion Pizzaria,Other,Tanger,Boulevard Tarik Ibn Ziad,35.7642273,-5.8039975,,,,0,,openstreetmap
Cremerie Bilal,Other,Tanger,Rue Echahid Zaidi Mohamed Ben Daoud,35.7524566,-5.7977698,,,,0,,openstreetmap
Cafe Bassime,Other,Tanger,Rue Ibn El Kadi El Meknassi,35.7595401,-5.7931783,,,,0,,openstreetmap
Cafe Andaluza,Other,Tanger,Route de Tétouan,35.7584573,-5.7932282,,,,0,,openstreetmap
Cafe Star,Other,Tanger,Route de Tétouan,35.7596279,-5.7939755,,,,0,,openstreetmap
Sarayah food,Other,Tanger,Avenue Moussa Bnou Noussair,35.7782187,-5.8098772,,https://www.sarayahfood.com,,0,,openstreetmap
Lubina blanca,Other,Tanger,,35.7534427,-5.8294342,,,,0,,openstreetmap
Maryam مريم,Other,Tanger,,35.745341,-5.8570756,,,,0,,openstreetmap
Yemma Yenou,Other,Tanger,,35.7830942,-5.8084091,,,,0,,openstreetmap
Venezia Ice,Other,Tanger,,35.7831612,-5.7973306,,,,0,,openstreetmap
Vintage,Other,Tanger,,35.7744725,-5.7821183,,,,0,,openstreetmap
Restaurante Mesana Tanger,Other,Tanger,"Avenue Mohamed V, Bahia Azhar",35.7758175,-5.7856324,+212539301842,,,0,,openstreetmap
Café Babá,Other,Tanger,Rue Sidi Hassani,35.7877895,-5.8115525,,,,0,,openstreetmap
Abou Tayssir,Other,Tanger,Rue d'Italie,35.7864705,-5.8134839,+212644660292,,,0,,openstreetmap
عند حسن باب القصبة,Other,Tanger,Rue de la Kasbah,35.7868317,-5.8138821,,,,0,,openstreetmap
La Boutique,Other,Tanger,,35.7827736,-5.7981185,,http://www.tanjamarinabay.ma/fr/restauration,,0,,openstreetmap
The Windmill,Other,Tanger,Avenue Mohammed VI,35.7793428,-5.8013554,,,,0,,openstreetmap
Achkar,Other,Tanger,,35.759537,-5.9372791,,,,0,,openstreetmap
Nord-Pinus Restaurant,Other,Tanger,Rue Riad Sultan,35.7889455,-5.813482,,,,0,,openstreetmap
La Terrasse de Dar El Kasbah,Other,Tanger,Rue de la Kasbah,35.7870429,-5.8140617,,,,0,,openstreetmap
Dar Naji دار ناجي,Other,Tanger,,35.7717159,-5.8054498,+212539946340,https://m.facebook.com/DarNajiTanger/,,0,,openstreetmap
LA salon rouge,Other,Tanger,,35.7813968,-5.8079454,,,,0,,openstreetmap
L'marrakchi lecheria,Other,Tanger,,35.7856894,-5.810426,,,,0,,openstreetmap
Omega3,Other,Tanger,,35.7590564,-5.8376034,,,,0,,openstreetmap
Dall'Italiano,Other,Tanger,,35.7755629,-5.7870405,,,,0,,openstreetmap
Salon de The صالون الشاي,Other,Tanger,,35.7847071,-5.8238556,,,,0,,openstreetmap
Charaf,Other,Tanger,Rue Smarine,35.7848293,-5.8126495,,,,0,,openstreetmap
Red Cross,Other,Tanger,,35.7819768,-5.8180782,,,,0,,openstreetmap
Jawda Fruits,Other,Tanger,,35.7846159,-5.8133084,,,,0,,openstreetmap
Diala Food,Other,Tanger,,35.7760452,-5.8200797,+212539930100+212660741574,https://diala-food.ma/,,0,,openstreetmap
The Gold Crémerie,Other,Tanger,,35.7505638,-5.8538928,,,,0,,openstreetmap
Anji Restaurant,Other,Tanger,,35.7792339,-5.8028536,+212607678888,,,0,,openstreetmap
طوم يام,Other,Tanger,Rue Youssoufiya,35.7769645,-5.805336,+212539320897,https://tom-yam-thai-restaurant.business.site/,,0,,openstreetmap
Azur,Other,Tanger,,35.7894634,-5.8137454,+212808565189,,,0,,openstreetmap
AFTER NIGHT,Other,Tanger,Avenue Mohammed VI شارع محمد السادس,35.7746171,-5.7855688,+212699110201,https://after.com/,,0,,openstreetmap
Le chriringuito Beach By l'Océan Restaurant,Other,Tanger,Face au Restaurant de l'Océan,35.7451314,-5.9409931,,,,0,,openstreetmap
La Terraza De La Medina,Other,Tanger,Rue Bab El Assa,35.7878147,-5.8120069,,https://laterrazadelamedina.com/,,0,,openstreetmap
Les Fils du Détroit,Other,Tanger,,35.7881665,-5.8123052,,,,0,,openstreetmap
RESTAURANT CITE UNIVERSITAIRE,Other,Tanger,boukhalf,35.7360897,-5.8903672,,,,0,,openstreetmap
Anisa,Other,Tanger,boukhalef,35.7341637,-5.8862989,,,,0,,openstreetmap
Domahana,Other,Tanger,,35.7923043,-5.866446,,,,0,,openstreetmap
Tarifa rmilat,Other,Tanger,,35.7923001,-5.8663711,,,,0,,openstreetmap
Café Oum Kolthoum,Other,Tanger,,35.7627338,-5.8390038,,,,0,,openstreetmap
L'Ocean,Other,Tanger,,35.745065,-5.9393121,,,,0,,openstreetmap
Rahmouni Délice Restaurant,Other,Tanger,,35.7776649,-5.8076293,,,,0,,openstreetmap
London Pub,Other,Tanger,,35.7777835,-5.8098326,,,,0,,openstreetmap
Mr. Tacos,Other,Tanger,Avenue de Fès,35.7731981,-5.8140384,+212639443667,https://mrtacos.ma/,,0,,openstreetmap
Alma Kitchen & Coffee,Other,Tanger,Rue Antaki,35.7776313,-5.8044625,+212689742207,,,0,,openstreetmap
THE TRIPLE BAMBOU,Other,Tanger,Rue Lyon,35.7718995,-5.8050665,,,,0,,openstreetmap
Chili’s Tangier,Other,Tanger,Avenue Ludwig Van Beethoven,35.77367,-5.8010564,,,,0,,openstreetmap
Smash & Bun,Other,Tanger,Avenue Mohammed VI شارع محمد السادس,35.780381,-5.805445,,,,0,,openstreetmap
Cafes Porto Rico,Other,Tanger,,35.7846184,-5.8114946,+212662584518,,,0,,openstreetmap
DONNA Restaurant & Lounge,Other,Tanger,Route de Malabata,35.7743511,-5.7833148,+212691932544,,,0,,openstreetmap
Salon Roxy,Other,Tanger,,35.7780298,-5.8094904,,,,0,,openstreetmap
Cafè Paradis,Other,Tanger,,35.7779156,-5.8066419,,,,0,,openstreetmap
Soju Sushi,Other,Tanger,,35.778045,-5.8101958,,,,0,,openstreetmap
Enzo's,Other,Tanger,,35.7781538,-5.8099772,,,,0,,openstreetmap
Restaurant Darna,Other,Tanger,,35.7834918,-5.8135967,,,,0,,openstreetmap
ANZAR Morocco,Other,Tanger,,35.7824241,-5.7991199,+212666172897,,,0,,openstreetmap
Coffee Ben Moussa,Other,Tanger,,35.7529616,-5.7963569,,,,0,,openstreetmap
Dar Harruch,Other,Tanger,Rue Hadj Mohamed Torres,35.7866942,-5.8104966,+212664100606,,,0,,openstreetmap
Marshan Park Cafe Restaurant,Other,Tanger,,35.7900018,-5.8207537,,,,0,,openstreetmap
Plage tamarakt,Other,Tanger,,35.7773848,-5.9273083,,,,0,,openstreetmap
Café Rania,Other,Tanger,Avenue de la Résistance,35.7764978,-5.8094271,,,,0,,openstreetmap
La Mamounia,Other,Tanger,,35.7840136,-5.8086712,,,,0,,openstreetmap
Salon de thé,Other,Tanger,,35.7865885,-5.8135945,,,,0,,openstreetmap
Avenida,Other,Tanger,,35.7846016,-5.8089001,,,,0,,openstreetmap
Diblu,Other,Tanger,,35.7836473,-5.808606,,,,0,,openstreetmap
Dbagh,Other,Tanger,,35.7856267,-5.8090974,,,,0,,openstreetmap
Café Malaga,Other,Tanger,,35.7837597,-5.8086326,,,,0,,openstreetmap
Zerda,Other,Tanger,,35.7830333,-5.8083773,,,,0,,openstreetmap
Les Ambassadeurs,Other,Tanger,,35.7810435,-5.8098069,,,,0,,openstreetmap
Al Achab Medina,Other,Tanger,,35.7854196,-5.8090744,,,,0,,openstreetmap
Restaurant Ba Sidi,Other,Tanger,,35.7859572,-5.8130018,,,,0,,openstreetmap
California,Other,Tanger,,35.7838623,-5.8086537,,,,0,,openstreetmap
Terminus,Other,Tanger,,35.7831931,-5.8084269,,,,0,,openstreetmap
Al Maimouni,Other,Tanger,Rue Debghe,35.7856695,-5.809022,+212690309536,,,0,,openstreetmap
El Bhar,Other,Tanger,,35.7854621,-5.8087935,,,,0,,openstreetmap
Nahda,Other,Tanger,,35.7836851,-5.8085734,,,,0,,openstreetmap
Oh My Chef!,Other,Tanger,,35.7781335,-5.8100658,,,,0,,openstreetmap
La Casa,Other,Tanger,,35.7776961,-5.8092802,,https://indianspicetanger.com,,0,,openstreetmap
Delice Sevilla,Other,Tanger,,35.7771499,-5.8053232,,,,0,,openstreetmap
Also Hadika,Other,Tanger,,35.7759549,-5.8020119,,,,0,,openstreetmap
Zanmai,Other,Tanger,,35.7738734,-5.7969985,,,,0,,openstreetmap
Caesars Palace,Other,Tanger,,35.7759885,-5.8022529,,,,0,,openstreetmap
Galbi Dak,Other,Tanger,,35.7740879,-5.8007599,,,,0,,openstreetmap
Dar Kitchen,Other,Tanger,,35.773832,-5.7970675,,,,0,,openstreetmap
Pam Pam,Other,Tanger,,35.7778158,-5.8024378,,,,0,,openstreetmap
Maro Del Mar,Other,Tanger,,35.778391,-5.8024837,,,,0,,openstreetmap
Fast & Good,Other,Tanger,,35.776855,-5.8023246,,,,0,,openstreetmap
Goyh,Other,Tanger,,35.7762523,-5.8014153,,,,0,,openstreetmap
Marbella Ice,Other,Tanger,,35.7745018,-5.7996267,,,,0,,openstreetmap
Puerto Marina,Other,Tanger,,35.7739425,-5.7978406,,,,0,,openstreetmap
Vienna,Other,Tanger,,35.7784759,-5.8024979,,,,0,,openstreetmap
Restaurant cocher CT,Other,Tanger,,35.7800731,-5.8126941,,,,0,,openstreetmap
Snack la linea,Other,Tanger,Rue Plage Oualidia,35.7668219,-5.7648952,+212625187637,,,0,,openstreetmap
My délices,Other,Tanger,Rue Plage Oualidia,35.7692868,-5.7675366,,,,0,,openstreetmap
Yahya Catering,Other,Tanger,Rue Plage Mahtaba,35.7709327,-5.768693,,,,0,,openstreetmap
FAMILY FOOD,Other,Tanger,,35.7437575,-5.7999271,+212633924020,,,0,,openstreetmap
Sandwich Amanouz,Other,Tanger,,35.7864617,-5.8136969,,,,0,,openstreetmap
"3and Miloud, Bissara",Other,Tanger,,35.7836869,-5.8143446,,,,0,,openstreetmap
Bayt Tarab - Music Cafe,Other,Tanger,,35.7833488,-5.8137914,+212664672122,,,0,,openstreetmap
Sandwich Cervantes,Other,Tanger,,35.7828332,-5.8101864,,,,0,,openstreetmap
La Puerta Del Mar,Other,Tanger,,35.7890813,-5.8127088,,,,0,,openstreetmap
Chez Mustafa,Other,Tanger,,35.7844087,-5.8123938,,,,0,,openstreetmap
Café Cherifa,Other,Tanger,,35.7878542,-5.8117546,,,,0,,openstreetmap
Tsood,Other,Tanger,,35.788267,-5.8154467,,,,0,,openstreetmap
Café Restaurant Ibn Batouta,Other,Tanger,,35.736057,-5.8631399,,,,0,,openstreetmap
Lechería La Marina,Other,Tanger,,35.7863494,-5.8094401,,,,0,,openstreetmap
Dada,Other,Tanger,,35.7865118,-5.8107452,,,,0,,openstreetmap
Bab Al Bahr,Other,Tanger,,35.7863872,-5.8094349,,,,0,,openstreetmap
Al Massira,Other,Tanger,,35.760013,-5.9387225,,,,0,,openstreetmap
Salon de thé Elysée,Other,Tanger,,35.7811272,-5.8106429,,,,0,,openstreetmap
Snack Bhar,Other,Tanger,,35.7908862,-5.9234435,,,,0,,openstreetmap
Hanafta,Other,Tanger,,35.7907351,-5.8185855,,,,0,,openstreetmap
Chicken Mbarek,Other,Tanger,Rue AlMansour Edahbi,35.7774666,-5.8097411,,,,0,,openstreetmap
3Ar3Ar,Other,Tanger,,35.7662643,-5.7895817,,,,0,,openstreetmap
Pomodoro,Other,Tanger,Rue Taroudant,35.766977,-5.8071195,,,,0,,openstreetmap
Pizza Le Nord,Other,Tanger,,35.7802335,-5.8113272,,,,0,,openstreetmap
La Colombe,Other,Tanger,,35.7796864,-5.808918,,,,0,,openstreetmap
Koop Coffee,Other,Tanger,,35.7871109,-5.8099193,,,,0,,openstreetmap
Maison Grill Kasbah,Other,Tanger,Rue de la Kasbah,35.7872124,-5.8142147,+212663314589,,,0,,openstreetmap
Safran,Other,Tanger,,35.7825439,-5.7986415,,,,0,,openstreetmap
Café Zaid,Other,Tanger,,35.7867639,-5.8363067,,,,0,,openstreetmap
L'Aquarium Blue,Other,Tanger,,35.771659,-5.831162,,,,0,,openstreetmap
Restaurant Hafa Mar,Other,Tanger,,35.7916053,-5.8220644,,,,0,,openstreetmap
Maison de thé,Other,Tanger,,35.7915896,-5.822016,,,,0,,openstreetmap
Indian Spice Tangier,Other,Tanger,,35.7777259,-5.8092817,,,,0,,openstreetmap
NAPOLITANO TANGER,Other,Tanger,,35.776495,-5.8096768,,,,0,,openstreetmap
Sea Rainbow,Other,Tanger,,35.7766116,-5.7968971,,,,0,,openstreetmap
Bubble Ti,Other,Tanger,,35.761765,-5.837448,,,,0,,openstreetmap
دار طنجية,Other,Tanger,,35.76133,-5.836511,,,,0,,openstreetmap
Villa Al Achab,Other,Tanger,,35.783729,-5.825448,,,,0,,openstreetmap
Café Noujoum,Other,Tanger,,35.7846956,-5.8238841,,,,0,,openstreetmap
Yakitoria sushi,Other,Tanger,,35.765074,-5.790664,,,,0,,openstreetmap
Pâtisserie Douae,Other,Tanger,,35.784301,-5.82501,,,,0,,openstreetmap
FF-Food Tanger (Fusion Food),Other,Tanger,,35.7573424,-5.8407576,,,,0,,openstreetmap
Atiya flowers & coffee,Other,Tanger,,35.754992,-5.839079,,,,0,,openstreetmap
Boulangerie Patisserie My Délices,Other,Tanger,,35.769036,-5.767367,,,,0,,openstreetmap
مقهى الغروب,Other,Tanger,,35.7308723,-5.8824056,,,,0,,openstreetmap
Grillade Al Baraka,Other,Tanger,,35.788244,-5.829854,,,,0,,openstreetmap
شواية زعرورة 2,Other,Tanger,,35.753238,-5.81767,+212709390103,,,0,,openstreetmap
Cafe Laghmich,Other,Tanger,,35.787087,-5.867901,,,,0,,openstreetmap
RESTAURANT LECHERIA YEMLAHI RMILAT,Other,Tanger,,35.7865511,-5.8661718,,,,0,,openstreetmap
Café tissir,Other,Tanger,,35.73159,-5.882162,,,,0,,openstreetmap
Pâtisserie Omar,Other,Tanger,,35.732839,-5.88178,,,,0,,openstreetmap
مقهى إيناس,Other,Tanger,,35.73357,-5.881453,,,,0,,openstreetmap
Dakotah,Other,Tanger,,35.7856402,-5.8301374,+212631000666,,,0,,openstreetmap
Café Sahli,Other,Tanger,,35.742943,-5.821937,,,,0,,openstreetmap
Café Le Mirage,Other,Tanger,,35.787805,-5.86612,,,,0,,openstreetmap
Boucherie Chouwaya Al Irfan 1,Other,Tanger,,35.73298,-5.881747,,,,0,,openstreetmap
Snack Yassine,Other,Tanger,,35.7330443,-5.8817262,,,,0,,openstreetmap
Cafe el wahabi,Other,Tanger,,35.742767,-5.824814,+212679728238,,,0,,openstreetmap
بيزا بوجمعة,Other,Tanger,,35.7332032,-5.8816578,,,,0,,openstreetmap
Caramelo Ice,Other,Tanger,,35.7871869,-5.8659456,,,,0,,openstreetmap
مقهى ليالي صوفيا,Other,Tanger,,35.733814,-5.881289,,,,0,,openstreetmap
مطعم ياسين,Other,Tanger,,35.749812,-5.8090159,+212611920719,,,0,,openstreetmap
مقهى ومطعم طلالة,Other,Tanger,,35.769747,-5.910056,,,,0,,openstreetmap
Les Huîtres,Other,Tanger,,35.782972,-5.832663,,,,0,,openstreetmap
Pâtisserie El Fath,Other,Tanger,,35.770382,-5.8264894,,,,0,,openstreetmap
Facefood,Other,Tanger,,35.778945,-5.81863,,,,0,,openstreetmap
Lecheria Zara,Other,Tanger,,35.763862,-5.830062,,,,0,,openstreetmap
Boulangerie Casa Del Panno,Other,Tanger,,35.7701568,-5.8262079,,,,0,,openstreetmap
شواية سينيما المغرب,Other,Tanger,,35.77855,-5.818408,,,,0,,openstreetmap
Restaurant Hajj marzouk,Other,Tanger,,35.762965,-5.830877,,,,0,,openstreetmap
Sushi box سوشي بوكس,Other,Tanger,,35.7847115,-5.7613446,,,,0,,openstreetmap
Vicio,Other,Tanger,,35.784664,-5.761342,,,,0,,openstreetmap
Restaurant Boucherie El Toro Rojo,Other,Tanger,,35.75396,-5.828373,,,,0,,openstreetmap
Iceland,Other,Tanger,,35.7860862,-5.8334498,,,,0,,openstreetmap
Snack Bergamo,Other,Tanger,,35.7856554,-5.8323638,,,,0,,openstreetmap
Boulangerie et Patisserie Canarias,Other,Tanger,,35.785669,-5.830964,,,,0,,openstreetmap
Fellah Sandwiches,Other,Tanger,,35.785605,-5.828515,,,,0,,openstreetmap
Café Assalam,Other,Tanger,,35.785587,-5.8281584,,,,0,,openstreetmap
حلويات الحلوي,Other,Tanger,,35.7853497,-5.8259091,,,,0,,openstreetmap
Sablé Haloui,Other,Tanger,,35.785494,-5.825764,,,,0,,openstreetmap
مقهى القدس,Other,Tanger,,35.785386,-5.824735,,,,0,,openstreetmap
Orami gift,Other,Tanger,,35.785042,-5.824432,,,,0,,openstreetmap
L'Artigiano Kandinsky Ice Cream,Other,Tanger,,35.783714,-5.822402,,,,0,,openstreetmap
Fancy Gourmet - Ibéria,Other,Tanger,,35.783599,-5.822227,,,,0,,openstreetmap
LMP Café,Other,Tanger,,35.783484,-5.822045,,,,0,,openstreetmap
Beymen - Iberia,Other,Tanger,,35.7832375,-5.8222448,,,,0,,openstreetmap
Tiya Delices,Other,Tanger,,35.785605,-5.83172,,,,0,,openstreetmap
Café Rigli,Other,Tanger,,35.785398,-5.827553,,,,0,,openstreetmap
Smoked Chicken,Other,Tanger,,35.78539,-5.8262528,,,,0,,openstreetmap
Sandwich Safouane,Other,Tanger,,35.785644,-5.830286,,,,0,,openstreetmap
مقهى إمام مسلم,Other,Tanger,,35.785581,-5.829545,,,,0,,openstreetmap
مطعم الوالدة,Other,Tanger,,35.7856849,-5.8294309,,,,0,,openstreetmap
مقهى العيون,Other,Tanger,,35.785403,-5.828551,,,,0,,openstreetmap
Benny's : Café,Other,Tanger,,35.781718,-5.820725,,,,0,,openstreetmap
DIMA ICE,Other,Tanger,,35.785401,-5.828432,,,,0,,openstreetmap
Patissrie AL MaLhi,Other,Tanger,,35.785546,-5.827949,,,,0,,openstreetmap
مقهى السعادة,Other,Tanger,,35.785563,-5.827065,,,,0,,openstreetmap
Lecheria Andalucía,Other,Tanger,,35.785553,-5.826665,,,,0,,openstreetmap
Sandwich Marwaakch,Other,Tanger,,35.785585,-5.828124,,,,0,,openstreetmap
Richy Ice,Other,Tanger,,35.7855761,-5.8269259,,,,0,,openstreetmap
Haflaty,Other,Tanger,,35.785387,-5.826349,,,,0,,openstreetmap
KAMORA,Other,Tanger,,35.782789,-5.821506,,,,0,,openstreetmap
Crémerie Houaoui - Iberia عصيرات كريمري هواوي ايبريا,Other,Tanger,,35.7832407,-5.8218595,,,,0,,openstreetmap
Tanger Nord,Other,Tanger,,35.7801124,-5.8201426,,,,0,,openstreetmap
مخبزة قرطاج,Other,Tanger,,35.770343,-5.8252476,,,,0,,openstreetmap
Daddyr Burger,Other,Tanger,,35.776487,-5.834368,,,,0,,openstreetmap
Maldives,Other,Tanger,,35.77215,-5.831314,,,,0,,openstreetmap
مقهى ملقا,Other,Tanger,,35.770472,-5.827009,,,,0,,openstreetmap
Brasserie Mers Sultan,Other,Tanger,,35.778043,-5.832496,,,,0,,openstreetmap
Sale sucre ( حلو مالح ),Other,Tanger,,35.770259,-5.828454,,,,0,,openstreetmap
Grillade Abdelhak,Other,Tanger,,35.770482,-5.823474,,,,0,,openstreetmap
Lharcha y Churros,Other,Tanger,,35.770482,-5.827262,,,,0,,openstreetmap
lecheria Ali baba,Other,Tanger,,35.7700767,-5.8263018,,,,0,,openstreetmap
Mango juice,Other,Tanger,,35.770323,-5.823348,,,,0,,openstreetmap
حلويات مدريد,Other,Tanger,,35.770437,-5.829637,,,,0,,openstreetmap
Lecheria La Passion,Other,Tanger,,35.770383,-5.829546,,,,0,,openstreetmap
Fleur de neige,Other,Tanger,,35.7703636,-5.8254748,,,,0,,openstreetmap
Patisserie Karima,Other,Tanger,,35.770245,-5.828896,,,,0,,openstreetmap
Charafi Food,Other,Tanger,,35.7702309,-5.8227521,,,,0,,openstreetmap
Patisserie Zohour,Other,Tanger,,35.769146,-5.818156,,,,0,,openstreetmap
Snack Souani Food,Other,Tanger,,35.7702433,-5.8232471,,,,0,,openstreetmap
مقهى أنفا,Other,Tanger,,35.7701053,-5.8223403,,,,0,,openstreetmap
Café Ikhewan,Other,Tanger,,35.770687,-5.821638,,,,0,,openstreetmap
كافتيريا,Other,Tanger,,35.7706495,-5.821525,,,,0,,openstreetmap
Pâtisserie Anfa,Other,Tanger,,35.7700678,-5.8229662,,,,0,,openstreetmap
حلويات الشريف - Pâtisserie Charif,Other,Tanger,,35.770231,-5.822806,,,,0,,openstreetmap
Café Lachhab مقهى الاشهب,Other,Tanger,,35.7698393,-5.8219971,,,,0,,openstreetmap
Restaurant Puerto Marina,Other,Tanger,,35.776066,-5.800122,,,,0,,openstreetmap
Shanzoo Tanger,Other,Tanger,,35.7760062,-5.8001451,,,,0,,openstreetmap
Hekayh Coffee,Other,Tanger,,35.776159,-5.800092,,,,0,,openstreetmap
Restaurant Swiss Lounge,Other,Tanger,,35.7766782,-5.7998563,,,,0,,openstreetmap
Il Ristorante Di Mare,Other,Tanger,,35.777339,-5.798791,,,,0,,openstreetmap
Cafe La Côte,Other,Tanger,,35.774937,-5.798439,,,,0,,openstreetmap
مطعم الدجاج الذهبية,Other,Tanger,,35.776356,-5.799929,,,,0,,openstreetmap
Galopea Ice,Other,Tanger,,35.776869,-5.799654,,,,0,,openstreetmap
Restaurant Dar El Achab,Other,Tanger,,35.775996,-5.798348,,,,0,,openstreetmap
سان مارينو مطعم إيطالي,Other,Tanger,,35.775736,-5.798709,,,,0,,openstreetmap
Le terminal,Other,Tanger,,35.775402,-5.79878,,,,0,,openstreetmap
Big M Tanger,Other,Tanger,,35.776429,-5.799891,,,,0,,openstreetmap
حلزون طنجة,Other,Tanger,,35.777443,-5.799341,,,,0,,openstreetmap
RIO DO TEXAS,Other,Tanger,,35.777372,-5.799037,,,,0,,openstreetmap
مطعم التانجرينو,Other,Tanger,,35.777273,-5.7985909,,,,0,,openstreetmap
مقهى سطوب,Other,Tanger,,35.7771944,-5.7985238,,,,0,,openstreetmap
Pizzeria Yonko,Other,Tanger,,35.777084,-5.798502,,,,0,,openstreetmap
lechería Nakhil,Other,Tanger,,35.7770673,-5.7984694,,,,0,,openstreetmap
Bella Grossa,Other,Tanger,,35.7770639,-5.7984312,,,,0,,openstreetmap
Pizzeria Nour,Other,Tanger,,35.7759554,-5.7987869,,,,0,,openstreetmap
La Boca Negra,Other,Tanger,,35.777029,-5.799309,,,,0,,openstreetmap
Baba Chicken,Other,Tanger,,35.775458,-5.798565,,,,0,,openstreetmap
Anber Tanger Moroccan Restaurant,Other,Tanger,,35.7744753,-5.7846556,,,,0,,openstreetmap
Atlas أطلس,Other,Tanger,,35.7857222,-5.8106161,,,,0,,openstreetmap
مطعم الأندلس,Other,Tanger,,35.785797,-5.810444,,,,0,,openstreetmap
مقهى الهرارش,Other,Tanger,,35.7740262,-5.7421925,,,,0,,openstreetmap
Le Pti Versailles,Other,Tanger,,35.790391,-5.755174,,,,0,,openstreetmap
La Milli Coffee-Restaurant,Other,Tanger,,35.771492,-5.766028,,,,0,,openstreetmap
LA PLACE,Other,Tanger,,35.768132,-5.761399,,,,0,,openstreetmap
Cafeé HERBANISTA,Other,Tanger,,35.764147,-5.7631314,,,,0,,openstreetmap
Café Assayad,Other,Tanger,,35.762475,-5.762379,,,,0,,openstreetmap
Crémerie Houaoui 2,Other,Tanger,,35.7718112,-5.7700594,,,,0,,openstreetmap
La Brisa,Other,Tanger,,35.775154,-5.787146,,,,0,,openstreetmap
Churros & Sweets,Other,Tanger,,35.775285,-5.787187,,,,0,,openstreetmap
Crèmerie alghandour مقشدة الغندور,Other,Tanger,,35.7749368,-5.7870419,,,,0,,openstreetmap
Café Novel,Other,Tanger,,35.7746703,-5.7884965,,,,0,,openstreetmap
Café Puerto Rico,Other,Tanger,,35.774962,-5.788686,,,,0,,openstreetmap
Kalaydo Ice,Other,Tanger,,35.774908,-5.787122,,,,0,,openstreetmap
Marina Grill,Other,Tanger,,35.77507,-5.787056,,,,0,,openstreetmap
Restaurant & cafe Najah,Other,Tanger,,35.7854138,-5.8108241,,,,0,,openstreetmap
Express Coffee,Other,Tanger,,35.771438,-5.7859373,,,,0,,openstreetmap
Cafe Terrasse Boulevard,Other,Tanger,,35.7799113,-5.8072613,,,,0,,openstreetmap
Passion,Other,Tanger,,35.7797709,-5.8074856,,,,0,,openstreetmap
Pizza Ibiza,Other,Tanger,Avenue Moulay Hafid Ibn Abdelaziz,35.7661273,-5.8256396,,,,0,,openstreetmap
Cafe Magana,Other,Tanger,Rue Ibn Battouta,35.7690341,-5.8260078,,,,0,,openstreetmap
Rotana Café,Other,Tanger,Avenue D'Anfa,35.7704411,-5.8259524,,,,0,,openstreetmap
Cafe Al Hilal,Other,Tanger,,35.7580111,-5.7889834,,,,0,,openstreetmap
La Terasse D'or,Other,Tanger,Avenue Al Quds,35.7400875,-5.7999827,,,,0,,openstreetmap
Cafe Glory,Other,Tanger,,35.7368277,-5.7991954,,,,0,,openstreetmap
Cafe Akram,Other,Tanger,,35.7261124,-5.811723,,,,0,,openstreetmap
Creme Caramelo,Other,Tanger,Avenue Al Quds,35.7205869,-5.8043273,,,,0,,openstreetmap
Café Al Woroud Café Salon De Thé,Other,Tanger,,35.7257271,-5.8136938,,,,0,,openstreetmap
Liege,Other,Tanger,Rue 1,35.7262012,-5.8041944,,,,0,,openstreetmap
Cafe El Mers,Other,Tanger,,35.7351911,-5.8181638,,,,0,,openstreetmap
Laiteril Al Mers,Other,Tanger,,35.7404263,-5.8287541,,,,0,,openstreetmap
Café Alrabie,Other,Tanger,,35.7367137,-5.8221112,,,,0,,openstreetmap
Café Dina,Other,Tanger,,35.7404216,-5.8116375,,,,0,,openstreetmap
Chez Mario Pizzeria,Other,Tanger,,35.7449836,-5.8453798,,,,0,,openstreetmap
Paname Station,Other,Tanger,,35.7493693,-5.8434043,,,,0,,openstreetmap
La Perla,Other,Tanger,Avenue de Genévriers,35.7555374,-5.8342898,,,,0,,openstreetmap
La Perla Achakar,Other,Tanger,,35.7602489,-5.9387596,,,,0,,openstreetmap
Aroma,Other,Tanger,,35.7718736,-5.7684489,,,,0,,openstreetmap
Terrasse So Phare,Other,Tanger,,35.7907962,-5.9233529,,,,0,,openstreetmap
مقهى ومطعم القدس,Other,Taounate,,34.5355187,-4.6370433,,,,0,,openstreetmap
"Nassim rif: Café , restaurant",Other,Taounate,,34.5369348,-4.6367428,,,,0,,openstreetmap
Café Istanbul,Other,Taounate,,34.5369425,-4.6370968,,,,0,,openstreetmap
مقهى 24/24,Other,Taounate,,34.5373944,-4.6370958,,,,0,,openstreetmap
مزرعة مجد,Other,Taounate,,34.5695409,-4.6437339,,,,0,,openstreetmap
مقهى النخيل بردان Café Annakhil,Other,Taounate,,34.5411683,-4.6375287,,,,0,,openstreetmap
Cham : Café & Restaurant,Other,Taounate,,34.5410203,-4.6373647,,,,0,,openstreetmap
LAS VEGAS CLUB,Other,Taounate,,34.5409065,-4.6372568,,,,0,,openstreetmap
Royal,Other,Taounate,,34.5407353,-4.63712,,,,0,,openstreetmap
SAMAK ZMIMET,Other,Taounate,,34.540458,-4.6370616,,,,0,,openstreetmap
Cafe INARA,Other,Taounate,,34.5362777,-4.6370412,,,,0,,openstreetmap
مقهى المغرب العربي,Other,Taounate,,34.5363595,-4.637062,,,,0,,openstreetmap
مجزرة /أ/47,Other,Taounate,,34.5367407,-4.6383109,,,,0,,openstreetmap
El Morabitine : Café & Restaurant,Other,Taounate,,34.5356869,-4.6373376,,,,0,,openstreetmap
Crémerie Amine,Other,Taounate,,34.5250971,-4.6368504,,,,0,,openstreetmap
مقهى ومطعم ميامار,Other,Taounate,,34.524838,-4.6368299,,,,0,,openstreetmap
Herizona : Café & Restaurant,Other,Taounate,,34.5353826,-4.6385865,,,,0,,openstreetmap
Restaurant L’Escale,Other,Taounate,,34.5041725,-4.6565033,,,,0,,openstreetmap
Café L'artistico,Other,Taounate,,34.53564,-4.638194,,,,0,,openstreetmap
Cafe restaurant HATHAT مقهى و مطعم هطهاط,Other,Taounate,,34.548317,-4.641968,,,,0,,openstreetmap
Snack milano,Other,Taounate,,34.5362343,-4.6373785,,,,0,,openstreetmap
Cafe Shop - TM -,Other,Taounate,,34.547966,-4.640817,,,,0,,openstreetmap
مخبزة و حلويات الدشيار,Other,Taounate,,34.547975,-4.643796,,,,0,,openstreetmap
مقهى اليمامة,Other,Taounate,,34.5357987,-4.6367548,,,,0,,openstreetmap
Z. PRESTIGE restaurants café,Other,Taounate,,34.524555,-4.642452,,,,0,,openstreetmap
restaurant Lalla Meryem,Other,Taourirt,,34.4157733,-2.8943348,,,,0,,openstreetmap
Salamanca,Other,Taourirt,,34.416675,-2.9157547,,,,0,,openstreetmap
Laiterie lbeldi Taourirt,Other,Taourirt,Rue Midelt زنقة ميدلت,34.4129922,-2.9087698,,,,0,,openstreetmap
Jet d'eau,Other,Taourirt,,34.4155997,-2.8941535,,,,0,,openstreetmap
Le Délice,Other,Tarfaya,,27.9385063,-12.9238693,,,,0,,openstreetmap
Casamar,Other,Tarfaya,,27.9386777,-12.9242636,,,,0,,openstreetmap
Café Las Dunas,Other,Tarfaya,,27.9396051,-12.9269254,,,,0,,openstreetmap
Café Atlantic,Other,Tarfaya,,27.9394586,-12.9264036,,,,0,,openstreetmap
Atlas,Other,Tarfaya,,27.9388178,-12.9256375,,,,0,,openstreetmap
Café Tropicano,Other,Tarfaya,,27.9384804,-12.9246694,,,,0,,openstreetmap
La Courbine,Other,Tarfaya,,27.9375881,-12.9217061,,,,0,,openstreetmap
Café Restaurant Oasis,Other,Taroudant,,30.4691365,-8.8833289,,,,0,,openstreetmap
Hotel Les Arcades,Other,Taroudant,,30.4696667,-8.8827123,,,,0,,openstreetmap
Pâtisserie Oumnia,Other,Taroudant,,30.4706957,-8.8797108,,,,0,,openstreetmap
Café Sindibad,Other,Taroudant,,30.4690754,-8.8826113,,,,0,,openstreetmap
Café d'éponge,Other,Taroudant,,30.4652781,-8.8783814,,,,0,,openstreetmap
Café Arena,Other,Taroudant,,30.469523,-8.887607,,,,0,,openstreetmap
Café de la gare,Other,Taroudant,,30.4651189,-8.8771189,,,,0,,openstreetmap
Café Restaurant Jnan Soussia,Other,Taroudant,,30.4641595,-8.88225,,,,0,,openstreetmap
Café Achkid,Other,Taroudant,,30.474136,-8.8667428,,,,0,,openstreetmap
Restaurant Anas,Other,Taroudant,,30.4714334,-8.8694667,,,,0,,openstreetmap
Café France,Other,Taroudant,,30.4714319,-8.8698641,,,,0,,openstreetmap
Café Celo,Other,Taroudant,,30.4781823,-8.8658122,,,,0,,openstreetmap
Café Brothers,Other,Taroudant,,30.4780447,-8.8655051,,,,0,,openstreetmap
Café Draa,Other,Taroudant,,30.4777512,-8.8648963,,,,0,,openstreetmap
Café Masjid,Other,Taroudant,,30.468668,-8.8774139,,,,0,,openstreetmap
Café Al Fath,Other,Taroudant,,30.4690656,-8.8827722,,,,0,,openstreetmap
Café Darna 2,Other,Taroudant,,30.4778677,-8.8627656,,,,0,,openstreetmap
Opera Café,Other,Taroudant,,30.4670997,-8.9215167,,,,0,,openstreetmap
Royale Snack,Other,Taroudant,,30.4729046,-8.877912,,,,0,,openstreetmap
Yassmina,Other,Taroudant,,30.4694414,-8.8823356,,,,0,,openstreetmap
Café,Other,Taroudant,,30.469297,-8.8762013,,,,0,,openstreetmap
مقهى فريد,Other,Taroudant,,30.4727394,-8.8832176,,,,0,,openstreetmap
Café Oasis / Waha,Other,Taroudant,,30.4736831,-8.8840268,,,,0,,openstreetmap
Snack Itran,Other,Taroudant,,30.4690869,-8.8790607,,,,0,,openstreetmap
Complexe El Kasbah,Other,Taroudant,,30.4711774,-8.8746698,,,,0,,openstreetmap
Bar Palais Salam,Other,Taroudant,,30.4725527,-8.8711748,,,,0,,openstreetmap
Riad dar Dzahra,Other,Taroudant,Derb Akka,30.4677146,-8.8838155,,,,0,,openstreetmap
Café Dghoughi,Other,Taza,,34.2258577,-4.007845,,,,0,,openstreetmap
Les Deux Rives,Other,Taza,,34.2237502,-4.0084014,,,,0,,openstreetmap
Snack Chez Amigos,Other,Taza,,34.2234543,-4.0076748,,,,0,,openstreetmap
Patisserie Al-Ahram,Other,Taza,,34.22129,-4.0068587,,,,0,,openstreetmap
La laiterie centrale,Other,Taza,,34.2231066,-4.0077896,,,,0,,openstreetmap
Cyber,Other,Taza,,34.2236716,-4.0084538,,,,0,,openstreetmap
Café Marjna مقهى مرجانة,Other,Taza,,34.2280131,-3.9933221,,,,0,,openstreetmap
Restaurant Paradise Moumou,Other,Taza,,34.2143999,-4.0091792,+212535671111,,,0,,openstreetmap
Restaurant Ramsis مطعم رمسيس,Other,Taza,Avenue Sidi Mohamed شارع سيدي محمد,34.2231098,-4.0114181,+212535281112,,,0,,openstreetmap
Stitto استتو,Other,Taza,,34.2213605,-4.0040812,,,,0,,openstreetmap
LA GARE,Other,Taza,,34.2310806,-4.008029,,,,0,,openstreetmap
cafè pyramide,Other,Taza,,34.2309854,-4.010711,,,,0,,openstreetmap
café al ghazala,Other,Taza,,34.2304848,-4.0087496,,,,0,,openstreetmap
Youssef,Other,Taza,,34.2303445,-4.0090017,,,,0,,openstreetmap
Time 2,Other,Taza,,34.2135177,-4.0108246,,,,0,,openstreetmap
NAHDA PALACE,Other,Taza,,34.2279819,-4.0235768,,,,0,,openstreetmap
Le gouffre,Other,Taza,,34.2175756,-4.0053818,,,,0,,openstreetmap
مقهى المكتب,Other,Taza,,34.230287,-4.008805,,,,0,,openstreetmap
Parc bella,Other,Taza,,34.2317469,-4.0335879,,,,0,,openstreetmap
Le palais des goûts,Other,Taza,,34.2244861,-4.0069623,,,,0,,openstreetmap
La Kasba,Other,Tinghir,,31.5232499,-5.5295443,,,,0,,openstreetmap
Kasbah Omari,Other,Tinghir,,31.5312377,-5.5523321,,,,0,,openstreetmap
El Mabrouk,Other,Tinghir,,31.5297783,-5.5464634,,,,0,,openstreetmap
Chez Michele,Other,Tinghir,,31.5260355,-5.5316622,,,,0,,openstreetmap
Kasbah Dar Bassou,Other,Tinghir,Avenue Bir Anzarane,31.5155987,-5.5338376,,,,0,,openstreetmap
les Cafes Martin,Other,Tinghir,Rue Senhaja,31.5174311,-5.5357373,022616837,,,0,,openstreetmap
Vivalti,Other,Tinghir,,31.5183499,-5.5353213,,,,0,,openstreetmap
LA Perla,Other,Tinghir,,31.5182111,-5.5354416,,,,0,,openstreetmap
Agdal,Other,Tinghir,,31.5221697,-5.5305894,,,,0,,openstreetmap
OMAR café,Other,Tinghir,,31.5216178,-5.5316326,,,,0,,openstreetmap
chkokote,Other,Tinghir,,31.5215813,-5.5314449,,,,0,,openstreetmap
Mabrouka,Other,Tinghir,,31.5216567,-5.5312893,,,,0,,openstreetmap
Lina Palace,Other,Tinghir,,31.5055831,-5.5394214,,,,0,,openstreetmap
Oasis,Other,Tinghir,,31.5207588,-5.5329079,,,,0,,openstreetmap
Café voyageurs,Other,Tinghir,,31.5200912,-5.532873,,,,0,,openstreetmap
al-Quds café مقهى أورشليم,Other,Tinghir,,31.5211576,-5.5309699,,,,0,,openstreetmap
chez jawad,Other,Tinghir,,31.5257517,-5.5137944,,,,0,,openstreetmap
Cafe Ourti,Other,Tinghir,,31.4993946,-5.5429107,,,,0,,openstreetmap
Aijam Café,Other,Tinghir,,31.507863,-5.5389658,,,,0,,openstreetmap
Chez Aziz,Other,Tinghir,,31.5194854,-5.5293575,,,,0,,openstreetmap
Milkbar Elyasmina restaurant,Other,Tinghir,,31.5007237,-5.5429374,+212677909638,,,0,,openstreetmap
Café Central,Other,Tinghir,,31.5204517,-5.5316862,,,,0,,openstreetmap
Restaurant Inass,Other,Tinghir,,31.5279927,-5.5454832,+212524833300,,,0,,openstreetmap
Inass,Other,Tinghir,,31.5279538,-5.5457082,,,,0,,openstreetmap
Riad Agraw,Other,Tinghir,,31.5155344,-5.5347035,,,,0,,openstreetmap
Tumert,Other,Tinghir,,31.5168558,-5.5362351,,,,0,,openstreetmap
Yasmina,Other,Tinghir,,31.5166957,-5.536325,,,,0,,openstreetmap
CAFE RESTAURANT JANNAT,Other,Tinghir,Avenue Mohamed V شارع الحسن الثاني,31.5164519,-5.5365747,+212661633191,"https://www.google.com/maps/place/CAFE+RESTAURANT+JANNAT/@31.5165901,-5.5366065,15z/data=!4m12!1m6!3m5!1s0x0:0x76a385918a276276!2sCAFE+RESTAURANT+JANNAT!8m2!3d31.5165901!4d-5.5366065!3m4!1s0x0:0x76a385918a276276!8m2!3d31.5165901!4d-5.5366065",,0,,openstreetmap
Cafe Afriquia,Other,Tiznit,,29.6662999,-9.7217401,,,,0,,openstreetmap
Café Souss,Other,Tiznit,,29.692375,-9.7275557,,,,0,,openstreetmap
Snack Café Kwis Laz,Other,Tiznit,,29.6920875,-9.7235481,,,,0,,openstreetmap
A l'ombre du Figuier,Other,Tiznit,,29.698031,-9.7305939,+212528861204,,,0,,openstreetmap
Timizar,Other,Tiznit,,29.6970582,-9.7317369,,,,0,,openstreetmap
Café restaurant Tigmi,Other,Tiznit,,29.6951554,-9.7419634,+212528864001,,,0,,openstreetmap
Snap Pizza,Other,Tiznit,,29.6974145,-9.7296787,,,,0,,openstreetmap
La Ville Nouvelle,Other,Tiznit,,29.6952403,-9.7322163,,,,0,,openstreetmap
Restaurant Samy B,Other,Tiznit,,29.6939198,-9.723629,,,,0,,openstreetmap
cafe touilnouvis مقهى تويلنوفيس,Other,Témara,,33.92492,-6.9161467,,,,0,,openstreetmap
Cafe yassmine مقهى ياسمين,Other,Témara,Avenue Tarik Ibn Ziad شارع طارق بن زياد,33.9096278,-6.9137995,,,,0,,openstreetmap
Cafe Al Fath مقهى الفتح,Other,Témara,,33.9000669,-6.9340574,,,,0,,openstreetmap
شواية الأخوين,Other,Témara,,33.9125229,-6.9240105,,,,0,,openstreetmap
Nardine,Other,Témara,,33.9416112,-6.8935466,,,,0,,openstreetmap
Nourine,Other,Témara,,33.9383852,-6.8972272,,,,0,,openstreetmap
dar diafa,Other,Témara,sdsd,33.9218904,-6.8970794,,,,0,,openstreetmap
Grillade MR PINO,Other,Témara,Avenue Tarik Ibn Ziad شارع طارق بن زياد,33.9102217,-6.9058166,+212666970703,https://www.instagram.com/grillademrpino.temara/,,0,,openstreetmap
Café PINO,Other,Témara,Avenue Tarik Ibn Ziad شارع طارق بن زياد,33.9107258,-6.9065088,+212661941929,https://www.instagram.com/p/CHfeGyTpVbP/,,0,,openstreetmap
Cafe Zagoura,Other,Témara,,33.9296822,-6.8899956,,,,0,,openstreetmap
مقهى لبدر,Other,Témara,,33.9035709,-6.9238826,,,,0,,openstreetmap
Oscar,Other,Témara,,33.9029759,-6.9247033,,,,0,,openstreetmap
Café Bab Tamesna,Other,Témara,,33.9019101,-6.9233194,,,,0,,openstreetmap
مقهى الأحلام,Other,Témara,,33.9016703,-6.9235928,,,,0,,openstreetmap
La Soie,Other,Témara,,33.9007965,-6.9246997,,,,0,,openstreetmap
Café Alexandra,Other,Témara,,33.9015739,-6.9247832,,,,0,,openstreetmap
مقهى يوري,Other,Témara,,33.901993,-6.9254138,,,,0,,openstreetmap
سناك بلادي,Other,Témara,,33.9033236,-6.9249313,,,,0,,openstreetmap
Café Jad,Other,Témara,,33.9027602,-6.9222876,,,,0,,openstreetmap
مقهى زين,Other,Témara,,33.90211,-6.9218954,,,,0,,openstreetmap
La Manga,Other,Témara,,33.9062589,-6.9253351,,,,0,,openstreetmap
مقهى جواهر,Other,Témara,,33.9071821,-6.9241294,,,,0,,openstreetmap
Trois Gourmets,Other,Témara,,33.8999284,-6.925753,,,,0,,openstreetmap
Arzak,Other,Témara,,33.9005033,-6.9256242,,,,0,,openstreetmap
أسماك هشام,Other,Témara,,33.9051359,-6.9225359,,,,0,,openstreetmap
مقهى الخيام,Other,Témara,,33.905853,-6.9256969,,,,0,,openstreetmap
Café Urbano,Other,Témara,,33.9018426,-6.9256296,,,,0,,openstreetmap
Traiteur Benbrahim,Other,Témara,,33.9405135,-6.8946117,,,,0,,openstreetmap
Mille Délices,Other,Témara,,33.9038606,-6.919916,,,,0,,openstreetmap
Our corner,Other,Témara,,33.9040033,-6.919706,,,,0,,openstreetmap
Café Dialna,Other,Témara,,33.9040726,-6.9196417,,,,0,,openstreetmap
PARADEL CAFE,Other,Témara,,33.9207913,-6.9160852,,,,0,,openstreetmap
Green House,Other,Témara,,33.9212445,-6.9159753,,,,0,,openstreetmap
سناك الشعب,Other,Témara,,33.9207017,-6.9165718,,,,0,,openstreetmap
مشواة يونس,Other,Témara,,33.9206365,-6.9166208,,,,0,,openstreetmap
Café Atlantis,Other,Témara,,33.9064516,-6.9214195,,,,0,,openstreetmap
Nice Smile Coffe,Other,Témara,,33.9205116,-6.9167661,,,,0,,openstreetmap
VITTEL Café,Other,Témara,,33.9072903,-6.922608,,,,0,,openstreetmap
Chérifa,Other,Témara,,33.9028745,-6.9169121,,,,0,,openstreetmap
La bonne dose,Other,Témara,,33.9032719,-6.9172785,,,,0,,openstreetmap
مطعم النسيم,Other,Témara,,33.9023239,-6.9172852,,,,0,,openstreetmap
Café mogador,Other,Témara,,33.9296652,-6.8902533,,,,0,,openstreetmap
Cafés Carrion,Other,Témara,Rue Almanar,33.9225984,-6.9321474,,https://cafescarrion.com/,,0,,openstreetmap
O'Ben Coffee Shop,Other,Témara,,33.940711,-6.884867,,,,0,,openstreetmap
EL MANBAT,Other,Témara,,33.941104,-6.884337,,,,0,,openstreetmap
Chef D'oeuvre Annexe,Other,Témara,,33.938974,-6.885797,,,,0,,openstreetmap
محلبة كروستيو,Other,Témara,,33.940381,-6.884898,,,,0,,openstreetmap
Snack Inwa hay guich loudaya,Other,Témara,,33.939808,-6.885377,,,,0,,openstreetmap
Café Mimosa,Other,Témara,,33.939005,-6.88729,,,,0,,openstreetmap
Café les Grottes de Friouato,Other,Témara,,33.9404236,-6.8874182,,,,0,,openstreetmap
Guich Café,Other,Témara,,33.940854,-6.888257,,,,0,,openstreetmap
Café Pâtisserie Quatre Quatre Deux,Other,Témara,,33.939233,-6.885647,,,,0,,openstreetmap
Boulangerie Abtal,Other,Témara,,33.940233,-6.88769,,,,0,,openstreetmap
Ça Marche,Other,Témara,,33.940279,-6.886894,,,,0,,openstreetmap
Café Palace,Other,Témara,,33.942293,-6.888836,,,,0,,openstreetmap
Restaurant Gusto,Other,Témara,,33.941687,-6.89284,,,,0,,openstreetmap
Dyafna traiteur,Other,Témara,,33.9415732,-6.8939873,,,,0,,openstreetmap
Maison Safaa - Café & Réstaurant,Other,Témara,,33.941464,-6.894245,,,,0,,openstreetmap
I want crispy,Other,Témara,,33.9413118,-6.8944291,,,,0,,openstreetmap
La Tasse Dorée,Other,Témara,,33.940952,-6.893596,,,,0,,openstreetmap
Sushi bee,Other,Témara,,33.940856,-6.893074,,,,0,,openstreetmap
El bocadillo Tanjaoui,Other,Témara,,33.940014,-6.895058,,,,0,,openstreetmap
مطعم زين الشام,Other,Témara,,33.937326,-6.894774,,,,0,,openstreetmap
Thé-Mara,Other,Témara,,33.930008,-6.899858,,,,0,,openstreetmap
Mam Africa,Other,Témara,,33.927746,-6.898188,,,,0,,openstreetmap
Thon Fatom,Other,Témara,,33.933373,-6.907072,,,,0,,openstreetmap
Kilani coffee & restaurant,Other,Témara,,33.918862,-6.906661,,,,0,,openstreetmap
Le Pain Savoureux,Other,Témara,,33.939778,-6.890713,,,,0,,openstreetmap
Art Cake By Siham Aloui,Other,Témara,,33.939535,-6.891529,,,,0,,openstreetmap
Mon Sushi,Other,Témara,,33.941054,-6.8919,,,,0,,openstreetmap
Banyan Cafe Restaurant,Other,Témara,,33.94012,-6.894284,,,,0,,openstreetmap
Hera Brunch,Other,Témara,,33.937791,-6.89658,,,,0,,openstreetmap
دار الفواكه - تمارة,Other,Témara,,33.931324,-6.895722,,,,0,,openstreetmap
Boulangerie Ohoud مخبزة أحد,Other,Témara,,33.930329,-6.897671,,,,0,,openstreetmap
Crisp It مطعم الدجاج,Other,Témara,,33.926132,-6.893689,,,,0,,openstreetmap
Café parfait,Other,Témara,,33.925361,-6.903789,,,,0,,openstreetmap
Café Tamaris,Other,Témara,,33.917686,-6.904303,,,,0,,openstreetmap
Makimac,Other,Témara,,33.940442,-6.894693,,,,0,,openstreetmap
M9ILA,Other,Témara,,33.939306,-6.895737,,,,0,,openstreetmap
Onishi,Other,Témara,,33.941954,-6.897696,,,,0,,openstreetmap
Espace Les Palmiers,Other,Témara,,33.939446,-6.898742,,,,0,,openstreetmap
Sushi Témara - SUSHI YOUZAR -,Other,Témara,,33.931025,-6.898168,,,,0,,openstreetmap
Café Mabrouka مقهى مبروكة,Other,Témara,,33.914516,-6.907569,,,,0,,openstreetmap
مخبزة وحلويات توبقال,Other,Témara,,33.939882,-6.8999603,,,,0,,openstreetmap
Paradise,Other,Témara,,33.931204,-6.895296,,,,0,,openstreetmap
Café Milano,Other,Témara,,33.925664,-6.894435,,,,0,,openstreetmap
RAISS FOOD,Other,Témara,,33.920255,-6.916704,,,,0,,openstreetmap
Café Ziad,Other,Témara,,33.8970259,-6.9205642,,,,0,,openstreetmap
Hôtel Restaurant Kasbah Asmaa,Other,Zagora,,30.3194888,-5.8304608,,,,0,,openstreetmap
Zagour,Other,Zagora,,30.318832,-5.8273747,,,,0,,openstreetmap
Camping Palmerie d'Amezrou,Other,Zagora,,30.314746,-5.829832,,,,0,,openstreetmap
Café Oscar,Other,Zagora,,30.3305295,-5.8384232,,,,0,,openstreetmap
Pizzeria Omar,Other,Zagora,,30.3313372,-5.8372385,,,,0,,openstreetmap
Laitiére Islam,Other,Zagora,,30.3311259,-5.8355723,,,,0,,openstreetmap
Dromadaire Gourmand,Other,Zagora,,30.3457462,-5.8379017,,,,0,,openstreetmap
Marwa Café Réstaurant Snack,Other,Zagora,,30.3357373,-5.8375106,,,,0,,openstreetmap
Asaada,Other,Zagora,,30.3258414,-5.8391316,,,,0,,openstreetmap
Tombouctou تمبكتو,Other,Zagora,,30.3255557,-5.8393065,,,,0,,openstreetmap
Texas,Other,Zagora,,30.3311511,-5.8375512,,,,0,,openstreetmap
chez Tata galette berbere,Other,Zagora,Avenue Mohamed V شارع الحسن الثاني,30.3303567,-5.8377365,,,,0,,openstreetmap
Café restaurant El Mouttaki,Other,Zagora,,30.3486821,-5.8392128,+212667854936,https://www.elmouttaki.online/,,0,,openstreetmap
Pizzeria,Other,Zagora,,30.3300814,-5.8361049,,,,0,,openstreetmap
Café Restaurant El Khayma,Other,Zagora,,30.3312206,-5.8375022,,,,0,,openstreetmap
Le Café Littéraire,Other,Zagora,,30.324413,-5.8401509,,,,0,,openstreetmap
