name,country,city,address,latitude,longitude,phone,website,rating,reviews_count,price_range,source
La Brioche,UAE,Abu Dhabi,,24.4705197,54.3401287,,,,0,,openstreetmap
تيم هورتونز,UAE,Abu Dhabi,,24.4737089,54.3401389,,,,0,,openstreetmap
Cinnabon,UAE,Abu Dhabi,,24.4739454,54.3405196,,,,0,,openstreetmap
Special,UAE,Abu Dhabi,,24.4719622,54.3398043,,,,0,,openstreetmap
La Terrazza,UAE,Abu Dhabi,Corniche Road West,24.4630532,54.3257203,,,,0,,openstreetmap
Subway,UAE,Abu Dhabi,,24.4696016,54.3426228,,,,0,,openstreetmap
Vasco's,UAE,Abu Dhabi,,24.464416,54.3252941,,,,0,,openstreetmap
Special Restaurant & Cafe,UAE,Abu Dhabi,,24.470173,54.3374057,,,,0,,openstreetmap
IDioms Restaurant,UAE,Abu Dhabi,,24.4710562,54.3401706,,,,0,,openstreetmap
Cafe Du Roi,UAE,Abu Dhabi,,24.4711703,54.3396055,,,,0,,openstreetmap
Brauhaus,UAE,Abu Dhabi,,24.4947347,54.3845185,,,,0,,openstreetmap
Chamas,UAE,Abu Dhabi,,24.4567285,54.328703,,,,0,,openstreetmap
The Yacht Club,UAE,Abu Dhabi,,24.4566624,54.3287633,,,,0,,openstreetmap
The Belgian Beer Cafe,UAE,Abu Dhabi,,24.456887,54.3286924,,,,0,,openstreetmap
Bocca,UAE,Abu Dhabi,Corniche Road West,24.4633046,54.3260083,,,,0,,openstreetmap
Hemingways,UAE,Abu Dhabi,Corniche Road West,24.462524,54.3255185,,,,0,,openstreetmap
The Jazz Club,UAE,Abu Dhabi,Corniche Road West,24.4625314,54.3254483,,,,0,,openstreetmap
Royal Orchid,UAE,Abu Dhabi,Corniche Road West,24.4629701,54.3256185,,,,0,,openstreetmap
IL Forno,UAE,Abu Dhabi,2nd Street,24.4567823,54.3822694,,,,0,,openstreetmap
دجاج كنتاكي,UAE,Abu Dhabi,,24.4733705,54.3681979,,,,0,,openstreetmap
Foodlands RESTAURANT,UAE,Abu Dhabi,,24.4790819,54.3629149,,,,0,,openstreetmap
Le Beaujolais,UAE,Abu Dhabi,Hamdan Bin Mohammed Street,24.4885209,54.3621383,,,,0,,openstreetmap
Esquires,UAE,Abu Dhabi,,24.4635499,54.3875645,,,,0,,openstreetmap
Frankie's,UAE,Abu Dhabi,,24.4151094,54.4900739,+97126543238,,,0,,openstreetmap
Marco Pierre White Steakhouse & Grill,UAE,Abu Dhabi,,24.4147447,54.4905466,,https://www.fairmont.com/babalbahr/GuestServices/Restaurants/MarcoPierreWhiteSteakhouseandGrill.htm,,0,,openstreetmap
Texas Chicken,UAE,Abu Dhabi,,24.4720677,54.3683553,,,,0,,openstreetmap
Certo,UAE,Abu Dhabi,,24.4092342,54.4906932,,,,0,,openstreetmap
Ushna,UAE,Abu Dhabi,,24.4088353,54.4908087,,,,0,,openstreetmap
Fishmarket,UAE,Abu Dhabi,,24.4554703,54.3271026,,,,0,,openstreetmap
McDonald's,UAE,Abu Dhabi,,24.4738348,54.3477818,,,,0,,openstreetmap
Burger King,UAE,Abu Dhabi,,24.4716213,54.344987,,,,0,,openstreetmap
مطعم زهرة لبنان,UAE,Abu Dhabi,,24.4756132,54.3774909,,,,0,,openstreetmap
Pearls Bar,UAE,Abu Dhabi,,24.4066186,54.490096,,,,0,,openstreetmap
The Meat Co.,UAE,Abu Dhabi,,24.4090332,54.4906656,+97125581713,,,0,,openstreetmap
Sho Cho,UAE,Abu Dhabi,,24.4090926,54.4906676,+97125581117,,,0,,openstreetmap
Starbucks,UAE,Abu Dhabi,,24.4898717,54.3628881,,,,0,,openstreetmap
Al Rousha,UAE,Abu Dhabi,,24.4908389,54.3611943,,,,0,,openstreetmap
Cafe Arabia,UAE,Abu Dhabi,Mohammed Bin Khalifa Street (15th Street),24.4558765,54.3793157,+97126439699,https://www.facebook.com/CafeArabia,,0,,openstreetmap
Il Porto Italian Restaurant & Sushi Bar,UAE,Abu Dhabi,,24.473801,54.3162985,+97326359957,,,0,,openstreetmap
Al Fawar,UAE,Abu Dhabi,,24.4336768,54.4378142,,,,0,,openstreetmap
Ponderosa Steakhouse,UAE,Abu Dhabi,,24.4849965,54.3625668,,,,0,,openstreetmap
Tasty Zone CAFETERIA,UAE,Abu Dhabi,,24.4586902,54.3762226,,,,0,,openstreetmap
Spaccanapoli,UAE,Abu Dhabi,,24.4909957,54.3656632,,,,0,,openstreetmap
Trader Vic's,UAE,Abu Dhabi,,24.4945046,54.3839147,,https://tradervics.com/locations/abu-dhabi/,,0,,openstreetmap
Hakkasan,UAE,Abu Dhabi,,24.4622055,54.3183969,,,,0,,openstreetmap
Pizza Hut,UAE,Abu Dhabi,,24.4590562,54.3805211,,,,0,,openstreetmap
Le Boulanger,UAE,Abu Dhabi,,24.4386638,54.412588,,,,0,,openstreetmap
Sofra bld,UAE,Abu Dhabi,,24.4066611,54.4904158,+97125098888,,,0,,openstreetmap
Bord Eau,UAE,Abu Dhabi,,24.4064507,54.4905754,+97125098888,http://www.shangri-la.com/en/property/abudhabi/shangrila/dining/restaurant/bordeau,,0,,openstreetmap
Il Bocaccio,UAE,Abu Dhabi,,24.4568138,54.3287017,,,,0,,openstreetmap
Popeyes,UAE,Abu Dhabi,,24.4587025,54.3810767,,,,0,,openstreetmap
Chawarmino Restaurant,UAE,Abu Dhabi,,24.4467368,54.4021821,,,,0,,openstreetmap
Sea Shell Restaurant,UAE,Abu Dhabi,,24.4479821,54.4008168,,,,0,,openstreetmap
Noodle House,UAE,Abu Dhabi,,24.4088185,54.4908085,,,,0,,openstreetmap
Relax @ 12,UAE,Abu Dhabi,,24.4199301,54.4389202,,,,0,,openstreetmap
Nagham Cafe,UAE,Abu Dhabi,,24.432061,54.4375431,,,,0,,openstreetmap
Rangoli,UAE,Abu Dhabi,Yas Plaza,24.4665886,54.5993028,,,,0,,openstreetmap
Blue Grill,UAE,Abu Dhabi,Yas Plaza,24.4663098,54.5991977,,,,0,,openstreetmap
Toki,UAE,Abu Dhabi,Corniche Road West,24.4628347,54.3253478,,,,0,,openstreetmap
Shakespeare & Company,UAE,Abu Dhabi,,24.4318697,54.4349943,,,,0,,openstreetmap
Tazza Cafe,UAE,Abu Dhabi,,24.4679377,54.3825442,,,,0,,openstreetmap
Dolmabahce Restaurant,UAE,Abu Dhabi,,24.4796636,54.3508927,026263311,http://www.dolmabahce.ae,,0,,openstreetmap
AL SAYYAD Restaurant & grill br.,UAE,Abu Dhabi,Al Dhafra 25 Street,24.43888,54.4150706,+97124444712,https://alsayyad-ad.com/,,0,,openstreetmap
Zyara,UAE,Abu Dhabi,,24.4940345,54.3615599,,,,0,,openstreetmap
ستاربكس,UAE,Abu Dhabi,,24.4740232,54.3472629,,,,0,,openstreetmap
Circle Café,UAE,Abu Dhabi,,24.4317152,54.5670475,,,,0,,openstreetmap
LARTE,UAE,Abu Dhabi,,24.5345155,54.4195372,,https://www.larte.ae/,,0,,openstreetmap
Cooper's Bar & Restaurant,UAE,Abu Dhabi,,24.4234933,54.4737721,,,,0,,openstreetmap
ماكدونالدز,UAE,Abu Dhabi,,24.4285296,54.4316867,,,,0,,openstreetmap
Jabal Al Noor,UAE,Abu Dhabi,,24.4221512,54.5652698,,,,0,,openstreetmap
Jones the Grocers,UAE,Abu Dhabi,,24.4639312,54.3872229,,,,0,,openstreetmap
Italianissimo,UAE,Abu Dhabi,,24.4957386,54.4067798,,,,0,,openstreetmap
Al Fawwar Restaurant,UAE,Abu Dhabi,,24.4644348,54.3802355,,,,0,,openstreetmap
Stills,UAE,Abu Dhabi,,24.4652893,54.5972735,,,,0,,openstreetmap
Sumo Sushi Bento,UAE,Abu Dhabi,,24.43382,54.6177504,,,,0,,openstreetmap
Caribou Coffee,UAE,Abu Dhabi,,24.432893,54.6170968,,,,0,,openstreetmap
BiancoRosso,UAE,Abu Dhabi,,24.4653823,54.3871578,+97126584244,,,0,,openstreetmap
Just Falafel,UAE,Abu Dhabi,,24.4564112,54.3770127,,,,0,,openstreetmap
Shabby Chic,UAE,Abu Dhabi,,24.4644319,54.3869285,,,,0,,openstreetmap
Slices,UAE,Abu Dhabi,,24.4636727,54.3874346,,,,0,,openstreetmap
Cone Zone,UAE,Abu Dhabi,,24.421675,54.5654227,,,,0,,openstreetmap
Rola,UAE,Abu Dhabi,,24.4215528,54.5654763,,,,0,,openstreetmap
HanKang,UAE,Abu Dhabi,Khalifa bin Shakhbout Street,24.4401172,54.3780181,+971504247720,,,0,,openstreetmap
Burger Hood,UAE,Abu Dhabi,,24.4314872,54.4354136,,,,0,,openstreetmap
Pizza Amore,UAE,Abu Dhabi,,24.372439,54.5384438,,,,0,,openstreetmap
19th Street Bar,UAE,Abu Dhabi,,24.4432965,54.3819169,,,,0,,openstreetmap
Y bar,UAE,Abu Dhabi,Yas Plaza,24.4664639,54.5992533,,,,0,,openstreetmap
Amerigos Mexican Bar & Restaurant,UAE,Abu Dhabi,,24.4679089,54.598011,,,,0,,openstreetmap
Sands Pool Bar,UAE,Abu Dhabi,,24.468348,54.5980638,,,,0,,openstreetmap
Aquarius Pool Bar,UAE,Abu Dhabi,,24.4663443,54.5995707,,,,0,,openstreetmap
Sundowner Pool Bar,UAE,Abu Dhabi,,24.4655701,54.5971447,,,,0,,openstreetmap
Mondo Pizzeria,UAE,Abu Dhabi,Al Saada,24.4432944,54.3839794,,,,0,,openstreetmap
TGI Fridays,UAE,Abu Dhabi,,24.4975991,54.3785474,,,,0,,openstreetmap
Rock Bottom Cafe,UAE,Abu Dhabi,Al Meena Street,24.5027111,54.3739429,+97126787700,,,0,,openstreetmap
Indigo,UAE,Abu Dhabi,,24.4952572,54.3843666,,,,0,,openstreetmap
Prego's,UAE,Abu Dhabi,,24.4953429,54.3844844,,,,0,,openstreetmap
Rodeo Grill,UAE,Abu Dhabi,,24.4951608,54.3842523,,,,0,,openstreetmap
Chhappan Bhog RESTAURANT,UAE,Abu Dhabi,,24.4915321,54.3748711,,,,0,,openstreetmap
Inner Mongolian Xiao Wei Yang Little Lamb Hot Pot Restaurant,UAE,Abu Dhabi,,24.4663743,54.3749683,,,,0,,openstreetmap
Maroosh,UAE,Abu Dhabi,,24.4007246,54.5763922,,,,0,,openstreetmap
Krispy Kreme,UAE,Abu Dhabi,,24.4006224,54.5764225,,,,0,,openstreetmap
Dukkan Falafel,UAE,Abu Dhabi,,24.4004364,54.5764512,,,,0,,openstreetmap
Baskin Robbins,UAE,Abu Dhabi,,24.4007767,54.5756365,,,,0,,openstreetmap
Tandoor Express,UAE,Abu Dhabi,,24.4008682,54.5763642,,,,0,,openstreetmap
لابولانجير,UAE,Abu Dhabi,,24.400806,54.5757572,,,,0,,openstreetmap
Sangeetha Vegetarian Restaurant,UAE,Abu Dhabi,,24.3437133,54.5310327,+97125533444,https://sangeethavegrestaurants.com/,,0,,openstreetmap
Nolu's Cafe,UAE,Abu Dhabi,,24.4505052,54.601288,+97125579500,http://www.noluscafe.com/,,0,,openstreetmap
Just Kabab,UAE,Abu Dhabi,,24.4008524,54.5760335,,,,0,,openstreetmap
1762,UAE,Abu Dhabi,,24.468625,54.3400953,,,,0,,openstreetmap
Lebanese Mill Restaurant,UAE,Abu Dhabi,Mohammed Bin Butti Al Hamed Street,24.4889879,54.3727971,,,,0,,openstreetmap
Tarbouche Restaurant,UAE,Abu Dhabi,,24.4890761,54.3561598,,,,0,,openstreetmap
Samurai Japanese,UAE,Abu Dhabi,Al Hawdaj Street,24.5020416,54.3733167,,,,0,,openstreetmap
Oasis Chinese,UAE,Abu Dhabi,Riddat At Tiwyan Street,24.5008109,54.3742569,,,,0,,openstreetmap
Tripoli Restaurant,UAE,Abu Dhabi,Al Wakrah Street,24.4999444,54.372882,,,,0,,openstreetmap
Squiz Cafe,UAE,Abu Dhabi,,24.5071444,54.3731276,,,,0,,openstreetmap
Sri Lankan Butterfly,UAE,Abu Dhabi,,24.3314642,54.533449,,,,0,,openstreetmap
Hausbrandt,UAE,Abu Dhabi,,24.5228294,54.4358323,,,,0,,openstreetmap
Russian Kitchen House Cafeteria,UAE,Abu Dhabi,,24.4966423,54.369022,,,,0,,openstreetmap
Mercato Cafeteria,UAE,Abu Dhabi,,24.4565295,54.3911286,,,,0,,openstreetmap
Costa,UAE,Abu Dhabi,,24.4522125,54.604876,,,,0,,openstreetmap
Andiamo! Italian Restaurant,UAE,Abu Dhabi,,24.4554809,54.61451,,,,0,,openstreetmap
Burger House,UAE,Abu Dhabi,,24.4518988,54.604911,,,,0,,openstreetmap
German Doner Kebab,UAE,Abu Dhabi,,24.4522138,54.6037657,,,,0,,openstreetmap
Lilies Restaurant and Coffee Shop,UAE,Abu Dhabi,,24.4520163,54.6044682,,,,0,,openstreetmap
Vasa Vasa Gelateria,UAE,Abu Dhabi,,24.4526371,54.6055127,,,,0,,openstreetmap
Kababs and Kurries,UAE,Abu Dhabi,,24.4519089,54.6045567,,,,0,,openstreetmap
Al Suwadeh,UAE,Abu Dhabi,,24.4519856,54.6048997,,,,0,,openstreetmap
Bricco Pizza & Pasta,UAE,Abu Dhabi,,24.4513055,54.6011549,,,,0,,openstreetmap
Julius Meinl Cafe,UAE,Abu Dhabi,,24.4510943,54.6009859,,,,0,,openstreetmap
Mugg & Bean,UAE,Abu Dhabi,,24.4434922,54.6090833,,,,0,,openstreetmap
Hippy Chic,UAE,Abu Dhabi,,24.443397,54.6087561,,,,0,,openstreetmap
Subway Sandwiches,UAE,Abu Dhabi,,24.4427121,54.6078873,,,,0,,openstreetmap
Soy Express,UAE,Abu Dhabi,,24.4426999,54.6078954,,,,0,,openstreetmap
Cafe Firenze,UAE,Abu Dhabi,,24.4567718,54.6154771,,,,0,,openstreetmap
Dolmabahce Turkish Cuisine,UAE,Abu Dhabi,,24.4560473,54.6149124,,,,0,,openstreetmap
McGettigan's Irish Pub,UAE,Abu Dhabi,,24.4385339,54.5729706,,,,0,,openstreetmap
Iris Sunset Lounge,UAE,Abu Dhabi,,24.4672638,54.609113,,,,0,,openstreetmap
Aquarium Seafood & Fish Market,UAE,Abu Dhabi,,24.4657611,54.6093155,,,,0,,openstreetmap
Cafe D'Alsace,UAE,Abu Dhabi,,24.4662029,54.6093642,,,,0,,openstreetmap
Rozanah Lebanese Restaurant,UAE,Abu Dhabi,,24.4663885,54.6094634,,,,0,,openstreetmap
Diablito Music and Food,UAE,Abu Dhabi,,24.4656146,54.6091358,,,,0,,openstreetmap
Cipriani Italian,UAE,Abu Dhabi,,24.4670282,54.609176,,,,0,,openstreetmap
Stars N' Bars,UAE,Abu Dhabi,,24.4659905,54.6094259,,,,0,,openstreetmap
Nando's,UAE,Abu Dhabi,,24.454804,54.6138688,,,,0,,openstreetmap
Al Farooj Arabic Food,UAE,Abu Dhabi,,24.4337406,54.437342,,,,0,,openstreetmap
Shatter Al Hassan Lebanese Grill,UAE,Abu Dhabi,,24.4784293,54.3698558,,,,0,,openstreetmap
Sama Al Bawadi Gulf Cuisine,UAE,Abu Dhabi,,24.4337555,54.4372317,,,,0,,openstreetmap
Southern Fried Chicken SFC,UAE,Abu Dhabi,,24.4333133,54.4400301,,,,0,,openstreetmap
Chili's,UAE,Abu Dhabi,,24.4856715,54.6089447,,,,0,,openstreetmap
Dish Dash,UAE,Abu Dhabi,,24.4854139,54.6088938,,,,0,,openstreetmap
Galito's Grilled Chicken,UAE,Abu Dhabi,,24.4857606,54.6088481,,,,0,,openstreetmap
Lemongrass Thai Restaurant,UAE,Abu Dhabi,,24.4859156,54.608647,,,,0,,openstreetmap
BurgerFuel,UAE,Abu Dhabi,Yas Leisure Drive,24.4859986,54.6084512,+971025651207,https://www1.burgerfuel.com/nz/worldwide/stores,,0,,openstreetmap
Cafe Bateel,UAE,Abu Dhabi,,24.4860694,54.6082741,,,,0,,openstreetmap
Texas Roadhouse,UAE,Abu Dhabi,,24.4861327,54.6080985,,,,0,,openstreetmap
Gloria Jean's,UAE,Abu Dhabi,,24.4860645,54.6076921,,,,0,,openstreetmap
O' My Buns,UAE,Abu Dhabi,,24.4860143,54.6076661,,,,0,,openstreetmap
Gusto Italian,UAE,Abu Dhabi,,24.4858302,54.607499,,,,0,,openstreetmap
Berry Bang,UAE,Abu Dhabi,,24.4859546,54.6077538,,,,0,,openstreetmap
Maraheb,UAE,Abu Dhabi,Khalifa Bin Zayed The First Street,24.4907161,54.3588984,+97126213138,,,0,,openstreetmap
Sushi Counter,UAE,Abu Dhabi,,24.4508644,54.6012166,,,,0,,openstreetmap
مطعم سنجيتا,UAE,Abu Dhabi,Sheikh Zayed Bin Sultan Street,24.4936223,54.3761091,+97126763519,https://sangeethavegrestaurants.com/,,0,,openstreetmap
Taste of Korea,UAE,Abu Dhabi,,24.4903176,54.3578328,+97126521013,http://eclipsesuites.com/taste-of-korea/,,0,,openstreetmap
Hankook Korean Restaurant,UAE,Abu Dhabi,Hazaa Bin Zayed The First Street,24.4736361,54.3771201,+97126423399,,,0,,openstreetmap
Manna Land,UAE,Abu Dhabi,Commercial Road,24.4646169,54.386766,+97124466860,,,0,,openstreetmap
Al Maskoof Al Iraqi,UAE,Abu Dhabi,Sheikh Rashid Bin Saeed Al Maktoum Street,24.4576384,54.383309,+97124433387,,,0,,openstreetmap
whEAT,UAE,Abu Dhabi,Saeed Bin Ahmed Al Otaiba Street,24.4963362,54.3652609,+97126950450,http://www.wheatabudhabi.com/,,0,,openstreetmap
Library Café,UAE,Abu Dhabi,,24.5242977,54.4341957,,,,0,,openstreetmap
Al Sultan Bakeries and Markets,UAE,Abu Dhabi,,24.4826743,54.3645604,,,,0,,openstreetmap
The Cheesecake Factory,UAE,Abu Dhabi,Yas Mall,24.4894734,54.6092168,,,,0,,openstreetmap
Mono Restaurant,UAE,Abu Dhabi,,24.4778215,54.3806011,,,,0,,openstreetmap
Burger Bureau,UAE,Abu Dhabi,,24.4915998,54.3935371,,,,0,,openstreetmap
Doner & Gyro,UAE,Abu Dhabi,,24.4912465,54.3941257,,,,0,,openstreetmap
Bshawarma,UAE,Abu Dhabi,,24.4904964,54.3950171,,,,0,,openstreetmap
800 Pizza,UAE,Abu Dhabi,Paragon Mall,24.4913375,54.3937522,,,,0,,openstreetmap
First Clique,UAE,Abu Dhabi,"Paragon Mall, Reem Island",24.4914748,54.3936232,,,,0,,openstreetmap
Wakataua Terrace & Lounge,UAE,Abu Dhabi,,24.4992398,54.3819722,,http://www.lemeridienabudhabi.com/en/wakataua-terrace,,0,,openstreetmap
Captains Arms,UAE,Abu Dhabi,,24.498511,54.3815457,+97126446666,http://www.captainsarms-abudhabi.com/,,0,,openstreetmap
Havana Club,UAE,Abu Dhabi,,24.4619186,54.3167157,+97126907999,https://www.kempinski.com/en/abudhabi/emirates-palace/dining/lounges-and-bars/Havana-Club/,,0,,openstreetmap
Sax,UAE,Abu Dhabi,,24.4960467,54.3657552,+97126742020,http://www.leroyalmeridienabudhabi.com/en/sax-club-lounge,,0,,openstreetmap
PJ O'Reilly's,UAE,Abu Dhabi,,24.496834,54.3658317,+971800101101,https://www.pjspubabudhabi.com/,,0,,openstreetmap
Mardi Gras,UAE,Abu Dhabi,,24.5028503,54.3739788,,https://www.aldiarhotels.com/aldiarcapitalhotel/dining/,,0,,openstreetmap
Left Bank,UAE,Abu Dhabi,,24.4092768,54.4906571,+97125581680,,,0,,openstreetmap
Harvesters Pub,UAE,Abu Dhabi,,24.4890012,54.3681767,,https://www.ihg.com/holidayinn/hotels/us/en/abu-dhabi/auhhi/hoteldetail/dining,,0,,openstreetmap
Rabbit Hutch,UAE,Abu Dhabi,,24.4831923,54.3506502,,,,0,,openstreetmap
Olive Branch,UAE,Abu Dhabi,,24.3303381,54.6232633,+197126595436,,,0,,openstreetmap
Burlington Grill,UAE,Abu Dhabi,,24.330343,54.6233491,,,,0,,openstreetmap
Hunter B&R,UAE,Abu Dhabi,,24.3304188,54.6231453,,https://www.mafraq-hotel.com/dining-en.html,,0,,openstreetmap
Rimal,UAE,Abu Dhabi,,24.3304946,54.6230688,+97126596666,https://www.mafraq-hotel.com/dining-en.html,,0,,openstreetmap
Oasis Courtyard,UAE,Abu Dhabi,,24.3310537,54.623522,+97126596666,https://www.mafraq-hotel.com/dining-en.html,,0,,openstreetmap
Cheers,UAE,Abu Dhabi,,24.4971144,54.3650218,,,,0,,openstreetmap
Kuya Juan,UAE,Abu Dhabi,,24.4969525,54.3649791,,,,0,,openstreetmap
Taste of Asia,UAE,Abu Dhabi,,24.4970013,54.3650327,,,,0,,openstreetmap
Chinoy Haven,UAE,Abu Dhabi,,24.4969622,54.3650434,,,,0,,openstreetmap
Hub33,UAE,Abu Dhabi,,24.4969452,54.365081,,,,0,,openstreetmap
Cafe de Al Ain,UAE,Abu Dhabi,,24.4969671,54.3649201,,,,0,,openstreetmap
Ally Pally,UAE,Abu Dhabi,,24.496933,54.3650005,,,,0,,openstreetmap
Tambayan,UAE,Abu Dhabi,,24.4969183,54.3649549,,,,0,,openstreetmap
Bait El Khetyar,UAE,Abu Dhabi,,24.4881626,54.3711958,026333200,,,0,,openstreetmap
Bikers Cafe,UAE,Abu Dhabi,,24.435318,54.4562832,,,,0,,openstreetmap
Zaytinya,UAE,Abu Dhabi,,24.4349868,54.4559288,,,,0,,openstreetmap
Camacho Restaurant,UAE,Abu Dhabi,,24.4353413,54.4562147,,,,0,,openstreetmap
Papa Murphy's Pizza,UAE,Abu Dhabi,,24.435515,54.4555103,,,,0,,openstreetmap
Marketplace,UAE,Abu Dhabi,,24.5245118,54.4339995,,,,0,,openstreetmap
Madang,UAE,Abu Dhabi,,24.4112658,54.6443321,+97125758185,https://www.facebook.com/madanguae/info/?tab=page_info,,0,,openstreetmap
Hickory's,UAE,Abu Dhabi,,24.478229,54.5997177,,https://yaslinks.com/Leisure/Hickory_s.aspx,,0,,openstreetmap
Burro Blanco,UAE,Abu Dhabi,,24.4321069,54.6187106,+97125555365,https://burroblanco.ae/,,0,,openstreetmap
"Hwy 55 Burgers, Shakes, & Fries",UAE,Abu Dhabi,Rabbadat Lufouq Street,24.4649285,54.3871705,+971026411161,https://www.hwy55.com/locations/abu-dhabi,,0,,openstreetmap
ADNH CATERING,UAE,Abu Dhabi,,24.4329056,54.6176076,,,,0,,openstreetmap
Melius,UAE,Abu Dhabi,,24.4271498,54.6185342,,http://www.melius.ae,,0,,openstreetmap
Il Caffe di Roma,UAE,Abu Dhabi,,24.4343927,54.6170411,,http://www.ilcafediroma.com,,0,,openstreetmap
Jim's Kitchen Table,UAE,Abu Dhabi,,24.434219,54.6172746,,http://www.jims.kitchen,,0,,openstreetmap
السمبريرو,UAE,Abu Dhabi,شارع الشيخ زايد بن سلطان,24.5003039,54.3689568,+971026773333,https://elsombreroabudhabi.com/,,0,,openstreetmap
The Foundry,UAE,Abu Dhabi,Southern Sun Abu Dhabi,24.5005297,54.3713359,+971028184888,https://www.southernsun.com/southern-sun-abu-dhabi/dining/the-foundry?utm_source=openstreetmaps&utm_medium=businesslisting&utm_campaign=restaurant_the-foundry,,0,,openstreetmap
Hytes Bar,UAE,Abu Dhabi,Southern Sun Abu Dhabi,24.5003844,54.3712822,+971028184888,https://www.southernsun.com/southern-sun-abu-dhabi/dining/hytes-bar?utm_source=openstreetmaps&utm_medium=businesslisting&utm_campaign=restaurant_hytes-bar,,0,,openstreetmap
Latest Recipie,UAE,Abu Dhabi,,24.4989874,54.381409,,,,0,,openstreetmap
Akropolis,UAE,Abu Dhabi,,24.4988531,54.3818557,,,,0,,openstreetmap
Phoenician,UAE,Abu Dhabi,,24.4985451,54.3816987,,,,0,,openstreetmap
Pappagallo,UAE,Abu Dhabi,,24.4984734,54.3813931,,,,0,,openstreetmap
مقهى الشلال,UAE,Abu Dhabi,,24.3184788,54.5356949,,http://laplayacafes.blogspot.com,,0,,openstreetmap
Reef Al Falah Mandi Restaurant,UAE,Abu Dhabi,Al Reef Downtown,24.4572592,54.6740301,+971025566030,https://www.zomato.com/abudhabi/rawdat-al-reef-mandi-restaurant-al-reef,,0,,openstreetmap
Jamba Juice,UAE,Abu Dhabi,Yas Leisure Drive,24.4873305,54.6086813,,,,0,,openstreetmap
Shake Shack,UAE,Abu Dhabi,Yas Leisure Drive,24.489707,54.6083495,,,,0,,openstreetmap
Hawksbill Restaurant,UAE,Abu Dhabi,,24.5427638,54.4389729,,http://www.sbgolfclub.ae/dining-home/hawksbill-restaurant.html,,0,,openstreetmap
Sportsman's Arms,UAE,Abu Dhabi,,24.4136907,54.4587331,,,,0,,openstreetmap
All Stir Fry,UAE,Abu Dhabi,Yas Leisure Drive,24.4899112,54.6086733,,https://www.zomato.com/abudhabi/all-stir-fry-yas-island,,0,,openstreetmap
Rouge,UAE,Abu Dhabi,,24.4212521,54.4566257,,,,0,,openstreetmap
Oro,UAE,Abu Dhabi,,24.4211593,54.4567089,,,,0,,openstreetmap
Noche,UAE,Abu Dhabi,,24.4210494,54.4568108,,,,0,,openstreetmap
IKEA Restaurant,UAE,Abu Dhabi,Yas Leisure Drive,24.4899765,54.6137182,,,,0,,openstreetmap
Wildfire New York,UAE,Abu Dhabi,,24.5017433,54.3883178,,,,0,,openstreetmap
Hummingbird Restaurant,UAE,Abu Dhabi,,24.419374,54.4531951,,,,0,,openstreetmap
Deli Marche,UAE,Abu Dhabi,,24.4185167,54.452864,,,,0,,openstreetmap
Costa Coffee,UAE,Abu Dhabi,,24.4238549,54.452282,,,,0,,openstreetmap
Giraffe,UAE,Abu Dhabi,Yas Island,24.4886454,54.6090432,+971025650711,https://www.giraffe.net/locations/yas-mall,,0,,openstreetmap
Crepe Khalifa Cafeteria,UAE,Abu Dhabi,,24.4229827,54.4515423,,,,0,,openstreetmap
Lucky Strike Cafeteria,UAE,Abu Dhabi,,24.4148781,54.4610384,,,,0,,openstreetmap
Summer Breeze Cafeteria,UAE,Abu Dhabi,,24.4147059,54.4609525,,,,0,,openstreetmap
Noodle Bowl Restaurant,UAE,Abu Dhabi,,24.4147523,54.4610625,,,,0,,openstreetmap
Which Wich?,UAE,Abu Dhabi,,24.4900276,54.6087373,+971025650330,,,0,,openstreetmap
Cafeteria,UAE,Abu Dhabi,,24.4190316,54.4528039,,,,0,,openstreetmap
18 Degrees,UAE,Abu Dhabi,,24.4184534,54.4344609,,,,0,,openstreetmap
Profiterole,UAE,Abu Dhabi,,24.418595,54.4346406,,,,0,,openstreetmap
Talay,UAE,Abu Dhabi,,24.4990932,54.3820751,,,,0,,openstreetmap
Papparotti Café,UAE,Abu Dhabi,,24.4327962,54.6179944,,,,0,,openstreetmap
Quiznos,UAE,Abu Dhabi,,24.4327878,54.6182631,,,,0,,openstreetmap
Rozalina,UAE,Abu Dhabi,,24.4323849,54.617905,+971585812523,https://rozalina.ae/,,0,,openstreetmap
Osha Gourmet Emirati Cuisine,UAE,Abu Dhabi,,24.4337957,54.617987,,,,0,,openstreetmap
Figaro's Pizza,UAE,Abu Dhabi,,24.4168982,54.4583196,,,,0,,openstreetmap
The Lemon Tree,UAE,Abu Dhabi,,24.4285763,54.4370012,,,,0,,openstreetmap
Silk Route Café,UAE,Abu Dhabi,,24.4284212,54.4369241,,,,0,,openstreetmap
Hubbly Bubbly,UAE,Abu Dhabi,,24.4286593,54.4371747,,,,0,,openstreetmap
Stay Fresh Cafe,UAE,Abu Dhabi,,24.4287067,54.4373494,,,,0,,openstreetmap
Thirty 1st Bar & Lounge,UAE,Abu Dhabi,,24.4286593,54.4367918,,,,0,,openstreetmap
Bagel Bar Coffee House,UAE,Abu Dhabi,Yas Leisure Drive,24.4887787,54.6089675,+971025651165,http://thebagelbarcoffeehouse.ae/,,0,,openstreetmap
The Living Room Cafe,UAE,Abu Dhabi,Khalifa Bin Shakbout Street,24.4693054,54.3493274,+071026396654,https://www.thelivingroomcafeabudhabi.com/,,0,,openstreetmap
The Third Place Cafe,UAE,Abu Dhabi,Corniche Road West,24.469246,54.3368655,+971026811877,https://www.thethirdplaceuae.com/,,0,,openstreetmap
Caffè Nero,UAE,Abu Dhabi,,24.5008442,54.3890671,,,,0,,openstreetmap
Mikado Cafe,UAE,Abu Dhabi,,24.4707952,54.3398974,,,,0,,openstreetmap
Mister Falafel,UAE,Abu Dhabi,,24.4945749,54.3710014,,,,0,,openstreetmap
Abul Nawas restaurant,UAE,Abu Dhabi,,24.4721676,54.3725749,,,,0,,openstreetmap
Emporium Cafe,UAE,Abu Dhabi,,24.4176936,54.4937894,,,,0,,openstreetmap
Sari Rasa Restaurant,UAE,Abu Dhabi,,24.4951002,54.3804768,,,,0,,openstreetmap
The Filipino Kitchen Restaurant,UAE,Abu Dhabi,Um Suqeim Street,24.4941276,54.3784011,,,,0,,openstreetmap
Al Haddaf Cafeteria,UAE,Abu Dhabi,,24.4135176,54.469834,,,,0,,openstreetmap
Chameleon,UAE,Abu Dhabi,,24.4142448,54.4904413,,,,0,,openstreetmap
Cedar Lounge,UAE,Abu Dhabi,,24.4144622,54.4903582,,,,0,,openstreetmap
CuiScene,UAE,Abu Dhabi,,24.415273,54.4899022,,,,0,,openstreetmap
Poolside,UAE,Abu Dhabi,,24.4155022,54.4893961,,,,0,,openstreetmap
Al Naba’a Lounge,UAE,Abu Dhabi,,24.4148916,54.4901578,,,,0,,openstreetmap
Afya,UAE,Abu Dhabi,,24.4108763,54.4908123,,,,0,,openstreetmap
Lobby Lounge,UAE,Abu Dhabi,,24.4106369,54.4908069,,,,0,,openstreetmap
Poolbar,UAE,Abu Dhabi,,24.4102559,54.4910061,,,,0,,openstreetmap
Finyal,UAE,Abu Dhabi,,24.4083459,54.4905662,,,,0,,openstreetmap
Azzurro,UAE,Abu Dhabi,,24.4091718,54.4906696,,,,0,,openstreetmap
Abd El Wahab,UAE,Abu Dhabi,,24.4084924,54.4910409,,,,0,,openstreetmap
Milas,UAE,Abu Dhabi,,24.4081773,54.4910597,,,,0,,openstreetmap
Entrecote Cafe de Paris,UAE,Abu Dhabi,,24.4080088,54.4910383,,,,0,,openstreetmap
Eight,UAE,Abu Dhabi,,24.408871,54.490593,,,,0,,openstreetmap
Kuttab Cafe,UAE,Abu Dhabi,,24.4089565,54.49077,,,,0,,openstreetmap
Muffinit,UAE,Abu Dhabi,,24.408109,54.491049,,,,0,,openstreetmap
Al Hanah,UAE,Abu Dhabi,,24.4061769,54.4903412,,,,0,,openstreetmap
Hoi An,UAE,Abu Dhabi,,24.4068476,54.4905876,,,,0,,openstreetmap
p&c by Sergi Arola,UAE,Abu Dhabi,,24.4068184,54.4902662,,,,0,,openstreetmap
The Pool Bar & Restaurant,UAE,Abu Dhabi,,24.4067549,54.4901216,,,,0,,openstreetmap
Shang Palace,UAE,Abu Dhabi,,24.406494,54.4901671,,,,0,,openstreetmap
Johnny Rockets,UAE,Abu Dhabi,,24.4461132,54.4385183,,,,0,,openstreetmap
Peppermill,UAE,Abu Dhabi,,24.4462145,54.4383279,,,,0,,openstreetmap
Cafe Blanc,UAE,Abu Dhabi,,24.4460192,54.4387919,,,,0,,openstreetmap
Flooka Seafood,UAE,Abu Dhabi,,24.4467522,54.4383908,,,,0,,openstreetmap
Carluccio's,UAE,Abu Dhabi,,24.4463476,54.4391553,,,,0,,openstreetmap
BOA Steakhouse,UAE,Abu Dhabi,,24.446602,54.4379241,,,,0,,openstreetmap
Gloria Jean's Coffees,UAE,Abu Dhabi,,24.4339463,54.4134502,,,,0,,openstreetmap
Subway Sandwiches branch 4,UAE,Abu Dhabi,,24.4344237,54.4136297,,,,0,,openstreetmap
Expo Juice,UAE,Abu Dhabi,,24.4342971,54.412627,,,,0,,openstreetmap
Colombiano Cafe,UAE,Abu Dhabi,,24.430218,54.4662667,,,,0,,openstreetmap
Tom Horton's,UAE,Abu Dhabi,,24.4300122,54.4654225,,,,0,,openstreetmap
First Clique Cafe & Restaurant,UAE,Abu Dhabi,,24.4299317,54.4634792,,,,0,,openstreetmap
Smart Bite,UAE,Abu Dhabi,,24.4288068,54.4630427,,,,0,,openstreetmap
Ginger All Day Dining,UAE,Abu Dhabi,,24.4236154,54.4732035,,,,0,,openstreetmap
Teatro,UAE,Abu Dhabi,,24.4238841,54.4731606,,,,0,,openstreetmap
Parkafe,UAE,Abu Dhabi,,24.4236985,54.4729192,,,,0,,openstreetmap
Colombiano Marina Tower,UAE,Abu Dhabi,,24.4768134,54.3202797,,,,0,,openstreetmap
The French Bakery,UAE,Abu Dhabi,,24.4868538,54.6084086,,,,0,,openstreetmap
Kawloon Chinese Restaurant,UAE,Abu Dhabi,,24.4816732,54.3745296,,,,0,,openstreetmap
Cafe Macchiato,UAE,Abu Dhabi,,24.4334757,54.4396157,,,,0,,openstreetmap
Desert Burger,UAE,Abu Dhabi,,24.4321568,54.4364358,,,,0,,openstreetmap
Mosaic Lebanese,UAE,Abu Dhabi,,24.4314656,54.4360269,,,,0,,openstreetmap
Majlis Al Areef,UAE,Abu Dhabi,,24.4310256,54.4351097,,,,0,,openstreetmap
The Shack,UAE,Abu Dhabi,,24.4315291,54.4349004,,,,0,,openstreetmap
Desert Tea Cafeteria,UAE,Abu Dhabi,,24.432221,54.435881,,,,0,,openstreetmap
Victoria Line Cafe,UAE,Abu Dhabi,,24.431458,54.4375831,,,,0,,openstreetmap
La Maison Creme Brule Cafe,UAE,Abu Dhabi,,24.4302079,54.4372678,,,,0,,openstreetmap
Global Games Internet Cafe,UAE,Abu Dhabi,,24.4301449,54.4373771,,,,0,,openstreetmap
The Icon Restaurant,UAE,Abu Dhabi,,24.4299708,54.4374672,,,,0,,openstreetmap
Cherry Blossom Cafe,UAE,Abu Dhabi,,24.4296484,54.4375798,,,,0,,openstreetmap
Al Multaqa Cafe,UAE,Abu Dhabi,,24.4299024,54.437612,,,,0,,openstreetmap
The Pool Corner,UAE,Abu Dhabi,,24.4296484,54.437258,,,,0,,openstreetmap
Wooden Bakery,UAE,Abu Dhabi,,24.4312807,54.4347204,,,,0,,openstreetmap
Solitaire Coffee Shop,UAE,Abu Dhabi,,24.4307849,54.4365736,,,,0,,openstreetmap
Yadoo's House,UAE,Abu Dhabi,,24.4303371,54.4334761,,,,0,,openstreetmap
Fresh & Cool Juices,UAE,Abu Dhabi,,24.4327611,54.4321155,,,,0,,openstreetmap
Al Shaheen Cafeteria,UAE,Abu Dhabi,,24.4327501,54.4322214,,,,0,,openstreetmap
Bait Al Shay Dhehabii,UAE,Abu Dhabi,,24.4327758,54.4320136,,,,0,,openstreetmap
Khorfakin People's Restaurant,UAE,Abu Dhabi,,24.4328832,54.4311231,,,,0,,openstreetmap
Oasis Gardens Chinese Restaurant,UAE,Abu Dhabi,,24.4330505,54.4313041,,,,0,,openstreetmap
Rola Refreshments,UAE,Abu Dhabi,,24.4329943,54.431626,,,,0,,openstreetmap
Patty Cafeteria,UAE,Abu Dhabi,,24.43264,54.4342124,,,,0,,openstreetmap
انڈین کافی ہاؤس ریستوران,UAE,Abu Dhabi,,24.4325825,54.4345737,,,,0,,openstreetmap
Kamoon Seafood Restaurant,UAE,Abu Dhabi,,24.4327623,54.4333869,,,,0,,openstreetmap
Al Basha Cafe,UAE,Abu Dhabi,,24.4327147,54.4337007,,,,0,,openstreetmap
Herfy,UAE,Abu Dhabi,,24.4906692,54.3599453,,,,0,,openstreetmap
Golden Sail,UAE,Abu Dhabi,,24.4908054,54.3601303,,,,0,,openstreetmap
Fatburger,UAE,Abu Dhabi,,24.4874821,54.3579241,,,,0,,openstreetmap
Macaroni Grill,UAE,Abu Dhabi,,24.4870257,54.3571395,,,,0,,openstreetmap
Fish & Company,UAE,Abu Dhabi,,24.4868549,54.3577081,,,,0,,openstreetmap
Studio Masr,UAE,Abu Dhabi,,24.4877005,54.3577375,,,,0,,openstreetmap
MB CO,UAE,Abu Dhabi,,24.4879214,54.3575351,,,,0,,openstreetmap
Cantina Mariachi,UAE,Abu Dhabi,,24.4881576,54.3573791,,,,0,,openstreetmap
El Chico Mexican,UAE,Abu Dhabi,,24.487582,54.357841,,,,0,,openstreetmap
Wasabi,UAE,Abu Dhabi,,24.5001204,54.3711387,,,,0,,openstreetmap
Al Arab Restaurant,UAE,Abu Dhabi,,24.457846,54.3831181,,,,0,,openstreetmap
5th Street Cafe,UAE,Abu Dhabi,,24.48673,54.3574862,,,,0,,openstreetmap
Seattle's Best Coffee,UAE,Abu Dhabi,,24.4205155,54.4424648,,,,0,,openstreetmap
Shwarma Planet Lebanese Food,UAE,Abu Dhabi,,24.4202676,54.4424192,,,,0,,openstreetmap
Drinks O'Clock,UAE,Abu Dhabi,,24.4201918,54.4406005,,,,0,,openstreetmap
Tamarind The Terrace,UAE,Abu Dhabi,,24.4185737,54.4401378,,,,0,,openstreetmap
Kurakura Restaurant,UAE,Abu Dhabi,,24.4184021,54.4430252,,,,0,,openstreetmap
c.taste,UAE,Abu Dhabi,,24.4180041,54.4409116,,,,0,,openstreetmap
c. deli,UAE,Abu Dhabi,,24.4178917,54.4404369,,,,0,,openstreetmap
c. mondo,UAE,Abu Dhabi,,24.4177794,54.44074,,,,0,,openstreetmap
Hamasat,UAE,Abu Dhabi,,24.4322272,54.4370921,,,,0,,openstreetmap
Matbakh Tazaj Plus,UAE,Abu Dhabi,,24.4324224,54.4357739,,,,0,,openstreetmap
Rashid Al Zaabi Mandi Restaurant,UAE,Abu Dhabi,,24.4325237,54.435001,,,,0,,openstreetmap
Hanin Modern Refreshments,UAE,Abu Dhabi,,24.4325512,54.4348728,,,,0,,openstreetmap
Hanin Oasis Restaurant,UAE,Abu Dhabi,,24.4325665,54.4347595,,,,0,,openstreetmap
Yildiz Palace Restaurant And Cafe,UAE,Abu Dhabi,,24.4764214,54.3476419,,,,0,,openstreetmap
Mansour Restaurant And Grill,UAE,Abu Dhabi,,24.4716971,54.3450971,,,,0,,openstreetmap
Urban Bites Coffee Shop,UAE,Abu Dhabi,,24.4734914,54.3493679,,,,0,,openstreetmap
Sumac Grill,UAE,Abu Dhabi,,24.4356177,54.4558655,,,,0,,openstreetmap
Wildfire Chicken,UAE,Abu Dhabi,,24.4356343,54.4559428,,,,0,,openstreetmap
Pepper Restaurant,UAE,Abu Dhabi,,24.4290988,54.4288607,,,,0,,openstreetmap
Cafe Caramel,UAE,Abu Dhabi,,24.4290061,54.4290209,,,,0,,openstreetmap
Waves Pool Bar,UAE,Abu Dhabi,,24.4294036,54.4289066,,,,0,,openstreetmap
Choice Cut Steak House,UAE,Abu Dhabi,,24.4290098,54.4288129,,,,0,,openstreetmap
Amber Bar,UAE,Abu Dhabi,,24.4291944,54.4288978,,,,0,,openstreetmap
Blue Line Bar,UAE,Abu Dhabi,,24.4693002,54.3408215,,,,0,,openstreetmap
Horizon Terrace,UAE,Abu Dhabi,,24.4691904,54.3406418,,,,0,,openstreetmap
Doctor Shawerma,UAE,Abu Dhabi,,24.4688971,54.3399136,,,,0,,openstreetmap
كاريبو كوفي,UAE,Abu Dhabi,,24.4688539,54.3378159,,,,0,,openstreetmap
West Side Coffee Shop,UAE,Abu Dhabi,,24.469073,54.3408995,,,,0,,openstreetmap
Doner Chef,UAE,Abu Dhabi,,24.4708431,54.3405546,,,,0,,openstreetmap
Camacho,UAE,Abu Dhabi,,24.4709993,54.340747,,,,0,,openstreetmap
Furn Wa Agina,UAE,Abu Dhabi,,24.4709373,54.3406859,,,,0,,openstreetmap
Shish Shawerma,UAE,Abu Dhabi,,24.4710441,54.3408175,,,,0,,openstreetmap
Buffalo Wings & Rings,UAE,Abu Dhabi,,24.4712454,54.3410394,,,,0,,openstreetmap
Chagh Kabab,UAE,Abu Dhabi,,24.4713561,54.3412066,,,,0,,openstreetmap
شيلسي برجر,UAE,Abu Dhabi,,24.4714194,54.3412827,,,,0,,openstreetmap
Yellow Cab Pizza,UAE,Abu Dhabi,,24.4714635,54.341337,,,,0,,openstreetmap
مطعم مززنجي,UAE,Abu Dhabi,شارع البِيشان,24.4715115,54.3414031,,,,0,,openstreetmap
Zaatar w Zeit,UAE,Abu Dhabi,,24.4715498,54.3406657,,,,0,,openstreetmap
Simply Fish & Chips,UAE,Abu Dhabi,,24.4714343,54.3407855,,,,0,,openstreetmap
كافيه اسكوزي,UAE,Abu Dhabi,شارع البِيشان,24.4719227,54.3411035,,,,0,,openstreetmap
Saudi Cuisine,UAE,Abu Dhabi,,24.4713005,54.3411254,,,,0,,openstreetmap
Al Naab Iranian Cuisine,UAE,Abu Dhabi,,24.4711436,54.3417269,,,,0,,openstreetmap
Al Khubeira Refreshments,UAE,Abu Dhabi,,24.4703398,54.3418009,,,,0,,openstreetmap
Pizzaro,UAE,Abu Dhabi,,24.4698796,54.3419773,,,,0,,openstreetmap
Shawarma Street,UAE,Abu Dhabi,,24.468994,54.3398135,,,,0,,openstreetmap
Cafe Artea,UAE,Abu Dhabi,,24.4690107,54.3396168,,,,0,,openstreetmap
Culto Cafe,UAE,Abu Dhabi,,24.4271701,54.6460644,,,,0,,openstreetmap
Hyderabad Bawarchi Restaurant,UAE,Abu Dhabi,,24.4911486,54.3680164,,,,0,,openstreetmap
Charleys Philly Steaks,UAE,Abu Dhabi,,24.4890752,54.3739292,,,,0,,openstreetmap
Pinoy Big Brother Restaurant (not work),UAE,Abu Dhabi,,24.4884879,54.3721072,,,,0,,openstreetmap
Mama's Cuisine,UAE,Abu Dhabi,,24.4867176,54.373615,,,,0,,openstreetmap
دانكن دونتس,UAE,Abu Dhabi,,24.4665726,54.332831,,,,0,,openstreetmap
Forty Fruity,UAE,Abu Dhabi,,24.4665039,54.3328998,,,,0,,openstreetmap
La Belle Epoque,UAE,Abu Dhabi,,24.4690157,54.3376691,,,,0,,openstreetmap
The Konkans Restaurant,UAE,Abu Dhabi,,24.4893173,54.3725906,,,,0,,openstreetmap
Geelato Refreshments & Cafe,UAE,Abu Dhabi,,24.4555468,54.3387052,,,,0,,openstreetmap
Asia De Cuba,UAE,Abu Dhabi,,24.4656263,54.3278834,,,,0,,openstreetmap
Catch at St. Regis,UAE,Abu Dhabi,,24.4656972,54.3280416,,https://www.catchatthestregis.com/,,0,,openstreetmap
The Bar At The Terrace,UAE,Abu Dhabi,,24.4643445,54.3275374,,,,0,,openstreetmap
Bees Knees Baking Company,UAE,Abu Dhabi,,24.4646341,54.3291578,,,,0,,openstreetmap
Bateel Cafe,UAE,Abu Dhabi,,24.4647163,54.3283593,,,,0,,openstreetmap
Burger Joint New York,UAE,Abu Dhabi,,24.4647804,54.3284801,,,,0,,openstreetmap
Hardee's,UAE,Abu Dhabi,,24.4927124,54.36691,,,,0,,openstreetmap
Dunkin' Donuts,UAE,Abu Dhabi,,24.4921156,54.3660126,,,,0,,openstreetmap
Golden Fork,UAE,Abu Dhabi,,24.4923698,54.3664379,,,,0,,openstreetmap
Ohana Restaurant,UAE,Abu Dhabi,,24.4929223,54.3663389,,,,0,,openstreetmap
Millenium Favourite Restaurant,UAE,Abu Dhabi,,24.4928814,54.3667438,,,,0,,openstreetmap
Le Violette Cafe,UAE,Abu Dhabi,,24.4941267,54.3662158,,,,0,,openstreetmap
Burger Palace,UAE,Abu Dhabi,As Sough Street,24.470184,54.3801981,,,,0,,openstreetmap
Fusion Lounge,UAE,Abu Dhabi,,24.3960102,54.5176901,,,,0,,openstreetmap
Cafe Aroma,UAE,Abu Dhabi,,24.3958719,54.5181186,,,,0,,openstreetmap
Gudee Pizza & Cafe,UAE,Abu Dhabi,,24.478284,54.3713923,,,,0,,openstreetmap
Coffee Shop Italian Tradition,UAE,Abu Dhabi,,24.4774386,54.3723007,,,,0,,openstreetmap
Diwan Al Muhanna,UAE,Abu Dhabi,,24.4771689,54.3725475,,,,0,,openstreetmap
C House Lounge Cafe,UAE,Abu Dhabi,,24.4776095,54.3721398,,,,0,,openstreetmap
Qasr Al Shoq Cafe,UAE,Abu Dhabi,,24.4862129,54.3812581,,,,0,,openstreetmap
Battle Ground Internet Cafe,UAE,Abu Dhabi,,24.419555,54.4649392,,,,0,,openstreetmap
Barzat Al Dyafa Restaurant,UAE,Abu Dhabi,,24.4198131,54.4644265,,,,0,,openstreetmap
AD Cafe,UAE,Abu Dhabi,,24.4201219,54.4644851,,,,0,,openstreetmap
Al Dhiafah Kebab,UAE,Abu Dhabi,,24.4228701,54.4487785,,,,0,,openstreetmap
Granjte Restaurant,UAE,Abu Dhabi,,24.4222384,54.436675,,,,0,,openstreetmap
Umm Al Zamoul Refreshments,UAE,Abu Dhabi,,24.4391641,54.4143373,,,,0,,openstreetmap
Bite Rite Cafe,UAE,Abu Dhabi,,24.470685,54.3794736,,,,0,,openstreetmap
Sagar Restaurant,UAE,Abu Dhabi,,24.4791402,54.3710821,,,,0,,openstreetmap
الراحة,UAE,Abu Dhabi,,24.4343542,54.433048,,,,0,,openstreetmap
Emperor Cafe,UAE,Abu Dhabi,,24.4345671,54.431228,,,,0,,openstreetmap
Lazeez Coshari,UAE,Abu Dhabi,,24.4344942,54.4317668,,,,0,,openstreetmap
Special Tea,UAE,Abu Dhabi,,24.4344718,54.4319322,,,,0,,openstreetmap
Red Tea Cafe,UAE,Abu Dhabi,,24.434357,54.432781,,,,0,,openstreetmap
Abu Shakra Restaurant,UAE,Abu Dhabi,,24.4344077,54.4323743,,,,0,,openstreetmap
Rabban Al Khaleej Restaurant And Cuisine,UAE,Abu Dhabi,,24.43363,54.4381603,,,,0,,openstreetmap
Crown Burger,UAE,Abu Dhabi,,24.4337187,54.4375043,,,,0,,openstreetmap
Hot Drink Cafeteria,UAE,Abu Dhabi,,24.433779,54.4370575,,,,0,,openstreetmap
Zahrat Lebnan,UAE,Abu Dhabi,,24.433809,54.4368352,+971600500502,https://zahratlebnan.com,,0,,openstreetmap
Al Zaafaran Refreshments,UAE,Abu Dhabi,,24.433837,54.4366287,024493640,,,0,,openstreetmap
Crown Fried Chicken,UAE,Abu Dhabi,,24.4339519,54.4357775,,,,0,,openstreetmap
High Sky Coffee,UAE,Abu Dhabi,,24.433962,54.4357031,,,,0,,openstreetmap
Al Srood Popular Meals,UAE,Abu Dhabi,,24.4412304,54.4315872,,,,0,,openstreetmap
P.F. Chang's,UAE,Abu Dhabi,,24.4878605,54.6089021,,,,0,,openstreetmap
Argo Tea Cafe,UAE,Abu Dhabi,,24.4880563,54.6088608,,,,0,,openstreetmap
Illy Cafe,UAE,Abu Dhabi,,24.4881555,54.6085842,,,,0,,openstreetmap
Paul,UAE,Abu Dhabi,,24.4886755,54.6085195,,,,0,,openstreetmap
Le Pain Quotidien,UAE,Abu Dhabi,,24.4887351,54.6089898,,,,0,,openstreetmap
Oktay's Restaurant,UAE,Abu Dhabi,,24.4377594,54.4145083,,,,0,,openstreetmap
Doner Kebab,UAE,Abu Dhabi,,24.4899652,54.6087366,,,,0,,openstreetmap
Zagu milk tea drinks Cafe LLc,UAE,Abu Dhabi,,24.4904711,54.3732051,,,,0,,openstreetmap
Tea & Olive CAFETERIA,UAE,Abu Dhabi,,24.4943606,54.3691952,,,,0,,openstreetmap
شاورما ستريت,UAE,Abu Dhabi,شارع محمد بن بطي آل حامد,24.4904747,54.3748723,,,,0,,openstreetmap
REZ B'HALEEB RESTAURANT,UAE,Abu Dhabi,,24.4916777,54.3738533,,,,0,,openstreetmap
Salam bambay restaurtent,UAE,Abu Dhabi,,24.4916037,54.3725848,,,,0,,openstreetmap
The Pool Deck,UAE,Abu Dhabi,,24.4467828,54.4369896,,,,0,,openstreetmap
Pachaylen Thai Cuisine,UAE,Abu Dhabi,,24.4469286,54.4368101,,,,0,,openstreetmap
Impressions Rooftop Lounge,UAE,Abu Dhabi,,24.4465215,54.4369317,,,,0,,openstreetmap
Ingredients,UAE,Abu Dhabi,,24.4467762,54.4374878,,,,0,,openstreetmap
Le Marche Cafe,UAE,Abu Dhabi,,24.4177826,54.4370216,,,,0,,openstreetmap
كافتيريا اهل الشام,UAE,Abu Dhabi,,24.2976117,54.6283835,,,,0,,openstreetmap
فطاير الخليج,UAE,Abu Dhabi,,24.2973489,54.6281394,,,,0,,openstreetmap
Food cord,UAE,Abu Dhabi,,24.4709316,54.35111,,,,0,,openstreetmap
Quality,UAE,Abu Dhabi,,24.4971748,54.3720355,,,,0,,openstreetmap
HOUSE OF TEA cafeteria,UAE,Abu Dhabi,,24.4905192,54.3731671,,,,0,,openstreetmap
Captain Pastry (temporary closed),UAE,Abu Dhabi,,24.4907534,54.3729631,,,,0,,openstreetmap
Caravan,UAE,Abu Dhabi,,24.4850753,54.3626884,,,,0,,openstreetmap
Chowking,UAE,Abu Dhabi,,24.4905554,54.3665231,,,,0,,openstreetmap
Shish Manakish,UAE,Abu Dhabi,,24.4901122,54.3718144,,,,0,,openstreetmap
Just Fresh,UAE,Abu Dhabi,,24.4574308,54.3835409,,,,0,,openstreetmap
Mama's Grill Restaurant and Cafe,UAE,Abu Dhabi,,24.4899578,54.3728506,,,,0,,openstreetmap
Ka'ekology,UAE,Abu Dhabi,,24.4898814,54.3709312,,,,0,,openstreetmap
Indian By Nature,UAE,Abu Dhabi,,24.4896715,54.3730977,,,,0,,openstreetmap
Al Saj cafe,UAE,Abu Dhabi,,24.4900736,54.3707521,,,,0,,openstreetmap
Adobo King Restaurant L.L.C.,UAE,Abu Dhabi,,24.4914807,54.3735656,,,,0,,openstreetmap
Nihal Restaurant,UAE,Abu Dhabi,,24.4894664,54.3666873,,,,0,,openstreetmap
REFRESHMENTS 2000,UAE,Abu Dhabi,,24.4842496,54.3756396,,,,0,,openstreetmap
Burger Hut,UAE,Abu Dhabi,,24.447096,54.4023451,,,,0,,openstreetmap
Al Shabab,UAE,Abu Dhabi,,24.4469396,54.4019289,,,,0,,openstreetmap
Trottoir,UAE,Abu Dhabi,,24.4909478,54.3708161,,,,0,,openstreetmap
ونديز,UAE,Abu Dhabi,شارع حمدان بن محمد,24.4946114,54.3695026,,,,0,,openstreetmap
اقبال ہوٹل,UAE,Abu Dhabi,Hamdan Bin Mohammed Street,24.4950541,54.369876,,,,0,,openstreetmap
Captain Cafe,UAE,Abu Dhabi,,24.4910551,54.3729629,,,,0,,openstreetmap
AL KHAIZURAN RESTARANT & GRILLS,UAE,Abu Dhabi,,24.4477922,54.401061,,,,0,,openstreetmap
شارع منقوشة,UAE,Abu Dhabi,شارع محمد بن بطي آل حامد,24.490519,54.3749237,,,,0,,openstreetmap
Zaeem Al Shamcafeteria,UAE,Abu Dhabi,,24.4825801,54.3741201,,,,0,,openstreetmap
TeaTime Cafeteria,UAE,Abu Dhabi,,24.4921884,54.3741502,,,,0,,openstreetmap
Golden Fig Cafeteria,UAE,Abu Dhabi,,24.4692147,54.370816,,,,0,,openstreetmap
Mamak,UAE,Abu Dhabi,,24.4993838,54.5885437,+97125631525,,,0,,openstreetmap
Dine Out Restaurant,UAE,Abu Dhabi,,24.3180506,54.5357604,,,,0,,openstreetmap
Syrup Aleppo Food Restaurant,UAE,Abu Dhabi,,24.4530295,54.3858422,,,,0,,openstreetmap
Zahrat Lebnan Restaurant & Grill,UAE,Abu Dhabi,,24.4877005,54.3536138,,,,0,,openstreetmap
Arab Udupi restaurant,UAE,Abu Dhabi,,24.4745265,54.367316,,,,0,,openstreetmap
Beijing Restaurant,UAE,Abu Dhabi,,24.4882058,54.3805638,,,,0,,openstreetmap
RESTAURANT motimahal DELUX,UAE,Abu Dhabi,,24.491172,54.375208,,,,0,,openstreetmap
Aikanaad Seafood Restaurant,UAE,Abu Dhabi,,24.4679793,54.3826083,,,,0,,openstreetmap
Mongolian Chinese Restaurant,UAE,Abu Dhabi,,24.4515385,54.3872981,,,,0,,openstreetmap
Black Tea Cafeteria,UAE,Abu Dhabi,,24.4931875,54.3718695,,,,0,,openstreetmap
Etho Al Habasha Restaurant,UAE,Abu Dhabi,,24.4608502,54.3866042,,,,0,,openstreetmap
karak tea,UAE,Abu Dhabi,,24.3376146,54.5365388,,,,0,,openstreetmap
Al Ibrahimi Restaurant,UAE,Abu Dhabi,,24.4816324,54.3652563,,,,0,,openstreetmap
Baker Factory,UAE,Abu Dhabi,,24.4758424,54.3535859,,,,0,,openstreetmap
Al Akkawi Cafeteria,UAE,Abu Dhabi,,24.4587568,54.3808304,,,,0,,openstreetmap
ستانلي كافيه ذ.م.م,UAE,Abu Dhabi,شارع محمد بن سيف الفلاحي,24.4755575,54.3535893,,,,0,,openstreetmap
Original Falafel,UAE,Abu Dhabi,Al Yahar Street,24.4762471,54.3540722,,,,0,,openstreetmap
Damascus Flower Restaurant,UAE,Abu Dhabi,,24.4758812,54.3535448,,,,0,,openstreetmap
Kings Shawarma Restaurant,UAE,Abu Dhabi,,24.4756727,54.3537535,0562056195,,,0,,openstreetmap
Al Itqan Cafeteria,UAE,Abu Dhabi,,24.4925108,54.3708598,,,,0,,openstreetmap
CARACAS pastry,UAE,Abu Dhabi,,24.489359,54.3727064,,,,0,,openstreetmap
STIR AND FRY SWEETS & RESTAURANT,UAE,Abu Dhabi,,24.4801074,54.3706237,,,,0,,openstreetmap
Eat max cafeteria,UAE,Abu Dhabi,,24.4899027,54.3721568,,,,0,,openstreetmap
Diaa Al Shalam Gril,UAE,Abu Dhabi,,24.4552048,54.3838011,,,,0,,openstreetmap
Gulf Pastry,UAE,Abu Dhabi,,24.4554989,54.3835325,,,,0,,openstreetmap
Tea Break Br-4,UAE,Abu Dhabi,,24.4557556,54.3832641,,,,0,,openstreetmap
Haji Ali Juice Center,UAE,Abu Dhabi,,24.4914436,54.3750157,,,,0,,openstreetmap
طابون و كعك,UAE,Abu Dhabi,,24.4914963,54.3749731,,,,0,,openstreetmap
Wengs Kitchen,UAE,Abu Dhabi,,24.4918392,54.374661,,,,0,,openstreetmap
ستريت بايتس,UAE,Abu Dhabi,,24.4290524,54.3736557,,,,0,,openstreetmap
برجر كنج,UAE,Abu Dhabi,,24.5003072,54.3772762,,,,0,,openstreetmap
Best Chicken,UAE,Abu Dhabi,,24.4952812,54.3694476,,,,0,,openstreetmap
ARAB UDUPI RESTAURANT L.L.C. (branch),UAE,Abu Dhabi,,24.494886,54.3688034,,,,0,,openstreetmap
SHAWARMA MAX Cafeteria,UAE,Abu Dhabi,,24.4936028,54.3707305,,,,0,,openstreetmap
Burger Bang Cafe,UAE,Abu Dhabi,Harat Al Remaithat Street,24.4949716,54.3701167,,,,0,,openstreetmap
Seven Spices,UAE,Abu Dhabi,,24.482132,54.3847658,,,,0,,openstreetmap
ADEN SWEETS & REFRESHMENTS,UAE,Abu Dhabi,,24.4794199,54.3712581,,,,0,,openstreetmap
مطعم اليمن السعيد,UAE,Abu Dhabi,Sheikh Rashid bin Saeed Street,24.4497261,54.3908337,024452242,,,0,,openstreetmap
Al Shatir Hassan,UAE,Abu Dhabi,,24.4849143,54.3823781,,,,0,,openstreetmap
Cerruti,UAE,Abu Dhabi,,24.4939001,54.3614215,,,,0,,openstreetmap
Masala Pot,UAE,Abu Dhabi,,24.4346341,54.4134868,,,,0,,openstreetmap
donerandcyros (coming soon!),UAE,Abu Dhabi,,24.43452,54.4136773,,https://www.donerandgyros.com/,,0,,openstreetmap
Wendy's,UAE,Abu Dhabi,,24.4344449,54.4134111,,,,0,,openstreetmap
Marrybrown,UAE,Abu Dhabi,,24.4345302,54.4134522,,,,0,,openstreetmap
HATAM,UAE,Abu Dhabi,,24.4343204,54.413578,,,,0,,openstreetmap
TAKE until RESTAURANT,UAE,Abu Dhabi,,24.4937417,54.3721736,,,,0,,openstreetmap
Jumairah Beach Cafeteria,UAE,Abu Dhabi,,24.4944981,54.3733381,,,,0,,openstreetmap
Al Rahmaniya Restaurant,UAE,Abu Dhabi,,24.4944285,54.3731287,,,,0,,openstreetmap
Choice Refreshements and Grills,UAE,Abu Dhabi,,24.4955541,54.3804038,,,,0,,openstreetmap
Al Taif Refreshments,UAE,Abu Dhabi,,24.48918,54.3724286,,,,0,,openstreetmap
The Skewers Restaurant LLC,UAE,Abu Dhabi,,24.493386,54.3698712,,,,0,,openstreetmap
PAN DE MANILA BAKERY & REFRESHMENT,UAE,Abu Dhabi,,24.4953381,54.3722067,,,,0,,openstreetmap
Kuya JSS Cafe and Resto,UAE,Abu Dhabi,,24.494541,54.3713799,,,,0,,openstreetmap
ortego's DELI,UAE,Abu Dhabi,,24.4932254,54.3696666,,,,0,,openstreetmap
Danu Restaurant,UAE,Abu Dhabi,,24.4954575,54.3692353,,,,0,,openstreetmap
Karachi City Restaurant,UAE,Abu Dhabi,,24.4925505,54.3704615,,,,0,,openstreetmap
Khafayef,UAE,Abu Dhabi,,24.476483,54.3547578,,,,0,,openstreetmap
Ghee Rice,UAE,Abu Dhabi,,24.4917359,54.3735411,,,,0,,openstreetmap
SEAZEN food point RESTAURANT,UAE,Abu Dhabi,,24.4915716,54.373903,,,,0,,openstreetmap
sanbur,UAE,Abu Dhabi,,24.4565493,54.3825169,,,,0,,openstreetmap
Golden Cup Tea Cafeteria,UAE,Abu Dhabi,,24.4796221,54.3717399,,,,0,,openstreetmap
Chattime,UAE,Abu Dhabi,,24.4918352,54.3736834,,,,0,,openstreetmap
Famous Dave's,UAE,Abu Dhabi,Abu Dhabi Mall,24.4955707,54.3829079,+971026587863,https://www.famousdaves.ae/,,0,,openstreetmap
BINALOT Restaurant,UAE,Abu Dhabi,,24.4871281,54.3644722,0501169495,,,0,,openstreetmap
Jabal Arafat Cuisine,UAE,Abu Dhabi,,24.4724464,54.3779011,,,,0,,openstreetmap
Sadaf,UAE,Abu Dhabi,,24.4777642,54.3706304,,,,0,,openstreetmap
Reyaad Al Jaanha,UAE,Abu Dhabi,,24.4445794,54.404706,,,,0,,openstreetmap
Bombay Chowpatty,UAE,Abu Dhabi,,24.4711198,54.372926,,,,0,,openstreetmap
Fuddruckers,UAE,Abu Dhabi,,24.4709789,54.3731631,,,,0,,openstreetmap
Pinoy Lomi House Restaurant,UAE,Abu Dhabi,,24.499999,54.3743351,,,,0,,openstreetmap
Family Refreshments,UAE,Abu Dhabi,,24.499273,54.3733985,,,,0,,openstreetmap
lets go for tea,UAE,Abu Dhabi,,24.4535526,54.3872051,,,,0,,openstreetmap
Al Shamiyat Restaurant,UAE,Abu Dhabi,Um Al 'Anbar Street,24.4917272,54.378605,,,,0,,openstreetmap
Road Café,UAE,Abu Dhabi,Abdullah Bin Abdulrahim Al Waswasi Street,24.4891483,54.3836529,,,,0,,openstreetmap
IBN AL BADIA RESTAURAND & CUISINE,UAE,Abu Dhabi,,24.4897092,54.3815412,,,,0,,openstreetmap
Hyderabad Zafraan restaurant,UAE,Abu Dhabi,,24.4855914,54.3600997,,,,0,,openstreetmap
Ritaj Restaurant,UAE,Abu Dhabi,,24.4856376,54.3614694,+97126310036+97126333097,https://ritajhyderabad.com/,,0,,openstreetmap
JAFARY RESTAURANT Bakery & Sweets,UAE,Abu Dhabi,,24.4851752,54.3600081,,,,0,,openstreetmap
Ambassador Restaurant,UAE,Abu Dhabi,,24.3407912,54.5312355,,,,0,,openstreetmap
مارينا,UAE,Abu Dhabi,,24.4760395,54.3211676,,,,0,,openstreetmap
Crispy Chiken,UAE,Abu Dhabi,,24.4951981,54.3715257,,,,0,,openstreetmap
ROYAL CORCHID CHINESE & THAI RESTAURANT,UAE,Abu Dhabi,,24.4918648,54.3751862,,,,0,,openstreetmap
EXTRA CHEESE CAFETERIA & PASTRY,UAE,Abu Dhabi,,24.4914364,54.3743806,,,,0,,openstreetmap
Il Podio,UAE,Abu Dhabi,,24.4832974,54.6082869,,,,0,,openstreetmap
Max Restaurant,UAE,Abu Dhabi,,24.493985,54.3614296,,,,0,,openstreetmap
Chicken Way Restaurant,UAE,Abu Dhabi,Al Fakhr Street,24.5005876,54.3747599,,,,0,,openstreetmap
Swagath Chennai Restaurant,UAE,Abu Dhabi,Al Fakhr Street,24.5006979,54.3748987,,,,0,,openstreetmap
oktay restutent,UAE,Abu Dhabi,,24.4759309,54.3542757,026663121,,,0,,openstreetmap
Safari Plaza Restaurant,UAE,Abu Dhabi,,24.4452657,54.4047388,,,,0,,openstreetmap
Shoranur Restaurant,UAE,Abu Dhabi,,24.4478516,54.3908884,,,,0,,openstreetmap
Roberto's Italian Restaurant,UAE,Abu Dhabi,,24.4996576,54.3869482,,,,0,,openstreetmap
Samasam Restaurant,UAE,Abu Dhabi,Um Suqeim Street,24.4933693,54.3772975,,,,0,,openstreetmap
مطعم التوحيد,UAE,Abu Dhabi,شارع الدِّعَين,24.4942007,54.3783123,,,,0,,openstreetmap
مطعم اندر زيرو,UAE,Abu Dhabi,شارع أم سُقَيم,24.4939871,54.3767279,,,,0,,openstreetmap
Lawa Star Cafeteria,UAE,Abu Dhabi,,24.4752889,54.3666764,,,,0,,openstreetmap
Philippine House Restaurant,UAE,Abu Dhabi,,24.476331,54.367118,,,,0,,openstreetmap
Makfil Hyderabad,UAE,Abu Dhabi,,24.4761516,54.3668733,,,,0,,openstreetmap
AL SHAM PASTRY & GRILLS,UAE,Abu Dhabi,,24.4932476,54.3777455,,,,0,,openstreetmap
Speed Strange Cafeteria,UAE,Abu Dhabi,,24.4938542,54.3767153,,,,0,,openstreetmap
مطعم قصر الهند,UAE,Abu Dhabi,Sheikh Zayed Bin Sultan Street,24.4929944,54.3767675,,,,0,,openstreetmap
Al Fada Cafe,UAE,Abu Dhabi,,24.4973765,54.3735312,,,,0,,openstreetmap
Salaam Bombay,UAE,Abu Dhabi,,24.3408808,54.5352457,,http://www.salambombay.net,,0,,openstreetmap
Class Food,UAE,Abu Dhabi,,24.4841709,54.3654794,,,,0,,openstreetmap
TFC,UAE,Abu Dhabi,,24.4745996,54.3519214,,,,0,,openstreetmap
Karak Express,UAE,Abu Dhabi,,24.4746775,54.3518355,,,,0,,openstreetmap
Bandung Restaurant,UAE,Abu Dhabi,Baharia,24.4904292,54.3825586,026452008,,,0,,openstreetmap
Jsfhan Nights Restaurant,UAE,Abu Dhabi,,24.4521099,54.388516,,,,0,,openstreetmap
Koshari Time Restaurant and Pastries,UAE,Abu Dhabi,,24.4762083,54.3783306,,,,0,,openstreetmap
Sushi Central,UAE,Abu Dhabi,,24.472535,54.3476844,,,,0,,openstreetmap
Al Joury,UAE,Abu Dhabi,,24.478776,54.3631771,,,,0,,openstreetmap
Blue Sea Refreshments,UAE,Abu Dhabi,,24.4923971,54.3691799,,,,0,,openstreetmap
FiESTA,UAE,Abu Dhabi,,24.4921564,54.3694033,,,,0,,openstreetmap
Abul Hassan Ali Refreshments,UAE,Abu Dhabi,,24.4925585,54.3690194,,,,0,,openstreetmap
Madurai Restaurant,UAE,Abu Dhabi,,24.492751,54.3690476,,,,0,,openstreetmap
Amani,UAE,Abu Dhabi,Humaid Alhasm Al Rumaithi Street,24.4953349,54.3732986,,,,0,,openstreetmap
Golden Royal Restaurant,UAE,Abu Dhabi,,24.4503026,54.3902168,,,,0,,openstreetmap
Al Burhan Refreshments,UAE,Abu Dhabi,,24.4504362,54.3900877,,,,0,,openstreetmap
King Juice,UAE,Abu Dhabi,,24.4516581,54.3890536,,,,0,,openstreetmap
Milano,UAE,Abu Dhabi,,24.3112984,54.6205697,,,,0,,openstreetmap
مدارس,UAE,Abu Dhabi,,24.2935719,54.633173,,,,0,,openstreetmap
Fariha Falafil,UAE,Abu Dhabi,,24.460773,54.3864981,,,,0,,openstreetmap
Foodlands Cafeteria,UAE,Abu Dhabi,,24.4822167,54.3617745,,,,0,,openstreetmap
Bite Rite,UAE,Abu Dhabi,,24.4839642,54.3610538,,,,0,,openstreetmap
Jetamè Cafeteria,UAE,Abu Dhabi,,24.4800332,54.3660552,,,,0,,openstreetmap
مطعم القلعة الحمراء,UAE,Abu Dhabi,شارع نَخِيل الكرَيمه,24.496711,54.374584,,,,0,,openstreetmap
Garden Side Refreshments,UAE,Abu Dhabi,,24.499537,54.3759301,,,,0,,openstreetmap
مطعم رحمت كاليكوت,UAE,Abu Dhabi,شارع التذرّي,24.4969222,54.3745631,,,,0,,openstreetmap
Askar Refreshments,UAE,Abu Dhabi,,24.4522535,54.3867262,,,,0,,openstreetmap
AL BOSPHOR SHAWARMA & RESTAURANT,UAE,Abu Dhabi,,24.4744795,54.3758489,,,,0,,openstreetmap
KIWI,UAE,Abu Dhabi,,24.4758812,54.3536391,,,,0,,openstreetmap
Syrian Flower,UAE,Abu Dhabi,,24.4776427,54.3562326,,,,0,,openstreetmap
Lipton Cafeteria,UAE,Abu Dhabi,Nahwa Street,24.4890318,54.3815942,+97126508999,,,0,,openstreetmap
غاز,UAE,Abu Dhabi,,24.3890082,54.6940248,,,,0,,openstreetmap
Al Tazaj Chicken,UAE,Abu Dhabi,,24.4892599,54.3634714,,,,0,,openstreetmap
StroopWafel,UAE,Abu Dhabi,,24.4779308,54.3521559,,,,0,,openstreetmap
مدرسة بيت المقدس الدولية,UAE,Abu Dhabi,,24.3273108,54.5331597,,,,0,,openstreetmap
KFC,UAE,Abu Dhabi,,24.3869551,54.722165,,,,0,,openstreetmap
villa beirut,UAE,Abu Dhabi,,24.4758311,54.3212725,,,,0,,openstreetmap
KCAL,UAE,Abu Dhabi,,24.4425851,54.6085116,,,,0,,openstreetmap
Power Charge Cafe,UAE,Abu Dhabi,,24.331314,54.6235557,,,,0,,openstreetmap
Steroid Cafe,UAE,Abu Dhabi,,24.4152609,54.4976976,,,,0,,openstreetmap
Chilis al mariah mall,UAE,Abu Dhabi,,24.4937738,54.367487,,,,0,,openstreetmap
Peppermill Indian,UAE,Abu Dhabi,,24.4706598,54.3750175,,,,0,,openstreetmap
SFC Southern Fried Chicken Salam Street,UAE,Abu Dhabi,Nab' Al Mreer Street,24.4985569,54.370349,,,,0,,openstreetmap
Karam Al Sham RESTAURANT,UAE,Abu Dhabi,Sheikh Rashid bin Saeed Street,24.456097,54.3829495,,,,0,,openstreetmap
Arabian Sea Refreshments,UAE,Abu Dhabi,,24.4396399,54.3969894,024478789,,,0,,openstreetmap
Jasrain Palace Cafeteria,UAE,Abu Dhabi,,24.4110917,54.5077384,,,,0,,openstreetmap
Kawloon,UAE,Abu Dhabi,شارع الوَدَق,24.4775006,54.3547489,0263434360558372446,http://www.TheKawloon.com,,0,,openstreetmap
Bab Al Darbar Restaurant,UAE,Abu Dhabi,,24.4534783,54.3873634,,,,0,,openstreetmap
AL MRZAB POPULAR Restaurant,UAE,Abu Dhabi,,24.454517,54.3863719,,,,0,,openstreetmap
Nostrum Cafeteria,UAE,Abu Dhabi,,24.4506206,54.3900677,,,,0,,openstreetmap
مطعم ومطبخ ابحاشي المأكولات الشعبية,UAE,Abu Dhabi,,24.3494482,54.6256718,,,,0,,openstreetmap
Granita Icecream (not ready),UAE,Abu Dhabi,,24.4914153,54.3696811,,,,0,,openstreetmap
White Wave Restaurant,UAE,Abu Dhabi,,24.4869854,54.365713,,,,0,,openstreetmap
مطعم ركن الهوامير,UAE,Abu Dhabi,,24.4740003,54.3775458,,,,0,,openstreetmap
Sea Shell,UAE,Abu Dhabi,,24.4518797,54.386953,,,,0,,openstreetmap
Riviera Resturant,UAE,Abu Dhabi,,24.4981833,54.3782441,,,,0,,openstreetmap
St.Regis hotel,UAE,Abu Dhabi,,24.4639254,54.3290691,,,,0,,openstreetmap
Salt Mushrif park,UAE,Abu Dhabi,,24.454563,54.3804569,,,,0,,openstreetmap
OASiS,UAE,Abu Dhabi,,24.4611354,54.3859022,,,,0,,openstreetmap
BURGER SQUARE (construction),UAE,Abu Dhabi,,24.4551598,54.3838431,,,,0,,openstreetmap
Sushi Story,UAE,Abu Dhabi,,24.4813784,54.351306,,,,0,,openstreetmap
Shawarma Time,UAE,Abu Dhabi,,24.4848293,54.3750349,,,,0,,openstreetmap
Karak Shot Cafeteria,UAE,Abu Dhabi,,24.4822861,54.3846325,,,,0,,openstreetmap
مطعم نجمة حيدراباد,UAE,Abu Dhabi,,24.3061094,54.6115324,025821152,,,0,,openstreetmap
Pinoy Avenue Restaurant,UAE,Abu Dhabi,,24.3368944,54.5339796,,,,0,,openstreetmap
Cauldron Cafe,UAE,Abu Dhabi,Al Dibsi Street,24.489505,54.3842575,,,,0,,openstreetmap
لحمجون,UAE,Abu Dhabi,,24.4911499,54.3737563,024444337,,,0,,openstreetmap
PizzaZone Cafeteria,UAE,Abu Dhabi,,24.3263674,54.532159,,,,0,,openstreetmap
Student Biryani,UAE,Abu Dhabi,,24.4901257,54.3579554,,,,0,,openstreetmap
Shawarma Al Raai Cafteria,UAE,Abu Dhabi,,24.4733331,54.3764145,,,,0,,openstreetmap
Burger pink,UAE,Abu Dhabi,,24.4517109,54.3888685,,,,0,,openstreetmap
ملك الأقاشي أبوظبي,UAE,Abu Dhabi,,24.4594958,54.3881464,,,,0,,openstreetmap
Xiao Wei Yang Resturant,UAE,Abu Dhabi,,24.4894469,54.3799949,,,,0,,openstreetmap
ماج اند بين,UAE,Abu Dhabi,Khalifa bin Zayed the First Street,24.4987286,54.3673319,026422600,,,0,,openstreetmap
Paratta Guys,UAE,Abu Dhabi,,24.4568668,54.382071,,,,0,,openstreetmap
House of Tea,UAE,Abu Dhabi,,24.4832314,54.3838208,,,,0,,openstreetmap
Sun light Restaurant,UAE,Abu Dhabi,,24.4888739,54.364818,0097126321566,,,0,,openstreetmap
Sangam RESTAURANT & SWEETS,UAE,Abu Dhabi,,24.4912922,54.3751079,,,,0,,openstreetmap
Teka & Rob,UAE,Abu Dhabi,,24.4572673,54.3837637,,,,0,,openstreetmap
Spoon & Bowl Restaurant,UAE,Abu Dhabi,,24.4730961,54.3739742,,,,0,,openstreetmap
Arabian Green Tea Cafeteria,UAE,Abu Dhabi,,24.4393467,54.4144441,,,,0,,openstreetmap
MASAFI REFRESHMENTS & GRILLS,UAE,Abu Dhabi,,24.4388637,54.4154495,,,,0,,openstreetmap
Perfect Biryani House,UAE,Abu Dhabi,,24.4950945,54.3725152,,,,0,,openstreetmap
Arabian Snacks Cafeteria LLC,UAE,Abu Dhabi,,24.4680267,54.3720985,,,,0,,openstreetmap
FNB Flame & Bake,UAE,Abu Dhabi,,24.489073,54.3729211,026665572,https://www.flamenbake.com/,,0,,openstreetmap
هافانا كافيه,UAE,Abu Dhabi,,24.4746349,54.3242885,,,,0,,openstreetmap
مطعم ومشاوي الصياد البحري,UAE,Abu Dhabi,Al Dhafra 25 Street,24.4387012,54.415489,0097124444712,https://alsayyad-ad.com/,,0,,openstreetmap
أبو الأفوال,UAE,Abu Dhabi,,24.4944297,54.3797566,,,,0,,openstreetmap
C House,UAE,Abu Dhabi,,24.4954004,54.3654024,,,,0,,openstreetmap
Cafeteria Hermosa,UAE,Abu Dhabi,,24.4931827,54.3702002,,,,0,,openstreetmap
Kalispera,UAE,Abu Dhabi,Al Maqar Street,24.4740191,54.3779765,,,,0,,openstreetmap
Best Tea Cafe,UAE,Abu Dhabi,,24.4764748,54.3804641,,,,0,,openstreetmap
Desert Palace Refreshments,UAE,Abu Dhabi,,24.4823935,54.3845571,,,,0,,openstreetmap
كافتيريا آربيان سناكس,UAE,Abu Dhabi,,24.4739011,54.3672775,026659594,,,0,,openstreetmap
كافتيريا ابراهيم,UAE,Abu Dhabi,شارع السَّجِي,24.495336,54.377937,,,,0,,openstreetmap
كشيري تي تايم كافتيريا,UAE,Abu Dhabi,شارع الأَطْيَاب,24.4944625,54.3781294,,,,0,,openstreetmap
مطعم الابراهيمي شارع االیکٹرا,UAE,Abu Dhabi,,24.4884054,54.3673041,+97126346258,https://www.alibrahimirestaurant.com/,,0,,openstreetmap
Al Dhabi Lounge,UAE,Abu Dhabi,,24.4272121,54.646474,,,,0,,openstreetmap
O'learys,UAE,Abu Dhabi,,24.4290174,54.6437197,,,,0,,openstreetmap
The Food Village,UAE,Abu Dhabi,,24.4292056,54.6439138,,,,0,,openstreetmap
Montreux,UAE,Abu Dhabi,,24.4289015,54.6438641,,,,0,,openstreetmap
Al Mahrosa Cafe,UAE,Abu Dhabi,,24.3272199,54.5381223,,,,0,,openstreetmap
Pizza Hut. KFC SHAKBOOT CITY,UAE,Abu Dhabi,,24.3568608,54.6147101,,,,0,,openstreetmap
Batangas Cafeteria,UAE,Abu Dhabi,,24.4803039,54.3706619,,,,0,,openstreetmap
3 floor,UAE,Abu Dhabi,,24.4802192,54.3699323,,,,0,,openstreetmap
Abu Dhabi,UAE,Abu Dhabi,,24.4736892,54.3749669,,,,0,,openstreetmap
Robusta Coffee,UAE,Abu Dhabi,,24.4496661,54.3928869,,,,0,,openstreetmap
Saravanaa Bhavan,UAE,Abu Dhabi,,24.3435531,54.5361745,,,,0,,openstreetmap
Jabal Al Rahman Restaurant,UAE,Abu Dhabi,,24.4974336,54.3695119,0524055171,,,0,,openstreetmap
Nata Lisboa,UAE,Abu Dhabi,,24.4886715,54.3563224,,,,0,,openstreetmap
Food planet,UAE,Abu Dhabi,,24.4893495,54.3570144,,,,0,,openstreetmap
Hanoi,UAE,Abu Dhabi,,24.4918124,54.3604434,,,,0,,openstreetmap
Air lines restaurant,UAE,Abu Dhabi,,24.4911541,54.3686323,,,,0,,openstreetmap
Al Rayaa fastfood,UAE,Abu Dhabi,,24.4849046,54.3604131,,,,0,,openstreetmap
Malabar Star Restaurant,UAE,Abu Dhabi,,24.3441484,54.5299486,,,,0,,openstreetmap
OPAIA,UAE,Abu Dhabi,,24.4933672,54.3571778,,,,0,,openstreetmap
Jollibee,UAE,Abu Dhabi,,24.4789198,54.3692037,,,,0,,openstreetmap
just tea Cafeteria,UAE,Abu Dhabi,,24.4479296,54.3907997,,,,0,,openstreetmap
مطعم ومشاوي اسطنبولي,UAE,Abu Dhabi,,24.4783996,54.3682373,,,,0,,openstreetmap
Fareehan REFRESHMENT,UAE,Abu Dhabi,,24.4949452,54.3731931,+97126774447,,,0,,openstreetmap
Panda Cookies,UAE,Abu Dhabi,,24.483272,54.3837881,,,,0,,openstreetmap
Sea Shell Cafeteria,UAE,Abu Dhabi,,24.3304483,54.5365594,,,,0,,openstreetmap
Lahore Flower Restaurant,UAE,Abu Dhabi,,24.3345757,54.5353677,,,,0,,openstreetmap
Luqmeh Shamey Pastry,UAE,Abu Dhabi,,24.4924962,54.3601504,,,,0,,openstreetmap
الفنر,UAE,Abu Dhabi,,24.4108564,54.4868675,024481144,https://www.alfanarrestaurant.com/,,0,,openstreetmap
Shawarma Wok,UAE,Abu Dhabi,,24.4772716,54.3798378,,,,0,,openstreetmap
Broast king fresh shawarma restaurant,UAE,Abu Dhabi,,24.3315889,54.535144,,,,0,,openstreetmap
Lebanese Automatic,UAE,Abu Dhabi,,24.4366981,54.4023523,,,,0,,openstreetmap
Asfour Restaurant,UAE,Abu Dhabi,,24.4864355,54.3543467,+97126666203,https://m.facebook.com/asfourrestaurant/,,0,,openstreetmap
Lana's,UAE,Abu Dhabi,,24.4526388,54.3799139,,,,0,,openstreetmap
Gulf Shell,UAE,Abu Dhabi,,24.4858035,54.3667302,,,,0,,openstreetmap
Muallim Hassan Restaurant,UAE,Abu Dhabi,,24.4779459,54.3675923,,,,0,,openstreetmap
Abhiruchi Restaurant,UAE,Abu Dhabi,Sheikh Zayed Bin Sultan Street,24.4954196,54.3746091,,,,0,,openstreetmap
Jood Al Dheyafa Restaurant,UAE,Abu Dhabi,,24.4782923,54.3647716,,,,0,,openstreetmap
Food Valley Cafeteria,UAE,Abu Dhabi,,24.4783497,54.3648347,,,,0,,openstreetmap
Seven Star Coffee Stop Shop,UAE,Abu Dhabi,,24.4800598,54.3672124,,,,0,,openstreetmap
Bon Burger,UAE,Abu Dhabi,,24.4786138,54.3668118,,,,0,,openstreetmap
Nemat Kadah New Restaurant,UAE,Abu Dhabi,,24.4803606,54.3669635,,,,0,,openstreetmap
Royal Night Restaurant,UAE,Abu Dhabi,Sheikh Zayed Bin Sultan Street,24.4984246,54.3720087,,,,0,,openstreetmap
Vita La Vita Café,UAE,Abu Dhabi,Sheikh Zayed Bin Sultan Street,24.4986188,54.3718093,,,,0,,openstreetmap
Bhavana,UAE,Abu Dhabi,,24.4777301,54.3652375,+97124414050,,,0,,openstreetmap
Red Castle Restaurant,UAE,Abu Dhabi,,24.4811478,54.3639457,,,,0,,openstreetmap
Spicy Land,UAE,Abu Dhabi,,24.4809213,54.3636449,,,,0,,openstreetmap
Nakha Tehama,UAE,Abu Dhabi,,24.4773762,54.3710248,,,,0,,openstreetmap
Silver Bucket,UAE,Abu Dhabi,,24.4754524,54.3729359,,,,0,,openstreetmap
Chicken tikka,UAE,Abu Dhabi,,24.473107,54.3684282,,,,0,,openstreetmap
مطعم سفن هوت بوت,UAE,Abu Dhabi,,24.472025,54.3723376,,,,0,,openstreetmap
Lesamis Cafe,UAE,Abu Dhabi,Al Turath Street,24.4689605,54.3788397,,,,0,,openstreetmap
Cool Cafe,UAE,Abu Dhabi,Al Turath Street,24.468909,54.3788871,,,,0,,openstreetmap
Queen Palace,UAE,Abu Dhabi,Sheikh Rashid Bin Saeed Street,24.4661373,54.3750287,,,,0,,openstreetmap
SFC,UAE,Abu Dhabi,Sheikh Rashid Bin Saeed Street,24.4677781,54.3736222,,,,0,,openstreetmap
Al Bahar Alahmar Cafeteria,UAE,Abu Dhabi,Al Turath Street,24.4676299,54.3796735,,,,0,,openstreetmap
Qube Café Resto,UAE,Abu Dhabi,Ahmed Bin Khalaf Al Otaiba Street,24.471789,54.374275,,,,0,,openstreetmap
Bin Khumairi,UAE,Abu Dhabi,Rabbadat Al Ghantalah Street,24.4725943,54.37791,,,,0,,openstreetmap
Gulf Unique Delicious,UAE,Abu Dhabi,Al Ahjar Street,24.47274,54.3772466,,,,0,,openstreetmap
Magic Juice,UAE,Abu Dhabi,Misheerib Street,24.476195,54.380452,,,,0,,openstreetmap
Cups & Mills,UAE,Abu Dhabi,Misheerib Street,24.4760607,54.3805539,,,,0,,openstreetmap
Samboosa House,UAE,Abu Dhabi,Al Ramlah Street,24.4700418,54.3807974,,,,0,,openstreetmap
Strawberry Cafeteria,UAE,Abu Dhabi,Al Ramlah Street,24.4700094,54.380833,,,,0,,openstreetmap
Golden Flower Restaurant,UAE,Abu Dhabi,Rabbadat Al Ghantalah Street,24.4725392,54.3783492,,,,0,,openstreetmap
Port City Java,UAE,Abu Dhabi,Sarouq An Nasub Street,24.4670871,54.3844107,,,,0,,openstreetmap
Cafe Day to Day,UAE,Abu Dhabi,Sarouq An Nasub Street,24.4664607,54.3850065,,,,0,,openstreetmap
Al Eid Shawarma,UAE,Abu Dhabi,Sarouq An Nasub Street,24.4665415,54.3845993,,,,0,,openstreetmap
Copper Spoon,UAE,Abu Dhabi,Ghaf Al Ghirban Street,24.4661498,54.3863384,,,,0,,openstreetmap
Kabab Al Hayab Restaurant,UAE,Abu Dhabi,Rabbadat Lufouq Street,24.4650641,54.3873465,,,,0,,openstreetmap
Kuzina,UAE,Abu Dhabi,Al Hakam Bin 'Amr Street,24.4626063,54.3869126,,,,0,,openstreetmap
Vita,UAE,Abu Dhabi,Al Hakam Bin 'Amr Street,24.4626273,54.3868905,,,,0,,openstreetmap
L'Auberge Palace Restaurant,UAE,Abu Dhabi,Al Hakam Bin 'Amr Street,24.4628968,54.3866445,,,,0,,openstreetmap
3S & Nutrition Bar,UAE,Abu Dhabi,Ahl Al 'Azm Street,24.4641245,54.3864426,,,,0,,openstreetmap
Clay Pot Restaurant,UAE,Abu Dhabi,Ahl Al 'Azm Street,24.464936,54.3856613,,,,0,,openstreetmap
Broccoli,UAE,Abu Dhabi,Sultan Bin Zayed The First Street,24.4574512,54.3902791,,,,0,,openstreetmap
Al Prince Cafe,UAE,Abu Dhabi,Al Darah Street,24.4561531,54.3914106,,,,0,,openstreetmap
Chef Burger,UAE,Abu Dhabi,Al Kwar Street,24.4610186,54.3850606,,,,0,,openstreetmap
Al Omara Roastery,UAE,Abu Dhabi,Al Qiydoum Street,24.463708,54.3826054,,,,0,,openstreetmap
Sweet Burger,UAE,Abu Dhabi,Mshaybi' Street,24.4672545,54.3848393,,,,0,,openstreetmap
PizzaExpress,UAE,Abu Dhabi,,24.495184,54.4087519,,,,0,,openstreetmap
Dolce & Salad,UAE,Abu Dhabi,Sheikh Zayed Bin Sultan Street,24.4908578,54.3784494,,,,0,,openstreetmap
زعتر وزيت,UAE,Abu Dhabi,شارع محمد بن بطي آل حامد,24.4911996,54.3758902,,,,0,,openstreetmap
Al Hawamir,UAE,Abu Dhabi,Al Kasir Street,24.4724297,54.3187436,,,,0,,openstreetmap
Al Heel Gate Cafeteria,UAE,Abu Dhabi,,24.4491704,54.3997797,,,,0,,openstreetmap
X Burger,UAE,Abu Dhabi,,24.448606,54.400557,,,,0,,openstreetmap
Delecto,UAE,Abu Dhabi,Al Bateen Street,24.4683917,54.3389268,,,,0,,openstreetmap
Arab Udupi,UAE,Abu Dhabi,,24.4877823,54.3624889,,,,0,,openstreetmap
Najd Palace,UAE,Abu Dhabi,Yaw Al Ghatfah Street,24.4301143,54.4669241,,,,0,,openstreetmap
Good Chef Resturant,UAE,Abu Dhabi,,24.3202528,54.5358339,,,,0,,openstreetmap
I <3 Burgers,UAE,Abu Dhabi,,24.4743636,54.3511456,,,,0,,openstreetmap
Fifty Three Burger,UAE,Abu Dhabi,,24.4744543,54.3524357,,,,0,,openstreetmap
Shish Kabab Grills,UAE,Abu Dhabi,,24.4737222,54.3524253,,,,0,,openstreetmap
Haveli Indian Cuisine,UAE,Abu Dhabi,,24.4764941,54.356471,,,,0,,openstreetmap
Burger Factory,UAE,Abu Dhabi,,24.4766287,54.356351,,,,0,,openstreetmap
Cafeteria Al Salsabil,UAE,Abu Dhabi,,24.4781422,54.3575475,,,,0,,openstreetmap
Seven Fish,UAE,Abu Dhabi,,24.4782369,54.3552719,,,,0,,openstreetmap
Tripoli Sweets,UAE,Abu Dhabi,,24.4767638,54.3546143,,,,0,,openstreetmap
Shawarma Al Reem,UAE,Abu Dhabi,,24.4754066,54.3534658,,,,0,,openstreetmap
Mug N Cream,UAE,Abu Dhabi,,24.4908517,54.3719759,,,,0,,openstreetmap
Lebanese Castle,UAE,Abu Dhabi,,24.3056488,54.613127,,,,0,,openstreetmap
Fine Way,UAE,Abu Dhabi,,24.4742347,54.3521655,,,,0,,openstreetmap
Haret Zaman Restaurant,UAE,Abu Dhabi,,24.4785124,54.3591215,,,,0,,openstreetmap
Saj Hut,UAE,Abu Dhabi,,24.4778424,54.3582662,,,,0,,openstreetmap
Lyali Shamyya Cafeteria,UAE,Abu Dhabi,,24.476873,54.3569336,,,,0,,openstreetmap
Al Mebrat Cafeteria,UAE,Abu Dhabi,,24.4776935,54.357958,,,,0,,openstreetmap
Fresh Drink,UAE,Abu Dhabi,,24.4797673,54.3583816,,,,0,,openstreetmap
Crunch & Munch Cafe,UAE,Abu Dhabi,,24.4791731,54.3514775,,,,0,,openstreetmap
Potato Planet,UAE,Abu Dhabi,,24.2968882,54.6385994,,,,0,,openstreetmap
Fast Juice,UAE,Abu Dhabi,,24.2968286,54.6386967,,,,0,,openstreetmap
فيليب كفيه,UAE,Abu Dhabi,,24.4639432,54.376005,,,,0,,openstreetmap
Domino's,UAE,Abu Dhabi,,24.4718461,54.3477484,,,,0,,openstreetmap
Galaxy Line Mandi Restaurant,UAE,Abu Dhabi,,24.4718212,54.3478565,,,,0,,openstreetmap
Alsaraya,UAE,Abu Dhabi,,24.4720463,54.3488816,,,,0,,openstreetmap
Man'oushe W Sandwiche,UAE,Abu Dhabi,,24.4722405,54.3486881,,,,0,,openstreetmap
Resto Pinoy,UAE,Abu Dhabi,,24.473151,54.3484277,,,,0,,openstreetmap
Prestige Restaurant,UAE,Abu Dhabi,,24.4707271,54.3478444,,,,0,,openstreetmap
Qasmieh Al-Fawal,UAE,Abu Dhabi,,24.4718578,54.3473377,,,,0,,openstreetmap
Ajloon Castle,UAE,Abu Dhabi,,24.471153,54.348146,,,,0,,openstreetmap
Eiffel Cafe,UAE,Abu Dhabi,,24.4710323,54.3482583,,,,0,,openstreetmap
Food Care Restaurant,UAE,Abu Dhabi,,24.4716295,54.3496654,,,,0,,openstreetmap
Miss J Cafe,UAE,Abu Dhabi,,24.4731205,54.3466734,,,,0,,openstreetmap
Happy Restaurant,UAE,Abu Dhabi,,24.4905577,54.3576225,,,,0,,openstreetmap
Baniyas Restaurant,UAE,Abu Dhabi,,24.2867999,54.6417235,,,,0,,openstreetmap
Lavazza,UAE,Abu Dhabi,,24.4304804,54.6417337,,,,0,,openstreetmap
grab & fly,UAE,Abu Dhabi,,24.4304248,54.6415923,,,,0,,openstreetmap
Flat White Coffee,UAE,Abu Dhabi,,24.4300337,54.6423221,,,,0,,openstreetmap
Abu Shakra,UAE,Abu Dhabi,,24.4896008,54.3544211,,,,0,,openstreetmap
Flame & Bake,UAE,Abu Dhabi,,24.4897804,54.3542483,,,,0,,openstreetmap
Alghala Coffee Shop,UAE,Abu Dhabi,,24.4799074,54.3837303,,,,0,,openstreetmap
Al Zanya Karak Cafeteria,UAE,Abu Dhabi,Al Daqayiq Street,24.4898883,54.3836305,,,,0,,openstreetmap
Eat More Restaurant,UAE,Abu Dhabi,Al Ruwaydah Street,24.4892256,54.3834978,,,,0,,openstreetmap
Bawaba Raha,UAE,Abu Dhabi,Wadi As Safa Street,24.4924299,54.3824278,,,,0,,openstreetmap
Tasty Palace,UAE,Abu Dhabi,Al Teejan Street,24.4927127,54.3812149,,,,0,,openstreetmap
Hyderabad Bites,UAE,Abu Dhabi,Al Teejan Street,24.4925639,54.3813573,,,,0,,openstreetmap
Abual Nasar,UAE,Abu Dhabi,Al Teejan Street,24.4924804,54.3814373,,,,0,,openstreetmap
Special Kabab Restaurant,UAE,Abu Dhabi,Hamed Bin Butti Al Qubaisi Street,24.4915414,54.3839032,,,,0,,openstreetmap
Beirut Roastery,UAE,Abu Dhabi,Nahwa Street,24.4891963,54.3820535,,,,0,,openstreetmap
اريبين فلافيرس,UAE,Abu Dhabi,شارع وادِي السَّرَى,24.4884678,54.3819073,,,,0,,openstreetmap
CityCar,UAE,Abu Dhabi,Al Reem Street,24.4907181,54.3807674,,,,0,,openstreetmap
Emirates Tea Cafeteria,UAE,Abu Dhabi,Al Wi'alah Street,24.4913973,54.3787413,,,,0,,openstreetmap
Qasr Alasala Restaurant,UAE,Abu Dhabi,Tawi Al 'Uwayrah Street,24.4935587,54.381857,,,,0,,openstreetmap
بيت المندي والمظبي,UAE,Abu Dhabi,Um Suqeim Street,24.4940545,54.3763728,,,,0,,openstreetmap
مطعم ومشاوي شيكيس,UAE,Abu Dhabi,شارع السَّجِي,24.4955401,54.3782261,0244411400502410465,,,0,,openstreetmap
West Line Cafetería,UAE,Abu Dhabi,Al Za'amah Street,24.4943614,54.3797606,,,,0,,openstreetmap
Malabar Salam,UAE,Abu Dhabi,Hadbat Bin Al Kharsan Street,24.4973448,54.3773138,,,,0,,openstreetmap
Cool Land Refreshments,UAE,Abu Dhabi,Nakheel Al Kiraymah Street,24.4962965,54.3747097,,,,0,,openstreetmap
Fresh Chicken King,UAE,Abu Dhabi,Sa'd Bin Kaythamah Street,24.4985213,54.3762898,,,,0,,openstreetmap
Bu Tadish,UAE,Abu Dhabi,Hamdan Bin Mohammed Street,24.4988867,54.3767173,,,,0,,openstreetmap
Fayrouz Roaster,UAE,Abu Dhabi,Al Fakhr Street,24.5007502,54.3758047,,,,0,,openstreetmap
Al Ajam Restaurants & Bakeries,UAE,Abu Dhabi,Al Fakhr Street,24.501136,54.3755432,,,,0,,openstreetmap
Nabras Tea,UAE,Abu Dhabi,Al Fakhr Street,24.5009738,54.3752517,,,,0,,openstreetmap
Real Taste Cafeteria,UAE,Abu Dhabi,Al Fakhr Street,24.5001188,54.3740253,,,,0,,openstreetmap
Al Habib,UAE,Abu Dhabi,Al Fakhr Street,24.4998419,54.3736911,,,,0,,openstreetmap
Asian Plates,UAE,Abu Dhabi,Al Meena Street,24.5018725,54.3733691,,,,0,,openstreetmap
Mardi Gras Pub and Lounge,UAE,Abu Dhabi,Al Meena Street,24.5026113,54.3737988,,,,0,,openstreetmap
The Secret,UAE,Abu Dhabi,Doha Street,24.4998517,54.3729169,,,,0,,openstreetmap
Sweet & Spicy,UAE,Abu Dhabi,Al Wakrah Street,24.5005548,54.3734932,,,,0,,openstreetmap
Al Noukhda,UAE,Abu Dhabi,Wadi Al Kisayfah Street,24.5020139,54.3748064,,,,0,,openstreetmap
Crazy Yum,UAE,Abu Dhabi,شارع وادِي الكسَيفه,24.502214,54.3741111,,,,0,,openstreetmap
Ceylon Bites,UAE,Abu Dhabi,Riddat At Tiwyan Street,24.5018083,54.3734477,,,,0,,openstreetmap
Tea Centre,UAE,Abu Dhabi,,24.3447799,54.5371392,,,,0,,openstreetmap
Ali Salem Cafeteria,UAE,Abu Dhabi,,24.3419493,54.530083,,,,0,,openstreetmap
Grand Shooters Cafe,UAE,Abu Dhabi,,24.340776,54.5318085,,,,0,,openstreetmap
Higher Taste,UAE,Abu Dhabi,Harat Al Remaithat Street,24.496264,54.3715471,,,,0,,openstreetmap
City Burger,UAE,Abu Dhabi,Harat Al Remaithat Street,24.4945506,54.3684581,,,,0,,openstreetmap
Smart Way Cafeteria,UAE,Abu Dhabi,Rahma Almasoud Al Muhairbi Street,24.4957495,54.3683382,,,,0,,openstreetmap
Eastern Tea,UAE,Abu Dhabi,Al Nasaim Street,24.4972288,54.3679636,,,,0,,openstreetmap
City King Restaurant,UAE,Abu Dhabi,Ad Durri Street,24.4978172,54.3703993,,,,0,,openstreetmap
Oriental Korner Restaurant,UAE,Abu Dhabi,Harat Al Remaithat Street,24.4940227,54.3677419,,,,0,,openstreetmap
Quick Bite Restaurant,UAE,Abu Dhabi,,24.3376312,54.5371186,,,,0,,openstreetmap
Marakech Palace,UAE,Abu Dhabi,,24.3376359,54.5373491,,,,0,,openstreetmap
Lahore Grill,UAE,Abu Dhabi,,24.3355838,54.5355715,025519221,,,0,,openstreetmap
Noor Al Ain Coffee Shop,UAE,Abu Dhabi,,24.3370859,54.5350268,,,,0,,openstreetmap
Rainbow Steak House,UAE,Abu Dhabi,,24.4894781,54.3648279,,,,0,,openstreetmap
Arayes Cafeteria,UAE,Abu Dhabi,,24.3372374,54.5361733,,,,0,,openstreetmap
Falafel Sultan Dubai,UAE,Abu Dhabi,,24.3362983,54.5304391,,,,0,,openstreetmap
Al Safsaf,UAE,Abu Dhabi,,24.333715,54.532603,,,,0,,openstreetmap
Al Husam Kitchen,UAE,Abu Dhabi,,24.4861224,54.3813556,,,,0,,openstreetmap
Al Rocon Al Yamani,UAE,Abu Dhabi,,24.4855308,54.3818589,,,,0,,openstreetmap
Pizza Rocco,UAE,Abu Dhabi,,24.4853293,54.3820032,,,,0,,openstreetmap
Top Your Pizza,UAE,Abu Dhabi,,24.4828299,54.3841411,,,,0,,openstreetmap
Shanzlehzah Cafe,UAE,Abu Dhabi,,24.3339234,54.5369113,,,,0,,openstreetmap
Mister Burger,UAE,Abu Dhabi,,24.3345188,54.5368764,,,,0,,openstreetmap
Al Fajir Eye Cafeteria,UAE,Abu Dhabi,,24.3355345,54.5379875,,,,0,,openstreetmap
More and More Restaurant,UAE,Abu Dhabi,,24.3348453,54.5380182,,,,0,,openstreetmap
Tiger Caferteria,UAE,Abu Dhabi,,24.3342058,54.5380558,,,,0,,openstreetmap
Al Mussaffah East Coffee Shop,UAE,Abu Dhabi,,24.3319296,54.5361604,,,,0,,openstreetmap
Not Tea,UAE,Abu Dhabi,,24.4825072,54.3740128,,,,0,,openstreetmap
WideRange Restaurant,UAE,Abu Dhabi,,24.3319174,54.5335085,,,,0,,openstreetmap
Arish Coffee Shop,UAE,Abu Dhabi,Thanyat Al Hidan Street,24.4635721,54.3844313,,,,0,,openstreetmap
Afghanistan Restaurant,UAE,Abu Dhabi,Sultan Bin Zayed The First Street,24.459298,54.3885168,,,,0,,openstreetmap
Yen,UAE,Abu Dhabi,Sultan Bin Zayed The First Street,24.4579253,54.3898148,,,,0,,openstreetmap
Alagha,UAE,Abu Dhabi,Sultan Bin Zayed The First Street,24.4561287,54.3915348,,,,0,,openstreetmap
Karan Cafeteria,UAE,Abu Dhabi,,24.3303811,54.5336253,,,,0,,openstreetmap
Layali Al Sham,UAE,Abu Dhabi,,24.3293511,54.5362481,,,,0,,openstreetmap
Kashmir Valley Restaurant,UAE,Abu Dhabi,,24.3304543,54.5353192,,,,0,,openstreetmap
Marakech Cafeteria,UAE,Abu Dhabi,,24.3287327,54.5378613,,,,0,,openstreetmap
Mandy Al Watany,UAE,Abu Dhabi,,24.3284363,54.5363493,,,,0,,openstreetmap
Farha Restaurant,UAE,Abu Dhabi,,24.3273044,54.5335931,,,,0,,openstreetmap
Grand Taj Restaurant,UAE,Abu Dhabi,,24.3273754,54.531167,,,,0,,openstreetmap
Hot & Good Restaurant,UAE,Abu Dhabi,,24.326304,54.531115,,,,0,,openstreetmap
Al Hajrain Restaurant & Kitchen,UAE,Abu Dhabi,,24.3271221,54.5383617,,,,0,,openstreetmap
Al Muasher Cafeteria,UAE,Abu Dhabi,,24.3241485,54.5336062,,,,0,,openstreetmap
Sandwich Point Cafeteria,UAE,Abu Dhabi,,24.3202868,54.5377016,,,,0,,openstreetmap
Star Diamond Restaurant,UAE,Abu Dhabi,,24.3196731,54.5386828,,,,0,,openstreetmap
Rotana Cafe,UAE,Abu Dhabi,,24.4237914,54.4070358,,,,0,,openstreetmap
Al Farah Butchery,UAE,Abu Dhabi,,24.4899495,54.365493,,,,0,,openstreetmap
Al Kashkha,UAE,Abu Dhabi,,24.343632,54.5369615,,,,0,,openstreetmap
Tea Breeze,UAE,Abu Dhabi,,24.3435553,54.5367522,,,,0,,openstreetmap
مطعم زيتون,UAE,Abu Dhabi,,24.3435196,54.5344934,025530042,,,0,,openstreetmap
Cafeteria Ksara,UAE,Abu Dhabi,,24.3434142,54.5323553,,,,0,,openstreetmap
Tea Point,UAE,Abu Dhabi,,24.3433833,54.5314522,,,,0,,openstreetmap
Tea Palace,UAE,Abu Dhabi,,24.3403555,54.5337039,,,,0,,openstreetmap
Gulf Bride Saloon,UAE,Abu Dhabi,Sheikh Rashid bin Saeed Street,24.4641557,54.3770911,,,,0,,openstreetmap
Fruit Juice Cafeteria,UAE,Abu Dhabi,,24.34153,54.5316335,,,,0,,openstreetmap
Paris Cafe,UAE,Abu Dhabi,,24.3415943,54.533033,,,,0,,openstreetmap
Juice Island,UAE,Abu Dhabi,,24.3416721,54.5347336,,,,0,,openstreetmap
Nabeh Al Sham Restaurant,UAE,Abu Dhabi,,24.3416899,54.5351789,,,,0,,openstreetmap
Frooj Almidan Restaurant,UAE,Abu Dhabi,,24.3376917,54.5357564,,,,0,,openstreetmap
Walifih Cafe,UAE,Abu Dhabi,,24.3364352,54.5374394,,,,0,,openstreetmap
Hakaya Restaurant & Grills,UAE,Abu Dhabi,,24.3362654,54.5329051,,,,0,,openstreetmap
Star Al Aboud Restaurant,UAE,Abu Dhabi,,24.3362418,54.532088,,,,0,,openstreetmap
Sofrat Al Raai Restaurants Grills,UAE,Abu Dhabi,,24.4727109,54.378357,,,,0,,openstreetmap
Green Tea Cafeteria,UAE,Abu Dhabi,,24.4701834,54.3485212,,,,0,,openstreetmap
Food Point Cafeteria,UAE,Abu Dhabi,,24.4713413,54.3474155,,,,0,,openstreetmap
Vansha Ghar,UAE,Abu Dhabi,,24.4860174,54.3628993,,,,0,,openstreetmap
Night And Day,UAE,Abu Dhabi,,24.3220284,54.5357311,,,,0,,openstreetmap
Garden Ammas Restaurant,UAE,Abu Dhabi,,24.334792,54.5334424,,,,0,,openstreetmap
Yummy,UAE,Abu Dhabi,,24.3226071,54.5349061,,,,0,,openstreetmap
Dream Palace Cafe,UAE,Abu Dhabi,,24.3222904,54.5355741,,,,0,,openstreetmap
Tabarak Restaurant,UAE,Abu Dhabi,,24.3220097,54.5355716,,,,0,,openstreetmap
Albukanal Kitchen & Restaurant,UAE,Abu Dhabi,,24.3354546,54.5337918,,,,0,,openstreetmap
Tea & Talk,UAE,Abu Dhabi,,24.3349948,54.535073,,,,0,,openstreetmap
Broadway Chilly Restaurant,UAE,Abu Dhabi,,24.3339984,54.5364486,,,,0,,openstreetmap
Qager Al Joud Mandi Restaurant & Kitchen,UAE,Abu Dhabi,,24.3339902,54.537137,,,,0,,openstreetmap
Sea Cave,UAE,Abu Dhabi,,24.3219548,54.536115,,,,0,,openstreetmap
Abu Yousuf Retaurant & Grills,UAE,Abu Dhabi,,24.3240747,54.5323138,,,,0,,openstreetmap
Sea Bird,UAE,Abu Dhabi,,24.3233483,54.5345994,,,,0,,openstreetmap
Nas Cafe,UAE,Abu Dhabi,,24.3222776,54.5346471,,,,0,,openstreetmap
Jouharat Al Khallj Cafeteria,UAE,Abu Dhabi,,24.3186444,54.5358321,,,,0,,openstreetmap
Masala Xpress Cafeteria,UAE,Abu Dhabi,,24.3179947,54.5359385,,,,0,,openstreetmap
Sweet & Savory,UAE,Abu Dhabi,,24.3189313,54.5374413,,,,0,,openstreetmap
City Way Cafeteria,UAE,Abu Dhabi,,24.3189165,54.5374969,,,,0,,openstreetmap
Tasty & Enjoy,UAE,Abu Dhabi,,24.3197175,54.5384745,,,,0,,openstreetmap
Happy Honey,UAE,Abu Dhabi,,24.3179193,54.5366508,,,,0,,openstreetmap
Fried Falafel,UAE,Abu Dhabi,,24.3179149,54.5365522,,,,0,,openstreetmap
Dine Out,UAE,Abu Dhabi,,24.317893,54.5357949,,,,0,,openstreetmap
Golden City Refreshments,UAE,Abu Dhabi,,24.324169,54.531602,,,,0,,openstreetmap
Saba Mandi & Madhbi Restaurant,UAE,Abu Dhabi,,24.3243792,54.5377108,,,,0,,openstreetmap
Tea,UAE,Abu Dhabi,,24.3264821,54.5362538,,,,0,,openstreetmap
Alen Towers Restaurant & Cafeteria,UAE,Abu Dhabi,,24.3260824,54.5330424,,,,0,,openstreetmap
Tea Plaza Cafeteria,UAE,Abu Dhabi,,24.3266596,54.5384883,,,,0,,openstreetmap
Alahlam & Al Rais Coffee Shop,UAE,Abu Dhabi,,24.3230695,54.5386106,,,,0,,openstreetmap
Mushabbak,UAE,Abu Dhabi,,24.3237355,54.5385619,,,,0,,openstreetmap
Maq Nawalt Rajput Cafeteria,UAE,Abu Dhabi,,24.3240833,54.5385445,,,,0,,openstreetmap
Telal Khorfakan Peoples Restaurant & Cuisine,UAE,Abu Dhabi,,24.3242383,54.5358837,,,,0,,openstreetmap
Diamond Spoon Refreshment,UAE,Abu Dhabi,,24.3239541,54.5355907,,,,0,,openstreetmap
Booth Café,UAE,Abu Dhabi,,24.4715299,54.3476138,,,,0,,openstreetmap
Eastern Lights Restaurant,UAE,Abu Dhabi,,24.4717534,54.3473993,,,,0,,openstreetmap
Karji;Crispy Chicken,UAE,Abu Dhabi,,24.4777983,54.3538287,,,,0,,openstreetmap
No Fear Cafe,UAE,Abu Dhabi,,24.3320754,54.5365504,,,,0,,openstreetmap
Number one Sagar Restaurant,UAE,Abu Dhabi,,24.3328005,54.5363625,,,,0,,openstreetmap
Towers Mandi Restaurant,UAE,Abu Dhabi,,24.3331101,54.5345184,,,,0,,openstreetmap
Tea Day,UAE,Abu Dhabi,,24.3330992,54.5343527,,,,0,,openstreetmap
Reem Al Maha Cafe,UAE,Abu Dhabi,,24.3293653,54.5339205,,,,0,,openstreetmap
Farm Tea,UAE,Abu Dhabi,,24.3292774,54.5343634,,,,0,,openstreetmap
Sahareej Aden Restaurant,UAE,Abu Dhabi,,24.3296938,54.5355913,,,,0,,openstreetmap
Lulu Burger,UAE,Abu Dhabi,,24.3306549,54.5359817,,,,0,,openstreetmap
Bandar Aden Restaurant,UAE,Abu Dhabi,,24.328509,54.5384772,,,,0,,openstreetmap
Karam Lebanon Restaurant,UAE,Abu Dhabi,,24.3280951,54.5366261,,,,0,,openstreetmap
Happy Burger,UAE,Abu Dhabi,,24.3285181,54.535438,,,,0,,openstreetmap
Thani Nadan Restaurant,UAE,Abu Dhabi,,24.3272492,54.5353642,,,,0,,openstreetmap
Musaffah Flower Coffee Shop,UAE,Abu Dhabi,,24.3273229,54.5348162,,,,0,,openstreetmap
Ruby Tea Cafeteria,UAE,Abu Dhabi,,24.3273553,54.5337644,,,,0,,openstreetmap
triBU CAFE,UAE,Abu Dhabi,,24.4902756,54.3711945,,,,0,,openstreetmap
Burger Kitchen,UAE,Abu Dhabi,,24.4110199,54.5077074,,,,0,,openstreetmap
Golf Land,UAE,Abu Dhabi,,24.405697,54.5171084,,,,0,,openstreetmap
Ghosen Al Zatar,UAE,Abu Dhabi,,24.4056249,54.5174005,,,,0,,openstreetmap
Baith Albarak Restaurant,UAE,Abu Dhabi,,24.4055775,54.50423,,,,0,,openstreetmap
Al Justrain,UAE,Abu Dhabi,,24.405522,54.5042187,,,,0,,openstreetmap
Al Nomas,UAE,Abu Dhabi,,24.4110594,54.5077257,,,,0,,openstreetmap
Dany's,UAE,Abu Dhabi,,24.3282662,54.5337308,,,,0,,openstreetmap
Royal South Indian Restaurant,UAE,Abu Dhabi,,24.3285723,54.5317632,,,,0,,openstreetmap
Ladies Kitchen,UAE,Abu Dhabi,,24.3284522,54.5314714,,,,0,,openstreetmap
Shai Albahar Cafeteria,UAE,Abu Dhabi,,24.3252386,54.5319163,,,,0,,openstreetmap
Biryani Spice Restaurant,UAE,Abu Dhabi,,24.3251316,54.5319088,,,,0,,openstreetmap
مطعم ومشاوي الصياد,UAE,Abu Dhabi,,24.4041044,54.5044197,0097124448070,https://alsayyad-ad.com/,,0,,openstreetmap
Butcher & Still,UAE,Abu Dhabi,Four Seasons,24.5029262,54.3873567,+97123332700,https://m.fourseasons.com/abudhabi/dining/restaurants/butcher_and_still/,,0,,openstreetmap
Kalifacity mamai location,UAE,Abu Dhabi,,24.4213413,54.5841914,,,,0,,openstreetmap
M36 Tamil hotel,UAE,Abu Dhabi,,24.3305737,54.5335315,,,,0,,openstreetmap
itzaa pizza,UAE,Abu Dhabi,,24.453276,54.3856431,,,,0,,openstreetmap
Alain Restaurant,UAE,Abu Dhabi,,24.4732698,54.3685152,,,,0,,openstreetmap
Salver City REFRESHMENTS,UAE,Abu Dhabi,,24.4472892,54.3915401,,,,0,,openstreetmap
Masha House,UAE,Abu Dhabi,,24.4763169,54.3436397,,,,0,,openstreetmap
Juice And Bite Refreshments,UAE,Abu Dhabi,,24.4596329,54.3798455,,,,0,,openstreetmap
hooked SEAFOOD RESTAURANT,UAE,Abu Dhabi,,24.4903514,54.3720243,,,,0,,openstreetmap
Arabisque,UAE,Abu Dhabi,,24.4703549,54.3465969,,,,0,,openstreetmap
Dreams,UAE,Abu Dhabi,,24.4701968,54.3467788,,,,0,,openstreetmap
Top Foam Restaurant,UAE,Abu Dhabi,,24.4657101,54.3754461,,,,0,,openstreetmap
Milestones Coffee,UAE,Abu Dhabi,,24.4803638,54.3551495,,https://milestonescoffee.ae/our-menu,,0,,openstreetmap
Bai Cha Cafe,UAE,Abu Dhabi,,24.490207,54.3729296,,,,0,,openstreetmap
جرلز باي,UAE,Abu Dhabi,شارع أحمد بن حامد آل حامد,24.4966762,54.3809834,,,,0,,openstreetmap
Cafeteria MORA,UAE,Abu Dhabi,,24.496584,54.3811991,,,,0,,openstreetmap
Diamond Tea cafeteria,UAE,Abu Dhabi,,24.466652,54.3746991,,,,0,,openstreetmap
بيت المطبق والمعصوب,UAE,Abu Dhabi,,24.329749,54.5346696,,,,0,,openstreetmap
Mandolin Bistro-Café,UAE,Abu Dhabi,Hazaa' Bin Zayed The First Street,24.4778943,54.3831304,+97124449992,https://www.facebook.com/MandolinUAE/,,0,,openstreetmap
سوق خليفه اشي فاخر,UAE,Abu Dhabi,,24.4007163,54.5763525,,,,0,,openstreetmap
Golden Rice RESTAURANT,UAE,Abu Dhabi,,24.4960472,54.3788777,,,,0,,openstreetmap
Lebanese Pastry,UAE,Abu Dhabi,,24.4956657,54.3803223,,,,0,,openstreetmap
Nalas Aappakadai VEG & NON VEG SPECIALITY REST,UAE,Abu Dhabi,,24.4958296,54.380181,,,,0,,openstreetmap
Kusinero Grill & Restaurant,UAE,Abu Dhabi,,24.502362,54.3740216,,,,0,,openstreetmap
Tigero Cafe,UAE,Abu Dhabi,,24.4615008,54.3838589,,,,0,,openstreetmap
Blacksmith Coffee Company,UAE,Abu Dhabi,,24.5238171,54.4332653,+97126422088,https://blacksmith.ae/,,0,,openstreetmap
Little Mexico,UAE,Abu Dhabi,,24.5506229,54.4527549,,,,0,,openstreetmap
tea centre cafeteria,UAE,Abu Dhabi,,24.3299567,54.5352219,,,,0,,openstreetmap
شاطئ البندر والمنيره,UAE,Abu Dhabi,,24.4516389,54.6008582,,,,0,,openstreetmap
Tourist Club Star Refreshments,UAE,Abu Dhabi,Hamed Bin Butti Al Qubaisi Street,24.5008109,54.376936,,,,0,,openstreetmap
Sand Marine Restaurant,UAE,Abu Dhabi,,24.4871672,54.3633362,,,,0,,openstreetmap
PINOY LOMI HOUSE RESTAURANT ABU DHABI BRANCH 3,UAE,Abu Dhabi,,24.4904532,54.3721023,,,,0,,openstreetmap
Korean Bowl,UAE,Abu Dhabi,,24.4900974,54.3666568,,,,0,,openstreetmap
Al Ulya Portuguese Flavours Cafe,UAE,Abu Dhabi,شارع الرّملة,24.4728957,54.3781804,,,,0,,openstreetmap
tea cafe,UAE,Abu Dhabi,,24.4839953,54.3598736,,,,0,,openstreetmap
تنكر مويه,UAE,Abu Dhabi,,24.4609328,54.383592,,,,0,,openstreetmap
مينا,UAE,Abu Dhabi,,24.4999368,54.3707368,,,,0,,openstreetmap
شوجر اند سولت,UAE,Abu Dhabi,شارع الخَلِيج العَربِي,24.4608972,54.351839,561499664,https://sugarsaltstation.com/,,0,,openstreetmap
Ava Cafe,UAE,Abu Dhabi,,24.4619563,54.3506497,+971508864963,https://www.avacafeqr.com/,,0,,openstreetmap
Salam Bombay Vegetarian Restaurant,UAE,Abu Dhabi,شارع سلطان بن زايد الأول,24.4722766,54.3777747,+97124463040,,,0,,openstreetmap
c.mondo @ Centro Al Manhal,UAE,Abu Dhabi,,24.4681646,54.3731299,+97128115000,https://www.rotana.com/centrohotels/unitedarabemirates/abudhabi/centroalmanhal/dining,,0,,openstreetmap
20%80 Restaurant,UAE,Abu Dhabi,,24.4657338,54.3741226,+97126720808,https://www.instagram.com/2080_cuisine/?hl=en,,0,,openstreetmap
Vanilla And Pepper,UAE,Abu Dhabi,,24.42626,54.4070866,,,,0,,openstreetmap
Mr Crepe Cafe,UAE,Abu Dhabi,,24.4262835,54.4077631,,,,0,,openstreetmap
Bucca Di Beppo,UAE,Abu Dhabi,Yas Mall,24.4853328,54.6078705,,,,0,,openstreetmap
YASIN MODERN RESTAURANT BR 1,UAE,Abu Dhabi,,24.494378,54.3688172,,,,0,,openstreetmap
Shawarma Al Salateen,UAE,Abu Dhabi,,24.4823699,54.3761244,,,,0,,openstreetmap
Angelina,UAE,Abu Dhabi,,24.4880471,54.6077409,,,,0,,openstreetmap
Asha's,UAE,Abu Dhabi,,24.4886428,54.6084441,,,,0,,openstreetmap
The Coffee Club,UAE,Abu Dhabi,,24.489113,54.6099099,,,,0,,openstreetmap
Laduree,UAE,Abu Dhabi,,24.4878693,54.6078377,,,,0,,openstreetmap
Shamiana,UAE,Abu Dhabi,,24.4898645,54.6083864,,,,0,,openstreetmap
Pappa Roti,UAE,Abu Dhabi,,24.4876988,54.6094713,,,,0,,openstreetmap
Texas de Brazil,UAE,Abu Dhabi,,24.4862133,54.6077339,,,,0,,openstreetmap
Naar Cafe,UAE,Abu Dhabi,,24.4864703,54.6071559,,,,0,,openstreetmap
Bite & Relax cafe,UAE,Abu Dhabi,,24.4923901,54.3693734,,,,0,,openstreetmap
Urban Kitchen,UAE,Abu Dhabi,,24.4551783,54.3948094,,,,0,,openstreetmap
Gusto,UAE,Abu Dhabi,,24.4859142,54.607604,,,,0,,openstreetmap
Yu Shan Fang,UAE,Abu Dhabi,,24.4853983,54.6079534,,,,0,,openstreetmap
Masala Street,UAE,Abu Dhabi,,24.4858143,54.6081146,,,,0,,openstreetmap
Mr Greek,UAE,Abu Dhabi,,24.4858791,54.6074171,,,,0,,openstreetmap
BouBouffe,UAE,Abu Dhabi,,24.4858765,54.6080007,,,,0,,openstreetmap
Chocolate Bar,UAE,Abu Dhabi,,24.4879185,54.607495,,,,0,,openstreetmap
Fish & Co.,UAE,Abu Dhabi,,24.4858514,54.6087468,,,,0,,openstreetmap
La Farina Pizzeria,UAE,Abu Dhabi,,24.431563,54.4354789,,,,0,,openstreetmap
Amici,UAE,Abu Dhabi,,24.4674441,54.6055537,,,,0,,openstreetmap
Garage Abu Dhabi,UAE,Abu Dhabi,,24.4671329,54.605985,,,,0,,openstreetmap
Angar,UAE,Abu Dhabi,,24.4674588,54.6054384,,,,0,,openstreetmap
WET Deck,UAE,Abu Dhabi,,24.4672439,54.6052479,,,,0,,openstreetmap
W Lounge,UAE,Abu Dhabi,,24.4672112,54.605371,,,,0,,openstreetmap
Living Room,UAE,Abu Dhabi,,24.4674416,54.60537,,,,0,,openstreetmap
Meshwari,UAE,Abu Dhabi,,24.4955621,54.3733566,,,,0,,openstreetmap
Ristorante Cavallino,UAE,Abu Dhabi,,24.4842049,54.6068854,,,,0,,openstreetmap
Mamma Rossella,UAE,Abu Dhabi,,24.4843221,54.6066493,,,,0,,openstreetmap
Rosticceria Modena,UAE,Abu Dhabi,,24.4838461,54.6056167,,,,0,,openstreetmap
Pit Stop,UAE,Abu Dhabi,,24.4827013,54.6066869,,,,0,,openstreetmap
Espresso Rosso,UAE,Abu Dhabi,,24.4833077,54.6078852,,,,0,,openstreetmap
Marsha REFRESHMENTS,UAE,Abu Dhabi,,24.4867031,54.3723061,,,,0,,openstreetmap
Lavanda Bakery Cafe,UAE,Abu Dhabi,,24.4421492,54.6075339,,,,0,,openstreetmap
DCafe,UAE,Abu Dhabi,,24.4792281,54.3807664,,,,0,,openstreetmap
gregs batchoy,UAE,Abu Dhabi,,24.4787498,54.3720092,,,,0,,openstreetmap
Horizon Internet Cafe,UAE,Abu Dhabi,,24.4731422,54.3740537,,,,0,,openstreetmap
Tea shop,UAE,Abu Dhabi,,24.4801576,54.378326,,,,0,,openstreetmap
Defence reataurant baryani,UAE,Abu Dhabi,,24.4785585,54.3800622,,,,0,,openstreetmap
Teas shop and parata,UAE,Abu Dhabi,,24.4748863,54.3747856,,,,0,,openstreetmap
Wild Opal,UAE,Abu Dhabi,,24.4959468,54.3741467,,,,0,,openstreetmap
Fresh Way Food,UAE,Abu Dhabi,,24.4960246,54.3740634,,,,0,,openstreetmap
GRILL & PASTRIES GRAND CORNER,UAE,Abu Dhabi,,24.4912252,54.3731848,,,,0,,openstreetmap
City Express cafeteria,UAE,Abu Dhabi,,24.4961256,54.3741214,,,,0,,openstreetmap
كافتيريا بيست سي تي جي,UAE,Abu Dhabi,شارع العَيَّالة,24.4964235,54.3747023,,,,0,,openstreetmap
مطعم فيستا افينو,UAE,Abu Dhabi,شارع نَعضَل,24.4975796,54.3771739,,,,0,,openstreetmap
مطعم كري بالاس,UAE,Abu Dhabi,شارع حِدْبَة بن الخَرْسَان,24.4972743,54.3777224,,,,0,,openstreetmap
مطعم جادونJadoon Restaurant,UAE,Abu Dhabi,شارع حِدْبَة بن الخَرْسَان,24.4973174,54.3777992,,,,0,,openstreetmap
مطعم رتاج,UAE,Abu Dhabi,شارع حِدْبَة بن الخَرْسَان,24.4983809,54.3769481,,https://ritajrestaurant.com,,0,,openstreetmap
Baker's Crust,UAE,Abu Dhabi,,24.455883,54.3958959,,,,0,,openstreetmap
Chicken Live,UAE,Abu Dhabi,,24.5006891,54.3760718,,,,0,,openstreetmap
Tea Quick cafeteria,UAE,Abu Dhabi,,24.4729034,54.3737132,,,,0,,openstreetmap
Al Taneem Pastry,UAE,Abu Dhabi,,24.4971708,54.3709952,,,,0,,openstreetmap
Fresh Land CAFETERIA,UAE,Abu Dhabi,,24.4966372,54.371176,,,,0,,openstreetmap
مطعم امير الشام,UAE,Abu Dhabi,,24.4780657,54.3564948,,,,0,,openstreetmap
سويت برجر,UAE,Abu Dhabi,,24.328826,54.53449,,,,0,,openstreetmap
مندي الجود,UAE,Abu Dhabi,,24.33397,54.5371445,,,,0,,openstreetmap
BILL'S FARM,UAE,Abu Dhabi,,24.4723948,54.3248101,,,,0,,openstreetmap
BLAOK,UAE,Abu Dhabi,,24.4270761,54.3786273,,,,0,,openstreetmap
شكسبير اند كو,UAE,Abu Dhabi,St. Regis Saadiyat,24.5378795,54.4246155,,,,0,,openstreetmap
Oregano,UAE,Abu Dhabi,,24.4037279,54.549172,,,,0,,openstreetmap
مطعم نورماندي للمأكولات البحرية,UAE,Abu Dhabi,,24.3444218,54.5345556,025531400,,,0,,openstreetmap
Free jam,UAE,Abu Dhabi,,24.409041,54.5605536,,,,0,,openstreetmap
Qamar Al Zaman Refreshments,UAE,Abu Dhabi,,24.4738291,54.3766986,,,,0,,openstreetmap
SFC PLUS,UAE,Abu Dhabi,,24.3369612,54.5303225,,,,0,,openstreetmap
Naan House,UAE,Abu Dhabi,,24.3345534,54.5304027,,,,0,,openstreetmap
مطعم المهران,UAE,Abu Dhabi,,24.4659859,54.3755347,,,,0,,openstreetmap
Bortooala Restaurant,UAE,Abu Dhabi,,24.4941954,54.3690721,,,,0,,openstreetmap
Tahona Al Hamra Pastry,UAE,Abu Dhabi,,24.473146,54.3898097,,,,0,,openstreetmap
Hot Shot Cafe,UAE,Abu Dhabi,,24.5055063,54.3713515,,,,0,,openstreetmap
SLASH,UAE,Abu Dhabi,,24.4567569,54.3823034,,,,0,,openstreetmap
The Stuffed Burger Co.,UAE,Abu Dhabi,,24.4678594,54.3316303,,,,0,,openstreetmap
Yummy in my tummy,UAE,Abu Dhabi,,24.466373,54.3838232,,,,0,,openstreetmap
Golden Spoon Vegetarian Restaurant,UAE,Abu Dhabi,,24.4816147,54.3637539,,,,0,,openstreetmap
Das Brauhaus Abu Dhabi,UAE,Abu Dhabi,,24.4970437,54.3648218,+97126780522,https://www.dasbrauhaus.rocks/,,0,,openstreetmap
Al Fanar Restaurant & Cafe,UAE,Abu Dhabi,,24.4108248,54.4869491,+97124481144,https://www.alfanarrestaurant.com/,,0,,openstreetmap
Kashkha grills,UAE,Abu Dhabi,,24.3301955,54.5366336,,,,0,,openstreetmap
La Paz Batchoy,UAE,Abu Dhabi,,24.4791893,54.3692815,,,,0,,openstreetmap
Evergreen Restaurant,UAE,Abu Dhabi,,24.4773241,54.3680926,,,,0,,openstreetmap
Tea Town cafe,UAE,Abu Dhabi,,24.4772321,54.3681823,,,,0,,openstreetmap
Sturbacks,UAE,Abu Dhabi,,24.4697395,54.3739215,,,,0,,openstreetmap
Hamilton's Gastro Pub,UAE,Abu Dhabi,,24.5419414,54.4306167,,,,0,,openstreetmap
TABASCO'S,UAE,Abu Dhabi,,24.4472485,54.4021981,,,,0,,openstreetmap
Healthy way,UAE,Abu Dhabi,,24.447328,54.4021194,,,,0,,openstreetmap
Riqaq square,UAE,Abu Dhabi,,24.4472161,54.4022161,,,,0,,openstreetmap
کالی کٹ نوٹ بک ریستورینت پارکنگ,UAE,Abu Dhabi,,24.4834512,54.3666104,,,,0,,openstreetmap
special marine cafe,UAE,Abu Dhabi,,24.4495063,54.3288542,,,,0,,openstreetmap
Helo Helo zagoo CAFETERIA,UAE,Abu Dhabi,,24.4719282,54.3722322,,,,0,,openstreetmap
Hot Palayok,UAE,Abu Dhabi,,24.4829796,54.3661752,,,,0,,openstreetmap
شرفة اكسبرس,UAE,Abu Dhabi,,24.4884696,54.3826888,,,,0,,openstreetmap
حسن شبيب,UAE,Abu Dhabi,,24.4894515,54.3823164,,,,0,,openstreetmap
ماستر تي,UAE,Abu Dhabi,,24.4895017,54.3825834,,,,0,,openstreetmap
مطعم ومشاوي كاليكوت فود بوك,UAE,Abu Dhabi,شارع الزعامة,24.4949285,54.379331,,,,0,,openstreetmap
% Arabica,UAE,Abu Dhabi,,24.4878601,54.3520566,,,,0,,openstreetmap
Shezon,UAE,Abu Dhabi,,24.471922,54.348857,+97122222410,,,0,,openstreetmap
RAJBJOG,UAE,Abu Dhabi,,24.33636,54.5329375,,,,0,,openstreetmap
توشكا شاورما,UAE,Abu Dhabi,,24.4724183,54.3680288,,,,0,,openstreetmap
Blue Juice Cafeteria,UAE,Abu Dhabi,,24.5189689,54.3788521,,,,0,,openstreetmap
مشويات السلطان,UAE,Abu Dhabi,,24.4752275,54.3769458,,,,0,,openstreetmap
Al Wahda All Day Dining,UAE,Abu Dhabi,,24.4710864,54.37394,,,,0,,openstreetmap
Sbarro,UAE,Abu Dhabi,,24.4752483,54.3213919,,,,0,,openstreetmap
Escape from New York Pizzeria,UAE,Abu Dhabi,,24.5245,54.4340827,+97126211811,https://escape-from-new-york-pizzeria.business.site/,,0,,openstreetmap
Burger Junction,UAE,Abu Dhabi,,24.3806193,54.7192238,,,,0,,openstreetmap
Gazebo Restaurant,UAE,Abu Dhabi,,24.386596,54.7226284,025850614,,,0,,openstreetmap
Seven Hotspot,UAE,Abu Dhabi,,24.4887541,54.3666673,,,,0,,openstreetmap
Driv’n,UAE,Abu Dhabi,,24.4236934,54.4469829,+97124417774,,,0,,openstreetmap
مطعم كرز الشام,UAE,Abu Dhabi,,24.4457267,54.7166436,,,,0,,openstreetmap
مطعم قرية العافية التركي,UAE,Abu Dhabi,,24.4727038,54.3492718,,,,0,,openstreetmap
TEN 11 Coffee Boutique,UAE,Abu Dhabi,شارع الحَلاَوي,24.4294419,54.4630852,+97124444176,,,0,,openstreetmap
Ozo,UAE,Abu Dhabi,,24.4520515,54.334585,,https://ozorestaurant.com/,,0,,openstreetmap
Dairy Queen,UAE,Abu Dhabi,,24.4879101,54.3573502,,,,0,,openstreetmap
Petek,UAE,Abu Dhabi,,24.4886327,54.3553305,,,,0,,openstreetmap
Brocoli Pizza,UAE,Abu Dhabi,,24.4908962,54.3556019,,,,0,,openstreetmap
Telangana Restaurant,UAE,Abu Dhabi,,24.3358011,54.5310656,,,,0,,openstreetmap
Dampa Seafood Grill - Abu Dhabi,UAE,Abu Dhabi,,24.4945681,54.3660543,,,,0,,openstreetmap
Punjabi Dhaba Restaurant,UAE,Abu Dhabi,,24.4730622,54.3509529,,,,0,,openstreetmap
جمر وحطب,UAE,Abu Dhabi,,24.3104803,54.6545389,+97125825220,https://www.jwh.ae/,,0,,openstreetmap
Abdul Malik & Partners Restaurant,UAE,Abu Dhabi,,24.4778079,54.3651942,,,,0,,openstreetmap
althabiah sweets and rresturant,UAE,Abu Dhabi,,24.3433366,54.6305134,,,,0,,openstreetmap
Elysium Cafe and Resturant,UAE,Abu Dhabi,,24.3658411,54.6217079,,,,0,,openstreetmap
Saeed Speciality,UAE,Abu Dhabi,,24.4681347,54.3822804,,,,0,,openstreetmap
Forever Rose,UAE,Abu Dhabi,,24.5011951,54.3896226,,,,0,,openstreetmap
Wild and the Moon,UAE,Abu Dhabi,,24.4825387,54.3571962,,,,0,,openstreetmap
Espresso Lab,UAE,Abu Dhabi,,24.4836887,54.3566367,,,,0,,openstreetmap
Dragon Bao Bao,UAE,Abu Dhabi,,24.4923403,54.3690034,,,,0,,openstreetmap
All Directions,UAE,Abu Dhabi,,24.4958315,54.3732631,,,,0,,openstreetmap
Matsu,UAE,Abu Dhabi,,24.4783126,54.5996463,+97125560096,https://matsu.ae/,,0,,openstreetmap
Raw by Nolu's,UAE,Abu Dhabi,,24.4347745,54.4554138,+97124448080,https://www.nolusrestaurants.com/,,0,,openstreetmap
swan,UAE,Abu Dhabi,,24.4649093,54.3808226,0506399690,,,0,,openstreetmap
Specialty Shop,UAE,Abu Dhabi,,24.4759607,54.3540281,,,,0,,openstreetmap
Acai & Co.,UAE,Abu Dhabi,,24.5075923,54.3766191,,,,0,,openstreetmap
Poke & Co,UAE,Abu Dhabi,,24.507524,54.376654,,,,0,,openstreetmap
Day break cafeteria,UAE,Abu Dhabi,,24.4977314,54.3707448,,,,0,,openstreetmap
Diet life Restaurant,UAE,Abu Dhabi,,24.4752459,54.3799665,,,,0,,openstreetmap
Champions Story Pizza,UAE,Abu Dhabi,شارع الحَلاَوي,24.4295887,54.4632439,+971567773881,,,0,,openstreetmap
siwoo cafe,UAE,Abu Dhabi,,24.4768428,54.3676929,,,,0,,openstreetmap
TEN 11 Beach,UAE,Abu Dhabi,Jacques Chirac Street,24.5389828,54.4081441,+97124013888,https://www.ten11cafe.ae/,,0,,openstreetmap
The Steak Room,UAE,Abu Dhabi,Jacques Chirac Street,24.5389775,54.4079544,+97124446674,https://www.facebook.com/Thesteakroom,,0,,openstreetmap
Koshary El Tahrir,UAE,Abu Dhabi,,24.4750175,54.3514993,,,,0,,openstreetmap
Fresh Bun & Mour Bakery (B&G Pares House),UAE,Abu Dhabi,,24.4772518,54.3569646,+971504180450,,,0,,openstreetmap
Fresh Bite Paprika Restaurant,UAE,Abu Dhabi,,24.4559327,54.3848557,+97124411355,,,0,,openstreetmap
Sweet Greens Restaurant,UAE,Abu Dhabi,,24.4136734,54.4631716,+97126335563,https://www.sweetgreens.ae,,0,,openstreetmap
Zuma Abu Dhabi,UAE,Abu Dhabi,"Island, global market - Abu Dhabi",24.5004693,54.3879444,,,,0,,openstreetmap
Ybala Wrq Enab Restaurant,UAE,Abu Dhabi,,24.294696,54.637294,,,,0,,openstreetmap
Fine tea,UAE,Abu Dhabi,,24.3242619,54.534351,,,,0,,openstreetmap
In A Box Burger And Pasta,UAE,Abu Dhabi,شارع الشيخة فاطمة بنت مبارك,24.4640224,54.3802615,+97126336963,https://www.instagram.com/inabox.ae,,0,,openstreetmap
Derwandi Restaurant & Lounge,UAE,Abu Dhabi,شارع الأَحْكَام,24.4637643,54.3263793,+97126390023,https://derwandi.ae/,,0,,openstreetmap
7sea Specialty cafe,UAE,Abu Dhabi,شارع القُفَّال,24.4542574,54.3387085,+971508027760,https://www.instagram.com/7sea.ae/,,0,,openstreetmap
Sushi San,UAE,Abu Dhabi,,24.4286577,54.4372411,0097126574890,,,0,,openstreetmap
BRDG Concept Cafe,UAE,Abu Dhabi,,24.4849241,54.3790377,+97124499927,https://brdgconcept.com/,,0,,openstreetmap
Churros cafe,UAE,Abu Dhabi,,24.4670983,54.3300922,,,,0,,openstreetmap
ANNEX Lounge & Nightclub,UAE,Abu Dhabi,,24.4523932,54.3360854,,,,0,,openstreetmap
Take and Walk Cafeteria,UAE,Abu Dhabi,,24.4715857,54.3373055,,,,0,,openstreetmap
Niri Restaurant and Bar,UAE,Abu Dhabi,,24.5389595,54.4074775,+97125468886,https://www.nirirestaurant.com/,,0,,openstreetmap
Pickl,UAE,Abu Dhabi,,24.5390352,54.4086228,+97128867844,https://eatpickl.com/,,0,,openstreetmap
Tea zone,UAE,Abu Dhabi,,24.4876114,54.3652246,,,,0,,openstreetmap
Café 302,UAE,Abu Dhabi,,24.4922014,54.3673642,,,,0,,openstreetmap
Al Baik,UAE,Abu Dhabi,,24.4904027,54.3635247,,,,0,,openstreetmap
CHemex,UAE,Abu Dhabi,,24.5293212,54.3801555,,,,0,,openstreetmap
CHICKEN ZONE,UAE,Abu Dhabi,,24.4890851,54.3597831,,,,0,,openstreetmap
Soil,UAE,Abu Dhabi,,24.5245485,54.4340226,,,,0,,openstreetmap
مطعم ستار ون,UAE,Abu Dhabi,,24.4790434,54.3708718,,,,0,,openstreetmap
Belgrave Abu Dhabi,UAE,Abu Dhabi,,24.4218839,54.44515,+97125848383,https://belgraverestaurant.com/,,0,,openstreetmap
Steak Chef,UAE,Abu Dhabi,شارع الكورنيش,24.4656761,54.3314347,+971557223991,https://steakchef.ae,,0,,openstreetmap
Airport Garden,UAE,Abu Dhabi,,24.4226298,54.646727,+97125755036,,,0,,openstreetmap
OLA Brasil,UAE,Abu Dhabi,,24.4194179,54.6450044,,,,0,,openstreetmap
Murphy's Sports Bar,UAE,Abu Dhabi,,24.4191889,54.6453707,,,,0,,openstreetmap
West Bay Lounge Abu Dhabi,UAE,Abu Dhabi,,24.4650615,54.32567,,,,0,,openstreetmap
Theory Cafe,UAE,Abu Dhabi,,24.4691644,54.3367345,+971507000556,,,0,,openstreetmap
Caffe Vergnano 1882,UAE,Abu Dhabi,,24.3546091,54.5387903,+971559243006,,,0,,openstreetmap
Rabab Kabab Restaurant,UAE,Abu Dhabi,,24.4808783,54.3546063,+97126421311,,,0,,openstreetmap
Al Khabbat Fish and Seafood,UAE,Abu Dhabi,,24.336072,54.5380559,,,,0,,openstreetmap
Royal Gujrat Restaurant,UAE,Abu Dhabi,,24.3332198,54.5394959,025626002,,,0,,openstreetmap
Alkalime,UAE,Abu Dhabi,,24.5390372,54.4090196,+971544491547,http://www.wearealkalime.com/,,0,,openstreetmap
Wake N Bake,UAE,Abu Dhabi,,24.5389509,54.4093912,,,,0,,openstreetmap
mamafri,UAE,Abu Dhabi,,24.5390666,54.4094817,,,,0,,openstreetmap
Local,UAE,Abu Dhabi,,24.5390715,54.4097054,,https://localco.ae/,,0,,openstreetmap
Society,UAE,Abu Dhabi,,24.5390008,54.4067178,+97128867735,https://www.societyuae.com/,,0,,openstreetmap
Antonia,UAE,Abu Dhabi,,24.5389598,54.4071905,+97126672554,https://www.antoniarestaurant.com/,,0,,openstreetmap
Coffee Architecture,UAE,Abu Dhabi,,24.5389591,54.4073335,,https://www.thecoffeearchitecture.com/,,0,,openstreetmap
Black Tap,UAE,Abu Dhabi,,24.5390196,54.4100846,,,,0,,openstreetmap
Beirut Sur Mer,UAE,Abu Dhabi,,24.5390253,54.4104515,,https://www.mbtrm.com,,0,,openstreetmap
ETHR,UAE,Abu Dhabi,,24.5390659,54.4109076,,,,0,,openstreetmap
Raclette Brasserie & Cafe,UAE,Abu Dhabi,,24.5390904,54.4110909,,https://menu.raclette.ae,,0,,openstreetmap
Ting Irie,UAE,Abu Dhabi,,24.5390772,54.4113696,,https://tingirie.com,,0,,openstreetmap
Feels,UAE,Abu Dhabi,,24.5391015,54.4115143,,,,0,,openstreetmap
Coco Loco,UAE,Abu Dhabi,,24.5245213,54.434054,,,,0,,openstreetmap
Asiatic & Co,UAE,Abu Dhabi,,24.5245503,54.4340617,,,,0,,openstreetmap
L’eto,UAE,Abu Dhabi,,24.4879248,54.607788,,,,0,,openstreetmap
Just Burger,UAE,Abu Dhabi,,24.4224564,54.5649719,,,,0,,openstreetmap
Al Akkawi Flower Cafeteria,UAE,Abu Dhabi,,24.3367106,54.5349016,,,,0,,openstreetmap
Din Tai Fung,UAE,Abu Dhabi,,24.5012276,54.3902691,+97124467273,,,0,,openstreetmap
Blaze Pizza,UAE,Abu Dhabi,,24.5012576,54.3903767,,,,0,,openstreetmap
Coya,UAE,Abu Dhabi,,24.5021742,54.3880529,,,,0,,openstreetmap
Brisket,UAE,Abu Dhabi,,24.5281731,54.3657442,,,,0,,openstreetmap
Sagar Fish Grill,UAE,Abu Dhabi,,24.3315032,54.5346177,,,,0,,openstreetmap
Salma’s Snack Shack,UAE,Abu Dhabi,,24.4879213,54.5994277,,,,0,,openstreetmap
Dana’s Diner,UAE,Abu Dhabi,,24.4886407,54.600913,,,,0,,openstreetmap
360,UAE,Abu Dhabi,,24.5139815,54.3902417,,,,0,,openstreetmap
Zest,UAE,Abu Dhabi,,24.5133622,54.3892163,,,,0,,openstreetmap
Cafeteria Tea World,UAE,Abu Dhabi,,24.3248115,54.53427,,,,0,,openstreetmap
Topi Vappa Biriyani,UAE,Abu Dhabi,,24.3243105,54.5345485,,,,0,,openstreetmap
Marmellata Bakery,UAE,Abu Dhabi,شارع المُتْقِن,24.5285954,54.3656699,+971558029355,https://www.marmellatalove.com/,,0,,openstreetmap
AlBeit AlAteeq Restaurant,UAE,Abu Dhabi,,24.4172251,54.4955909,+97126663000,,,0,,openstreetmap
49er's — Steakhouse & Club,UAE,Abu Dhabi,,24.498737,54.3807225,,,,0,,openstreetmap
Aptitude Café,UAE,Abu Dhabi,,24.5340806,54.4009201,+971509885445,https://www.louvreabudhabi.ae/en/visit/aptitude-cafe,,0,,openstreetmap
Alexandria Cafe,UAE,Abu Dhabi,,24.3415144,54.5341253,,,,0,,openstreetmap
تاي رينو,UAE,Abu Dhabi,,24.4927471,54.3694685,,,,0,,openstreetmap
مشاوي و شاورما ريفانا الشام,UAE,Abu Dhabi,,24.4010793,54.5782095,+9710503884885+971025563303,https://grills-and-shawarma-rivana-alsham.com/,,0,,openstreetmap
Grill House,UAE,Abu Dhabi,,24.2881955,54.6400389,,,,0,,openstreetmap
Zali,UAE,Abu Dhabi,شارع سنان بن خادم المهيري,24.4537778,54.3381294,+971507976951,,,0,,openstreetmap
Yala Kombucha Bar,UAE,Abu Dhabi,,24.5285755,54.3656405,,,,0,,openstreetmap
Blu Sky Lounge & Bar,UAE,Abu Dhabi,Al Meena Street,24.5004529,54.3713119,+97128184888,https://www.southernsun.com/southern-sun-abu-dhabi/dining/blu-sky-lounge-and-bar?utm_source=openstreetmaps&utm_medium=businesslisting&utm_campaign=rstrnt_blu-sky-lounge-and-bar,,0,,openstreetmap
مطعم قصر الوليمه للاكلات اليمنيه والخليجيه,UAE,Abu Dhabi,شارع الياس السَّافلِي,24.367476,54.7062785,025868999,https://qasr-alwalima.com/,,0,,openstreetmap
Red Mill Cafeteria,UAE,Abu Dhabi,,24.4917863,54.363998,,,,0,,openstreetmap
Culann Aries,UAE,Abu Dhabi,,24.4804934,54.6188006,+97126329252,,,0,,openstreetmap
الدچّــة,UAE,Abu Dhabi,,24.4463247,54.599688,,,,0,,openstreetmap
Crane Specialty Cafe,UAE,Abu Dhabi,,24.5451536,54.4856726,,https://cranecafe.ae/,,0,,openstreetmap
Dice Board Game Café,UAE,Abu Dhabi,,24.4671801,54.3389653,,,,0,,openstreetmap
Haris Marquqa Traiditional Food,UAE,Abu Dhabi,,24.4574917,54.673183,,,,0,,openstreetmap
Baithak,UAE,Abu Dhabi,,24.4570313,54.6739378,,,,0,,openstreetmap
كرسبي كريم,UAE,Abu Dhabi,,24.4574388,54.6740397,,,,0,,openstreetmap
Chhappan Bhog,UAE,Abu Dhabi,,24.4570602,54.6740339,,https://www.zomato.com/abudhabi/chhappan-bhog-al-reef,,0,,openstreetmap
Rashid Ali Hassan,UAE,Abu Dhabi,,24.4572215,54.6740461,,https://www.rashidalicafeteria.ae/,,0,,openstreetmap
Crispy Meal,UAE,Abu Dhabi,,24.4572963,54.6740167,,https://www.zomato.com/abudhabi/crispy-meal-restaurant-al-reef,,0,,openstreetmap
Taste of Kerala,UAE,Abu Dhabi,Al Falah Street,24.4804886,54.3727705,,,,0,,openstreetmap
Operation Falafel,UAE,Abu Dhabi,Sultan Bin Zayed The First Street,24.4781097,54.3715718,,https://operationfalafel.com,,0,,openstreetmap
Bikanervala - Indian Sweets & Vegetarian Restaurant,UAE,Abu Dhabi,,24.4786167,54.3633166,,https://bikanervala.ae/,,0,,openstreetmap
Town Cube,UAE,Abu Dhabi,,24.4178793,54.4423417,,,,0,,openstreetmap
Mado,UAE,Abu Dhabi,,24.4040463,54.4935041,,,,0,,openstreetmap
كارولينا كافيه,UAE,Abu Dhabi,,24.5015653,54.3755962,,,,0,,openstreetmap
بيست شيكين,UAE,Abu Dhabi,,24.499938,54.3723709,025553020025553010,,,0,,openstreetmap
مطعم مدراس كورنير,UAE,Abu Dhabi,,24.4996406,54.3722371,,,,0,,openstreetmap
مطعم فات فري تشيكن,UAE,Abu Dhabi,شارع رِدَّة الطِّويان,24.4990969,54.3757257,,,,0,,openstreetmap
Central Bowling,UAE,Abu Dhabi,,24.4588644,54.6023335,,,,0,,openstreetmap
Lock Stock & Barrel,UAE,Abu Dhabi,,24.4589317,54.6025783,,,,0,,openstreetmap
Asmak Al Halaqa,UAE,Abu Dhabi,,24.4571879,54.6740593,+971502659989,https://asmak-alhalaqa.online/,,0,,openstreetmap
Big Bite,UAE,Abu Dhabi,,24.4571541,54.674071,,https://www.zomato.com/abudhabi/big-bite-cafeteria-al-reef,,0,,openstreetmap
Coloura Cafe,UAE,Abu Dhabi,,24.4912165,54.3544716,,,,0,,openstreetmap
Al Askandarani,UAE,Abu Dhabi,,24.5140848,54.3761428,,,,0,,openstreetmap
Quick Food Cafeteria,UAE,Abu Dhabi,,24.4790565,54.3471287,,,,0,,openstreetmap
Laura,UAE,Abu Dhabi,,24.4804482,54.6186858,,,,0,,openstreetmap
Fish Story,UAE,Abu Dhabi,,24.528372,54.363973,,,,0,,openstreetmap
Osh House Restaurant,UAE,Abu Dhabi,,24.5278842,54.3643689,,,,0,,openstreetmap
Naeem Sweets,UAE,Abu Dhabi,,24.5278577,54.3645201,,,,0,,openstreetmap
Kuziba Family Restaurant,UAE,Abu Dhabi,,24.5285581,54.3656151,,,,0,,openstreetmap
Square Bistro Restaurant,UAE,Abu Dhabi,,24.4734215,54.3492768,,,,0,,openstreetmap
Hatay,UAE,Abu Dhabi,,24.4723181,54.3502008,,,,0,,openstreetmap
Tasha,UAE,Abu Dhabi,,24.4723791,54.3503537,,,,0,,openstreetmap
Turf,UAE,Abu Dhabi,,24.4723242,54.3503966,,,,0,,openstreetmap
Orgada Burger,UAE,Abu Dhabi,,24.4722631,54.3504288,,,,0,,openstreetmap
Sola Restaurant & Cafe,UAE,Abu Dhabi,,24.4675879,54.3385675,,,,0,,openstreetmap
Söcial,UAE,Abu Dhabi,,24.4674604,54.3383637,,,,0,,openstreetmap
"""dialogue""",UAE,Abu Dhabi,,24.4669475,54.3387157,,,,0,,openstreetmap
Vertigo,UAE,Abu Dhabi,,24.465102,54.3267871,,,,0,,openstreetmap
Juancho's,UAE,Abu Dhabi,,24.4949584,54.373625,,,,0,,openstreetmap
Mancha,UAE,Abu Dhabi,,24.4946943,54.3732203,,,,0,,openstreetmap
Ray's Bar,UAE,Abu Dhabi,شارع الملك عبدالله بن عبدالعزيز آل سعود,24.4582381,54.3222576,,https://www.hilton.com/en/hotels/auhetci-conrad-abu-dhabi-etihad-towers/dining/rays-bar/,,0,,openstreetmap
Kusina Afandina,UAE,Abu Dhabi,,24.4952557,54.3728764,,,,0,,openstreetmap
Li Beirut,UAE,Abu Dhabi,شارع الملك عبدالله بن عبدالعزيز آل سعود,24.458511,54.3212743,+97128115666,https://www.hilton.com/en/hotels/auhetci-conrad-abu-dhabi-etihad-towers/dining/li-beirut/,,0,,openstreetmap
José by Pizarro,UAE,Abu Dhabi,شارع الملك عبدالله بن عبدالعزيز آل سعود,24.4582983,54.3220493,+97128115666,https://www.hilton.com/en/hotels/auhetci-conrad-abu-dhabi-etihad-towers/dining/jose-by-pizarro/,,0,,openstreetmap
Sole Ristorante,UAE,Abu Dhabi,شارع الملك عبدالله بن عبدالعزيز آل سعود,24.4578994,54.3218408,+97128115666,https://www.hilton.com/en/hotels/auhetci-conrad-abu-dhabi-etihad-towers/dining/sole/,,0,,openstreetmap
SLRP Ramen,UAE,Abu Dhabi,,24.4895957,54.6098888,,,,0,,openstreetmap
Mondo Cafe,UAE,Abu Dhabi,,24.4480091,54.3375221,,,,0,,openstreetmap
Russo's New York Pizzeria,UAE,Abu Dhabi,,24.4890487,54.3681068,,,,0,,openstreetmap
كافتيريا أبو فهد,UAE,Abu Dhabi,,24.4887756,54.3735149,,,,0,,openstreetmap
Desire's Cafe,UAE,Abu Dhabi,,24.5207481,54.4358974,,,,0,,openstreetmap
مقهى أبو فهد,UAE,Abu Dhabi,,24.4789115,54.3523078,026819669,,,0,,openstreetmap
Sunset Residences SS1,UAE,Abu Dhabi,شارع الضباء,24.5674042,54.4581507,,,,0,,openstreetmap
Garden House Cafe,UAE,Abu Dhabi,Gate Twoers,24.4936671,54.4084932,,,,0,,openstreetmap
Adam's Beer Kitchen,UAE,Abu Dhabi,,24.4953627,54.4091942,,,,0,,openstreetmap
Taste Of India,UAE,Abu Dhabi,,24.4524845,54.6420568,,,,0,,openstreetmap
Shawa Lebanese Grill,UAE,Abu Dhabi,,24.4527254,54.6418994,,,,0,,openstreetmap
لوتس كافيه ولونش,UAE,Abu Dhabi,شارع أم سُقَيم,24.4936265,54.3776735,,,,0,,openstreetmap
Emjay Bar,UAE,Abu Dhabi,,24.4891048,54.3681994,,,,0,,openstreetmap
Akl Zaman,UAE,Abu Dhabi,,24.4788096,54.3576745,,,,0,,openstreetmap
مطعم فسفور قدورة للمأكولات,UAE,Abu Dhabi,,24.514182,54.3753622,,,,0,,openstreetmap
D1,UAE,Abu Dhabi,,24.52523,54.4327674,,,,0,,openstreetmap
Mysk,UAE,Abu Dhabi,,24.5237293,54.4333988,,,,0,,openstreetmap
Indian cheap fast food,UAE,Abu Dhabi,,24.4872074,54.3655459,,,,0,,openstreetmap
Elk Cafe,UAE,Abu Dhabi,,24.5295763,54.3792251,,,,0,,openstreetmap
Senior Taco,UAE,Abu Dhabi,,24.5295349,54.3794797,,,,0,,openstreetmap
Portside Pasta And Pizza,UAE,Abu Dhabi,,24.52924,54.3801816,,,,0,,openstreetmap
Kabayan Gourmet,UAE,Abu Dhabi,,24.5294938,54.3793863,,,,0,,openstreetmap
Khaza,UAE,Abu Dhabi,,24.5295735,54.3797359,,,,0,,openstreetmap
Freez,UAE,Abu Dhabi,,24.529689,54.3795306,,,,0,,openstreetmap
Le Patchouli,UAE,Abu Dhabi,,24.529331,54.3790817,,,,0,,openstreetmap
Vibra,UAE,Abu Dhabi,,24.5295082,54.3799012,,,,0,,openstreetmap
Mr Potato,UAE,Abu Dhabi,,24.52906,54.379618,,,,0,,openstreetmap
Ketchup Mustard Cafe,UAE,Abu Dhabi,,24.5298384,54.3790675,,,,0,,openstreetmap
King Karak Cafeteria,UAE,Abu Dhabi,,24.5292643,54.3792243,,,,0,,openstreetmap
Armaan Market,UAE,Abu Dhabi,,24.5294219,54.3800396,,,,0,,openstreetmap
The Twelve Sauce,UAE,Abu Dhabi,,24.5291937,54.3793497,,,,0,,openstreetmap
Kaaketna,UAE,Abu Dhabi,,24.5290403,54.3796809,,,,0,,openstreetmap
Crepe Way,UAE,Abu Dhabi,,24.5293414,54.3793218,,,,0,,openstreetmap
Broasted And Shawerma,UAE,Abu Dhabi,,24.5295609,54.3793845,,,,0,,openstreetmap
Al Areesh,UAE,Abu Dhabi,,24.5296216,54.3796583,,,,0,,openstreetmap
Ur Destination,UAE,Abu Dhabi,,24.5290736,54.3800506,,,,0,,openstreetmap
Kurtos Kalacs,UAE,Abu Dhabi,,24.5294572,54.3794512,,,,0,,openstreetmap
Chfinja Vibes,UAE,Abu Dhabi,,24.5296894,54.379249,,,,0,,openstreetmap
Rose London Cafe,UAE,Abu Dhabi,,24.5291893,54.379651,,,,0,,openstreetmap
Panorama,UAE,Abu Dhabi,,24.4449451,54.6140372,,,,0,,openstreetmap
Zaiqa grill,UAE,Abu Dhabi,,24.4967549,54.3693523,,,,0,,openstreetmap
Nuevo & Lounge One,UAE,Abu Dhabi,,24.4286348,54.6414022,,,,0,,openstreetmap
OT,UAE,Abu Dhabi,,24.5325453,54.4000453,,,,0,,openstreetmap
Jarousha,UAE,Abu Dhabi,,24.4207747,54.4561819,,,,0,,openstreetmap
AVLU Turkish & Greek Restaurant,UAE,Abu Dhabi,,24.4898617,54.6092692,+971585528582,https://www.avlurestaurant.com,,0,,openstreetmap
chef Eyad,UAE,Abu Dhabi,,24.4310318,54.4327831,,,,0,,openstreetmap
Village Bakery,UAE,Abu Dhabi,شارع الشيخة فاطمة بنت مبارك,24.4557869,54.3702294,+97128825008,,,0,,openstreetmap
Three Cups Speciality Coffee,UAE,Abu Dhabi,Hadbat Al Za`Faranah - Zone 1,24.4445318,54.4047105,+971554662795,https://linktr.ee/threecupsspeciality,,0,,openstreetmap
Diet Delight Restaurant,UAE,Abu Dhabi,"Al Sunbulah St - Al Muntazah, Rowdhat Abu Dhabi",24.4198396,54.4650233,+97126225008,,,0,,openstreetmap
Brot - The German Bakery,UAE,Abu Dhabi,,24.4492532,54.598936,,,,0,,openstreetmap
James Cafe,UAE,Abu Dhabi,,24.4962102,54.4076098,,,,0,,openstreetmap
مطعم جي ارس,UAE,Abu Dhabi,شارع حارِثة بن النُّعمان,24.4786404,54.3720207,,,,0,,openstreetmap
دار الظبي كافيه,UAE,Abu Dhabi,شارع محمد بن سيف الفلاحي,24.4754717,54.3535968,,,,0,,openstreetmap
النوخذة,UAE,Abu Dhabi,شارع محمد بن سيف الفلاحي,24.4756955,54.3538827,,,,0,,openstreetmap
كافتيريا الواحة الأثيوبية,UAE,Abu Dhabi,,24.4758114,54.3541139,,,,0,,openstreetmap
بيست برجر مطعم وكافتيريا تاون,UAE,Abu Dhabi,شارع حِدْبَة بن الخَرْسَان,24.4985037,54.3771056,,,,0,,openstreetmap
جلوبال شيكيس,UAE,Abu Dhabi,شارع نَعضَل,24.4979869,54.377383,,,,0,,openstreetmap
مطعم چولة,UAE,Abu Dhabi,شارع سعد بن خيثمة,24.4974117,54.3765332,,,,0,,openstreetmap
كافتيريا بربيكيو شيكن,UAE,Abu Dhabi,شارع سعد بن خيثمة,24.4973002,54.3766094,,,,0,,openstreetmap
مطعم بنجاب هايواي,UAE,Abu Dhabi,شارع زَين العَابِدين,24.4965042,54.3752732,,,,0,,openstreetmap
كوستا,UAE,Abu Dhabi,شارع التذرّي,24.4966027,54.3741241,,,,0,,openstreetmap
كافتيريا راشد علي,UAE,Abu Dhabi,شارع العَيَّالة,24.4963146,54.3747832,,,,0,,openstreetmap
كافتيريا افضل الاطعمة العالمية,UAE,Abu Dhabi,شارع نَخِيل الكرَيمه,24.4958755,54.3750039,,,,0,,openstreetmap
Mister Cooker,UAE,Abu Dhabi,,24.4900605,54.3715611,,,,0,,openstreetmap
مطعم شيكيس,UAE,Abu Dhabi,شارع نَخِيل الكرَيمه,24.4958066,54.3751926,,,,0,,openstreetmap
ملك الطاووق,UAE,Abu Dhabi,شارع حمدان بن محمد,24.4955546,54.3709374,,,,0,,openstreetmap
The Overlook,UAE,Abu Dhabi,,24.4898365,54.598709,+97128150000,https://www.thewbabudhabi.ae/dining/the-overlook/,,0,,openstreetmap
كافي ميركوريس,UAE,Abu Dhabi,شارع رَملة بو فرَيضة,24.498649,54.3745364,,,,0,,openstreetmap
مايلستونز كوفي,UAE,Abu Dhabi,,24.4978559,54.3736078,,,,0,,openstreetmap
مطعم دائم الاخضرار النباتي,UAE,Abu Dhabi,شارع الفخر,24.4993539,54.37488,,,,0,,openstreetmap
مطعم ومشاوي هيمالايان بالاس,UAE,Abu Dhabi,شارع بَطحَاء العِوَيَّة,24.499502,54.3747597,,,,0,,openstreetmap
استراحة الشاي,UAE,Abu Dhabi,شارع البَيارِق,24.4927847,54.3780123,,,,0,,openstreetmap
مطعم جلف تي بالي,UAE,Abu Dhabi,,24.4928673,54.3772826,,,,0,,openstreetmap
مطعم وكافيه جولدن بليت,UAE,Abu Dhabi,شارع أبو روَيس,24.4935474,54.3769942,,,,0,,openstreetmap
سبايسي فريش شيكين,UAE,Abu Dhabi,شارع أحمد بن حامد آل حامد,24.4963667,54.3813614,,,,0,,openstreetmap
مطعم وكافتيريا رويال دياموند,UAE,Abu Dhabi,شارع عامر بن سعد,24.4942153,54.3792793,,,,0,,openstreetmap
The Director's Club,UAE,Abu Dhabi,,24.4900001,54.5985778,+97128150000,https://www.thewbabudhabi.ae/dining/the-directors-club/,,0,,openstreetmap
مطعم ومشاوي حلايص,UAE,Abu Dhabi,شارع الشيخ زايد بن سلطان,24.4953691,54.3746426,,,,0,,openstreetmap
مطعم بستيز ايتري,UAE,Abu Dhabi,شارع الأَطْيَاب,24.4946963,54.3784324,,,,0,,openstreetmap
ثري قايز كوفي,UAE,Abu Dhabi,شارع الخَلِيج العَربِي,24.4601666,54.352596,,,,0,,openstreetmap
قلعة بعلبك,UAE,Abu Dhabi,شارع الخَلِيج العَربِي,24.4622008,54.3504857,,,,0,,openstreetmap
Kalthoumiyat Cafe,UAE,Abu Dhabi,,24.4879382,54.3819696,,,,0,,openstreetmap
سويس كافيه,UAE,Abu Dhabi,,24.488518,54.3819702,,,,0,,openstreetmap
كافيه ريبكا,UAE,Abu Dhabi,,24.4883384,54.3819788,,,,0,,openstreetmap
كازا أكلة,UAE,Abu Dhabi,,24.4888047,54.382412,,,,0,,openstreetmap
شن شن,UAE,Abu Dhabi,,24.4886033,54.3825756,,,,0,,openstreetmap
Papa John's,UAE,Abu Dhabi,,24.4952834,54.3830967,,,,0,,openstreetmap
DNA Board Games Cafe,UAE,Abu Dhabi,,24.4682124,54.3407448,,,,0,,openstreetmap
Sidra Artisan,UAE,Abu Dhabi,,24.5327327,54.4051787,,,,0,,openstreetmap
Savor by Twins,UAE,Abu Dhabi,,24.5317872,54.4043435,,,,0,,openstreetmap
FLTR,UAE,Abu Dhabi,,24.5301617,54.4031097,,,,0,,openstreetmap
Brooki,UAE,Abu Dhabi,,24.5298428,54.4033703,,,,0,,openstreetmap
Korean Kitchen,UAE,Abu Dhabi,,24.4906275,54.3725292,,,,0,,openstreetmap
Blu,UAE,Abu Dhabi,,24.5614414,54.4596097,,,,0,,openstreetmap
Turf Cafe,UAE,Abu Dhabi,,24.562606,54.4606192,,,,0,,openstreetmap
دار الكرك & المحال,UAE,Abu Dhabi,,24.4843114,54.3828434,97126420092,https://share.google/lyBjP2QWVM0dqjvT5,,0,,openstreetmap
Burger Master,UAE,Abu Dhabi,,24.3184317,54.5385965,,,,0,,openstreetmap
Sardinia,UAE,Abu Dhabi,Saada Street,24.4428374,54.3835713,,,,0,,openstreetmap
20%80,UAE,Abu Dhabi,,24.4657663,54.3741201,+97126720808,https://www.instagram.com/2080_cuisine/?hl=en,,0,,openstreetmap
Finz,UAE,Abu Dhabi,,24.4948869,54.3852885,,,,0,,openstreetmap
Beach House,UAE,Abu Dhabi,,24.5459751,54.4342629,,,,0,,openstreetmap
D1 (NYUAD West Dining Hall),UAE,Abu Dhabi,,24.5252671,54.4327258,,,,0,,openstreetmap
Pistache,UAE,Abu Dhabi,,24.4262243,54.5654476,,,,0,,openstreetmap
Royal Stables Cafe,UAE,Abu Dhabi,,24.4378924,54.3885198,,,,0,,openstreetmap
Pacifico Tiki,UAE,Abu Dhabi,,24.4519483,54.600413,,,,0,,openstreetmap
Galleria Specialty Cafe,UAE,Abu Dhabi,,24.4671531,54.3845589,,,,0,,openstreetmap
1868 Restaurant Cafe and Gallery,UAE,Abu Dhabi,,24.4387933,54.5950869,+971026661868,https://www.1868uae.com/,,0,,openstreetmap
Emirates Guests Restaurant & Grill,UAE,Abu Dhabi,,24.2851042,54.6440252,,,,0,,openstreetmap
Yas Mall Food Court,UAE,Abu Dhabi,,24.4899637,54.6084476,,,,0,,openstreetmap
Lebanese Automatic Restaurant,UAE,Abu Dhabi,,24.4900967,54.6084345,,,,0,,openstreetmap
Sugoi,UAE,Abu Dhabi,,24.4901268,54.608498,,,,0,,openstreetmap
Papa Murphy's,UAE,Abu Dhabi,,24.4902523,54.608765,,,,0,,openstreetmap
Taco De Casa,UAE,Abu Dhabi,,24.4899559,54.6085159,,,,0,,openstreetmap
AcaiXpress,UAE,Abu Dhabi,,24.4899858,54.608312,,,,0,,openstreetmap
Tossed Fresh Food,UAE,Abu Dhabi,,24.4899064,54.6082563,,,,0,,openstreetmap
Baja Fresh,UAE,Abu Dhabi,,24.4898991,54.6081695,,,,0,,openstreetmap
Sontaya South East Asian Restaurant,UAE,Abu Dhabi,,24.5399929,54.4240855,,,,0,,openstreetmap
Buddha-Bar Beach,UAE,Abu Dhabi,,24.5408849,54.4248822,,,,0,,openstreetmap
Cabana Beach Bar & Grill,UAE,Abu Dhabi,,24.4661469,54.3282833,,https://www.morecravings.com/en/venues/cabana-bar-and-grill,,0,,openstreetmap
Petron Meat House,UAE,Abu Dhabi,,24.4688319,54.3324863,,,,0,,openstreetmap
Cove Beach,UAE,Abu Dhabi,,24.5018872,54.4172645,,,,0,,openstreetmap
Santorini Cafe,UAE,Abu Dhabi,,24.5029917,54.4072594,,,,0,,openstreetmap
Save Our Souls SOS Cafe,UAE,Abu Dhabi,,24.5037385,54.4070597,,,,0,,openstreetmap
Ritual Cafe & Studio,UAE,Abu Dhabi,,24.5034145,54.4069383,,,,0,,openstreetmap
Skinny’s Frozen Treats,UAE,Abu Dhabi,,24.4882313,54.5995719,,,,0,,openstreetmap
Chubby's Kitchen,UAE,Abu Dhabi,,24.4869408,54.5998442,,,,0,,openstreetmap
Amwaj Beach Bar,UAE,Abu Dhabi,,24.4880511,54.6001206,,,,0,,openstreetmap
Sugar & Salt Station,UAE,Abu Dhabi,"Villa Number 5, Zone 1, Mohammed Bin Zayed CVity",24.3676817,54.5403137,+971589442662,https://sugarsaltstation.com/,,0,,openstreetmap
Osmo Lounge and Bar,UAE,Abu Dhabi,"Yas Bay, Yas Island, Abu Dhabi, United Arab Emirates",24.4584687,54.6008675,+97122086900,https://www.hilton.com/en/hotels/auhyihi-hilton-abu-dhabi-yas-island/dining/,,0,,openstreetmap
Mint Circle,UAE,Abu Dhabi,,24.4770991,54.3440134,,,,0,,openstreetmap
EL&N,UAE,Abu Dhabi,,24.4594882,54.6038546,0097128839395,https://ae.elnlondon.com/pages/yas-bay,,0,,openstreetmap
Graphos Social Kitchen,UAE,Abu Dhabi,"Yas Bay, Yas Island, Abu Dhabi, United Arab Emirates",24.4591377,54.6012687,+97122086900,https://www.hilton.com/en/hotels/auhyihi-hilton-abu-dhabi-yas-island/dining/,,0,,openstreetmap
Juraif for Mandi,UAE,Ajman,,25.3865923,55.4455829,,,,0,,openstreetmap
Safeer Mall,UAE,Ajman,Mushirif,25.3875361,55.4453608,+97167464888,,,0,,openstreetmap
Al Lulu Cafeteria,UAE,Ajman,,25.3886973,55.4503285,,,,0,,openstreetmap
Elsalmlek Cafeteria & Coffee shop,UAE,Ajman,,25.3890217,55.4511401,,,,0,,openstreetmap
Karachi Darbar,UAE,Ajman,,25.3928354,55.4350919,,,,0,,openstreetmap
Mamlakat Arch Palqees,UAE,Ajman,,25.3873816,55.4465361,,,,0,,openstreetmap
Al Abeer,UAE,Ajman,Sheikh Maktoom Bin Rashid Al Maktoom Street,25.392421,55.4778858,,,,0,,openstreetmap
ماكدونالدز,UAE,Ajman,,25.3931949,55.4825171,,,,0,,openstreetmap
Al Kabab Al Afghani,UAE,Ajman,Kuwait Street,25.3867537,55.4540904,,,,0,,openstreetmap
McDonalds,UAE,Ajman,,25.387025,55.5533119,,,,0,,openstreetmap
Madina Paradise,UAE,Ajman,Sheikh Khalifa bin Zayed Street,25.3898537,55.4657675,,,,0,,openstreetmap
دجاج كنتاكي,UAE,Ajman,,25.4061569,55.5075622,,,,0,,openstreetmap
Olive Cafeteria,UAE,Ajman,,25.4076674,55.5075003,,,,0,,openstreetmap
Pizza Hut,UAE,Ajman,,25.4059127,55.5074721,,,,0,,openstreetmap
مطعم باب الحارة,UAE,Ajman,,25.3933981,55.4316012,,,,0,,openstreetmap
قهوة سرايا,UAE,Ajman,,25.4020302,55.4291003,,,,0,,openstreetmap
Albait Al Yemeni,UAE,Ajman,49 Street,25.3907738,55.4635905,,,,0,,openstreetmap
Chenab Restaurant Ajman UAE,UAE,Ajman,Al Zaher Street,25.4027518,55.4372451,+971507293101,,,0,,openstreetmap
مقهى أرجيل,UAE,Ajman,,25.4066492,55.4316538,,,,0,,openstreetmap
Yum in Tum,UAE,Ajman,,25.3913608,55.5053481,,,,0,,openstreetmap
Sbarro Ajman,UAE,Ajman,,25.4148517,55.4958569,,,,0,,openstreetmap
قديمك نديمك مهوة,UAE,Ajman,,25.4173183,55.4400488,,,,0,,openstreetmap
Ajman Beach,UAE,Ajman,,25.4048068,55.4295121,,,,0,,openstreetmap
pak gazi ajman,UAE,Ajman,,25.4112766,55.4407312,,,,0,,openstreetmap
FM,UAE,Ajman,,25.4013843,55.4278709,,,,0,,openstreetmap
Kfc,UAE,Ajman,,25.4054297,55.5071993,,,,0,,openstreetmap
Arish Ajman University,UAE,Ajman,,25.4152848,55.5046156,,,,0,,openstreetmap
Hardee's,UAE,Ajman,,25.3791739,55.4615995,,,,0,,openstreetmap
Al Khaseeb Restaurant,UAE,Ajman,,25.4330338,55.5636237,,,,0,,openstreetmap
Fattah al Madina Restaurant,UAE,Ajman,,25.4390422,55.5480053,,,,0,,openstreetmap
Charcoal,UAE,Ajman,,25.402999,55.501661,,,,0,,openstreetmap
Bayt Alasalah Traditional Kictchen & Restaurant,UAE,Ajman,24 Street,25.4038824,55.4997509,,,,0,,openstreetmap
Yummy Burger,UAE,Ajman,24 Street,25.4039332,55.499636,,,,0,,openstreetmap
Matar Cafeteria,UAE,Ajman,,25.4040214,55.4994282,,,,0,,openstreetmap
Layali Al Khonj Restaurant,UAE,Ajman,Al Ittihad Street,25.3835354,55.4653725,,,,0,,openstreetmap
الكواكب,UAE,Ajman,,25.3837588,55.4655928,,,,0,,openstreetmap
Pizza Inn,UAE,Ajman,,25.3818911,55.4640079,,,,0,,openstreetmap
Chicken Hut,UAE,Ajman,,25.3824294,55.4643024,,,,0,,openstreetmap
Zaeem Al Karak Cafeteria,UAE,Ajman,,25.4246575,55.5017992,,,,0,,openstreetmap
Freddo,UAE,Ajman,,25.3955975,55.475072,,,,0,,openstreetmap
Golden Fork,UAE,Ajman,,25.3954001,55.4749345,,,,0,,openstreetmap
Bait Panaderia,UAE,Ajman,Sheikh Rashid bin Humaid Al Nuaimi Street,25.4055063,55.4419992,,,,0,,openstreetmap
Nad Wasit,UAE,Ajman,94 Street,25.4206481,55.5023807,,,,0,,openstreetmap
Fast Cook,UAE,Ajman,شارع محمد سالم بو خميس,25.4178535,55.4447312,,,,0,,openstreetmap
Badran Cafeteria,UAE,Ajman,Mohammed Salim Bu Khamis Street,25.4187416,55.4461212,,,,0,,openstreetmap
Oyoon Restaurant,UAE,Ajman,,25.4036404,55.4969134,,,,0,,openstreetmap
Dandana,UAE,Ajman,,25.4037037,55.4967731,,,,0,,openstreetmap
Shawarma,UAE,Ajman,Sheikh Rashid bin Humaid 1st Street,25.4081342,55.5086285,,,,0,,openstreetmap
Shay Ala Alfaham,UAE,Ajman,,25.4046009,55.5006702,,,,0,,openstreetmap
Rajab Cafeteria,UAE,Ajman,,25.3969995,55.4941987,,,,0,,openstreetmap
Alshaay Alsharbi,UAE,Ajman,,25.3964164,55.4913029,,,,0,,openstreetmap
Al Bayar Restaurant,UAE,Ajman,,25.3963504,55.4909616,,,,0,,openstreetmap
Farrouj Hut,UAE,Ajman,45 Street,25.4246341,55.502186,,,,0,,openstreetmap
Boulevard restaurant & Cafe,UAE,Ajman,شارع الحسن البصري,25.4019559,55.4822753,+971556640586,https://golden-boulevard-restaurant.business.site/?utm_source=gmb&utm_medium=referral,,0,,openstreetmap
Swaami Bhavan,UAE,Ajman,,25.4080593,55.4442782,,,,0,,openstreetmap
Jabal Al Ward Restaurant,UAE,Ajman,Abdullah Bin Humaid Street,25.4084756,55.4472306,,,,0,,openstreetmap
Menu Restauraunt,UAE,Ajman,,25.399325,55.5060826,,,,0,,openstreetmap
Aroma Café,UAE,Ajman,,25.3993443,55.5059627,,,,0,,openstreetmap
Al Tawash Shaabi Kitchen,UAE,Ajman,,25.3991349,55.503933,,,,0,,openstreetmap
Al Soun Roastery,UAE,Ajman,,25.399111,55.5022266,,,,0,,openstreetmap
Cafeteria,UAE,Ajman,,25.3979307,55.4985048,,,,0,,openstreetmap
Ainoman Mandi & Madhbi Restaurant,UAE,Ajman,,25.3973939,55.4959579,,,,0,,openstreetmap
Shai Cafeteria,UAE,Ajman,,25.3972912,55.4954935,,,,0,,openstreetmap
Al Banafsaj,UAE,Ajman,,25.3972756,55.4954145,,,,0,,openstreetmap
Melassem Restaurant,UAE,Ajman,,25.3970882,55.4945525,,,,0,,openstreetmap
فر يو,UAE,Ajman,,25.4234889,55.5070883,,,,0,,openstreetmap
Runn Al Karak Cafeteria,UAE,Ajman,Al Imam Al Shafee Street,25.4081818,55.5140879,,,,0,,openstreetmap
Verona Cafe,UAE,Ajman,,25.4028528,55.5001788,,,,0,,openstreetmap
Salsa Hara,UAE,Ajman,Al Imam Al Shafee Street,25.4025099,55.5089068,,,,0,,openstreetmap
Jabel Al Noor Cafeteria,UAE,Ajman,,25.4007093,55.5080296,,,,0,,openstreetmap
Lulu Zinger,UAE,Ajman,,25.4012152,55.503898,,,,0,,openstreetmap
Al Barsha Cafeteris,UAE,Ajman,Shaik Ammar Bin Hummaid Street,25.3971199,55.5050811,,,,0,,openstreetmap
Al Mahashi,UAE,Ajman,,25.3881152,55.4686208,,,,0,,openstreetmap
Burger King,UAE,Ajman,Sheikh Ammar Street,25.3907544,55.5060597,,,,0,,openstreetmap
Broccoli,UAE,Ajman,Sheikh Ammar Street,25.3907143,55.5060657,,,,0,,openstreetmap
Al Lad Cafeteria,UAE,Ajman,Sheikh Ammar Street,25.3906655,55.5060729,,,,0,,openstreetmap
Al Liwan Al Shaebi,UAE,Ajman,,25.398219,55.5205214,,,,0,,openstreetmap
Subway,UAE,Ajman,Sheikh Ammar Street,25.3879354,55.5064161,4404951,,,0,,openstreetmap
فان,UAE,Ajman,شارع الشيخ عمار,25.3867793,55.5066092,,,,0,,openstreetmap
Papa Junior,UAE,Ajman,Sheikh Ammar Street,25.3866508,55.5066112,,,,0,,openstreetmap
Monkey Burger,UAE,Ajman,Sheikh Ammar Street,25.3850247,55.50685,,,,0,,openstreetmap
Belgian Waffles,UAE,Ajman,Sheikh Ammar Street,25.384985,55.5068522,,,,0,,openstreetmap
Potato & Pasta,UAE,Ajman,Sheikh Ammar Street,25.3848943,55.5068704,,,,0,,openstreetmap
Koshari,UAE,Ajman,Sheikh Ammar Street,25.3850682,55.506843,,,,0,,openstreetmap
Al Shajarh,UAE,Ajman,Sheikh Ammar Street,25.3849431,55.5068573,,,,0,,openstreetmap
Al Kabab Al Khososi,UAE,Ajman,Abu Mousa Island Street,25.4163173,55.4712156,,,,0,,openstreetmap
Adrian's,UAE,Ajman,,25.3842582,55.5069332,,,,0,,openstreetmap
Sandwich Home,UAE,Ajman,Sheikh Ammar Street,25.3821519,55.5072825,,,,0,,openstreetmap
Light Cafeteria,UAE,Ajman,,25.4079025,55.5154249,,,,0,,openstreetmap
Burger Factory,UAE,Ajman,Sheikh Ammar Street,25.3759782,55.5080404,,,,0,,openstreetmap
Koshari Station,UAE,Ajman,Sheikh Ammar Street,25.3764685,55.5079109,,,,0,,openstreetmap
Delizioso Café,UAE,Ajman,Sheikh Ammar Street,25.3777813,55.5076124,,,,0,,openstreetmap
Omlet,UAE,Ajman,Sheikh Ammar Street,25.3777054,55.5076252,,,,0,,openstreetmap
Rajab,UAE,Ajman,Sheikh Ammar Street,25.3820777,55.5066228,,,,0,,openstreetmap
Danger Burger,UAE,Ajman,Sheikh Ammar Street,25.3813002,55.5068128,,,,0,,openstreetmap
Karak Alzafran,UAE,Ajman,Sheikh Ammar Street,25.3846184,55.5063796,,,,0,,openstreetmap
Al Dahi Sha,UAE,Ajman,Sheikh Ammar Street,25.3847926,55.5063541,,,,0,,openstreetmap
Um Ali Cafeteria,UAE,Ajman,Sheikh Ammar Street,25.3847394,55.506364,,,,0,,openstreetmap
Oxygen Burger,UAE,Ajman,Sheikh Ammar Street,25.3864008,55.5061238,,,,0,,openstreetmap
La Pulpa,UAE,Ajman,Sheikh Ammar Street,25.3863437,55.5061323,,,,0,,openstreetmap
Truck Burger,UAE,Ajman,Sheikh Ammar Street,25.3872106,55.5060076,,,,0,,openstreetmap
Zain Alsham,UAE,Ajman,Sheikh Ammar Street,25.3872534,55.5060036,,,,0,,openstreetmap
Koukh Al Shay Cafeteria,UAE,Ajman,Sheikh Ammar Street,25.3872981,55.5059987,,,,0,,openstreetmap
Al Jafeer Mandi,UAE,Ajman,,25.3874053,55.5058514,,,,0,,openstreetmap
Karak Tea,UAE,Ajman,,25.3977694,55.5206929,,,,0,,openstreetmap
Karal Time,UAE,Ajman,Sheikh Ammar Street,25.3895682,55.5056698,,,,0,,openstreetmap
Al Nukhbah Cafeteria,UAE,Ajman,Sheikh Ammar Street,25.3920674,55.5053104,,,,0,,openstreetmap
Mexican Fast Food,UAE,Ajman,Sheikh Ammar Street,25.3921807,55.5052962,,,,0,,openstreetmap
Al Farooj,UAE,Ajman,Sheikh Rashid Bin Humaid Al Nuaimi Street,25.3973038,55.4313223,,,,0,,openstreetmap
Shai Al Zafran,UAE,Ajman,Shaik Ammar Bin Hummaid Street,25.3950355,55.5049213,,,,0,,openstreetmap
Mario Internet Cafe,UAE,Ajman,,25.4056587,55.5085185,,,,0,,openstreetmap
Al Adani Mandi Restaurant,UAE,Ajman,,25.4057098,55.5084114,,,,0,,openstreetmap
Pitzzano,UAE,Ajman,,25.3993031,55.5041927,,,,0,,openstreetmap
Al Fiaza,UAE,Ajman,,25.3998156,55.504135,,,,0,,openstreetmap
Tabaq Al Dhab Cafeteria,UAE,Ajman,52 Street,25.4033219,55.4685053,,,,0,,openstreetmap
Amigos Restaurant,UAE,Ajman,Sheikh Rashid bin Saeed Al Maktoom Street,25.3969034,55.4726518,,,,0,,openstreetmap
Ultima,UAE,Ajman,Sheikh Rashid bin Saeed Al Maktoom Street,25.3966683,55.4725105,,,,0,,openstreetmap
Rose Mahashi & Restaurant,UAE,Ajman,Sheikh Rashid bin Saeed Al Maktoum Street,25.395604,55.471943,,,,0,,openstreetmap
Mamlakat Al Tagen Restaurant & Sweets,UAE,Ajman,,25.4031632,55.5069243,,,,0,,openstreetmap
Magic Light Cafeteria,UAE,Ajman,Sheikh Rashid bin Saeed Al Maktoom Street,25.4009801,55.4526307,,,,0,,openstreetmap
Classic Karak,UAE,Ajman,,25.4110024,55.5137351,,,,0,,openstreetmap
Grand Café,UAE,Ajman,,25.4089058,55.5110119,,,,0,,openstreetmap
Shawerma Istanbul,UAE,Ajman,Sheikh Rashid bin Saeed Al Maktoom Street,25.4101768,55.4517938,,,,0,,openstreetmap
Al Bahhat Fish Cooking,UAE,Ajman,Sheikh Rashid bin Saeed Al Maktoom Street,25.4004086,55.4527904,,,,0,,openstreetmap
Shams Al Aseel,UAE,Ajman,,25.407462,55.5111147,,,,0,,openstreetmap
X Burger,UAE,Ajman,,25.4073036,55.511523,,,,0,,openstreetmap
Al Kabab Al Watani Rastuarant,UAE,Ajman,,25.4020132,55.5066146,,,,0,,openstreetmap
Hi Broast Restaurant,UAE,Ajman,Omar Al Mukhtar Street,25.4085701,55.5145558,,,,0,,openstreetmap
Vecchia Roma,UAE,Ajman,Sheikh Rashid bin Saeed Al Maktoom Street,25.3949279,55.4577298,,,,0,,openstreetmap
Gusto Italiano,UAE,Ajman,Anas Bin Malik Street,25.3943893,55.4564699,,,,0,,openstreetmap
FalaFel,UAE,Ajman,Anas Bin Malik Street,25.3944388,55.4565075,,,,0,,openstreetmap
Singapore Restaurant,UAE,Ajman,Anas Bin Malik Street,25.3940116,55.4562391,,,,0,,openstreetmap
Bawabat Damascus,UAE,Ajman,Sheikh Khalifa bin Zayed Street,25.3898292,55.4571319,,,,0,,openstreetmap
Al Wafa,UAE,Ajman,Sheikh Khalifa bin Zayed Street,25.389512,55.4592118,,,,0,,openstreetmap
Reem Al Sham,UAE,Ajman,Sheikh Khalifa bin Zayed Street,25.3894146,55.4597722,,,,0,,openstreetmap
Saray Döner,UAE,Ajman,Sheikh Zayed Street,25.3980283,55.5033722,,,,0,,openstreetmap
Hot Burger,UAE,Ajman,Sheikh Zayed Street,25.3977533,55.5020875,,,,0,,openstreetmap
Maizeral Shabiya Cafe,UAE,Ajman,Sheikh Zayed Street,25.3970228,55.5005163,,,,0,,openstreetmap
Escape Coffee Shop,UAE,Ajman,Sheikh Rashid bin Saeed Al Maktoum Street,25.395639,55.472008,,,,0,,openstreetmap
Burger Plus,UAE,Ajman,Sheikh Rashid bin Saeed Al Maktoum Street,25.3953864,55.4587368,,,,0,,openstreetmap
Al Iskandariyah Cafeteria,UAE,Ajman,Tariq Bin Ziyad Street,25.3997406,55.4609629,,,,0,,openstreetmap
Sadaf Al Bahar Cafeteria,UAE,Ajman,6 Street,25.3938718,55.5378007,,,,0,,openstreetmap
Tea Town,UAE,Ajman,,25.3969341,55.5406501,,,,0,,openstreetmap
Shat Al Eskandarya,UAE,Ajman,Kuwait Street,25.3872301,55.4478423,,,,0,,openstreetmap
Al Farouj Al Mashwi Cafeteria,UAE,Ajman,Kuwait Street1,25.3866024,55.4521806,,,,0,,openstreetmap
Ali Naser,UAE,Ajman,Kuwait Street,25.3863924,55.4537646,,,,0,,openstreetmap
Ragiya Restaurant & Cafe,UAE,Ajman,,25.437788,55.5136659,,,,0,,openstreetmap
Fakhr Al Jurf,UAE,Ajman,,25.4385791,55.5117908,,,,0,,openstreetmap
Shoaib,UAE,Ajman,,25.434193,55.5087852,,,,0,,openstreetmap
Qasar Al Jirf,UAE,Ajman,,25.4339951,55.50867,,,,0,,openstreetmap
Arab & India Restaurant,UAE,Ajman,Al Ittihad Road,25.3890924,55.470669,,,,0,,openstreetmap
Royal Taste Cafeteria,UAE,Ajman,Sheikh Maktoom Bin Rashid Al Maktoom Street,25.3952659,55.490509,,,,0,,openstreetmap
Al Kabab Al Montaz Restaurant,UAE,Ajman,Sheikh Maktoom Bin Rashid Al Maktoom Street,25.3961711,55.4946737,,,,0,,openstreetmap
Al Dasma Cafeteria,UAE,Ajman,,25.4384999,55.5279267,,,,0,,openstreetmap
Shamiat Restaurant,UAE,Ajman,Kuwait Street,25.3863146,55.4543165,,,,0,,openstreetmap
Jonan Lebnan,UAE,Ajman,Kuwait Street,25.3858355,55.457766,,,,0,,openstreetmap
Najmat Al Khaleej,UAE,Ajman,,25.3857989,55.4579988,,,,0,,openstreetmap
Danish Punjab Restaurant,UAE,Ajman,,25.4336719,55.5399756,,,,0,,openstreetmap
Tandoori Kitchen,UAE,Ajman,,25.4322436,55.5446025,,,,0,,openstreetmap
Gulf Spices,UAE,Ajman,,25.4321579,55.5450696,,,,0,,openstreetmap
Al Morsal Restaurant,UAE,Ajman,,25.4307971,55.5481267,,,,0,,openstreetmap
Al Ohoug Al Rafi,UAE,Ajman,,25.4307963,55.5432963,,,,0,,openstreetmap
Antar Restaurant & Cafeteria,UAE,Ajman,,25.4318781,55.5469813,,,,0,,openstreetmap
Al Barq Cafeteria,UAE,Ajman,Sheikh Rashid Bin Humaid Al Nuaimi Street,25.3989613,55.4327772,,,,0,,openstreetmap
Live Cafeteria & Restaurant,UAE,Ajman,Sheikh Rashid Bin Humaid Al Nuaimi Street,25.3987879,55.4324501,,,,0,,openstreetmap
Jood Mandi,UAE,Ajman,Omar Bin Al Khatab Street,25.3971654,55.429842,,,,0,,openstreetmap
Done Veto,UAE,Ajman,Abdullah bin Abid Street,25.3970552,55.430016,,,,0,,openstreetmap
Joori Royat Tea,UAE,Ajman,,25.417563,55.4473174,,,,0,,openstreetmap
Muhsin Cafeteria,UAE,Ajman,Saif Al Hamrani Street,25.4150392,55.4445325,,,,0,,openstreetmap
Shakoor Resaurant,UAE,Ajman,Saif Al Hamrani Street,25.4154412,55.4443754,,,,0,,openstreetmap
Green Palace Restaurant,UAE,Ajman,Saif Al Hamrani Street,25.4150698,55.4456886,,,,0,,openstreetmap
Hot & Fresh Restaurant,UAE,Ajman,Saif Al Hamrani Street,25.4153647,55.4513033,,,,0,,openstreetmap
Mahmood Cafeteria,UAE,Ajman,69 Street,25.417092,55.4505233,,,,0,,openstreetmap
Hanoof Cafeteria,UAE,Ajman,69 Street,25.4184242,55.4504361,,,,0,,openstreetmap
Muhammed Bilal Restaurant,UAE,Ajman,69 Street,25.4185694,55.4504251,,,,0,,openstreetmap
Qaeer Al Khaleej Coffeeshop & Cafeteria,UAE,Ajman,Sheikh Abdullah Bin Humaid Street,25.419214,55.4470753,,,,0,,openstreetmap
Belal Restaurant,UAE,Ajman,Sheikh Abdullah Bin Humaid Street,25.4172691,55.4468783,,,,0,,openstreetmap
Mugavai Restaurant,UAE,Ajman,Saif Al Hamrani Street,25.4149775,55.4477276,,,,0,,openstreetmap
Al Taqwa Restaurant,UAE,Ajman,Saif Al Hamrani Street,25.4153664,55.4488409,,,,0,,openstreetmap
Al Jadeed Resturant,UAE,Ajman,69 Street,25.4185357,55.4507157,,,,0,,openstreetmap
Dosty,UAE,Ajman,116 Street,25.4183937,55.4507798,,,,0,,openstreetmap
الرجاء,UAE,Ajman,شارع الشيخ راشد بن سعيد الكتوم,25.4157467,55.45261,,,,0,,openstreetmap
Abrar,UAE,Ajman,Sheikh Rashid Bin Humaid Al Nuaimi Street,25.4147499,55.4442877,,,,0,,openstreetmap
Al Biet Al Masri,UAE,Ajman,Sheikh Rashid Bin Humaid Al Nuaimi Street,25.416005,55.4436572,,,,0,,openstreetmap
Pure Food,UAE,Ajman,Mohammed Salim Bu Khamis Street,25.4161249,55.443704,,,,0,,openstreetmap
Bakery & Grills,UAE,Ajman,Mohammed Salim Bu Khamis Street,25.4179372,55.4447751,,,,0,,openstreetmap
Tayybah Cafeteria,UAE,Ajman,67 Street,25.4144889,55.4507666,,,,0,,openstreetmap
Al Awtan Roastery,UAE,Ajman,,25.4144816,55.4476179,,,,0,,openstreetmap
Suhaila Cafeteria & Restaurant,UAE,Ajman,Hafiz Ibrahim Street,25.3788554,55.4570573,,,,0,,openstreetmap
Misk of Tea,UAE,Ajman,Mohammed Salim Bu Khamis Street,25.4188266,55.446273,,,,0,,openstreetmap
Noor Al,UAE,Ajman,,25.4202804,55.4497833,,,,0,,openstreetmap
Saif Sham,UAE,Ajman,Al Zaher Street,25.4029517,55.4370054,,,,0,,openstreetmap
Al Mashreq Restaurant,UAE,Ajman,Al Zaher Street,25.4023716,55.4372579,,,,0,,openstreetmap
Mango,UAE,Ajman,45 Street,25.4033709,55.4356897,,,,0,,openstreetmap
Tree Top Restaurant,UAE,Ajman,Al Zaher Street,25.4035371,55.4362819,,,,0,,openstreetmap
Al Fareej Cafeteria,UAE,Ajman,Street 52,25.4081044,55.4338155,,,,0,,openstreetmap
Nazim Restaurant,UAE,Ajman,Omar Bin Al Khattab Street,25.4066655,55.4354494,,,,0,,openstreetmap
Maxim,UAE,Ajman,Al Zaher Street,25.4048053,55.4342419,,,,0,,openstreetmap
Baked Potato,UAE,Ajman,Sheikh Humaid Bin Rashid Al Nuaimi Street,25.4036864,55.4294697,,,,0,,openstreetmap
Qasar Al Raqayb,UAE,Ajman,Sheikh Humaid Bin Rashid Al Nuaimi Street,25.4038713,55.4295819,,,,0,,openstreetmap
Il Pomorodo,UAE,Ajman,26 Street,25.4039885,55.4297491,,,,0,,openstreetmap
Zad,UAE,Ajman,26 Street,25.4039567,55.4298107,,,,0,,openstreetmap
Al Ameera,UAE,Ajman,Street 52,25.4081438,55.434009,,,,0,,openstreetmap
Attibassi Coffee,UAE,Ajman,,25.3908775,55.4656155,,,,0,,openstreetmap
Raqub Al Jebal,UAE,Ajman,,25.3894707,55.4646059,,,,0,,openstreetmap
Big Break Billliard,UAE,Ajman,,25.3895556,55.4646393,,,,0,,openstreetmap
Anaad,UAE,Ajman,Saif Al Hamrani Street,25.4153413,55.4446594,,,,0,,openstreetmap
Thanima,UAE,Ajman,,25.3929833,55.4660544,,,,0,,openstreetmap
Talal Cafeteria,UAE,Ajman,,25.3931172,55.4661132,,,,0,,openstreetmap
House of Tea,UAE,Ajman,,25.3927309,55.4663387,,,,0,,openstreetmap
Class Café,UAE,Ajman,,25.3924207,55.4650531,,,,0,,openstreetmap
Sansero Coffee,UAE,Ajman,,25.3924546,55.4649546,,,,0,,openstreetmap
Loulouaty Cafeteria,UAE,Ajman,26 Street,25.3925357,55.4646681,,,,0,,openstreetmap
Lidya Café,UAE,Ajman,,25.3936804,55.4611337,,,,0,,openstreetmap
Al Tuffah Cafeteria,UAE,Ajman,,25.393734,55.4609792,,,,0,,openstreetmap
Asayel,UAE,Ajman,,25.3922046,55.4598667,,,,0,,openstreetmap
Fast Cafeteria,UAE,Ajman,Al Zaher Street,25.4065515,55.4325189,,,,0,,openstreetmap
Sulaimani,UAE,Ajman,Street 58,25.4056679,55.440054,,,,0,,openstreetmap
Sport Cafe,UAE,Ajman,Street 58,25.40598,55.4396073,,,,0,,openstreetmap
Musheirif,UAE,Ajman,,25.39236,55.459428,,,,0,,openstreetmap
Al Khoukh,UAE,Ajman,,25.3924384,55.459131,,,,0,,openstreetmap
Chalar Patar,UAE,Ajman,,25.3929616,55.4575651,,,,0,,openstreetmap
Qisma,UAE,Ajman,,25.3930414,55.4573221,,,,0,,openstreetmap
Hyfa,UAE,Ajman,,25.39318,55.4568202,,,,0,,openstreetmap
Moon & Star,UAE,Ajman,Ajman Ring Road,25.3849196,55.4424852,,,,0,,openstreetmap
Al Najaf Restaurant,UAE,Ajman,Al Karama Street,25.4091597,55.4366699,,,,0,,openstreetmap
Al Bahar Al Ahmar Cafeteria,UAE,Ajman,Al Karama Street,25.4093371,55.4361358,,,,0,,openstreetmap
Al Nahoora Cafeteria,UAE,Ajman,Sheikh Khalifa Bin Zayed Street,25.3891836,55.4563996,,,,0,,openstreetmap
Galaxy Cafe,UAE,Ajman,Sheikh Khalifa Bin Zayed Street,25.3891088,55.4569342,,,,0,,openstreetmap
Fresh Lebanese,UAE,Ajman,Sheikh Khalifa Bin Zayed Street,25.3890555,55.4572617,,,,0,,openstreetmap
Classiciat Coffeeshop,UAE,Ajman,,25.3925255,55.4600325,,,,0,,openstreetmap
Seeh Al Layali,UAE,Ajman,,25.3921281,55.4598104,,,,0,,openstreetmap
Anwar Al Madeina,UAE,Ajman,,25.3920369,55.459772,,,,0,,openstreetmap
Latino Cofee Shop,UAE,Ajman,Sheikh Khalifa Bin Zayed Street,25.3887321,55.4599598,,,,0,,openstreetmap
Marmom Cafeteria,UAE,Ajman,68 Street,25.4100672,55.4485683,,,,0,,openstreetmap
City Burger,UAE,Ajman,,25.3885312,55.4610666,,,,0,,openstreetmap
Chicken House,UAE,Ajman,,25.3886238,55.4603012,,,,0,,openstreetmap
Fajr Al Sham,UAE,Ajman,,25.3914719,55.4505316,,,,0,,openstreetmap
Barbera,UAE,Ajman,,25.3914598,55.4506552,,,,0,,openstreetmap
Dastar Khan,UAE,Ajman,,25.3959751,55.4508034,,,,0,,openstreetmap
Tasty Tasty,UAE,Ajman,,25.3968583,55.4508968,,,,0,,openstreetmap
Al Nabil,UAE,Ajman,,25.3973887,55.4505906,,,,0,,openstreetmap
Tea Zone,UAE,Ajman,,25.400259,55.4484602,,,,0,,openstreetmap
Al Mamoura Restaurant,UAE,Ajman,Street 58,25.4056303,55.4394971,,,,0,,openstreetmap
Al Meqnas,UAE,Ajman,,25.4004584,55.4483029,,,,0,,openstreetmap
Al Qamar,UAE,Ajman,44 Street,25.4005487,55.4481977,,,,0,,openstreetmap
Golden House Restaurant,UAE,Ajman,,25.4013631,55.4474147,,,,0,,openstreetmap
Hot Food,UAE,Ajman,66 Street,25.4097733,55.4454502,,,,0,,openstreetmap
Bab Al Zouq,UAE,Ajman,,25.4003628,55.4458863,,,,0,,openstreetmap
Al Rahmania,UAE,Ajman,,25.4006972,55.4454868,,,,0,,openstreetmap
Spicy Corner,UAE,Ajman,,25.4011788,55.4454188,,,,0,,openstreetmap
Grillse,UAE,Ajman,,25.3904602,55.4656197,,,,0,,openstreetmap
Biryani Plus,UAE,Ajman,Omar Bin Al Khattab Street,25.4077153,55.436271,,,,0,,openstreetmap
Al Beiruty Restaurant,UAE,Ajman,Omar Bin Al Khattab Street,25.4076811,55.4362469,,,,0,,openstreetmap
Yuva,UAE,Ajman,,25.392436,55.4603881,,,,0,,openstreetmap
Shah Zeb,UAE,Ajman,Mosaab Bin Omair Street,25.3925024,55.4602255,,,,0,,openstreetmap
Falafel Al Meshwar,UAE,Ajman,,25.3931463,55.4583634,,,,0,,openstreetmap
Al Zaeem,UAE,Ajman,,25.3894185,55.4645042,,,,0,,openstreetmap
La Rose,UAE,Ajman,,25.3894078,55.4643879,,,,0,,openstreetmap
كشري و حلواني السيد حنفي,UAE,Ajman,,25.3893981,55.4642695,+971507450388,,,0,,openstreetmap
Al Qasr Al Dimashqi,UAE,Ajman,,25.3893851,55.4641501,+971507067540,,,0,,openstreetmap
Kairali Restaurant,UAE,Ajman,Street 6,25.4083034,55.4406187,,,,0,,openstreetmap
Sonas Roastery,UAE,Ajman,66 Street,25.4099006,55.4443043,,,,0,,openstreetmap
Al Mukhtar,UAE,Ajman,67 Street,25.4131714,55.4507642,,,,0,,openstreetmap
Al Karnack Cafeteria,UAE,Ajman,Street 63,25.4093842,55.4426307,,,,0,,openstreetmap
Mogral Cafe,UAE,Ajman,Othman Bin Affan Street,25.4111421,55.4419432,,,,0,,openstreetmap
Bawbat Al Sharq Cafeteria,UAE,Ajman,Street 46,25.4134772,55.4425907,,,,0,,openstreetmap
2002 Cafeteria,UAE,Ajman,Abu Bakr Al Siddiq Street,25.4148707,55.4422702,,,,0,,openstreetmap
Bait Al Wableema,UAE,Ajman,,25.3894622,55.4596143,,,,0,,openstreetmap
Lavali Aden,UAE,Ajman,,25.3894977,55.4593681,,,,0,,openstreetmap
Little Hut,UAE,Ajman,,25.3905359,55.4521757,,,,0,,openstreetmap
Abu Nawas,UAE,Ajman,Sheikh Khalifa bin Zayed Street,25.3906644,55.4510294,,,,0,,openstreetmap
Al Bustan,UAE,Ajman,Abdullah Bin Humaid Street,25.4071505,55.4476157,,,,0,,openstreetmap
Al Baik,UAE,Ajman,Street 46,25.4135234,55.441897,,,,0,,openstreetmap
India House Restaurant,UAE,Ajman,Sheikh Rashid Bin Humaid Al Nuaimi Street,25.4102714,55.443486,,,,0,,openstreetmap
Al Anaam,UAE,Ajman,,25.4077018,55.4504855,,,,0,,openstreetmap
Osama Sweets & Restaurant,UAE,Ajman,Al Karama Street,25.4070965,55.4421111,,,,0,,openstreetmap
Bombay Udupi,UAE,Ajman,Al Karama Street,25.4070807,55.4420533,,,,0,,openstreetmap
Hazem,UAE,Ajman,,25.4073067,55.4403407,,,,0,,openstreetmap
Savanah Cafeteria,UAE,Ajman,Street 47,25.405862,55.4371119,,,,0,,openstreetmap
Crown Cafeteria,UAE,Ajman,Street 44,25.4041904,55.4366401,,,,0,,openstreetmap
Saleemah Cafeteria,UAE,Ajman,Street 63,25.404048,55.4389776,,,,0,,openstreetmap
Afnan Cafeteria,UAE,Ajman,,25.4071317,55.4452184,,,,0,,openstreetmap
Enas Restaurant,UAE,Ajman,,25.4068215,55.4448732,,,,0,,openstreetmap
Hana'a,UAE,Ajman,,25.4067581,55.4449391,,,,0,,openstreetmap
Meerath Kabab Cafeteria,UAE,Ajman,67 Street,25.408333,55.4504638,,,,0,,openstreetmap
Al Qheitra,UAE,Ajman,Sheikh Khalifa Bin Zayed Street,25.3885094,55.4614675,,,,0,,openstreetmap
Falafel Al Areesh,UAE,Ajman,Sheikh Khalifa Bin Zayed Street,25.3885826,55.464224,,,,0,,openstreetmap
Masala & co.,UAE,Ajman,Sheikh Khalifa Bin Zayed Street,25.3895505,55.4672991,,,,0,,openstreetmap
Casa Cafe,UAE,Ajman,شارع الإتحاد,25.3888372,55.4682185,00971581082544,,,0,,openstreetmap
Zahri Sham,UAE,Ajman,Sheikh Maktoom Bin Rashid Al Maktoom Street,25.3953239,55.4909633,,,,0,,openstreetmap
Africana Home,UAE,Ajman,,25.3906531,55.4680896,,,,0,,openstreetmap
Food Village,UAE,Ajman,Abu Bakr Al Siddiq Street,25.4134305,55.4415095,,,,0,,openstreetmap
Al Shai Al Arabi,UAE,Ajman,Street 52,25.406239,55.4371979,,,,0,,openstreetmap
Al Janadriah Restaurant,UAE,Ajman,,25.4024442,55.4431171,,,,0,,openstreetmap
Eman Cafeteria,UAE,Ajman,Al Quds Street,25.4025557,55.4429901,,,,0,,openstreetmap
Original Tea Center,UAE,Ajman,61 Street,25.4024593,55.4424527,,,,0,,openstreetmap
Al Inayah,UAE,Ajman,55 Street,25.3948031,55.4522006,,,,0,,openstreetmap
Al Souriah Grills,UAE,Ajman,,25.3947284,55.4520794,,,,0,,openstreetmap
Babylone,UAE,Ajman,55 Street,25.3945127,55.4516334,,,,0,,openstreetmap
Maznas,UAE,Ajman,55 Street,25.3940609,55.4509152,,,,0,,openstreetmap
Shamseya,UAE,Ajman,,25.4146139,55.4455084,,,,0,,openstreetmap
Sabeel,UAE,Ajman,,25.4143595,55.4447654,,,,0,,openstreetmap
Madinat Wad Madni,UAE,Ajman,,25.4080658,55.4459691,,,,0,,openstreetmap
Al Madeena CAfeteria,UAE,Ajman,,25.399242,55.4499255,,,,0,,openstreetmap
Nice Barbecue,UAE,Ajman,34 Street,25.3990722,55.4481374,,,,0,,openstreetmap
Mister Broast,UAE,Ajman,,25.3991592,55.4480949,,,,0,,openstreetmap
Al Zaeem Billiardo & Games Hall,UAE,Ajman,19 Street,25.3999961,55.4484298,,,,0,,openstreetmap
Othman,UAE,Ajman,,25.4010973,55.4449704,,,,0,,openstreetmap
Perfect Will Restaurant,UAE,Ajman,,25.4036699,55.4401594,,,,0,,openstreetmap
Cafeteria Najmat Al Bustan,UAE,Ajman,,25.4061205,55.449167,,,,0,,openstreetmap
Al Madar,UAE,Ajman,,25.4062641,55.4492946,,,,0,,openstreetmap
Mohammad Abdul Kashem,UAE,Ajman,100 Street,25.4058603,55.4432785,,,,0,,openstreetmap
Asiana Restaurant,UAE,Ajman,Al Quds Street,25.4037717,55.4420506,,,,0,,openstreetmap
Towers CAfeteria,UAE,Ajman,,25.3982621,55.4484328,,,,0,,openstreetmap
Al Bashayer,UAE,Ajman,67 Street,25.408787,55.450804,,,,0,,openstreetmap
Al Hafouf,UAE,Ajman,67 Street,25.408871,55.450804,,,,0,,openstreetmap
Menha Cafeteria,UAE,Ajman,,25.4037781,55.441627,,,,0,,openstreetmap
Wafi Coffee,UAE,Ajman,Al Quds Street,25.4035872,55.4418873,,,,0,,openstreetmap
Jebri Cafeteria,UAE,Ajman,,25.4053664,55.4434075,,,,0,,openstreetmap
Thara Vad Restaurant,UAE,Ajman,100 Street,25.405938,55.4432689,,,,0,,openstreetmap
Marwa,UAE,Ajman,Sheikh Rashid Bin Abdul Aziz Street,25.39958,55.4504727,,,,0,,openstreetmap
Al Wasal,UAE,Ajman,30 Street,25.3978791,55.4482157,,,,0,,openstreetmap
Gourmet,UAE,Ajman,4 Street,25.3986885,55.4425567,,,,0,,openstreetmap
Royal,UAE,Ajman,,25.398899,55.4423785,,,,0,,openstreetmap
Pappa,UAE,Ajman,,25.3966173,55.4408519,,,,0,,openstreetmap
Nutrition,UAE,Ajman,,25.39659,55.4408429,,,,0,,openstreetmap
Flamingo,UAE,Ajman,,25.395833,55.4407075,,,,0,,openstreetmap
Falafel Al Aqsa,UAE,Ajman,,25.3957123,55.4406794,,,,0,,openstreetmap
Al Farasha,UAE,Ajman,,25.3951714,55.4405433,,,,0,,openstreetmap
Noor Albader Mandj,UAE,Ajman,Abdullah bin Abid Street,25.3935834,55.4391798,,,,0,,openstreetmap
Dollar Restaurant,UAE,Ajman,Sheikh Rashid Bin Abdul Aziz Street,25.4053457,55.4450909,,,,0,,openstreetmap
Zaman Restaurant,UAE,Ajman,Sheikh Rashid Bin Abdul Aziz Street,25.3949664,55.4537577,,,,0,,openstreetmap
Madeemat Al Shat Cafeteria,UAE,Ajman,,25.4034769,55.4461169,,,,0,,openstreetmap
Al Habasha,UAE,Ajman,Omar Bin Al Khattab Street,25.409862,55.4374214,,,,0,,openstreetmap
Bademiya Restaurant,UAE,Ajman,Omar Bin Al Khattab Street,25.410795,55.437912,,,,0,,openstreetmap
Alsada,UAE,Ajman,Sheikh Rashid Bin Abdul Aziz Street,25.4023424,55.4472557,,,,0,,openstreetmap
Mussam Cafeteria,UAE,Ajman,Omar Bin Al Khattab Street,25.4155425,55.4405494,,,,0,,openstreetmap
Abdul Majeed Restaurant,UAE,Ajman,Sa'ad Bin Abi Waqas Street,25.4131141,55.4413808,,,,0,,openstreetmap
Kareem Cafeteria,UAE,Ajman,Sa'ad Bin Abi Waqas Street,25.4131213,55.4412673,,,,0,,openstreetmap
Wafi Furniture,UAE,Ajman,Sheikh Rashid Bin Abdul Aziz Street,25.4002885,55.4493731,,,,0,,openstreetmap
Spring Flower Cafeteria,UAE,Ajman,Abu Bakr Al Siddiq Street,25.4115425,55.4411715,,,,0,,openstreetmap
Aroos Al Shathi,UAE,Ajman,Othman Bin Affan Street,25.4114742,55.4411604,,,,0,,openstreetmap
Al Raha Tea Cafeteria,UAE,Ajman,Othman Bin Affan Street,25.4115068,55.440894,,,,0,,openstreetmap
Al Ghawas,UAE,Ajman,Kuwait Street,25.3867993,55.4537444,,,,0,,openstreetmap
AL Aroos Restaurant,UAE,Ajman,Othman Bin Affan Street,25.4114513,55.4414034,,,,0,,openstreetmap
Delhi Nihari,UAE,Ajman,Kuwait Street,25.3861785,55.4576903,,,,0,,openstreetmap
Al Barsha,UAE,Ajman,,25.3981343,55.4361047,,,,0,,openstreetmap
Al Yasamin,UAE,Ajman,47 Street,25.3951278,55.4356335,,,,0,,openstreetmap
New Dooa,UAE,Ajman,,25.3968264,55.4397326,,,,0,,openstreetmap
Al Ain Fried Chicken,UAE,Ajman,Hafiz Ibrahim Street,25.3799689,55.4587049,,,,0,,openstreetmap
Mkhrazat Al Yamen,UAE,Ajman,Al Zaher Street,25.3997198,55.4412832,,,,0,,openstreetmap
Al Hamamiya,UAE,Ajman,,25.4001681,55.440744,,,,0,,openstreetmap
New Moon Light,UAE,Ajman,80 Street,25.3999042,55.4424929,,,,0,,openstreetmap
Right Way,UAE,Ajman,38 Street,25.397607,55.4336887,,,,0,,openstreetmap
Aroos Al Nile,UAE,Ajman,61 Street,25.4028868,55.4426106,,,,0,,openstreetmap
Shrooq Al Shams,UAE,Ajman,1 Street,25.4036324,55.4406247,,,,0,,openstreetmap
Al Ghaf,UAE,Ajman,5 Street,25.3979401,55.4338488,,,,0,,openstreetmap
India House,UAE,Ajman,Sheikh Rashid Bin Humaid Al Nuaimi Street,25.3988297,55.432518,,,,0,,openstreetmap
Rose,UAE,Ajman,,25.4005563,55.4271859,,,,0,,openstreetmap
Starbucks,UAE,Ajman,,25.4033618,55.4292344,,,,0,,openstreetmap
Feras Sweets,UAE,Ajman,,25.4071143,55.4319025,,,,0,,openstreetmap
King's Grill,UAE,Ajman,,25.4078118,55.4325028,,,,0,,openstreetmap
Green Light,UAE,Ajman,Sheikh Humaid Bin Rashid Al Nuaimi Street,25.4094508,55.433696,,,,0,,openstreetmap
Madeenat Ajman Coffee Shop,UAE,Ajman,Sheikh Humaid Bin Rashid Al Nuaimi Street,25.4093662,55.4336422,,,,0,,openstreetmap
Tea Junction Café,UAE,Ajman,Sheikh Humaid Bin Rashid Al Nuaimi Street,25.4124195,55.4360229,,,,0,,openstreetmap
Nova,UAE,Ajman,,25.4136462,55.4369536,,,,0,,openstreetmap
Vegas,UAE,Ajman,,25.4137854,55.4370771,,,,0,,openstreetmap
تل القمر,UAE,Ajman,,25.4153152,55.4382536,,,,0,,openstreetmap
Al Mahroosa,UAE,Ajman,,25.4154001,55.43836,,,,0,,openstreetmap
Noya Chang,UAE,Ajman,,25.4160457,55.4392083,,,,0,,openstreetmap
Farouj Al Qaswer,UAE,Ajman,,25.416151,55.4392621,,,,0,,openstreetmap
Al Madina,UAE,Ajman,,25.3849212,55.4453282,,,,0,,openstreetmap
Almasaq Alraea,UAE,Ajman,,25.3836926,55.4451714,,,,0,,openstreetmap
Banat Hawa,UAE,Ajman,Ajman Ring Road,25.3925761,55.429628,,,,0,,openstreetmap
Just Chill,UAE,Ajman,Ajman Ring Road,25.3926442,55.4295985,,,,0,,openstreetmap
Shiraz Al SHaebi,UAE,Ajman,Sheikh Khalifa bin Zayed Street,25.3925096,55.4319726,,,,0,,openstreetmap
Joker Cafe,UAE,Ajman,Sheikh Khalifa bin Zayed Street,25.3919415,55.4361134,,,,0,,openstreetmap
Golden Fingers,UAE,Ajman,,25.3840345,55.4475603,,,,0,,openstreetmap
Darwish,UAE,Ajman,Thabit Bin Qais Street,25.3834421,55.447463,,,,0,,openstreetmap
White,UAE,Ajman,College Street,25.3868939,55.4452459,,,,0,,openstreetmap
Al Moshikat,UAE,Ajman,,25.3872263,55.4464689,,,,0,,openstreetmap
Bombay,UAE,Ajman,Sheikh Rashid Bin Abdul Aziz Street,25.3930657,55.4543249,,,,0,,openstreetmap
Monalisa,UAE,Ajman,Sheikh Rashid Bin Humaid Al Nuaimi Street,25.4054616,55.4413165,,,,0,,openstreetmap
Aldhuwa Alasfar Cafeteria,UAE,Ajman,Abad bin Bashar Street,25.3913163,55.4373667,,,,0,,openstreetmap
Tal Al Zaatar Restaurant & Grill,UAE,Ajman,Sheikh Khalifa bin Zayed Street,25.3917771,55.4377334,,,,0,,openstreetmap
Al Ajwad,UAE,Ajman,Sheikh Khalifa bin Zayed Street,25.3915085,55.4393393,,,,0,,openstreetmap
Fresh Chicken King,UAE,Ajman,Sheikh Khalifa bin Zayed Street,25.3915019,55.4393994,,,,0,,openstreetmap
Cafeteria Saaj Al Reef,UAE,Ajman,Sheikh Khalifa bin Zayed Street,25.3914953,55.4394539,,,,0,,openstreetmap
Wadi Hadermoot Restaurant & Al Shaebi Kitchen,UAE,Ajman,Sheikh Khalifa bin Zayed Street,25.3909746,55.4432877,,,,0,,openstreetmap
Karima Cafeteria & Coffee Shop,UAE,Ajman,Sheikh Khalifa bin Zayed Street,25.3909638,55.4434038,,,,0,,openstreetmap
Showarma Wok,UAE,Ajman,Sheikh Khalifa bin Zayed Street,25.3909472,55.4435291,,,,0,,openstreetmap
Digla Cafeteria,UAE,Ajman,Sheikh Khalifa bin Zayed Street,25.3909245,55.4437006,,,,0,,openstreetmap
Al Sindibad,UAE,Ajman,Sheikh Khalifa bin Zayed Street,25.3909126,55.4438127,,,,0,,openstreetmap
Al Mandy House Restaurant,UAE,Ajman,Sheikh Khalifa bin Zayed Street,25.3908792,55.4440712,,,,0,,openstreetmap
White House,UAE,Ajman,Sheikh Rashid Bin Humaid Al Nuaimi Street,25.4060959,55.4420786,,,,0,,openstreetmap
Dunkin' Donuts,UAE,Ajman,Sheikh Rashid Bin Humaid Al Nuaimi Street,25.4064184,55.4423982,,,,0,,openstreetmap
Bombay Zaika,UAE,Ajman,,25.4053261,55.441128,,,,0,,openstreetmap
Dhaba,UAE,Ajman,Shiekh Ammar Bin Hummaid Road,25.4396924,55.5228219,,,,0,,openstreetmap
أستور عجمان ١,UAE,Ajman,,25.3937997,55.4613279,,,,0,,openstreetmap
أستور عجمان المينه,UAE,Ajman,,25.4153433,55.4527496,,,,0,,openstreetmap
Naseeb cafeteria,UAE,Ajman,,25.3736744,55.4746156,,,,0,,openstreetmap
Restaurant,UAE,Ajman,,25.3733465,55.4750724,,,,0,,openstreetmap
Terrace Restaurant,UAE,Ajman,شارع الإتحاد,25.3854856,55.4660727,,,,0,,openstreetmap
Salt ajman,UAE,Ajman,,25.4255103,55.4984142,,,,0,,openstreetmap
Jabal kashmir restaurant,UAE,Ajman,,25.3966569,55.4407436,,,,0,,openstreetmap
Ress cafeteria,UAE,Ajman,,25.3966398,55.4408128,,,,0,,openstreetmap
Ariorotti Restaurant,UAE,Ajman,شارع الإتحاد,25.3769108,55.4606514,+919946656562,https://www.facebook.com/ariorotti,,0,,openstreetmap
Al Safi,UAE,Ajman,,25.3820556,55.4743667,,,,0,,openstreetmap
Jannath cafeteria,UAE,Ajman,,25.3837131,55.4691402,,,,0,,openstreetmap
Themar Al Bahar,UAE,Ajman,,25.3967957,55.4262473,+97167470550,,,0,,openstreetmap
Samia restaurant سامیہ ھوٹل,UAE,Ajman,,25.3806199,55.4721433,,,,0,,openstreetmap
Pak pathan restaurant,UAE,Ajman,,25.3693883,55.4845129,,,,0,,openstreetmap
Texas Chicken,UAE,Ajman,,25.3685575,55.5568919,,,,0,,openstreetmap
Hungry burger,UAE,Ajman,,25.4160517,55.4393245,,,,0,,openstreetmap
Amaan,UAE,Ajman,,25.3906794,55.4609019,,,,0,,openstreetmap
Al Boom,UAE,Ajman,,25.3918409,55.4608173,,,,0,,openstreetmap
Majestic,UAE,Ajman,,25.3902918,55.4619456,,,,0,,openstreetmap
Burger Zoghali,UAE,Ajman,,25.3755873,55.5080202,,,,0,,openstreetmap
Danial,UAE,Ajman,,25.3893171,55.462405,,,,0,,openstreetmap
The Lounge Restaurant&Cafe,UAE,Ajman,شارع الجامعة,25.4169961,55.4930498,,,,0,,openstreetmap
Al Shahi Darbar,UAE,Ajman,,25.3789588,55.4596074,,,,0,,openstreetmap
Snackat Cafe,UAE,Ajman,Sheikh Rashid bin Abdulaziz Street,25.4042417,55.4945332,,,,0,,openstreetmap
New Pak Ghazi,UAE,Ajman,,25.4049703,55.4453554,,,,0,,openstreetmap
Al Wahda Traditional Kitchen,UAE,Ajman,,25.370944,55.487036,,,,0,,openstreetmap
Skazka Al Saha,UAE,Ajman,,25.4063239,55.4322709,,,,0,,openstreetmap
بيت المذاق اليمني مطعم,UAE,Ajman,شارع الحميدية,25.3973621,55.5228316,00971561087123,,,0,,openstreetmap
Ybala Wrq Enab Cafeteria,UAE,Ajman,,25.393815,55.508074,,,,0,,openstreetmap
Beewaz,UAE,Ajman,,25.397494,55.508343,,,,0,,openstreetmap
Domino's,UAE,Ajman,,25.4293045,55.5033524,,,,0,,openstreetmap
Rawdha Al Sham,UAE,Ajman,,25.4016101,55.5029979,+971559906383,,,0,,openstreetmap
Papa John's,UAE,Ajman,,25.3931484,55.4823475,,,,0,,openstreetmap
Real Karak,UAE,Ajman,Ammar bin Humeid st,25.388282,55.505413,0568884181,https://realkarak.cafe/,,0,,openstreetmap
Khozamma Al kabab Al shaken Rest & Grill,UAE,Ajman,"Emirates City, Lavender Tower",25.3901791,55.5718193,,,,0,,openstreetmap
Live Tea Park,UAE,Ajman,Al Aamra Street,25.3907333,55.5717412,,,,0,,openstreetmap
Mughlai Junction,UAE,Ajman,Al Aamra Street,25.3909002,55.5717299,,,,0,,openstreetmap
Al Forno,UAE,Ajman,Al Aamra Street,25.390991,55.5717752,,,,0,,openstreetmap
Just Burger,UAE,Ajman,,25.3785637,55.5080688,,,,0,,openstreetmap
Fan billiard and games,UAE,Ajman,شارع 77,25.4041615,55.495612,+971544222133,,,0,,openstreetmap
TALAL,UAE,Ajman,,25.3867364,55.4585761,,,,0,,openstreetmap
AL RUMMAN CAFETERIA,UAE,Ajman,,25.3882014,55.459567,,,,0,,openstreetmap
Hamdan Cafeteria and REstaurant,UAE,Ajman,Hafiz Ibrahim Street,25.3840698,55.461962,+971563011066,https://online.fliphtml5.com/njnfo/fhfx/#p=1,,0,,openstreetmap
مطعم الحريف للمندي والمأكولات الشعبية,UAE,Ajman,,25.3929637,55.454397,0509912393,,,0,,openstreetmap
مقهى الخور,UAE,Ajman,,25.3953882,55.4586706,,,,0,,openstreetmap
مطعم حبايب السيدة,UAE,Ajman,,25.4081794,55.4369406,+9710562116958+9710562101170,,,0,,openstreetmap
The Address Moroccan,UAE,Ajman,Sheikh Mohammed Bin Rashid Al Maktoum road,25.4278616,55.4639987,,,,0,,openstreetmap
Pub 61 Restaurant and Cafe,UAE,Ajman,Sheikh Mohammed Bin Rashid Al Maktoum road,25.4281853,55.4647212,,,,0,,openstreetmap
Teatro,UAE,Ajman,,25.4289522,55.4654918,,,,0,,openstreetmap
Zero One,UAE,Ajman,,25.4293249,55.4642783,,https://zero1.ae,,0,,openstreetmap
The View,UAE,Ajman,Sheikh Mohammed Bin Rashid Al Maktoum road,25.4284257,55.4654771,,,,0,,openstreetmap
Saj Express,UAE,Ajman,,25.4292239,55.4664547,,,,0,,openstreetmap
Gerard Cafe,UAE,Ajman,,25.4040441,55.5528564,,,,0,,openstreetmap
Gazebo,UAE,Ajman,,25.4006304,55.479039,,https://www.gazebo.ae,,0,,openstreetmap
Emirates Sea Restaurant,UAE,Ajman,شارع الشيخ مكتوم بن راشد آل مكتوم,25.3966278,55.4978281,,,,0,,openstreetmap
Cinnabon,UAE,Ajman,,25.3986748,55.4777216,,,,0,,openstreetmap
Panda Express,UAE,Ajman,,25.3989123,55.4774763,,,,0,,openstreetmap
Jollibee,UAE,Ajman,,25.3991285,55.4777376,,,,0,,openstreetmap
Popeyes,UAE,Ajman,,25.3990773,55.4778667,,,,0,,openstreetmap
دانكن دونتس,UAE,Ajman,,25.399611,55.4782708,,,,0,,openstreetmap
ستاربكس,UAE,Ajman,,25.3996741,55.4783036,,,,0,,openstreetmap
تيم هورتونز,UAE,Ajman,,25.3999342,55.4790206,,,,0,,openstreetmap
ورق وقدر,UAE,Ajman,,25.4101485,55.5886432,+971566034605,,,0,,openstreetmap
Holiday Beach Club,UAE,Ajman,,25.4022133,55.4275203,,,,0,,openstreetmap
Al Marsa,UAE,Ajman,,25.41408,55.4993422,,,,0,,openstreetmap
Marina,UAE,Ajman,,25.4205684,55.4408909,,,,0,,openstreetmap
Mabrook Popular Kitchen & Restaurant,UAE,Ajman,Sheikh Ammar Street,25.3924574,55.5057635,,,,0,,openstreetmap
Al Falah,UAE,Ajman,Sheikh Ammar Street,25.3923218,55.5057769,,,,0,,openstreetmap
Al Madina Kitchen & Restaurant,UAE,Ajman,Shaik Ammar Bin Hummaid Street,25.3965335,55.5046473,,,,0,,openstreetmap
Jdoodna,UAE,Ajman,,25.4016983,55.4830459,,,,0,,openstreetmap
Al Ameen,UAE,Ajman,Sheikh Rashid Bin Humaid Al Nuaimi Street,25.3958472,55.4292317,,,,0,,openstreetmap
Al Mamzar Cafeteria,UAE,Ajman,Sheikh Humaid Bin Rashid Al Nuaimi Street,25.3994639,55.4262605,,,,0,,openstreetmap
الدهيشة,UAE,Ajman,شارع الشيخ راشد بن سعيد الكتوم,25.4149479,55.4523659,,,,0,,openstreetmap
Mabrook Popular Kitchen,UAE,Ajman,Hafiz Ibrahim Street,25.3803125,55.4583282,,,,0,,openstreetmap
Al Barq,UAE,Ajman,Al Zaher Street,25.4036326,55.4362447,,,,0,,openstreetmap
Dar Hadramoot Restaurant & Kitchen,UAE,Ajman,Al Zaher Street,25.403331,55.436806,,,,0,,openstreetmap
Alghawas Restaurant & Kitchen,UAE,Ajman,Ajman Ring Road,25.3776615,55.4551624,,,,0,,openstreetmap
Shooters Club,UAE,Ajman,,25.394878,55.455927,,,,0,,openstreetmap
Afghan Khorasan Kabab,UAE,Ajman,Sheikh Khalifa Bin Zayed Street,25.3891133,55.4564906,,,,0,,openstreetmap
Deira Punjab,UAE,Ajman,100 Street,25.4057179,55.4434332,,,,0,,openstreetmap
Lebanon House,UAE,Ajman,Sheikh Rashid bin Saeed Al Maktoum Street,25.4007,55.452557,,,,0,,openstreetmap
Al Hamria Traditional Kitchen & Restaurant,UAE,Ajman,Sheikh Rashid bin Saeed Al Maktoom Street,25.4005616,55.4525574,,,,0,,openstreetmap
Amanos,UAE,Ajman,Omar Bin Al Khattab Street,25.4147931,55.4395713,,,,0,,openstreetmap
Hafit,UAE,Ajman,,25.3961494,55.4357976,,,,0,,openstreetmap
لنقو ماري,UAE,Ajman,,25.4152265,55.4386827,,,,0,,openstreetmap
Loaloat Al Bahar,UAE,Ajman,,25.4118093,55.4357372,,,,0,,openstreetmap
Al Mamzar,UAE,Ajman,College Street,25.3863359,55.4450379,,,,0,,openstreetmap
Burr Al Emarat,UAE,Ajman,,25.4017896,55.5026603,,,,0,,openstreetmap
al bait al malaki mandi restaurant,UAE,Ajman,شارع الكويت,25.3874421,55.4592304,,,,0,,openstreetmap
Zanzibar,UAE,Ajman,,25.4226521,55.441515,,,,0,,openstreetmap
Al Jabeeb Restaurant,UAE,Al Ain,,24.6580578,55.6919345,,,,0,,openstreetmap
Al Anood Cafeteria,UAE,Al Ain,,24.5169349,55.5072727,,,,0,,openstreetmap
Al Sahra,UAE,Al Ain,,24.1067773,55.7413646,,,,0,,openstreetmap
Al Khayma,UAE,Al Ain,,24.0780506,55.76744,,,,0,,openstreetmap
Lawrence's,UAE,Al Ain,,24.0777299,55.7681991,,,,0,,openstreetmap
Le Belvedere,UAE,Al Ain,,24.0780311,55.7682822,,,,0,,openstreetmap
Famous Cafeteria,UAE,Al Ain,,24.1984537,55.6621198,,,,0,,openstreetmap
Golden Sheep,UAE,Al Ain,,24.2253325,55.7591393,+97137642126,https://www.ameinfo.com/db-966490.html,,0,,openstreetmap
ماكدونالدز,UAE,Al Ain,,24.2256138,55.7620402,,,,0,,openstreetmap
Pizza Hut,UAE,Al Ain,,24.225913,55.7644887,,,,0,,openstreetmap
Pentagon Restaurant,UAE,Al Ain,,24.0585547,55.7787512,,,,0,,openstreetmap
Asphalt Cafe,UAE,Al Ain,,24.0585126,55.7787109,,,,0,,openstreetmap
Burger King,UAE,Al Ain,,24.2503902,55.7539845,,https://www.bkuae.com/,,0,,openstreetmap
Pizza Felice,UAE,Al Ain,,24.2067229,55.7338942,,,,0,,openstreetmap
دجاج كنتاكي,UAE,Al Ain,,24.2324581,55.7733459,,,,0,,openstreetmap
Rendez-vous,UAE,Al Ain,,24.2687231,55.7449162,,,,0,,openstreetmap
Al Taawon,UAE,Al Ain,Zayed Bin Sultan Street,24.2183243,55.7752443,,,,0,,openstreetmap
Farooj Fresh,UAE,Al Ain,,24.2448953,55.7530348,,,,0,,openstreetmap
Mansoor Caffe,UAE,Al Ain,,24.2252877,55.7635111,,,,0,,openstreetmap
101,UAE,Al Ain,,24.200783,55.6660947,,,,0,,openstreetmap
Al Fanar,UAE,Al Ain,,24.2355485,55.7230979,,,,0,,openstreetmap
Al ain sanayya restaurant,UAE,Al Ain,,24.1988225,55.7585761,,,,0,,openstreetmap
Sadik munshi,UAE,Al Ain,Mohammed Bin Khalifa St.,24.2357807,55.7508387,0552425800,,,0,,openstreetmap
MAX'S RESTAURANT,UAE,Al Ain,,24.2217137,55.7621388,,,,0,,openstreetmap
Rugby Club Restaurant,UAE,Al Ain,,24.173941,55.655716,,,,0,,openstreetmap
101 Restaurant,UAE,Al Ain,,24.201066,55.665891,037804804,,,0,,openstreetmap
Al Mallah Reataurant,UAE,Al Ain,,24.2236523,55.7476213,,,,0,,openstreetmap
Silver Bucket Plus,UAE,Al Ain,,24.2208834,55.7613378,,,,0,,openstreetmap
Burger and More,UAE,Al Ain,,24.2662482,55.7716752,,,,0,,openstreetmap
Subway,UAE,Al Ain,,24.2253439,55.7578682,,,,0,,openstreetmap
جست برجر,UAE,Al Ain,,24.1503232,55.6973582,,,,0,,openstreetmap
جبل القدس,UAE,Al Ain,,24.2418529,55.7459298,,,,0,,openstreetmap
History Restaurant,UAE,Al Ain,,24.2477877,55.7321607,,,,0,,openstreetmap
الصقر الذهبي,UAE,Al Ain,,24.1856335,55.7535357,,,,0,,openstreetmap
هرفي,UAE,Al Ain,,24.2268777,55.7387167,,,,0,,openstreetmap
كافتيريا راشد علي,UAE,Al Ain,,24.2261521,55.738605,,,,0,,openstreetmap
Krispy Kreme,UAE,Al Ain,,24.106614,55.7507224,,,,0,,openstreetmap
Hardee's,UAE,Al Ain,,24.1064656,55.7507856,,,,0,,openstreetmap
SFC plus,UAE,Al Ain,,24.6975387,55.630854,,,,0,,openstreetmap
SFC Southern Fried Chicken,UAE,Al Ain,,24.179237,55.1806166,,,,0,,openstreetmap
Al Haramin,UAE,Al Ain,,24.1798709,55.0451573,,,,0,,openstreetmap
La Brioche,UAE,Al Ain,,24.2342167,55.7199786,,,,0,,openstreetmap
Walaem Al Khaleej Restaurant,UAE,Al Ain,,24.2251057,55.7416224,,,,0,,openstreetmap
Queen of Sheba,UAE,Al Ain,Al Barjas Street,24.2251173,55.741407,,,,0,,openstreetmap
Al Bait Al Shami Restaurant,UAE,Al Ain,,24.2276656,55.7374069,,,,0,,openstreetmap
Sahha Wa Hana,UAE,Al Ain,,24.2276335,55.7377044,,,,0,,openstreetmap
Super Restaurant,UAE,Al Ain,,24.2243464,55.7652382,,,,0,,openstreetmap
Myohyang Restaurant,UAE,Al Ain,,24.2240477,55.7688557,,,,0,,openstreetmap
Food World,UAE,Al Ain,,24.2214586,55.7643916,,,,0,,openstreetmap
Al Sultan,UAE,Al Ain,,24.2254582,55.757773,,,,0,,openstreetmap
Al Sumac,UAE,Al Ain,,24.2270551,55.7578593,,,,0,,openstreetmap
Poppen Restaurant,UAE,Al Ain,,24.2265694,55.7646999,,,,0,,openstreetmap
Burger Stop,UAE,Al Ain,,24.22441,55.7586401,,,,0,,openstreetmap
Lebanese Roaster,UAE,Al Ain,,24.2239849,55.7652618,,,,0,,openstreetmap
Al Barjeel Restaurant,UAE,Al Ain,,24.2245823,55.7666647,,,,0,,openstreetmap
Classic Coffee Shop,UAE,Al Ain,,24.2246049,55.766748,,,,0,,openstreetmap
Redstar Bistro,UAE,Al Ain,,24.2246366,55.7668763,,,,0,,openstreetmap
Aleddin Restaurant,UAE,Al Ain,,24.219737,55.7767319,,,,0,,openstreetmap
Golden Fork,UAE,Al Ain,8th Street,24.2206915,55.7778567,,,,0,,openstreetmap
Restaurant 2000,UAE,Al Ain,,24.221916,55.7719148,,,,0,,openstreetmap
Al Ain Khadra Restaurant,UAE,Al Ain,,24.2175318,55.7766775,,,,0,,openstreetmap
Ahlan Wa Marhaba,UAE,Al Ain,,24.2203495,55.7773214,,,,0,,openstreetmap
Happy Bread Restaurant,UAE,Al Ain,7th Street,24.1532329,55.812293,,,,0,,openstreetmap
Golden Chicken,UAE,Al Ain,,24.0788445,55.8342276,,,,0,,openstreetmap
Fresh Meal Cafeteria,UAE,Al Ain,,24.0790539,55.834177,,,,0,,openstreetmap
Wahat Al Dhaher,UAE,Al Ain,,24.079282,55.8341214,,,,0,,openstreetmap
Al Shabhat Street,UAE,Al Ain,,24.1977494,55.7980522,,,,0,,openstreetmap
Baniyas Cafeteria,UAE,Al Ain,,24.1975023,55.7972518,,,,0,,openstreetmap
Lulu Al Bahar Restaurant,UAE,Al Ain,,24.197569,55.796982,,,,0,,openstreetmap
Salama Restaurant,UAE,Al Ain,,24.33882,55.8042869,,,,0,,openstreetmap
Sultan Al Dhaheri Restaurant,UAE,Al Ain,,24.2655063,55.7681918,,,,0,,openstreetmap
Al Remaila Al Shaabi,UAE,Al Ain,,24.2664802,55.7681755,,,,0,,openstreetmap
Al Jeel Cafeteria,UAE,Al Ain,,24.1585965,55.7032454,,,,0,,openstreetmap
Angler Force,UAE,Al Ain,,24.2672783,55.7684867,,,,0,,openstreetmap
Alwatani Cafe,UAE,Al Ain,,24.267291,55.7681964,,,,0,,openstreetmap
Daral Sham,UAE,Al Ain,,24.2674646,55.767314,,,,0,,openstreetmap
Mechanic Burger,UAE,Al Ain,,24.2677864,55.7673093,,,,0,,openstreetmap
Wadi Haidrabad Restaurant,UAE,Al Ain,,24.2679388,55.7701123,,,,0,,openstreetmap
Fresh Philly Restaurant,UAE,Al Ain,,24.2658323,55.7704711,,,,0,,openstreetmap
The Stuffed Burger,UAE,Al Ain,,24.2664686,55.7677237,,,,0,,openstreetmap
Uturn Burger,UAE,Al Ain,,24.1138163,55.7144905,,,,0,,openstreetmap
Multi Meals,UAE,Al Ain,شارع سالم بن عديمة النعيمي,24.1126066,55.7039482,,,,0,,openstreetmap
Al Sedra Cafeteria,UAE,Al Ain,,24.1453307,55.710968,,,,0,,openstreetmap
Rocket Burger,UAE,Al Ain,,24.1374608,55.7073229,,,,0,,openstreetmap
Al Busan Cafeteria,UAE,Al Ain,,24.1560056,55.6992798,,,,0,,openstreetmap
Hot & Cold Cafeteria,UAE,Al Ain,,24.212283,55.7468924,,,,0,,openstreetmap
Orange Tree Cafeteria,UAE,Al Ain,,24.21266,55.7531806,,,,0,,openstreetmap
Jassim Cafeteria,UAE,Al Ain,,24.2126621,55.7532471,,,,0,,openstreetmap
Shate Al Raha Cafeteria,UAE,Al Ain,Hazza Bin Sultan Street,24.0594954,55.7252477,,,,0,,openstreetmap
Al Khaf Cafeteria,UAE,Al Ain,,24.2182337,55.6839582,,,,0,,openstreetmap
Al Rawabi Cafeteria,UAE,Al Ain,Al Nahlah Street,24.2136315,55.719442,,,,0,,openstreetmap
Chicken Run,UAE,Al Ain,,24.2615187,55.7007833,,,,0,,openstreetmap
Cafeteria,UAE,Al Ain,,24.2891141,55.7765698,,,,0,,openstreetmap
Adnoc Oasis,UAE,Al Ain,,24.2869384,55.7690637,,,,0,,openstreetmap
Jaafar Restaurant,UAE,Al Ain,,24.1851316,55.6283989,,,,0,,openstreetmap
Mashakeek,UAE,Al Ain,,24.1839611,55.6290567,,,,0,,openstreetmap
Chicken Hut,UAE,Al Ain,,24.1918351,55.6364307,,,,0,,openstreetmap
Al Habara Cafeteria,UAE,Al Ain,,24.2593817,55.7183351,,,,0,,openstreetmap
Al Ajwa,UAE,Al Ain,,24.2042781,55.5932789,,,,0,,openstreetmap
Mini Sandwich,UAE,Al Ain,,24.2460939,55.7205004,,,,0,,openstreetmap
Tea Cafeteria,UAE,Al Ain,,24.2459931,55.7204987,,,,0,,openstreetmap
ستاربكس,UAE,Al Ain,,24.2185807,55.6416925,,,,0,,openstreetmap
Starbucks,UAE,Al Ain,,24.2435151,55.7170022,,,,0,,openstreetmap
مطعم كراست بيتزا و أكثر,UAE,Al Ain,شارع البلدية,24.2276935,55.7390566,+97137555445,,,0,,openstreetmap
Al Yahar Restaurant,UAE,Al Ain,,24.2155895,55.7570707,,,,0,,openstreetmap
كافتيريا صهيب,UAE,Al Ain,,24.2670228,55.7309765,037622430,,,0,,openstreetmap
Zarafa,UAE,Al Ain,,24.1786548,55.7406559,,,,0,,openstreetmap
Al Hara Al Shamiya,UAE,Al Ain,,24.2248221,55.7588366,,,,0,,openstreetmap
فتك برجر,UAE,Al Ain,,24.1768888,55.7666182,,,,0,,openstreetmap
برجر ستوب,UAE,Al Ain,,24.1919166,55.7604497,,,,0,,openstreetmap
Picasso,UAE,Al Ain,,24.0301509,55.8448778,,,,0,,openstreetmap
مطعم حراكه,UAE,Al Ain,,24.3100227,55.7588434,,,,0,,openstreetmap
مطعم عبدو,UAE,Al Ain,,24.3606574,55.7304589,,,,0,,openstreetmap
مطعم الزرافة,UAE,Al Ain,,24.1785652,55.7405842,,,,0,,openstreetmap
% Arabica,UAE,Al Ain,,24.274489,55.778967,,,,0,,openstreetmap
McDonald's,UAE,Al Ain,,24.1107805,55.7006701,,,,0,,openstreetmap
مطعم الدار,UAE,Al Ain,,24.2344884,55.7507783,+97137630222,https://aldarrestaurants.com/,,0,,openstreetmap
Fresh and Tasty,UAE,Al Ain,,24.2048657,55.7935855,,,,0,,openstreetmap
Fog Cafe,UAE,Al Ain,شارع خليفة بن زايد,24.1984837,55.661951,+97137644213,,,0,,openstreetmap
TEN 11 Coffee Boutique,UAE,Al Ain,,24.2483217,55.7256927,600533339,https://www.linkedin.com/company/ten11-coffee-boutique,,0,,openstreetmap
IL Forno,UAE,Al Ain,,24.2046085,55.7620903,,,,0,,openstreetmap
Pearl of the Mountain,UAE,Al Ain,,24.0837129,55.7640363,,,,0,,openstreetmap
Wild Wok Noodle Bar,UAE,Al Ain,Al Ain Town Square,24.2244719,55.7673341,,https://www.instagram.com/wildwoknoodlebar,,0,,openstreetmap
Top Shawarma & Juice,UAE,Al Ain,,24.2243824,55.5528483,+971526666069+97137333887,,,0,,openstreetmap
Aura Restaurant,UAE,Al Ain,شارع نهيان الأول,24.1792802,55.7362716,+971506300142,https://www.instagram.com/aura.food/,,0,,openstreetmap
Shi Brata cafeteria,UAE,Al Ain,Al Dajeej st,24.1646336,55.6744951,0585739360,,,0,,openstreetmap
كافتيريا شي براتا الخالدية العين,UAE,Al Ain,Al Dajeej st,24.1646592,55.6745674,0585739360,,,0,,openstreetmap
L’eto,UAE,Al Ain,,24.220886,55.781676,,,,0,,openstreetmap
Just Burger,UAE,Al Ain,,24.1504811,55.6972879,,,,0,,openstreetmap
Just Fresh,UAE,Al Ain,,24.2247565,55.729496,,,,0,,openstreetmap
Ethr - Al Ain Oasis,UAE,Al Ain,,24.2167634,55.7668039,,https://www.ethr.ae/,,0,,openstreetmap
Sforno Pizzeria,UAE,Al Ain,,24.2114055,55.6940263,,,,0,,openstreetmap
House of Tea,UAE,Al Ain,,24.697366,55.631297,,,,0,,openstreetmap
E92rest,UAE,Al Ain,15\First place,23.6406331,55.5580635,+971567568432,https://e92rest.business.site/,,0,,openstreetmap
Emirates bio farm restaurant,UAE,Al Ain,,24.6836345,55.7418618,,,,0,,openstreetmap
Al Tamani,UAE,Al Ain,,24.2236858,55.7814776,,,,0,,openstreetmap
Ya Lail Ya Ain,UAE,Al Ain,,24.2438717,55.7263822,,,,0,,openstreetmap
Chili's,UAE,Al Ain,,24.2438549,55.7268346,,,,0,,openstreetmap
تيم هورتونز,UAE,Al Ain,,24.2437827,55.7263059,,,,0,,openstreetmap
Table Otto,UAE,Al Ain,,24.2464925,55.7266987,+97137662386,https://tableotto.ae,,0,,openstreetmap
Gazebo,UAE,Al Ain,,24.2448185,55.725387,,,,0,,openstreetmap
CUPAGAHWA,UAE,Al Ain,,24.2471448,55.7265753,+97137623331,https://www.cupagahwa.com,,0,,openstreetmap
MADO,UAE,Al Ain,,24.2467978,55.7269703,,https://www.mado.abudhabi,,0,,openstreetmap
Solidaire,UAE,Al Ain,,24.2468017,55.7267695,+97137650600,https://thesolidaire.com,,0,,openstreetmap
Evan Bakery,UAE,Al Ain,,24.2445661,55.728073,+97137214721,,,0,,openstreetmap
Lavazza,UAE,Al Ain,,24.0837571,55.7640288,,,,0,,openstreetmap
Aet Alkul,UAE,Al Ain,,24.2217223,55.7722331,+971569608291,,,0,,openstreetmap
Sea shell,UAE,Al Ain,,24.2215919,55.7781444,,,,0,,openstreetmap
Gaya cafe,UAE,Al Ain,,24.2215765,55.778209,,,,0,,openstreetmap
Just Silver,UAE,Al Ain,,24.1988029,55.8532577,,,,0,,openstreetmap
Black Coin Specialty Coffee,UAE,Al Ain,,24.1999148,55.3320086,,,,0,,openstreetmap
The Grove,UAE,Al Ain,,24.23563,55.7201792,037211336,,,0,,openstreetmap
Broccoli Pizza & Pasta,UAE,Al Ain,,24.2251905,55.76398,,,,0,,openstreetmap
Emirates Sea Restaurant,UAE,Al Ain,,24.2015644,55.746958,037337304,,,0,,openstreetmap
Le Pré,UAE,Al Ain,شارع عبدالله بن هلال الكويتي,24.2398355,55.7186515,0502166624,https://app.qlub.io/qr/ae/le-pre-cafe-al-khibeesi/8/1/_/737b25dc45?lang=en,,0,,openstreetmap
Manzil Lounge,UAE,Al Ain,شارع عبدالله بن هلال الكويتي,24.2396743,55.7186474,0568544445,https://manzil.rest/,,0,,openstreetmap
RUKN,UAE,Al Ain,شارع عبدالله بن هلال الكويتي,24.2394059,55.7185616,0526317939,https://houseofrukn.com/,,0,,openstreetmap
Janov.,UAE,Al Ain,شارع القَطَا,24.2419917,55.7163302,037366302,,,0,,openstreetmap
Link Lounge Cafe,UAE,Al Ain,شارع عبدالله بن هلال الكويتي,24.2411557,55.7186973,0543333174,https://linkloungecafe.com/,,0,,openstreetmap
CASA TRÉ,UAE,Al Ain,شارع القَطَا,24.2418605,55.718193,037851865,,,0,,openstreetmap
RESET Indian Restaurant,UAE,Al Ain,شارع عبدالله بن هلال الكويتي,24.2405324,55.7186808,0544884817,https://drive.google.com/file/d/1g36OK3JBCiAR4dMlLj5oow9f54OyQ3Dt/view?usp=sharing,,0,,openstreetmap
Crazy Mood Restaurant,UAE,Al Ain,شارع عبدالله بن هلال الكويتي,24.2404383,55.7186807,0553568230,,,0,,openstreetmap
District Cafe,UAE,Al Ain,شارع القَطَا,24.2420319,55.7147303,0502042251,https://linktr.ee/districtcafe.ae,,0,,openstreetmap
FORM ROASTERY,UAE,Al Ain,شارع القَطَا,24.2420431,55.7144202,037626133,https://instagram.com/formroastery?igshid=YmMyMTA2M2Y=,,0,,openstreetmap
Como lounge,UAE,Al Ain,شارع القَطَا,24.2420892,55.7127154,0502299293,https://app.qlub.io/qr/ae/como-lounge-demo/Menu/_/_/ec7fad97eb?lang=en,,0,,openstreetmap
Layali Al Salhya Grills,UAE,Al Ain,شارع التاجر,24.2576141,55.7393666,0501104050,https://digitalmenu.applova.io/webstore/BIZ_34694c1l879/menu,,0,,openstreetmap
Rawathi Cafeteria,UAE,Al Ain,,24.0924889,55.9031513,,,,0,,openstreetmap
Face Food,UAE,Al Ain,,24.2653045,55.7688542,,,,0,,openstreetmap
Al Ali Restaurant,UAE,Al Ain,,24.1241614,55.7133905,,,,0,,openstreetmap
Darbok Khadar Cafiteria,UAE,Al Ain,,24.1751504,55.7199186,,,,0,,openstreetmap
Sahil Al Karak,UAE,Al Ain,,24.1443158,55.6501782,,,,0,,openstreetmap
Baith Al Habari Cafeteria,UAE,Al Ain,,24.2214037,55.6551895,,,,0,,openstreetmap
دانكن دونتس,UAE,Al Ain,,24.2459711,55.7274084,,,,0,,openstreetmap
Caffe Afi,UAE,Al Ain,,24.2460268,55.726182,+97137550050,https://www.caffeafi.com,,0,,openstreetmap
Alareesh,UAE,Al Ain,شارع الكُوَيت,24.2248894,55.762076,,,,0,,openstreetmap
Al Diwan,UAE,Al Ain,شارع خليفة بن زايد,24.224767,55.7612337,,,,0,,openstreetmap
X Cafe,UAE,Al Ain,,24.2424409,55.7252619,,https://www.xcafe.ae,,0,,openstreetmap
Corto Cafe and Bakery,UAE,Al Ain,,24.2274642,55.7522624,+97137847838,,,0,,openstreetmap
KAFAY COSY,UAE,Al Ain,شارع بَيروت,24.2248312,55.7615555,,,,0,,openstreetmap
CÉ LA VI,UAE,Dubai,,25.202026,55.270675499999996,,,4.5,0,,google_places
Bombay Borough,UAE,Dubai,,25.2139289,55.2823472,,,4.8,0,,google_places
FRNDS Restaurant,UAE,Dubai,,25.195727500000004,55.2827555,,,4.7,0,,google_places
MamaBella Ristorante - Best Italian Restaurant in Dubai,UAE,Dubai,,25.200493500000004,55.276741699999995,,,4.7,0,,google_places
"Carnival by Trèsind Restaurant & Bar | DIFC, Dubai",UAE,Dubai,,25.2116863,55.28187,,,4.6,0,,google_places
The Banc Dubai - Restaurant & Bar,UAE,Dubai,,25.182564799999998,55.274151599999996,,,5.0,0,,google_places
Girl & the Goose - Restaurante Centroamericano,UAE,Dubai,,25.186139999999998,55.2637638,,,5.0,0,,google_places
The Guild,UAE,Dubai,,25.2118394,55.2803258,,,4.7,0,,google_places
Soul Kitchen Dubai,UAE,Dubai,,25.186210199999998,55.267378400000005,,,4.6,0,,google_places
Askim Restaurant and Cafe (مطعم ومقهى أشكم),UAE,Dubai,,25.1932822,55.269234999999995,,,4.8,0,,google_places
Amaya Best Shisha In Dubai,UAE,Dubai,,25.1950626,55.2790888,,,4.9,0,,google_places
NAZCAA,UAE,Dubai,,25.1946032,55.282735499999994,,,4.7,0,,google_places
مطعم سرجون دبي Sargon Restaurant Dubai,UAE,Dubai,,25.1927944,55.2793593,,,4.5,0,,google_places
Maison De Curry | Restaurant with the best views of Burj Khalifa & Dubai Fountains,UAE,Dubai,,25.195038399999998,55.2761253,,,4.8,0,,google_places
KATA Dubai Mall,UAE,Dubai,,25.196687299999997,55.2758768,,,4.7,0,,google_places
Urla Restaurant & Lounge,UAE,Dubai,,25.1948808,55.278023499999996,,,4.6,0,,"google_places, openstreetmap"
Fujiya Downtown - Authentic Japanese Restaurant Dubai,UAE,Dubai,,25.203021699999997,55.2769584,,,4.7,0,,google_places
Parker's,UAE,Dubai,,25.1958332,55.277654,,,4.7,0,,google_places
CAVO Restaurant Dubai,UAE,Dubai,شارع الأصايل,25.187681299999998,55.2812729,00971556005469,,4.8,0,,"google_places, openstreetmap"
24th St. World Street Food Dubai,UAE,Dubai,,25.2061,55.2729,,,4.8,0,,google_places
Afghan Kabab House,UAE,Dubai,,25.2711221,55.3043239,,,,0,,openstreetmap
Bayt Al Baghdadi,UAE,Dubai,,25.2740932,55.3214883,,,,0,,openstreetmap
Jebel Ali Club,UAE,Dubai,,25.0347754,55.1182132,,,,0,,openstreetmap
Pizza Hut,UAE,Dubai,,25.2279968,55.3834655,,,,0,,openstreetmap
Cafe Bateel,UAE,Dubai,,25.0843496,55.1481164,,,,0,,openstreetmap
Cityport Cafe,UAE,Dubai,,25.084448,55.144784,,,,0,,openstreetmap
McDonald's,UAE,Dubai,,24.9409505,55.0418996,,,,0,,openstreetmap
Margaux,UAE,Dubai,,25.194741,55.2760063,,,,0,,openstreetmap
The Meat Co.,UAE,Dubai,,25.1944225,55.2761711,,,,0,,openstreetmap
Al Saeei,UAE,Dubai,,24.7947318,56.1228553,,,,0,,openstreetmap
Burger King,UAE,Dubai,,25.1670915,55.2363085,,,,0,,openstreetmap
Golden Sands,UAE,Dubai,,25.2569145,55.2991442,,,,0,,openstreetmap
Kumarakam,UAE,Dubai,,25.2568485,55.2989319,,,,0,,openstreetmap
مطبخ الهنوف الشعبي,UAE,Dubai,,25.1347168,55.2358737,,,,0,,openstreetmap
Adukkala restaurant,UAE,Dubai,,25.2368611,55.3089433,,,,0,,openstreetmap
Subway,UAE,Dubai,,25.2250977,55.3233711,,,,0,,openstreetmap
Costa Coffee,UAE,Dubai,,25.1133485,55.1426955,,,,0,,openstreetmap
Al Khayma,UAE,Dubai,,25.0855058,55.1393107,,,,0,,openstreetmap
Vapiano,UAE,Dubai,,25.0904335,55.1528458,,,,0,,openstreetmap
Caribou,UAE,Dubai,,25.0918528,55.1706629,,,,0,,openstreetmap
Park View,UAE,Dubai,,25.2934319,55.3793485,,,,0,,openstreetmap
Palm Valley,UAE,Dubai,,25.2953278,55.3791634,,,,0,,openstreetmap
Dosa Plaza,UAE,Dubai,,25.2978225,55.3812172,,,,0,,openstreetmap
Bombay Chowpaty,UAE,Dubai,,25.2978251,55.3814814,,,,0,,openstreetmap
Anjappar,UAE,Dubai,,25.2978084,55.3816808,,,,0,,openstreetmap
Chow King,UAE,Dubai,,25.2977899,55.382079,,,,0,,openstreetmap
Ahl Almandi,UAE,Dubai,,25.2977134,55.382883,042574448,,,0,,openstreetmap
Panoor,UAE,Dubai,,25.2977079,55.3830819,,,,0,,openstreetmap
Nezesaussie,UAE,Dubai,,25.1910881,55.2776242,,,,0,,openstreetmap
Kumarakom Restaurant,UAE,Dubai,Damascus street,25.2810286,55.386773,042205828,,,0,,openstreetmap
Nando's,UAE,Dubai,Sheikh Zayed Road,25.214398,55.2763874,,,,0,,openstreetmap
Shawarma Station,UAE,Dubai,,25.039371,55.1153008,,,,0,,openstreetmap
Foodlands,UAE,Dubai,,25.2763708,55.3457877,,,,0,,openstreetmap
Khaymat Al Bahar,UAE,Dubai,Al Qasr,25.133396,55.1835749,+97143666730,https://www.jumeirah.com/en/Hotels-and-Resorts/Destinations/Dubai/Madinat-Jumeirah/Restaurants--Nightlife/Casual-Dining/Khaymat-Al-Bahar/,,0,,openstreetmap
Asado,UAE,Dubai,,25.1938689,55.2760197,,,,0,,openstreetmap
The Rivington Grill,UAE,Dubai,,25.1950784,55.2763253,+97144230903,http://www.rivingtongrill.ae/,,0,,openstreetmap
NAYAS Restaurant & Cafe,UAE,Dubai,شارع الأسد,25.0911187,55.153334,+97143688188,https://www.nayasdubai.com/,,0,,openstreetmap
Circle,UAE,Dubai,,25.0928834,55.1517006,,,,0,,openstreetmap
Bussola,UAE,Dubai,,25.0938879,55.1482766,,,,0,,openstreetmap
Costa,UAE,Dubai,,25.091048,55.153575,,,,0,,openstreetmap
Madras Vegetarian Restaurant,UAE,Dubai,,25.27637,55.3445292,,,,0,,openstreetmap
Southern Spice Restaurant,UAE,Dubai,,25.2760305,55.3445613,,,,0,,openstreetmap
ChinaTown Restaurant,UAE,Dubai,,25.2782861,55.3474273,,,,0,,openstreetmap
Blue Mountain,UAE,Dubai,1 Street,25.2780518,55.3474327,,,,0,,openstreetmap
M:ZONE,UAE,Dubai,,25.0896725,55.1523138,,,,0,,openstreetmap
Starbucks,UAE,Dubai,,25.1270253,55.3969284,,,,0,,openstreetmap
Five Guys,UAE,Dubai,,25.0774753,55.1341126,,,,0,,openstreetmap
AOC French Brasserie,UAE,Dubai,Dubai Marina,25.0753554,55.1321654,,http://www.sofitel.com/gb/hotel-6146-sofitel-dubai-jumeirah-beach/restaurant.shtml,,0,,openstreetmap
Infini Pool Lounge,UAE,Dubai,Dubai Marina,25.0756714,55.1317963,,https://www.sofitel-dubai-jumeirahbeach.com/restaurants-bar/infini-pool-lounge/,,0,,openstreetmap
Rococo,UAE,Dubai,Dubai Marina,25.0751052,55.1322539,,http://www.sofitel.com/gb/hotel-6146-sofitel-dubai-jumeirah-beach/restaurant.shtml,,0,,openstreetmap
The Hub,UAE,Dubai,شارع الملك سلمان بن عبدالعزيز آل سعود,25.0751319,55.1324014,,http://www.sofitel.com/gb/hotel-6146-sofitel-dubai-jumeirah-beach/bar.shtml,,0,,openstreetmap
دجاج كنتاكي,UAE,Dubai,,25.2963128,55.3970973,,,,0,,openstreetmap
Papa John's,UAE,Dubai,,25.2965314,55.3971447,,,,0,,openstreetmap
Tamasha,UAE,Dubai,,25.2953157,55.3722345,,,,0,,openstreetmap
Vista Rooftop Bar & Restaurant,UAE,Dubai,,25.1045328,55.1662253,,,,0,,openstreetmap
ستاربكس,UAE,Dubai,,25.046184,55.2427265,,,,0,,openstreetmap
كاريبو كوفي,UAE,Dubai,,25.0465742,55.2438921,,,,0,,openstreetmap
Food To Go,UAE,Dubai,Road E,25.0269708,55.2819498,,,,0,,openstreetmap
Eat & Drink,UAE,Dubai,Al Wasl Road,25.1853968,55.2384736,,,,0,,openstreetmap
ماكدونالدز,UAE,Dubai,,25.257644,55.4418732,,,,0,,openstreetmap
Just Falafel,UAE,Dubai,,25.2579109,55.4411168,,,,0,,openstreetmap
Surfer's Kitchen,UAE,Dubai,,25.1390781,55.1890369,,,,0,,openstreetmap
Dhow & Lagoon Kitchen,UAE,Dubai,,25.1400487,55.1897017,,,,0,,openstreetmap
Wave View Café,UAE,Dubai,,25.1405421,55.1890883,,,,0,,openstreetmap
Lebanos,UAE,Dubai,,25.0772518,55.1503132,,,,0,,openstreetmap
Aquamarine,UAE,Dubai,,25.0036745,55.1635213,,,,0,,openstreetmap
Organic Café,UAE,Dubai,,25.0949126,55.1663331,,,,0,,openstreetmap
ZatarWZeit,UAE,Dubai,,25.2086915,55.2725145,,,,0,,openstreetmap
طهران,UAE,Dubai,,25.1549667,55.2040231,,,,0,,openstreetmap
Arabian Ranches Golf Club,UAE,Dubai,,25.0510111,55.2685857,,,,0,,openstreetmap
Palermo,UAE,Dubai,,25.0374372,55.2533212,,,,0,,openstreetmap
The Butcher Shop & Grill,UAE,Dubai,,25.0764524,55.1328706,,,,0,,openstreetmap
Paragon,UAE,Dubai,,25.1029819,55.1753261,,,,0,,openstreetmap
Yots Sports Lounge,UAE,Dubai,,25.0727404,55.1363007,,,,0,,openstreetmap
Bob’s Fish and Chips,UAE,Dubai,Al Hubob Street,25.0710811,55.1355873,,,,0,,openstreetmap
Al Safeer,UAE,Dubai,,25.0940737,55.1593523,,,,0,,openstreetmap
Golden Dragon,UAE,Dubai,,25.0939712,55.1592078,,,,0,,openstreetmap
Kamat Vegeterian Restaurant,UAE,Dubai,,25.0940054,55.1592559,,,,0,,openstreetmap
Seven Stones,UAE,Dubai,,25.0940396,55.1593041,,,,0,,openstreetmap
Kitchen Cafe,UAE,Dubai,,25.0733233,55.136746,,,,0,,openstreetmap
Blends,UAE,Dubai,,25.0735905,55.137988,,,,0,,openstreetmap
Potato Hut,UAE,Dubai,Al Hubob Street,25.0738122,55.1382069,,,,0,,openstreetmap
Rock Bottom,UAE,Dubai,,25.09827,55.1795448,,,,0,,openstreetmap
Mall View Palace,UAE,Dubai,,25.1170874,55.1966718,,,,0,,openstreetmap
West 14th,UAE,Dubai,,25.1104704,55.1371267,,https://www.west14th.ae/,,0,,openstreetmap
Golden Fork,UAE,Dubai,,25.2359522,55.2796412,,,,0,,openstreetmap
Armani/Amal,UAE,Dubai,Shaikh Mohammed bin Rashid Boulevard,25.1971219,55.2739163,,https://dubai.armanihotels.com/,,0,,openstreetmap
Table 9,UAE,Dubai,Beniyas Road,25.2587804,55.3197,,http://www.table9dubai.com/,,0,,openstreetmap
Ashiana,UAE,Dubai,Baniyas Street,25.2614907,55.3139708,,http://www.sheratondubaicreek.com/,,0,,openstreetmap
P F Chang,UAE,Dubai,,25.2173429,55.4071287,,http://www.mirdifcitycentre.com/en,,0,,openstreetmap
Hunters Room & Grill,UAE,Dubai,Jumeirah Beach Rd,25.0929939,55.148868,,https://www.huntersdubai.com/,,0,,openstreetmap
Carter's,UAE,Dubai,Oud Metha,25.2295968,55.3186789,,https://www.roundmenu.com/restaurant/Carters-Dubai/82,,0,,openstreetmap
The Irish Village,UAE,Dubai,-Al Garhoud,25.2432821,55.3418249,,http://www.irishvillage.ae/HomePage,,0,,openstreetmap
Cavalli Club,UAE,Dubai,Sheikh Zayed Road,25.2264412,55.2841433,,http://www.cavalliclubdubai.com/,,0,,openstreetmap
Cirque du Soir,UAE,Dubai,Sheikh Zayed Road,25.2263473,55.2840585,,http://www.cirquedusoirdubai.com,,0,,openstreetmap
Chill Out Lounge,UAE,Dubai,4B Street,25.1395457,55.2192977,,,,0,,openstreetmap
Moda Cafe,UAE,Dubai,,25.0797273,55.1417885,,,,0,,openstreetmap
NKD Pizza,UAE,Dubai,,25.0796205,55.1417008,,,,0,,openstreetmap
Fisherman's Wharf,UAE,Dubai,,25.0795223,55.142114,,,,0,,openstreetmap
Reem Al Bawadi (Sheikh Zayed Road Branch),UAE,Dubai,,25.1394784,55.2170815,043306663,https://www.reemalbawadi.com/,,0,,openstreetmap
Amanos Restaurant and Cafe,UAE,Dubai,Jumeira Street,25.1862222,55.2292967,,,,0,,openstreetmap
ريم البوادي,UAE,Dubai,شارع الشيخ محمد بن راشد,25.197121,55.2708526,044439690,https://www.reemalbawadi.com/,,0,,openstreetmap
Breakfast to Breakfast,UAE,Dubai,,25.0490823,55.1307732,,,,0,,openstreetmap
Domino's,UAE,Dubai,Street 1 A,25.048641,55.1290328,,,,0,,openstreetmap
New Midnight Cafe & Restaurant,UAE,Dubai,,25.0487818,55.1296443,,,,0,,openstreetmap
Ajanta Restaurant,UAE,Dubai,16th Street,25.2380568,55.3022656,,,,0,,openstreetmap
Lila Cafe,UAE,Dubai,TECOM SECTION C,25.0970173,55.1787705,+97144543064,,,0,,openstreetmap
Shawarmaji Restaurant and Coffee Shop,UAE,Dubai,3 Street,25.1142253,55.2054352,,,,0,,openstreetmap
مطعم مكسين,UAE,Dubai,51st Street,25.2220331,55.2586133,,,,0,,openstreetmap
Aryaa's,UAE,Dubai,,25.2554187,55.3036152,,,,0,,openstreetmap
Hey Pesto,UAE,Dubai,Emaar Square,25.201155,55.27287,044257982,,,0,,openstreetmap
Karma Kafé,UAE,Dubai,Souk Al Bahar,25.195062,55.277071,,,,0,,openstreetmap
Oregano,UAE,Dubai,,25.1047446,55.168097,,,,0,,openstreetmap
مطعم السند البنجاب,UAE,Dubai,شارع 25ب,25.2611333,55.2926032,,,,0,,openstreetmap
Golden Fork Restaurant,UAE,Dubai,Al Nahdha (26th) Street,25.2619917,55.2917305,,,,0,,openstreetmap
Puranmal,UAE,Dubai,Al Raffa Street,25.2624963,55.2897976,,,,0,,openstreetmap
Bhavna,UAE,Dubai,25C Street,25.2616908,55.2948937,,,,0,,openstreetmap
Mithash Sweets,UAE,Dubai,Al Esbij (30th) Street,25.2601734,55.2929959,,,,0,,openstreetmap
Sukh Sagar,UAE,Dubai,Al Esbij (30th) Street,25.2602438,55.2929852,,,,0,,openstreetmap
Chavadi,UAE,Dubai,Al Esbij (30th) Street,25.2603311,55.2929772,,,,0,,openstreetmap
كابول دربار,UAE,Dubai,Khalid bin Waleed Road,25.259835,55.2930583,,,,0,,openstreetmap
Sangeetha Vegetarian Restaurant,UAE,Dubai,Al Esbij (30th) Street,25.2609122,55.2926324,+97143511145,https://sangeethavegrestaurants.com/,,0,,openstreetmap
Hotel Vasantha Bhavan,UAE,Dubai,Al Nahda (26th) Street,25.2614297,55.291668,,,,0,,openstreetmap
Lassi King,UAE,Dubai,Al Fahidi (19th) Street,25.262428,55.2970515,,,,0,,openstreetmap
New Wide Range,UAE,Dubai,,25.149602,55.2453803,,,,0,,openstreetmap
Royal Dining,UAE,Dubai,,25.0988421,55.1752875,,https://www.zomato.com/dubai/royal-dining-restaurant-barsha-heights,,0,,openstreetmap
Souk al Bahar,UAE,Dubai,,25.194962,55.277181,,,,0,,openstreetmap
F&S (Falafel & Schwarma),UAE,Dubai,,25.2508109,55.3027952,,,,0,,openstreetmap
palm jumira,UAE,Dubai,,25.2541907,55.3048126,,,,0,,openstreetmap
Toscana,UAE,Dubai,,25.133665,55.184653,,,,0,,openstreetmap
Food Court (south),UAE,Dubai,,25.1180137,55.1989744,,,,0,,openstreetmap
Multifood Restaurant & Cafeteria,UAE,Dubai,,25.2566198,55.2947096,,,,0,,openstreetmap
Cafe Fiesta Zone,UAE,Dubai,,25.1748642,55.2558181,,,,0,,openstreetmap
Saravana Bhavan,UAE,Dubai,,25.2423775,55.3058599,,,,0,,openstreetmap
Pathan Resturant - Qusais,UAE,Dubai,Damascus street,25.2880825,55.3924977,,,,0,,openstreetmap
Brix Desserts,UAE,Dubai,,25.2101918,55.2435344,,,,0,,openstreetmap
The Lime Tree Cafe - Jumeirah 1,UAE,Dubai,Jumeira Street,25.2321443,55.2641364,+97143498498,https://www.thelimetreecafe.com/,,0,,openstreetmap
Al Arrab,UAE,Dubai,,25.1134825,55.380556,+97143264949,,,0,,openstreetmap
Ravi,UAE,Dubai,,25.2336615,55.2790297,,,,0,,openstreetmap
Pars,UAE,Dubai,,25.2341374,55.2810574,,,,0,,openstreetmap
China Gate (Hot Pot),UAE,Dubai,,25.2597693,55.3267845,,,,0,,openstreetmap
China Sea,UAE,Dubai,Al Maktoum Street,25.259507,55.3251765,,,,0,,openstreetmap
Crescendo,UAE,Dubai,,25.1295458,55.1529364,,,,0,,openstreetmap
Mai Bar,UAE,Dubai,,25.1293644,55.1524628,,,,0,,openstreetmap
Mekong,UAE,Dubai,,25.1291121,55.1538057,,,,0,,openstreetmap
Bushman's,UAE,Dubai,,25.1301695,55.1535069,,,,0,,openstreetmap
The Beach House,UAE,Dubai,,25.1300313,55.151968,,,,0,,openstreetmap
Mother's Restaurant,UAE,Dubai,,25.049047,55.1320666,,,,0,,openstreetmap
Massimo's Italian Restaurant,UAE,Dubai,Park Island,25.0823958,55.1425256,+97144324284,https://www.facebook.com/MassimosItalianRestaurant?ref=hl,,0,,openstreetmap
Better Grill,UAE,Dubai,,25.0725738,55.1370268,,,,0,,openstreetmap
Sarpino's,UAE,Dubai,,25.0741807,55.1367798,,,,0,,openstreetmap
Pepper & Crab,UAE,Dubai,,25.0751344,55.1377001,,,,0,,openstreetmap
La Gaufrette,UAE,Dubai,,25.0754624,55.1382257,,,,0,,openstreetmap
Bazerkan,UAE,Dubai,,25.0754915,55.1384376,,,,0,,openstreetmap
Loca,UAE,Dubai,,25.0752608,55.1378181,,,,0,,openstreetmap
Embassy,UAE,Dubai,,25.0858232,55.143073,043176000,http://www.embassy-dubai.com/,,0,,openstreetmap
Mister Baker,UAE,Dubai,,25.0747867,55.1452764,+97144329801,http://www.misterbaker.com/branches.php#dubai,,0,,openstreetmap
The Food Square,UAE,Dubai,,25.0775104,55.1339318,,,,0,,openstreetmap
Awani,UAE,Dubai,,25.0764952,55.1311996,+97144248082,https://www.awani.ae/,,0,,openstreetmap
Shake Shack,UAE,Dubai,,25.0770138,55.1318202,,,,0,,openstreetmap
Operation Falafel,UAE,Dubai,Al Mamsha Street,25.0763126,55.1319592,,,,0,,openstreetmap
Pappa Rotti,UAE,Dubai,,25.076345,55.1319133,,,,0,,openstreetmap
kösebasi,UAE,Dubai,,25.0763554,55.1327666,,,,0,,openstreetmap
La Dolce Vota,UAE,Dubai,,25.0766484,55.1330356,,,,0,,openstreetmap
Le Parisien,UAE,Dubai,,25.0763499,55.1350571,,,,0,,openstreetmap
Kebabji,UAE,Dubai,,25.0755796,55.1341412,,,,0,,openstreetmap
Decebal,UAE,Dubai,,25.0708991,55.1331301,,,,0,,openstreetmap
le Pirate,UAE,Dubai,,25.0707592,55.1330001,,,,0,,openstreetmap
Saravanaa Bhojan Shala,UAE,Dubai,Al Seba Street,25.0696541,55.1341012,,,,0,,openstreetmap
Aprons & Hammers,UAE,Dubai,,25.0777281,55.1324855,+97144567888,https://www.apronsandhammers.com/,,0,,openstreetmap
Mawlana,UAE,Dubai,,25.2598229,55.3204147,,,,0,,openstreetmap
BurgerFuel,UAE,Dubai,,25.0784833,55.1350501,,,,0,,openstreetmap
Il Caffe di Roma,UAE,Dubai,Al Mamsha Street,25.0785524,55.1353198,,,,0,,openstreetmap
Eggspectation,UAE,Dubai,,25.0784035,55.1328905,,https://eggspectation.com/,,0,,openstreetmap
Apachi Restaurant & Cafe,UAE,Dubai,,25.0733732,55.1385354,,,,0,,openstreetmap
Paratha king,UAE,Dubai,,25.2977688,55.3825164,,,,0,,openstreetmap
Anapoorna Vegetarian Restaurant,UAE,Dubai,,25.2717588,55.3303272,,,,0,,openstreetmap
Calicut Notebook,UAE,Dubai,,25.273462,55.3298929,,,,0,,openstreetmap
Najeela,UAE,Dubai,,25.2719874,55.3259045,,,,0,,openstreetmap
Aroos Damascus,UAE,Dubai,,25.2678661,55.3208901,,,,0,,openstreetmap
Silver Eagle Restaurant,UAE,Dubai,,25.2740352,55.3268811,,,,0,,openstreetmap
Karachi Darbar,UAE,Dubai,,25.2740786,55.3213998,,,,0,,openstreetmap
Farooj,UAE,Dubai,,25.2741005,55.3215768,,,,0,,openstreetmap
Hatam Al Thai,UAE,Dubai,,25.2680912,55.3051536,,,,0,,openstreetmap
Shiraaz Nights,UAE,Dubai,,25.2680937,55.3050115,,,,0,,openstreetmap
2000 Restaurant,UAE,Dubai,,25.2705394,55.3238666,,,,0,,openstreetmap
Taza,UAE,Dubai,,25.2705419,55.3239604,,,,0,,openstreetmap
شاوكينج,UAE,Dubai,,25.2680028,55.3187159,,,,0,,openstreetmap
Wimpy's,UAE,Dubai,,25.2715788,55.3022587,,,,0,,openstreetmap
Danial Star Restaurant,UAE,Dubai,,25.2658739,55.3092405,+971502434958,,,0,,openstreetmap
Yuraku,UAE,Dubai,,25.2700926,55.3253639,,,,0,,openstreetmap
Samad Al Iraqi,UAE,Dubai,,25.2675121,55.3215378,,,,0,,openstreetmap
Bamboo Lagoon,UAE,Dubai,,25.2687561,55.3294651,,,,0,,openstreetmap
بيت المندي,UAE,Dubai,,25.2651419,55.3276692,,,,0,,openstreetmap
Pizza Inn,UAE,Dubai,,25.2705703,55.3208448,,,,0,,openstreetmap
China Star Restaurant,UAE,Dubai,,25.2613827,55.3272615,,,,0,,openstreetmap
White Falcon Restaurant,UAE,Dubai,,25.2582844,55.329206,,,,0,,openstreetmap
Ponderosa Steakhouse,UAE,Dubai,,25.2601199,55.3311913,,,,0,,openstreetmap
Caravan Restaurant,UAE,Dubai,,25.2601638,55.3311913,,,,0,,openstreetmap
Tayyab Restaurant,UAE,Dubai,,25.2587995,55.3280963,,,,0,,openstreetmap
Red Tomato Pizza,UAE,Dubai,3 Street,25.1143766,55.2054299,,,,0,,openstreetmap
Maxx Burgers,UAE,Dubai,,25.2514797,55.332986,,,,0,,openstreetmap
Cinnabon,UAE,Dubai,,25.2513341,55.3332113,,,,0,,openstreetmap
تيم هورتونز,UAE,Dubai,,25.25114,55.3330825,,,,0,,openstreetmap
Charlies Sub,UAE,Dubai,,25.2508247,55.3331362,,,,0,,openstreetmap
Panda Chinese,UAE,Dubai,,25.2518144,55.3338175,,,,0,,openstreetmap
Reef Deira,UAE,Dubai,,25.2738509,55.3248445,,,,0,,openstreetmap
Tikka Cafe,UAE,Dubai,,25.1145325,55.2008207,,,,0,,openstreetmap
Bistro 55,UAE,Dubai,,25.1148388,55.2012308,,,,0,,openstreetmap
Feri Kasif Tehroon,UAE,Dubai,Al Marsa Street,25.0802433,55.145447,,,,0,,openstreetmap
Shooters Billiard Cafe,UAE,Dubai,Al Marsa Street,25.0882027,55.1475488,,,,0,,openstreetmap
Skyler's Place,UAE,Dubai,,25.1029921,55.1629913,,,,0,,openstreetmap
Aappa Kadai,UAE,Dubai,,25.2428629,55.3059616,,,,0,,openstreetmap
Calicut Paragon,UAE,Dubai,,25.2432159,55.3060703,,,,0,,openstreetmap
Keerthi,UAE,Dubai,,25.2439659,55.306012,,,,0,,openstreetmap
Kayaloram,UAE,Dubai,,25.2440483,55.3058241,,,,0,,openstreetmap
The Kebap Shop,UAE,Dubai,1 A Street,25.0491429,55.1319414,+97144475457,,,0,,openstreetmap
Jawharet Beirut,UAE,Dubai,,25.0353412,55.1468589,,,,0,,openstreetmap
Arasco Coffee,UAE,Dubai,,25.2635778,55.312294,,,,0,,openstreetmap
Agemono,UAE,Dubai,,25.2676206,55.3157946,,,,0,,openstreetmap
Stefano's,UAE,Dubai,Al Marsa Street,25.0833407,55.1477207,043406401,,,0,,openstreetmap
Let's wok,UAE,Dubai,,25.0802964,55.1454781,+97142413999,http://letswok.ae/,,0,,openstreetmap
Bagets & more,UAE,Dubai,,25.0817936,55.1468034,,,,0,,openstreetmap
Simitchi coffee shop,UAE,Dubai,,25.0818179,55.1468262,,,,0,,openstreetmap
Feras Aldiyafa Sweets,UAE,Dubai,,25.0817717,55.1467806,,,,0,,openstreetmap
@Falafel,UAE,Dubai,King Salman bin Abdulaziz Al Saud Street,25.081794,55.1413105,,,,0,,openstreetmap
Zpizza,UAE,Dubai,,25.0826236,55.1420588,,,,0,,openstreetmap
Mom's Food,UAE,Dubai,King Salman bin Abdulaziz Al Saud Street,25.0824511,55.1418134,,,,0,,openstreetmap
House of Noodles,UAE,Dubai,,25.1026013,55.1722342,,,,0,,openstreetmap
Qutoof,UAE,Dubai,,25.1027932,55.1720009,,,,0,,openstreetmap
Today's Restaurant,UAE,Dubai,,25.2930146,55.3806367,,,,0,,openstreetmap
مطعم مرمريس التركي,UAE,Dubai,,25.1003982,55.1697939,,,,0,,openstreetmap
مطعم واحة نزوى,UAE,Dubai,,24.9979487,55.6614307,,,,0,,openstreetmap
مقهى ومطعم غدير سعيد,UAE,Dubai,,24.9976571,55.6617232,,,,0,,openstreetmap
كافتيريا عبد الله الكعبي,UAE,Dubai,,24.9981019,55.6613156,,,,0,,openstreetmap
Chef Lanka Restaurant,UAE,Dubai,,25.2440564,55.3057274,,,,0,,openstreetmap
Flavours,UAE,Dubai,,25.0495553,55.13039,,,,0,,openstreetmap
NEOS,UAE,Dubai,,25.1940704,55.2789638,,,,0,,openstreetmap
Hard Rock Cafe,UAE,Dubai,,25.2239285,55.351529,+97142328900,https://www.hardrock.com/cafes/dubai/menu.aspx,,0,,openstreetmap
Al Shay Restaurant,UAE,Dubai,,25.2478063,55.3044849,,,,0,,openstreetmap
Mr. Chaat,UAE,Dubai,,25.2539586,55.3046025,+97143707040,,,0,,openstreetmap
Punjabi by nature,UAE,Dubai,,25.2348206,55.3093091,,,,0,,openstreetmap
London Fish and Chips,UAE,Dubai,,25.2635206,55.3242898,,,,0,,openstreetmap
Al Safadi Lebanese Grill,UAE,Dubai,,25.2631519,55.3248096,,,,0,,openstreetmap
Juice World,UAE,Dubai,,25.2634131,55.3245379,,,,0,,openstreetmap
Fast Food Restaurant,UAE,Dubai,,25.2693142,55.3071091,,,,0,,openstreetmap
Al Marjan,UAE,Dubai,,25.1720352,55.6256508,,,,0,,openstreetmap
Al Reza,UAE,Dubai,Al Satwa Road,25.2304282,55.2766993,,,,0,,openstreetmap
Shehar-e-Karachi Restaurant,UAE,Dubai,,25.1510665,55.2428088,,,,0,,openstreetmap
Wendy's,UAE,Dubai,,25.0811374,55.21591,,,,0,,openstreetmap
Peepees Restaurant and Mini Market,UAE,Dubai,,24.9574593,55.0561865,,,,0,,openstreetmap
Abdullah's Food Court AFC,UAE,Dubai,,24.9571494,55.0561893,,,,0,,openstreetmap
Eagle Restaurant,UAE,Dubai,,25.276994,55.3315531,,,,0,,openstreetmap
Anmol Hyderabadi,UAE,Dubai,,25.2772123,55.3315504,,,,0,,openstreetmap
Vasanta Bhavan,UAE,Dubai,,25.296535,55.3767387,,,,0,,openstreetmap
Kerala Castle,UAE,Dubai,,25.2958962,55.3755394,+97142390940,,,0,,openstreetmap
Calicut Sawariya,UAE,Dubai,,25.2960171,55.3698832,,,,0,,openstreetmap
Vanchipurra Restaurant,UAE,Dubai,,25.2967237,55.3683861,,,,0,,openstreetmap
Yoko Sizzler,UAE,Dubai,,25.2904733,55.3672654,042505004,https://www.yokosizzlers.com/,,0,,openstreetmap
Filli,UAE,Dubai,,25.2865131,55.3706328,,,,0,,openstreetmap
MRA,UAE,Dubai,,25.2419547,55.3045969,,,,0,,openstreetmap
Food Outlets,UAE,Dubai,,25.1037002,55.3867689,,,,0,,openstreetmap
Grills & More,UAE,Dubai,,25.1101515,55.3771009,+97143924221,http://www.grillsnmorerestaurant.com/,,0,,openstreetmap
Automatic,UAE,Dubai,Jumeira Street,25.2249745,55.2584953,,,,0,,openstreetmap
Tim Hortons,UAE,Dubai,,25.1861522,55.2401026,,,,0,,openstreetmap
Coffee Bar,UAE,Dubai,,25.1173854,55.3694913,,,,0,,openstreetmap
Ice-cream shop,UAE,Dubai,,25.1176074,55.3697499,,,,0,,openstreetmap
Pool Bar & Lounge,UAE,Dubai,,25.1169614,55.369683,,,,0,,openstreetmap
Popeyes,UAE,Dubai,Khalid Bin Waleed Road,25.2581401,55.2983934,,,,0,,openstreetmap
The Edge Pool & Bar,UAE,Dubai,,25.2599252,55.3181605,,,,0,,openstreetmap
Kiku,UAE,Dubai,,25.2491912,55.3471276,,,,0,,openstreetmap
Al Dawaar,UAE,Dubai,,25.2794068,55.3045155,,http://www.restaurants.dubai.hyatt.com/restaurants/al-dawaar/,,0,,openstreetmap
Jockey's Pub,UAE,Dubai,,25.2674872,55.3156494,,,,0,,openstreetmap
Barrels,UAE,Dubai,,25.2534827,55.2936187,,,,0,,openstreetmap
Bollywood Café,UAE,Dubai,,25.2533183,55.3039474,,,,0,,openstreetmap
Chill Rooftop Lounge,UAE,Dubai,,25.2590794,55.2913393,,,,0,,openstreetmap
Marines Club,UAE,Dubai,,25.2553129,55.2849018,,https://www.seaviewhoteldubai.com/restaurants,,0,,openstreetmap
Bar 44,UAE,Dubai,,25.0854374,55.1438313,,https://www.bar44-dubai.com/,,0,,openstreetmap
Legends,UAE,Dubai,,25.2415829,55.333505,,https://www.dubaigolf.com/dubai-creek-golf-yacht-club/indulge/legends.aspx,,0,,openstreetmap
Harverters,UAE,Dubai,Sheikh Zayed Road,25.2202844,55.2802173,,,,0,,openstreetmap
Azur,UAE,Dubai,,25.228099,55.3206971,,https://www.raffles.com/dubai/dining/azur/,,0,,openstreetmap
The Act,UAE,Dubai,,25.2080743,55.2720937,+97143551116,https://www.shangri-la.com/dubai/shangrila/dining/restaurants/the-act-dubai/,,0,,openstreetmap
Alfie's,UAE,Dubai,,25.2174918,55.2832274,,https://www.jumeirah.com/en/hotels-resorts/dubai/jumeirah-emirates-towers/restaurants_bars/alfies/,,0,,openstreetmap
Cigar Bar Room,UAE,Dubai,,25.2263553,55.2842183,,https://www.fairmont.com/palm-dubai/dining/cigar-room/,,0,,openstreetmap
Al Fresco Italian,UAE,Dubai,,25.2203434,55.2802626,+971433111115599,https://www.ihg.com/crowneplaza/hotels/us/en/dubai/dubtc/hoteldetail,,0,,openstreetmap
JW's Steakhouse,UAE,Dubai,,25.2682611,55.3295488,+97146077977,https://www.marriottdiningatjw.ae/restaurant/hotels/hotel-information/travel/dxbae/restaurant.asp?id=001,,0,,openstreetmap
Shang Palace,UAE,Dubai,,25.207943,55.2720012,+97144052703,,,0,,openstreetmap
المَحارة,UAE,Dubai,,25.1411259,55.1853921,+97143017600,,,0,,openstreetmap
Chimes,UAE,Dubai,Seven Sands,25.1144925,55.193014,,https://chimesdubai.com/,,0,,openstreetmap
Mushref Bar,UAE,Dubai,,24.9876303,55.0230251,+97148145604,https://www.jaresortshotels.com/Properties/JAGR/JebelAliHotel/Dining/Bars/mushref-bar.aspx,,0,,openstreetmap
Palmito Pool Bar,UAE,Dubai,,24.9880722,55.0225312,,https://www.jaresortshotels.com/Properties/JAGR/PalmTreeCourt/Dining/Bars/palmito-pool-bar.aspx,,0,,openstreetmap
London Fish & Chips Ibn Battuta Mall,UAE,Dubai,Tunisian Food Court,25.0417761,55.1151362,+971043669939,https://www.londonfish-chips.com/,,0,,openstreetmap
Ibn Majed,UAE,Dubai,,24.9874963,55.0228772,,,,0,,openstreetmap
La Traviata,UAE,Dubai,,24.9875382,55.0231587,,,,0,,openstreetmap
Sunset Lounge,UAE,Dubai,,24.987766,55.0229841,+34971637886,,,0,,openstreetmap
Captain's,UAE,Dubai,,24.9885638,55.0223996,,https://www.jaresortshotels.com/Properties/JAGR/Dining/Restaurants/captains.aspx,,0,,openstreetmap
The Anchor,UAE,Dubai,,24.9877918,55.0213037,+97148145604,https://www.jaresortshotels.com/Properties/JAGR/Dining/Restaurants/anchor.aspx,,0,,openstreetmap
Divaz,UAE,Dubai,,24.9892685,55.0259011,,https://www.jaresortshotels.com/Properties/JAGR/Dining/Restaurants/Divaz.aspx,,0,,openstreetmap
Shooters,UAE,Dubai,,24.9587435,55.0347895,,http://shootersdubai.com/,,0,,openstreetmap
La Fontana,UAE,Dubai,,24.9875521,55.0219254,+97148145604,https://www.jaresortshotels.com/Properties/JAGR/Dining/Restaurants/lafontana.aspx,,0,,openstreetmap
The Bar,UAE,Dubai,,25.0030211,55.1643165,,https://www.marriottdiningatcy.ae/restaurant/hotels/hotel-information/travel/dxbcy/restaurant.asp?id=003,,0,,openstreetmap
Cucina,UAE,Dubai,,25.0030273,55.164358,,https://www.marriottdiningatcy.ae/restaurant/hotels/hotel-information/travel/dxbcy/restaurant.asp?id=001,,0,,openstreetmap
Casa Mia,UAE,Dubai,,25.2476795,55.3460833,+97142868949,https://www.casamia-dubai.com/,,0,,openstreetmap
Sukhothai,UAE,Dubai,,25.2486152,55.3471586,+97142170000,https://www.sukhothai-dubai.com/,,0,,openstreetmap
M's Seafood Bistro,UAE,Dubai,,25.2487559,55.3474966,,http://www.msseafoodbistro-dubai.com/,,0,,openstreetmap
Long Yin,UAE,Dubai,,25.2485279,55.3476468,+97142170000,https://www.longyin-dubai.com/,,0,,openstreetmap
Warehouse,UAE,Dubai,,25.2474504,55.3467222,,https://www.warehouse-dubai.com/,,0,,openstreetmap
The Dubliner's,UAE,Dubai,,25.247849,55.3460897,,,,0,,openstreetmap
Méridien Village Terrace,UAE,Dubai,,25.2488606,55.3470755,,https://www.meridienvillageterrace-dubai.com/,,0,,openstreetmap
The Observatory,UAE,Dubai,,25.0879609,55.1459537,+97143194000,http://www.observatory.dubaimarriottharbourhotel.com/restaurant/hotels/hotel-information/travel/dxbhr-the-observatory-dubai-marriott-harbour-hotel/,,0,,openstreetmap
Tom & Serg,UAE,Dubai,,25.1459715,55.2232999,+971564746812,http://www.tomandserg.com,,0,,openstreetmap
bedrock,UAE,Dubai,,25.0762541,55.1387476,,,,0,,openstreetmap
فومي,UAE,Dubai,,25.0761604,55.138766,,,,0,,openstreetmap
Cargo,UAE,Dubai,,25.0761101,55.1388583,,,,0,,openstreetmap
Atelier M,UAE,Dubai,,25.0763133,55.1388036,,,,0,,openstreetmap
Asia Asia,UAE,Dubai,,25.0762858,55.1388877,,,,0,,openstreetmap
Al Mazam Restaurant,UAE,Dubai,Ras Al Khor Road,25.1850235,55.345354,,,,0,,openstreetmap
Green Leaf,UAE,Dubai,,25.2971067,55.3649693,,,,0,,openstreetmap
Al Areesh,UAE,Dubai,,25.2199922,55.3658692,,,,0,,openstreetmap
Eastern Food,UAE,Dubai,Damascus Street,25.2828834,55.3879702,,,,0,,openstreetmap
كوخ الشاي,UAE,Dubai,,25.1761781,55.5446308,,,,0,,openstreetmap
The Health Spot Cafe,UAE,Dubai,Al Abraj Street,25.1850197,55.2652917,,,,0,,openstreetmap
D&A,UAE,Dubai,,25.1413381,55.1903745,+97144068762,https://www.jumeirah.com/en/hotels-resorts/dubai/jumeirah-beach-hotel/restaurants/dhow-and-anchor/,,0,,openstreetmap
Venecia,UAE,Dubai,,25.0838827,55.1451805,,,,0,,openstreetmap
The Croft,UAE,Dubai,,25.0876239,55.1463277,,,,0,,openstreetmap
Nasimi Beach,UAE,Dubai,,25.1283278,55.1161053,,,,0,,openstreetmap
Moroc Bar,UAE,Dubai,Dubai Ibn Battuta Gate,25.0419545,55.1154656,+97144445613,https://www.movenpick.com/en/middle-east/uae/dubai/hotel-dubai-ibn-battuta/restaurants/moroc-lounge-bar/,,0,,openstreetmap
Palm Court,UAE,Dubai,,25.141665,55.1904976,+97144323232,https://www.jumeirah.com/en/hotels-resorts/dubai/jumeirah-beach-hotel/restaurants/palm-court/,,0,,openstreetmap
Fraiche Cafe & Bistro,UAE,Dubai,,25.0776854,55.1531525,+97143697821,,,0,,openstreetmap
الشامي,UAE,Dubai,,25.2652324,55.3274729,,,,0,,openstreetmap
Picnic restaurant,UAE,Dubai,Al Satwa Street,25.2344114,55.2782559,,,,0,,openstreetmap
Tony rama,UAE,Dubai,,25.2158429,55.2773297,,https://tonyromas.com/,,0,,openstreetmap
Usmania Restaurant,UAE,Dubai,,25.2646603,55.3296137,,,,0,,openstreetmap
mamma mia,UAE,Dubai,Al Marsa Street,25.0785418,55.1435028,,,,0,,openstreetmap
etiquette cafe,UAE,Dubai,,25.2359491,55.3042871,,,,0,,openstreetmap
Wavebreaker Beachside Restaurant,UAE,Dubai,The Walk,25.0795814,55.1333898,+97143182319,https://www.jbr-restaurants.com/wavebreaker,,0,,openstreetmap
Double Decker Pub,UAE,Dubai,,25.2024285,55.2775403,,,,0,,openstreetmap
Chatori Gali,UAE,Dubai,,25.2443287,55.3147275,,,,0,,openstreetmap
Eat and Drink Restaurant,UAE,Dubai,,25.1353648,55.197006,,,,0,,openstreetmap
Lebanese Village,UAE,Dubai,,25.2559606,55.2956718,,,,0,,openstreetmap
Rabbash,UAE,Dubai,,25.3128393,55.3418311,043245015,,,0,,openstreetmap
Al Boom Tourist Village,UAE,Dubai,,25.2321846,55.3343733,,,,0,,openstreetmap
Tresind,UAE,Dubai,شارع الشيخ زايد,25.2233417,55.2824215,,,,0,,openstreetmap
مطعم الكباب الأفغاني,UAE,Dubai,Damascus street,25.29094,55.3936305,,,,0,,openstreetmap
Classic Family Restaurant LLC,UAE,Dubai,Damascus street,25.2916789,55.3940957,,,,0,,openstreetmap
pronto,UAE,Dubai,,25.0384068,55.1813899,,,,0,,openstreetmap
Kickers Sports Bar,UAE,Dubai,The Dome,25.0388048,55.2263656,,https://www.zomato.com/dubai/kickers-sports-bar-dubai-sports-city,,0,,openstreetmap
"Costa Coffee, Premier Inn",UAE,Dubai,,25.0083317,55.1565569,,,,0,,openstreetmap
Mr Toad's Pub & Kitchen,UAE,Dubai,,25.0083423,55.1567551,+97148851899,http://www.emiratesleisureretail.com/Brands/MrToads.aspx,,0,,openstreetmap
UCCI Sushi,UAE,Dubai,,25.0945792,55.1771071,,,,0,,openstreetmap
Masala Bay,UAE,Dubai,,25.245868,55.3102291,,,,0,,openstreetmap
Jamaica Blue,UAE,Dubai,Al Barsha Road,25.1177105,55.1958621,,https://www.jamaicablue.ae/,,0,,openstreetmap
Craft Café,UAE,Dubai,,25.1894078,55.2979497,,,,0,,openstreetmap
One Life Kitchen and Cafée,UAE,Dubai,,25.1882164,55.2980663,+97145134727,https://onelifedxb.com/,,0,,openstreetmap
Good fellas sport bar,UAE,Dubai,,25.098198,55.1796061,,,,0,,openstreetmap
Rauchi,UAE,Dubai,,25.0979863,55.1797176,,,,0,,openstreetmap
ping pong,UAE,Dubai,,25.0295458,55.2702903,,,,0,,openstreetmap
Carluccio's,UAE,Dubai,طريق القدرة,25.0298037,55.2706107,,https://carlucciosme.com/locations/arabian-ranches/,,0,,openstreetmap
cedar tree,UAE,Dubai,,25.0463144,55.2432011,,,,0,,openstreetmap
Bhoujan,UAE,Dubai,,25.0463292,55.2432502,,,,0,,openstreetmap
دانكن دونتس,UAE,Dubai,,25.0463502,55.2432891,,,,0,,openstreetmap
lucky pizza,UAE,Dubai,,25.046781,55.244414,,,,0,,openstreetmap
Hengchen,UAE,Dubai,,25.0471677,55.2453869,,,,0,,openstreetmap
ubk,UAE,Dubai,,25.0660019,55.1384003,,,,0,,openstreetmap
couqley,UAE,Dubai,,25.0657074,55.138236,,,,0,,openstreetmap
Pizza Express,UAE,Dubai,,25.0661195,55.1382982,,,,0,,openstreetmap
hub 7,UAE,Dubai,,25.0648196,55.1387925,,,,0,,openstreetmap
movenpick Jlt,UAE,Dubai,,25.0656563,55.1384584,,,,0,,openstreetmap
Café Isan,UAE,Dubai,,25.0647075,55.138669,,,,0,,openstreetmap
spice & ice,UAE,Dubai,,25.065449,55.1380259,,,,0,,openstreetmap
The Maine Oyster Bar and Grill,UAE,Dubai,"Ground Floor, The DoubleTree by Hilton",25.073006,55.1278556,,,,0,,openstreetmap
Karachi Inn,UAE,Dubai,,25.0457579,55.1316598,044535471,http://www.karachiinn.com,,0,,openstreetmap
Pastamania,UAE,Dubai,,25.0047647,55.1648033,,,,0,,openstreetmap
Al Hakawati,UAE,Dubai,,25.0035871,55.1631983,,,,0,,openstreetmap
Caribou Coffee,UAE,Dubai,,24.8949456,55.0711848,,,,0,,openstreetmap
Bob's,UAE,Dubai,Al Sufouh Street,25.0750687,55.1311942,,,,0,,openstreetmap
Mandilicious,UAE,Dubai,Sheikh Zayed Road,25.1397931,55.2196642,800818181,,,0,,openstreetmap
Bystro,UAE,Dubai,,25.1401812,55.2173612,+97143368056,https://bystrodubai.com/,,0,,openstreetmap
Mizu,UAE,Dubai,,25.1910992,55.2718638,,https://mizu-dubai.com/,,0,,openstreetmap
Saladicious,UAE,Dubai,Al Hudaiba Road,25.2325429,55.2663359,043455822,http://www.saladicious.com,,0,,openstreetmap
Tavolino Pizza and Coffee,UAE,Dubai,Baniyas Square,25.2680848,55.3057457,97142229921,,,0,,openstreetmap
Al Bandar,UAE,Dubai,,25.2696692,55.2915799,,,,0,,openstreetmap
Bombay Big Bazar L.L.C,UAE,Dubai,Al Raffa Street,25.2618591,55.2898233,,,,0,,openstreetmap
Ever fine restaurant,UAE,Dubai,,25.2588974,55.3309225,,,,0,,openstreetmap
Sports Star Cafe & Restaurant,UAE,Dubai,,25.2966808,55.3691826,,,,0,,openstreetmap
Salkara,UAE,Dubai,,25.2782325,55.3621855,,https://salkara.ae,,0,,openstreetmap
Micro Oven,UAE,Dubai,,25.2551339,55.3358222,,,,0,,openstreetmap
Ashrafi,UAE,Dubai,,25.251751,55.3454441,,,,0,,openstreetmap
Jalasat,UAE,Dubai,,25.2552803,55.3379141,,,,0,,openstreetmap
Spice Affair,UAE,Dubai,9 Street,25.2931766,55.3694491,,,,0,,openstreetmap
Al Zaman,UAE,Dubai,,25.2871686,55.3827651,,,,0,,openstreetmap
Soft Rock,UAE,Dubai,,25.2724021,55.3455533,,,,0,,openstreetmap
Highway Street,UAE,Dubai,,25.297171,55.3622864,,,,0,,openstreetmap
Al Marhabani Mandi & Traditional Foods,UAE,Dubai,,25.2803656,55.3543768,042660664,https://almarhabani.com/,,0,,openstreetmap
Yellow chilli pizza,UAE,Dubai,,25.2922024,55.3707794,,,,0,,openstreetmap
Food village,UAE,Dubai,9 Street,25.2931869,55.3693462,,,,0,,openstreetmap
Absolute Barbecues,UAE,Dubai,,25.2545569,55.3287049,,,,0,,openstreetmap
Southern Fried Chicken (SFC),UAE,Dubai,,25.2779613,55.3619977,,,,0,,openstreetmap
Cutting Chai,UAE,Dubai,43a Street,25.2408053,55.298814,,,,0,,openstreetmap
khan baba,UAE,Dubai,,25.1578915,55.4078009,,,,0,,openstreetmap
"international city, paramount",UAE,Dubai,,25.1584761,55.4068252,,,,0,,openstreetmap
天山餐厅,UAE,Dubai,,25.1643428,55.4161932,,,,0,,openstreetmap
Shams Al Barsha,UAE,Dubai,,25.099691,55.1912676,043406934,,,0,,openstreetmap
"Manoushe Street,",UAE,Dubai,,25.1909395,55.2814424,,,,0,,openstreetmap
Afghan Khorasan Restaurant,UAE,Dubai,8th Street,25.1744863,55.2567543,,,,0,,openstreetmap
Bu Qtair Fish Restaurant,UAE,Dubai,,25.1515093,55.1971669,,,,0,,openstreetmap
The Huddle Sports Bar & Grill at Citymax Hotel,UAE,Dubai,Kuwait Road,25.2509228,55.2920329,,,,0,,openstreetmap
deira dampa,UAE,Dubai,,25.2549898,55.3282175,,,,0,,openstreetmap
summary return,UAE,Dubai,Al Awir Road,25.1776046,55.3768084,,,,0,,openstreetmap
Bubble cafe,UAE,Dubai,,25.1896087,55.2316247,,,,0,,openstreetmap
صمد العراقي,UAE,Dubai,Jumeira Street,25.1982231,55.2383323,,,,0,,openstreetmap
manaland,UAE,Dubai,,25.2414571,55.2747522,,,,0,,openstreetmap
Taipei Dao,UAE,Dubai,,25.1865223,55.2783104,,,,0,,openstreetmap
Cassano Cafe,UAE,Dubai,,25.0048955,55.2498016,,,,0,,openstreetmap
Curry Box Contemporary Indian Cuisine,UAE,Dubai,,25.2242489,55.4269512,,https://curryboxme.com/,,0,,openstreetmap
Arz Lebanon,UAE,Dubai,,25.2237769,55.4267505,,,,0,,openstreetmap
Freedom Pizza | Mirdiff,UAE,Dubai,,25.2239536,55.427077,,,,0,,openstreetmap
Falafel Factory,UAE,Dubai,,25.2222395,55.4338304,,,,0,,openstreetmap
алкалааа,UAE,Dubai,,25.0719045,55.1406628,,,,0,,openstreetmap
Sarvanna Bhojan Sharaf Veg Restaurant,UAE,Dubai,,25.0493889,55.1323655,044255700,,,0,,openstreetmap
Urban Tadka Chaat Counter,UAE,Dubai,,25.0494021,55.1312274,,,,0,,openstreetmap
Urban Tadka Vegetarian Restaurant,UAE,Dubai,,25.0492509,55.1312811,,,,0,,openstreetmap
Al Maskoof Al Iraqi Restaurant,UAE,Dubai,,25.2809111,55.3529555,042972288,,,0,,openstreetmap
Karachi Darbar (Nada),UAE,Dubai,Al Nahda Street,25.2711417,55.3735354,,,,0,,openstreetmap
Yellow Cab Pizza,UAE,Dubai,"Al Hudaiba Road, Al Badaa",25.2308801,55.2709586,043456785,,,0,,openstreetmap
Novikov,UAE,Dubai,Sheikh Zayed Road,25.2295683,55.2867382,,,,0,,openstreetmap
Ambur Briyani Kitchen,UAE,Dubai,Damascus street,25.2902186,55.3939113,,,,0,,openstreetmap
المزة هاوس,UAE,Dubai,,25.1927119,55.2793642,,,,0,,openstreetmap
Spring Bamboo,UAE,Dubai,,25.2350904,55.3096674,,,,0,,openstreetmap
Chili's,UAE,Dubai,,25.0401093,55.1984324,,,,0,,openstreetmap
800 Degrees Neapolitan Pizzeria,UAE,Dubai,,25.0400049,55.1976718,,,,0,,openstreetmap
Paul Café,UAE,Dubai,,25.0397884,55.1982325,,,,0,,openstreetmap
بيتزا هت,UAE,Dubai,,25.1694383,55.2418988,,,,0,,openstreetmap
Malabar,UAE,Dubai,,25.1583512,55.407999,,,,0,,openstreetmap
Hardee's,UAE,Dubai,,25.117975,55.2084618,,,,0,,openstreetmap
Najaf Restaurant,UAE,Dubai,,25.2598414,55.3274191,,,,0,,openstreetmap
Nayaab Handi,UAE,Dubai,Al Wasl Road,25.2370925,55.2720134,,,,0,,openstreetmap
石锅鱼,UAE,Dubai,China C15,25.1662679,55.4124233,,,,0,,openstreetmap
Last Exit,UAE,Dubai,Sheikh Zayed Road,24.9111027,54.9634466,043173999,,,0,,openstreetmap
Taqado Bussiness bay,UAE,Dubai,,25.190766,55.2657226,,,,0,,openstreetmap
Wafi gourment,UAE,Dubai,,25.2303667,55.3189881,,,,0,,openstreetmap
Mr. Sub,UAE,Dubai,,25.2297064,55.3218613,,,,0,,openstreetmap
Gossip,UAE,Dubai,Al Wasl Road,25.1959416,55.2466801,,,,0,,openstreetmap
Cateria central kitachen,UAE,Dubai,,25.1203108,55.2367115,,,,0,,openstreetmap
Bap - lebar cafe,UAE,Dubai,,25.216593,55.2528217,,,,0,,openstreetmap
al khail express,UAE,Dubai,,25.1406556,55.2534511,,,,0,,openstreetmap
Lims cafe,UAE,Dubai,,25.1433341,55.2510641,,,,0,,openstreetmap
açai spot,UAE,Dubai,,25.2536714,55.3287281,,,,0,,openstreetmap
next level,UAE,Dubai,,25.2536728,55.3288133,,,,0,,openstreetmap
Dallayau central kitchen,UAE,Dubai,,25.2713762,55.3404102,,,,0,,openstreetmap
Abdel wahab central kitchen,UAE,Dubai,,25.1271634,55.2221577,,,,0,,openstreetmap
Artisan,UAE,Dubai,,25.2113144,55.2821516,,,,0,,openstreetmap
Pret A Manger,UAE,Dubai,,25.135289,55.2362229,,,,0,,openstreetmap
Grill'O Peri Peri Chicken,UAE,Dubai,,25.1169784,55.2037073,,,,0,,openstreetmap
Taqado Mexican Kitchen,UAE,Dubai,,25.0965369,55.180854,,,,0,,openstreetmap
Prax's,UAE,Dubai,,25.0967648,55.1809133,,,,0,,openstreetmap
Cabrito,UAE,Dubai,,25.1118904,55.2178505,,,,0,,openstreetmap
آيس لب,UAE,Dubai,,25.1615767,55.2662476,,,,0,,openstreetmap
ice lab,UAE,Dubai,,25.2558117,55.4764349,,,,0,,openstreetmap
Kuai Restaurant,UAE,Dubai,,25.2013391,55.2502006,,,,0,,openstreetmap
Baskent Turkish Kitchen,UAE,Dubai,Lakeshore Tower Unit B09 Cluster Y Jumeriah Lake Towers,25.0784604,55.1532846,+971544758002,https://www.instagram.com/baskentturkishkitchen/,,0,,openstreetmap
The Sum Of Us,UAE,Dubai,6th Street,25.2297406,55.2860307,+971564457526,http://thesumofusdubai.com/,,0,,openstreetmap
Döner Kebab,UAE,Dubai,,25.0775378,55.1503829,,,,0,,openstreetmap
Jones the grocer,UAE,Dubai,,25.1441631,55.2199075,,https://www.jonesthegrocer.com/,,0,,openstreetmap
Centrepoint,UAE,Dubai,,24.9893521,55.1947743,,,,0,,openstreetmap
Burger Pit,UAE,Dubai,,24.9113921,54.9631385,,,,0,,openstreetmap
Poco Loco,UAE,Dubai,,24.9115079,54.9632284,,https://www.pocoloco.ae/,,0,,openstreetmap
central point,UAE,Dubai,,24.9989099,55.1792714,,,,0,,openstreetmap
zaatar w zelt media city,UAE,Dubai,,25.1055275,55.1685762,,,,0,,openstreetmap
Slider Station,UAE,Dubai,,25.208015,55.254987,,,,0,,openstreetmap
Farhat original,UAE,Dubai,,25.2792922,55.3501256,,,,0,,openstreetmap
مطعم شان دربار,UAE,Dubai,25 Street,25.2304397,55.3772727,042859454,,,0,,openstreetmap
B to B Lebanese restaurant,UAE,Dubai,,25.2038492,55.2755554,,,,0,,openstreetmap
DineBest,UAE,Dubai,,25.2110938,55.2741605,,https://applebeesme.com/,,0,,openstreetmap
Long's Bar,UAE,Dubai,,25.2128104,55.2753284,,,,0,,openstreetmap
All the Perks,UAE,Dubai,Sheikh Zayed Road,25.2115075,55.2764152,,,,0,,openstreetmap
Johnny Rocketts,UAE,Dubai,,25.2073346,55.2735794,,,,0,,openstreetmap
Wokyo Noodle Bar,UAE,Dubai,First Al Khail Street,25.0677764,55.1412414,+97180096596,https://www.wokio.com/,,0,,openstreetmap
La Tablita,UAE,Dubai,Oud Metha Road,25.2346509,55.3243028,,,,0,,openstreetmap
Shakespeare and co,UAE,Dubai,,25.2137326,55.2782296,,,,0,,openstreetmap
German Doner Kebab,UAE,Dubai,,25.222108,55.4337474,,,,0,,openstreetmap
"Lock, Stock & Barrel",UAE,Dubai,,25.1012419,55.1776213,,https://www.lsbdubai.com,,0,,openstreetmap
Awani - Meadows Souk,UAE,Dubai,Meadows Souk,25.0540696,55.1706228,,https://awani.ae,,0,,openstreetmap
مطعم ومقهى السكرية,UAE,Dubai,,25.0698496,55.1291131,,,,0,,openstreetmap
يلدز سراي التركي مقهى,UAE,Dubai,,25.2605715,55.3204869,,,,0,,openstreetmap
ايسكريم,UAE,Dubai,,25.1677837,55.2112464,,https://findsalt.com/social-media-links/,,0,,openstreetmap
Jetty Lounge - One & Only,UAE,Dubai,,25.0970952,55.1503697,,,,0,,openstreetmap
Royal Roastery,UAE,Dubai,49c Street,25.2273085,55.3965378,,,,0,,openstreetmap
Rite Bite,UAE,Dubai,,25.1131349,55.1725721,,,,0,,openstreetmap
Royal Pot Restaurant,UAE,Dubai,,25.1246903,55.2325378,,,,0,,openstreetmap
Swish Bay Square,UAE,Dubai,,25.1855811,55.2798344,,,,0,,openstreetmap
Seafood in a Bucket,UAE,Dubai,,25.2541168,55.3286193,,,,0,,openstreetmap
Tandang Sora,UAE,Dubai,,25.2539642,55.3287079,,,,0,,openstreetmap
Jollibee,UAE,Dubai,,25.2667645,55.3176277,,,,0,,openstreetmap
Bodega,UAE,Dubai,,25.2543202,55.3286374,,,,0,,openstreetmap
zassy,UAE,Dubai,AL Rolla Street,25.257307,55.2858344,,,,0,,openstreetmap
مطعم الفهيدي,UAE,Dubai,شارع 21أ,25.2620854,55.2912077,,,,0,,openstreetmap
Al Rawa Grocery,UAE,Dubai,,25.2618501,55.2939584,,,,0,,openstreetmap
Restaurant,UAE,Dubai,,25.2898101,55.3267464,,,,0,,openstreetmap
Cafeteria,UAE,Dubai,,25.2842951,55.3335255,,,,0,,openstreetmap
Jabal Cafeteria,UAE,Dubai,,25.2811454,55.3139955,,,,0,,openstreetmap
Imperial Cafeteria,UAE,Dubai,,25.268057,55.313995,,,,0,,openstreetmap
مطعم الرومانسية اليمني,UAE,Dubai,Rose 2 - 17a St - Dubai 17a St Dubai United Arab Emirates,25.1140437,55.1935252,043994646,,,0,,openstreetmap
Umm Restaurant,UAE,Dubai,,25.2763403,55.3082231,,,,0,,openstreetmap
Al Bateen Restaurant,UAE,Dubai,,25.2758607,55.3125626,,,,0,,openstreetmap
Thalasheri Cafeteria,UAE,Dubai,,25.2738679,55.3116331,,,,0,,openstreetmap
Tabac Restaurant,UAE,Dubai,,25.271448,55.309018,,,,0,,openstreetmap
Zaal Restaurant,UAE,Dubai,,25.2679156,55.430622,,,,0,,openstreetmap
Turkish Doner Restaurant,UAE,Dubai,,25.2818786,55.4109942,,,,0,,openstreetmap
Al Falaci Restaurant,UAE,Dubai,,25.2830881,55.3882023,,,,0,,openstreetmap
Rawal Pandi Restaurant,UAE,Dubai,,25.2953061,55.3687247,,,,0,,openstreetmap
Saed Restaurant,UAE,Dubai,,25.1775439,55.3663548,,,,0,,openstreetmap
Ras Al Khar Restaurant,UAE,Dubai,,25.1853938,55.3615915,,,,0,,openstreetmap
Al Aweer Star Restaurant,UAE,Dubai,,25.1800909,55.3314106,,,,0,,openstreetmap
Shams Restaurant,UAE,Dubai,,25.1732391,55.3936192,,,,0,,openstreetmap
Al Moajabin Restaurant,UAE,Dubai,Ras Al Khor Road,25.1850159,55.3440565,,,,0,,openstreetmap
Mozarin Restaurant,UAE,Dubai,,25.1761204,55.388456,,,,0,,openstreetmap
Al Ibrahim Restaurant,UAE,Dubai,,25.1735522,55.3870554,,,,0,,openstreetmap
Taste Palace Restaurant,UAE,Dubai,,25.1777842,55.3879319,,,,0,,openstreetmap
Little Bangkok -urban thai,UAE,Dubai,,25.2168055,55.2799258,,,,0,,openstreetmap
Al Buthoola Restaurant,UAE,Dubai,,25.2254067,55.3861819,,,,0,,openstreetmap
Naif Corner Restaurant,UAE,Dubai,,25.2267243,55.383086,,,,0,,openstreetmap
Khalid Hasan Abdulla Restaurant,UAE,Dubai,,25.2394268,55.3684489,,,,0,,openstreetmap
Garage Auto Mobile,UAE,Dubai,13 Street,25.2296369,55.3740979,,,,0,,openstreetmap
Mohd Ali Restaurant,UAE,Dubai,9 Street,25.2289193,55.3677834,,,,0,,openstreetmap
Grand Barbeque,UAE,Dubai,,25.2406824,55.2737532,,,,0,,openstreetmap
Pippin Hot,UAE,Dubai,,25.2403901,55.2735097,,,,0,,openstreetmap
Mesbah Al Madeena,UAE,Dubai,10A Street,25.2579894,55.2864624,,,,0,,openstreetmap
Pak Sufi,UAE,Dubai,,25.2834585,55.3883464,,,,0,,openstreetmap
Chicken Tikka Inn,UAE,Dubai,,25.2174001,55.4188024,,,,0,,openstreetmap
Spice hut,UAE,Dubai,26b Street,25.2173976,55.4188976,+97142881100,,,0,,openstreetmap
Itzza Pizza,UAE,Dubai,,25.2226782,55.4354403,,,,0,,openstreetmap
Nindxia,UAE,Dubai,,25.228574,55.4320979,,,,0,,openstreetmap
Pizzaro,UAE,Dubai,,25.2286013,55.4321864,,,,0,,openstreetmap
Shawarmaji,UAE,Dubai,,25.2286019,55.4320335,,,,0,,openstreetmap
Pappa Murphy's Pizza,UAE,Dubai,,25.1996645,55.4415969,600540440,,,0,,openstreetmap
طربوش اكسبرس,UAE,Dubai,,25.2088702,55.4171686,,,,0,,openstreetmap
Golden Tasty,UAE,Dubai,Sheikh Zayed Road,25.1131758,55.1892745,,,,0,,openstreetmap
Lebaneese,UAE,Dubai,,25.2682046,55.3765094,,,,0,,openstreetmap
Souk Parking,UAE,Dubai,,25.2678535,55.2980902,,,,0,,openstreetmap
Baskin Robbins,UAE,Dubai,,25.1072178,55.1985554,,,,0,,openstreetmap
Shawarma Twist,UAE,Dubai,,25.1075103,55.1978032,,,,0,,openstreetmap
The Rose and Crown Dubai,UAE,Dubai,Al Habtoor City,25.1839864,55.2542314,,https://roseandcrowndubai.com/,,0,,openstreetmap
Freshii,UAE,Dubai,Abdullah Omran Taryam street,25.1049543,55.1679917,,,,0,,openstreetmap
Dhaba,UAE,Dubai,,25.2724405,55.3823263,,,,0,,openstreetmap
B&B Cricket Bar,UAE,Dubai,,25.233606,55.3093198,,,,0,,openstreetmap
BUNDOO KHAN Restaurant,UAE,Dubai,,25.2357512,55.3096638,,,,0,,openstreetmap
Danat Mirdif Cafeteria,UAE,Dubai,,25.222281,55.4338601,,,,0,,openstreetmap
Farwala,UAE,Dubai,,25.2221746,55.4337853,,,,0,,openstreetmap
Tadka and Tikka,UAE,Dubai,,25.2223505,55.4350898,,,,0,,openstreetmap
Thyme,UAE,Dubai,,25.2219391,55.4337511,,,,0,,openstreetmap
dip n dip Jumeirah,UAE,Dubai,,25.1861523,55.2291108,,,,0,,openstreetmap
Mumbai Masti Juice Centre,UAE,Dubai,شارع الفهيدي,25.2622491,55.2970304,+97143867655,https://www.mumbaimastijuicecenter.com/,,0,,openstreetmap
Dutchies,UAE,Dubai,,25.1652478,55.2094924,,,,0,,openstreetmap
BRGR,UAE,Dubai,,25.1652153,55.2094705,,,,0,,openstreetmap
Hum Yum,UAE,Dubai,,25.1651874,55.209402,,,,0,,openstreetmap
Al Zaharia Restaurant,UAE,Dubai,,25.182066,55.3541965,,,,0,,openstreetmap
La Marquis,UAE,Dubai,,25.1182638,55.2384747,,,,0,,openstreetmap
Taste of Italy by Heinz Beck,UAE,Dubai,,25.2080972,55.2550596,,,,0,,openstreetmap
الشندقه مطاعم شعبيه,UAE,Dubai,,25.1714353,55.2434248,,,,0,,openstreetmap
Spicy Village Restaurant,UAE,Dubai,,24.8501512,55.3440978,,,,0,,openstreetmap
Pizza Company,UAE,Dubai,2nd December Road,25.2353574,55.2777455,,,,0,,openstreetmap
مائ سیندویشز,UAE,Dubai,Academic City Road,25.1242002,55.4014216,,,,0,,openstreetmap
Spinneys The Villa,UAE,Dubai,,25.0817669,55.3514553,,,,0,,openstreetmap
Uzb Avenue,UAE,Dubai,40 Street,25.1110049,55.1907721,,,,0,,openstreetmap
sarj,UAE,Dubai,,25.2758395,55.3335423,,,,0,,openstreetmap
Caffè Nero,UAE,Dubai,,25.2250871,55.2911282,,,,0,,openstreetmap
% Arabica,UAE,Dubai,Sheikh Zayed Road,25.2119093,55.2744926,,,,0,,openstreetmap
Malabar Paris,UAE,Dubai,,25.2461587,55.3052081,,,,0,,openstreetmap
Kenny Rogers Roasters,UAE,Dubai,,25.2367081,55.3021022,,,,0,,openstreetmap
Manila Pandesal,UAE,Dubai,,25.296221,55.3716112,,,,0,,openstreetmap
Pasons Restaurant,UAE,Dubai,,24.9882086,55.1966928,,,,0,,openstreetmap
Bikers' Cafe,UAE,Dubai,Jumeira Street,25.2156983,55.2504933,,,,0,,openstreetmap
KFC,UAE,Dubai,,25.081039,55.2160502,,,,0,,openstreetmap
Ibn Hamido,UAE,Dubai,,25.1140182,55.1904735,+97143959595,,,0,,openstreetmap
chowking karama,UAE,Dubai,,25.2468538,55.3084715,,,,0,,openstreetmap
"""Moulin Rouge""",UAE,Dubai,,25.2610186,55.3222838,,,,0,,openstreetmap
Hyu Korean Restaurant,UAE,Dubai,Oud Metha Road,25.2457199,55.3144403,+97143344294,,,0,,openstreetmap
Spring Onion,UAE,Dubai,,25.1839667,55.2599538,,,,0,,openstreetmap
Cubano Lito Bar and Lounge,UAE,Dubai,,25.2210487,55.2861021,,,,0,,openstreetmap
Abou Rabie,UAE,Dubai,,25.2836865,55.3735956,,,,0,,openstreetmap
Blue Elephant Restaurant,UAE,Dubai,,25.2477376,55.3450822,,,,0,,openstreetmap
African Restaurant,UAE,Dubai,,25.274513,55.3014907,,,,0,,openstreetmap
The Cheesecake Factory,UAE,Dubai,,25.196546,55.278979,,,,0,,openstreetmap
Rainforest Cafe,UAE,Dubai,,25.1978256,55.278845,,,,0,,openstreetmap
Second Cup,UAE,Dubai,,25.1983168,55.2799654,,,,0,,openstreetmap
Cafe Blanc,UAE,Dubai,,25.1957848,55.2783664,,,,0,,openstreetmap
Eat Greek,UAE,Dubai,,25.1958174,55.2780424,,,,0,,openstreetmap
The Beach House - Bait Al Bahar,UAE,Dubai,Al Hadd street,25.174953,55.2180193,,https://www.zomato.com/dubai/the-beach-house-bait-al-bahar-umm-suqeim,,0,,openstreetmap
Hakoora Cafe Difc,UAE,Dubai,,25.2037416,55.275427,,,,0,,openstreetmap
Hako Sushi JLT cluster I,UAE,Dubai,,25.069359,55.142138,,,,0,,openstreetmap
Pitfire Pizza Greens,UAE,Dubai,,25.0938464,55.168417,,,,0,,openstreetmap
Karam Beirut,UAE,Dubai,,25.1967106,55.2770049,,https://www.karambeirut.ae,,0,,openstreetmap
Anatolia,UAE,Dubai,,25.0470597,55.1222555,,http://www.anatoliaturkishgrill.com,,0,,openstreetmap
Sarhad Darbar,UAE,Dubai,,24.9708024,55.1721523,,,,0,,openstreetmap
Yoko Sizzlers Restaurant,UAE,Dubai,,25.2512381,55.3032531,043968558,https://www.yokosizzlers.com/,,0,,openstreetmap
Make,UAE,Dubai,,25.2639407,55.2994263,,http://www.makebusinesshub.com,,0,,openstreetmap
Filli Cafe Kite Beach,UAE,Dubai,,25.1603691,55.2054507,,,,0,,openstreetmap
Sky Restaurant,UAE,Dubai,,25.0998386,55.1789202,,,,0,,openstreetmap
Malik Burger,UAE,Dubai,,25.216963,55.449769,,,,0,,openstreetmap
Shorama,UAE,Dubai,,25.092494,55.1984293,,,,0,,openstreetmap
Paavo's Pizza,UAE,Dubai,Al Awir Road,25.1738389,55.4358546,+971600500501,https://www.paavospizza.ae,,0,,openstreetmap
Manado,UAE,Dubai,318 Street,25.1507697,55.2496228,,,,0,,openstreetmap
Cafino Cafe,UAE,Dubai,Damascus street,25.2907547,55.3942748,,,,0,,openstreetmap
Dar Cafe,UAE,Dubai,,25.2696851,55.3553592,,,,0,,openstreetmap
نار,UAE,Dubai,,25.2097732,55.2598046,,,,0,,openstreetmap
Al Hallab and Sweets,UAE,Dubai,,25.195934,55.2776545,,,,0,,openstreetmap
Big Smoke Burger,UAE,Dubai,,24.9112339,54.962869,,,,0,,openstreetmap
Chicks N'Friends,UAE,Dubai,,24.9115666,54.9634345,,,,0,,openstreetmap
Falafel Farm,UAE,Dubai,,25.1814493,55.2633355,,,,0,,openstreetmap
Al Wasel Garden Cafeteria,UAE,Dubai,,25.2212354,55.2660734,,,,0,,openstreetmap
The Hot Dog Stand,UAE,Dubai,,24.9110345,54.963095,,,,0,,openstreetmap
Don Pizza,UAE,Dubai,,24.9112206,54.9632492,,,,0,,openstreetmap
اوبيريشن فلافل,UAE,Dubai,Sheikh Zayed Road,24.9111014,54.9625237,,https://www.operationfalafel.com/,,0,,openstreetmap
Urban Seafood,UAE,Dubai,,24.9111479,54.9627114,,,,0,,openstreetmap
Aroma Garden,UAE,Dubai,Oud Metha Road,25.2458797,55.3149913,,,,0,,openstreetmap
ميتروفالكون,UAE,Dubai,,25.2099254,55.2709749,,http://www.metrofalcon.com,,0,,openstreetmap
Cha Cha Chai,UAE,Dubai,,24.9674235,55.0769916,,,,0,,openstreetmap
كافتيريا لطائف,UAE,Dubai,,25.251855,55.4660077,042877193,,,0,,openstreetmap
Bikanerwala Restaurant and Sweet,UAE,Dubai,,25.2486057,55.302237,,,,0,,openstreetmap
Yalla Momos,UAE,Dubai,,25.2485578,55.302425,,,,0,,openstreetmap
Nadumuttam Kerala Cuisine,UAE,Dubai,,25.2486358,55.3024823,,,,0,,openstreetmap
The Monk,UAE,Dubai,4b Street,25.2487025,55.3025071,,,,0,,openstreetmap
بریانی اصفهان,UAE,Dubai,,25.2661582,55.3114057,,,,0,,openstreetmap
The Farm Restaurant,UAE,Dubai,,25.0945218,55.3106776,,,,0,,openstreetmap
Pepper House Restaurant,UAE,Dubai,,24.9675081,55.0769111,,,,0,,openstreetmap
Dukkan Falafil,UAE,Dubai,,24.9680001,55.0781815,048876220,,,0,,openstreetmap
مطعم كراتشي دبر,UAE,Dubai,شارع النهضة,25.2633047,55.291427,,,,0,,openstreetmap
TAZA Sheikh Zayed Restaurant,UAE,Dubai,DXB Tower - Unit No. 3 - Plot No. 335-135 Sheikh Zayed Rd - Trade Centre - Trade Centre 1 - Dubai,25.2135075,55.2758225,+97143542323,https://www.tazauae.com/,,0,,openstreetmap
Fishers Hub Family Bar,UAE,Dubai,,25.2626053,55.297333,,,,0,,openstreetmap
Al Obaid Cafeteria,UAE,Dubai,,25.2648156,55.2951852,,,,0,,openstreetmap
Tourist Cafeteria,UAE,Dubai,,25.2635654,55.2905702,,,,0,,openstreetmap
Happy Dolphin,UAE,Dubai,,25.3191289,55.3479545,,,,0,,openstreetmap
Shop 7,UAE,Dubai,,25.3232106,55.3484081,,,,0,,openstreetmap
Kebab Bistro,UAE,Dubai,,25.2491172,55.3114777,,,,0,,openstreetmap
Al Afadhil,UAE,Dubai,,25.2489596,55.3110807,,,,0,,openstreetmap
Daily Restaurant - Karama,UAE,Dubai,,25.2491051,55.310952,,,,0,,openstreetmap
Bacolod CHK N BBQ House,UAE,Dubai,,25.2506917,55.3097181,,,,0,,openstreetmap
La Taqueria DxB,UAE,Dubai,,25.1856043,55.2756551,,,,0,,openstreetmap
Saladicious Grillz,UAE,Dubai,,25.2065466,55.2637422,80072523,https://saladicious.com,,0,,openstreetmap
Nara Cafe and Restaurant,UAE,Dubai,,25.1534838,55.2256161,,,,0,,openstreetmap
Soul Fiumi,UAE,Dubai,,25.153661,55.2257234,,,,0,,openstreetmap
Maraheb Restaurant,UAE,Dubai,,25.1514025,55.2236072,,,,0,,openstreetmap
Bundoo Khan,UAE,Dubai,,25.1513612,55.2235133,,,,0,,openstreetmap
Pizzaro - Jumairah,UAE,Dubai,,25.153434,55.1990952,,,,0,,openstreetmap
Origami Sushi fusion restaurant,UAE,Dubai,,25.153349,55.1991595,,,,0,,openstreetmap
Meat Me There,UAE,Dubai,,25.1533041,55.1990992,,,,0,,openstreetmap
iburger,UAE,Dubai,,25.2011706,55.5106657,,,,0,,openstreetmap
Brocolo Pizza and Pasta,UAE,Dubai,,24.9679423,55.0781023,,,,0,,openstreetmap
Which Wich?,UAE,Dubai,,24.9681982,55.0780557,600522009,,,0,,openstreetmap
ChicKing DIP,UAE,Dubai,,24.99811,55.1759187,600595958,https://www.chickinguae.com/,,0,,openstreetmap
Foods Sagar,UAE,Dubai,,24.9961257,55.1739447,,http://www.foodssagar.com/,,0,,openstreetmap
درج الياسمين,UAE,Dubai,,25.2314002,55.3130877,,,,0,,openstreetmap
Tony Roma's,UAE,Dubai,,25.2359467,55.4365039,,https://www.tonyromas.ae/,,0,,openstreetmap
Blades,UAE,Dubai,Al Rebat Street,25.2156512,55.3639879,047011127,,,0,,openstreetmap
Madhura Restaurant,UAE,Dubai,,25.2605327,55.2951455,,,,0,,openstreetmap
Texas Chicken,UAE,Dubai,,25.2089399,55.4172878,,,,0,,openstreetmap
Bharna Restaurant,UAE,Dubai,,25.1995309,55.4416973,042808880,,,0,,openstreetmap
Chelsea Burger,UAE,Dubai,,25.1995691,55.4416685,,,,0,,openstreetmap
Filli Tea,UAE,Dubai,,25.2235617,55.4254158,,,,0,,openstreetmap
Karachi Darbar Restaraunt,UAE,Dubai,,25.2402605,55.3097702,0097143579000,,,0,,openstreetmap
Pudumadan Indian Restaurant,UAE,Dubai,,25.0918328,55.3847455,,,,0,,openstreetmap
China House Restaurant,UAE,Dubai,,25.0908423,55.3852759,,,,0,,openstreetmap
Al Quoz Restaurant,UAE,Dubai,,25.1753174,55.2553549,,,,0,,openstreetmap
Sea Shell Restaurant,UAE,Dubai,Nad Al Hamar Road,25.2232159,55.3759995,,,,0,,openstreetmap
Gloria Jean's coffees,UAE,Dubai,,25.2242209,55.3770239,,,,0,,openstreetmap
Indiawale Al fahidi,UAE,Dubai,7th Street,25.2611334,55.2984,,,,0,,openstreetmap
African Eastern,UAE,Dubai,Khalid Bin Waleed Road,25.25691,55.3006145,,,,0,,openstreetmap
New Day Fresh Resto OPC Area,UAE,Dubai,13A Street,25.259716,55.3017657,,,,0,,openstreetmap
Kabab Safa Restaurant,UAE,Dubai,,25.20195,55.376471,,,,0,,openstreetmap
Noodle House,UAE,Dubai,,25.1338546,55.1861572,,,,0,,openstreetmap
Pak Jinnah Sweets and Restaurant,UAE,Dubai,,25.1597845,55.4092243,,,,0,,openstreetmap
Farooj hut,UAE,Dubai,,25.1113717,55.205355,,,,0,,openstreetmap
Al Kabab Al Afghani Restaurant,UAE,Dubai,,25.2731211,55.3044064,,,,0,,openstreetmap
Lahori Pakwan Restaurant,UAE,Dubai,Omar Bin Al Khattab Road,25.2786505,55.3134116,,,,0,,openstreetmap
Jungle Juice,UAE,Dubai,,25.1399681,55.219825,,,,0,,openstreetmap
كرسبي كريم,UAE,Dubai,,25.1392338,55.2200521,,,,0,,openstreetmap
Banglore Empire Restaurant,UAE,Dubai,Za'abeel Street,25.2426006,55.3064397,,,,0,,openstreetmap
Vendome Paris,UAE,Dubai,25a Street,25.1240212,55.2084001,,,,0,,openstreetmap
Sheikh Al Mandi,UAE,Dubai,,25.1122631,55.1917136,,,,0,,openstreetmap
Jabal Al Mardif Cafeteria,UAE,Dubai,,25.2172515,55.4192231,042882255,,,0,,openstreetmap
New Luck Restaurant,UAE,Dubai,,25.1331088,55.2223896,,,,0,,openstreetmap
Dunkin Donut,UAE,Dubai,,25.1693047,55.2415467,,,,0,,openstreetmap
Marrybrown,UAE,Dubai,,25.1504584,55.2445227,,,,0,,openstreetmap
Krispy Kreme,UAE,Dubai,,25.1696351,55.2417805,,,,0,,openstreetmap
Hanoi Restaurant,UAE,Dubai,,25.0687128,55.1398273,,,,0,,openstreetmap
IL Donaccino,UAE,Dubai,,25.0702455,55.141226,,,,0,,openstreetmap
Hili Coffee House LLC,UAE,Dubai,,25.1810642,55.3469322,,,,0,,openstreetmap
معطم لاھور دربار,UAE,Dubai,,25.276511,55.3111646,,,,0,,openstreetmap
Pressman's,UAE,Dubai,,25.2114866,55.2820056,,,,0,,openstreetmap
Asics,UAE,Dubai,,25.238284,55.3043894,,,,0,,openstreetmap
Grillato,UAE,Dubai,,25.0802023,55.1442386,,,,0,,openstreetmap
Il Forno,UAE,Dubai,,24.9981623,55.1758136,+97148833966,,,0,,openstreetmap
"Maharaja Bhog, Karama",UAE,Dubai,,25.2514528,55.3090179,,,,0,,openstreetmap
Mandi,UAE,Dubai,,25.2363776,55.3088937,,,,0,,openstreetmap
The Underground,UAE,Dubai,,25.0856904,55.1411983,,,,0,,openstreetmap
Level 43 Sky Lounge Bar & Resto,UAE,Dubai,,25.2140242,55.2761168,,,,0,,openstreetmap
Reform Social & Grill Dubai,UAE,Dubai,The Lakes Fun Club,25.0788963,55.1676834,044542638,https://www.reformsocialgrill.ae/,,0,,openstreetmap
Dar El kamar,UAE,Dubai,,25.071132,55.1286213,,,,0,,openstreetmap
Art house 1001,UAE,Dubai,,25.2017232,55.2498029,,,,0,,openstreetmap
Cafe b,UAE,Dubai,,25.209017,55.2725688,,,,0,,openstreetmap
Piccolo Mondo View,UAE,Dubai,,25.2111537,55.2740018,,,,0,,openstreetmap
Garden Restaurant,UAE,Dubai,,25.2115581,55.2744409,,,,0,,openstreetmap
Margherita Pizza,UAE,Dubai,,25.2083975,55.2742873,,,,0,,openstreetmap
Soho Grill,UAE,Dubai,,25.2085577,55.2743973,043434007,https://soho.ae/,,0,,openstreetmap
Al Safadi,UAE,Dubai,,25.2075512,55.2736798,,,,0,,openstreetmap
New Times Chinese,UAE,Dubai,,25.2594928,55.3208022,,,,0,,openstreetmap
Jiu Gong Ge Hot Pot Chinise,UAE,Dubai,,25.1616696,55.4007227,,,,0,,openstreetmap
Restaurant&Kitchen Qarya Al Jabal,UAE,Dubai,Madam Road,25.0343794,55.5946504,+97150637708,,,0,,openstreetmap
Barjeel al Arab restaurant,UAE,Dubai,,25.2620247,55.2861199,,,,0,,openstreetmap
Ratsky,UAE,Dubai,,25.242257,55.2980545,,,,0,,openstreetmap
Kitakits Kafe & Klubb,UAE,Dubai,,25.2707946,55.3197217,,,,0,,openstreetmap
شارع المطاعم دبي,UAE,Dubai,,25.2656586,55.3261049,,,,0,,openstreetmap
Cielo Sky Lounge,UAE,Dubai,,25.2457039,55.3312024,,,,0,,openstreetmap
Mistral,UAE,Dubai,,25.0414079,55.11488,,,,0,,openstreetmap
مطعم قصر الجبل,UAE,Dubai,,24.9849119,55.1085614,0553893200,,,0,,openstreetmap
Zahrath,UAE,Dubai,,25.2704868,55.2970506,,,,0,,openstreetmap
Gazebo,UAE,Dubai,19c شارع,25.2702616,55.3717379,042639400,https://www.gazebo.ae/,,0,,openstreetmap
Rajju omelette,UAE,Dubai,,25.1498557,55.2260979,043883355,,,0,,openstreetmap
Chai Tea,UAE,Dubai,,25.2213375,55.2805004,,,,0,,openstreetmap
Qasr Al Sultan,UAE,Dubai,,24.898678,55.0129094,800785826,http://qasralsultan.ae,,0,,openstreetmap
Daraj Al Yasmin,UAE,Dubai,10 25 St - Dubai,25.2317214,55.312695,043967070,,,0,,openstreetmap
Haddad Hyderabadi,UAE,Dubai,Damascus Street,25.2765482,55.3843595,042635926,,,0,,openstreetmap
Hot n Spicy,UAE,Dubai,Abdullah Omran Taryam St.,25.0976323,55.170841,,,,0,,openstreetmap
Belad Al Sham Rest.,UAE,Dubai,Al Nahda Road,25.268369,55.3762225,042613332,,,0,,openstreetmap
Lal Qilla,UAE,Dubai,2nd December Road,25.2396766,55.2704165,043254778,http://lalqila.ae,,0,,openstreetmap
Bar B. Q. Tonight,UAE,Dubai,Jumeirah Road,25.2421403,55.2714709,043425272,https://bbqtonight.ae/,,0,,openstreetmap
Billo Ice-cream,UAE,Dubai,Damascus street,25.2885945,55.3927554,0559418756,,,0,,openstreetmap
Brasa Middle East FZE,UAE,Dubai,,24.9608308,55.0592838,048833680,,,0,,openstreetmap
Dukkan,UAE,Dubai,,25.1326664,55.3802958,,,,0,,openstreetmap
خبز وزيتون,UAE,Dubai,First Al Khail Street,25.0953009,55.1785348,800487623,http://gtroad.ae,,0,,openstreetmap
Kilby Cafe,UAE,Dubai,,25.0494443,55.1331863,044405994,,,0,,openstreetmap
Dukkan Al Wasl,UAE,Dubai,,25.211296,55.2597765,+97143490377,,,0,,openstreetmap
Broccoli,UAE,Dubai,,25.0802323,55.1522745,045519319,http://www.broccolipizzaandpasta.com,,0,,openstreetmap
الكباب الافغانی مطعم,UAE,Dubai,,25.0820883,55.1457165,600522554,,,0,,openstreetmap
الشرفه,UAE,Dubai,,25.0839809,55.1411137,,,,0,,openstreetmap
Fomo Cafe,UAE,Dubai,Marasi Drive,25.1911014,55.2853003,+97144431520,https://fomo-cafe.com/,,0,,openstreetmap
Shabu shabu Buffet 60dhs,UAE,Dubai,,25.2705376,55.3240872,,,,0,,openstreetmap
Cafe Premiere,UAE,Dubai,,25.1931378,55.2626453,,,,0,,openstreetmap
عند ميشال,UAE,Dubai,,25.2240794,55.2854076,,,,0,,openstreetmap
Japengo,UAE,Dubai,,25.2239506,55.28594,,,,0,,openstreetmap
Shawa shake,UAE,Dubai,Al Marsa Street,25.0798059,55.1449216,,,,0,,openstreetmap
Wide Range,UAE,Dubai,,25.1481655,55.1947962,,,,0,,openstreetmap
Uch Kuduk,UAE,Dubai,,25.0839679,55.1412661,,,,0,,openstreetmap
Mashawi,UAE,Dubai,,25.0936419,55.1681875,,,,0,,openstreetmap
Java Cafe,UAE,Dubai,,25.112748,55.1886954,,,,0,,openstreetmap
Bubbles Bar,UAE,Dubai,,25.1124006,55.1882958,,,,0,,openstreetmap
مقهى مستكا,UAE,Dubai,Garden Cross Road,25.0483539,55.121855,,,,0,,openstreetmap
مقهى و مطعم زينيا,UAE,Dubai,Garden Cross Road,25.0480931,55.1216386,,,,0,,openstreetmap
Bahary seafood,UAE,Dubai,,25.0712893,55.1304926,,,,0,,openstreetmap
Unison office,UAE,Dubai,,25.2766901,55.3092516,,,,0,,openstreetmap
Smiling BKK (Thai),UAE,Dubai,,25.2457636,55.3396631,,,,0,,openstreetmap
Auberge,UAE,Dubai,,24.9816083,55.0933585,,,,0,,openstreetmap
chalet grill plus,UAE,Dubai,Street 19,25.1145278,55.194748,,,,0,,openstreetmap
Al Jood Mandy,UAE,Dubai,,25.2784444,55.3839483,,,,0,,openstreetmap
Baker Street Cafe,UAE,Dubai,,25.07617,55.145966,,,,0,,openstreetmap
Biella Restaurant,UAE,Dubai,,25.228597,55.3193244,,,,0,,openstreetmap
Skazka Deira Russian restaurant,UAE,Dubai,,25.2769832,55.3111075,,,,0,,openstreetmap
House of pizza,UAE,Dubai,,25.1062718,55.1483549,,,,0,,openstreetmap
Logma,UAE,Dubai,,25.1995885,55.2479182,,,,0,,openstreetmap
Burguer Rebel,UAE,Dubai,,25.2283706,55.3188602,,,,0,,openstreetmap
Burj Al Hamam 2x1,UAE,Dubai,,25.0770639,55.1407529,,,,0,,openstreetmap
Ciao Ciao 2x1,UAE,Dubai,,25.0921572,55.1508329,,,,0,,openstreetmap
Donas Dum Dum 2x1,UAE,Dubai,,25.1537817,55.2021005,,,,0,,openstreetmap
The Fish & Chips room,UAE,Dubai,,25.0805022,55.1436511,,,,0,,openstreetmap
Fratelli la Bufala 2x1,UAE,Dubai,,25.2236988,55.3548345,,,,0,,openstreetmap
The Lounge,UAE,Dubai,,24.9816824,55.0933833,,,,0,,openstreetmap
Click,UAE,Dubai,,24.981761,55.0931065,,,,0,,openstreetmap
DESL HUT Restaurant,UAE,Dubai,10th Street,25.1270702,55.2362791,,,,0,,openstreetmap
Zou Zou,UAE,Dubai,Jumeira Street,25.2246515,55.2575369,,,,0,,openstreetmap
Ard Zaytoon,UAE,Dubai,Jumeira Street,25.2161168,55.250978,,,,0,,openstreetmap
Bayat Al Fatayer,UAE,Dubai,Jumeira Street,25.2120076,55.247813,,,,0,,openstreetmap
Karachi Grill,UAE,Dubai,Jumeira Street,25.2057294,55.2430794,,,,0,,openstreetmap
Volt,UAE,Dubai,Jumeira Street,25.1908622,55.2319531,,,,0,,openstreetmap
Samur Al Sushi,UAE,Dubai,Jumeira Street,25.1907503,55.2318529,,,,0,,openstreetmap
Selate,UAE,Dubai,Jumeira Street,25.1904373,55.2316445,,,,0,,openstreetmap
Papa Junior,UAE,Dubai,Jumeira Street,25.1904,55.2316216,,,,0,,openstreetmap
Sapphire Seafood,UAE,Dubai,Jumeira Street,25.1903647,55.2315918,,,,0,,openstreetmap
Sheel Alashi,UAE,Dubai,Jumeira Street,25.1903295,55.2315551,,,,0,,openstreetmap
Moylos Burgers,UAE,Dubai,Jumeira Street,25.1785468,55.2225074,,,,0,,openstreetmap
303,UAE,Dubai,Jumeira Street,25.1783703,55.2223706,,,,0,,openstreetmap
Sea Shell,UAE,Dubai,Jumeira Street,25.1780792,55.2221447,,,,0,,openstreetmap
Barracuda,UAE,Dubai,Jumeira Street,25.1776936,55.221847,,,,0,,openstreetmap
Lads Burger,UAE,Dubai,Jumeira Street,25.1744332,55.2193219,,,,0,,openstreetmap
Huff & Puff Burger,UAE,Dubai,Jumeira Street,25.1743694,55.2192742,,,,0,,openstreetmap
Sowr,UAE,Dubai,Jumeira Street,25.1743262,55.219231,,,,0,,openstreetmap
B7B Italia,UAE,Dubai,Jumeira Street,25.1741061,55.2190264,,,,0,,openstreetmap
Hamptons Cafe,UAE,Dubai,Jumeira Street,25.171515,55.2169655,,,,0,,openstreetmap
The Burgr Factory,UAE,Dubai,Jumeirah Beach Road,25.1710747,55.2166742,+971503410188,https://burgrfactory.ae/,,0,,openstreetmap
King Chef,UAE,Dubai,Street 27,25.1328476,55.2410074,,,,0,,openstreetmap
Landmark Restaurant,UAE,Dubai,Street 27,25.1326787,55.2419885,,,,0,,openstreetmap
Local Bites Cafe,UAE,Dubai,Jumeira Street,25.1656109,55.2124092,,,,0,,openstreetmap
Burger Trip,UAE,Dubai,Jumeira Street,25.1579732,55.2058818,,,,0,,openstreetmap
Canary,UAE,Dubai,Jumeira Street,25.1578207,55.2057563,,,,0,,openstreetmap
Doner Deli,UAE,Dubai,Jumeira Street,25.1573968,55.2053924,,,,0,,openstreetmap
Heat,UAE,Dubai,Jumeira Street,25.1507778,55.1997111,,,,0,,openstreetmap
Kar Food,UAE,Dubai,Jumeira Street,25.1493168,55.19843,,,,0,,openstreetmap
Depresso1,UAE,Dubai,Jumeira Street,25.1493601,55.1984723,,,,0,,openstreetmap
Poke,UAE,Dubai,Jumeira Street,25.1492802,55.1983987,,,,0,,openstreetmap
Al Shawerma Al Turkia,UAE,Dubai,41a Street,25.1484149,55.1975995,,,,0,,openstreetmap
World Market,UAE,Dubai,King Salman bin Abdulaziz Al Saud Street,25.0835107,55.1422791,,,,0,,openstreetmap
Noodle Room,UAE,Dubai,JBR Rd,25.0823026,55.140731,,,,0,,openstreetmap
Shahi Wughal,UAE,Dubai,Khalid Bin Waleed Road,25.2542069,55.3049149,,,,0,,openstreetmap
Taste Town,UAE,Dubai,Khalid Bin Waleed Road,25.2539485,55.3054272,,,,0,,openstreetmap
Daily Restaurant,UAE,Dubai,Al Ittihad Road,25.2556163,55.3301552,,,,0,,openstreetmap
Al Saudi Al Yamni,UAE,Dubai,Al Ittihad Road,25.2603114,55.3323278,,,,0,,openstreetmap
Karachi Restaurant,UAE,Dubai,Street 2,25.1325627,55.2357033,,,,0,,openstreetmap
FoodBowl,UAE,Dubai,Khalid Bin Waleed Road,25.2579239,55.2987742,+97145468181,,,0,,openstreetmap
Hot Burger,UAE,Dubai,Khalid Bin Waleed Road,25.2577509,55.2990199,,,,0,,openstreetmap
Vegetarian Khana Restaurant & Café,UAE,Dubai,Khalid Bin Waleed Road,25.2589821,55.2965538,+97145919291,https://www.vegetariankhaana.com/,,0,,openstreetmap
Khalfan Al Shaer,UAE,Dubai,Khalid Bin Waleed Road,25.258936,55.2966477,,,,0,,openstreetmap
Royal Ruby Irion,UAE,Dubai,42a Street,25.0991633,55.2188423,,,,0,,openstreetmap
Al Maroof Palace,UAE,Dubai,40a Street,25.1055436,55.2236148,,,,0,,openstreetmap
أرارت مطعم,UAE,Dubai,شارع مستشفى المكتوم,25.2704082,55.3153628,,,,0,,openstreetmap
Shu,UAE,Dubai,Jumeira Street,25.198763,55.2386388,,,,0,,openstreetmap
Buffalo Wild Wings,UAE,Dubai,Al Heeba Street,25.1722676,55.2185088,+97142885853,https://www.buffalowildwings.ae/,,0,,openstreetmap
Attibassi Coffee,UAE,Dubai,Jumeira Street,25.1699671,55.216457,,,,0,,openstreetmap
Sun Shine Restaurant,UAE,Dubai,Jumeira Street,25.1625298,55.2104073,,,,0,,openstreetmap
Biryani Pot,UAE,Dubai,Jumeira Street,25.1613157,55.2094405,,,,0,,openstreetmap
Bin Sina,UAE,Dubai,Jumeira Street,25.1614242,55.2095356,,,,0,,openstreetmap
The Stuffed Burger,UAE,Dubai,Jumeira Street,25.1546003,55.203576,,,,0,,openstreetmap
Mamma Italia,UAE,Dubai,Jumeira Street,25.1470392,55.1970776,,,,0,,openstreetmap
Brew,UAE,Dubai,Jumeira Street,25.1470122,55.1970449,,,,0,,openstreetmap
Traveller's Cafe,UAE,Dubai,11 Street,25.1102037,55.2031464,,,,0,,openstreetmap
City Diamond Restaurant,UAE,Dubai,Street 22,25.1321711,55.2467573,,,,0,,openstreetmap
DAR Restaurant & Kitchen Al Mandi & Madhbi,UAE,Dubai,16 Street,25.1109953,55.2058818,,,,0,,openstreetmap
البرشاء,UAE,Dubai,شارع 16,25.1117259,55.2064351,,,,0,,openstreetmap
Kababi,UAE,Dubai,16 Street,25.1118148,55.2065053,,,,0,,openstreetmap
Que Club,UAE,Dubai,16 Street,25.1121585,55.2067574,,,,0,,openstreetmap
Qaser Alqouze Traditional Kitchen,UAE,Dubai,Street 22,25.1351729,55.249807,,,,0,,openstreetmap
European Star,UAE,Dubai,King Salman bin Abdulaziz Al Saud Street,25.0764049,55.1351475,,,,0,,openstreetmap
Sabah Lebanon Restaurant & Grill,UAE,Dubai,16 Street,25.1130359,55.2061413,,,,0,,openstreetmap
Wing Stop,UAE,Dubai,Jumeira Street,25.2306278,55.2626547,,,,0,,openstreetmap
Fuddruckers,UAE,Dubai,Jumeira Street,25.231625,55.2634607,,,,0,,openstreetmap
Master Chef Restaurant,UAE,Dubai,Jumeira Street,25.2444885,55.2727734,,,,0,,openstreetmap
4star cafeteria,UAE,Dubai,Khalid Bin Waleed Road,25.2598317,55.2862482,,,,0,,openstreetmap
Pizza Corner,UAE,Dubai,Khalid Bin Waleed Road,25.2591337,55.2901353,,,,0,,openstreetmap
Chinese Room Restaurant,UAE,Dubai,Khalid Bin Waleed Road,25.2591543,55.2902131,,,,0,,openstreetmap
Niloufer Hiderabad,UAE,Dubai,Khalid Bin Waleed Road,25.2594374,55.2938488,,,,0,,openstreetmap
Nefertiti Restaurant & Coffee Shop,UAE,Dubai,Khalid Bin Waleed Road,25.2569699,55.2993983,,,,0,,openstreetmap
Vega by Puranmal,UAE,Dubai,Jumeira Street,25.2283931,55.2604499,,,,0,,openstreetmap
Jaam & Jam,UAE,Dubai,Jumeira Street,25.2295893,55.2613297,,,,0,,openstreetmap
Flowers Ale,UAE,Dubai,Jumeira Street,25.2302189,55.2618849,,,,0,,openstreetmap
Coco Roti,UAE,Dubai,Jumeira Street,25.2314599,55.2627593,,,,0,,openstreetmap
Broccoli Pizza & Pasta,UAE,Dubai,Jumeira Street,25.2315266,55.2628089,,,,0,,openstreetmap
سارة,UAE,Dubai,طريق خالد بن الوليد,25.2602229,55.2864654,,,,0,,openstreetmap
Karachi,UAE,Dubai,Khalid Bin Waleed Road,25.2595886,55.2902788,,,,0,,openstreetmap
Zahret Alrumman,UAE,Dubai,35a Street,25.1719225,55.2429789,,,,0,,openstreetmap
Nasimi Cafe,UAE,Dubai,Umm Hurair Road,25.2404328,55.3081919,,,,0,,openstreetmap
Bravo,UAE,Dubai,Umm Hurair Road,25.2400125,55.3078524,,,,0,,openstreetmap
China House,UAE,Dubai,Street 1 A,25.0499374,55.130708,,,,0,,openstreetmap
Abu Tarek Koshari & Halawani,UAE,Dubai,Al Seedaf Road 1,25.1148926,55.2061106,,,,0,,openstreetmap
Alsultanah Cafe,UAE,Dubai,Umm Hurair Road,25.239765,55.3075714,,,,0,,openstreetmap
Exit Restaurant & Cafe,UAE,Dubai,Umm Hurair Road,25.239569,55.3073883,,,,0,,openstreetmap
Hariprasad,UAE,Dubai,Street 1 A,25.0495251,55.129332,,,,0,,openstreetmap
DES,UAE,Dubai,Street 1 A,25.0494331,55.1289664,,,,0,,openstreetmap
Vrindhavan,UAE,Dubai,Street 1 A,25.0486999,55.1286015,,,,0,,openstreetmap
Métis,UAE,Dubai,Street 1 A,25.04873,55.1294505,,,,0,,openstreetmap
Gandofly,UAE,Dubai,Al Seedaf Road 1,25.1165973,55.2057119,,,,0,,openstreetmap
Fiesta Pinoy,UAE,Dubai,Abu Baker Al Siddique Road,25.2609455,55.3281121,,,,0,,openstreetmap
Pearl View,UAE,Dubai,7 Street,25.1171174,55.2040595,,,,0,,openstreetmap
China Bistro,UAE,Dubai,7 Street,25.1156795,55.204936,+97145485111,https://chinabistro.co/,,0,,openstreetmap
Bikanervala,UAE,Dubai,7 Street,25.1158487,55.2047064,,,,0,,openstreetmap
Bait Al Mandi Restaurant,UAE,Dubai,Al Seedaf 1 Street,25.1158161,55.2045889,,,,0,,openstreetmap
Moshi,UAE,Dubai,Al Seedaf 1 Street,25.11579,55.2042575,,,,0,,openstreetmap
Green Lagoon Restaurant,UAE,Dubai,Al Seedaf 1 Street,25.1158246,55.2041859,,,,0,,openstreetmap
Wok n'Roll,UAE,Dubai,Al Barsha 1 Street,25.1096012,55.1973666,,,,0,,openstreetmap
Kcal,UAE,Dubai,Al Barsha 1 Street,25.1097025,55.197289,,,,0,,openstreetmap
Ala Hawak,UAE,Dubai,Al Barsha 1 Street,25.1098949,55.1972371,,,,0,,openstreetmap
Maakulat Alprince Restaurant,UAE,Dubai,Al Barsha 1 Street,25.1115317,55.1957542,045477791,,,0,,openstreetmap
Country Land,UAE,Dubai,Al Barsha 1 Street,25.1116789,55.1956312,,,,0,,openstreetmap
Harat Al Sham,UAE,Dubai,19 Street,25.1145988,55.1950871,,,,0,,openstreetmap
Best Bites,UAE,Dubai,Al Barsha 1 Street,25.114741,55.1927338,,,,0,,openstreetmap
food markeet,UAE,Dubai,,25.1765269,55.3872231,,,,0,,openstreetmap
مطعم المدينة,UAE,Dubai,,25.1318102,55.2335169,,,,0,,openstreetmap
Wadi Al Arayesh,UAE,Dubai,Umm Hurair Road,25.2434545,55.3099448,,,,0,,openstreetmap
Caspian,UAE,Dubai,38 Street,25.1124303,55.1919526,,,,0,,openstreetmap
Fuchsia,UAE,Dubai,Al Tabee'a 2 Street,25.095197,55.1786601,,,,0,,openstreetmap
Karek & Harek,UAE,Dubai,Street 17,25.1117406,55.2045624,,,,0,,openstreetmap
Seven Spikes,UAE,Dubai,Street 17,25.1119405,55.2043972,,,,0,,openstreetmap
Delhi Dorbor,UAE,Dubai,Street 17,25.1124465,55.2047352,,,,0,,openstreetmap
Spotlight Restaurant & Cafe,UAE,Dubai,Al Fosool Street,25.0996896,55.1773192,,,,0,,openstreetmap
Bab Sharqi,UAE,Dubai,Al Barsha 1 Street,25.1134735,55.19445,,,,0,,openstreetmap
Al Shams Cafeteria,UAE,Dubai,Street 20,25.1161841,55.1950006,,,,0,,openstreetmap
800 Pizza,UAE,Dubai,Street 20,25.1161648,55.1949747,,,,0,,openstreetmap
Harput Restaurant,UAE,Dubai,Street 20,25.1161498,55.1949459,,,,0,,openstreetmap
The Royal Budha,UAE,Dubai,20 Street,25.1159509,55.1945173,,,,0,,openstreetmap
Xennya Terrace,UAE,Dubai,20 Street,25.1163685,55.1939832,,,,0,,openstreetmap
Al Waal Star,UAE,Dubai,Al Khail Street,25.2195223,55.3199111,,,,0,,openstreetmap
4star,UAE,Dubai,Khalid Bin Waleed Road,25.2598595,55.2861969,,,,0,,openstreetmap
Al Shorafaa,UAE,Dubai,AL Rolla Street,25.2575536,55.2854191,,,,0,,openstreetmap
strawberry,UAE,Dubai,12B Street,25.2570039,55.2870278,,,,0,,openstreetmap
Swadesh Pure Vegetarian Restaurant,UAE,Dubai,AL Rolla Street,25.2568907,55.2939395,+97143300024,,,0,,openstreetmap
Happy Farm Hotpot BBQ Buffet,UAE,Dubai,Al Rolla Street,25.2569575,55.2930074,,,,0,,openstreetmap
Bombay Basera Pure Veg Restaurant,UAE,Dubai,Al Rolla Street,25.2569717,55.2928407,,,,0,,openstreetmap
Loui's Restaurant & Cafe,UAE,Dubai,,25.0427922,55.1601417,,,,0,,openstreetmap
Off Road Cafe,UAE,Dubai,Street 26b,25.2645043,55.3234579,,,,0,,openstreetmap
Red Hot Chili,UAE,Dubai,Street 19,25.1154227,55.1939542,,,,0,,openstreetmap
Eat & Tasty Restaurant,UAE,Dubai,Street 19,25.1149871,55.194306,,,,0,,openstreetmap
Edible Arrangements,UAE,Dubai,Al Barsha 1 Street,25.1138043,55.1929642,,,,0,,openstreetmap
Kabab Rolls,UAE,Dubai,Al Barsha 1 Street,25.1128633,55.1931237,,,,0,,openstreetmap
Sarhad Darbar Restaurant,UAE,Dubai,Al Barsha 1 Street,25.112592,55.1933546,,,,0,,openstreetmap
Mumtaz Fried Chicken,UAE,Dubai,Street 38,25.1131529,55.1909592,,,,0,,openstreetmap
PizzaAroma,UAE,Dubai,Street 38,25.1131328,55.1909276,,,,0,,openstreetmap
Spinzer Restaurant,UAE,Dubai,Street 38,25.1131174,55.1909076,,,,0,,openstreetmap
Brick Lane,UAE,Dubai,38 Street,25.1131052,55.1908865,,,,0,,openstreetmap
Jasmine Food Court,UAE,Dubai,38 Street,25.1123454,55.189805,,,,0,,openstreetmap
Tea Corner,UAE,Dubai,Street 17b,25.1230387,55.22223,,,,0,,openstreetmap
Chops N Hopes,UAE,Dubai,Street 11,25.1147688,55.2027887,,,,0,,openstreetmap
Al Taarof,UAE,Dubai,10A Street,25.2593997,55.2870926,,,,0,,openstreetmap
High Star,UAE,Dubai,AL Rolla Street,25.2573146,55.2857559,,,,0,,openstreetmap
White Mug,UAE,Dubai,AL Rolla Street,25.2569013,55.2898745,+97143559364,,,0,,openstreetmap
FarmHouse,UAE,Dubai,Al Rolla Street,25.2569726,55.2901368,,,,0,,openstreetmap
Koyla,UAE,Dubai,,25.2484927,55.3132291,,,,0,,openstreetmap
Almarkeb Seafood Restaurant & Cafe,UAE,Dubai,Khalid Bin Waleed Road,25.2499276,55.3119657,,,,0,,openstreetmap
Kareem's,UAE,Dubai,,25.2457428,55.3098643,,,,0,,openstreetmap
Bostea,UAE,Dubai,,25.2460084,55.3099394,,,,0,,openstreetmap
Elco Veg Dine,UAE,Dubai,,25.2468211,55.307799,,,,0,,openstreetmap
Al Maeraj Cafeteria,UAE,Dubai,,25.2521158,55.3074891,,,,0,,openstreetmap
Mughals,UAE,Dubai,Za'abeel Street,25.2514268,55.3092004,,,,0,,openstreetmap
Just Cafe & Restaurant,UAE,Dubai,,25.2459017,55.3112845,,,,0,,openstreetmap
Urban Cook House,UAE,Dubai,,25.2449749,55.3104839,,,,0,,openstreetmap
Down Town Cafe,UAE,Dubai,,25.2494727,55.3102237,,,,0,,openstreetmap
Liz Restaurant,UAE,Dubai,,25.2487959,55.3098147,,,,0,,openstreetmap
Bakemart,UAE,Dubai,Za'abeel Street,25.2476751,55.308774,,,,0,,openstreetmap
Little Italy,UAE,Dubai,Za'abeel Street,25.2477309,55.3088115,,,,0,,openstreetmap
Jambo's Grill Cafe,UAE,Dubai,Za'abeel Street,25.247988,55.3088732,,,,0,,openstreetmap
China Town,UAE,Dubai,Khalid Bin Waleed Road,25.2581214,55.2984479,,,,0,,openstreetmap
The Veggie Pizza Company,UAE,Dubai,Al Seedaf 1 Street,25.1147485,55.2047536,,,,0,,openstreetmap
JJ Chicken Legend,UAE,Dubai,Al Seedaf 1 Street,25.1143068,55.2054395,,,,0,,openstreetmap
Chin Chin,UAE,Dubai,Al Seedaf 1 Street,25.1131402,55.2063112,,,,0,,openstreetmap
Light Food Restaurant,UAE,Dubai,9A Street,25.2514347,55.3047846,,,,0,,openstreetmap
Garnish,UAE,Dubai,9A Street,25.2510518,55.304542,,,,0,,openstreetmap
مطعم الياس,UAE,Dubai,9a شارع,25.2509422,55.3045036,,,,0,,openstreetmap
Beans & Cream,UAE,Dubai,9A Street,25.2502157,55.3045482,,,,0,,openstreetmap
Restaurant Kavala,UAE,Dubai,9A Street,25.2500119,55.3053092,,,,0,,openstreetmap
Aaraamam Restaurant,UAE,Dubai,9A Street,25.2497087,55.3065504,,,,0,,openstreetmap
Walkers Cafe,UAE,Dubai,9A Street,25.2495607,55.307217,,,,0,,openstreetmap
Salt'n'Pepper,UAE,Dubai,18A Street,25.2455099,55.3061119,,,,0,,openstreetmap
Swades Vegetarian,UAE,Dubai,17a Street,25.2476206,55.3052415,,,,0,,openstreetmap
Paramount,UAE,Dubai,12D Street,25.2462941,55.3047909,,,,0,,openstreetmap
Meeqat Coffee Shop,UAE,Dubai,,25.2470565,55.303891,,,,0,,openstreetmap
Zoommax,UAE,Dubai,,25.2467684,55.3020256,,,,0,,openstreetmap
Keerthi Restaurant,UAE,Dubai,Kuwait Street,25.2455912,55.3020698,,,,0,,openstreetmap
Komedor,UAE,Dubai,10D Street,25.2460539,55.3035604,,,,0,,openstreetmap
Little China,UAE,Dubai,Za'abeel Street,25.2457026,55.307479,,,,0,,openstreetmap
Arlequin,UAE,Dubai,Za'abeel Street,25.2456328,55.3074587,,,,0,,openstreetmap
Sigdi,UAE,Dubai,Za'abeel Street,25.2432542,55.3066911,,,,0,,openstreetmap
Delhi Darbar,UAE,Dubai,Za'abeel Street,25.242931,55.3066018,,,,0,,openstreetmap
Malabar Express,UAE,Dubai,Za'abeel Street,25.2427602,55.3065246,,,,0,,openstreetmap
Dragon House,UAE,Dubai,6A Street,25.2518332,55.3054943,,,,0,,openstreetmap
Patiala House Restaurant,UAE,Dubai,18A Street,25.2466865,55.3066872,,,,0,,openstreetmap
Al Damyati Iskandaron,UAE,Dubai,18A Street,25.2465931,55.306667,,,,0,,openstreetmap
Biryani Royale,UAE,Dubai,18A Street,25.2464802,55.3066308,,,,0,,openstreetmap
Pizza 2 Go,UAE,Dubai,18A Street,25.2450192,55.3061675,,,,0,,openstreetmap
Amma's,UAE,Dubai,20a Street,25.2452006,55.3065732,,,,0,,openstreetmap
Dasprakash Restaurant,UAE,Dubai,20a Street,25.2463917,55.3069581,043965595,,,0,,openstreetmap
Panini,UAE,Dubai,18A Street,25.2476144,55.3069675,,,,0,,openstreetmap
Tasty Manna,UAE,Dubai,18A Street,25.2475853,55.3069541,,,,0,,openstreetmap
Silog Express,UAE,Dubai,18A Street,25.2475562,55.3069474,,,,0,,openstreetmap
Al Maha Chips,UAE,Dubai,18A Street,25.2473245,55.3068777,,,,0,,openstreetmap
Magic Fork,UAE,Dubai,,25.2454868,55.3038252,,,,0,,openstreetmap
Tipanan Restaurant,UAE,Dubai,2nd December Street,25.2360117,55.2778371,,,,0,,openstreetmap
بيروت,UAE,Dubai,شارع 2 ديسمبر,25.2377213,55.2752739,,,,0,,openstreetmap
Vanilla,UAE,Dubai,2nd December Street,25.2380346,55.274767,,,,0,,openstreetmap
Shabu Shabu,UAE,Dubai,2nd December Street,25.2380985,55.2745793,,,,0,,openstreetmap
Mumbai Masti,UAE,Dubai,Al Wasl Road,25.2387346,55.2722293,,,,0,,openstreetmap
Mak's Corner,UAE,Dubai,37b Street,25.2391511,55.302393,,,,0,,openstreetmap
Tassheel Cafeteria,UAE,Dubai,37b Street,25.241069,55.3022723,,,,0,,openstreetmap
4100293,UAE,Dubai,37b Street,25.2413334,55.3017519,,,,0,,openstreetmap
Red Table,UAE,Dubai,2nd December Street,25.2358062,55.2771581,,,,0,,openstreetmap
Mini Chinese,UAE,Dubai,2nd December Street,25.2363183,55.2764744,,,,0,,openstreetmap
The Pizza Factory,UAE,Dubai,Al Wasl Road,25.2105721,55.2559794,,,,0,,openstreetmap
Rhong Tiam,UAE,Dubai,شارع الوصل,25.2097231,55.2554278,,,,0,,openstreetmap
Roasters Café,UAE,Dubai,شارع الوصل,25.1964283,55.2460352,,,,0,,openstreetmap
Chinese Kitchen,UAE,Dubai,Al Wasl Road,25.1853108,55.2384244,,,,0,,openstreetmap
جبل النور,UAE,Dubai,شارع 23,25.2375599,55.2781966,,,,0,,openstreetmap
Khafayef,UAE,Dubai,Street 23,25.237603,55.2780786,,,,0,,openstreetmap
Yos,UAE,Dubai,Street 6b,25.2370217,55.2772468,,,,0,,openstreetmap
Al Mallah,UAE,Dubai,6b شارع,25.236703,55.2769389,,,,0,,openstreetmap
Green Gate Vegetarian Restaurant,UAE,Dubai,6b Street,25.2432779,55.2999334,,,,0,,openstreetmap
مطعم لاهوري جاتكارا,UAE,Dubai,20b Street,25.2383784,55.3045817,,,,0,,openstreetmap
Winny's,UAE,Dubai,20b Street,25.2371349,55.3041887,,,,0,,openstreetmap
Puyapla,UAE,Dubai,47c Street,25.2361782,55.3031431,,,,0,,openstreetmap
Mezbaan,UAE,Dubai,47c Street,25.2363539,55.3028131,,,,0,,openstreetmap
Curry Dishes Restaurant,UAE,Dubai,16th Street,25.238285,55.3024453,,,,0,,openstreetmap
Happy,UAE,Dubai,43a Street,25.238641,55.3025077,,,,0,,openstreetmap
4 Wheels,UAE,Dubai,37b Street,25.2408676,55.3022012,,,,0,,openstreetmap
Al Mamzar,UAE,Dubai,37b Street,25.2419836,55.3000353,,,,0,,openstreetmap
Hot Palayok,UAE,Dubai,43a Street,25.241314,55.2991529,,,,0,,openstreetmap
Treat Restaurant,UAE,Dubai,45A Street,25.2400548,55.297789,,,,0,,openstreetmap
Grill & Broast,UAE,Dubai,45A Street,25.2407281,55.2970178,,,,0,,openstreetmap
Al Tabaq Al Fakher,UAE,Dubai,47a Street,25.239737,55.2972002,,,,0,,openstreetmap
Noor Al Sham,UAE,Dubai,33b Street,25.2411102,55.3039219,,,,0,,openstreetmap
Wanton Restaurant,UAE,Dubai,20b Street,25.2377937,55.3040949,,,,0,,openstreetmap
Ramsis Coffee Shop,UAE,Dubai,47c Street,25.2369424,55.3025851,,,,0,,openstreetmap
Briyani Kadai,UAE,Dubai,47c Street,25.2369845,55.302507,,,,0,,openstreetmap
Al Borz,UAE,Dubai,Al Wasl Road,25.2138841,55.2586697,,,,0,,openstreetmap
Mini Pancakes,UAE,Dubai,Al Wasl Road,25.2137773,55.258586,,,,0,,openstreetmap
Al Riqqa Falcon Cafeteria,UAE,Dubai,Street 43,25.2631343,55.3271539,,,,0,,openstreetmap
Saad Al Weraani,UAE,Dubai,22a Street,25.2253003,55.3834251,,,,0,,openstreetmap
Al Aseel,UAE,Dubai,Street 20a,25.2340064,55.2767893,,,,0,,openstreetmap
Papa's,UAE,Dubai,Street 7d,25.2341082,55.2767283,,,,0,,openstreetmap
Bawaba Satwa,UAE,Dubai,Street 14a,25.2349011,55.2758359,,,,0,,openstreetmap
Signal Plus,UAE,Dubai,Street 7d,25.2339828,55.2770172,,,,0,,openstreetmap
Karak Alfreej,UAE,Dubai,20a Street,25.2239475,55.381769,,,,0,,openstreetmap
Tea Palace,UAE,Dubai,2a Street,25.2246299,55.377911,,,,0,,openstreetmap
Jabal Al Noor,UAE,Dubai,2a Street,25.224221,55.3778426,,,,0,,openstreetmap
Al Taliani,UAE,Dubai,58a Street,25.2161758,55.3947825,,,,0,,openstreetmap
Public Cook,UAE,Dubai,Al Rasheed road,25.2828617,55.335982,,,,0,,openstreetmap
Day & Night Cafeteria,UAE,Dubai,Al Rasheed road,25.2828148,55.335868,,,,0,,openstreetmap
Aroos Alneel,UAE,Dubai,Al Rasheed road,25.282836,55.3359208,,,,0,,openstreetmap
فيلي,UAE,Dubai,,25.208843,55.4172594,,,,0,,openstreetmap
The Media Lounge,UAE,Dubai,Al Burooj St.,25.097701,55.1567758,,,,0,,openstreetmap
Just Salad,UAE,Dubai,Al Falak Street,25.1027151,55.164858,,,,0,,openstreetmap
Jedoudna,UAE,Dubai,Al Falak St.,25.096248,55.1591183,,,,0,,openstreetmap
Time Out,UAE,Dubai,Al Marsa Street,25.087838,55.1490095,,,,0,,openstreetmap
Food Fest,UAE,Dubai,Street 12c,25.2512099,55.2826347,,,,0,,openstreetmap
Mashawi Restaurant & Cafe,UAE,Dubai,414 Street,25.185735,55.4092624,,,,0,,openstreetmap
Kebab Grill,UAE,Dubai,Al Seba Street,25.0695357,55.1339757,,,,0,,openstreetmap
Hot & Chill,UAE,Dubai,Al Seba Street,25.0698252,55.1342651,,,,0,,openstreetmap
Imperial Dragon,UAE,Dubai,Al Seba Street,25.0698919,55.134317,,,,0,,openstreetmap
Bin Eid Traditional Restaurant,UAE,Dubai,49c Street,25.2270352,55.3971623,,,,0,,openstreetmap
Red Pepper,UAE,Dubai,"Al Maqadam Street, Ap Sofouh 1",25.1238592,55.1839546,,,,0,,openstreetmap
Pascal Tepper,UAE,Dubai,Al Falak Street,25.0944693,55.1563903,,,,0,,openstreetmap
Istanbul Flower Cafe,UAE,Dubai,Al Marsa Street,25.0877777,55.1471384,,,,0,,openstreetmap
Honey Lemon,UAE,Dubai,Al Hubob Street,25.0736341,55.1380188,,,,0,,openstreetmap
Projeto Acai,UAE,Dubai,Al Hubob Street,25.0706869,55.1352043,,,,0,,openstreetmap
Sultan Palace Cafe,UAE,Dubai,Street 6b,25.2369872,55.2768397,,,,0,,openstreetmap
Al Mashowa,UAE,Dubai,,24.9195988,55.0088311,,,,0,,openstreetmap
Pita,UAE,Dubai,Mankhool Street,25.2380486,55.27976,,,,0,,openstreetmap
Lolas Best,UAE,Dubai,Mankhool Street,25.2378087,55.2796648,,,,0,,openstreetmap
800 Degrees,UAE,Dubai,King Salman bin Abdulaziz Al Saud Street,25.0826638,55.1421202,,,,0,,openstreetmap
"Great Food, Great",UAE,Dubai,King Salman bin Abdulaziz Al Saud Street,25.0880693,55.1457965,,,,0,,openstreetmap
Rolando's,UAE,Dubai,King Salman bin Abdulaziz Al Saud Street,25.0882542,55.1462668,,,,0,,openstreetmap
Laquila,UAE,Dubai,King Salman bin Abdulaziz Al Saud Street,25.0883036,55.1463158,,,,0,,openstreetmap
Caesars,UAE,Dubai,,25.2640573,55.385599,,,,0,,openstreetmap
Covant Garden,UAE,Dubai,Al Daal Street,25.085135,55.1439436,,,,0,,openstreetmap
الشمس,UAE,Dubai,شارع 7ج,25.2350648,55.2755609,,,,0,,openstreetmap
Red Rooster,UAE,Dubai,Al Hudaiba Street,25.230404,55.2715766,,,,0,,openstreetmap
Al Fai,UAE,Dubai,Al Hudaiba Street,25.2303842,55.2716268,,,,0,,openstreetmap
Suvoroff,UAE,Dubai,Sadaf Avenue,25.0810152,55.1397749,,,,0,,openstreetmap
Umi Sushi,UAE,Dubai,Sadaf Avenue,25.081024,55.1396533,,,,0,,openstreetmap
Rban,UAE,Dubai,Al Mamsha Street,25.0762745,55.1319959,,,,0,,openstreetmap
Obicà,UAE,Dubai,Al Mamsha Street,25.0761777,55.1318499,,,,0,,openstreetmap
Helen Sweets,UAE,Dubai,Street 20a,25.2339011,55.2769536,,,,0,,openstreetmap
Gallus,UAE,Dubai,King Salman bin Abdulaziz Al Saud Street,25.0823122,55.1406564,,,,0,,openstreetmap
Sarouja,UAE,Dubai,King Salman bin Abdulaziz Al Saud Street,25.0841077,55.142632,,,,0,,openstreetmap
Lavazza,UAE,Dubai,Al Mamsha Street,25.0812305,55.1378176,,,,0,,openstreetmap
Momento,UAE,Dubai,16 Street,25.2580665,55.4376116,,,,0,,openstreetmap
Farm to Table,UAE,Dubai,Al Mamsha Street,25.0748484,55.131709,,,,0,,openstreetmap
Seattle's Best,UAE,Dubai,Al Mamsha Street,25.0754131,55.1320549,,,,0,,openstreetmap
Barbecue Delights,UAE,Dubai,Al Mamsha Street,25.0755303,55.1321513,,,,0,,openstreetmap
Pan De Manila,UAE,Dubai,Mankhool Street,25.2372862,55.2794418,,,,0,,openstreetmap
Ortego's grill,UAE,Dubai,Mankhool Street,25.2365851,55.2791608,,,,0,,openstreetmap
Grill Corner,UAE,Dubai,Mankhool Street,25.2363604,55.2790816,,,,0,,openstreetmap
Pinza,UAE,Dubai,Street 2,25.0626771,55.2019699,,,,0,,openstreetmap
Raoof Sweets,UAE,Dubai,Al Satwa Street,25.2334056,55.2774762,,,,0,,openstreetmap
Noor Al Haya Roastery,UAE,Dubai,Al Satwa Street,25.2331625,55.2772852,,,,0,,openstreetmap
Satwa Palace,UAE,Dubai,Al Satwa Street,25.2324937,55.2767769,,,,0,,openstreetmap
Syrian Italian,UAE,Dubai,Salah Al Din Street,25.2703247,55.3314825,,,,0,,openstreetmap
Cafeteria Al Freej,UAE,Dubai,17a Street,25.1999093,55.4042191,,,,0,,openstreetmap
Square Root,UAE,Dubai,Al Abraj Street,25.1878263,55.270444,,,,0,,openstreetmap
Tea Room Cafe,UAE,Dubai,Al Abraj Street,25.1901094,55.2842814,,,,0,,openstreetmap
Tasty Burger,UAE,Dubai,Street 16,25.0539466,55.2119921,,,,0,,openstreetmap
La Mesa,UAE,Dubai,Street 12a,25.2305527,55.2725611,,,,0,,openstreetmap
Uling at Parilya,UAE,Dubai,Street 12a,25.230608,55.272597,,,,0,,openstreetmap
Kungfu Hotpot,UAE,Dubai,Street 12a,25.2307073,55.2726792,,,,0,,openstreetmap
Tinapayan Goldilocks,UAE,Dubai,Street 3b,25.2351933,55.2773573,,,,0,,openstreetmap
Sushi Counter,UAE,Dubai,Marasi Drive,25.1860993,55.2797215,,,,0,,openstreetmap
The Restaurant at Address Downtown,UAE,Dubai,Shaikh Mohammed bin Rashid Boulevard,25.1939329,55.27915,,,,0,,openstreetmap
Mama Tant,UAE,Dubai,Shaikh Mohammed bin Rashid Boulevard,25.1911379,55.2749865,,,,0,,openstreetmap
Benelli,UAE,Dubai,Shaikh Mohammed bin Rashid Boulevard,25.191886,55.2719151,,,,0,,openstreetmap
Grand Cafe,UAE,Dubai,Metro Link,25.1991586,55.2766577,,,,0,,openstreetmap
Dessert Corner,UAE,Dubai,Street 14,25.0470232,55.2069778,,,,0,,openstreetmap
وادي النور,UAE,Dubai,شارع الخيل الأول,25.1670086,55.2494811,,,,0,,openstreetmap
مطعم القبائل,UAE,Dubai,شارع الخيل الأول,25.1668836,55.2493671,,,,0,,openstreetmap
Al Razooqi,UAE,Dubai,8th Street,25.1660424,55.2486925,,,,0,,openstreetmap
Star One Restaurant,UAE,Dubai,Al Asayel Street,25.1509867,55.2504815,,,,0,,openstreetmap
Perfetto Pizzeria Restaurant,UAE,Dubai,شارع 22,25.0497325,55.2073707,,,,0,,openstreetmap
Zoga,UAE,Dubai,School Street,25.1874679,55.2792988,,,,0,,openstreetmap
Kriskos,UAE,Dubai,Metro Link,25.1996603,55.2734789,,,,0,,openstreetmap
Shahi Mughdal Restaurant,UAE,Dubai,Khalid Bin Waleed Road,25.259249,55.2950254,,,,0,,openstreetmap
Al Barshaa,UAE,Dubai,Ras Al Khor Road,25.1850757,55.3536445,,,,0,,openstreetmap
Lahore City,UAE,Dubai,Ras Al Khor Road,25.1850788,55.3537344,,,,0,,openstreetmap
Altabaq Alshahee,UAE,Dubai,Ras Al Khor Road,25.1850788,55.3540488,,,,0,,openstreetmap
Al Amoor Xpress,UAE,Dubai,Al Rigga Street,25.2619296,55.3274176,,,,0,,openstreetmap
AlFarooj AlShami Restaurant,UAE,Dubai,Al Rigga Street,25.2619988,55.3272705,,,,0,,openstreetmap
مطعم ميران اربيل العراقي,UAE,Dubai,Al Rigga Street,25.262222,55.3268216,,https://miranerbilrestaurant.com/,,0,,openstreetmap
Taif Cafeteria,UAE,Dubai,Ras Al Khor Road,25.1852452,55.3595289,,,,0,,openstreetmap
Afghan Kabul,UAE,Dubai,Ras Al Khor Road,25.1852638,55.3599202,,,,0,,openstreetmap
City Mountain Stars Traditional Kitchen & Restaurant,UAE,Dubai,25 Street,25.2300525,55.3772545,,,,0,,openstreetmap
Maraheb,UAE,Dubai,Al Rebat Street,25.2136537,55.3802832,,,,0,,openstreetmap
Caesars Restaurant & Confectionary,UAE,Dubai,Al Rebat Street,25.2136064,55.38039,,,,0,,openstreetmap
Gal Gharshoob Restaurant,UAE,Dubai,Al Rebat Street,25.2132757,55.3810119,,,,0,,openstreetmap
Red Pepper Restaurant,UAE,Dubai,Abu Baker al Siddique road,25.2747546,55.3295384,,,,0,,openstreetmap
MTR 1924,UAE,Dubai,Khalid Bin Waleed Road,25.2568634,55.2996046,,,,0,,openstreetmap
Emirates Nights Cafeteria,UAE,Dubai,Abu Baker al Siddique road,25.2740848,55.3297523,,,,0,,openstreetmap
Go Sip,UAE,Dubai,Street 1a,25.2567265,55.2987298,,,,0,,openstreetmap
Al Hallab,UAE,Dubai,Sheikh Rashid Road,25.2453157,55.3390249,,,,0,,openstreetmap
Iftar Buffet,UAE,Dubai,Street 26a,25.2548927,55.3015811,,,,0,,openstreetmap
Rawabina,UAE,Dubai,Sheikh Rashid Road,25.2522967,55.3371422,,,,0,,openstreetmap
Ashbilia Cafeteria,UAE,Dubai,44d Street,25.1627603,55.2545638,,,,0,,openstreetmap
Fresh & Nice Cafeteria,UAE,Dubai,28a Street,25.1916869,55.3843539,,,,0,,openstreetmap
Horseland Cafe,UAE,Dubai,9 Street,25.1892614,55.3826982,,,,0,,openstreetmap
Pescado,UAE,Dubai,9 Street,25.1890012,55.3835935,,,,0,,openstreetmap
Cafe Prima,UAE,Dubai,Sheikh Zayed Road,25.1523949,55.2268397,,,,0,,openstreetmap
Student Biryani,UAE,Dubai,شارع 16,25.050063,55.2053898,,,,0,,openstreetmap
The Royal Coffee Shop,UAE,Dubai,,25.1655504,55.3981215,,,,0,,openstreetmap
Bab Al Dar,UAE,Dubai,,25.1555633,55.2461725,,,,0,,openstreetmap
One Point Cafe,UAE,Dubai,,25.1550303,55.2455758,,,,0,,openstreetmap
Tasty Food International,UAE,Dubai,,25.1535821,55.2439329,,,,0,,openstreetmap
Pak Darbar,UAE,Dubai,,25.1511482,55.2432905,,,,0,,openstreetmap
Shambath Fanan,UAE,Dubai,,25.1515567,55.2437612,,,,0,,openstreetmap
Al Garhood Traditional Restaurant and Kitchen,UAE,Dubai,,25.1520332,55.2442682,,,,0,,openstreetmap
City Pearl,UAE,Dubai,,25.1543469,55.2469014,,,,0,,openstreetmap
Shere Punjab,UAE,Dubai,,25.1562697,55.249072,,,,0,,openstreetmap
Al Azhar,UAE,Dubai,,25.1567783,55.2496507,,,,0,,openstreetmap
Delicia Foods,UAE,Dubai,18 Street,25.1482358,55.2409141,,,,0,,openstreetmap
Hoya Cafe & Restaurant,UAE,Dubai,Al Wasl Road,25.1445436,55.2084703,,https://www.hoyauae.com/,,0,,openstreetmap
Lucknow Restaurant,UAE,Dubai,,25.1588674,55.2519084,,,,0,,openstreetmap
Tea Break,UAE,Dubai,,25.1586999,55.2517274,,,,0,,openstreetmap
Sayapatri Restaurant,UAE,Dubai,,25.1583321,55.251309,,,,0,,openstreetmap
Zaiqa,UAE,Dubai,,25.156226,55.2464408,,,,0,,openstreetmap
Utsav Restaurant,UAE,Dubai,,25.1558024,55.2459513,,,,0,,openstreetmap
Badi City,UAE,Dubai,,25.1552962,55.245384,,,,0,,openstreetmap
Neem Cafeteria,UAE,Dubai,,25.1551056,55.24516,,,,0,,openstreetmap
Up Star Restaurant,UAE,Dubai,,25.1539706,55.2439021,,,,0,,openstreetmap
Hot Spice,UAE,Dubai,,25.15336,55.2431966,,,,0,,openstreetmap
شرف الدين,UAE,Dubai,,25.1526501,55.2424399,,,,0,,openstreetmap
محمد وقاص,UAE,Dubai,,25.1523824,55.2421372,,,,0,,openstreetmap
City Coast,UAE,Dubai,,25.1576973,55.2493845,,,,0,,openstreetmap
Lahore Badshan Restaurant,UAE,Dubai,,25.157554,55.2484229,,,,0,,openstreetmap
Jebel Al Noor,UAE,Dubai,,25.1570235,55.2478154,,,,0,,openstreetmap
DYT,UAE,Dubai,Street 26,25.2591716,55.2942401,,,,0,,openstreetmap
Mohamed Jassem Mill,UAE,Dubai,Al Satwa Street,25.2284662,55.2737806,,,,0,,openstreetmap
Momo,UAE,Dubai,Al Satwa Street,25.2278489,55.2733257,,,,0,,openstreetmap
Tuwar Traditional Kitchen,UAE,Dubai,Al Satwa Road,25.223537,55.271512,,,,0,,openstreetmap
Al Kifaf,UAE,Dubai,Satwa Road,25.2278909,55.2748099,,,,0,,openstreetmap
Recipe Restaurant,UAE,Dubai,Street 19,25.2288295,55.2757269,,,,0,,openstreetmap
DRS Juice,UAE,Dubai,Satwa Road,25.2261632,55.2734251,,,,0,,openstreetmap
Shams Al Aseel,UAE,Dubai,Al Satwa Road,25.230973,55.2770887,,,,0,,openstreetmap
Wadi Darbar,UAE,Dubai,Al Satwa Road,25.2319016,55.2777871,,,,0,,openstreetmap
Al Reem,UAE,Dubai,Street 21,25.2276041,55.2749712,,,,0,,openstreetmap
Mirza Muhammad,UAE,Dubai,20 Street,24.9843099,55.1914433,,,,0,,openstreetmap
Peshawar Palace,UAE,Dubai,13a Street,25.275431,55.3359566,,,,0,,openstreetmap
Manna,UAE,Dubai,13A Street,25.2759368,55.335766,,,,0,,openstreetmap
Al Zamala,UAE,Dubai,Abu Hail Street,25.2861273,55.3359605,,,,0,,openstreetmap
Chef Koyas,UAE,Dubai,,25.2869252,55.3584307,,,,0,,openstreetmap
Al Khwali Cafe,UAE,Dubai,,25.2854236,55.3581587,,,,0,,openstreetmap
Wadi Al Reem Cafe,UAE,Dubai,,25.285229,55.3580892,,,,0,,openstreetmap
Oasis Restaurant,UAE,Dubai,Al Wasl Road,25.1630528,55.2215767,,,,0,,openstreetmap
Royal Darbar,UAE,Dubai,5 Street,24.9890994,55.1968192,,,,0,,openstreetmap
Arajeel,UAE,Dubai,,25.2534176,55.3412694,,,,0,,openstreetmap
Al Musaharati,UAE,Dubai,,25.253285,55.3414943,,,,0,,openstreetmap
Sea World Seafood Restaurant,UAE,Dubai,Sheikh Zayed Road,25.1780092,55.2462377,,,,0,,openstreetmap
Sobahn Korean Japanese Restaurant,UAE,Dubai,Sheikh Zayed Road,25.1778257,55.2461076,,,,0,,openstreetmap
Hadoota Masreya,UAE,Dubai,Sheikh Zayed Road,25.1775982,55.2459024,,,,0,,openstreetmap
Shang Thai,UAE,Dubai,Street 22a,25.1773707,55.245663,,,,0,,openstreetmap
Khaneen Kuwait Cuisine,UAE,Dubai,Sheikh Zayed Road,25.1772237,55.2455536,,,,0,,openstreetmap
Villa Barcelona Cafe,UAE,Dubai,Sheikh Zayed Road,25.1769808,55.2453518,,,,0,,openstreetmap
Romys Restaurant & Confectionery,UAE,Dubai,Sheikh Zayed Road,25.1763649,55.2447516,,,,0,,openstreetmap
Shabab Cafeteria & Restaurant,UAE,Dubai,Al Wuheida Street,25.2858437,55.3511976,,,,0,,openstreetmap
Babylon Restaurant & Cafe,UAE,Dubai,44 Street,25.2894934,55.3509011,,,,0,,openstreetmap
Shisha Lounge,UAE,Dubai,Al Ittihad Road,25.2960413,55.361965,,,,0,,openstreetmap
Rawabi Al Shams,UAE,Dubai,Al Ittihad Road,25.2962905,55.3620281,,,,0,,openstreetmap
Kalpaka,UAE,Dubai,Abu Baker Al Siddique Road,25.2611832,55.3275938,,,,0,,openstreetmap
Pinoy Palace,UAE,Dubai,Al Rigga Street,25.2624103,55.3251707,,,,0,,openstreetmap
Padippura,UAE,Dubai,42a Street,25.2607977,55.3226073,,,,0,,openstreetmap
Agemono International Buffet,UAE,Dubai,38 Street,25.2658222,55.3155837,,,,0,,openstreetmap
Purple Chilli Restaurant,UAE,Dubai,Omar bin Al Khattan Road,25.2661289,55.3157358,,,,0,,openstreetmap
Spring Bambo Chinese Restaurant,UAE,Dubai,2c Street,25.2689141,55.3154935,,,,0,,openstreetmap
New Generation Restaurant,UAE,Dubai,23 Street,25.2680651,55.3146325,,,,0,,openstreetmap
Al Safaqis Restaurant,UAE,Dubai,23 Street,25.2679339,55.3146313,,,,0,,openstreetmap
CHennai Biriyani Restaurant,UAE,Dubai,19a Street,25.2682507,55.3137013,,,,0,,openstreetmap
Cafeteria Appetite Way,UAE,Dubai,2b Street,25.2688838,55.3139585,,,,0,,openstreetmap
Wejdan Cafe & Restaurant,UAE,Dubai,42a Street,25.2608009,55.3221949,,,,0,,openstreetmap
صدف,UAE,Dubai,شارع 42أ,25.2613815,55.3210434,,,,0,,openstreetmap
Red Burger,UAE,Dubai,19a Street,25.2689391,55.3134638,,,,0,,openstreetmap
World Cup,UAE,Dubai,13c Street,25.2584884,55.4027474,,,,0,,openstreetmap
Shandiz,UAE,Dubai,Al Maktoum Street,25.2599036,55.3211015,,,,0,,openstreetmap
Bolshoi Restaurant,UAE,Dubai,Al Maktoum Street,25.2595675,55.3229411,,,,0,,openstreetmap
Baran,UAE,Dubai,17 Street,25.2587886,55.3226,,,,0,,openstreetmap
Los Angeles Cafe,UAE,Dubai,,25.257942,55.321877,,,,0,,openstreetmap
Green Tower Cafe,UAE,Dubai,Green Tower Building,25.2579905,55.3217126,+97143363692,,,0,,openstreetmap
5th Avenue Cafe & Restaurant,UAE,Dubai,,25.2599203,55.3211413,,,,0,,openstreetmap
Karak,UAE,Dubai,,25.2614793,55.3936246,,,,0,,openstreetmap
Xiao Wei Yang International Restaurant,UAE,Dubai,Baniyas Road,25.2668957,55.3075614,,,,0,,openstreetmap
Haida Sandwich,UAE,Dubai,Baniyas Road,25.2669554,55.307447,,,,0,,openstreetmap
West Lake Spring,UAE,Dubai,Baniyas Road,25.2675418,55.305875,,,,0,,openstreetmap
Habasha Restaurant,UAE,Dubai,1 Street,25.2679338,55.3041542,,,,0,,openstreetmap
Top Cafeteria,UAE,Dubai,,25.262396,55.3974021,,,,0,,openstreetmap
Shaker New Cafeteria,UAE,Dubai,Baniyas Road,25.2663861,55.2957755,,,,0,,openstreetmap
"Aden Restaurant for Mandi, Madhbi & Madghod",UAE,Dubai,Baniyas Road,25.2660548,55.2949934,,,,0,,openstreetmap
Special Kaba Restaurant,UAE,Dubai,24 Street,25.2679495,55.3010327,,,,0,,openstreetmap
Cafe & Lounge 88,UAE,Dubai,319-2 Street,25.2412728,55.3093233,+97148920021,https://cafe88.ae/,,0,,openstreetmap
Mechot Restaurant,UAE,Dubai,Omar Bin Al Khattab Road,25.2788685,55.3148474,,,,0,,openstreetmap
Kabab House Restaurant,UAE,Dubai,Al Khaleej Street,25.2912914,55.3265586,,,,0,,openstreetmap
Super Kebab,UAE,Dubai,Al Khaleej Street,25.2913444,55.3266466,,,,0,,openstreetmap
Al Dahleez,UAE,Dubai,شارع الشيخ راشد,25.2528448,55.3371236,,,,0,,openstreetmap
Ghewar Coffe Shop,UAE,Dubai,Sheikh Rashid Road,25.2527502,55.3371343,,,,0,,openstreetmap
Golestan,UAE,Dubai,Sheikh Rashid Road,25.2525076,55.3371209,,,,0,,openstreetmap
Sayad Bahar,UAE,Dubai,,25.2518611,55.3371222,,,,0,,openstreetmap
Fresh Day,UAE,Dubai,2 Street,25.3121125,55.3427085,,,,0,,openstreetmap
Xzotica Restaurant,UAE,Dubai,Omar Bin Al Khattab Road,25.2777599,55.3148926,,,,0,,openstreetmap
Al Mawardi Cafe,UAE,Dubai,Baghdad Street,25.2888122,55.3628527,,,,0,,openstreetmap
New Defood Restaurant,UAE,Dubai,65 Street,25.2526713,55.3415211,,,,0,,openstreetmap
Zafrana,UAE,Dubai,2 Street,25.2515524,55.3376754,,,,0,,openstreetmap
Shater,UAE,Dubai,Beirut Street,25.2633332,55.3919224,,,,0,,openstreetmap
Bait Al Muhaisina Cafe,UAE,Dubai,,25.2693188,55.407132,,,,0,,openstreetmap
Dir Ham,UAE,Dubai,30b Street,25.2720177,55.4090167,,,,0,,openstreetmap
Al Hamar Kitchen,UAE,Dubai,,25.2837767,55.390911,,,,0,,openstreetmap
Al Shumookh Traditional Kitchen,UAE,Dubai,Halab Street,25.284055,55.3902833,,,,0,,openstreetmap
Chennai Garden,UAE,Dubai,Amman Street,25.2908245,55.3677103,,,,0,,openstreetmap
Big Fernand,UAE,Dubai,Al Madina Street,25.2052743,55.2628415,+97142712117,https://www.bigfernand.ae,,0,,openstreetmap
Caffe Concerto,UAE,Dubai,Al Raya Street,25.2032749,55.2624487,,,,0,,openstreetmap
Coastal Butlers,UAE,Dubai,,25.2774347,55.3856622,,,,0,,openstreetmap
Noor Al Mandi,UAE,Dubai,,25.2973131,55.3781289,,,,0,,openstreetmap
المذاق المغربي,UAE,Dubai,,25.1938429,55.2348943,,,,0,,openstreetmap
مطعم طيبة,UAE,Dubai,شارع دمشق,25.2957585,55.3965774,,,,0,,openstreetmap
Charleston Cafe,UAE,Dubai,,25.2784961,55.3522981,,,,0,,openstreetmap
Rose Garden Cofee Shop & Cafeteria,UAE,Dubai,Baghdad Street,25.2783272,55.3841494,,,,0,,openstreetmap
مادو جميرا,UAE,Dubai,,25.1709805,55.216431,,,,0,,openstreetmap
Kake Da Dhaba,UAE,Dubai,Airport Road,25.2554884,55.3386942,,,,0,,openstreetmap
Al Takia,UAE,Dubai,,25.2554474,55.3387892,,,,0,,openstreetmap
Qaser Casablanca Cafe,UAE,Dubai,Airport Road,25.2553551,55.3389621,,,,0,,openstreetmap
Castana Cafe,UAE,Dubai,شارع دمشق,25.2974027,55.3961331,,,,0,,openstreetmap
Sham Alsehhi Restaurant,UAE,Dubai,Damascus Street,25.2870449,55.391665,,,,0,,openstreetmap
Al Kandaka Fooul and Falafel,UAE,Dubai,Damascus Street,25.2896495,55.3935062,,,,0,,openstreetmap
Atlantis Turkish Restaurant,UAE,Dubai,14th Road,25.2686281,55.3051787,,,,0,,openstreetmap
Café Bazza,UAE,Dubai,شارع المدينة,25.2051196,55.2641092,,,,0,,openstreetmap
Al Damyati Express Restaurant,UAE,Dubai,Al Quds Street,25.2691279,55.3552234,,,,0,,openstreetmap
Foul & Falafel Al Damyati,UAE,Dubai,Al Quds Street,25.2692012,55.3551274,,,,0,,openstreetmap
La Panetiere,UAE,Dubai,Al Quds Street,25.2692503,55.3550423,,,,0,,openstreetmap
Hareb Mandi,UAE,Dubai,Al Khor Street,25.2750388,55.3021414,,,,0,,openstreetmap
Strawberry Blonds,UAE,Dubai,Damascus Street,25.2871589,55.3909958,,,,0,,openstreetmap
My Flavors,UAE,Dubai,Damascus Street,25.2872425,55.391032,,,,0,,openstreetmap
Cowboys Steak House,UAE,Dubai,Damascus Street,25.2888249,55.392137,,,,0,,openstreetmap
Fort Kochi,UAE,Dubai,Damascus Street,25.2901661,55.39312,,,,0,,openstreetmap
Aangan,UAE,Dubai,Damascus Street,25.2902121,55.3931683,,,,0,,openstreetmap
Abdul Qader Jaffar Restaurant,UAE,Dubai,8 Street,25.2742606,55.3024759,,,,0,,openstreetmap
Visitors Restaurant,UAE,Dubai,Al Mussalla Road,25.2736104,55.3061501,,,,0,,openstreetmap
New City Burger,UAE,Dubai,Naif Road,25.2717294,55.3025639,,,,0,,openstreetmap
Al Marfaa,UAE,Dubai,Naif Road,25.2717258,55.3024862,,,,0,,openstreetmap
Gafoorkas Thattukada,UAE,Dubai,,25.2837906,55.4098217,,,,0,,openstreetmap
مرزا محمد,UAE,Dubai,شارع 37,25.2753247,55.4275259,,,,0,,openstreetmap
Hawaa Al Wedian,UAE,Dubai,Sheikh Rashid Road,25.2432883,55.3399031,,,,0,,openstreetmap
Ayyam Al Khair,UAE,Dubai,Sheikh Rashid Road,25.243471,55.3397799,,,,0,,openstreetmap
Desi Village,UAE,Dubai,Sheikh Rashid Road,25.243793,55.3396515,,,,0,,openstreetmap
Rubeena,UAE,Dubai,14b Street,25.2737527,55.428198,,,,0,,openstreetmap
Marfa Al Noor Caferteria,UAE,Dubai,8 Street,25.2748193,55.3039201,,,,0,,openstreetmap
Al Ruken Al Afoal Roastery,UAE,Dubai,8 Street,25.2741012,55.3024211,,,,0,,openstreetmap
Egypt Cafe,UAE,Dubai,8 Street,25.2739937,55.3021955,,,,0,,openstreetmap
Green Land,UAE,Dubai,27a Street,25.2746337,55.4218219,,,,0,,openstreetmap
Jabal Peshawar,UAE,Dubai,27a Street,25.2746812,55.4218633,,,,0,,openstreetmap
August Restaurant,UAE,Dubai,11a Street,25.275316,55.3033674,,,,0,,openstreetmap
Raheeb Cafeteria,UAE,Dubai,4 Street,25.2748053,55.3026118,,,,0,,openstreetmap
Khaleej Aden Restaurant,UAE,Dubai,20 Street,25.2723977,55.3024298,,,,0,,openstreetmap
Jasim Al Safar,UAE,Dubai,,25.2690243,55.4316101,,,,0,,openstreetmap
Khalifa Ayel Restaurant,UAE,Dubai,17b Street,25.2734417,55.3049101,,,,0,,openstreetmap
Peshawar City,UAE,Dubai,32a Street,25.2635861,55.4310563,,,,0,,openstreetmap
Tasty Al Madina,UAE,Dubai,,25.2700441,55.4350851,,,,0,,openstreetmap
Fast Meal,UAE,Dubai,Al Maktoum Hospital Road,25.2693606,55.307357,,,,0,,openstreetmap
Sea Grill,UAE,Dubai,Al Maktoum Hospital Road,25.269161,55.3066254,,,,0,,openstreetmap
Al Ramool Modern Restaurant,UAE,Dubai,9 Street,25.227218,55.3712348,,,,0,,openstreetmap
City Square Cafeteria,UAE,Dubai,18th Street,25.2688607,55.3053614,,,,0,,openstreetmap
Snacks & Bakes Cafeteria,UAE,Dubai,Al Sabkha Road,25.2692158,55.3031968,,,,0,,openstreetmap
Modern Dish Cafeteria,UAE,Dubai,Al Sabkha Road,25.2704623,55.3027563,,,,0,,openstreetmap
DFC,UAE,Dubai,Al Soor Street,25.2733082,55.2993122,,,,0,,openstreetmap
Al Saheefa Cafeteria,UAE,Dubai,Al Khor Street,25.2746876,55.301425,,,,0,,openstreetmap
Dukem,UAE,Dubai,Omar Bin Al Khattab Road,25.2786826,55.3127303,,,,0,,openstreetmap
Lucky Cafeteria,UAE,Dubai,24 Street,25.2756206,55.3102985,,,,0,,openstreetmap
Relish Moment Restaurant,UAE,Dubai,24 Street,25.2756643,55.310405,,,,0,,openstreetmap
Moroccan Taste,UAE,Dubai,47 Street,25.2769456,55.3133657,,,,0,,openstreetmap
Zarafshon Restaurant,UAE,Dubai,20 Street,25.2772317,55.3133174,,,,0,,openstreetmap
Al Feen Salam Coffee Shop,UAE,Dubai,20 Street,25.2772618,55.3135122,,,,0,,openstreetmap
Rosa Sefa Cafe,UAE,Dubai,14c Street,25.2780177,55.3130709,,,,0,,openstreetmap
Al Marar Al Jaded Cafeteria,UAE,Dubai,24 Street,25.2763883,55.3118883,,,,0,,openstreetmap
Al Seha & Al Afia Cafeteria,UAE,Dubai,47 Street,25.2780288,55.3128067,,,,0,,openstreetmap
Citizen Restaurant,UAE,Dubai,24 Street,25.278434,55.3123487,,,,0,,openstreetmap
Skazka Al Saha,UAE,Dubai,20 Street,25.2765784,55.311324,,,,0,,openstreetmap
Maitha Cafeteria,UAE,Dubai,14a Street,25.2759326,55.3079913,,,,0,,openstreetmap
Eye Star Cofe Shop,UAE,Dubai,14a Street,25.2761249,55.3075028,,,,0,,openstreetmap
Al Shamil,UAE,Dubai,17b Street,25.2759711,55.308229,,,,0,,openstreetmap
Bader Al Hilal Coffe,UAE,Dubai,18a Street,25.275897,55.3084964,,,,0,,openstreetmap
Roken Al Frige Coffee Shop,UAE,Dubai,18a Street,25.2759118,55.3085389,,,,0,,openstreetmap
Enayat Bakhshi,UAE,Dubai,18b Street,25.2762708,55.3093763,,,,0,,openstreetmap
Mama Fish Caferteria,UAE,Dubai,18b Street,25.2763024,55.3094712,,,,0,,openstreetmap
Nejat Suleman Coffee Shop,UAE,Dubai,18b Street,25.2770832,55.3119787,,,,0,,openstreetmap
Pak Afghan Darbar Restaurant,UAE,Dubai,20 Street,25.2764355,55.3114264,,,,0,,openstreetmap
Alzaeem Cafe,UAE,Dubai,Damascus Street,25.291303,55.3947964,,,,0,,openstreetmap
Mehfil Biryani,UAE,Dubai,Damascus Street,25.2890114,55.3930743,,,,0,,openstreetmap
Kozhikode Rehmath,UAE,Dubai,Damascus Road,25.2878851,55.3922886,,,,0,,openstreetmap
Golden Spoon,UAE,Dubai,Damascus Street,25.2866841,55.3914095,,,,0,,openstreetmap
Al Sham Rose Restaurant,UAE,Dubai,Baghdad Street,25.2872007,55.369409,,,,0,,openstreetmap
Kilby Al Nahda Restaurant,UAE,Dubai,9 Street,25.2920322,55.3708772,,,,0,,openstreetmap
Haji Ali,UAE,Dubai,Amman Street,25.2949034,55.3742447,,,,0,,openstreetmap
Nice Burger,UAE,Dubai,Amman Street,25.2970028,55.3773661,,,,0,,openstreetmap
Chinchaaus Restaurant,UAE,Dubai,,25.2973446,55.3783483,,,,0,,openstreetmap
Ustad Hotel,UAE,Dubai,26 Street,25.2975484,55.3809948,,,,0,,openstreetmap
نووم نووم مطعم آسيا,UAE,Dubai,Street 40,25.1110504,55.1911269,+971551411425,https://www.nomnomasia.com,,0,,openstreetmap
Al Arayes Cafeteria,UAE,Dubai,20 Street,25.2748548,55.3073065,,,,0,,openstreetmap
Thalassery Restaurant,UAE,Dubai,14a Street,25.2758164,55.3070316,,,,0,,openstreetmap
Abdulla Mohd Yousuf Restaurant,UAE,Dubai,18b Street,25.2769406,55.3110764,,,,0,,openstreetmap
Abu Huda Cafeteria,UAE,Dubai,18b Street,25.277034,55.3112869,,,,0,,openstreetmap
Al Warda Al Dahabiya Coffee,UAE,Dubai,18b Street,25.2771383,55.3116115,,,,0,,openstreetmap
Blodan,UAE,Dubai,5 Street,25.2903079,55.3698172,,,,0,,openstreetmap
Najd Restaurant for Mandi & Madhbi,UAE,Dubai,2 Street,25.277409,55.3069371,,,,0,,openstreetmap
Teazone,UAE,Dubai,2 Street,25.2780186,55.3081555,,,,0,,openstreetmap
Sama Al Sham,UAE,Dubai,2 Street,25.2781852,55.3085741,,,,0,,openstreetmap
Special Chicken Restaurant,UAE,Dubai,2 Street,25.2782528,55.3086652,,,,0,,openstreetmap
King of Falafel Cafeteria,UAE,Dubai,2 Street,25.2782771,55.3087248,,,,0,,openstreetmap
Shawerma Alsag Cafeteria,UAE,Dubai,2 Street,25.2783236,55.3088335,,,,0,,openstreetmap
Star Burger,UAE,Dubai,2 Street,25.2783838,55.3089994,,,,0,,openstreetmap
Shatee Al Madina Restaurant,UAE,Dubai,2 Street,25.2787419,55.3097635,,,,0,,openstreetmap
Noor Al Hilal Coffee Shop,UAE,Dubai,12 Street,25.2776832,55.3107579,,,,0,,openstreetmap
Mekdelawit Cafe,UAE,Dubai,12 Street,25.2773737,55.3100065,,,,0,,openstreetmap
Al Muhaisnah,UAE,Dubai,10 Street,25.2777742,55.3098928,,,,0,,openstreetmap
Marta Coffe Shop,UAE,Dubai,8 Street,25.2777784,55.3091281,,,,0,,openstreetmap
Sky Cafe,UAE,Dubai,8 Street,25.2774984,55.308615,,,,0,,openstreetmap
Luzam Seid Cafeteria,UAE,Dubai,8 Street,25.2773875,55.3083322,,,,0,,openstreetmap
White Moon Cafeteria,UAE,Dubai,8 Street,25.277079,55.3076721,,,,0,,openstreetmap
Hayat,UAE,Dubai,27a Street,25.2422957,55.3462919,,,,0,,openstreetmap
Ice Coffee Day,UAE,Dubai,6 Street,25.2782485,55.30985,,,,0,,openstreetmap
Adama Coffee,UAE,Dubai,6 Street,25.2782454,55.3097927,,,,0,,openstreetmap
Al Samaha Restaurant & Cafeteria,UAE,Dubai,6 Street,25.2783367,55.3115446,,,,0,,openstreetmap
Hanan Tefera Cafe,UAE,Dubai,12 Street,25.2773673,55.3103999,,,,0,,openstreetmap
Rehoboth Restaurant,UAE,Dubai,27b Street,25.2773419,55.3097103,,,,0,,openstreetmap
Bahr Al Hanan Cafe,UAE,Dubai,10 Street,25.2775807,55.3095377,,,,0,,openstreetmap
Umm Durman Cafe,UAE,Dubai,10 Street,25.2780797,55.3101152,,,,0,,openstreetmap
Copper Plate,UAE,Dubai,10 Street,25.2835319,55.3732127,,,,0,,openstreetmap
Silicia Café,UAE,Dubai,شارع عمان,25.2864507,55.3648415,,,,0,,openstreetmap
Al Hayat Cafe,UAE,Dubai,6 Street,25.2775109,55.3077391,,,,0,,openstreetmap
Ala Al Faham Cafeteria,UAE,Dubai,Omar Bin Al Khattab Road,25.2750971,55.3153058,,,,0,,openstreetmap
Happy Land Restaurant,UAE,Dubai,Omar Bin Al Khattab Road,25.2733386,55.3156407,,,,0,,openstreetmap
MILE7 RESTAURANT,UAE,Dubai,,25.2801697,55.3457983,042652225,,,0,,openstreetmap
Al Forat Restaurant,UAE,Dubai,Omar Bin Al Khattab Road,25.2709571,55.3159895,,,,0,,openstreetmap
Thai Elite,UAE,Dubai,Abu Hail Street,25.2793713,55.3445102,,,,0,,openstreetmap
Digdga Tea Stall,UAE,Dubai,26c Street,25.2623565,55.3272361,,,,0,,openstreetmap
Karam Judodna,UAE,Dubai,26c Street,25.2624053,55.3271324,,,,0,,openstreetmap
City Burger,UAE,Dubai,Al Mussalla Road,25.2718874,55.3074863,,,,0,,openstreetmap
Al Aydee Al Bydai Restaurant,UAE,Dubai,19b Street,25.2714538,55.3084322,,,,0,,openstreetmap
Café Créme,UAE,Dubai,Al Nahda Street,25.2713128,55.373202,,,,0,,openstreetmap
Sip & Talk,UAE,Dubai,12a Street,25.2723303,55.3091257,,,,0,,openstreetmap
Kayil Authentic Malabar Eating House,UAE,Dubai,17a Street,25.2726176,55.3076046,,,,0,,openstreetmap
Najimuddin Teastall,UAE,Dubai,2c Street,25.2733545,55.3076364,,,,0,,openstreetmap
Al Yemen Mandi,UAE,Dubai,24 Street,25.2816495,55.353053,,,,0,,openstreetmap
Bel Vedere Restaurant,UAE,Dubai,22b Street,25.2807774,55.3501692,,,,0,,openstreetmap
Tanja Moroccan Restaurant,UAE,Dubai,22b Street,25.2804627,55.3501591,,,,0,,openstreetmap
Tajin & Tanjiah,UAE,Dubai,22b Street,25.2808744,55.3506506,,,,0,,openstreetmap
Al Wedayah Al Maghribi,UAE,Dubai,22b Street,25.2814747,55.3512816,,,,0,,openstreetmap
Al Amaken Cafe & Restaurant,UAE,Dubai,Al Ittihad Road,25.2857008,55.3600772,,,,0,,openstreetmap
Yulan,UAE,Dubai,Abu Hail Street,25.2773163,55.3471425,,,,0,,openstreetmap
Masafi Restaurant,UAE,Dubai,37b Street,25.2727072,55.3129807,,,,0,,openstreetmap
Marmar Al Madina Restaurant,UAE,Dubai,18d Street,25.2729194,55.310969,,,,0,,openstreetmap
Evergreen,UAE,Dubai,17b Street,25.2721279,55.3075441,,,,0,,openstreetmap
Kashmir Restaurant,UAE,Dubai,25 Street,25.2724827,55.3098376,,,,0,,openstreetmap
Al Baraha Gate Cafeteria,UAE,Dubai,23b Street,25.2710035,55.3097734,,,,0,,openstreetmap
For You Cafe,UAE,Dubai,22a Street,25.2787565,55.3479382,,,,0,,openstreetmap
Artista One,UAE,Dubai,شارع 24,25.2776304,55.3480799,+97142507447,http://www.artistaone.co,,0,,openstreetmap
مطعم النهضة,UAE,Dubai,,25.2789616,55.3514155,,,,0,,openstreetmap
مطعم صحارى ستار هوم فود,UAE,Dubai,,25.2801829,55.3530693,0543656743,,,0,,openstreetmap
Mazza Cafe,UAE,Dubai,,25.2809592,55.3523094,042978800,,,0,,openstreetmap
Al Amoor Falafel,UAE,Dubai,,25.2817008,55.3526483,,,,0,,openstreetmap
Ajeeb Snacks,UAE,Dubai,22b Street,25.2827843,55.3513822,,,,0,,openstreetmap
Albal Man'oushe,UAE,Dubai,7 Street,25.2819033,55.3492579,,,,0,,openstreetmap
Taif Al Khaleej Coffee Shop,UAE,Dubai,29d Street,25.2712215,55.3114063,,,,0,,openstreetmap
Madinat Delhi,UAE,Dubai,18d Street,25.2730978,55.3116801,,,,0,,openstreetmap
Spicy Curry Restaurant,UAE,Dubai,28 Street,25.2720171,55.3110326,,,,0,,openstreetmap
Al Afia Coffee Shop,UAE,Dubai,12b Street,25.2741072,55.3126595,,,,0,,openstreetmap
Kozhikode Star Restaurant,UAE,Dubai,10b Street,25.2750362,55.3133635,,,,0,,openstreetmap
Al Tawakkul Restaurant,UAE,Dubai,43b Street,25.2726571,55.3145002,,,,0,,openstreetmap
Al Naseem Al Akhdar Restaurant,UAE,Dubai,16 Street,25.2738188,55.3145504,,,,0,,openstreetmap
Beirut Restaurant & Grill,UAE,Dubai,Al Rigga Street,25.264792,55.3202952,,,,0,,openstreetmap
McDavid's Restaurant,UAE,Dubai,Al Rigga Street,25.2646836,55.320497,,,,0,,openstreetmap
Al Jarra Restaurant & Cafe,UAE,Dubai,Al Rigga Street,25.2645301,55.3207997,,,,0,,openstreetmap
Mubasher Cafeteria,UAE,Dubai,Abu Hail Street,25.2854078,55.3360842,,,,0,,openstreetmap
Cafeteria Shath Al Forath,UAE,Dubai,Al Hamriyah Street,25.2902509,55.3277633,,,,0,,openstreetmap
Al Embratoor Cook & Restaurant,UAE,Dubai,Al Hamriyah Street,25.2880053,55.3245568,,,,0,,openstreetmap
Musabbeh Mohammed Al Mansoori,UAE,Dubai,Al Hamriyah Street,25.2877603,55.3244026,,,,0,,openstreetmap
Al Balabil,UAE,Dubai,25 Street,25.2839946,55.3337259,,,,0,,openstreetmap
Al Maroof Cafeteria,UAE,Dubai,Abu Hail Street,25.2847979,55.3376681,,,,0,,openstreetmap
Saif Al Saafi,UAE,Dubai,Al Hamriyah Street,25.2896392,55.3265536,,,,0,,openstreetmap
Tea Days,UAE,Dubai,Al Hamriyah Street,25.2882744,55.3245748,,,,0,,openstreetmap
Ponnusamy Restaurant,UAE,Dubai,شارع دمشق,25.2714739,55.3799113,,,,0,,openstreetmap
FCN,UAE,Dubai,Al Nahda Street,25.2700404,55.3754935,,,,0,,openstreetmap
Panoor Restaurant,UAE,Dubai,Al Nahda Street,25.2704116,55.3747713,,,,0,,openstreetmap
Barbecue Bites Restaurant,UAE,Dubai,108/1 Road,25.2630431,55.3320209,,,,0,,openstreetmap
Al Zawraa Restaurant & Kitchen,UAE,Dubai,108/1 Road,25.2633785,55.331369,,,,0,,openstreetmap
Al Madina,UAE,Dubai,Al Baraha Street,25.2786928,55.3152622,,,,0,,openstreetmap
Hadiyya Coffee House,UAE,Dubai,20 Street,25.2584778,55.3293759,,,,0,,openstreetmap
Zagareed Cafeteria,UAE,Dubai,10a Street,25.2609493,55.329841,,,,0,,openstreetmap
T's Deli & New Kerala Restaurant & Cafeteria,UAE,Dubai,10a Street,25.2609978,55.3296811,,,,0,,openstreetmap
Al Dayaa Lebanises Restaurant,UAE,Dubai,Al Ittihad Road,25.25971,55.3368111,,,,0,,openstreetmap
Al Falamanki Cafe,UAE,Dubai,Al Ettihad Road,25.2577767,55.3367726,,,,0,,openstreetmap
Marhaba Mandi,UAE,Dubai,شارع دمشق,25.2692715,55.3793757,,,,0,,openstreetmap
Danillo Cafeteria,UAE,Dubai,7a Street,25.2796799,55.3160951,,,,0,,openstreetmap
Veri Peri Portuguese Grill,UAE,Dubai,34 Street,25.254555,55.3279928,,,,0,,openstreetmap
Dynasty,UAE,Dubai,5b Street,25.2555501,55.3263839,,,,0,,openstreetmap
Dariush,UAE,Dubai,34 Street,25.2542985,55.3287948,,,,0,,openstreetmap
Al Ajwa Cafe,UAE,Dubai,30a Street,25.2759168,55.3339345,,,,0,,openstreetmap
Lucky Corner Cafe,UAE,Dubai,Hor Al Anz Street,25.2752338,55.3319459,,,,0,,openstreetmap
Lal Haveli Restaurant,UAE,Dubai,34a Street,25.2750545,55.3326647,,,,0,,openstreetmap
Dosa Hut,UAE,Dubai,34a Street,25.2753637,55.3345264,,,,0,,openstreetmap
Karak & Chapati,UAE,Dubai,34b Street,25.2759997,55.3373488,,,,0,,openstreetmap
Nasheman Hyderabad Restaurant,UAE,Dubai,21c Street,25.2761746,55.3376497,,,,0,,openstreetmap
Micro City,UAE,Dubai,21c Street,25.2762614,55.3376113,,,,0,,openstreetmap
Al Shab,UAE,Dubai,30b Street,25.2772978,55.3387323,,,,0,,openstreetmap
Green Land Cafeteria,UAE,Dubai,30b Street,25.2774308,55.3392713,,,,0,,openstreetmap
Pak Almadina Restaurant,UAE,Dubai,30b Street,25.2775132,55.3394949,,,,0,,openstreetmap
Keerthi Deluxe Restaurant,UAE,Dubai,27 Street,25.2777828,55.3394121,,,,0,,openstreetmap
Xiao Hong Niu Hot Pot,UAE,Dubai,Salahuddin Road,25.2700855,55.3193057,,,,0,,openstreetmap
Al Hijaz Cafeteria,UAE,Dubai,30a Street,25.2759384,55.332551,,,,0,,openstreetmap
Coup Al Shay Cafe,UAE,Dubai,38A Street,25.2758545,55.3319767,,,,0,,openstreetmap
Ariana Kabab Restaurant,UAE,Dubai,Hor Al Anz Street,25.2747316,55.3318126,,,,0,,openstreetmap
Pak Rose Restaurant,UAE,Dubai,Hor Al Anz Street,25.2791186,55.3311072,,,,0,,openstreetmap
Xiao Wei Yang,UAE,Dubai,Salah Al Din Street,25.2706725,55.3208319,,,,0,,openstreetmap
Reem Al Bamadi,UAE,Dubai,Salah Al Din Street,25.2705609,55.3218149,,,,0,,openstreetmap
Al Manama Sun Restaurant,UAE,Dubai,4b Street,25.2820983,55.3370171,,,,0,,openstreetmap
Mubasher Cafeteria & Restaurant,UAE,Dubai,Al Rasheed Street,25.2824959,55.3362527,,,,0,,openstreetmap
Al Raazi,UAE,Dubai,Al Muteena Street,25.2740415,55.3266469,,,,0,,openstreetmap
Arsalan,UAE,Dubai,Al Muteena Street,25.27356,55.3225055,,,,0,,openstreetmap
Quick Bite,UAE,Dubai,Al Muteena Street,25.2735455,55.3223339,,,,0,,openstreetmap
Peshawari Restaurant,UAE,Dubai,Al Muteena Street,25.2733247,55.3199963,,,,0,,openstreetmap
Al Leqaa,UAE,Dubai,Al Muteena Street,25.2732271,55.3192399,,,,0,,openstreetmap
Samantha Cafè,UAE,Dubai,Al Muteena Street,25.2730531,55.3174402,,,,0,,openstreetmap
Qalat Arbel Restaurant,UAE,Dubai,Al Muteena Street,25.2730252,55.3172041,,,,0,,openstreetmap
Shah Jahan,UAE,Dubai,Hor Al Anz Street,25.2784319,55.3310861,,,,0,,openstreetmap
Wadi Al Khair Cafeteria,UAE,Dubai,Hor Al Anz Street,25.278356,55.3310983,,,,0,,openstreetmap
Al Rahara Star Restaurant,UAE,Dubai,19a Street,25.2805719,55.3212608,,,,0,,openstreetmap
"Al Kamil, Billiard",UAE,Dubai,,25.074664,55.1438738,,,,0,,openstreetmap
Al Miqat Restaurant,UAE,Dubai,Damascus Street,25.2750361,55.3833474,,,,0,,openstreetmap
Saras,UAE,Dubai,Damascus Street,25.2808621,55.3873769,,,,0,,openstreetmap
Eldahan For Grills,UAE,Dubai,Damascus Street,25.2815226,55.3878892,,,,0,,openstreetmap
Al Jabal Al Akhdar Restaurant,UAE,Dubai,Damascus Street,25.2934913,55.3960276,,,,0,,openstreetmap
Nihal Restaurant,UAE,Dubai,Damascus Street,25.2947258,55.3963295,,,,0,,openstreetmap
كستا,UAE,Dubai,,24.8870342,55.1596405,,,,0,,openstreetmap
Restaurant Daily,UAE,Dubai,Damascus Street,25.2790828,55.3853881,,,,0,,openstreetmap
Daily Fresh,UAE,Dubai,,25.156992,55.2024606,,,,0,,openstreetmap
Park Avenue Cafe,UAE,Dubai,Damascus Street,25.2749089,55.3824196,,,,0,,openstreetmap
Yummy Indian,UAE,Dubai,Damascus Street,25.2844013,55.389039,,,,0,,openstreetmap
Cáfe Nine Ball,UAE,Dubai,Damascus Street,25.2931846,55.3950528,,,,0,,openstreetmap
Seher Al Amaken Cafee,UAE,Dubai,Damascus Street,25.2929873,55.3949421,,,,0,,openstreetmap
Maxine,UAE,Dubai,,25.0828806,55.1463005,,,,0,,openstreetmap
Piccolo Mondo Avenue,UAE,Dubai,,25.0811266,55.1448159,,,,0,,openstreetmap
Zaroob,UAE,Dubai,,25.078395,55.1429566,,,,0,,openstreetmap
TGI Fridays,UAE,Dubai,,25.116837,55.1989469,,,,0,,openstreetmap
IHOP,UAE,Dubai,,25.1169851,55.1990944,,,,0,,openstreetmap
دمياطي حمص فول فلافل,UAE,Dubai,,25.2691325,55.355068,,,,0,,openstreetmap
25- Degrees North,UAE,Dubai,"Ground Floor, Damac Executive Heights, Barsha Heights, Dubai",25.0950741,55.1727146,+97144551646,,,0,,openstreetmap
Marble Slab Creamery,UAE,Dubai,,25.0937299,55.1680355,+97143638476,,,0,,openstreetmap
Baker & Spice,UAE,Dubai,,25.0739968,55.1332264,,,,0,,openstreetmap
Be Super Natural Kitchen,UAE,Dubai,,25.1991657,55.2778149,,,,0,,openstreetmap
Winner's Cafeteria,UAE,Dubai,,25.2324986,55.3124373,,,,0,,openstreetmap
Portioli,UAE,Dubai,,25.2326757,55.3108925,,,,0,,openstreetmap
Chez Charles Restaurant,UAE,Dubai,Dubai Design District,25.1894558,55.2983794,045122444,https://chezcharlesrestaurant.ae/,,0,,openstreetmap
Denny's,UAE,Dubai,,25.1410185,55.2176097,,,,0,,openstreetmap
California Pizza Citchen,UAE,Dubai,,25.1957285,55.2783269,,,,0,,openstreetmap
Red Lobster,UAE,Dubai,,25.1955756,55.2785763,,,,0,,openstreetmap
Nordsee,UAE,Dubai,,25.1969602,55.2767779,,,,0,,openstreetmap
Cocoa,UAE,Dubai,,25.2070925,55.2638161,,,,0,,openstreetmap
kana cafe,UAE,Dubai,,25.1899943,55.2848731,,,,0,,openstreetmap
Sadaf Persian Restaurant,UAE,Dubai,,25.2165839,55.2778602,,,,0,,openstreetmap
S'wich,UAE,Dubai,"shop 9, Ground Floor, Marina View Towers A",25.0793339,55.1418566,,http://uae.myswich.com,,0,,openstreetmap
Food court,UAE,Dubai,,25.0426396,55.1188088,,,,0,,openstreetmap
Chalcos,UAE,Dubai,,25.0698311,55.1413189,044539175,,,0,,openstreetmap
Wienerwald,UAE,Dubai,,25.1055762,55.1686129,,,,0,,openstreetmap
La Petite Maison,UAE,Dubai,,25.2131856,55.2822535,044390505,http://lpmdubai.ae,,0,,openstreetmap
Stomping Grounds,UAE,Dubai,,25.2230857,55.2581963,,,,0,,openstreetmap
Maiden Shanghai,UAE,Dubai,Palm Jumeirah,25.1039864,55.1486229,,,,0,,openstreetmap
Cinque,UAE,Dubai,Palm Jumeirah,25.1041638,55.1482737,,,,0,,openstreetmap
مطعم إيران زمين,UAE,Dubai,MARINA,25.085306,55.1450172,+97144329661,https://www.iranzamin.ae/,,0,,openstreetmap
pind da dhaba,UAE,Dubai,,25.2364437,55.302655,,,,0,,openstreetmap
Q D’s,UAE,Dubai,,25.2461756,55.3310965,,,,0,,openstreetmap
Piadera,UAE,Dubai,,25.2216391,55.2853033,,,,0,,openstreetmap
Parlour Boutique,UAE,Dubai,,25.2217337,55.2857807,,,,0,,openstreetmap
Hatam,UAE,Dubai,,25.2242251,55.285534,,,,0,,openstreetmap
Bab Alsham,UAE,Dubai,,24.8168263,56.1337505,,,,0,,openstreetmap
El Amoor,UAE,Dubai,,25.1169135,55.2036783,,,,0,,openstreetmap
The Cycle Bistro,UAE,Dubai,,25.0466118,55.2386499,,https://www.thecyclebistro.com/,,0,,openstreetmap
Yeshi kava restaurant llcam,UAE,Dubai,,25.247066,55.3015765,+97143967223,http://www.yeshikava.com,,0,,openstreetmap
Mataa Mzagk,UAE,Dubai,,25.1828804,55.567869,,,,0,,openstreetmap
Chacha Lahori,UAE,Dubai,,25.2512717,55.3026173,,,,0,,openstreetmap
Jaffer Bhai’s Restaurant,UAE,Dubai,,25.2479027,55.3088128,,,,0,,openstreetmap
Mythos,UAE,Dubai,,25.0749716,55.1456724,+97143998166,https://www.mythosdubai.com/mythos-kouzina-grill,,0,,openstreetmap
Carnival by Tresind,UAE,Dubai,,25.2113441,55.282481,+971522424262,,,0,,openstreetmap
Xiao Wei Yang Hot Pot (Little Lamb),UAE,Dubai,,25.0845357,55.1418368,+97144214650,,,0,,openstreetmap
Rangoli,UAE,Dubai,,25.2608838,55.2957608,,,,0,,openstreetmap
Friends Avenue Cafe,UAE,Dubai,,25.0790698,55.1491945,045545813,,,0,,openstreetmap
1762 Stripped,UAE,Dubai,,25.0725508,55.1450661,8001762,,,0,,openstreetmap
Arrows and Sparrows Cafe,UAE,Dubai,,25.0959946,55.1675049,97145588141,,,0,,openstreetmap
Evakana Resturant,UAE,Dubai,,25.2248737,55.4258173,,,,0,,openstreetmap
مطعم العرزال اللبناني,UAE,Dubai,,25.2424803,55.3096201,,,,0,,openstreetmap
Пляж,UAE,Dubai,,25.1645742,55.2087354,,,,0,,openstreetmap
G's Cakes Bakery Gifts,UAE,Dubai,,25.0724652,55.142307,,,,0,,openstreetmap
Pressman's Pressed Sandwiches,UAE,Dubai,,25.0720663,55.141809,,,,0,,openstreetmap
Pitfire pizza,UAE,Dubai,,25.0699044,55.1413662,8007483473,,,0,,openstreetmap
مطعم زاروب,UAE,Dubai,,25.2135082,55.277677,+97143853592,https://www.zaroob.com/,,0,,openstreetmap
Local Food,UAE,Dubai,al diyafah road,25.232776,55.2889478,,,,0,,openstreetmap
Shimmers,UAE,Dubai,"Beach, Jumeirah Mina A’Salam, Madinat Jumeirah",25.1350737,55.1842402,+97144323232,,,0,,openstreetmap
Wild & The Moon,UAE,Dubai,"Alserkal Avenue, street 8",25.142725,55.2246582,+9718009453,https://www.wildandthemoon.com/,,0,,openstreetmap
J5 Cafe,UAE,Dubai,,25.2642343,55.3270445,,,,0,,openstreetmap
Piccolo Mondo,UAE,Dubai,,25.2178814,55.2769302,,,,0,,openstreetmap
Next Exit Cafe,UAE,Dubai,,25.0526788,55.2314922,,,,0,,openstreetmap
DailyDose Café,UAE,Dubai,Jumeira Street,25.2182616,55.2525576,,,,0,,openstreetmap
Magic Corn Restaurant,UAE,Dubai,,25.1241041,55.4004482,043330053,,,0,,openstreetmap
Othman's Lounge,UAE,Dubai,,25.1919501,55.2749842,,,,0,,openstreetmap
منادو,UAE,Dubai,318 streets,25.1509778,55.2496232,+971559517283,,,0,,openstreetmap
CurryKoottu,UAE,Dubai,Latifa Bint Hamdan Street,25.1487798,55.2467024,+971527375441,,,0,,openstreetmap
The Surf Café & The Sushi Bar,UAE,Dubai,,25.1483263,55.1975722,+97143466292,http://www.thesurfcafedubai.com/,,0,,openstreetmap
Single Fin Cafe,UAE,Dubai,,25.1483815,55.1973685,,https://surfingdubai.com/news-details.php?id=35,,0,,openstreetmap
Knight's Table,UAE,Dubai,,24.9177736,55.0123832,,,,0,,openstreetmap
Caesar's Pizza & Pasta Buffet,UAE,Dubai,,24.9197497,55.0123151,,,,0,,openstreetmap
Saudi Kitchen For Saudi Food,UAE,Dubai,شارع جميرة,25.2065044,55.2435046,,,,0,,openstreetmap
Al Fanar,UAE,Dubai,,25.2153015,55.2511114,,,,0,,openstreetmap
Abd El Wahab Restaurant,UAE,Dubai,,25.1951263,55.2767958,,,,0,,openstreetmap
Fudo,UAE,Dubai,,25.2154762,55.2524048,,,,0,,openstreetmap
Zahr el Laymoun,UAE,Dubai,,25.1949753,55.2772128,,,,0,,openstreetmap
Em Sherif,UAE,Dubai,,25.1948147,55.2779977,,,,0,,openstreetmap
Wooden cellar,UAE,Dubai,,25.0368825,55.2226105,,,,0,,openstreetmap
Kebab house,UAE,Dubai,,25.0372282,55.2223532,,,,0,,openstreetmap
Pulcinello pizzeria,UAE,Dubai,,25.0374853,55.2221307,,,,0,,openstreetmap
Wahina,UAE,Dubai,,25.0378904,55.2218624,,,,0,,openstreetmap
Healey’s Bar and Terrace,UAE,Dubai,,25.0677197,55.1418667,,,,0,,openstreetmap
Shades,UAE,Dubai,,25.0771091,55.1405392,,,,0,,openstreetmap
Barefoot Lounge,UAE,Dubai,,25.2342398,55.2618216,,,,0,,openstreetmap
Pure Sky Lounge & Dining,UAE,Dubai,"Tower B, The Walk, Level 35, Dubai, United Arab Emirates",25.0779899,55.1346274,+97143747888,,,0,,openstreetmap
Zengo,UAE,Dubai,,25.0848162,55.1402803,+97143165550,https://www.zengo-dubai.com/,,0,,openstreetmap
Siddharta Lounge,UAE,Dubai,,25.0865725,55.1434259,,,,0,,openstreetmap
Tomo Restaurant,UAE,Dubai,,25.2275927,55.3203171,,,,0,,openstreetmap
Sarhad Darbar - DISCOVERY GARDEN'S,UAE,Dubai,,25.0487264,55.1294767,,,,0,,openstreetmap
Eataly,UAE,Dubai,,25.2213598,55.351789,,,,0,,openstreetmap
Al Fanar Restaurant & Café,UAE,Dubai,,25.2219516,55.3515625,,,,0,,openstreetmap
Golos italia,UAE,Dubai,,24.9094075,55.1169241,,,,0,,openstreetmap
Cafe pushkin,UAE,Dubai,,24.9095717,55.1180496,,,,0,,openstreetmap
Desi Deira,UAE,Dubai,,25.2573712,55.2879143,+97143266232,http://www.desideira.com/,,0,,openstreetmap
Homely Foods Restaurant,UAE,Dubai,,25.257079,55.2891582,,,,0,,openstreetmap
مطعم الحظيرة,UAE,Dubai,Al Qudra Road,24.8184692,55.2280337,+97148096194,,,0,,openstreetmap
Spill the Beans,UAE,Dubai,,25.0277854,55.2748969,,,,0,,openstreetmap
Tuk Tuk Thai Cuisine,UAE,Dubai,,25.0279279,55.2757457,,,,0,,openstreetmap
The Cavendish,UAE,Dubai,,25.0676631,55.1421864,,,,0,,openstreetmap
Zay zaman,UAE,Dubai,,25.0459426,55.2312522,,,,0,,openstreetmap
Sumo,UAE,Dubai,,25.0458218,55.231652,,,,0,,openstreetmap
Club Joumana Sports Cafe,UAE,Dubai,,24.9870851,55.0255652,,,,0,,openstreetmap
Bosporus,UAE,Dubai,,25.077903,55.1330359,+97143808090,https://thebosporus.com/,,0,,openstreetmap
Sushi Art,UAE,Dubai,,25.0766962,55.1319892,,,,0,,openstreetmap
Eat Greek Kouzina,UAE,Dubai,,25.0766254,55.1314311,+97144305249,https://www.eatgreekkouzina.com/restaurants/#91,,0,,openstreetmap
The Café,UAE,Dubai,,24.9188235,55.0109777,,,,0,,openstreetmap
Feels,UAE,Dubai,,25.1851966,55.2244516,,,,0,,openstreetmap
Tannor Lahm,UAE,Dubai,Dubai-Hatta Road,24.820771,56.1235541,0502306800,,,0,,openstreetmap
Light Food Cafeteria,UAE,Dubai,,25.1640362,55.4066148,,,,0,,openstreetmap
The Victorian cafe,UAE,Dubai,,25.2047606,55.2634931,,,,0,,openstreetmap
101 Privé,UAE,Dubai,,25.0998605,55.135539,,,,0,,openstreetmap
101 Restaurant and Bar,UAE,Dubai,,25.0999596,55.1359895,,,,0,,openstreetmap
عين جمل,UAE,Dubai,,25.2844605,55.3351526,,,,0,,openstreetmap
Super Care Pharmacy,UAE,Dubai,,25.1134695,55.3729344,,,,0,,openstreetmap
Little Bangkok,UAE,Dubai,,25.1136621,55.3731835,,,,0,,openstreetmap
Eighty 8 Lounge,UAE,Dubai,,25.1135912,55.3723314,,,,0,,openstreetmap
Foodings,UAE,Dubai,,25.115113,55.3726791,,,,0,,openstreetmap
Noodle Bowl,UAE,Dubai,Al Diyafah Street,25.236914,55.2754879,+97143453381,,,0,,openstreetmap
South St Burger,UAE,Dubai,,25.1132836,55.3726182,,,,0,,openstreetmap
برجيل العرب,UAE,Dubai,,25.2660888,55.2900659,,,,0,,openstreetmap
Kung Korean Restaurant & Karaoke,UAE,Dubai,,25.0975249,55.1735663,,,,0,,openstreetmap
Sandwichy,UAE,Dubai,,25.1143467,55.3716647,,,,0,,openstreetmap
Fish Hut Restaurant,UAE,Dubai,شارع أم سقيم,25.114965,55.212745,,,,0,,openstreetmap
Park and Sip Cafe,UAE,Dubai,7b شارع,25.2482241,55.311776,+97143961900,https://www.instagram.com/parkandsip,,0,,openstreetmap
Zam Zam Mandi,UAE,Dubai,,25.2531977,55.3344117,,,,0,,openstreetmap
M,UAE,Dubai,,25.0385217,55.1857693,,,,0,,openstreetmap
dhe puttu,UAE,Dubai,,25.2486277,55.3034824,,,,0,,openstreetmap
Shri Krishna Bhavan,UAE,Dubai,,25.2483714,55.3039389,,,,0,,openstreetmap
Ruchi's Authentic Andhra North Indian,UAE,Dubai,,25.248244,55.304063,,,,0,,openstreetmap
Burj Al Arab Restaurant Gafoorka’s Thattukada,UAE,Dubai,,25.2729549,55.3745494,,,,0,,openstreetmap
Brummanah Restaurant and Cafe,UAE,Dubai,,25.2498403,55.3402013,,,,0,,openstreetmap
Fruitzone,UAE,Dubai,,25.2497863,55.3395147,,,,0,,openstreetmap
Shahran,UAE,Dubai,,25.2871353,55.3697094,,,,0,,openstreetmap
The Tea Cup,UAE,Dubai,,25.1711409,55.2164182,,,,0,,openstreetmap
Opera Blu,UAE,Dubai,,25.1847792,55.2639493,,,,0,,openstreetmap
Little hut Restaurant,UAE,Dubai,,25.2778607,55.3854578,,,,0,,openstreetmap
Mayamani Restaurant,UAE,Dubai,,25.2818255,55.3880779,,,,0,,openstreetmap
The Lime Tree Cafe - Al Quoz,UAE,Dubai,4B Street,25.1437469,55.2235094,+97143256325,https://www.thelimetreecafe.com/,,0,,openstreetmap
The Lime Tree Cafe - Sheikh Zayed Road,UAE,Dubai,Sheikh Zayed Road,25.1296447,55.2097937,+97143387267,https://www.thelimetreecafe.com/,,0,,openstreetmap
Laffah,UAE,Dubai,,25.2511243,55.3025081,,,,0,,openstreetmap
Gelato Divino,UAE,Dubai,,25.1149108,55.372852,,,,0,,openstreetmap
مطعم الامور,UAE,Dubai,,25.2365675,55.3023935,,,,0,,openstreetmap
Bento-ya Kitchen,UAE,Dubai,شارع الشيخ زاي,25.2092583,55.2742483,,,,0,,openstreetmap
Nutella,UAE,Dubai,,25.2469045,55.3639406,,,,0,,openstreetmap
Giraffe,UAE,Dubai,,25.2471252,55.3635678,,,,0,,openstreetmap
Cadiz,UAE,Dubai,,25.2470694,55.3635356,,,,0,,openstreetmap
Camdem Food Co.,UAE,Dubai,,25.2490563,55.3609124,,,,0,,openstreetmap
Treehouse Juicery,UAE,Dubai,,25.2487822,55.3606013,,,,0,,openstreetmap
Dubai Surfing,UAE,Dubai,,25.2491558,55.3599978,,,,0,,openstreetmap
St. Mia - Ristorante Italiano,UAE,Dubai,,25.2491461,55.3598154,,,,0,,openstreetmap
Tranzeet,UAE,Dubai,,25.2494881,55.3602446,,,,0,,openstreetmap
Paul,UAE,Dubai,,25.2494347,55.3594426,,,,0,,openstreetmap
Rosso Vivo Artizan Pizza,UAE,Dubai,,25.2496022,55.360083,,,,0,,openstreetmap
The Gin Garden,UAE,Dubai,,25.2493431,55.3594823,,,,0,,openstreetmap
Heineken,UAE,Dubai,,25.2493214,55.3595395,,,,0,,openstreetmap
The Daily - Urban Street Food,UAE,Dubai,,25.2492669,55.3597894,,,,0,,openstreetmap
مطعم قرطبه,UAE,Dubai,شارع الممشى,25.0789213,55.1356138,044522209,,,0,,openstreetmap
Habibi Burger,UAE,Dubai,,25.0688591,55.1311623,,,,0,,openstreetmap
al-maeda,UAE,Dubai,,25.0727496,55.1276689,,,,0,,openstreetmap
Nusret,UAE,Dubai,,25.2024344,55.2399873,,,,0,,openstreetmap
XVA Art Cafe,UAE,Dubai,,25.2638854,55.2997848,,,,0,,openstreetmap
Drinks and snacks,UAE,Dubai,,25.2642407,55.2939923,,,,0,,openstreetmap
Revo Cafe,UAE,Dubai,,25.1278502,55.1542251,,,,0,,openstreetmap
al griSSino,UAE,Dubai,,25.2085178,55.2763922,,,,0,,openstreetmap
Bistro Des Arts,UAE,Dubai,,25.0775559,55.1406571,,,,0,,openstreetmap
Roseleaf Cafe,UAE,Dubai,,25.1300672,55.2125578,,,,0,,openstreetmap
BBQ Donut,UAE,Dubai,,25.2457148,55.3311327,,,,0,,openstreetmap
The Daily,UAE,Dubai,,25.0694757,55.1279888,,,,0,,openstreetmap
iWok,UAE,Dubai,,25.0697008,55.1296547,,,,0,,openstreetmap
The Govindas,UAE,Dubai,,25.2525104,55.3045772,,,,0,,openstreetmap
Links,UAE,Dubai,,25.0678663,55.1618261,,,,0,,openstreetmap
grass land,UAE,Dubai,,25.2567202,55.2930111,,,,0,,openstreetmap
"poppy, renaissance downtown hotel",UAE,Dubai,,25.1857841,55.2736164,,,,0,,openstreetmap
"look up, la ville hotel",UAE,Dubai,,25.2083655,55.2607531,,https://livelaville.com/,,0,,openstreetmap
seventy seven,UAE,Dubai,,25.2437511,55.3329383,,http://Hyatt.com,,0,,openstreetmap
Karamteena,UAE,Dubai,,25.0980766,55.155956,,,,0,,openstreetmap
مطعم ليلى اللبناني,UAE,Dubai,,25.1913449,55.2715881,,,,0,,openstreetmap
Gevora Kitchen,UAE,Dubai,Sheikh Zayed Road,25.2123992,55.2770897,,,,0,,openstreetmap
Le Veyron Cafe,UAE,Dubai,Sheikh Zayed Road,25.2124295,55.2772071,,,,0,,openstreetmap
Le Pain Quotidien,UAE,Dubai,,25.2108639,55.2760265,,,,0,,openstreetmap
Texas Roadhouse,UAE,Dubai,,25.1956137,55.2788077,,,,0,,openstreetmap
V Deck,UAE,Dubai,Canal Walk,25.1838039,55.2541617,,,,0,,openstreetmap
V Lounge,UAE,Dubai,Canal Walk,25.1843589,55.2546583,+97144366666,,,0,,openstreetmap
paithai,UAE,Dubai,,25.1307556,55.1835841,,,,0,,openstreetmap
BQ - French Kitchen & Bar,UAE,Dubai,Canal Walk,25.1835944,55.253897,+97144355577,,,0,,openstreetmap
Le Patio,UAE,Dubai,Canal Walk,25.1842821,55.2548931,+97144355577,,,0,,openstreetmap
Namu,UAE,Dubai,Canal Walk,25.1844313,55.2547309,+97144355577,https://curiocollection3.hilton.com/en/hotels/uae/v-hotel-dubai-curio-collection-by-hilton-DXBVHQQ/index.html,,0,,openstreetmap
Ribs & Brews,UAE,Dubai,Canal Walk,25.1844315,55.2550695,,,,0,,openstreetmap
The Roof Gardens,UAE,Dubai,Canal Walk,25.183555,55.254058,+97144355577,https://waldorfastoria3.hilton.com/en/hotels/uae/habtoor-palace-lxr-hotels-and-resorts-DXBPLWA/amenities/restaurants.html,,0,,openstreetmap
The Market,UAE,Dubai,Canal Walk,25.184285,55.2552876,+97144355577,,,0,,openstreetmap
World Cut Steakhouse,UAE,Dubai,Canal Walk,25.1832485,55.254499,+97144355577,https://waldorfastoria3.hilton.com/en/hotels/uae/habtoor-palace-lxr-hotels-and-resorts-DXBPLWA/amenities/restaurants.html,,0,,openstreetmap
المقهى,UAE,Dubai,مشي القناة,25.1845535,55.2549541,+97144355577,,,0,,openstreetmap
Sidra,UAE,Dubai,Canal Walk,25.1834331,55.2540615,+97144355577,,,0,,openstreetmap
Veggie Garden,UAE,Dubai,,25.2486994,55.3031531,,,,0,,openstreetmap
Capri Italian Grill,UAE,Dubai,,25.2227029,55.2843123,,,,0,,openstreetmap
Dubai Hills Golf Club,UAE,Dubai,,25.1213955,55.2643363,,,,0,,openstreetmap
Intizar Restaurant,UAE,Dubai,,25.1641649,55.4160614,,,,0,,openstreetmap
Golden Fork Seafood Restaurant Al Barsha,UAE,Dubai,شارع الشيخ زايد,25.113711,55.1900718,+97143929220,http://goldenfork.ae,,0,,openstreetmap
DED Cafe,UAE,Dubai,Jumeira Sreet,25.2343841,55.2648927,+97143450444,,,0,,openstreetmap
Carters Blue Cafeteria,UAE,Dubai,,25.2552463,55.3048982,043979595,,,0,,openstreetmap
Mitts & Trays,UAE,Dubai,,25.0797528,55.1215908,,,,0,,openstreetmap
The Coffee Club,UAE,Dubai,,25.0773283,55.1247317,,,,0,,openstreetmap
BrewDog Bluewaters,UAE,Dubai,,25.0791649,55.1244688,,https://drink.brewdog.com/uk/dubai-bluewaters,,0,,openstreetmap
Folly by Nick&Scott,UAE,Dubai,,25.1349921,55.1851648,,,,0,,openstreetmap
Bash Ahmad,UAE,Dubai,,25.2351194,55.3009919,,,,0,,openstreetmap
Mohalla,UAE,Dubai,,25.1879466,55.2977206,,,,0,,openstreetmap
Old Wood Café,UAE,Dubai,,25.1733906,55.423317,,,,0,,openstreetmap
مطعم ديار الشان,UAE,Dubai,,25.1704644,55.4035168,+97144308843,,,0,,openstreetmap
Salt,UAE,Dubai,,24.8149542,56.1307316,,,,0,,openstreetmap
Al Yamm Cafe,UAE,Dubai,,24.8138414,56.1309914,,,,0,,openstreetmap
Juicy Fruity,UAE,Dubai,,24.8142275,56.1608501,,,,0,,openstreetmap
DONER Race Sandwich,UAE,Dubai,,24.8143054,56.1608192,,,,0,,openstreetmap
ورسان المندي,UAE,Dubai,,25.1625264,55.4067317,+971562588001,http://www.warsanmandi.com,,0,,openstreetmap
Roumoul,UAE,Dubai,,24.8204587,56.135121,,,,0,,openstreetmap
Jeema,UAE,Dubai,,24.8203108,56.1353765,,,,0,,openstreetmap
Mcdo Lamer Century Plaza Dubai,UAE,Dubai,,25.2281978,55.261094,,,,0,,openstreetmap
دورز فريستايل غرل,UAE,Dubai,شارع السيف,25.2569599,55.3119507,+971507000375,https://www.doorsdubai.com/,,0,,openstreetmap
Little Manila Restaurant,UAE,Dubai,,25.2654927,55.3254251,,,,0,,openstreetmap
Yakitate,UAE,Dubai,,25.2684814,55.3183649,,,,0,,openstreetmap
Silver Beach Cafe,UAE,Dubai,,25.2577349,55.311575,,,,0,,openstreetmap
"Skafos, Al Seef Dubai",UAE,Dubai,,25.2567476,55.312607,,,,0,,openstreetmap
Din Tai Fung,UAE,Dubai,,25.2682454,55.3182359,,,,0,,openstreetmap
Atisuto,UAE,Dubai,,25.2686472,55.3179498,,,,0,,openstreetmap
بستون صمد,UAE,Dubai,,25.2684718,55.3177799,,,,0,,openstreetmap
Caffe,UAE,Dubai,,25.268686,55.3167723,,,,0,,openstreetmap
All the Perks (Espresso Coffee),UAE,Dubai,,25.2689455,55.3173946,,,,0,,openstreetmap
شارع منقوشة,UAE,Dubai,,25.2674887,55.3184239,,,,0,,openstreetmap
Amor,UAE,Dubai,,25.1648366,55.2089345,,,,0,,openstreetmap
Armani Lounge Burj Khalifa,UAE,Dubai,,25.1970636,55.2743659,,https://www.atmosphereburjkhalifa.com/,,0,,openstreetmap
مطعم سلة الصياد,UAE,Dubai,,25.2359895,55.3035339,,,,0,,openstreetmap
Black Tap Craft Burgers & Shakes,UAE,Dubai,,25.0802779,55.1360939,,,,0,,openstreetmap
مطعم صمد العراقي,UAE,Dubai,شارع المرقبات,25.2675111,55.3215521,,,,0,,openstreetmap
Al Baba Sweets,UAE,Dubai,,25.1919399,55.2792549,,,,0,,openstreetmap
New Shanghai,UAE,Dubai,,25.1958815,55.2790337,+97142246819,https://www.newshanghaime.com,,0,,openstreetmap
Kapadokya,UAE,Dubai,,25.1142714,55.1908341,,,,0,,openstreetmap
Al-Sarab Rooftop Lounge,UAE,Dubai,,24.8171376,55.2309105,,,,0,,openstreetmap
Café Belge,UAE,Dubai,,25.2128619,55.2794161,,,,0,,openstreetmap
Muchachas Mexican Cantina,UAE,Dubai,,25.1888103,55.2551836,,,,0,,openstreetmap
Hibiki Karaoke Bar,UAE,Dubai,,25.2785941,55.3048513,,,,0,,openstreetmap
Tong Thai,UAE,Dubai,,25.1859725,55.2586079,,,,0,,openstreetmap
Boardwalk,UAE,Dubai,,25.2457119,55.3309772,,,,0,,openstreetmap
بيت الوكيل,UAE,Dubai,,25.2647854,55.2940233,,https://www.wakeel.ae/,,0,,openstreetmap
Biggy,UAE,Dubai,25b شارع,25.2723783,55.3004631,,,,0,,openstreetmap
Tangerine,UAE,Dubai,,25.1892869,55.2651647,,,,0,,openstreetmap
Farsi,UAE,Dubai,,25.1892104,55.2651022,,,,0,,openstreetmap
باب المنصور,UAE,Dubai,شارع الشيخ محمد بن راشد,25.1970522,55.2700265,+97143509440,,,0,,openstreetmap
Mousse Au Chocolat,UAE,Dubai,,25.2018312,55.264054,,https://mousseauchocolat.ae/,,0,,openstreetmap
Lounge Cafe Italiano,UAE,Dubai,,25.0914613,55.1583545,,,,0,,openstreetmap
Bait al Mandi,UAE,Dubai,,25.2024342,55.2681532,,,,0,,openstreetmap
Nahawand,UAE,Dubai,,25.2026041,55.2682391,,,,0,,openstreetmap
Nola Eatery & Social House,UAE,Dubai,Cluster P,25.0746517,55.1454467,+97143998155,https://www.noladubai.com/,,0,,openstreetmap
Cozy Cabana Business Bay,UAE,Dubai,مراسي محرك,25.1911663,55.2854776,,,,0,,openstreetmap
Cozy Cabana Cafe-Oud Metha,UAE,Dubai,umm hurair,25.2387904,55.3067297,0097143377997,,,0,,openstreetmap
Sarhad,UAE,Dubai,,25.1221343,55.3755957,,,,0,,openstreetmap
Casa De Tapas,UAE,Dubai,,25.2456858,55.3310303,044161800,,,0,,openstreetmap
Saeed Al Muaten Restaurant,UAE,Dubai,,24.950613,55.508919,,,,0,,openstreetmap
Bubble,UAE,Dubai,,25.0719115,55.1424062,,,,0,,openstreetmap
Hamor Sea Food,UAE,Dubai,,25.170544,55.4022314,+97144240500,,,0,,openstreetmap
نابلس,UAE,Dubai,,24.914164,54.9613873,,,,0,,openstreetmap
Pizza Pino,UAE,Dubai,Sheikh Mohammed Bin Rashid Boulevard,25.1968079,55.2706092,0097144216321,,,0,,openstreetmap
Amo Deek Chicken,UAE,Dubai,,25.2370512,55.275304,+971043518899,https://amodeek.com/,,0,,openstreetmap
Retro Beach,UAE,Dubai,شارع الممشى,25.0771194,55.131338,+971800666353,,,0,,openstreetmap
Uzbegim,UAE,Dubai,ممشى المارينا,25.0700168,55.1285338,,http://uzbegimdubai.com,,0,,openstreetmap
TATEL,UAE,Dubai,,25.1902898,55.2748312,+97142152121,https://tatelrestaurants.com,,0,,openstreetmap
Cafe Arabicca,UAE,Dubai,,25.184864,55.5283136,,,,0,,openstreetmap
Al Ustad Special Kabab,UAE,Dubai,,25.2598015,55.2988329,,,,0,,openstreetmap
The Sellfish Bull,UAE,Dubai,,25.0789135,55.1245317,,,,0,,openstreetmap
بتيل,UAE,Dubai,,25.0817485,55.1382431,,,,0,,openstreetmap
Rogue,UAE,Dubai,,25.0759642,55.1314552,,,,0,,openstreetmap
Bahar,UAE,Dubai,,25.0807938,55.1438972,,,,0,,openstreetmap
Mosaic,UAE,Dubai,,25.079171,55.1442593,,,,0,,openstreetmap
Ramses,UAE,Dubai,,25.0796751,55.1416066,,,,0,,openstreetmap
Grill Republic,UAE,Dubai,,25.0821895,55.1453711,,,,0,,openstreetmap
Lassi Bar,UAE,Dubai,,25.2640218,55.2934428,,,,0,,openstreetmap
Dino's,UAE,Dubai,Saheel 3,25.0556419,55.267634,,,,0,,openstreetmap
Cameron Borger,UAE,Dubai,,25.0513174,55.278367,,,,0,,openstreetmap
Jack's Bar and Grill,UAE,Dubai,,25.2417812,55.3741946,,,,0,,openstreetmap
Riva Beach Club,UAE,Dubai,,25.1128296,55.1438826,+97144309466,https://riva-beach.com/,,0,,openstreetmap
Rang Mahal,UAE,Dubai,,25.185774,55.2582193,,,,0,,openstreetmap
Nobu,UAE,Dubai,,25.1301366,55.1167911,,,,0,,openstreetmap
The Blacksmith,UAE,Dubai,,25.0689091,55.1286596,,https://www.theblacksmithdubai.com,,0,,openstreetmap
Sultan Dubai Falafel Restaurant,UAE,Dubai,,25.2668376,55.3234403,,,,0,,openstreetmap
Mazmi,UAE,Dubai,,25.265164,55.2962869,+97142827252,https://mazmi.me,,0,,openstreetmap
Two Seasons,UAE,Dubai,,25.2490428,55.3110142,+97143967886,,,0,,openstreetmap
Tomato & Basilicp,UAE,Dubai,,25.1647395,55.2088456,,,,0,,openstreetmap
Espressini,UAE,Dubai,,25.180816,55.269508,,,,0,,openstreetmap
Curry Chatti,UAE,Dubai,4c شارع,25.244846,55.300041,,,,0,,openstreetmap
Fujiya Restaurant,UAE,Dubai,,25.248875,55.343855,,,,0,,openstreetmap
The Inventing Room,UAE,Dubai,,25.229601,55.257288,,,,0,,openstreetmap
Gharana,UAE,Dubai,,25.1162479,55.1940579,+97143234333,https://www.gharanarestaurant.com/,,0,,openstreetmap
SS Bucket Biryani,UAE,Dubai,18a شارع,25.2476015,55.3069533,,,,0,,openstreetmap
Chandini South Indian,UAE,Dubai,,25.2424157,55.298115,,,,0,,openstreetmap
Chandini,UAE,Dubai,,25.2592506,55.2918038,,,,0,,openstreetmap
Tiramisu,UAE,Dubai,,25.191491,55.273528,,,,0,,openstreetmap
Tche-Tche,UAE,Dubai,,25.1963209,55.2695703,,,,0,,openstreetmap
Узбегим Кафе,UAE,Dubai,,25.0700093,55.1285683,,,,0,,openstreetmap
Karakccino,UAE,Dubai,,24.941495,55.042157,,,,0,,openstreetmap
Vietnamese Foodies,UAE,Dubai,Footpath by the man-made pond,25.0697346,55.1412896,,,,0,,openstreetmap
Fresh Fish,UAE,Dubai,,25.079754,55.14177,,,,0,,openstreetmap
Donaza,UAE,Dubai,,25.2966717,55.3683838,,,,0,,openstreetmap
Biryaniwalla & Co,UAE,Dubai,,25.2867779,55.3702477,,https://biryaniwallaandco.com/,,0,,openstreetmap
Enish Nigerian Restaurant & Lounge,UAE,Dubai,,25.230003,55.2870108,,,,0,,openstreetmap
Sofreh Kitchen & Grill,UAE,Dubai,,25.080232,55.152476,,,,0,,openstreetmap
Socialicious Cafe,UAE,Dubai,,25.0673916,55.2080745,,,,0,,openstreetmap
Milan Veg Restaurant Branch,UAE,Dubai,,25.2821069,55.4039204,,,,0,,openstreetmap
BistroLounge,UAE,Dubai,,25.2268389,55.3381529,+97145743900,,,0,,openstreetmap
AquaLounge,UAE,Dubai,,25.226708,55.3382091,,,,0,,openstreetmap
Tandoori Junction,UAE,Dubai,Cluster F,25.072025,55.1425258,,,,0,,openstreetmap
Eric's,UAE,Dubai,,25.1762411,55.2445274,,,,0,,openstreetmap
Indian Summer,UAE,Dubai,شارع 24,25.2469325,55.3087915,,,,0,,openstreetmap
Top form restaurant,UAE,Dubai,,25.1353156,55.253796,,,,0,,openstreetmap
Chimmini Rrstaurant,UAE,Dubai,,25.1328289,55.2527306,,,,0,,openstreetmap
AlAmour,UAE,Dubai,شارع البرشاء 1,25.1129137,55.1930739,,,,0,,openstreetmap
Muhammad Iqbal Restaurant,UAE,Dubai,,25.189216,55.269801,,,,0,,openstreetmap
Luigia,UAE,Dubai,,25.0802384,55.1357937,,,,0,,openstreetmap
Trader Vic's,UAE,Dubai,Souk Madinat Jumeirah,25.1333258,55.1848109,+97143686559,https://tradervicsmadinat.com,,0,,openstreetmap
New Marina Restaurant,UAE,Dubai,,25.1141108,55.2053486,,,,0,,openstreetmap
Booba,UAE,Dubai,,25.222844,55.3550099,,,,0,,openstreetmap
BW Cafe,UAE,Dubai,Jumeira Street,25.1740506,55.2185724,,,,0,,openstreetmap
Cafe Cache,UAE,Dubai,43a شارع,25.2406719,55.2990594,,,,0,,openstreetmap
Foodies Delights,UAE,Dubai,,25.0488384,55.1317757,,,,0,,openstreetmap
Perfetto Pizzeria,UAE,Dubai,,25.0726658,55.1424093,,,,0,,openstreetmap
Great WOk,UAE,Dubai,,25.0722372,55.1424394,,,,0,,openstreetmap
مطعم وكافيتريا اغادير,UAE,Dubai,51b شارع,25.2272777,55.3976581,0097142851565,,,0,,openstreetmap
Sweetheart Kitchen,UAE,Dubai,,25.127411,55.206038,,,,0,,openstreetmap
Haji Sahab Restaurant,UAE,Dubai,,25.217534,55.272671,,,,0,,openstreetmap
Acai & Co.,UAE,Dubai,,25.22329,55.425843,,,,0,,openstreetmap
Chick N Co.,UAE,Dubai,,25.2233046,55.4258363,,,,0,,openstreetmap
Poke & Co,UAE,Dubai,,25.2063706,55.2757573,,,,0,,openstreetmap
Kris Kros Lebanon,UAE,Dubai,,25.114658,55.139237,,,,0,,openstreetmap
Leila,UAE,Dubai,,25.191218,55.271624,,,,0,,openstreetmap
Koko Strom,UAE,Dubai,,25.165811,55.209111,,,,0,,openstreetmap
Momo & More,UAE,Dubai,,25.2506691,55.3029021,,,,0,,openstreetmap
Dish Dash,UAE,Dubai,,25.195371,55.279157,,,,0,,openstreetmap
كافتيريا عيادة الراشدية,UAE,Dubai,44 Street,25.2234393,55.3931053,+97142856363,,,0,,openstreetmap
Farzi,UAE,Dubai,,25.2078848,55.2622535,,,,0,,openstreetmap
Ghar Ka Tiffin,UAE,Dubai,,25.0634765,55.1376558,,,,0,,openstreetmap
Geminos Cafe,UAE,Dubai,شارع الأصايل,25.1916577,55.2841885,,,,0,,openstreetmap
Soofi Restaurant & Cafe,UAE,Dubai,,25.1620174,55.4009923,,,,0,,openstreetmap
LilleBite,UAE,Dubai,,25.0146852,55.1928335,,,,0,,openstreetmap
Osh,UAE,Dubai,,25.2336011,55.2606082,,,,0,,openstreetmap
Golden Fingers,UAE,Dubai,,25.2366169,55.3074905,,,,0,,openstreetmap
Lunch House,UAE,Dubai,,25.2462729,55.3094727,,,,0,,openstreetmap
Shoko,UAE,Dubai,,25.194015,55.289889,,,,0,,openstreetmap
Sahelnom,UAE,Dubai,,25.187248,55.270677,,,,0,,openstreetmap
Stanley,UAE,Dubai,,25.0794406,55.1416174,,,,0,,openstreetmap
Gorkha Restaurant,UAE,Dubai,,25.231031,55.275437,,,,0,,openstreetmap
Czn Burak Bubai,UAE,Dubai,,25.1933956,55.2808775,+971581081800,https://www.cznburak.com/,,0,,openstreetmap
CHAT BAZAR,UAE,Dubai,,25.2484004,55.3025889,,,,0,,openstreetmap
"TEN 11 Coffee Boutique , Dubai Mall",UAE,Dubai,Dubai Mall,25.1974031,55.2767666,600533339,https://www.linkedin.com/company/ten11-coffee-boutique,,0,,openstreetmap
Il Borro Tuscan,UAE,Dubai,,25.1366922,55.186489,,,,0,,openstreetmap
小雅文化交流中心,UAE,Dubai,F16,25.1639168,55.4144283,+971547058866,,,0,,openstreetmap
Aryana Afghani Darbar,UAE,Dubai,,25.271302,55.307021,,,,0,,openstreetmap
Champs Sports Bar,UAE,Dubai,,25.037501,55.184192,,,,0,,openstreetmap
Pure Punjabi Restaurant,UAE,Dubai,,25.170844,55.406708,,,,0,,openstreetmap
Sky Hookah 24,UAE,Dubai,,25.0968623,55.1733133,,,,0,,openstreetmap
Lokmat Baladna,UAE,Dubai,,25.052038,55.2153229,,,,0,,openstreetmap
Antar,UAE,Dubai,,25.1853112,55.2801132,,,,0,,openstreetmap
MAMAS,UAE,Dubai,سوق الذهب,25.269805,55.297099,0553308012,,,0,,openstreetmap
Stage Sky Lounge & Pool,UAE,Dubai,,25.037474,55.184609,,,,0,,openstreetmap
Zaharat Al Sharq,UAE,Dubai,,25.2566715,55.3010908,,,,0,,openstreetmap
Chiyang Chinese,UAE,Dubai,,25.2349694,55.3078653,,,,0,,openstreetmap
Darjeeling Cafe,UAE,Dubai,,25.2401594,55.3066959,,,,0,,openstreetmap
The Boston Bar,UAE,Dubai,,25.2371709,55.27466,,,,0,,openstreetmap
Olive Oil,UAE,Dubai,,25.237306,55.2741528,,,,0,,openstreetmap
Un Dimache A Paris,UAE,Dubai,,25.0777176,55.1248094,,,,0,,openstreetmap
Sarj Restaurant and Cafe,UAE,Dubai,,25.1955002,55.2463873,,,,0,,openstreetmap
Punjabi Dhaba Restaurant,UAE,Dubai,,25.2372187,55.3075576,,,,0,,openstreetmap
Piazza17,UAE,Dubai,"Al Wasl Road and Al Safa Street, Kiosk No. 1, City Walk 1",25.2092569,55.2603737,045686002,,,0,,openstreetmap
The Hamptons Cafe & Restaurant,UAE,Dubai,شارع الشيخ محمد بن زايد,25.0562723,55.2700213,,,,0,,openstreetmap
Caffeine & Culture Cafe,UAE,Dubai,شارع رأس الخور,25.1846076,55.2980049,+971509599580,https://cnccafe.ae/,,0,,openstreetmap
Pizza Hut Delivery,UAE,Dubai,,25.0691015,55.1424174,,,,0,,openstreetmap
Food City,UAE,Dubai,,25.1480234,55.4037632,,,,0,,openstreetmap
Burnout,UAE,Dubai,,25.2365127,55.3025118,,,,0,,openstreetmap
Nine Squares,UAE,Dubai,,25.1703344,55.2160084,,,,0,,openstreetmap
مطعم القبابه بحري,UAE,Dubai,,25.1839808,55.5687374,,,,0,,openstreetmap
Chhappan Bhog,UAE,Dubai,,25.2479357,55.3006537,,,,0,,openstreetmap
Karak Time,UAE,Dubai,,25.2480621,55.3006967,,,,0,,openstreetmap
Kulcha King,UAE,Dubai,,25.2475705,55.3004188,,,,0,,openstreetmap
Pechka Cafe and Bakery,UAE,Dubai,Al Mustaqbal Street,25.1815184,55.2629185,+97145968919,,,0,,openstreetmap
Mashakeek,UAE,Dubai,,25.0392846,55.1151986,,,,0,,openstreetmap
Flux,UAE,Dubai,,25.1941409,55.405311,,,,0,,openstreetmap
Somerset's,UAE,Dubai,,25.2338553,55.3119185,,,,0,,openstreetmap
Fountain,UAE,Dubai,,25.2339355,55.3118717,,,,0,,openstreetmap
Chutney's,UAE,Dubai,,25.2337697,55.3118571,,,,0,,openstreetmap
Garden Lounge,UAE,Dubai,,25.2337715,55.3117986,,,,0,,openstreetmap
PoolHouse OUtdoor Pool Bar,UAE,Dubai,,25.2336895,55.3117274,,,,0,,openstreetmap
Des Pardes,UAE,Dubai,,25.2352768,55.3096737,,,,0,,openstreetmap
Emly Chillli,UAE,Dubai,,25.2351883,55.3096684,,,,0,,openstreetmap
Lan Kwai Fong Peking Duck Restaurant,UAE,Dubai,,25.2349553,55.3096804,,,,0,,openstreetmap
Sabah Lebanon,UAE,Dubai,,25.2348098,55.3096778,,,,0,,openstreetmap
نور ماليزيا,UAE,Dubai,,25.2366197,55.3059754,,,,0,,openstreetmap
La Mode,UAE,Dubai,,25.1167819,55.195774,,,,0,,openstreetmap
Filli Cafe,UAE,Dubai,,25.116981,55.1964954,,,,0,,openstreetmap
Oro Lounge,UAE,Dubai,,25.1155814,55.1938181,,,,0,,openstreetmap
Lounge@Barsha,UAE,Dubai,,25.1163087,55.1938825,,,,0,,openstreetmap
Bodega Garage,UAE,Dubai,,25.1159153,55.1944565,,,,0,,openstreetmap
The Q,UAE,Dubai,,25.1164229,55.1940796,,,,0,,openstreetmap
Khaneen Cuisine,UAE,Dubai,,25.108123,55.1979135,,,,0,,openstreetmap
مرزام كافيه,UAE,Dubai,شارع 4,25.1635735,55.2376767,,,,0,,openstreetmap
The Stag,UAE,Dubai,,25.1142126,55.202188,,,,0,,openstreetmap
The Huddle Sports Bar & Grill,UAE,Dubai,,25.1153863,55.2037334,,,,0,,openstreetmap
Maxx Music Bar,UAE,Dubai,,25.1153401,55.203956,,,,0,,openstreetmap
O'Leary's Sports Restaurant,UAE,Dubai,,25.1158234,55.2033364,,,,0,,openstreetmap
Sofra Turkish Restaurant,UAE,Dubai,,25.1150987,55.2058657,,,,0,,openstreetmap
Al Aumdah,UAE,Dubai,,25.1162963,55.2062774,,,,0,,openstreetmap
Wakha,UAE,Dubai,,25.1164642,55.2059026,,,,0,,openstreetmap
Layali Aldhan,UAE,Dubai,,25.1165429,55.2057775,,,,0,,openstreetmap
The Clavichord Music Lounge,UAE,Dubai,,25.0965648,55.1739002,,,,0,,openstreetmap
Xandros,UAE,Dubai,,25.0965721,55.1742074,,,,0,,openstreetmap
Al Dente,UAE,Dubai,,25.0977125,55.1736944,,,,0,,openstreetmap
Pranzo Eatery,UAE,Dubai,,25.0966082,55.1725576,,,,0,,openstreetmap
Waves Pool Lounge,UAE,Dubai,,25.0966216,55.1723873,,,,0,,openstreetmap
Queen of Sheba Shisha Terrace,UAE,Dubai,,25.0963908,55.1724477,,,,0,,openstreetmap
Mugs & Munch,UAE,Dubai,,25.0966981,55.1725147,,,,0,,openstreetmap
مطعم نور زمزم للمندي والمظبي,UAE,Dubai,,25.2383921,55.298911,,,,0,,openstreetmap
Soluna Restaurant and Lounge,UAE,Dubai,,25.0972642,55.1750892,,,,0,,openstreetmap
Lola Taberna Española,UAE,Dubai,,25.0975095,55.1752327,,,,0,,openstreetmap
Cafe Lavazza,UAE,Dubai,,25.0977306,55.1745273,,,,0,,openstreetmap
Beef King Chinese hotpot,UAE,Dubai,,25.0966533,55.1757061,,,,0,,openstreetmap
هلال البرشاء,UAE,Dubai,,25.0968124,55.1768621,,,,0,,openstreetmap
The Cascade Multi Cuisine Restaurant,UAE,Dubai,,25.0968814,55.1762601,,,,0,,openstreetmap
Mi Casa,UAE,Dubai,,25.0950193,55.1776429,,,,0,,openstreetmap
La Noisette,UAE,Dubai,,25.0950229,55.1775732,,,,0,,openstreetmap
Belgian Beer Cafe,UAE,Dubai,,25.1013365,55.177392,,,,0,,openstreetmap
Toshi,UAE,Dubai,,25.1011689,55.1776025,,,,0,,openstreetmap
Hitchki Dubai,UAE,Dubai,,25.1012916,55.1773383,,,,0,,openstreetmap
Nar,UAE,Dubai,,25.0967154,55.1810007,,,,0,,openstreetmap
Copper Kettle,UAE,Dubai,,25.095255,55.1786011,,,,0,,openstreetmap
Seattle's Best Coffee,UAE,Dubai,,25.0988256,55.1774476,,,,0,,openstreetmap
Krave,UAE,Dubai,,25.0973864,55.1705238,,,,0,,openstreetmap
الفلاح,UAE,Dubai,,25.0968654,55.1708104,,,,0,,openstreetmap
Daal Chawal,UAE,Dubai,,25.0969427,55.1707433,,,,0,,openstreetmap
Mercato Shopping Mall,UAE,Dubai,,25.2162583,55.2532819,,,,0,,openstreetmap
Mexican Grill,UAE,Dubai,,25.1868696,55.2605143,,,,0,,openstreetmap
Nelson's,UAE,Dubai,,25.1000526,55.1795314,,,,0,,openstreetmap
Prego's,UAE,Dubai,,25.0996323,55.1796978,,,,0,,openstreetmap
Connexions,UAE,Dubai,,25.0996287,55.179514,,,,0,,openstreetmap
Lift Cafe & Bakery,UAE,Dubai,,25.1117298,55.1960185,,,,0,,openstreetmap
Ybala Wrq Enab Cafeteria,UAE,Dubai,,25.1886521,55.3842398,,,,0,,openstreetmap
Wagamama,UAE,Dubai,,25.0935804,55.1680734,,,,0,,openstreetmap
بيروت خانم,UAE,Dubai,شارع الشيخ محمد بن راشد,25.1918062,55.2769954,,,,0,,openstreetmap
Lime Tree Café,UAE,Dubai,,25.065852,55.1924694,,,,0,,openstreetmap
Al-Fanar Seafood Market,UAE,Dubai,,25.2641801,55.3052147,,https://www.alfanarrestaurant.com/,,0,,openstreetmap
Al Mashhoor Biryani,UAE,Dubai,,25.1617844,55.4079366,,,,0,,openstreetmap
La Grove Café,UAE,Dubai,شارع الثنية,25.1445609,55.1986167,+971509029696,,,0,,openstreetmap
Charcoal Garden restaurant and cafe,UAE,Dubai,,25.0891886,55.1529851,,,,0,,openstreetmap
Bosnian House,UAE,Dubai,,25.1470703,55.197108,+97142118000,,,0,,openstreetmap
High Joint,UAE,Dubai,,25.1483548,55.2155247,+97142681586,,,0,,openstreetmap
Golden Eats,UAE,Dubai,,25.1151565,55.1940306,,,,0,,openstreetmap
Bull & Bear DIFC,UAE,Dubai,Al Mustaqbal St,25.2108438,55.2820215,+97145159888,https://bullandbeardifc.com/,,0,,openstreetmap
St. Trop DIFC,UAE,Dubai,Al Mustaqbal St,25.2107308,55.2819798,,https://www.hilton.com/en/hotels/dxbwawa-waldorf-astoria-dubai-international-financial-centre/dining/,,0,,openstreetmap
Peacock Alley DIFC,UAE,Dubai,Al Mustaqbal St,25.2109945,55.2818325,+971586006772,,,0,,openstreetmap
Seleraku Restaurant,UAE,Dubai,,25.2443306,55.2773893,,,,0,,openstreetmap
Rickys,UAE,Dubai,,25.059625,55.21292,,,,0,,openstreetmap
Asia Kitchen,UAE,Dubai,,25.254215,55.303422,,,,0,,openstreetmap
Above 21,UAE,Dubai,,25.1039904,55.148789,,,,0,,openstreetmap
Roar,UAE,Dubai,,25.1043507,55.1483739,,,,0,,openstreetmap
Blvd on One,UAE,Dubai,,25.1044064,55.1485236,,,,0,,openstreetmap
Señor Pico,UAE,Dubai,West Beach,25.1061263,55.1442492,,,,0,,openstreetmap
Praia,UAE,Dubai,,25.1034706,55.1480058,,,,0,,openstreetmap
Lucky Fish,UAE,Dubai,West Beach,25.1083667,55.1413238,,,,0,,openstreetmap
Orange Chameleon,UAE,Dubai,West Beach,25.1040017,55.1470669,,,,0,,openstreetmap
The Delisserie,UAE,Dubai,,25.1038962,55.1484364,,,,0,,openstreetmap
Koko Bay,UAE,Dubai,West Beach,25.1068724,55.1432548,,,,0,,openstreetmap
The Penthouse,UAE,Dubai,,25.1040974,55.1488216,,,,0,,openstreetmap
La Coco Dubai,UAE,Dubai,,25.1163213,55.1421803,,,,0,,openstreetmap
Karaf by Bahce - The Palm,UAE,Dubai,Club Vista Mare - Palm Jumeirah - Dubai,25.1147445,55.1423538,+971581276633,https://www.karaf.ae/,,0,,openstreetmap
Barrel 12,UAE,Dubai,,25.1170567,55.1362903,,,,0,,openstreetmap
Logs And Embers,UAE,Dubai,,25.1146458,55.1423042,,,,0,,openstreetmap
Ella’s Eatery,UAE,Dubai,,25.1169879,55.1364701,,,,0,,openstreetmap
Limonata,UAE,Dubai,,25.1145562,55.1422251,,,,0,,openstreetmap
Ibn AlBahr,UAE,Dubai,Club Vista Mare,25.1151736,55.1426337,+97145539575,https://www.ibnalbahr.me/,,0,,openstreetmap
SeaSide Eatery,UAE,Dubai,,25.116112,55.1424274,,,,0,,openstreetmap
The Tap House,UAE,Dubai,,25.114873,55.1424505,,,,0,,openstreetmap
Rumba,UAE,Dubai,,25.1153497,55.1427684,,,,0,,openstreetmap
Let’s Go,UAE,Dubai,,25.2413506,55.3120455,,,,0,,openstreetmap
Idli Kadai,UAE,Dubai,,25.2795286,55.3436295,,,,0,,openstreetmap
Granada,UAE,Dubai,,25.2794362,55.3437316,,,,0,,openstreetmap
Deccan Biriyani,UAE,Dubai,,25.2797589,55.3432727,,,,0,,openstreetmap
Mubasher Restaurant,UAE,Dubai,,25.2831297,55.3408729,,,,0,,openstreetmap
Forever Rose,UAE,Dubai,,25.200809,55.249811,,,,0,,openstreetmap
New Al Baik,UAE,Dubai,,25.1583758,55.2493993,,,,0,,openstreetmap
Awtar Cafe,UAE,Dubai,,25.2645806,55.3288718,,,,0,,openstreetmap
Sah El Nom Express,UAE,Dubai,,25.1966166,55.2796787,,,,0,,openstreetmap
Beit El Kell,UAE,Dubai,,25.2225394,55.2891898,,,,0,,openstreetmap
Dijla Wal Furat Restaurant,UAE,Dubai,شارع 23,25.1881516,55.4087556,971504288474,,,0,,openstreetmap
Bado,UAE,Dubai,,25.230553,55.2590924,,,,0,,openstreetmap
Hola,UAE,Dubai,,25.2308162,55.2592686,,,,0,,openstreetmap
The Duchess,UAE,Dubai,,25.2311065,55.2594365,,,,0,,openstreetmap
Mitomachi,UAE,Dubai,,25.2312094,55.259485,,,,0,,openstreetmap
Street Gossip,UAE,Dubai,,25.2324268,55.2601444,,,,0,,openstreetmap
Smoky Beach,UAE,Dubai,,25.2317586,55.2596781,,,,0,,openstreetmap
Qahwet Murjan,UAE,Dubai,,25.2318565,55.2599523,,,,0,,openstreetmap
Maison de Juliette,UAE,Dubai,,25.2316371,55.2603478,,,,0,,openstreetmap
Makan,UAE,Dubai,,25.2323028,55.2611312,,,,0,,openstreetmap
London Dairy,UAE,Dubai,,25.2324319,55.2609372,,,,0,,openstreetmap
S. Lab,UAE,Dubai,,25.2330934,55.2608449,,,,0,,openstreetmap
Levee,UAE,Dubai,,25.2331895,55.2603655,,,,0,,openstreetmap
Yugen,UAE,Dubai,,25.2202611,55.2540889,,,,0,,openstreetmap
Stage Pool Lounge,UAE,Dubai,,25.2180135,55.3227095,,,,0,,openstreetmap
Souk,UAE,Dubai,,25.2184434,55.3231867,,,,0,,openstreetmap
Kabul Darbar,UAE,Dubai,,25.2706591,55.3039875,,,,0,,openstreetmap
Super Haveli Roll,UAE,Dubai,,25.2404308,55.3022817,,,,0,,openstreetmap
Anointed African Restaurant,UAE,Dubai,,25.271788,55.3112431,,,,0,,openstreetmap
Cafe Two Point Oh,UAE,Dubai,Al Wasl Road,25.1509491,55.2125995,+97143275555,,,0,,openstreetmap
Kaftan,UAE,Dubai,,25.2260638,55.2556651,,,,0,,openstreetmap
Cupagahwa,UAE,Dubai,,25.2257293,55.2557691,,,,0,,openstreetmap
HQ's 459,UAE,Dubai,,25.2263655,55.2565277,,,,0,,openstreetmap
Bareburger,UAE,Dubai,,25.2266396,55.2568624,,,,0,,openstreetmap
Miyabi,UAE,Dubai,,25.2267903,55.2568201,,,,0,,openstreetmap
Falla,UAE,Dubai,,25.2292031,55.257072,,,,0,,openstreetmap
Van Houtte,UAE,Dubai,,25.2292672,55.257428,,,,0,,openstreetmap
Steakanji,UAE,Dubai,,25.2295846,55.2574483,,,,0,,openstreetmap
Dunkin',UAE,Dubai,,25.2296304,55.2567869,,,,0,,openstreetmap
Machu Picchu,UAE,Dubai,Jumeira Street,25.176083,55.2212224,,,,0,,openstreetmap
Mamak Asian fusion,UAE,Dubai,,25.2666738,55.355987,,,,0,,openstreetmap
Jones the grocar express,UAE,Dubai,,25.2659802,55.357216,,,,0,,openstreetmap
مطعم نافيديام,UAE,Dubai,,25.2370336,55.3036687,,,,0,,openstreetmap
مطعم الشوكة الذهبية للمأكولات الطازجه,UAE,Dubai,,25.2412119,55.305482,,,,0,,openstreetmap
مطعم زينه للمندي و المشاوي,UAE,Dubai,,25.1890838,55.2397877,,,,0,,openstreetmap
Namaste India,UAE,Dubai,,24.9222045,55.0109945,,,,0,,openstreetmap
Victoria Station Café,UAE,Dubai,,24.9222325,55.0092265,,,,0,,openstreetmap
Seva table,UAE,Dubai,Street 27B - Jumeirah - Jumeirah 1 - Dubai - Verenigde Arabische Emiraten,25.2306735,55.2633872,,,,0,,openstreetmap
Mantoushe,UAE,Dubai,,25.0971559,55.1651975,+97142778170,,,0,,openstreetmap
Pizza Pazza,UAE,Dubai,,25.0894315,55.1479921,,,,0,,openstreetmap
Lopo Pizzeria,UAE,Dubai,,25.1898483,55.2806978,043265505,https://lopopizzeria.com/,,0,,openstreetmap
Janam Café & Restaurant,UAE,Dubai,Dubai Emirates COOP,24.8166394,56.1330563,97142644475,,,0,,openstreetmap
Clay Dubai,UAE,Dubai,,25.0790209,55.1237215,,https://www.claydubai.com/,,0,,openstreetmap
Eat and Drink,UAE,Dubai,,25.1078404,55.3717685,,,,0,,openstreetmap
Masala Mantra,UAE,Dubai,,25.0496748,55.2074433,,https://www.zomato.com/dubai/masala-mantra-jumeirah-village,,0,,openstreetmap
Day & Night,UAE,Dubai,,25.1009408,55.1734413,,,,0,,openstreetmap
The Acai Spot - Dubai Marina Branch,UAE,Dubai,,25.0842812,55.1446335,+97145807635,https://www.theacaispotcafe.com/,,0,,openstreetmap
Next Door Kitchen,UAE,Dubai,"North Tower 1, Dubai Creek Harbor",25.2061402,55.3432173,+97143339296,,,0,,openstreetmap
Taqado,UAE,Dubai,,25.096508,55.1807451,,,,0,,openstreetmap
1762,UAE,Dubai,,25.0959689,55.1564273,,,,0,,openstreetmap
Panifico Media City,UAE,Dubai,,25.0965218,55.1573303,,,,0,,openstreetmap
Beefbar Dubai,UAE,Dubai,,25.1362828,55.1862864,+97144232238,https://dubai.beefbar.com/,,0,,openstreetmap
مطعم نامووس,UAE,Dubai,,25.2023479,55.238135,+97143401002,http://www.nammos.gr/,,0,,openstreetmap
EQUALIZE Cafe,UAE,Dubai,,25.0909927,55.1377401,+971566887010,https://www.equalizecafe.com/,,0,,openstreetmap
Dinner In The Sky,UAE,Dubai,,25.0888478,55.1381541,+971588193296,https://dinnerinthesky.ae/en,,0,,openstreetmap
中华星之旅SINOSTAR TRAVEL,UAE,Dubai,,25.158258,55.3985246,,,,0,,openstreetmap
Tea n Talk,UAE,Dubai,,25.0333259,55.141315,,,,0,,openstreetmap
Four Square Café & Restaurant,UAE,Dubai,,25.0319518,55.1403725,,,,0,,openstreetmap
McCafferty's,UAE,Dubai,,25.0259585,55.1531064,+97144221491,https://mccaffertysalfurjan.com/,,0,,openstreetmap
french fast food,UAE,Dubai,Marina Promenade,25.081035,55.1408991,+971502631936,,,0,,openstreetmap
Level tea,UAE,Dubai,,25.17874,55.2424528,,,,0,,openstreetmap
Block 92,UAE,Dubai,Sunset Mall parking - Jumeirah St - Jumeirah - Jumeirah 3,25.1841862,55.2266251,+97143309292,,,0,,openstreetmap
Buddha Bar,UAE,Dubai,,25.0859585,55.1439819,+97143176000,https://www.buddhabar-dubai.com,,0,,openstreetmap
Majlis Al Sultan,UAE,Dubai,Al Ferdous,25.180056,55.2353628,+97143341888,https://majlisalsultan.com,,0,,openstreetmap
Fresh Burger,UAE,Dubai,,25.2562143,55.3300629,,,,0,,openstreetmap
Bar Du Port Dubai,UAE,Dubai,,25.0970328,55.1435729,+97143324868,https://www.barduportdubai.com/,,0,,openstreetmap
Kana Cafe Motor City,UAE,Dubai,,25.0465186,55.240627,,,,0,,openstreetmap
Lime Tree,UAE,Dubai,,25.0414846,55.2292864,,,,0,,openstreetmap
Charcoal Grilled Chicken,UAE,Dubai,,25.0347789,55.1473997,,,,0,,openstreetmap
Arabian Grill,UAE,Dubai,,25.0345805,55.147512,,,,0,,openstreetmap
Aurum,UAE,Dubai,,25.0352395,55.1466947,,,,0,,openstreetmap
Super Bowl,UAE,Dubai,,25.0352242,55.146738,,,,0,,openstreetmap
Shrimp N Dip Seafood,UAE,Dubai,فارس N,25.1577921,55.4085081,+971555511183,https://order.shrimpndip.com/,,0,,openstreetmap
Tuk Tuk DXB,UAE,Dubai,البرشاء - جنوب البرشاء - دبي,25.0905746,55.2281048,+971508228205,https://linktr.ee/TUKTUK_DXB,,0,,openstreetmap
Grill and chill,UAE,Dubai,,25.0696868,55.1354377,,,,0,,openstreetmap
Nene Chicken Korean Restaurant,UAE,Dubai,,25.250686,55.332931,,,,0,,openstreetmap
L’eto,UAE,Dubai,,25.113177,55.1392919,,,,0,,openstreetmap
Just Burger,UAE,Dubai,,24.8206996,56.1236786,,,,0,,openstreetmap
Just Fresh,UAE,Dubai,,25.2487885,55.479801,,,,0,,openstreetmap
Asian Street by Thai,UAE,Dubai,Cluster F,25.0726838,55.1421535,+97143918828,https://linktr.ee/AsianStreet,,0,,openstreetmap
أريبيان تي هوس,UAE,Dubai,,25.1984766,55.2415807,,,,0,,openstreetmap
Chuno Deli,UAE,Dubai,"Choueiri Building, Knowledge Village, Dubai Media City",25.102757,55.1641325,+97144561232,,,0,,openstreetmap
The Hamptons Café,UAE,Dubai,,25.0645436,55.1479114,,,,0,,openstreetmap
Al Abdalla,UAE,Dubai,,25.1975368,55.2475957,,,,0,,openstreetmap
Love Mhshy,UAE,Dubai,,25.1967305,55.2469861,,,,0,,openstreetmap
Mamaesh,UAE,Dubai,,25.1409523,55.2056866,,,,0,,openstreetmap
Fuze Caffe,UAE,Dubai,,25.1834721,55.2553674,+971501298685,,,0,,openstreetmap
Little neighborhood restaurant,UAE,Dubai,,25.0019533,55.2528762,,,,0,,openstreetmap
Sultan Saray,UAE,Dubai,,25.1321352,55.2120375,,,,0,,openstreetmap
Home Bakery,UAE,Dubai,,25.2070377,55.2541676,+97143444462,https://homebakery.ae,,0,,openstreetmap
Lezzet Turkish Restaurant,UAE,Dubai,,25.2254347,55.2553782,+97143984984,,,0,,openstreetmap
China Garden,UAE,Dubai,,25.1844644,55.2382832,,,,0,,openstreetmap
Shree Anandhaas & Aryaas Vegetarian Restaurant,UAE,Dubai,63 Street,25.1169094,55.3909721,,,,0,,openstreetmap
مطعم فلاڤر للمشاوي و الاستيك,UAE,Dubai,,25.259397,55.2794881,,,,0,,openstreetmap
Healthy and Diet Restaurant,UAE,Dubai,97 Street,25.1208273,55.3722417,,,,0,,openstreetmap
Tashas,UAE,Dubai,,25.1305102,55.196559,,,,0,,openstreetmap
The Bhukkad Cafe,UAE,Dubai,92 Street,25.111189,55.3751865,+97143499957,https://www.thebhukkadcafe.com/,,0,,openstreetmap
Raju Omlet Restaurant LLC,UAE,Dubai,,25.1116668,55.3749602,,,,0,,openstreetmap
Khau Galli,UAE,Dubai,,25.1117677,55.3752094,,,,0,,openstreetmap
Chili ways,UAE,Dubai,,25.1119901,55.374799,,,,0,,openstreetmap
Kaayikkas Cafe,UAE,Dubai,,25.147337,55.4036653,,,,0,,openstreetmap
Joga,UAE,Dubai,,25.0938356,55.1607196,,,,0,,openstreetmap
مطعم فيليا,UAE,Dubai,,25.1847791,55.2923564,,,,0,,openstreetmap
R Hotels,UAE,Dubai,"The Walk, Jumeirah Beach Residence Dubai, United Arab Emirates",25.1816983,55.2218791,+97143999979,https://www.rhotels.ae/,,0,,openstreetmap
Ramada Hotels & Suites by Wyndham Dubai JBR,UAE,Dubai,"The Walk, Jumeirah Beach Residence Dubai, United Arab Emirates P.O. Box 120253",25.1872247,55.2263295,+97143999979,https://www.rhotels.ae/,,0,,openstreetmap
Waves Bistro,UAE,Dubai,,24.9196938,55.0108235,,,,0,,openstreetmap
Ice Factory,UAE,Dubai,,24.9192666,55.0103713,,,,0,,openstreetmap
City Snacks,UAE,Dubai,,24.9172854,55.0114134,,,,0,,openstreetmap
King Karak,UAE,Dubai,,25.1462299,55.4017022,,,,0,,openstreetmap
Galaxy Tea Cafeteria,UAE,Dubai,,25.1456062,55.4003068,,,,0,,openstreetmap
Saddle,UAE,Dubai,,25.2048564,55.2527011,,,,0,,openstreetmap
Barfly by Buddha-Bar Dubai,UAE,Dubai,Palm Jumeirah Road,25.1050224,55.1474884,+97142300057,https://barflydubai.ae/,,0,,openstreetmap
Trader Vic's Palm Jumeirah,UAE,Dubai,"Lobby Level, Palm West Beach",25.1055242,55.1465119,+97142300050,https://tradervicspalm.com/,,0,,openstreetmap
Frappy Cheerful Blend DSO,UAE,Dubai,,25.1106668,55.3845863,042828267,https://www.frappy.ae/,,0,,openstreetmap
مطعم مسمط المعز,UAE,Dubai,,25.2845971,55.3595788,+97142209888,,,0,,openstreetmap
The Lighthouse,UAE,Dubai,,25.189389,55.2967496,+97142448384,https://thelighthouse.ae,,0,,openstreetmap
Lune,UAE,Dubai,,25.2028283,55.2505291,,,,0,,openstreetmap
Caia,UAE,Dubai,,25.1963596,55.2467211,,,,0,,openstreetmap
Haryanto,UAE,Dubai,,25.1548779,55.2932345,,,,0,,openstreetmap
Star Plus,UAE,Dubai,,25.1552761,55.2935483,,,,0,,openstreetmap
Cut in Half,UAE,Dubai,,25.1552761,55.2911745,,,,0,,openstreetmap
Have,UAE,Dubai,,25.2023574,55.2510124,+97145476005,,,0,,openstreetmap
مطعم مسمط بحه,UAE,Dubai,,25.1169316,55.2037157,,,,0,,openstreetmap
The Venue,UAE,Dubai,,25.1568974,55.2937769,,,,0,,openstreetmap
The Bluez,UAE,Dubai,,25.1542061,55.2900727,,,,0,,openstreetmap
Alo Baghdad,UAE,Dubai,,25.1574922,55.2952977,,,,0,,openstreetmap
Kabab Erbil Iraqi Restaurant Al Muraqqabat,UAE,Dubai,شارع المرقبات,25.2675454,55.3214834,+97142720843,https://kababerbil.com/,,0,,openstreetmap
Dark Shot,UAE,Dubai,,25.1955567,55.2464273,,,,0,,openstreetmap
Acai Hub,UAE,Dubai,,25.1956178,55.2464689,,,,0,,openstreetmap
City Pearl Palace Restaurant,UAE,Dubai,,25.1361052,55.2226196,,,,0,,openstreetmap
Festival Restaurant,UAE,Dubai,First Al Khail Street,25.1385886,55.2246962,,,,0,,openstreetmap
Dohnuts & Coffee,UAE,Dubai,,25.2352146,55.4748483,,,,0,,openstreetmap
Hoop,UAE,Dubai,,25.2351321,55.4753697,,,,0,,openstreetmap
Krush Burger,UAE,Dubai,,25.2349468,55.4756686,,,,0,,openstreetmap
Steak On Fries,UAE,Dubai,,25.2350684,55.4741069,,,,0,,openstreetmap
Nash Hot Chicken,UAE,Dubai,,25.2350634,55.4743001,,,,0,,openstreetmap
Over!,UAE,Dubai,,25.2350281,55.4744771,,,,0,,openstreetmap
Sushi Station,UAE,Dubai,,25.2349952,55.4746416,,,,0,,openstreetmap
Slice & Bun,UAE,Dubai,,25.234998,55.4747925,,,,0,,openstreetmap
Mr. Brisket,UAE,Dubai,,25.2349648,55.4749569,,,,0,,openstreetmap
Little Rolls,UAE,Dubai,,25.2349762,55.4750886,,,,0,,openstreetmap
Chicken Man,UAE,Dubai,,25.2349486,55.4752786,,,,0,,openstreetmap
Dr. Pasta,UAE,Dubai,,25.2349279,55.4759973,,,,0,,openstreetmap
Yukino Hana,UAE,Dubai,,25.2344701,55.4745703,,,,0,,openstreetmap
Red Shrimp Seafood Restaurant,UAE,Dubai,,25.2339198,55.4740016,,,,0,,openstreetmap
THIS IS HOT DOG,UAE,Dubai,,25.23545,55.4733002,,,,0,,openstreetmap
Box Falafel,UAE,Dubai,,25.1492398,55.3885627,,,,0,,openstreetmap
MacTea,UAE,Dubai,,25.1492171,55.3881759,,,,0,,openstreetmap
Sharea Al Haram Cafe,UAE,Dubai,,25.1493263,55.38785,,,,0,,openstreetmap
Spicy Falcon Resturent,UAE,Dubai,,25.1941004,55.3952099,+971586833751,,,0,,openstreetmap
Grill No. 1 Cafeteria,UAE,Dubai,,25.1512603,55.3922733,,,,0,,openstreetmap
Red Tea Cafe,UAE,Dubai,,25.2989178,55.3511065,,,,0,,openstreetmap
Mix Flavours Cafe (MC3),UAE,Dubai,,25.3005849,55.3496384,,,,0,,openstreetmap
Carna by Dario Cecchini,UAE,Dubai,,25.1845775,55.2925267,,,,0,,openstreetmap
Dar Al Shay,UAE,Dubai,13d شارع,25.1683548,55.2577432,,,,0,,openstreetmap
al turath Al maghiribi,UAE,Dubai,شارع 41,25.2208129,55.275175,+971545151002,,,0,,openstreetmap
Gordon Ramsay's Bread Street Kitchen & Bar,UAE,Dubai,,25.13191,55.1186714,,,,0,,openstreetmap
Al Baik,UAE,Dubai,,25.2927898,55.3713378,,,,0,,openstreetmap
Century Express,UAE,Dubai,,25.2438346,55.347682,,,,0,,openstreetmap
McGettigan's Factory - The Palm,UAE,Dubai,Palm Jumeirah Road,25.1058321,55.1467845,+97142300062,https://www.factorythepalm.com/,,0,,openstreetmap
Lamagon Restaurant and Sweets,UAE,Dubai,,25.1172913,55.3897445,+97142525252,https://lamagon-restaurant-and-sweets.business.site/,,0,,openstreetmap
AlHumsani Restaurant,UAE,Dubai,,25.1124504,55.3757377,+97142222797,https://alhumsani.ae/,,0,,openstreetmap
Vasanta Bhavan Vegetarian Restaurant,UAE,Dubai,,25.11131,55.3765749,+97145722444,https://www.thevasantabhavan.com/,,0,,openstreetmap
Taste Buds,UAE,Dubai,91 Street,25.1118795,55.3841529,,,,0,,openstreetmap
Al Dar Butchery and Grills,UAE,Dubai,91 Street,25.1118221,55.384447,+971509002313+97145473339,http://aldarbutchery-grills.com/,,0,,openstreetmap
Doctor Shawarma Restaurant,UAE,Dubai,,25.1118831,55.3847133,,,,0,,openstreetmap
Falafel Al Rabiah Al Khadra,UAE,Dubai,,25.1135932,55.3872971,,,,0,,openstreetmap
CLAW BBQ The Palm,UAE,Dubai,Palm Jumeirah Road,25.1048948,55.147278,+97142300054,https://www.hilton.com/en/hotels/dxbpjhi-hilton-dubai-palm-jumeirah/dining/claw-bbq/,,0,,openstreetmap
Reif,UAE,Dubai,,25.1938227,55.2452326,,,,0,,openstreetmap
Azeema Seafood Restaurant,UAE,Dubai,,25.1728494,55.2162194,,,,0,,openstreetmap
One Byte,UAE,Dubai,66 Street,25.1195943,55.3776421,+97143712888,https://onebytecafe.wixsite.com/dubai,,0,,openstreetmap
Chickadees,UAE,Dubai,,24.9199653,55.0090675,,,,0,,openstreetmap
On Super Meals,UAE,Dubai,,25.0600727,55.2381796,,,,0,,openstreetmap
Nawabi Restaurant,UAE,Dubai,شارع البرشاء 1,25.1100267,55.1974369,+97143288267,https://www.facebook.com/Nawabirestaurantuae,,0,,openstreetmap
Pizza Sabbioni,UAE,Dubai,,25.1119503,55.3747537,,,,0,,openstreetmap
Chicking,UAE,Dubai,,25.1119167,55.3746936,,,,0,,openstreetmap
تورتيا,UAE,Dubai,,25.2225187,55.3513589,,https://www.tortillaarabia.com/,,0,,openstreetmap
Kathhiyawadi Thali Restaurant,UAE,Dubai,4a Street,25.2514674,55.3039186,+97142503744,https://www.kathhiyawadithali.com/,,0,,openstreetmap
Cafe Barbera,UAE,Dubai,,25.060946,55.2424006,,,,0,,openstreetmap
Arabian Tea House,UAE,Dubai,Al Soon Street,25.1502585,55.1966747,+971565462952,https://www.arabianteahouse.com/,,0,,openstreetmap
Heritage of Nepal,UAE,Dubai,,25.2668671,55.290054,,,,0,,openstreetmap
GoThai,UAE,Dubai,66 Street,25.1204444,55.3757435,+971523141441,https://gothai.ae,,0,,openstreetmap
Kana Kitchen,UAE,Dubai,66 Street,25.1192179,55.3784485,+97145727616,,,0,,openstreetmap
UNO,UAE,Dubai,,25.1141844,55.3808503,,,,0,,openstreetmap
Barbeque Nation,UAE,Dubai,92 Street,25.11146,55.3753503,+97148723613,https://www.barbequenation.com/,,0,,openstreetmap
Lowe,UAE,Dubai,,25.0927414,55.3026422,,https://lowe-dubai.com,,0,,openstreetmap
Lfassia,UAE,Dubai,,25.1110415,55.191196,,,,0,,openstreetmap
TastyBaba,UAE,Dubai,,25.1147375,55.1922977,,,,0,,openstreetmap
Grill time,UAE,Dubai,,25.0608926,55.2364079,,,,0,,openstreetmap
Comptoir Libanais,UAE,Dubai,,25.2443672,55.3703309,,,,0,,openstreetmap
71 Eats,UAE,Dubai,,25.2486786,55.4625832,,,,0,,openstreetmap
Kulfi Chai,UAE,Dubai,,25.128056,55.392529,,,,0,,openstreetmap
Grand Grill Steakhouse,UAE,Dubai,King Salman Bin Abdulaziz Al Saud St,25.0861442,55.1407703,+971501506870,https://www.thegrandgrillsteakhouse.com/,,0,,openstreetmap
Thai Taste,UAE,Dubai,,25.0618531,55.2379182,,,,0,,openstreetmap
Yummy Dosa,UAE,Dubai,,25.2476163,55.300433,,,,0,,openstreetmap
Friends Corner,UAE,Dubai,,25.053927,55.2119697,,,,0,,openstreetmap
Nalan,UAE,Dubai,,25.2543585,55.3035235,,,,0,,openstreetmap
Amba,UAE,Dubai,,25.2744259,55.300895,,,,0,,openstreetmap
As'salam,UAE,Dubai,,25.1656395,55.4149023,,,,0,,openstreetmap
Slimer's Dinner,UAE,Dubai,Motion Gate Street,24.9213093,55.0047615,,,,0,,openstreetmap
Bany Brent's Cafe,UAE,Dubai,,24.921518,55.0037074,,,,0,,openstreetmap
Very Smurfy Cafe,UAE,Dubai,,24.9216708,55.0033127,,,,0,,openstreetmap
Hawkerboi,UAE,Dubai,,25.0751017,55.146678,,,,0,,openstreetmap
Highway 311,UAE,Dubai,,25.0768753,55.1475724,,https://highway311.com/,,0,,openstreetmap
San Wan Hand Pulled Noodles,UAE,Dubai,,25.0724915,55.1421329,,,,0,,openstreetmap
Splendour Fields,UAE,Dubai,,25.0750308,55.1466332,,,,0,,openstreetmap
Keventers,UAE,Dubai,,25.1189883,55.3957754,,https://keventers.ae/,,0,,openstreetmap
French Bakery,UAE,Dubai,,25.1188033,55.3944287,,https://www.frenchbakery.ae,,0,,openstreetmap
Bubee Drinks,UAE,Dubai,,25.2227633,55.3556332,,https://bubeedrink.com/,,0,,openstreetmap
The Vault Bar,UAE,Dubai,,25.1858336,55.2580008,,,,0,,openstreetmap
Jamie's Pizzeria,UAE,Dubai,,25.0782057,55.1468054,,,,0,,openstreetmap
Hotspot Cafe,UAE,Dubai,,25.1174514,55.195363,,,,0,,openstreetmap
Amazi,UAE,Dubai,,25.1888594,55.2598675,,,,0,,openstreetmap
Mr. Miyagi's,UAE,Dubai,,25.0897748,55.1523768,,,,0,,openstreetmap
Tealicious,UAE,Dubai,,25.0746624,55.1310069,,,,0,,openstreetmap
Cafe Devino,UAE,Dubai,,25.0742439,55.1302489,,,,0,,openstreetmap
Wish Lounge & Cafe,UAE,Dubai,,25.1078605,55.1816982,,,,0,,openstreetmap
Hacker Kitchen,UAE,Dubai,,25.1078523,55.1818504,,,,0,,openstreetmap
JB Gastropub,UAE,Dubai,,25.0739302,55.1303549,,,,0,,openstreetmap
Lush,UAE,Dubai,,25.1855448,55.2572253,,,,0,,openstreetmap
La Farine,UAE,Dubai,,25.1859143,55.2585464,,,,0,,openstreetmap
Bridgewater Tavern,UAE,Dubai,,25.1857952,55.2569093,,,,0,,openstreetmap
Garden,UAE,Dubai,,25.1858319,55.2582689,,,,0,,openstreetmap
Izayaka,UAE,Dubai,,25.1859467,55.2583763,,,,0,,openstreetmap
Kitchen6,UAE,Dubai,,25.1858926,55.2580932,,,,0,,openstreetmap
Caffe Illy,UAE,Dubai,,25.111007,55.375283,,,,0,,openstreetmap
21 Grams,UAE,Dubai,,25.1949035,55.2759233,,,,0,,openstreetmap
El Gazebo,UAE,Dubai,,25.1879347,55.2615382,,,,0,,openstreetmap
Masti,UAE,Dubai,,25.1949214,55.2759722,,,,0,,openstreetmap
A LA Greque,UAE,Dubai,,25.1949457,55.2760175,,,,0,,openstreetmap
Prime68,UAE,Dubai,,25.1852579,55.257729,,,,0,,openstreetmap
1 Oak,UAE,Dubai,,25.1859406,55.2564868,,,,0,,openstreetmap
Meal Box & Co.,UAE,Dubai,,25.259858,55.3717286,,,,0,,openstreetmap
Grill Stop,UAE,Dubai,,25.2598899,55.3717862,042550600,,,0,,openstreetmap
Tossed,UAE,Dubai,,25.2598675,55.3717453,,,,0,,openstreetmap
Desi Bistro,UAE,Dubai,,25.2598195,55.3716719,,,,0,,openstreetmap
Maestro Pizza,UAE,Dubai,,25.1887695,55.2628104,,,,0,,openstreetmap
Bread and Meat,UAE,Dubai,,25.0831371,55.140842,+971503299095,https://www.instagram.com/breadnmeat.ae,,0,,openstreetmap
Wicked Crab,UAE,Dubai,,25.0998027,55.2408764,,,,0,,openstreetmap
Eagle Al SAQR Restaurant,UAE,Dubai,,25.2721087,55.3812776,,,,0,,openstreetmap
Il Pastaio Dubai,UAE,Dubai,Boulevard of Al Habtoor City,25.1808694,55.2526724,+971547913320,https://www.ilpastaiodubai.ae/,,0,,openstreetmap
Caféine Club,UAE,Dubai,,25.0768639,55.1476952,,,,0,,openstreetmap
Vietnamese Snack Food Cafe,UAE,Dubai,,25.0764175,55.1465089,,,,0,,openstreetmap
Favorite Lake,UAE,Dubai,,25.0771456,55.1479409,,,,0,,openstreetmap
Kirin Hot Pot,UAE,Dubai,,25.0767953,55.1463479,,,,0,,openstreetmap
Jolly's Restaurant,UAE,Dubai,,25.0760278,55.1457639,,,,0,,openstreetmap
Soon,UAE,Dubai,,25.0750443,55.1456968,,,,0,,openstreetmap
Indi Bistro,UAE,Dubai,,25.0761303,55.1458681,,,,0,,openstreetmap
Babaram,UAE,Dubai,,25.0768472,55.1468976,+971525362799,,,0,,openstreetmap
Al Namoos Cafe,UAE,Dubai,,25.0760873,55.1462914,,,,0,,openstreetmap
Impressions of Xibei,UAE,Dubai,,25.1662043,55.4143209,,,,0,,openstreetmap
The Yellow Chilli,UAE,Dubai,,25.2543068,55.303486,,https://theyellowchillime.com/index.html,,0,,openstreetmap
Fomo,UAE,Dubai,,25.0788269,55.1501663,,,,0,,openstreetmap
Mug & Hug,UAE,Dubai,,25.0744954,55.144749,,,,0,,openstreetmap
Dum Pukht,UAE,Dubai,,25.0791989,55.1504601,,,,0,,openstreetmap
The Good Dough,UAE,Dubai,,25.0787674,55.1499603,,,,0,,openstreetmap
Raju Omlet,UAE,Dubai,,25.0791705,55.1504903,,,,0,,openstreetmap
The Black Sheep,UAE,Dubai,,25.0797296,55.1502142,,,,0,,openstreetmap
Smoulder Kebab,UAE,Dubai,Al Khawaneej,25.2371511,55.4238656,,https://www.instagram.com/smoulder.kebab/,,0,,openstreetmap
Sharda Vegetarian Restaurant,UAE,Dubai,Gold Souq,25.273498,55.2985257,+97142342399,,,0,,openstreetmap
Unwind Speciality Boardgame Cafe,UAE,Dubai,Hessa Street,25.08888,55.1913983,+971564040019,https://unwinddubai.com,,0,,openstreetmap
Comptoir 102 - Healthy Cafe and Concept Store,UAE,Dubai,Jumeirah Beach Road,25.2260809,55.2585272,+97143854555,https://comptoir102.com,,0,,openstreetmap
Top Tea Spot,UAE,Dubai,Khalid Bin Waleed Road,25.2583232,55.2982358,,,,0,,openstreetmap
Veganesha,UAE,Dubai,Street 7,25.2619841,55.2972369,,,,0,,openstreetmap
THE SIX - Board Game Cafe,UAE,Dubai,,25.19828,55.2707373,,,,0,,openstreetmap
Hive Board Game Café,UAE,Dubai,,25.0973331,55.1688982,,https://www.hiveboardgame.com/,,0,,openstreetmap
Rare,UAE,Dubai,City Walk 2,25.2071533,55.2614706,,https://therare.ae/,,0,,openstreetmap
Jailbird,UAE,Dubai,,25.2493403,55.359686,,,,0,,openstreetmap
Mini Punjab Veg Restaurant,UAE,Dubai,,25.2615946,55.2947707,,,,0,,openstreetmap
Indian Coffee House Restaurant,UAE,Dubai,,25.257371,55.2870229,,,,0,,openstreetmap
Satoshi House,UAE,Dubai,,25.2301804,55.2872314,+971508597796,https://www.satoshihouse.com,,0,,openstreetmap
Bakery Bites Cafe,UAE,Dubai,,25.2447427,55.3045379,+97145855747,https://bakerybitescafe.com/,,0,,openstreetmap
Pancake House International,UAE,Dubai,,25.2535274,55.3030546,,,,0,,openstreetmap
Teriyaki Boy,UAE,Dubai,,25.2534495,55.3030002,,,,0,,openstreetmap
Bombay Star,UAE,Dubai,,25.2570208,55.3063097,,,,0,,openstreetmap
Halla Shawarma,UAE,Dubai,,25.2540784,55.3033771,,,,0,,openstreetmap
Kyochon,UAE,Dubai,,25.25376,55.3031909,,,,0,,openstreetmap
Tea Point,UAE,Dubai,,25.2572003,55.3063985,,,,0,,openstreetmap
Dampa Feast,UAE,Dubai,,25.2536201,55.3031021,,,,0,,openstreetmap
Talipapa,UAE,Dubai,,25.2517706,55.3029056,,,,0,,openstreetmap
Happy Sunday,UAE,Dubai,,25.2513767,55.3026827,,,,0,,openstreetmap
Rumaan Hyderabad,UAE,Dubai,,25.2514354,55.3027216,,,,0,,openstreetmap
Vegan Burger,UAE,Dubai,,25.1979583,55.2766222,,,,0,,openstreetmap
Kinka Spice,UAE,Dubai,,25.2959791,55.3955954,,,,0,,openstreetmap
Mostly Pao,UAE,Dubai,,25.2854324,55.3992657,,,,0,,openstreetmap
Amber,UAE,Dubai,,24.9361575,55.4785354,,,,0,,openstreetmap
Mlkit ByGossip,UAE,Dubai,,24.8152192,56.1306876,,,,0,,openstreetmap
Debonairs Pizza,UAE,Dubai,,25.2036516,55.2780435,,,,0,,openstreetmap
Fridays,UAE,Dubai,,25.2026303,55.2792421,,,,0,,openstreetmap
Wofl,UAE,Dubai,,24.9590479,55.1523284,,,,0,,openstreetmap
Smile Cuisine,UAE,Dubai,,25.2898229,55.3118183,,,,0,,openstreetmap
Ploy's Zaab,UAE,Dubai,,25.2897504,55.3118551,,,,0,,openstreetmap
Stir Fry N Dumplings,UAE,Dubai,,25.289883,55.3120064,+971569911803,,,0,,openstreetmap
House of Indonesia,UAE,Dubai,,25.2895243,55.3120147,,,,0,,openstreetmap
Krua Thai,UAE,Dubai,,25.2900198,55.3116823,,,,0,,openstreetmap
Fateema’s Kitchen,UAE,Dubai,,25.2899981,55.3117014,,,,0,,openstreetmap
Ma’am SU Snacks,UAE,Dubai,,25.2900477,55.3116713,,,,0,,openstreetmap
Marfa Biryani,UAE,Dubai,,25.2904519,55.3114685,,,,0,,openstreetmap
Meokja,UAE,Dubai,,25.2898272,55.3120439,,,,0,,openstreetmap
Leo's,UAE,Dubai,,25.290282,55.3103869,,,,0,,openstreetmap
Sports Star,UAE,Dubai,,25.2867015,55.3649021,,,,0,,openstreetmap
Il Capuccino,UAE,Dubai,,25.0779369,55.1409307,,,,0,,openstreetmap
Charm Thai,UAE,Dubai,,25.0756314,55.1393066,,,,0,,openstreetmap
Azurro,UAE,Dubai,,25.075496,55.1383645,,,,0,,openstreetmap
Simitchi,UAE,Dubai,,25.071505,55.1337303,,,,0,,openstreetmap
Tojikon,UAE,Dubai,,25.0714625,55.1336881,,,,0,,openstreetmap
Lucky spin,UAE,Dubai,,25.0712803,55.1337095,,,,0,,openstreetmap
Yuchi,UAE,Dubai,,25.1116411,55.3746421,,,,0,,openstreetmap
Chaikhana & Co.,UAE,Dubai,,25.1234932,55.3965261,,,,0,,openstreetmap
La Brioche,UAE,Dubai,,25.2145753,55.408355,,,,0,,openstreetmap
Sweet Corn,UAE,Dubai,,25.0588931,55.2440301,,,,0,,openstreetmap
Myocum,UAE,Dubai,,25.1943296,55.2458373,,,,0,,openstreetmap
Kabab Al Bastakiah,UAE,Dubai,,25.1848757,55.2447647,,,,0,,openstreetmap
Smart cook,UAE,Dubai,,25.0585574,55.2162579,,,,0,,openstreetmap
Summer Palace,UAE,Dubai,,25.0523616,55.2116455,,,,0,,openstreetmap
il passaggio,UAE,Dubai,,25.0389037,55.1658765,+97145873111,https://ilpassaggio.com/,,0,,openstreetmap
Maxzi,UAE,Dubai,,25.0654882,55.216252,,,,0,,openstreetmap
Turk,UAE,Dubai,,25.0665865,55.2164007,,,,0,,openstreetmap
نابليون خاص,UAE,Dubai,"Arjan-Dubailand - Al Barsha South - Dubai , Al Sayyah Residence Block D",25.0618517,55.2383168,+97144510621,https://specialnapoleon.ae/,,0,,openstreetmap
Tassedecafe,UAE,Dubai,Al aweer,25.1761966,55.5447224,+971547762400,https://g.co/kgs/xiKSDkK,,0,,openstreetmap
Street 27,UAE,Dubai,,25.2826784,55.3513408,,,,0,,openstreetmap
Bait Al Kanafa,UAE,Dubai,"Doha Street, Hor Al Anz East",25.2811378,55.3520524,,,,0,,openstreetmap
Koukh Al Shay,UAE,Dubai,"Al Maqadam Street, Al Sofouh 1",25.123793,55.1840321,,,,0,,openstreetmap
The Grey,UAE,Dubai,Al Safa,25.1834912,55.2381266,,https://the-grey.co/,,0,,openstreetmap
Angel Cakes,UAE,Dubai,,25.105382,55.2432168,,,,0,,openstreetmap
Dodo Pizza,UAE,Dubai,Marina Gate Tower,25.0869252,55.1471684,+971565454064,https://dodopizza.ae/dubai/dubai-marina,,0,,openstreetmap
Adhi Raat Cafe & Lounge,UAE,Dubai,Umm Hurair Road Al Karama;طريق أم هرير,25.2442898,55.3107066,+971501636906,https://www.adhiraatcafe.com,,0,,openstreetmap
Sushi Library,UAE,Dubai,,25.0781336,55.1467247,,,,0,,openstreetmap
BRIX Café,UAE,Dubai,,25.2099477,55.2440856,+971545157861,https://brixdessert.com/cafe,,0,,openstreetmap
Empire Cafe,UAE,Dubai,,24.919886,55.0026909,,,,0,,openstreetmap
IchiRyu Ramen House,UAE,Dubai,,25.2473982,55.2770649,,,,0,,openstreetmap
Seven Hills,UAE,Dubai,,25.2475771,55.2767512,,,,0,,openstreetmap
Desi Firangi,UAE,Dubai,,25.247311,55.2771332,,,,0,,openstreetmap
Kashkan by Ranveer Brar,UAE,Dubai,Dubai Festival City,25.2213514,55.3524002,,http://kashkanrestaurants.com,,0,,openstreetmap
Viva Ristorante,UAE,Dubai,,24.9185788,55.0077452,,,,0,,openstreetmap
Nuevo,UAE,Dubai,,25.2428405,55.3591485,,,,0,,openstreetmap
The Daily City Walk,UAE,Dubai,,25.2053378,55.2679238,,,,0,,openstreetmap
The Brick Wall Sports Bar,UAE,Dubai,,25.2426409,55.3596671,,,,0,,openstreetmap
Buffalo Wings & Rings JLT,UAE,Dubai,,25.0793659,55.1509149,,,,0,,openstreetmap
Dukkan El Baba,UAE,Dubai,,25.0968157,55.1732622,,,,0,,openstreetmap
Paddock Restaurant,UAE,Dubai,,25.0248076,55.1528656,,,,0,,openstreetmap
Batoni,UAE,Dubai,,25.2076194,55.3422637,,,,0,,openstreetmap
BordoMavi,UAE,Dubai,,25.2099773,55.2442625,,,,0,,openstreetmap
Fish Gourmet,UAE,Dubai,,25.2099842,55.2438559,,,,0,,openstreetmap
3 Fils,UAE,Dubai,,25.2103004,55.2433123,,,,0,,openstreetmap
Dhaba Lane,UAE,Dubai,,25.2917517,55.3706029,,,,0,,openstreetmap
Levantish Lebanese Restaurant & Sweets,UAE,Dubai,,25.2836768,55.3734368,042657557,,,0,,openstreetmap
Lallumma’s Restaurant,UAE,Dubai,,25.2836346,55.3733144,042621885,https://www.lallummas.com/,,0,,openstreetmap
Mughlai Taj Restaurant And Sweets,UAE,Dubai,,25.2865668,55.3705375,0564601353,,,0,,openstreetmap
Shabaka & Senara Fish Restaurant,UAE,Dubai,,25.286578,55.3705167,,,,0,,openstreetmap
Al Nahda Tea Junction,UAE,Dubai,,25.2870602,55.3698814,,,,0,,openstreetmap
Chaat& Kulfi Wala,UAE,Dubai,,25.287166,55.3699622,,,,0,,openstreetmap
Garam Chai,UAE,Dubai,,25.2871418,55.3697401,,,,0,,openstreetmap
Tasty Tea,UAE,Dubai,,25.2873225,55.3698586,042512203,,,0,,openstreetmap
Green Land Restaurant LLC,UAE,Dubai,,25.2872749,55.3692722,0585258315,,,0,,openstreetmap
New Lucknow Rasoi,UAE,Dubai,,25.2874599,55.368948,0521151297,,,0,,openstreetmap
Tea Garden Cafeteria LLC,UAE,Dubai,,25.2883482,55.368488,0567080562,,,0,,openstreetmap
Malabar Junction Restaurant,UAE,Dubai,,25.2901708,55.3698357,,,,0,,openstreetmap
Tea & Treats Cafe,UAE,Dubai,,25.2802115,55.3472234,0501921060,http://www.teaandtreatscafe.com/,,0,,openstreetmap
CucIina Mesob Ethiopian Restaurant,UAE,Dubai,,25.2794455,55.347581,042735841,https://mesobrestaurantdubai.com/,,0,,openstreetmap
Monaco Café & Cafeteria,UAE,Dubai,,25.2796308,55.3473042,042556665,,,0,,openstreetmap
Shabab Al Khan Cafeteria,UAE,Dubai,,25.2848279,55.3498638,,,,0,,openstreetmap
Masmat Baha Restaurant,UAE,Dubai,,25.2835586,55.3522659,600565575,,,0,,openstreetmap
Ahwetna Cafe,UAE,Dubai,,25.2833665,55.3524784,044411266,,,0,,openstreetmap
مندرة الفيشاوي مطعم وكافيه,UAE,Dubai,,25.282545,55.3533827,,,,0,,openstreetmap
Aghwat Al Sham Restaurant,UAE,Dubai,,25.2822128,55.3536928,,,,0,,openstreetmap
AL Fakher Mandi & Traditional Food Restaurant,UAE,Dubai,,25.2800419,55.3508106,042664660,,,0,,openstreetmap
Mamak,UAE,Dubai,Itthiad Road,25.2799346,55.3538994,043852204,,,0,,openstreetmap
Mazajnaji Restaurant & Cafe,UAE,Dubai,,25.2802937,55.3542979,,,,0,,openstreetmap
مطعم ومقهى زوين بزاف,UAE,Dubai,,25.2802163,55.3542151,044918889,,,0,,openstreetmap
Kanaka Specialty Coffee & Roastery,UAE,Dubai,,25.2802435,55.3534354,042233997,https://kanaka.ae/,,0,,openstreetmap
Al Sultan Restaurant & Grill,UAE,Dubai,,25.2798122,55.3529281,,,,0,,openstreetmap
Night Moon Cafe,UAE,Dubai,,25.2810141,55.3530656,,,,0,,openstreetmap
قهوة إش إش,UAE,Dubai,,25.2811082,55.3531718,042633460,,,0,,openstreetmap
Bait Al Nadec Mandi & Mazbi & Popular Dishes Restaurant,UAE,Dubai,,25.2803491,55.3516203,042516666,,,0,,openstreetmap
Instagram Cafe,UAE,Dubai,,25.2782909,55.3520414,0502878850,,,0,,openstreetmap
Snapo Cafe,UAE,Dubai,,25.2782461,55.351989,042944896,,,0,,openstreetmap
Lassi Home,UAE,Dubai,,25.2792847,55.3520622,,,,0,,openstreetmap
Arab Taste Restaurant & Cafeteria,UAE,Dubai,,25.2798029,55.3486225,042666070,,,0,,openstreetmap
مطعم ليالي ورود الشام,UAE,Dubai,,25.2800381,55.3495012,044560780,,,0,,openstreetmap
Hatta Malik Tea,UAE,Dubai,,25.2808371,55.3493878,042663117,,,0,,openstreetmap
Qartuli Authentic Georgian,UAE,Dubai,,25.1947761,55.2831919,,,,0,,openstreetmap
Al Ohood street,UAE,Dubai,,25.1946606,55.2833955,,,,0,,openstreetmap
Dhe Swagat Cafe,UAE,Dubai,شارع دمشق,25.273436,55.3822949,+971504823100,,,0,,openstreetmap
Kimura-ya Restaurant Anantara,UAE,Dubai,,25.1858581,55.264173,,,,0,,openstreetmap
The Sugar Artistry,UAE,Dubai,,25.0694291,55.2454373,,,,0,,openstreetmap
Drip Burgers,UAE,Dubai,,25.0634248,55.247575,,,,0,,openstreetmap
Curry Mile,UAE,Dubai,,25.0633936,55.2482821,,,,0,,openstreetmap
Tetas Recipe,UAE,Dubai,,25.0633964,55.2485145,,,,0,,openstreetmap
Sher Afghan Restaurant,UAE,Dubai,,25.0631212,55.2430108,,,,0,,openstreetmap
Goodies,UAE,Dubai,,25.0604649,55.2422378,,,,0,,openstreetmap
Sewar,UAE,Dubai,,25.2473843,55.3465634,,,,0,,openstreetmap
Grand Beirut,UAE,Dubai,,25.1193908,55.3804907,,,,0,,openstreetmap
Talal,UAE,Dubai,,24.8362468,55.0956374,,,,0,,openstreetmap
KunLun,UAE,Dubai,,24.9988672,55.1671076,+971569805888,,,0,,openstreetmap
Blu Pizzeriá,UAE,Dubai,شارع 33,25.1526009,55.1987056,0508126406,,,0,,openstreetmap
British Pub,UAE,Dubai,,25.2083289,55.2764411,,,,0,,openstreetmap
Artisan Bakers,UAE,Dubai,,25.1451196,55.1954053,+971588217539,https://artisanbakers.ae/,,0,,openstreetmap
Bait Yasmina,UAE,Dubai,,25.1072984,55.3778159,,,,0,,openstreetmap
Mughal Darbar Restaurant,UAE,Dubai,,25.1073771,55.3775715,,,,0,,openstreetmap
Pasha's Biryani,UAE,Dubai,,25.1085504,55.3765051,,,,0,,openstreetmap
Falafel Frayha,UAE,Dubai,,25.1085821,55.3775664,,,,0,,openstreetmap
Hazrat Bilal Afgani Restaurant,UAE,Dubai,,25.1138019,55.386851,,,,0,,openstreetmap
Tunday Kabab,UAE,Dubai,,25.1244395,55.4024553,+97143401866,https://tundaykababi.ae,,0,,openstreetmap
Malgudy,UAE,Dubai,,25.1163252,55.3724978,,https://malgudy.com/,,0,,openstreetmap
Pranzo,UAE,Dubai,,25.1165427,55.3722284,,https://pranzo-dubai.ae,,0,,openstreetmap
flour + stone,UAE,Dubai,,25.2475342,55.3631567,,,,0,,openstreetmap
Adventure Parx & Cafe,UAE,Dubai,Al Ferdous building 3,25.1802317,55.2354936,+97143335657,https://www.parx.ae/,,0,,openstreetmap
Pepper Lane,UAE,Dubai,,25.116384,55.3907241,,,,0,,openstreetmap
Koyama,UAE,Dubai,,25.1113834,55.3749924,,,,0,,openstreetmap
W.Select,UAE,Dubai,,25.1111997,55.3751706,,,,0,,openstreetmap
Chuan,UAE,Dubai,,25.1111673,55.3750804,,,,0,,openstreetmap
So Canton,UAE,Dubai,,25.1112033,55.3750458,,,,0,,openstreetmap
Wokinn,UAE,Dubai,,25.1112441,55.3750064,,,,0,,openstreetmap
Mah Thai,UAE,Dubai,,25.1112842,55.3749677,,,,0,,openstreetmap
Danji Korean Delights,UAE,Dubai,,25.111319,55.3749342,,,,0,,openstreetmap
TEREA HEETS DUBAI,UAE,Dubai,,25.1916774,55.261734,,https://tereaheetsdubai.ae/,,0,,openstreetmap
Calo Fit,UAE,Dubai,شارع الأصايل,25.1218793,55.2272847,+971585600179,https://calo-fit.com/,,0,,openstreetmap
Abdulla Omar,UAE,Dubai,,25.1091963,55.3750373,,,,0,,openstreetmap
Qalat Baalbak,UAE,Dubai,,25.0946645,55.1844866,,,,0,,openstreetmap
Allo Beirut,UAE,Dubai,,25.0944293,55.1846514,,,,0,,openstreetmap
Casserole,UAE,Dubai,,25.0980122,55.1805524,+971524235575,,,0,,openstreetmap
Daikan Izakaya,UAE,Dubai,,25.2069706,55.2617094,,https://daikan.ae/,,0,,openstreetmap
Baku Café,UAE,Dubai,,25.2067938,55.2617012,,,,0,,openstreetmap
La Serre,UAE,Dubai,,25.2073006,55.2617777,,,,0,,openstreetmap
Cogito Coffee,UAE,Dubai,,25.0929605,55.1515027,,,,0,,openstreetmap
Cityway Cafeteria,UAE,Dubai,,25.2524801,55.2957609,,,,0,,openstreetmap
Golden Food Fest Cafeteria,UAE,Dubai,,25.2530939,55.2932128,,,,0,,openstreetmap
Toit Fried Chicken,UAE,Dubai,,25.1886502,55.4059011,,https://toitfranchise.com,,0,,openstreetmap
Boon Coffee Roasters,UAE,Dubai,Al Falak Street,25.1024392,55.1683881,,,,0,,openstreetmap
The Klassix,UAE,Dubai,,25.102641,55.1697135,,,,0,,openstreetmap
Cotti Coffee,UAE,Dubai,,25.2544062,55.3033099,,,,0,,openstreetmap
Bubee,UAE,Dubai,,25.2540153,55.3026729,,,,0,,openstreetmap
Charleys Philly Steaks,UAE,Dubai,,25.2541173,55.3027405,,,,0,,openstreetmap
Koryo,UAE,Dubai,,25.2539269,55.3029586,,,,0,,openstreetmap
Tapa King,UAE,Dubai,,25.2539405,55.3025826,,,,0,,openstreetmap
Manila Street Food,UAE,Dubai,,25.2538657,55.302827,,,,0,,openstreetmap
Umami,UAE,Dubai,,25.2538691,55.3025751,,,,0,,openstreetmap
Siomai House,UAE,Dubai,,25.2538181,55.302639,,,,0,,openstreetmap
Fouquet's,UAE,Dubai,,25.1913784,55.2756671,,,,0,,openstreetmap
French Riviera Beach,UAE,Dubai,,25.1337666,55.1830767,,,,0,,openstreetmap
L'Olivo,UAE,Dubai,,25.1414026,55.1856719,,,,0,,openstreetmap
Row On 45,UAE,Dubai,,25.0863966,55.1436596,,,,0,,openstreetmap
City Social,UAE,Dubai,,25.0863475,55.1436004,,,,0,,openstreetmap
ORFALI BROS,UAE,Dubai,,25.2186969,55.2612775,,https://orfalibros.com/,,0,,openstreetmap
Fibber Magee’s,UAE,Dubai,Social Hotel,25.0974363,55.1735428,043322400,https://fibbersdubai.com/fibber-magees-barsha-heights/,,0,,openstreetmap
Bungalow34,UAE,Dubai,,25.2457047,55.2549697,,,,0,,openstreetmap
Spaces Eatery,UAE,Dubai,,25.2140699,55.282016,,,,0,,openstreetmap
Be Beach DXB,UAE,Dubai,,25.0907191,55.1276752,,https://www.bebeachdxb.com/,,0,,openstreetmap
Adamushka,UAE,Dubai,Al Seba Street,25.0687578,55.1303922,,,,0,,openstreetmap
Look Taste,UAE,Dubai,,25.1953891,55.4022393,+971501700185,,,0,,openstreetmap
Tahounet Beirut,UAE,Dubai,,25.0671596,55.3085057,,,,0,,openstreetmap
Yahya,UAE,Dubai,,25.0671012,55.3085991,,,,0,,openstreetmap
Al Romansiah,UAE,Dubai,,25.0669658,55.3088186,,,,0,,openstreetmap
Al Farooj,UAE,Dubai,,25.0668474,55.3089895,,,,0,,openstreetmap
Al Haaj Bundoo Khan's,UAE,Dubai,,25.0667289,55.3089802,,,,0,,openstreetmap
Taco Taco,UAE,Dubai,,25.0665005,55.3087822,,,,0,,openstreetmap
Galata,UAE,Dubai,,25.0665386,55.3086085,,,,0,,openstreetmap
Vinci Cafe,UAE,Dubai,,25.06923,55.3060362,,,,0,,openstreetmap
Karak Tea,UAE,Dubai,,25.0717537,55.3077841,,,,0,,openstreetmap
Papa Murphy's,UAE,Dubai,,25.0772876,55.1549188,,,,0,,openstreetmap
Popolare Positano,UAE,Dubai,Resortz by Danube Arjan,25.0614415,55.2332687,045872933,https://popolare-positano.glide.page/,,0,,openstreetmap
Cafe 45,UAE,Dubai,,25.2393508,55.2533785,,,,0,,openstreetmap
Al Hajarain,UAE,Dubai,Heritage Village Path,24.7971326,56.1184187,,,,0,,openstreetmap
Asian Flavors,UAE,Dubai,,25.2785424,55.3849743,,,,0,,openstreetmap
المخبز الاوروبي,UAE,Dubai,,25.2810466,55.3805941,+971586015380,https://europeanbakery.ae,,0,,openstreetmap
Tawa and Grill Restaurant,UAE,Dubai,,25.2780781,55.3621199,,,,0,,openstreetmap
Arabeska Restaurant,UAE,Dubai,,25.1936625,55.2763977,,,,0,,openstreetmap
TOTÓ,UAE,Dubai,,25.1904362,55.2743764,+97142152121,https://totorestaurants.com/dubai/,,0,,openstreetmap
Rose Beirut Restaurant,UAE,Dubai,Q1 Mall Al Warqa,25.18773,55.4085266,+97145477775,https://rosebeirut.com,,0,,openstreetmap
4 o' Clock,UAE,Dubai,,25.2780825,55.3620133,,,,0,,openstreetmap
Moon Slice,UAE,Dubai,,25.1935367,55.2450335,,,,0,,openstreetmap
Créme,UAE,Dubai,,25.194164,55.2454669,,,,0,,openstreetmap
BEYOU Café,UAE,Dubai,,25.1939866,55.2453432,,,,0,,openstreetmap
Catch 22,UAE,Dubai,,25.0768046,55.1317631,,,,0,,openstreetmap
Super Burger,UAE,Dubai,,25.2599586,55.2990243,,,,0,,openstreetmap
Ghantoot Star,UAE,Dubai,شارع 34,25.2640773,55.2936589,0506415991043271147,,,0,,openstreetmap
Eat Zone,UAE,Dubai,,25.0659752,55.1375976,,,,0,,openstreetmap
مطحم هوت,UAE,Dubai,,25.1473748,55.1957415,,,,0,,openstreetmap
Bake My Day,UAE,Dubai,,25.0780971,55.1331334,+97142437023,https://bakemyday.ae/,,0,,openstreetmap
Kimuraya,UAE,Dubai,,25.0867578,55.140544,,https://kimurayadubai.com/,,0,,openstreetmap
Little Istanbul,UAE,Dubai,,25.1728606,55.3042742,+971529560229,,,0,,openstreetmap
Meat the Fish Dubai,UAE,Dubai,,25.1444532,55.1906792,+971589304640,https://www.meatthefishdubai.com/,,0,,openstreetmap
heaf,UAE,Dubai,,25.1448984,55.1900445,+971501950845,,,0,,openstreetmap
PUBLIC,UAE,Dubai,,25.1443566,55.1908403,,,,0,,openstreetmap
Alghori Cafe,UAE,Dubai,,25.2641735,55.3001668,,,,0,,openstreetmap
The Coffee Lab UAE,UAE,Dubai,Marina Cubes,25.2596841,55.279687,,https://thecoffeelab.ae/,,0,,openstreetmap
Piggy,UAE,Dubai,,25.0739778,55.139092,,,,0,,openstreetmap
Rove cafe,UAE,Dubai,,24.9610224,55.1499562,,,,0,,openstreetmap
مطعم البيت المحلي,UAE,Dubai,,25.2632988,55.2999722,,,,0,,openstreetmap
The Pizza Pie Factory - Barsha,UAE,Dubai,,25.1139138,55.1959454,+97145489339,,,0,,openstreetmap
Baba Al Bahar Seafood Restaurant Jumeirah,UAE,Dubai,,25.1510058,55.1973093,,,,0,,openstreetmap
Burger Stand,UAE,Dubai,,25.1508237,55.197265,,,,0,,openstreetmap
Risen Café and Artisanal Bakery,UAE,Dubai,,25.0978592,55.1789295,,,,0,,openstreetmap
Meat Moot,UAE,Dubai,,25.2342567,55.4736727,,,,0,,openstreetmap
Pounders,UAE,Dubai,,25.2342864,55.4735837,,,,0,,openstreetmap
White Oryx,UAE,Dubai,,25.202739,55.4408503,,,,0,,openstreetmap
Romantic Baka,UAE,Dubai,,25.2669282,55.3172874,,,,0,,openstreetmap
HTS Interiors,UAE,Dubai,طريق مراسي,25.1858295,55.281438,+971565455234,https://htsinteriors.com/,,0,,openstreetmap
Jasem Restaurant,UAE,Dubai,,25.2711666,55.3042961,,,,0,,openstreetmap
Al Najem Al Bukhary,UAE,Dubai,,25.2707523,55.3054283,,,,0,,openstreetmap
India Palace,UAE,Dubai,,25.2489157,55.3375744,+97142869600,https://indiapalace.ae,,0,,openstreetmap
En Fuengo,UAE,Dubai,,25.1315143,55.1184839,+97144262626,https://www.atlantis.com/dubai/dining/en-fuego?utm_source=googleplaces&utm_medium=location&utm_campaign=en_fuego&utm_content=listing,,0,,openstreetmap
Time Out Market,UAE,Dubai,,25.1950025,55.2764103,,,,0,,openstreetmap
Khan Murjan,UAE,Dubai,,25.229304,55.3193263,,https://www.wafigourmet.com,,0,,openstreetmap
Sugar Bae,UAE,Dubai,,25.2130021,55.2486209,,,,0,,openstreetmap
Al Yemen Al Saeed,UAE,Dubai,,25.1673861,55.2618601,,,,0,,openstreetmap
مطعم ومقهى المشاوي الحلبية فرع دبي,UAE,Dubai,,25.2515628,55.3371251,,https://garhoud.aleppo-grills.com/en/,,0,,openstreetmap
Barbar Hessa,UAE,Dubai,,25.0937031,55.1852884,,,,0,,openstreetmap
Claw BBQ Crabshack Grill - JBR,UAE,Dubai,"Pavilion at The Beach, JBR, Dubai",25.07472,55.1299667,0097145774357,,,0,,openstreetmap
Urth Caffe,UAE,Dubai,,25.2082536,55.2632123,+966920007498+97145897413,https://www.urthcaffe.sa/welcome/index,,0,,openstreetmap
Kooya Filipino Eatery,UAE,Dubai,,25.0697047,55.1330283,,https://www.instagram.com/kooyafilipinoeatery/,,0,,openstreetmap
Ninive Beach Dubai,UAE,Dubai,,25.2271975,55.257223,,,,0,,openstreetmap
Golositalia JLT,UAE,Dubai,JLT Cluster C,25.0693053,55.1397898,+97144434955,https://golositalia.ae/,,0,,openstreetmap
Peet's Coffee - The Meadows Souk,UAE,Dubai,Meadows Souk,25.0539356,55.1713176,+971502534437,https://www.peetscoffee.me,,0,,openstreetmap
Trader’s House,UAE,Dubai,,25.2228818,55.2868857,,,,0,,openstreetmap
Boon Coffee Roasters Jumeirah Park Pavilion,UAE,Dubai,Jumeirah Park Pavilion,25.042955,55.1591695,+97144214500,https://www.booncoffee.com,,0,,openstreetmap
Old Tbilisi,UAE,Dubai,,25.1185526,55.1981135,,,,0,,openstreetmap
Starbucks Reserve,UAE,Dubai,,25.0756225,55.1304596,,,,0,,openstreetmap
Franky's Pizzeria,UAE,Dubai,,25.0750274,55.1467205,,,,0,,openstreetmap
Kitchen Works,UAE,Dubai,Al Qouz 4,25.1220251,55.2270398,+971505824862,https://kitchenworks.ae/,,0,,openstreetmap
Apna Kolachi,UAE,Dubai,,25.1892401,55.2696399,044229435,,,0,,openstreetmap
Foodie Express,UAE,Dubai,Tahira Restauran,25.2618508,55.2938988,+971505574566,,,0,,openstreetmap
McGettigan's JBR,UAE,Dubai,The Walk at Jumeirah Beach Residence,25.0786474,55.1344751,+97143182319,https://www.jbr-restaurants.com/mcgettigans-jbr,,0,,openstreetmap
Amritsr Restaurant Al Attar Center- Best Indian Restaurant in Dubai,UAE,Dubai,2b شارع,25.2477725,55.3005542,,,,0,,openstreetmap
Myami,UAE,Dubai,,25.1063876,55.1445358,,,,0,,openstreetmap
Bliss Lounge,UAE,Dubai,,25.0742041,55.128039,,,,0,,openstreetmap
Taizz Mandi restaurant,UAE,Dubai,43a شارع,25.2256707,55.3948374,,,,0,,openstreetmap
Shellfish Bar,UAE,Dubai,"j2 tower, cluster j",25.0674635,55.1412476,,https://www.shellfish-bar.com,,0,,openstreetmap
Mr. Momo,UAE,Dubai,,25.282027,55.398253,,,,0,,openstreetmap
Crispy Chicky,UAE,Dubai,,25.2818892,55.3985092,,,,0,,openstreetmap
Darjeeling's Momo,UAE,Dubai,,25.2816255,55.3983104,,,,0,,openstreetmap
Tea Junction,UAE,Dubai,,25.2689847,55.3752062,,,,0,,openstreetmap
Rokn Al Mulook,UAE,Dubai,,25.2802818,55.3577355,,,,0,,openstreetmap
Nena Tea,UAE,Dubai,,25.1933456,55.4060294,,,,0,,openstreetmap
Basha Bite Restaurant,UAE,Dubai,,25.1928649,55.4045107,,,,0,,openstreetmap
Teeffee Restaurant and Cafe,UAE,Dubai,,25.1927415,55.4044363,,,,0,,openstreetmap
مذاق البسبوسة,UAE,Dubai,,25.1926479,55.4043957,,,,0,,openstreetmap
Tea Desk,UAE,Dubai,,25.1922154,55.4042571,,,,0,,openstreetmap
Cibo Diet,UAE,Dubai,,25.1909705,55.4041912,+97143966515,,,0,,openstreetmap
Villa Verona,UAE,Dubai,The Walk at Jumeirah Beach Residence,25.0786212,55.1341356,+97143182319,https://www.jbr-restaurants.com/villa-verona,,0,,openstreetmap
Al Diwaan,UAE,Dubai,,24.8229245,55.662706,,,,0,,openstreetmap
Offside,UAE,Dubai,,25.0730537,55.13062,,,,0,,openstreetmap
ensō,UAE,Dubai,,25.188969,55.2647806,0422001420525539961,,,0,,openstreetmap
Oventine by AlSafadi,UAE,Dubai,"Bay Avenue, Business Bay",25.1889276,55.2647204,,,,0,,openstreetmap
Malak Al Tawouk,UAE,Dubai,,25.1888837,55.2646764,,,,0,,openstreetmap
Bait Al Shay,UAE,Dubai,,25.1863061,55.2383099,,,,0,,openstreetmap
lebanushi,UAE,Dubai,,25.1973493,55.2802619,,https://lebanushi.com/,,0,,openstreetmap
Bacolod Insal BBQ,UAE,Dubai,,25.0463559,55.1183942,,,,0,,openstreetmap
COTTI COFFEE -Dubai Knowledge Park,UAE,Dubai,,25.1030606,55.1630638,,,,0,,openstreetmap
Trader Vic’s JBR,UAE,Dubai,The Walk at Jumeirah Beach Residence,25.078881,55.1343024,+97143182319,https://www.jbr-restaurants.com/trader-vics-jbr,,0,,openstreetmap
Quanjude,UAE,Dubai,,25.1641392,55.4148055,,,,0,,openstreetmap
Boat,UAE,Dubai,,25.2920859,55.3229763,,,,0,,openstreetmap
Danat Restaurant,UAE,Dubai,,25.025639,55.1896385,,,,0,,openstreetmap
China Wok,UAE,Dubai,,25.2722448,55.3826829,,,,0,,openstreetmap
Quick Bite Restaurant,UAE,Dubai,,25.2722972,55.3826169,,,,0,,openstreetmap
Haleeb & Heil,UAE,Dubai,,25.2643952,55.3044222,,,,0,,openstreetmap
BIG T,UAE,Dubai,,25.1164472,55.2363338,,,,0,,openstreetmap
Food Shore Cafeteria,UAE,Dubai,Al Seba Street,25.0688029,55.1303142,,,,0,,openstreetmap
Roast,UAE,Dubai,Al Seba Street,25.0688899,55.1302203,,,,0,,openstreetmap
DRVN by Porsche,UAE,Dubai,,25.0796992,55.1221575,,,,0,,openstreetmap
Brass Monkey - Bluewaters,UAE,Dubai,,25.0811829,55.1226322,,,,0,,openstreetmap
Afghani International,UAE,Dubai,,25.2774266,55.3007617,,,,0,,openstreetmap
Endless Cafe,UAE,Dubai,,25.0717966,55.1320441,,,,0,,openstreetmap
Roti Bhai,UAE,Dubai,,25.2659382,55.3571153,,,,0,,openstreetmap
Sharief Bhai's,UAE,Dubai,,25.2542891,55.3034627,,,,0,,openstreetmap
Multifood Speciality,UAE,Dubai,,25.256311,55.2968748,,,,0,,openstreetmap
Garma Garam,UAE,Dubai,,25.2568768,55.2968292,,,,0,,openstreetmap
Day To Day Cafeteria,UAE,Dubai,,25.2577404,55.2964671,,,,0,,openstreetmap
Lavash,UAE,Dubai,,25.0736266,55.132395,,,,0,,openstreetmap
SushiArt - Meadows,UAE,Dubai,,25.0638717,55.1580674,,https://www.sushiart.ae/,,0,,openstreetmap
PXB,UAE,Dubai,Mangrove Avenue,24.9588218,55.1541025,0568608242,https://pxb.life/,,0,,openstreetmap
dEATox,UAE,Dubai,"Palm West Beach, The Palm Jumeirah",25.108247,55.1439429,+971543267093,https://www.hilton.com/en/hotels/dxbwbup-tumbi-hotel-dubai-the-palm/dining/,,0,,openstreetmap
JOE & THE JUICE,UAE,Dubai,Business Park - Dubai Hills Estate,25.1067747,55.2402941,+97143307188,http://joejuice.com,,0,,openstreetmap
Brunch & Cake Jumeirah Islands,UAE,Dubai,Pavilion - Al Thanyah Fifth,25.064023,55.1466929,+97144225879,https://brunchandcake.com/,,0,,openstreetmap
Marbar Rooftop Tapas Bar,UAE,Dubai,The Walk at Jumeirah Beach Residence,25.0789395,55.1337988,+97143182319,https://www.jbr-restaurants.com/marbar,,0,,openstreetmap
Rowley's,UAE,Dubai,,25.2048139,55.275593,+97142574754,https://rowleysrestaurants.com/,,0,,openstreetmap
Share Cafe,UAE,Dubai,,25.0253625,55.1528301,,,,0,,openstreetmap
venus,UAE,Dubai,,25.2565854,55.2852786,,,,0,,openstreetmap
la pinoz,UAE,Dubai,,25.2562755,55.2852057,,,,0,,openstreetmap
Fisherman's hub,UAE,Dubai,,25.2555381,55.2849467,,,,0,,openstreetmap
Chicken On Fire restaurant,UAE,Dubai,,25.0254218,55.1527967,+97145667327,,,0,,openstreetmap
attibassi,UAE,Dubai,,25.2570759,55.2870391,,,,0,,openstreetmap
Subko Specialty Coffee Roasters and Bakehouse,UAE,Dubai,شارع السركال,25.1410014,55.2262568,,https://subko.coffee/,,0,,openstreetmap
kebab,UAE,Dubai,,25.2570633,55.2912931,,,,0,,openstreetmap
Golden gate,UAE,Dubai,,25.2570666,55.2915153,,,,0,,openstreetmap
Saaino,UAE,Dubai,,25.2568367,55.2873831,,,,0,,openstreetmap
Grandiosa Pizza - Wasl Park Gate,UAE,Dubai,Zabeel,25.2337122,55.2942323,+97148923467,https://grandiosa.ae,,0,,openstreetmap
Variety Momo Simrik,UAE,Dubai,,25.2614817,55.2915643,,,,0,,openstreetmap
Tasty Bites Cafeteria,UAE,Dubai,,25.232063,55.2918653,+971502994430,,,0,,openstreetmap
The Coffee Club - Springs Souk,UAE,Dubai,The Springs Souk,25.0661392,55.1921282,+97142349953,https://thecoffeeclubme.com/,,0,,openstreetmap
Amalfi,UAE,Dubai,,25.227196,55.3416706,,https://www.palazzoversace.ae/restaurants-and-bars/amalfi,,0,,openstreetmap
Kafetaso Coffee & Company,UAE,Dubai,Marquis Signature Building,25.0630719,55.2333456,+971505134926,https://www.kafetaso.com,,0,,openstreetmap
La Marzocco Middle East,UAE,Dubai,Sheikh Zayed Road,25.2136463,55.2758804,,https://www.lamarzocco.com/ae/en/,,0,,openstreetmap
AMARU,UAE,Dubai,Souq Madinat Jumeirah,25.1334542,55.1865944,+971502637060,https://www.amarudubai.com/,,0,,openstreetmap
Better Together Café,UAE,Dubai,,25.0421577,55.2304409,+97145548993,https://www.instagram.com/bettertogethercafedxb,,0,,openstreetmap
Tasca,UAE,Dubai,,25.2166515,55.2504038,,,,0,,openstreetmap
L.A Avenue,UAE,Dubai,Azizi Riviera,25.1726523,55.3014311,971589182002,,,0,,openstreetmap
Le Petit Belge,UAE,Dubai,Detroit Rd,25.0471113,55.2427737,+97147700146,https://lepetitbelge.com/motor-city/,,0,,openstreetmap
The Irish Vicker's,UAE,Dubai,,25.1946992,55.2771356,,https://linktr.ee/theirishvickersdxb,,0,,openstreetmap
Chimney restaurant,UAE,Dubai,28a شارع,25.2751914,55.3768376,043939027,,,0,,openstreetmap
Bentoya,UAE,Dubai,,25.0462374,55.2429071,+97142434306,https://www.bentoya.ae,,0,,openstreetmap
Casa Alma Café,UAE,Dubai,Sheikh Zayed Road,25.1264512,55.2085947,+97143405060,,,0,,openstreetmap
Hala tea,UAE,Dubai,,24.9327423,55.4720668,,,,0,,openstreetmap
Vue Beef Noodles,UAE,Dubai,,25.0946223,55.1758202,,,,0,,openstreetmap
Levante,UAE,Dubai,"5 St. Jaddaf Waterfront, Al Jaddaf",25.2254105,55.3369489,+97142412288,https://artoflevante.ae,,0,,openstreetmap
Neighbourhood Food Hall,UAE,Dubai,,25.041258,55.234733,+97145525473,https://neighbourhoodfoodhall.com,,0,,openstreetmap
Delphi Cafe,UAE,Dubai,Aziz Rviera 36,25.1728023,55.3079496,+971507843739,https://delphicafedubai.com/,,0,,openstreetmap
ADNOC Oasis Cafe,UAE,Dubai,,25.2701566,55.4165567,,,,0,,openstreetmap
ذا بج ماما,UAE,Dubai,,25.2089812,55.417151,,,,0,,openstreetmap
Pizza di Rocco,UAE,Dubai,,25.0470541,55.2451833,,https://pizzadirocco.com/store-location/dubai/motor-city/,,0,,openstreetmap
O'Liv,UAE,Dubai,شارع تورين بوليفارد,25.0471325,55.2453231,,,,0,,openstreetmap
"Jones the Grocer Express, T3 DXB Airport (Dubai)",UAE,Dubai,,25.244508,55.3700954,+971522449224,https://www.jonesthegrocer.com/dubai-international-airport-dubai-i84?srsltid=AfmBOoprOeu4l-L9uckf5q9XeDqU7Qrbhm964p4uhzkJ1c2UZn3Flw7A,,0,,openstreetmap
PAPRIKA,UAE,Dubai,شارع دمشق,25.2825607,55.387844,0525785769,,,0,,openstreetmap
High Joint Motor City,UAE,Dubai,,25.0411011,55.2347834,,,,0,,openstreetmap
Mama Thai,UAE,Dubai,,25.041096,55.2347453,,,,0,,openstreetmap
Sandwich Nerds,UAE,Dubai,,25.0411388,55.2348192,,,,0,,openstreetmap
Sallora,UAE,Dubai,,25.2689567,55.3177648,,,,0,,openstreetmap
مطعم زمزم المندي,UAE,Dubai,,25.2692655,55.3179407,,,,0,,openstreetmap
Abou Alarabi,UAE,Dubai,,25.2667004,55.3179411,,,,0,,openstreetmap
بازوكا,UAE,Dubai,,25.2669757,55.3181282,,,,0,,openstreetmap
Al Kabab AL Afghani,UAE,Dubai,شارع نادي الوصل,25.2154161,55.3165197,,,,0,,openstreetmap
HEDWIG Specialty Coffee,UAE,Dubai,شارع نادي الوصل,25.2152669,55.317738,,,,0,,openstreetmap
Hunter & Barrel Emirates Hills,UAE,Dubai,Vida Hills Hotel,25.0785156,55.1579551,+97145890970,https://hunterandbarrel.ae/dubai/emirates-hills/,,0,,openstreetmap
Calisto's,UAE,Dubai,,25.0437585,55.2300966,0405539691,,,0,,openstreetmap
Sanderson's Cafe Sustainable City,UAE,Dubai,,25.0274573,55.2751713,,https://wearesandersons.com/the-sustainable-city-dubai/,,0,,openstreetmap
Shams Cafe,UAE,Dubai,Azizi Riviera 8,25.172518,55.3033373,+971502808157,https://shamscafe.ae,,0,,openstreetmap
برجرمان كافيه,UAE,Dubai,,25.1920981,55.3997482,+97142975133,https://linktr.ee/burgerman.ae,,0,,openstreetmap
Little Lamb Happy Farm,UAE,Dubai,,25.2696974,55.3180562,,,,0,,openstreetmap
ELAN,UAE,Dubai,,25.2213764,55.3519251,,,,0,,openstreetmap
Shvili,UAE,Dubai,,25.2221066,55.3517072,,,,0,,openstreetmap
Art of Living,UAE,Dubai,,25.2223152,55.351516,,,,0,,openstreetmap
Turkish Village,UAE,Dubai,,25.2210104,55.3519619,,,,0,,openstreetmap
Origami,UAE,Dubai,,25.2213668,55.3517095,,,,0,,openstreetmap
Semsom,UAE,Dubai,,25.2206561,55.3513711,,,,0,,openstreetmap
Haidilao Huoguo,UAE,Dubai,,25.222212,55.3516184,,,,0,,openstreetmap
Kashkan,UAE,Dubai,,25.2210175,55.3518872,,,,0,,openstreetmap
Applebee's,UAE,Dubai,,25.2207607,55.3517976,,,,0,,openstreetmap
NYF,UAE,Dubai,,25.2224911,55.3525504,,,,0,,openstreetmap
JJ Chicken,UAE,Dubai,,25.222702,55.3519799,,,,0,,openstreetmap
Chinese Palace,UAE,Dubai,,25.2227358,55.3519407,,,,0,,openstreetmap
Noon & Kabab,UAE,Dubai,,25.2228439,55.3518213,,,,0,,openstreetmap
Wok N Fire,UAE,Dubai,,25.2224611,55.3521345,,,,0,,openstreetmap
Doner & Gyros,UAE,Dubai,,25.222819,55.3518522,,,,0,,openstreetmap
Famous Dave's,UAE,Dubai,,25.2212084,55.3519156,,,,0,,openstreetmap
Maras Turka,UAE,Dubai,,25.2210067,55.3530159,,https://marasturka.com,,0,,openstreetmap
Yummy Belgian Cafe,UAE,Dubai,,25.2207489,55.3518906,,,,0,,openstreetmap
Desert Cafe Be.k,UAE,Dubai,,25.2207187,55.3518047,,,,0,,openstreetmap
Dimash,UAE,Dubai,,25.2224651,55.3513148,,,,0,,openstreetmap
برونتو,UAE,Dubai,,25.2323793,55.311351,,,,0,,openstreetmap
Teapot Cafe,UAE,Dubai,,25.2412538,55.2914221,,,,0,,openstreetmap
Black Coffee by Cafe Younes,UAE,Dubai,6th Street,25.2290061,55.2863134,+97143703033,https://blackcoffee.ae/,,0,,openstreetmap
محارة البحر,UAE,Dubai,,24.9266386,55.000124,,,,0,,openstreetmap
شيك بوي إناسال,UAE,Dubai,,24.9850017,55.1085922,,,,0,,openstreetmap
مطعم برياني هوت,UAE,Dubai,,25.0116638,55.0950707,+97148872424,,,0,,openstreetmap
Cafe Confetti,UAE,Dubai,,25.079675,55.1517719,+97145546206,https://cafeconfettidubai.com/,,0,,openstreetmap
Papa Chits,UAE,Dubai,,25.0674755,55.1382083,,,,0,,openstreetmap
San Xian Dumplings,UAE,Dubai,,25.1685187,55.4123924,+971559268248,,,0,,openstreetmap
Maria Bonita Taco Shop & Grill,UAE,Dubai,,25.1729163,55.2219776,,,,0,,openstreetmap
The Bolt Hole,UAE,Dubai,,25.075439,55.3630419,,,,0,,openstreetmap
Halfcup,UAE,Dubai,,25.183445,55.2659897,+97145529708,https://www.halfcup.co.uk/dubai,,0,,openstreetmap
Orto,UAE,Dubai,,25.1950803,55.2358332,+97143455060,,,0,,openstreetmap
Mordi,UAE,Dubai,,25.1845632,55.2664889,+97145728465,https://www.mordi.ae/,,0,,openstreetmap
Black Sheep Coffee,UAE,Dubai,,25.1853303,55.2681136,,https://blacksheepcoffee.me/blogs/locations/peninsula-three,,0,,openstreetmap
Café Délices,UAE,Dubai,,25.1826697,55.2750143,+97142473333,,,0,,openstreetmap
The Banc,UAE,Dubai,,25.1830496,55.2742244,+97145662262,https://thebanc.ae/,,0,,openstreetmap
Drinkit,UAE,Dubai,,25.185477,55.2667914,,https://drinkit.io/,,0,,openstreetmap
PlantMama - Floral Cafe,UAE,Dubai,,25.1419706,55.2063803,+971522675909,https://plantmama.ae,,0,,openstreetmap
Sushi Me,UAE,Dubai,,25.0279718,55.2756746,,,,0,,openstreetmap
Khbz & Zaad,UAE,Dubai,,25.0278955,55.2752234,,,,0,,openstreetmap
The Sports Shack Restaurant Bar,UAE,Dubai,,25.2510168,55.3573155,,,,0,,openstreetmap
O'Regan's Irish Bar & Restaurant,UAE,Dubai,,25.2526094,55.3545013,,,,0,,openstreetmap
Panda Express American Chinese Kitchen,UAE,Dubai,,25.2531967,55.3533014,,,,0,,openstreetmap
Naba Cafe,UAE,Dubai,,25.2167149,55.2801511,,,,0,,openstreetmap
Ernst Biergarten,UAE,Dubai,,25.2192315,55.2848262,,https://www.ernstbiergarten.com/food-and-drinks-menu/,,0,,openstreetmap
Pars Iranian Restaurant,UAE,Dubai,شارع 54,25.2312338,55.2870562,8004069,https://parsuae.com/,,0,,openstreetmap
Hilton Dubai Jumeirah,UAE,Dubai,The Walk,25.0787188,55.1341543,+97143182999,https://www.hilton.com/en/hotels/dxbjbhi-hilton-dubai-jumeirah/,,0,,openstreetmap
الاصالة مطعم و كافتيريا,UAE,Dubai,,24.9266831,55.0062067,,,,0,,openstreetmap
مطعم بيير شيك,UAE,Dubai,,25.1343281,55.1811219,+97144323232,https://www.jumeirah.com/en/dine/dubai/al-qasr-pierchic,,0,,openstreetmap
Ocean Blue,UAE,Dubai,,25.142045,55.189751,+97144323232,https://www.jumeirah.com/en/hotels-resorts/dubai/jumeirah-beach-hotel/restaurants/ocean-blue/,,0,,openstreetmap
مطعم البوهاري بروست,UAE,Dubai,,24.9848979,55.1089937,,,,0,,openstreetmap
Taste of Arabia,UAE,Dubai,,25.1784081,55.2231907,,,,0,,openstreetmap
JAFZA Food Court-1,UAE,Dubai,,24.987087,55.0905499,,,,0,,openstreetmap
تي هاوس كافيه,UAE,Dubai,,25.2633505,55.2997203,,,,0,,openstreetmap
The Empire,UAE,Dubai,,25.0788381,55.132822,,,,0,,openstreetmap
Food Castle Restaurant,UAE,Dubai,,25.2391687,55.301203,,,,0,,openstreetmap
كتلة 7,UAE,Dubai,,25.1030796,55.1623704,,,,0,,openstreetmap
Lahori Darbar Restaurant,UAE,Dubai,Street 26,25.1312153,55.2498956,,,,0,,openstreetmap
ملك برجر,UAE,Dubai,,25.2450853,55.3249279,,,,0,,openstreetmap
Les Floralies Dubai - Za'abeel 1,UAE,Dubai,,25.2310045,55.3071079,,,,0,,openstreetmap
Lounge & Cafe,UAE,Dubai,Khalid Bin Waleed Road,25.2507127,55.3111863,,,,0,,openstreetmap
NOÉPE,UAE,Dubai,,25.2438993,55.3325056,,,,0,,openstreetmap
Jumaira Flacon,UAE,Dubai,Al Wasl Road,25.2324898,55.2696522,,,,0,,openstreetmap
Cocoville,UAE,Dubai,51st Street,25.2221976,55.2594544,,,,0,,openstreetmap
Restaurant Maxine,UAE,Dubai,51st Street,25.2223814,55.2583511,,,,0,,openstreetmap
ذا فيلا,UAE,Dubai,,25.2189515,55.4492163,,,,0,,openstreetmap
Gelati,UAE,Dubai,,25.1400631,55.1344337,,,,0,,openstreetmap
Good Chef,UAE,Dubai,Street 23b,25.1125469,55.2319145,,,,0,,openstreetmap
Al Hunoof Public Kitchen,UAE,Dubai,Umm Suqueim Street,25.1068168,55.2275878,,,,0,,openstreetmap
Star Grills,UAE,Dubai,,25.2651404,55.2906289,,,,0,,openstreetmap
Bab Al Ghubaiba Cafeteria,UAE,Dubai,,25.2648512,55.2910514,,,,0,,openstreetmap
Puranmal Sweets & Restaurant,UAE,Dubai,1 Street,24.9893361,55.192769,,,,0,,openstreetmap
Elevation Burger,UAE,Dubai,Jumeira Street,25.1706226,55.2161776,,,,0,,openstreetmap
زيطوني,UAE,Dubai,شارع جميرة,25.1605439,55.2079709,,,,0,,openstreetmap
Sultan Baba Iskender,UAE,Dubai,Jumeira Street,25.1434018,55.1932783,,,,0,,openstreetmap
Reem Al Bawadi (Dubai Marina Walk Branch),UAE,Dubai,,25.0855557,55.1476077,044522525,https://www.reemalbawadi.com/,,0,,openstreetmap
Kabana,UAE,Dubai,Jumeira Street,25.1767692,55.2218857,,,,0,,openstreetmap
The Voice,UAE,Dubai,Jumeira Street,25.1590346,55.207506,,,,0,,openstreetmap
New Food,UAE,Dubai,Street 28,25.1326797,55.2532176,,,,0,,openstreetmap
Khareef Restaurant,UAE,Dubai,First Al Khail Street,25.1322728,55.2201843,,,,0,,openstreetmap
Hot & Cool,UAE,Dubai,First Al Khail Street,25.128827,55.2174255,,,,0,,openstreetmap
Knightsbridge Cafe,UAE,Dubai,Jumeira Street,25.2049618,55.2436178,,,,0,,openstreetmap
Karachi Peshawer Darbar Restaurant,UAE,Dubai,Al Rasheed road,25.2824383,55.3348601,,,,0,,openstreetmap
Bahraini Kabab,UAE,Dubai,8th Street,25.1719402,55.2544187,,,,0,,openstreetmap
Al Ghala Cafeteria,UAE,Dubai,4 Street,25.1711303,55.2444158,,,,0,,openstreetmap
Sketch Art Café,UAE,Dubai,Street 4b,25.241512,55.2785528,,,,0,,openstreetmap
Coppasta,UAE,Dubai,Shaikh Mohammed bin Rashid Boulevard,25.1908432,55.2763243,,,,0,,openstreetmap
Karak House,UAE,Dubai,Shaikh Mohammed bin Rashid Boulevard,25.1910015,55.2767015,,,,0,,openstreetmap
The Club,UAE,Dubai,Street 3,25.1843711,55.2400938,,,,0,,openstreetmap
Grand Abshar Restaurant,UAE,Dubai,Al Heeba Street,25.1725016,55.2187014,,https://www.grandabshar.ae/,,0,,openstreetmap
Lanterne Café,UAE,Dubai,40c Street,25.2606233,55.3245691,,,,0,,openstreetmap
Green Mango,UAE,Dubai,,25.2975312,55.3903476,,,,0,,openstreetmap
Al Saqr Al Aseel,UAE,Dubai,,25.2671089,55.4268345,,,,0,,openstreetmap
ச,UAE,Dubai,,25.2381239,55.3709066,,,,0,,openstreetmap
Tent Ju Meirah Restaurant,UAE,Dubai,,25.1537551,55.1995865,,,,0,,openstreetmap
Al Baraka Restaurant,UAE,Dubai,Marrakech Road,25.2382007,55.3641177,,,,0,,openstreetmap
Mashad Cafeteria and Restaurant,UAE,Dubai,,25.2790386,55.3462457,042690722,,,0,,openstreetmap
Grill Hut,UAE,Dubai,5 Street,25.2796997,55.3640264,,,,0,,openstreetmap
Mohd Humaid Sultan Cafeteria,UAE,Dubai,17b Street,25.2747268,55.3370951,,,,0,,openstreetmap
Abukadra Cafe,UAE,Dubai,,25.1919968,55.3094156,,,,0,,openstreetmap
Frank,UAE,Dubai,,25.0780578,55.1247807,,,,0,,openstreetmap
Maya,UAE,Dubai,,25.0862833,55.1391936,,,,0,,openstreetmap
Eataly at The Beach Dubai,UAE,Dubai,,25.0753212,55.1303233,,,,0,,openstreetmap
Il Faro,UAE,Dubai,,25.1076704,55.1529728,,,,0,,openstreetmap
Wok & Co.,UAE,Dubai,,25.2212137,55.2859366,,,,0,,openstreetmap
Queen's Grill,UAE,Dubai,,25.2626475,55.2812399,,,,0,,openstreetmap
Gin Bar,UAE,Dubai,,25.262333,55.2811535,,,,0,,openstreetmap
Yacht Club,UAE,Dubai,,25.2615264,55.2804182,,,,0,,openstreetmap
Traffic Cafe,UAE,Dubai,,25.1152893,55.2214769,,,,0,,openstreetmap
Le Deck,UAE,Dubai,,25.0851248,55.1400137,,,,0,,openstreetmap
Pool Bar,UAE,Dubai,,25.0850146,55.1384776,,,,0,,openstreetmap
The Green Planet cafe,UAE,Dubai,,25.2062009,55.260053,,,,0,,openstreetmap
اسكيب,UAE,Dubai,,25.1420397,55.1845974,,,,0,,openstreetmap
Hatta Wild Cafe,UAE,Dubai,,24.8142724,56.1600172,,,,0,,openstreetmap
Kona Grill - AL Seef,UAE,Dubai,,25.2582476,55.3108314,,,,0,,openstreetmap
"Kailash Parbat Restaurant, Al Seef",UAE,Dubai,,25.2585243,55.3106612,,,,0,,openstreetmap
"ODEON Restaurant, Market & Catering",UAE,Dubai,"Villa 568, Jumeirah 3, Jumeirah beach road",25.1748566,55.2196044,043402272,https://odeondubai.ae/,,0,,openstreetmap
Kababji Abo Ali,UAE,Dubai,,25.0748674,55.1307346,,,,0,,openstreetmap
Tea Junction Cafe,UAE,Dubai,,25.2327516,55.3119501,,,,0,,openstreetmap
Loop,UAE,Dubai,,25.1492737,55.286603,,,,0,,openstreetmap
Doma Cafe,UAE,Dubai,,25.0952231,55.1758331,,,,0,,openstreetmap
جامبو كافيه,UAE,Dubai,,24.9215805,55.0097866,,,,0,,openstreetmap
The Flying Cup,UAE,Dubai,,25.078521,55.132152,,,,0,,openstreetmap
Refresh,UAE,Dubai,,25.0699203,55.3062101,,,,0,,openstreetmap
Turk Kebab,UAE,Dubai,,25.0699494,55.3063056,,,,0,,openstreetmap
Hot Chips,UAE,Dubai,,25.0701282,55.3067676,,,,0,,openstreetmap
Fruit Bazaar,UAE,Dubai,,25.0702853,55.3070375,,,,0,,openstreetmap
Turkish Baked Potato,UAE,Dubai,,25.0703708,55.3071671,,,,0,,openstreetmap
Chestnuts Grilled Corn,UAE,Dubai,,25.0704318,55.3072508,,,,0,,openstreetmap
Coco by Koii,UAE,Dubai,,25.0703138,55.3079331,,,,0,,openstreetmap
Amango,UAE,Dubai,,25.0702529,55.3078979,,,,0,,openstreetmap
BKK Station,UAE,Dubai,,25.0701424,55.3078181,,,,0,,openstreetmap
Signature,UAE,Dubai,,25.0700916,55.3077702,,,,0,,openstreetmap
Zaab & Zaab,UAE,Dubai,,25.0700008,55.3076559,,,,0,,openstreetmap
Vine Cafe,UAE,Dubai,,25.069389,55.3074826,,,,0,,openstreetmap
Naseem Beirut,UAE,Dubai,,25.0688576,55.3073241,,,,0,,openstreetmap
Taksim,UAE,Dubai,,25.0689793,55.3072525,,,,0,,openstreetmap
Grand Dhaba,UAE,Dubai,,25.0692109,55.3075578,,,,0,,openstreetmap
Masala Chai,UAE,Dubai,,25.0706293,55.3075367,,,,0,,openstreetmap
Mac & Cheese,UAE,Dubai,,25.0697372,55.3057549,,,,0,,openstreetmap
Hakiki Turkish Baklava & Ice-cream,UAE,Dubai,,25.0696853,55.3056064,,,,0,,openstreetmap
Nodo,UAE,Dubai,,25.0696315,55.3054361,,,,0,,openstreetmap
Persian Kebab,UAE,Dubai,,25.0695644,55.3080975,,,,0,,openstreetmap
ETCH,UAE,Dubai,,25.0675422,55.30606,,,,0,,openstreetmap
Churros,UAE,Dubai,,25.0670015,55.30608,,,,0,,openstreetmap
Emirati Food,UAE,Dubai,,25.0669388,55.3060754,,,,0,,openstreetmap
Chicky Bite,UAE,Dubai,,25.0668313,55.3060681,,,,0,,openstreetmap
Chai On Wheels,UAE,Dubai,,25.0666789,55.306224,,,,0,,openstreetmap
Pancake,UAE,Dubai,,25.0667827,55.3065962,,,,0,,openstreetmap
Popcorn Time,UAE,Dubai,,25.0695163,55.3066747,,,,0,,openstreetmap
Luqaymat Al Freej,UAE,Dubai,,25.0705922,55.3080621,,,,0,,openstreetmap
Get Fried,UAE,Dubai,,25.070203,55.3084326,,,,0,,openstreetmap
Karmouz,UAE,Dubai,,25.0700794,55.3085371,,,,0,,openstreetmap
AR Frutania,UAE,Dubai,,25.0697166,55.3087226,,,,0,,openstreetmap
Mom's Fish & Chips,UAE,Dubai,,25.0694211,55.3088369,,,,0,,openstreetmap
Sauce,UAE,Dubai,,25.0691001,55.3089177,,,,0,,openstreetmap
Cafe Mozart,UAE,Dubai,,25.0686392,55.3087784,,,,0,,openstreetmap
Hoka,UAE,Dubai,,25.0689052,55.3084705,,,,0,,openstreetmap
Desi Wraps,UAE,Dubai,,25.0688615,55.3084691,,,,0,,openstreetmap
Come Fry With Me,UAE,Dubai,,25.0679394,55.3082276,,,,0,,openstreetmap
London Baker,UAE,Dubai,,25.0672005,55.307756,,,,0,,openstreetmap
Jawi Diner,UAE,Dubai,,25.067216,55.3075677,,,,0,,openstreetmap
Spiral Potato,UAE,Dubai,,25.066759,55.3068361,,,,0,,openstreetmap
Chicken Popcorn,UAE,Dubai,,25.0667522,55.3068048,,,,0,,openstreetmap
Waterside Snacks,UAE,Dubai,,24.9201055,55.0117664,,,,0,,openstreetmap
Aqua Treats,UAE,Dubai,,24.9195852,55.0115465,,,,0,,openstreetmap
كافيتريا فيوري,UAE,Dubai,,25.2817944,55.3179126,,,,0,,openstreetmap
AKG Cafe,UAE,Dubai,,25.1424201,55.2539292,,,,0,,openstreetmap
HAPI,UAE,Dubai,Al Khazzan Park,25.2092228,55.2648709,,,,0,,openstreetmap
Yalseah Lounge,UAE,Dubai,,25.0760621,55.1302766,,,,0,,openstreetmap
Village hangout Cafe,UAE,Dubai,شارع 12,25.0476446,55.2111118,+971567467645,https://www.villagehangoutcafe.com/,,0,,openstreetmap
Saigon Station,UAE,Dubai,92 Street,25.1173216,55.3911254,,http://saigonstation.com/,,0,,openstreetmap
Dibba Bay Oysters,UAE,Dubai,,25.1731326,55.2156629,,,,0,,openstreetmap
Tamoka,UAE,Dubai,,25.0837083,55.1365923,,,,0,,openstreetmap
Indian Chaat Bazaar,UAE,Dubai,,25.0687695,55.3092542,,,,0,,openstreetmap
Skyview Bar,UAE,Dubai,Jumeira Street,25.1414347,55.1851498,,https://www.jumeirah.com/en/dine/dubai/burj-al-arab-skyview-bar-and-restaurant,,0,,openstreetmap
Haidilao Dubai Mall,UAE,Dubai,,25.1965447,55.2808392,+97142217445,https://www.facebook.com/HaidilaoUAE,,0,,openstreetmap
Snappers,UAE,Dubai,,25.1347648,55.1242467,,,,0,,openstreetmap
Hidden Cafe,UAE,Dubai,,24.8907875,55.4335664,,https://www.instagram.com/hidden_dubai/,,0,,openstreetmap
Cafe Peloton,UAE,Dubai,,25.2247911,55.450836,,https://breakawaycycling.ae/cafe-peloton/,,0,,openstreetmap
ذا غاف,UAE,Dubai,,25.2222361,55.448324,,,,0,,openstreetmap
Coterra Coffee Roasters,UAE,Dubai,,25.0703884,55.3049434,,,,0,,openstreetmap
WeAsian,UAE,Dubai,,25.1112812,55.3750659,,,,0,,openstreetmap
Hamad,UAE,Dubai,,25.0703869,55.3054834,,,,0,,openstreetmap
8th Cafe,UAE,Dubai,,24.9196297,55.5257826,,,,0,,openstreetmap
ردهة المطاعم اينوك,UAE,Dubai,,24.9267027,55.0001944,,,,0,,openstreetmap
Surge,UAE,Dubai,,25.2340447,55.4372922,,,,0,,openstreetmap
Lea,UAE,Dubai,,25.2323221,55.4464522,,,,0,,openstreetmap
ILOLI - Restaurant in Dubai Marina Walk,UAE,Dubai Marina,,25.0857253,55.144763999999995,,,4.7,0,,google_places
Blume Dubai Marina,UAE,Dubai Marina,,25.0854777,55.1476792,,,4.8,0,,google_places
L'ETO,UAE,Dubai Marina,,25.0764183,55.1404479,,,5.0,0,,google_places
Ahla Tallah Grand Gourmet Restaurant | Shisha Cafe - Marina,UAE,Dubai Marina,,25.0785625,55.140187499999996,,,4.9,0,,google_places
Oliva Italian Restaurant,UAE,Dubai Marina,,25.0792086,55.1409638,,,4.8,0,,google_places
Pier 7,UAE,Dubai Marina,,25.0761911,55.1387826,,,4.6,0,,google_places
Osteria Mario Marina,UAE,Dubai Marina,,25.0777434,55.140746699999994,,,4.7,0,,google_places
Dinner In The Sky,UAE,Dubai Marina,,25.089668999999997,55.136932699999996,,,4.9,0,,google_places
ZETA Seventy Seven,UAE,Dubai Marina,,25.072682699999998,55.1266445,,,4.8,0,,google_places
Ronin | Ultimate Japanese Restaurant in Dubai | FIVE LUXE JBR,UAE,Dubai Marina,,25.0813146,55.136285099999995,,,4.9,0,,google_places
"Arabian Cave Cafe ""Letizia"" dubai marina",UAE,Dubai Marina,,25.0822511,55.1453299,,,4.6,0,,google_places
Carluccio’s – Dubai Marina Mall,UAE,Dubai Marina,,25.0767664,55.139438999999996,,,4.7,0,,google_places
Chaihona №1 - Best Restaurant in Dubai Marina,UAE,Dubai Marina,,25.086563899999998,55.1464375,,,4.7,0,,google_places
Jasmira,UAE,Dubai Marina,,25.0780633,55.137728499999994,,,5.0,0,,google_places
ISMA Restaurant Dubai Marina,UAE,Dubai Marina,,25.078397,55.1377558,,,4.9,0,,google_places
Firuzeh Restaurant,UAE,Dubai Marina,,25.079308899999997,55.1422599,,,4.6,0,,google_places
ATTIKO Dubai,UAE,Dubai Marina,,25.091527799999998,55.1463317,,,4.8,0,,google_places
MAMA ZONIA,UAE,Dubai Marina,,25.0761483,55.138894199999996,,,4.7,0,,google_places
Papas Dubai,UAE,Dubai Marina,,25.0789291,55.137874999999994,,,4.7,0,,google_places
Breeze,UAE,Fujairah,,25.6024392,56.3371448,,,,0,,openstreetmap
Marco Polo,UAE,Fujairah,,25.6024274,56.3372554,,,,0,,openstreetmap
Chicken Hut,UAE,Fujairah,,25.6015707,56.3108249,,,,0,,openstreetmap
Lebanon Lights Bakery & Sweets,UAE,Fujairah,,25.5215729,56.3551398,,,,0,,openstreetmap
Zaman Resturant,UAE,Fujairah,,25.1257797,56.3388595,,,,0,,openstreetmap
Aden Mandi Restaurant,UAE,Fujairah,,25.3272462,56.1680556,,,,0,,openstreetmap
Adil Cafetria,UAE,Fujairah,,25.2789902,56.3612477,,,,0,,openstreetmap
مقهى قصايد,UAE,Fujairah,,25.5827085,56.2689745,,,,0,,openstreetmap
Oriental Restaurant,UAE,Fujairah,,25.1294214,56.3353354,092221877,,,0,,openstreetmap
معجنات الضيافة,UAE,Fujairah,,25.2782636,56.3612378,,,,0,,openstreetmap
Al Shuara Restaurant,UAE,Fujairah,,25.5134121,56.0016376,,,,0,,openstreetmap
مطعم حضر موت,UAE,Fujairah,,25.1264403,56.3363354,092222988,,,0,,openstreetmap
McGettigan's,UAE,Fujairah,Tennis Country Club Fujairah - Al Hlaifat,25.133544,56.2970679,+971092244880,https://www.mcgettigans.com/fujairah/,,0,,openstreetmap
Green Valley,UAE,Fujairah,,25.122357,56.3361872,,,,0,,openstreetmap
Subway,UAE,Fujairah,,25.122313,56.3366823,,,,0,,openstreetmap
مطعم قصر شهرزاد,UAE,Fujairah,,25.1225018,56.323897,,,,0,,openstreetmap
مطاعم و حلويات قيصر,UAE,Fujairah,,25.1218508,56.3264892,,http://www.caesars-uae.com,,0,,openstreetmap
Angaar,UAE,Fujairah,,25.1218108,56.338727,,,,0,,openstreetmap
Golden Fork,UAE,Fujairah,,25.1217586,56.3416057,,,,0,,openstreetmap
Maharath Al Bahar,UAE,Fujairah,,25.1223093,56.3367803,,,,0,,openstreetmap
كرسبي كريم,UAE,Fujairah,,25.1224442,56.3316561,,,,0,,openstreetmap
Arous Al Bahar,UAE,Fujairah,,25.135152,56.3539785,,,,0,,openstreetmap
Al Bake,UAE,Fujairah,,25.1296299,56.3548375,,,,0,,openstreetmap
Space Toon,UAE,Fujairah,,25.1222355,56.3502096,,,,0,,openstreetmap
Salu-Salo,UAE,Fujairah,,25.1223496,56.3500916,,,,0,,openstreetmap
Nalukettu Restaurant,UAE,Fujairah,,25.1223295,56.3354104,,,,0,,openstreetmap
Namaste,UAE,Fujairah,,25.1224324,56.3368682,,,,0,,openstreetmap
Tharavad restaurant,UAE,Fujairah,,25.1238851,56.3390055,,,,0,,openstreetmap
Pizza Inn,UAE,Fujairah,,25.1214002,56.3315874,,,,0,,openstreetmap
Al Mallah,UAE,Fujairah,,25.1213953,56.3307828,,https://almallahrest.ae,,0,,openstreetmap
Opera Cafe,UAE,Fujairah,,25.1213419,56.3316464,,,,0,,openstreetmap
Cream and Honey,UAE,Fujairah,,25.1214536,56.3314104,,,,0,,openstreetmap
Patatello,UAE,Fujairah,,25.1211573,56.3308793,,,,0,,openstreetmap
Al Basha,UAE,Fujairah,,25.121162,56.3303609,,,,0,,openstreetmap
Bread Box,UAE,Fujairah,,25.1559966,56.3453794,,,,0,,openstreetmap
دجاج كنتاكي,UAE,Fujairah,,25.1575843,56.3491567,,,,0,,openstreetmap
ستاربكس,UAE,Fujairah,,25.1201813,56.3289673,,,,0,,openstreetmap
Dolci Paris,UAE,Fujairah,,25.1210723,56.3275698,,,,0,,openstreetmap
Faris restaurant,UAE,Fujairah,,25.1256724,56.3541849,,,,0,,openstreetmap
Allayaqah,UAE,Fujairah,,25.125756,56.354187,,,,0,,openstreetmap
البغدادي,UAE,Fujairah,,25.1223502,56.3360238,,,,0,,openstreetmap
Jabal Safad,UAE,Fujairah,,25.1246283,56.3548678,,,,0,,openstreetmap
Zumarood Al Afghan Rice Bukhari restaurant,UAE,Fujairah,,25.1224453,56.3449892,,,,0,,openstreetmap
Mawadda gourmet,UAE,Fujairah,,25.1251094,56.3548704,,,,0,,openstreetmap
New United restaurant,UAE,Fujairah,,25.1221324,56.3511965,,,,0,,openstreetmap
Lari Adda Restaurant,UAE,Fujairah,شارع حمد بن عبد الله,25.1222736,56.3449569,+97192364411,,,0,,openstreetmap
Al Maharath,UAE,Fujairah,,25.1225397,56.3368671,,,,0,,openstreetmap
Al Mushirif,UAE,Fujairah,,25.122777,56.3462229,,,,0,,openstreetmap
Escazu,UAE,Fujairah,,25.1276471,56.3443908,,,,0,,openstreetmap
مطعم جدة بالاس,UAE,Fujairah,,25.1205221,56.3448986,,,,0,,openstreetmap
National restaurant,UAE,Fujairah,,25.1339531,56.3541148,,,,0,,openstreetmap
Bird,UAE,Fujairah,,25.1320862,56.338432,,,,0,,openstreetmap
Tandoori palace,UAE,Fujairah,,25.1313037,56.3384606,,,,0,,openstreetmap
Chick bake,UAE,Fujairah,,25.1299266,56.3368494,,,,0,,openstreetmap
Boulevard cafe,UAE,Fujairah,,25.1231173,56.3399924,,,,0,,openstreetmap
Karachi Darbar,UAE,Fujairah,,25.1208092,56.3378782,,,,0,,openstreetmap
Burger Lab,UAE,Fujairah,,25.1213313,56.3306532,,,,0,,openstreetmap
Chick 'n' Fries Restaurant,UAE,Fujairah,,25.1580432,56.347509,,,,0,,openstreetmap
Food Way Restaurant,UAE,Fujairah,,25.1579,56.3475654,,,,0,,openstreetmap
Silver Spoon,UAE,Fujairah,,25.15706,56.3463771,,,,0,,openstreetmap
Sayed Al Khair Restaurant,UAE,Fujairah,,25.1569604,56.3465032,,,,0,,openstreetmap
Mini Bites,UAE,Fujairah,,25.1565283,56.3460124,,,,0,,openstreetmap
Shawarmiyat Restaurant,UAE,Fujairah,,25.1552658,56.3445988,,,,0,,openstreetmap
Arab Cochin,UAE,Fujairah,,25.1222386,56.3503703,,,,0,,openstreetmap
French Fried Chicken,UAE,Fujairah,,25.1224894,56.3244501,,,,0,,openstreetmap
Coffee Box,UAE,Fujairah,,25.117937,56.3299128,,,,0,,openstreetmap
O2 Cafe,UAE,Fujairah,,25.1210474,56.3260992,,,,0,,openstreetmap
Al aseel,UAE,Fujairah,,25.1288478,56.3356407,,,,0,,openstreetmap
Diraana cafe and restaurant,UAE,Fujairah,,25.137013,56.3541266,,,,0,,openstreetmap
Finan Cafe,UAE,Fujairah,,25.1290974,56.3359029,,,,0,,openstreetmap
The Pizza Company,UAE,Fujairah,,25.1188135,56.3290015,,,,0,,openstreetmap
Tim Hortons,UAE,Fujairah,,25.1259453,56.3018917,,,,0,,openstreetmap
Starbucks,UAE,Fujairah,,25.1257357,56.3018066,,,,0,,openstreetmap
Lava Lounge,UAE,Fujairah,,25.122589,56.3325011,,,,0,,openstreetmap
Pinoy Lomi House,UAE,Fujairah,,25.1229592,56.3416276,,,,0,,openstreetmap
Sand The Cafe,UAE,Fujairah,,25.1207444,56.3265546,,,,0,,openstreetmap
Kanto restaurant,UAE,Fujairah,,25.1214886,56.3437603,,,,0,,openstreetmap
Chenna Darbar,UAE,Fujairah,,25.1206035,56.3448991,,,,0,,openstreetmap
Nourin Cafeteria,UAE,Fujairah,,25.1215027,56.3414692,,,,0,,openstreetmap
Shan-e-Pakistan,UAE,Fujairah,,25.1596729,56.3483536,,,,0,,openstreetmap
The Orangery,UAE,Fujairah,,25.1214923,56.3338285,+97192222787,,,0,,openstreetmap
Molten Burger,UAE,Fujairah,,25.5932908,56.271797,,,,0,,openstreetmap
The Sailors - Resaurant & Cafe,UAE,Fujairah,"Fujairah Marine Club, Al Corniche Street",25.1265006,56.3571023,+971502925629,https://www.facebook.com/thesailorsuae/,,0,,openstreetmap
Juice land,UAE,Fujairah,,25.1261374,56.3399033,,,,0,,openstreetmap
Roti Boti,UAE,Fujairah,,25.1252555,56.3451226,,,,0,,openstreetmap
Fish Time,UAE,Fujairah,,25.1028769,56.3582408,,,,0,,openstreetmap
Il Café Di Roma,UAE,Fujairah,,25.1089754,56.3569166,,,,0,,openstreetmap
Just Burger,UAE,Fujairah,,25.1331764,56.3542194,,,,0,,openstreetmap
Pablo,UAE,Fujairah,,25.1209977,56.331324,,,,0,,openstreetmap
Sushi House,UAE,Fujairah,,25.1483261,56.3500135,,,,0,,openstreetmap
Thalassery,UAE,Fujairah,,25.1225435,56.336677,,,,0,,openstreetmap
Doner Beirut,UAE,Fujairah,,25.1482849,56.3500239,,,,0,,openstreetmap
Layali Al Sham,UAE,Fujairah,,25.1224429,56.3366769,,,,0,,openstreetmap
Popeyes,UAE,Fujairah,,25.1559796,56.3511461,+971600500501,,,0,,openstreetmap
Zo Restaurant,UAE,Fujairah,,25.1351715,56.3536317,,,,0,,openstreetmap
low calories,UAE,Fujairah,,25.1267913,56.354917,,,,0,,openstreetmap
Felix & Norton,UAE,Fujairah,,25.1289641,56.3357983,,,,0,,openstreetmap
Paavo's Pizza,UAE,Fujairah,Rugaylat Road,25.1558716,56.3511446,+971600500501,https://www.paavospizza.ae,,0,,openstreetmap
قصر الثلج للوجبات السريعة,UAE,Fujairah,,25.4357154,56.3527159,,,,0,,openstreetmap
مطعم المجلس العربي للممدي و المدفون,UAE,Fujairah,,25.4356706,56.3527095,+97192221810+971544057663,,,0,,openstreetmap
Single Origin,UAE,Fujairah,Alfaseel Road,25.1362781,56.3541632,092222847,,,0,,openstreetmap
Ruqaq al Khaleej al Shaabi Restaurant,UAE,Fujairah,,25.1076929,56.3539318,,,,0,,openstreetmap
Bu Hamood restaurant,UAE,Fujairah,,25.1087279,56.3482116,,,,0,,openstreetmap
باب الرحمة,UAE,Fujairah,,25.1227994,56.3418562,,,,0,,openstreetmap
Zuhair popular kitchen,UAE,Fujairah,,25.1076716,56.3544299,,,,0,,openstreetmap
Baniyas cafeteria,UAE,Fujairah,,25.1169552,56.3466555,,,,0,,openstreetmap
Fresh express,UAE,Fujairah,,25.1078308,56.3528693,,,,0,,openstreetmap
Diet burger,UAE,Fujairah,,25.1078282,56.3527389,,,,0,,openstreetmap
Vegas food,UAE,Fujairah,,25.12411,56.35644,,,,0,,openstreetmap
The Happy Exit,UAE,Fujairah,,25.1271848,56.2728739,,,,0,,openstreetmap
Hooked,UAE,Fujairah,,25.1285322,56.3427125,,,,0,,openstreetmap
McDonald's,UAE,Fujairah,,25.12351,56.31602,,,,0,,openstreetmap
ماكدونالدز,UAE,Fujairah,,25.119749,56.328857,,,,0,,openstreetmap
District 7,UAE,Fujairah,,25.12629,56.35618,,,,0,,openstreetmap
Swarmatac,UAE,Fujairah,,25.12614,56.35619,,,,0,,openstreetmap
Alexandrian Food,UAE,Fujairah,,25.1248,56.35614,,,,0,,openstreetmap
Workshop Cafe,UAE,Fujairah,Hamad Bin Abdulla Road,25.1214696,56.3242218,,,,0,,openstreetmap
مهارة البحر,UAE,Fujairah,,25.1228441,56.3360277,,,,0,,openstreetmap
Le Royal Cafe,UAE,Fujairah,,25.1324081,56.354126,,,,0,,openstreetmap
Dibba Rock Restaurant,UAE,Fujairah,,25.597258,56.3465991,,,,0,,openstreetmap
Al Saher Coffee Shop,UAE,Fujairah,,25.1372835,56.3528928,,,,0,,openstreetmap
مطعم الوليمه,UAE,Fujairah,,25.4948108,56.0340992,,,,0,,openstreetmap
مطعم نجوم الصرم,UAE,Fujairah,,25.4982987,56.0269617,,,,0,,openstreetmap
Just Fresh,UAE,Fujairah,,25.5947106,56.2743276,,,,0,,openstreetmap
كافتيريا الغزل,UAE,Fujairah,,25.0817097,56.3000822,,,,0,,openstreetmap
Pizzaio,UAE,Fujairah,,25.1324688,56.3547939,,,,0,,openstreetmap
Map Cafe,UAE,Fujairah,طريق القصر,25.1589896,56.3475334,+971581859966,,,0,,openstreetmap
شارع القهوة 71,UAE,Fujairah,,25.1476046,56.3560384,,,,0,,openstreetmap
استاكوزا للمأكولات البحرية,UAE,Fujairah,,25.5099355,56.3619692,+971503605930,,,0,,openstreetmap
3D Bites Restaurant,UAE,Fujairah,Al Rifa‘ St - Al Nahdah,25.5803204,56.2477496,+971501283308,https://3dbitesuae.com/,,0,,openstreetmap
مطعم الهارون,UAE,Fujairah,,25.6066385,56.2911065,,,,0,,openstreetmap
Кафе,UAE,Fujairah,,25.1117544,56.3349075,,,,0,,openstreetmap
blu by L'Atelier,UAE,Fujairah,Al Nakheel St - Al Faseel - Fujairah,25.1351207,56.3532056,+971504962645,https://blurestaurant.ae/,,0,,openstreetmap
StrEAT Culture,UAE,Fujairah,"Double Tree by Hilton, Al Maktoum Road",25.1204344,56.3250841,,,,0,,openstreetmap
Amwa at Palace Beach Resort,UAE,Fujairah,Palace Beach Resort - Al Corniche St - Al Faseel,25.135557,56.35531,+971092038899,https://addresshotels.com,,0,,openstreetmap
Pizza Hut,UAE,Fujairah,,25.1618784,56.3517571,,,,0,,openstreetmap
بروكلي بيحزا و باسطا,UAE,Fujairah,,25.1619085,56.3517078,,,,0,,openstreetmap
دانكن دونتس,UAE,Fujairah,,25.1618505,56.3513113,,,,0,,openstreetmap
Texas Chicken,UAE,Fujairah,,25.1614942,56.3504645,,,,0,,openstreetmap
Manila Beats,UAE,Fujairah,"First Floor, City Tower Hotel, Hamad Bin Abdullah Road, Town Centre",25.1226004,56.3248007,,,,0,,openstreetmap
Buhayra Lounge at the Palace Beach Resort,UAE,Fujairah,Al Corniche St - Al Faseel - Fujairah,25.1353767,56.3564349,+971092038899,https://www.addresshotels.com/en/resorts/palace-beach-resort-fujairah,,0,,openstreetmap
The Bar,UAE,Fujairah,Hamad Bin Abdulla Rd - Fujairah City Center,25.1225051,56.3271024,,,,0,,openstreetmap
Hardee's,UAE,Fujairah,,25.1225426,56.3304298,,,,0,,openstreetmap
Bon Appetit,UAE,Fujairah,,25.1349641,56.3326556,,,,0,,openstreetmap
روما كافية,UAE,Fujairah,,25.1207053,56.3316501,,,,0,,openstreetmap
Yaffa Restaurant,UAE,Fujairah,,25.1303651,56.3261201,,,,0,,openstreetmap
Addis Ababa Restaurant,UAE,Fujairah,,25.1394523,56.3444095,,,,0,,openstreetmap
Sapore,UAE,Fujairah,,25.5069378,56.3643867,,,,0,,openstreetmap
Bar,UAE,Fujairah,,25.5063392,56.36447,,,,0,,openstreetmap
Eat Hot and Drink,UAE,Fujairah,,25.1556401,56.3463854,,,,0,,openstreetmap
Sadaf Restaurant,UAE,Fujairah,,25.1340996,56.3556819,,,,0,,openstreetmap
Eeva Restaurant,UAE,Fujairah,طريق مضب,25.1365175,56.3335149,+97192245544,https://eeva-madhab.business.site,,0,,openstreetmap
Bosnian Kabab,UAE,Fujairah,,25.1142539,56.356817,,http://www.bosnian-kebab.com,,0,,openstreetmap
Turtle Beach Bar,UAE,Fujairah,,25.5970088,56.3476852,,,,0,,openstreetmap
Shaian Caferteria,UAE,Fujairah,,25.5795608,56.261207,,,,0,,openstreetmap
Bab Albahar Restaurant,UAE,Fujairah,,25.5801085,56.2614109,,,,0,,openstreetmap
Pineapple Cafe,UAE,Fujairah,,25.223035,56.0748827,,,,0,,openstreetmap
Bent Al Noketha Restaurant,UAE,Kalba,,25.0766222,56.3599764,,,,0,,openstreetmap
Hash one,UAE,Kalba,,25.0841132,56.3578698,,,,0,,openstreetmap
ستاربكس,UAE,Kalba,,25.0060679,56.3503856,,,,0,,openstreetmap
Tamm Cafe,UAE,Kalba,,25.0847689,56.358743,+97192289998,,,0,,openstreetmap
WALFA CAFE,UAE,Kalba,,25.0082714,56.3493707,,,,0,,openstreetmap
Karak & snack,UAE,Kalba,al wahda street,25.0243693,56.3484791,092773300,https://www.karakandsnackae.com/,,0,,openstreetmap
Minibox Restaurant,UAE,Kalba,al wahda street,25.0242556,56.3485002,092777034,https://www.miniboxae.com/,,0,,openstreetmap
Falafel al nile,UAE,Kalba,al wahda street,25.0237133,56.3484825,092777422,https://www.falafelalnile.com/,,0,,openstreetmap
Habib Beirut,UAE,Kalba,,24.9884498,56.2994698,,,,0,,openstreetmap
Pizza Hut,UAE,Kalba,,25.0695608,56.359671,,,,0,,openstreetmap
دجاج كنتاكي,UAE,Kalba,,25.0687827,56.3596854,,,,0,,openstreetmap
Gardinia Cafe,UAE,Kalba,,25.0058662,56.350408,,,,0,,openstreetmap
Mabrook Cafeteria,UAE,Khor Fakkan,,25.3449278,56.3487485,,,,0,,openstreetmap
Green Valley Cafeteria,UAE,Khor Fakkan,,25.3447844,56.3487366,,,,0,,openstreetmap
Aish W Melh,UAE,Khor Fakkan,,25.358833,56.3491645,,,,0,,openstreetmap
Hardees,UAE,Khor Fakkan,,25.3682694,56.348299,,,,0,,openstreetmap
Pizza Hut,UAE,Khor Fakkan,,25.3683461,56.3483087,,,,0,,openstreetmap
دجاج كنتاكي,UAE,Khor Fakkan,,25.3710064,56.347791,,,,0,,openstreetmap
الفوج,UAE,Khor Fakkan,,25.3494511,56.3478707,,,,0,,openstreetmap
Wadi Al Arayesh,UAE,Khor Fakkan,,25.342835,56.3482983,,,,0,,openstreetmap
Rebou Lebanon Restaurant,UAE,Khor Fakkan,,25.3618029,56.3478735,,,,0,,openstreetmap
Al Suhub,UAE,Khor Fakkan,,25.3610441,56.3243451,,,,0,,openstreetmap
Just Burger,UAE,Khor Fakkan,,25.3523304,56.3495261,,,,0,,openstreetmap
in minde cafe,UAE,Khor Fakkan,طريق الشيخ خالد بن محمد القاسمي,25.3322309,56.3471824,0564174906,,,0,,openstreetmap
Thai gate Khorfakkan,UAE,Khor Fakkan,"9924+R2 Khor Fakkan, Sharjah",25.3521288,56.3549923,096060894,https://www.thaigate.org/,,0,,openstreetmap
Tazej & Khafif Cafeteria,UAE,Khor Fakkan,,25.2946843,56.2261447,,,,0,,openstreetmap
Alben & Al Hawha Roastry,UAE,Khor Fakkan,,25.2947185,56.2265026,,,,0,,openstreetmap
Qaser Al Falafil Cafeteria - Branch 1,UAE,Khor Fakkan,,25.2947289,56.2265985,,,,0,,openstreetmap
Madheena Alqadeem Restaurant,UAE,Khor Fakkan,,25.294788,56.2271665,,,,0,,openstreetmap
Mathaq Jouz Alhind Juice,UAE,Khor Fakkan,,25.2948052,56.2273157,,,,0,,openstreetmap
Wishi,UAE,Khor Fakkan,,25.3477372,56.3171357,,https://sharjahcollection.ae/najd-al-meqsar/,,0,,openstreetmap
Subway,UAE,Khor Fakkan,,25.3253723,56.3433187,,,,0,,openstreetmap
ماكدونالدز,UAE,Khor Fakkan,,25.3250469,56.3433088,,,,0,,openstreetmap
The View By Wave,UAE,Khor Fakkan,,25.3417086,56.3587407,,,,0,,openstreetmap
Bosnian Grill,UAE,Khor Fakkan,,25.3202126,56.3426864,,,,0,,openstreetmap
Gerard,UAE,Khor Fakkan,,25.2932075,56.2355583,,,,0,,openstreetmap
Al Hamra Yacht Club,UAE,Ras Al Khaimah,,25.6971941,55.7798088,,,,0,,openstreetmap
Murad Zahi Restaurant,UAE,Ras Al Khaimah,P.O. Box: 3005,25.7948294,55.9506975,+97172331160,,,0,,openstreetmap
The Village English Pub,UAE,Ras Al Khaimah,,25.6837938,55.7729752,,,,0,,openstreetmap
Lobby Lounge Café and Bar Breeze,UAE,Ras Al Khaimah,,25.7378014,55.8881228,,,,0,,openstreetmap
Golden Fork,UAE,Ras Al Khaimah,,25.7654312,55.9702778,,,,0,,openstreetmap
Irish Pub,UAE,Ras Al Khaimah,,25.6836485,55.7728848,,,,0,,openstreetmap
KFC - Pizza Hut,UAE,Ras Al Khaimah,,25.7535043,55.9104597,,,,0,,openstreetmap
Pizza Inn,UAE,Ras Al Khaimah,,25.7804147,55.9352761,,,,0,,openstreetmap
Tower Restaurant,UAE,Ras Al Khaimah,,25.7773289,55.938849,,,,0,,openstreetmap
هانوي,UAE,Ras Al Khaimah,,25.7150847,55.8382863,,,,0,,openstreetmap
Iconics,UAE,Ras Al Khaimah,,25.7146096,55.8339083,,,,0,,openstreetmap
La Luna,UAE,Ras Al Khaimah,,25.7149285,55.8330271,,,,0,,openstreetmap
Linx Restaurant,UAE,Ras Al Khaimah,,25.7632831,55.9558453,,,,0,,openstreetmap
Bunker Bar,UAE,Ras Al Khaimah,,25.7632331,55.9556912,,,,0,,openstreetmap
Shakespeare,UAE,Ras Al Khaimah,,25.7917858,55.9660815,,,,0,,openstreetmap
تيم هورتونز,UAE,Ras Al Khaimah,,25.7918489,55.9662146,,,,0,,openstreetmap
Lebanese Resthouse,UAE,Ras Al Khaimah,,25.7962812,55.9722265,,,,0,,openstreetmap
Grand Restaurant,UAE,Ras Al Khaimah,,25.7965734,55.9723969,,,,0,,openstreetmap
Pure Vege,UAE,Ras Al Khaimah,,25.8007886,55.9741173,,,,0,,openstreetmap
Iranian,UAE,Ras Al Khaimah,,25.8010077,55.9750283,,,,0,,openstreetmap
مقهى ومطعم سلطنة,UAE,Ras Al Khaimah,شارع الشيخ محمد بن سالم,25.8358168,55.9885196,072354949,,,0,,openstreetmap
Al Hurariah Fish Restaurant,UAE,Ras Al Khaimah,,25.8171133,55.9689982,,,,0,,openstreetmap
Al Dana Mandi & Seafood Restaurant,UAE,Ras Al Khaimah,,25.8024959,55.975169,,,,0,,openstreetmap
كافيه سفن استارز,UAE,Ras Al Khaimah,,25.8706016,56.0227656,,,,0,,openstreetmap
فلافل وطحينه,UAE,Ras Al Khaimah,,25.8055696,55.9618191,,,,0,,openstreetmap
بابا كومبير,UAE,Ras Al Khaimah,,25.8046677,55.9616091,,,,0,,openstreetmap
كافاتيريا سيف الخليج,UAE,Ras Al Khaimah,,25.8056655,55.9613521,072277327,,,0,,openstreetmap
كابول للأرز البخاري,UAE,Ras Al Khaimah,,25.804616,55.9615188,,,,0,,openstreetmap
Extreme Burger,UAE,Ras Al Khaimah,,25.8159701,55.9648483,,,,0,,openstreetmap
Hot Fried Chicken,UAE,Ras Al Khaimah,,25.805414,55.9617605,,,,0,,openstreetmap
Mang Ariesyo's Bulaluhan,UAE,Ras Al Khaimah,,25.7922201,55.9730735,,,,0,,openstreetmap
كوستا,UAE,Ras Al Khaimah,,25.7917107,55.9594517,,,,0,,openstreetmap
Belgian Beer Café,UAE,Ras Al Khaimah,,25.6874044,55.776154,,,,0,,openstreetmap
Jabal Hafeet Cafeteria & Restaurant,UAE,Ras Al Khaimah,,25.7074184,55.812686,,,,0,,openstreetmap
مطعم أفغاني,UAE,Ras Al Khaimah,,25.7086943,55.8141528,,,,0,,openstreetmap
Karam Al Sham,UAE,Ras Al Khaimah,,25.7645864,55.970568,,,,0,,openstreetmap
Al Jazirah Al Hamra Restaurant,UAE,Ras Al Khaimah,,25.7057636,55.8076233,,,,0,,openstreetmap
Russian Pub,UAE,Ras Al Khaimah,,25.7744797,55.9636035,,,,0,,openstreetmap
فندق الرمس,UAE,Ras Al Khaimah,,25.8554429,56.0202111,,,,0,,openstreetmap
rak tea,UAE,Ras Al Khaimah,,25.7920278,55.9701931,,,,0,,openstreetmap
Beit khui Salami,UAE,Ras Al Khaimah,,25.7551638,55.9203826,,,,0,,openstreetmap
كافتيريا جبل جيس,UAE,Ras Al Khaimah,,25.7807365,56.0098892,,,,0,,openstreetmap
مطعم مدفون السد,UAE,Ras Al Khaimah,,25.7564622,55.9131836,,,,0,,openstreetmap
الشوكة الذهبية,UAE,Ras Al Khaimah,,25.7726763,55.9687399,,,,0,,openstreetmap
KFC,UAE,Ras Al Khaimah,,25.6257073,55.8083688,,,,0,,openstreetmap
La Burrata,UAE,Ras Al Khaimah,"E11, Al Riffa",25.7153229,55.8548458,+97172432500,,,0,,openstreetmap
مطعم كراتشي,UAE,Ras Al Khaimah,,25.8055726,55.9764798,,,,0,,openstreetmap
Philly Steak,UAE,Ras Al Khaimah,,25.7799432,55.9404054,,,,0,,openstreetmap
Sher-eh-punjab,UAE,Ras Al Khaimah,,25.7966677,55.9740384,,,,0,,openstreetmap
Mr. Denamito Restaurant,UAE,Ras Al Khaimah,Al Mataf Road,25.8623495,56.0179434,+97172222500,,,0,,openstreetmap
Salt,UAE,Ras Al Khaimah,,25.668379,55.7421687,,,,0,,openstreetmap
ستاربكس,UAE,Ras Al Khaimah,,25.7854871,55.9661678,,,,0,,openstreetmap
مطعم السعد,UAE,Ras Al Khaimah,,25.7990059,55.9736763,,,,0,,openstreetmap
Tucano Coffee,UAE,Ras Al Khaimah,,25.6965089,55.7786983,,,,0,,openstreetmap
Route Burger,UAE,Ras Al Khaimah,,25.6967995,55.7790052,,,,0,,openstreetmap
كبت و تبؤ لت,UAE,Ras Al Khaimah,Sheik Mohamaed bin Salem Road,25.7432996,55.9003082,072334493,,,0,,openstreetmap
Izumi restaurant,UAE,Ras Al Khaimah,,25.7439036,55.9006464,,,,0,,openstreetmap
Paavo's Pizza,UAE,Ras Al Khaimah,,25.727217,55.9189957,+971600500501,https://www.paavospizza.ae,,0,,openstreetmap
Popeyes,UAE,Ras Al Khaimah,,25.7272137,55.9187083,+971600500501,,,0,,openstreetmap
Saeed Speciality,UAE,Ras Al Khaimah,,25.743868,55.8999449,,,,0,,openstreetmap
ماكدونالدز,UAE,Ras Al Khaimah,,25.7718428,55.9584922,,,,0,,openstreetmap
McDonald's,UAE,Ras Al Khaimah,,25.7283871,55.9196873,,,,0,,openstreetmap
Shaghf Cafe,UAE,Ras Al Khaimah,Al Mataf Road,25.8329409,55.9948889,,,,0,,openstreetmap
دلہ و صدور للماکولات الشعبیہ,UAE,Ras Al Khaimah,الشارقة - طريق كلباء,25.0875434,56.018212,0501901818,,,0,,openstreetmap
Ruzo Restaurant,UAE,Ras Al Khaimah,Flamingo Beach,25.7643365,55.9139935,+97172229100,https://ruzo.ae/,,0,,openstreetmap
TEN 11 Coffee Boutique,UAE,Ras Al Khaimah,Al Qasimi Corniche Rd - Dafan Al Khor - Ras Al-Khaimah,25.7705507,55.9391402,600533339,https://www.linkedin.com/company/ten11-coffee-boutique,,0,,openstreetmap
Al Wahda Traditional Kitchen,UAE,Ras Al Khaimah,,25.724229,55.963052,,,,0,,openstreetmap
Ybala Wrq Enab Cafeteria,UAE,Ras Al Khaimah,,25.749621,55.923554,,,,0,,openstreetmap
Food Station,UAE,Ras Al Khaimah,,25.7399731,55.896112,,,,0,,openstreetmap
Meet & Eat Grill House,UAE,Ras Al Khaimah,,25.8835855,56.0364903,+971501754467,,,0,,openstreetmap
Selection Cafe,UAE,Ras Al Khaimah,Mina Al Arab Road,25.7143943,55.8361142,+97172222426,,,0,,openstreetmap
ELEVATE CAFE,UAE,Ras Al Khaimah,mohammed bin salem street,25.7603096,55.915174,+971562666204,,,0,,openstreetmap
Al Farooj Shawarma Restaurant,UAE,Ras Al Khaimah,,25.7921047,55.9472798,,,,0,,openstreetmap
Queue Cafe,UAE,Ras Al Khaimah,,25.7141433,55.8345556,+971072272227,,,0,,openstreetmap
Just Burger,UAE,Ras Al Khaimah,,25.749759,55.923169,,,,0,,openstreetmap
مطعم فلافل,UAE,Ras Al Khaimah,,25.7887998,55.9435674,,,,0,,openstreetmap
مطعم القبطان البحري,UAE,Ras Al Khaimah,,25.8015665,55.9510258,072333080,http://alqubtan.ae,,0,,openstreetmap
Domino's,UAE,Ras Al Khaimah,,25.6940205,55.7972093,+97172082907,https://dominos.ae,,0,,openstreetmap
Pizza Hut,UAE,Ras Al Khaimah,,25.6941584,55.7973689,,,,0,,openstreetmap
The Turkish House Restaurant,UAE,Ras Al Khaimah,,25.6938521,55.7970259,+97172082008,,,0,,openstreetmap
Il Forno Restaurant,UAE,Ras Al Khaimah,,25.6937494,55.7969213,+97172339696,https://ilforno.me,,0,,openstreetmap
Decaf Food Truck,UAE,Ras Al Khaimah,,25.6686307,55.7425178,,,,0,,openstreetmap
لمه,UAE,Ras Al Khaimah,,25.7996742,55.946895,,,,0,,openstreetmap
Shore House,UAE,Ras Al Khaimah,,25.6928765,55.7752668,,https://www.ritzcarlton.com/en/hotels/rktrz-the-ritz-carlton-ras-al-khaimah-al-hamra-beach/dining/,,0,,openstreetmap
% Arabica,UAE,Ras Al Khaimah,,25.7851258,55.9659472,,,,0,,openstreetmap
Desi Taste,UAE,Ras Al Khaimah,,25.7068551,55.8047871,,,,0,,openstreetmap
Handi Roti,UAE,Ras Al Khaimah,,25.7050937,55.8090415,,,,0,,openstreetmap
AlAjaweed Mandi and Madfoon Restaurant,UAE,Ras Al Khaimah,Al Jazeera,25.7045372,55.8072782,+97172221345,,,0,,openstreetmap
The Noodle Room Express,UAE,Ras Al Khaimah,Al Hamra,25.6952275,55.7988817,072434330,,,0,,openstreetmap
Al Zaki Restaurant,UAE,Ras Al Khaimah,,25.70733,55.8036747,,,,0,,openstreetmap
Nando's,UAE,Ras Al Khaimah,,25.6831943,55.7816649,,,,0,,openstreetmap
Five Guys,UAE,Ras Al Khaimah,,25.6827227,55.7815118,,,,0,,openstreetmap
Allo Beirut,UAE,Ras Al Khaimah,,25.6826309,55.7814033,,,,0,,openstreetmap
Caffè Nero,UAE,Ras Al Khaimah,,25.6835441,55.7825419,,,,0,,openstreetmap
Papa John's,UAE,Ras Al Khaimah,,25.6841416,55.7836874,,,,0,,openstreetmap
Little Bangkok Urban Thai Cuisine,UAE,Ras Al Khaimah,,25.6842312,55.7838562,,,,0,,openstreetmap
شريط الشيشة,UAE,Ras Al Khaimah,,25.668958,55.7442926,,,,0,,openstreetmap
SOL Seafood Grill & Bar,UAE,Ras Al Khaimah,,25.8173423,55.9613262,,https://linktr.ee/solseafoodrak,,0,,openstreetmap
Toro Loco,UAE,Ras Al Khaimah,,25.8148371,55.9576799,,,,0,,openstreetmap
Turquoise,UAE,Ras Al Khaimah,,25.813971,55.9574952,,,,0,,openstreetmap
L'Olivo,UAE,Ras Al Khaimah,,25.8139261,55.9573844,,,,0,,openstreetmap
Sahar Beach Bar,UAE,Ras Al Khaimah,,25.7269527,55.845923,,,,0,,openstreetmap
Gazebo,UAE,Ras Al Khaimah,Al Manar Mall,25.7843394,55.9654545,,https://www.gazebo.ae,,0,,openstreetmap
Thalassery Restaurant,UAE,Ras Al Khaimah,شارع الحديبة,25.7998141,55.9774514,072223326,https://thalasseryuae.com/,,0,,openstreetmap
Subway,UAE,Ras Al Khaimah,,25.7885996,55.9645425,,,,0,,openstreetmap
Beach Bar Breakers,UAE,Ras Al Khaimah,,25.7397526,55.8864291,,,,0,,openstreetmap
Pool Bar Sunset Bar,UAE,Ras Al Khaimah,,25.7379686,55.8877478,,,,0,,openstreetmap
Pesto,UAE,Ras Al Khaimah,,25.7788247,55.9394319,,,,0,,openstreetmap
Costa,UAE,Ras Al Khaimah,,25.7796965,55.9401475,,,,0,,openstreetmap
Lagoon Building 8,UAE,Ras Al Khaimah,Mina Al Arab,25.7144079,55.8359095,,,,0,,openstreetmap
Burger King,UAE,Ras Al Khaimah,,25.769133,55.922482,,,,0,,openstreetmap
مطعم شاورما الفروج,UAE,Ras Al Khaimah,طريق الشيخ محمد بن سالم,25.7920826,55.9473148,97172333773,,,0,,openstreetmap
Moti Mahal,UAE,Ras Al Khaimah,,25.7791054,55.9397031,,,,0,,openstreetmap
Red Star Wok,UAE,Ras Al Khaimah,,25.7792575,55.9398102,,,,0,,openstreetmap
Shawarma,UAE,Ras Al Khaimah,,25.7800534,55.9404941,,,,0,,openstreetmap
Nalukettu,UAE,Ras Al Khaimah,,25.7933509,55.9680923,,,,0,,openstreetmap
Traditional Cafe,UAE,Ras Al Khaimah,,25.7956838,55.9599598,,,,0,,openstreetmap
غولدن كرون,UAE,Ras Al Khaimah,,25.7960131,55.9693927,,,,0,,openstreetmap
Orient,UAE,Ras Al Khaimah,,25.8187331,55.9612141,+971565002707,https://linktr.ee/orientrak,,0,,openstreetmap
Al Waha,UAE,Ras Al Khaimah,,25.5835195,55.8339656,,,,0,,openstreetmap
Highlights,UAE,Ras Al Khaimah,,25.8144863,55.95693,,https://linktr.ee/highlightsrak,,0,,openstreetmap
هايبرد كافيه,UAE,Ras Al Khaimah,,25.8449977,56.0187372,,,,0,,openstreetmap
كرسبي كريم,UAE,Sharjah,,25.3055065,55.3742551,,,,0,,openstreetmap
Qantarah Restaurant,UAE,Sharjah,25 Street,25.3034979,55.3791258,,,,0,,openstreetmap
King's Biryani,UAE,Sharjah,,25.3007342,55.3694699,,,,0,,openstreetmap
Jabal Lebnan,UAE,Sharjah,,25.3086496,55.3776218,,,,0,,openstreetmap
مطعم الفريد,UAE,Sharjah,,24.9960376,55.6635724,,,,0,,openstreetmap
Mabrook Cafeteria,UAE,Sharjah,,25.3449278,56.3487485,,,,0,,openstreetmap
Green Valley Cafeteria,UAE,Sharjah,,25.3447844,56.3487366,,,,0,,openstreetmap
Green Valley Restaurant,UAE,Sharjah,,25.3611234,55.3959248,,,,0,,openstreetmap
Delhi Nahari Restaurant,UAE,Sharjah,Abu Mussa Al Ashari Street,25.3607639,55.3937604,,,,0,,openstreetmap
KFC,UAE,Sharjah,,25.3586752,55.4051331,,,,0,,openstreetmap
دجاج كنتاكي,UAE,Sharjah,Al Wahda Street,25.3241643,55.3908988,,,,0,,openstreetmap
The Grand Buffet,UAE,Sharjah,,25.3195317,55.3874164,,,,0,,openstreetmap
Hot Chillies,UAE,Sharjah,,25.2998588,55.3754513,,,,0,,openstreetmap
Freedom Internet,UAE,Sharjah,,25.3001005,55.3750207,,,,0,,openstreetmap
Al Punjabi,UAE,Sharjah,,25.3006968,55.37294,,,,0,,openstreetmap
مهدي,UAE,Sharjah,,25.3006206,55.3748757,,,,0,,openstreetmap
Golden Fork,UAE,Sharjah,University City Road,25.3463046,55.3999114,,,,0,,openstreetmap
Farhat Restaurant,UAE,Sharjah,,25.347067,55.3996593,,,,0,,openstreetmap
Canton Chinese,UAE,Sharjah,University City Road,25.346546,55.4001505,,,,0,,openstreetmap
Rainbow Steak House,UAE,Sharjah,Zayd Bin Harethah Street,25.3448477,55.4013739,,,,0,,openstreetmap
Dwarka Vegetarian Restaurant,UAE,Sharjah,University City Road,25.3451629,55.4018772,,,,0,,openstreetmap
New Karachi Darbar,UAE,Sharjah,University City Road,25.3455761,55.4011261,,,,0,,openstreetmap
Saravana Bhavan,UAE,Sharjah,King Faisal Street,25.3319668,55.3927271,,,,0,,openstreetmap
Al Dhaid Restaurant,UAE,Sharjah,,25.2874444,55.8889779,,,,0,,openstreetmap
Aish W Melh,UAE,Sharjah,,25.358833,56.3491645,,,,0,,openstreetmap
Udupi,UAE,Sharjah,,25.3016615,55.3726129,,,,0,,openstreetmap
Al Mukhtaar Bakery,UAE,Sharjah,,25.3084508,55.3774207,,,,0,,openstreetmap
The Seven Spices,UAE,Sharjah,,25.301341,55.3719285,,,,0,,openstreetmap
Aroos Damascus Restaurant,UAE,Sharjah,King Abdul Aziz Street,25.3463183,55.3905666,,,,0,,openstreetmap
Vasantha Bhavan,UAE,Sharjah,,25.3007928,55.3707906,,,,0,,openstreetmap
Hi-Way Fast Food Taj Palace Restaurant,UAE,Sharjah,Gernata Street,25.3034216,55.371969,,,,0,,openstreetmap
Udupicity Vegetarian,UAE,Sharjah,Malaka Street,25.3015903,55.3725349,,,,0,,openstreetmap
كافتيريا الثميد,UAE,Sharjah,,25.3426873,55.4300649,,,,0,,openstreetmap
مطعم زمزم,UAE,Sharjah,,25.3558221,55.3859404,,,,0,,openstreetmap
Казань,UAE,Sharjah,,25.3396638,55.363791,,,,0,,openstreetmap
Russian Traditions Restaurant,UAE,Sharjah,,25.3025944,55.3687684,065774855,,,0,,openstreetmap
Al Jazar Cafeteria,UAE,Sharjah,,25.3011747,55.372935,,,,0,,openstreetmap
Gazebo,UAE,Sharjah,King Faisal Street,25.3331239,55.3927193,,https://www.gazebo.ae,,0,,openstreetmap
Puranmal restaurant,UAE,Sharjah,Salem Bin Omair Street,25.3340018,55.3927673,,,,0,,openstreetmap
Kamat,UAE,Sharjah,King Faisal Street,25.3332919,55.392628,,,,0,,openstreetmap
Al Mukala Al jadeed Mandi,UAE,Sharjah,,25.3392283,55.3928268,,,,0,,openstreetmap
Tabaq Restaurant,UAE,Sharjah,King Faisal Street,25.3365387,55.3900359,,,,0,,openstreetmap
Karachi Darbar Restaurant,UAE,Sharjah,Al Wahda Street,25.3160546,55.3841353,065338244,,,0,,openstreetmap
Kulcha King,UAE,Sharjah,King Faisal Street,25.3378613,55.3896693,,,,0,,openstreetmap
iCook Restaurant,UAE,Sharjah,Bukhara Street,25.3021449,55.3803129,,,,0,,openstreetmap
Food Basket,UAE,Sharjah,Al Taawun Street,25.3066516,55.3672356,,,,0,,openstreetmap
Subway,UAE,Sharjah,Al Taawun Street,25.3072225,55.3674484,,,,0,,openstreetmap
Wadi Al Zaytoon,UAE,Sharjah,Al Taawun Street,25.3046541,55.3633073,,,,0,,openstreetmap
Pizza Hut,UAE,Sharjah,Al Taawun Street,25.3100916,55.3727725,,,,0,,openstreetmap
Zaman Al Khair Restaurant,UAE,Sharjah,Al Taawun Street,25.3085032,55.3713278,,,,0,,openstreetmap
Al Bait Al Turkey Restaurant,UAE,Sharjah,Al Ettihad Road,25.3025547,55.3645779,,,,0,,openstreetmap
Albait Almalaky Mandi Restaurant,UAE,Sharjah,Al Ettihad Road,25.3091776,55.376649,,,,0,,openstreetmap
Dar Ward Restaurant,UAE,Sharjah,Al Ettihad Road,25.3118726,55.3790254,,,,0,,openstreetmap
Aden Restaurant,UAE,Sharjah,,25.3091194,55.3765819,,,,0,,openstreetmap
Safeer Al Sham Restaurant,UAE,Sharjah,,25.3251093,55.3735068,,,,0,,openstreetmap
Al Wasel Cafeteria,UAE,Sharjah,,25.302634,55.4440953,,,,0,,openstreetmap
Fathera Dajaj Cafeteria,UAE,Sharjah,,25.3325133,55.3909777,,,,0,,openstreetmap
Paper fig,UAE,Sharjah,,25.3086367,55.4586407,,,,0,,openstreetmap
مقهى بيت الحارة,UAE,Sharjah,شارع عبادة بن السامت,25.3431751,55.3944785,,,,0,,openstreetmap
Al Sarood,UAE,Sharjah,,25.3087675,55.4592742,,,,0,,openstreetmap
anna,UAE,Sharjah,,25.3232289,55.3895991,,,,0,,openstreetmap
Chilli's,UAE,Sharjah,,25.3662471,55.4026317,,,,0,,openstreetmap
ماكدونالدز,UAE,Sharjah,,25.3657893,55.4023296,,,,0,,openstreetmap
Shakespeare & Co,UAE,Sharjah,,25.3657505,55.4024409,,,,0,,openstreetmap
The Pizza Company,UAE,Sharjah,,25.3656948,55.4025549,,,,0,,openstreetmap
Al Faal Restaurant,UAE,Sharjah,,25.3741609,55.4010166,,,,0,,openstreetmap
Zahrat Al Khalidiya Cafe,UAE,Sharjah,,25.3732937,55.4026681,,,,0,,openstreetmap
Familypalace Restaurant,UAE,Sharjah,Maliha Road,25.2928563,55.4421368,065358335,http://www.familypalaceuae.com,,0,,openstreetmap
Dayaa House Cafeteria,UAE,Sharjah,,25.3718719,55.4063768,,,,0,,openstreetmap
New Al Mukalla Restaurant,UAE,Sharjah,,25.3753544,55.403999,,,,0,,openstreetmap
Taste N Care,UAE,Sharjah,,25.3032753,55.3720459,065316789,,,0,,openstreetmap
Fresh Chicken King,UAE,Sharjah,103 Al Sharq Street,25.371106,55.3981068,,,,0,,openstreetmap
ام حسن,UAE,Sharjah,,25.3185295,55.3748436,,,,0,,openstreetmap
Wasit Council - S130,UAE,Sharjah,,25.3487574,55.4636136,,,,0,,openstreetmap
Qasir Al Shiwaa Cafe,UAE,Sharjah,Al Zahra'a Street,25.3723457,55.4067657,,,,0,,openstreetmap
Al Shaay Al Amiri Cafe,UAE,Sharjah,,25.3721478,55.4066186,,,,0,,openstreetmap
Nellera Resaurant,UAE,Sharjah,,25.3686709,55.3965795,,,,0,,openstreetmap
Al Azeemah cafe,UAE,Sharjah,,25.3696691,55.404337,,,,0,,openstreetmap
Rebou Al Sudan Cafe,UAE,Sharjah,,25.3745109,55.4034027,,,,0,,openstreetmap
تيم هورتونز,UAE,Sharjah,,25.3885471,55.4213094,,,,0,,openstreetmap
دانكن دونتس,UAE,Sharjah,,25.387905,55.4217466,,,,0,,openstreetmap
كاريبو كوفي,UAE,Sharjah,,25.3881812,55.4217492,,,,0,,openstreetmap
Sharjah City Restaurant,UAE,Sharjah,,25.3553488,55.3864726,,,,0,,openstreetmap
Omar Al Khayam Restaurant,UAE,Sharjah,Al Sharq Street,25.3640269,55.3920871,,,,0,,openstreetmap
City Corner Restaurant and Cafe,UAE,Sharjah,,25.3617764,55.3904161,,,,0,,openstreetmap
Juice World,UAE,Sharjah,Al Ghuwair Street,25.3570702,55.3882597,,,,0,,openstreetmap
Hardees,UAE,Sharjah,,25.3682694,56.348299,,,,0,,openstreetmap
Bab Al Mujaijam Cafe,UAE,Sharjah,,25.361923,55.3865837,,,,0,,openstreetmap
VegMe,UAE,Sharjah,,25.3713546,55.404524,,,,0,,openstreetmap
Fawaz Restaurant,UAE,Sharjah,Al Maraija Street,25.3549594,55.3816646,,,,0,,openstreetmap
مشمش وتوت,UAE,Sharjah,,25.3064615,55.465619,,,,0,,openstreetmap
Monkey cookies,UAE,Sharjah,,25.3124205,55.4550459,,,,0,,openstreetmap
مطعم شراع السفينة للمأكولات البحرية,UAE,Sharjah,,24.9316959,55.7495429,,,,0,,openstreetmap
Nayaab Haandi,UAE,Sharjah,Al Khan Street,25.3280089,55.3756774,065749733,https://nayaabhaandi.com/,,0,,openstreetmap
Al Yemen Restaurant,UAE,Sharjah,Sheikh Saqr Bin Khalid Al Qasimi Street,25.3503797,55.3940881,,,,0,,openstreetmap
مطعم دلهي و كراتشي,UAE,Sharjah,Maliha Road,25.2947171,55.4420174,065343470,,,0,,openstreetmap
الاختيار الاول,UAE,Sharjah,,25.1479733,55.8844627,,,,0,,openstreetmap
Doner Kebab;D🏺ner Kebab®,UAE,Sharjah,"University Road, Sharjah",25.3177671,55.4480644,065550144,,,0,,openstreetmap
Roadhouse American Diner,UAE,Sharjah,,25.3198061,55.3632201,,,,0,,openstreetmap
Mama jee Machlee,UAE,Sharjah,,25.3620599,55.3951476,065636270,,,0,,openstreetmap
"Jimmy,s Shack Burger",UAE,Sharjah,University City Road 120 Street,25.3043928,55.4694191,065566977,,,0,,openstreetmap
Labaneh & Zaatar,UAE,Sharjah,University City Road 120 Street,25.311911,55.4545426,,,,0,,openstreetmap
Astoria Burger,UAE,Sharjah,University City Road 120 Street,25.3120858,55.4542991,065388880,https://astoria.ae/,,0,,openstreetmap
Danial restaurant Sharjah,UAE,Sharjah,,25.3443447,55.3859999,,,,0,,openstreetmap
Sea Land Restaurant,UAE,Sharjah,Hassan Bin Thabet Street,25.3365345,55.3751548,,,,0,,openstreetmap
حدائق النهدة للوجبات السريعة,UAE,Sharjah,شارع غرناطة,25.3059542,55.3761326,+97165252020,,,0,,openstreetmap
Qaser Sialkot,UAE,Sharjah,,25.3018914,55.4426183,,,,0,,openstreetmap
فن,UAE,Sharjah,,25.3567643,55.3818194,,https://instagram.com/fenrestaurant,,0,,openstreetmap
Ratios Coffee,UAE,Sharjah,Heart of Sharjah,25.3597967,55.3842602,,,,0,,openstreetmap
hot Burger,UAE,Sharjah,,25.329074,55.3750223,,,,0,,openstreetmap
Farhat,UAE,Sharjah,University City Road,25.3467609,55.3997717,,,,0,,openstreetmap
Madenat Haridwar,UAE,Sharjah,University City Road,25.3464757,55.4002868,,,,0,,openstreetmap
Al Nafee Cafeteria,UAE,Sharjah,University City Road,25.3463789,55.40044,,,,0,,openstreetmap
Agemono,UAE,Sharjah,University City Road,25.3453698,55.4022916,,,,0,,openstreetmap
Food Park City Restaurant,UAE,Sharjah,,25.3137494,55.3770615,,,,0,,openstreetmap
Abu Waheed Darwisheh Rest.,UAE,Sharjah,,25.30839,55.3713922,,,,0,,openstreetmap
Shish Shawerma,UAE,Sharjah,Al Taawun Street,25.3178842,55.3762261,,,,0,,openstreetmap
Al Aumdah Restaurant,UAE,Sharjah,Al Taawun Street,25.3184248,55.3775731,,,,0,,openstreetmap
Chicken Tikke Inn,UAE,Sharjah,University City Road,25.3465532,55.399444,,,,0,,openstreetmap
Khairat Bilad Alsham Restaurant,UAE,Sharjah,,25.3147611,55.3786387,,,,0,,openstreetmap
Al Yemen Al Saeed,UAE,Sharjah,University City Road,25.3462076,55.4000792,,,,0,,openstreetmap
New Madras,UAE,Sharjah,University City Road,25.3461096,55.4002643,,,,0,,openstreetmap
Bait Karachi & Dehli Biryani,UAE,Sharjah,University City Road,25.3460893,55.4003185,,,,0,,openstreetmap
Al Danah Al Baydha,UAE,Sharjah,University City Road,25.3457653,55.4008548,,,,0,,openstreetmap
Srinathji,UAE,Sharjah,Al Wahda Street,25.3338484,55.3984714,,,,0,,openstreetmap
Monalisa,UAE,Sharjah,42 Street,25.3272229,55.3935944,,,,0,,openstreetmap
Texas Chicken,UAE,Sharjah,Al Wahda Street,25.3208578,55.3876958,,,,0,,openstreetmap
Al Tahtheeb,UAE,Sharjah,Al Wahda Street,25.319217,55.3862828,,,,0,,openstreetmap
Al Sayad,UAE,Sharjah,Al Wahda Street,25.3187155,55.3857932,,,,0,,openstreetmap
Madras,UAE,Sharjah,Al Wahda Street,25.31828,55.3852836,,,,0,,openstreetmap
Yummy Dosa,UAE,Sharjah,King Faisal Street,25.3328706,55.3928744,,,,0,,openstreetmap
Hilal Alnahda Cafeteria,UAE,Sharjah,Nahda Roundabout,25.3024528,55.3766102,,,,0,,openstreetmap
Al Nahda Amrutha,UAE,Sharjah,25 Street,25.3034096,55.3786123,,,,0,,openstreetmap
Taj Bangalore,UAE,Sharjah,25 Street,25.3012101,55.3776652,,,,0,,openstreetmap
Al Khubor Restaurant,UAE,Sharjah,Bukhara Street,25.3035013,55.382886,,,,0,,openstreetmap
Huston Cafeteria,UAE,Sharjah,Bukhara Street,25.3035506,55.3829973,,,,0,,openstreetmap
Al Mubashir Cafeteria,UAE,Sharjah,,25.2900692,55.4303757,,,,0,,openstreetmap
Atral Al Madinah Restaurant,UAE,Sharjah,,25.2937243,55.4337884,,,,0,,openstreetmap
Al Safeer Restaurant,UAE,Sharjah,Al Zahra'a Street,25.3696686,55.4044496,,,,0,,openstreetmap
Al Bait Alhalabi,UAE,Sharjah,Mubasher Bin Abdulmunther Street,25.3429943,55.4025574,,,,0,,openstreetmap
Awafi Cafeteria,UAE,Sharjah,Al Zahra'a Street,25.3646754,55.3999618,,,,0,,openstreetmap
Al Mawadah Cafeteria,UAE,Sharjah,25 Street,25.304588,55.3798402,,,,0,,openstreetmap
Al Tanzeel,UAE,Sharjah,,25.3008999,55.4397712,,,,0,,openstreetmap
Aryaas,UAE,Sharjah,King Faisal Street,25.3329472,55.3928271,,,,0,,openstreetmap
Al Sundos Restaurant,UAE,Sharjah,103 Al Sharq Street,25.3731065,55.3996132,,,,0,,openstreetmap
Nujoom Al Khaleej,UAE,Sharjah,1st Industrial Road,25.3058529,55.3879532,,,,0,,openstreetmap
Al Rehla Restaurant,UAE,Sharjah,16 Street,25.3054248,55.387299,,,,0,,openstreetmap
Woodlands,UAE,Sharjah,King Faisal Street,25.3345858,55.3918105,,,,0,,openstreetmap
Ponnusamy,UAE,Sharjah,King Faisal Street,25.3349826,55.3915451,,,,0,,openstreetmap
Nila Restaurant,UAE,Sharjah,Al Khuzama Street,25.3077094,55.382749,,,,0,,openstreetmap
Al Jabal Al Aali Pakistani Foods,UAE,Sharjah,Arabian Gulf Street,25.3635481,55.3895694,,,,0,,openstreetmap
Alafrah Cafeteria,UAE,Sharjah,Corniche Street,25.3686259,55.3916166,,,,0,,openstreetmap
Tareeq Al Hareer Kabab Bazar,UAE,Sharjah,Corniche Street,25.369604,55.3924135,,,,0,,openstreetmap
Al Suria Cafeteria,UAE,Sharjah,Al Estiqlal Street,25.3404867,55.3944712,,,,0,,openstreetmap
Arabian Taste,UAE,Sharjah,Nahda Roundabout,25.3026147,55.3742283,,,,0,,openstreetmap
China Park,UAE,Sharjah,Nahda Roundabout,25.3016085,55.3750913,+97165313900,,,0,,openstreetmap
Al Kabab Al Afghani Al Jadeed Restaurant,UAE,Sharjah,Al Maraija Street,25.3564918,55.379642,,,,0,,openstreetmap
Tutti Frutti,UAE,Sharjah,Al Maraija Street,25.3564563,55.3797057,,,,0,,openstreetmap
Kukko,UAE,Sharjah,23 street,25.3007409,55.3732559,,,,0,,openstreetmap
Punjab Restaurant,UAE,Sharjah,23 street,25.3006046,55.3729584,,,,0,,openstreetmap
Foodex,UAE,Sharjah,شارع بخارى,25.2996337,55.3696022,,,,0,,openstreetmap
Al Asfar,UAE,Sharjah,شارع ملقا,25.2997372,55.3697858,,,,0,,openstreetmap
كافتيريا نجم الليل,UAE,Sharjah,شارع ملقا,25.2999,55.3701022,,,,0,,openstreetmap
Kurkum,UAE,Sharjah,Al Estiqlal Street,25.345107,55.3976,,,,0,,openstreetmap
Al Shewaa,UAE,Sharjah,Abu Obiedah Bin Al Jarah Street,25.3439939,55.3975119,,,,0,,openstreetmap
Jebal Pakistan,UAE,Sharjah,Tameem Bin Ya'ar Street,25.3431779,55.3997896,,,,0,,openstreetmap
Al Manhal Al Thahabi,UAE,Sharjah,Al Zahra'a Street,25.3720492,55.4070395,,,,0,,openstreetmap
Al Kabab Al Latheeth Al Afghani Restaurant,UAE,Sharjah,Al Zahra'a Street,25.368081,55.4034828,,,,0,,openstreetmap
Al Shaai Almumayaz,UAE,Sharjah,Zayd Bin Harethah Street,25.345213,55.400756,,,,0,,openstreetmap
Chowking,UAE,Sharjah,Zayd Bin Harethah Street,25.3456156,55.4006166,,,,0,,openstreetmap
Qasr Al Mandi,UAE,Sharjah,King Abdul Aziz Street,25.3429026,55.3977386,,,,0,,openstreetmap
Al Janadriah,UAE,Sharjah,King Abdul Aziz Street,25.3430646,55.3973468,,,,0,,openstreetmap
Al Taif,UAE,Sharjah,Zayd Bin Al Khatab Street,25.3436504,55.4018013,,,,0,,openstreetmap
Food Park,UAE,Sharjah,Zayd Bin Harethah Street,25.3450014,55.4004374,,,,0,,openstreetmap
Max's Restaurant,UAE,Sharjah,Abu Obiedah Bin Al Jarah Street,25.345352,55.3991868,,,,0,,openstreetmap
مطعم جوانس,UAE,Sharjah,شارع غرناطة,25.3052122,55.3752269,+971586845800,https://www.joeanns.com,,0,,openstreetmap
Bait Alrawi Restaurant,UAE,Sharjah,Gernata Street,25.3050517,55.3750526,,,,0,,openstreetmap
Layali Al Salihiah,UAE,Sharjah,23 street,25.3009142,55.3741456,,,,0,,openstreetmap
Al Dejaj Al Shahi,UAE,Sharjah,23 street,25.3008351,55.3739845,,,,0,,openstreetmap
Isir Al Namdan Restaurant,UAE,Sharjah,Gernata Street,25.3014798,55.3678464,,,,0,,openstreetmap
Sasu Cafeteria,UAE,Sharjah,,25.3539839,55.3844103,,,,0,,openstreetmap
Simple Food Restaurant,UAE,Sharjah,,25.3540242,55.3843497,,,,0,,openstreetmap
Al Soor Al Thahabi Restaurant,UAE,Sharjah,13 Street,25.2976309,55.368048,,,,0,,openstreetmap
Sanaa Al Madeena Cafeteria,UAE,Sharjah,,25.3551479,55.3828375,,,,0,,openstreetmap
Najmat Lahore Restaurant and Sweets,UAE,Sharjah,Al Maraija Street,25.3550176,55.3822317,,,,0,,openstreetmap
Chinese Kitchen Restaurant,UAE,Sharjah,Al Maraija Street,25.3559696,55.3809811,,,,0,,openstreetmap
Al Zad Al Iraqi Cafeteria,UAE,Sharjah,Al Maraija Street,25.3560543,55.3806867,,,,0,,openstreetmap
Sadaf Restaurant,UAE,Sharjah,Al Maraija Street,25.3565523,55.3801487,,,,0,,openstreetmap
Najmat Al Zafran Cafeteria,UAE,Sharjah,,25.297843,55.3675796,,,,0,,openstreetmap
Creek Restaurant,UAE,Sharjah,Al Nahda Street,25.3005055,55.3799812,,,,0,,openstreetmap
الأندلس,UAE,Sharjah,,25.3578116,55.3810523,,,,0,,openstreetmap
Meena Restaurant,UAE,Sharjah,,25.3586666,55.3877436,,,,0,,openstreetmap
Habet Lulu,UAE,Sharjah,,25.2978028,55.3672873,,,,0,,openstreetmap
Monaco Restaurant,UAE,Sharjah,,25.3593127,55.3887919,,,,0,,openstreetmap
Al Shaheen Kebab Cafeteria,UAE,Sharjah,Al Khan Street,25.3115775,55.3861979,,,,0,,openstreetmap
Broasted Chicken,UAE,Sharjah,Al Khan Street,25.3174995,55.3804206,,,,0,,openstreetmap
Flavor Restaurant,UAE,Sharjah,Al Khan Street,25.3260365,55.3770242,,,,0,,openstreetmap
New York Pizza,UAE,Sharjah,Al Khan Street,25.3281939,55.3755096,,,,0,,openstreetmap
Al Nashama Cafeteria,UAE,Sharjah,Al Khan Street,25.3282919,55.3754328,,,,0,,openstreetmap
Accord Restaurant,UAE,Sharjah,First Industrial Street,25.3346199,55.4128763,,,,0,,openstreetmap
Al Umsiah,UAE,Sharjah,1st Industrial Road,25.3301996,55.4096317,,,,0,,openstreetmap
Al Muda,UAE,Sharjah,1st Industrial Road,25.3278766,55.4078927,,,,0,,openstreetmap
Shatee Al Qasba Restaurant,UAE,Sharjah,1st Industrial Road,25.3268813,55.4071667,,,,0,,openstreetmap
Al Khetam,UAE,Sharjah,Harethah Bin Al Nua'man Street,25.3381446,55.3987323,,,,0,,openstreetmap
Juser Abu Shagharah,UAE,Sharjah,Harethah Bin Al Nua'man Street,25.3386063,55.3990426,,,,0,,openstreetmap
Al Sadiq,UAE,Sharjah,,25.3598125,55.3884773,,,,0,,openstreetmap
Albaar & Albahar Roastry,UAE,Sharjah,,25.3627418,55.3877564,,,,0,,openstreetmap
Arafat,UAE,Sharjah,Aws Bin Thabet Street,25.3373888,55.3972185,,,,0,,openstreetmap
Vadakkan Pepper,UAE,Sharjah,Aws Bin Thabet Street,25.337763,55.396542,,,,0,,openstreetmap
Al Thaam Al Raiee,UAE,Sharjah,Suraqah Bin Ka'eb Street,25.3376454,55.3947356,,,,0,,openstreetmap
Al Bahar,UAE,Sharjah,Suraqah Bin Ka'eb Street,25.3366679,55.3965787,,,,0,,openstreetmap
Royal Taste,UAE,Sharjah,Al Khan Street,25.3299073,55.3727668,,,,0,,openstreetmap
Jabal Lebanon Al Jadeen Restaurant,UAE,Sharjah,Al Khan Street,25.3300286,55.3723264,,,,0,,openstreetmap
Blue Ocean Seafood Restaurant,UAE,Sharjah,Al Khan Street,25.3301475,55.3718211,,,,0,,openstreetmap
Derby Fast Food,UAE,Sharjah,Al Khan Street,25.3304327,55.3708781,,,,0,,openstreetmap
Mahrosah,UAE,Sharjah,Al Khan Street,25.3336532,55.3639079,,,,0,,openstreetmap
Al Khan R/A Restaurant,UAE,Sharjah,Al Khan Street,25.334484,55.3621697,,,,0,,openstreetmap
Diwan Al Mandi Restaurant,UAE,Sharjah,Al Meena Street,25.3470766,55.3686179,,,,0,,openstreetmap
Al Murooj Cafeteria,UAE,Sharjah,,25.3625868,55.3884948,,,,0,,openstreetmap
Nobel Cafeteria,UAE,Sharjah,Al Ghuwair Street,25.3569169,55.3885645,,,,0,,openstreetmap
Experts Restaurant,UAE,Sharjah,Al Rolla Street,25.3566184,55.3920579,,,,0,,openstreetmap
Najmat Al Falah,UAE,Sharjah,Yazeed Bin Amer Street,25.3353497,55.3969702,,,,0,,openstreetmap
Big Bite,UAE,Sharjah,Al Fakeh Bin Basheer Street,25.3358308,55.3969634,,,,0,,openstreetmap
Alam Al Shay,UAE,Sharjah,Al Fakeh Bin Basheer Street,25.3362118,55.3960602,,,,0,,openstreetmap
Sagar,UAE,Sharjah,Al Fakeh Bin Basheer Street,25.3367849,55.3952544,,,,0,,openstreetmap
Al Mowffr Roastry,UAE,Sharjah,Al Rolla Street,25.357453,55.3906016,,,,0,,openstreetmap
Malak Al Falafil,UAE,Sharjah,Al Fakeh Bin Basheer Street,25.337174,55.3944442,,,,0,,openstreetmap
Rukn Al Qahwa Cafeteria,UAE,Sharjah,Abi Al Atahia Street,25.3550647,55.3893873,,,,0,,openstreetmap
Three Stars Restaurant,UAE,Sharjah,Sheikh Saqr Bin Khalid Al Qasimi Street,25.3546819,55.3886378,,,,0,,openstreetmap
Qasr Al Mansef,UAE,Sharjah,Amer Bin Fuhayrah Street,25.3402047,55.3991591,,,,0,,openstreetmap
Maharath Al-Babar,UAE,Sharjah,Zayd Bin Aslam Street,25.339299,55.39794,,,,0,,openstreetmap
Shatee,UAE,Sharjah,Sa'ad Bin Abi Waqas Street,25.3375562,55.4003323,,,,0,,openstreetmap
Al Loqmah Al Lazizah,UAE,Sharjah,Al Wahda Street,25.3364873,55.3996308,,,,0,,openstreetmap
Hadigat Alzenour,UAE,Sharjah,Aws Bin Thabet Street,25.3377608,55.3960465,,,,0,,openstreetmap
Data Darbar,UAE,Sharjah,Al Arouba Street,25.3531529,55.385516,,,,0,,openstreetmap
Shawarma Al Arabi,UAE,Sharjah,Al Arouba Street,25.3597818,55.3899028,,,,0,,openstreetmap
Al Najah,UAE,Sharjah,Suraqah Bin Ka'eb Street,25.3360044,55.3981656,,,,0,,openstreetmap
Al Joory,UAE,Sharjah,Al Wahda Street,25.3349463,55.3986517,,,,0,,openstreetmap
Niajara,UAE,Sharjah,Nawfal Bin Abdullah Street,25.3345791,55.3971191,,,,0,,openstreetmap
Dar Al Mashhoor Restaurant,UAE,Sharjah,Abdullah Salem Street,25.3590793,55.3909322,,,,0,,openstreetmap
Zahrat Al Nejoum Cafeteria,UAE,Sharjah,34a Street,25.3599671,55.3924963,,,,0,,openstreetmap
Al Madinah,UAE,Sharjah,Omair Bin Abi Waqas Street,25.3347494,55.3967854,,,,0,,openstreetmap
Shams Al Azrah,UAE,Sharjah,Abdullah Bin Hareq Street,25.3388476,55.3978343,,,,0,,openstreetmap
Ahmed Sarhan Cafeteria,UAE,Sharjah,Tariq Bin Zeyad Street,25.3588422,55.3931384,,,,0,,openstreetmap
Iqbal Cafeteria,UAE,Sharjah,Iben Katheer Street,25.3579422,55.3930845,,,,0,,openstreetmap
Farooq Ahmed Restaurant,UAE,Sharjah,16 Street,25.3576154,55.3908654,,,,0,,openstreetmap
Jaipur Restaurant,UAE,Sharjah,Abdullah Al Bahili Street,25.3596016,55.3937982,,,,0,,openstreetmap
Muhammad Faisal Restaurant & Sweets,UAE,Sharjah,Abu Mussa Al Ashari Street,25.3595795,55.3932202,,,,0,,openstreetmap
Thouq Bombay,UAE,Sharjah,Al Sharq Street,25.3691306,55.3966612,,,,0,,openstreetmap
Atyab Kabab,UAE,Sharjah,,25.3691605,55.3967476,,,,0,,openstreetmap
Silver Fork,UAE,Sharjah,Salem Bin Omair Street,25.3305072,55.3951195,,,,0,,openstreetmap
Indian Palace,UAE,Sharjah,Mudlaj Bin Amr Street,25.3368807,55.3936475,,,,0,,openstreetmap
Tarboosh,UAE,Sharjah,,25.3256608,55.3760521,,,,0,,openstreetmap
Katis,UAE,Sharjah,,25.3258348,55.3763642,,,,0,,openstreetmap
Lahori,UAE,Sharjah,Othman Bin Madh'oon Street,25.3363102,55.3926867,,,,0,,openstreetmap
Afamia,UAE,Sharjah,Othman Bin Madh'oon Street,25.3362444,55.3925309,,,,0,,openstreetmap
Al Qusoor,UAE,Sharjah,Othman Bin Madh'oon Street,25.3359738,55.3920151,,,,0,,openstreetmap
Al Tawar,UAE,Sharjah,Al Sharq Street,25.3860731,55.4139046,,,,0,,openstreetmap
Burger King,UAE,Sharjah,Al Sharq Street,25.388156,55.4194051,,,,0,,openstreetmap
Tangeetha,UAE,Sharjah,Othman Bin Madhoon Street,25.3358349,55.3922602,,,,0,,openstreetmap
Orient Grill,UAE,Sharjah,Sa'ad Bin Zayd Street,25.3345262,55.3935489,,,,0,,openstreetmap
Al Kharan,UAE,Sharjah,Sa'ad Bin Zayd Street,25.3329979,55.3945741,,,,0,,openstreetmap
Madinat Gujarat,UAE,Sharjah,Sa'ad Bin Zayd Street,25.3326255,55.3948274,,,,0,,openstreetmap
Chinese House,UAE,Sharjah,Sa'ad Bin Zayd Street,25.3325062,55.3949108,,,,0,,openstreetmap
Falafel Al Tallah,UAE,Sharjah,Al Sharq Street,25.3916898,55.4249016,,,,0,,openstreetmap
Foul Wa Falafel,UAE,Sharjah,,25.3917583,55.4250103,,,,0,,openstreetmap
Dunia Al Sham,UAE,Sharjah,Al Sharq Street,25.3917974,55.4250703,,,,0,,openstreetmap
Day Night,UAE,Sharjah,Al Sharq Street,25.3926662,55.4263103,,,,0,,openstreetmap
Al Amoor,UAE,Sharjah,Al Sharq Street,25.392707,55.426368,,,,0,,openstreetmap
Al Shawerma,UAE,Sharjah,Al Sharq Street,25.3928105,55.4265286,,,,0,,openstreetmap
Falafel Al Tamani,UAE,Sharjah,Al Sharq Street,25.3928559,55.4266118,,,,0,,openstreetmap
Bissan,UAE,Sharjah,Al Sharq Street,25.3928933,55.4266755,,,,0,,openstreetmap
Saarangaa Bhoian Shala,UAE,Sharjah,Al Khan Street,25.3298527,55.3709641,,,,0,,openstreetmap
Baba Ghaney,UAE,Sharjah,Al Khan Street,25.3293368,55.3727969,,,,0,,openstreetmap
On the Wood,UAE,Sharjah,Al Khan Street,25.329292,55.3729528,,,,0,,openstreetmap
Turqiouse Al Turky Restaurant,UAE,Sharjah,Al Khan Street,25.3288117,55.3738928,,,,0,,openstreetmap
Saba Palace,UAE,Sharjah,Al Entifada,25.3204553,55.3806995,,,,0,,openstreetmap
Shawerman,UAE,Sharjah,Martyr Rami Rotawi Street,25.3234564,55.3803049,,,,0,,openstreetmap
Teamah Cafeteria,UAE,Sharjah,Martyr Mohammed Al Dorah Street,25.323211,55.3796871,,,,0,,openstreetmap
Papaya Juices,UAE,Sharjah,29 Street,25.3232512,55.3797354,,,,0,,openstreetmap
Al Nakhal Al Arabia Restaurant,UAE,Sharjah,Martyr Mousa Al Debis Street,25.3214282,55.3803527,,,,0,,openstreetmap
Al Mango,UAE,Sharjah,Martyr Mohammed Al Dorah Street,25.3226404,55.3795858,,,,0,,openstreetmap
Al Fawal,UAE,Sharjah,Martyr Mohammed Al Dorah Street,25.3230045,55.3794203,,,,0,,openstreetmap
Kaak,UAE,Sharjah,Al Khan Street,25.3212938,55.3794925,,,,0,,openstreetmap
Qahwa & Hail Roastry,UAE,Sharjah,27 Street,25.3244571,55.3795865,,,,0,,openstreetmap
Mokrmsh,UAE,Sharjah,27 Street,25.3237502,55.3786427,,,,0,,openstreetmap
Al Baharat Al Tazejeh,UAE,Sharjah,Al Khan Street,25.3236837,55.3784881,,,,0,,openstreetmap
China Hot,UAE,Sharjah,25 Street,25.3249269,55.3790561,,,,0,,openstreetmap
Green House,UAE,Sharjah,Abdullah Bin Jubair Street,25.3338919,55.3948655,,,,0,,openstreetmap
Dawar Al Umdah Cafeteria,UAE,Sharjah,Khalidiya Street,25.3355073,55.3730965,,,,0,,openstreetmap
Sufrat Al Mandi,UAE,Sharjah,Khalidiya Street,25.335809,55.3732875,,,,0,,openstreetmap
Pak Arab Restaurant,UAE,Sharjah,Khalidiya Street,25.3359728,55.3734186,,,,0,,openstreetmap
Al Rabwe Al Dimashqiye,UAE,Sharjah,Khalidiya Street,25.3360784,55.3734949,,,,0,,openstreetmap
Burj Al Khalidiah Restaurant,UAE,Sharjah,Al Safia Street,25.3352518,55.3738267,,,,0,,openstreetmap
Banakok Town Restaurant,UAE,Sharjah,9 Street,25.3323083,55.3750057,,,,0,,openstreetmap
Al Madina Al Saeeda,UAE,Sharjah,Sa'ad Bin Zayd Street,25.3325023,55.3951208,,,,0,,openstreetmap
Donya Alsham,UAE,Sharjah,Al Qasba'a Street,25.3306168,55.3754758,,,,0,,openstreetmap
Sharjah Falcon,UAE,Sharjah,Al Qasba'a Street,25.329799,55.3758189,,,,0,,openstreetmap
Saaj Al reef Al Iraqi Restaurant,UAE,Sharjah,Al Qasba'a Street,25.3295703,55.375911,,,,0,,openstreetmap
Domino's,UAE,Sharjah,Corniche Street,25.3258322,55.379855,,,,0,,openstreetmap
Bukhari Al Khaleej Restaurant,UAE,Sharjah,Corniche Street,25.3251401,55.3805059,,,,0,,openstreetmap
Alfurn Alshami,UAE,Sharjah,27 Street,25.3249113,55.3802387,,,,0,,openstreetmap
Al Hadaf Al Thahabi Cafeteria,UAE,Sharjah,Al Safia Street,25.3320705,55.3713841,,,,0,,openstreetmap
Blue Dragon Cafeteria,UAE,Sharjah,Al Safia Street,25.3361561,55.374217,,,,0,,openstreetmap
Istiraha Al Sham Cafeteria,UAE,Sharjah,Al Safia Street,25.3362636,55.3742807,,,,0,,openstreetmap
Almathaq Al Turki,UAE,Sharjah,Al Majaz Southern Part Street,25.3232994,55.386223,,,,0,,openstreetmap
Malik Al Farooj,UAE,Sharjah,Omar Abu Reesheh Street,25.3214716,55.3845361,,,,0,,openstreetmap
Seroop Cafeteria,UAE,Sharjah,Ahmad Shawqi Street,25.3210026,55.3855791,,,,0,,openstreetmap
Qasr Al Majaz Restaurant,UAE,Sharjah,3a Street,25.3191261,55.3814073,,,,0,,openstreetmap
Al Qamar Al Lamie Cafeteria,UAE,Sharjah,Abdul Salam Arif,25.3172092,55.3813074,,,,0,,openstreetmap
Al Saaj Al Thakbi,UAE,Sharjah,Al Zahra'a Street,25.3591331,55.3942146,,,,0,,openstreetmap
Segma Restaurant,UAE,Sharjah,Al Wahda Street,25.3156696,55.3827155,,,,0,,openstreetmap
Little China Restaurant,UAE,Sharjah,Jamal Abdul Naser Street,25.3181459,55.3836998,,,,0,,openstreetmap
Omar Kresh,UAE,Sharjah,Jamal Abdul Naser Street,25.3192826,55.3847564,,,,0,,openstreetmap
Al Kabab Al Afghani Al Raqi,UAE,Sharjah,Jamal Abdul Naser Street,25.3195929,55.3850807,,,,0,,openstreetmap
Caesar Garden Restaurant,UAE,Sharjah,16 Street,25.3194855,55.3855125,,,,0,,openstreetmap
Fish Basket,UAE,Sharjah,Jamal Abdul Naser Street,25.3209685,55.3863244,,,,0,,openstreetmap
Moulouk Al Shawarma,UAE,Sharjah,Jamal Abdul Naser Street,25.3231419,55.3883588,,,,0,,openstreetmap
Falafil Fareyha,UAE,Sharjah,Jamal Abdul Naser Street,25.3234836,55.3886516,,,,0,,openstreetmap
Banadora Cafeteria,UAE,Sharjah,Jamal Abdul Naser Street,25.3235397,55.3886999,,,,0,,openstreetmap
Koukh Filfilah,UAE,Sharjah,Jamal Abdul Naser Street,25.3235771,55.3887401,,,,0,,openstreetmap
Al Comodor Falafil,UAE,Sharjah,Jamal Abdul Naser Street,25.3238507,55.3890447,,,,0,,openstreetmap
Dar Al Eatemad Restaurant,UAE,Sharjah,Jamal Abdul Naser Street,25.3253638,55.3904403,,,,0,,openstreetmap
Al Farooj,UAE,Sharjah,Jamal Abdul Naser Street,25.3255935,55.3906487,,,,0,,openstreetmap
Al Bait Al Baghdadi,UAE,Sharjah,Jamal Abdul Naser Street,25.3256811,55.3907234,,,,0,,openstreetmap
Idris Cafeteria,UAE,Sharjah,Jamal Abdul Naser Street,25.3258764,55.3909545,,,,0,,openstreetmap
Al Qasar Al Philipin,UAE,Sharjah,Jamal Abdul Naser Street,25.3277626,55.3927051,,,,0,,openstreetmap
Akher Saa,UAE,Sharjah,Jamal Abdul Naser Street,25.3282177,55.3931153,,,,0,,openstreetmap
Iskander Kabab Al Turky,UAE,Sharjah,Jamal Abdul Naser Street,25.3283198,55.3931915,,,,0,,openstreetmap
Al Ajwaa,UAE,Sharjah,King Abdul Aziz Street,25.3439871,55.3946147,,,,0,,openstreetmap
Atyab Shawarma Cafeteria,UAE,Sharjah,Jamal Abdul Naser Street,25.3292369,55.3931517,,,,0,,openstreetmap
Chicken House,UAE,Sharjah,Jamal Abdul Naser Street,25.3292821,55.3931212,,,,0,,openstreetmap
Cafeteria Falafl Khalifa,UAE,Sharjah,Jamal Abdul Naser Street,25.329326,55.3930962,,,,0,,openstreetmap
Emirates Burger,UAE,Sharjah,Ahmad Shawqi Street,25.3207211,55.3848567,,,,0,,openstreetmap
Al Lamsa Al Shamya Cafeteria,UAE,Sharjah,8 Street,25.3182408,55.3818485,,,,0,,openstreetmap
Afrah Al Madina Cafeteria,UAE,Sharjah,Al Zahra'a Street,25.3568476,55.3927751,,,,0,,openstreetmap
Dhiya al Sham,UAE,Sharjah,12 Street,25.3187124,55.3836507,,,,0,,openstreetmap
Radio Restaurant,UAE,Sharjah,Jamal Abdul Naser Street,25.3192938,55.3842491,,,,0,,openstreetmap
Ak Ema Roastery,UAE,Sharjah,Jamal Abdul Naser Street,25.3284237,55.3929357,,,,0,,openstreetmap
Al Shami Corner Restaurant,UAE,Sharjah,Jamal Abdul Naser Street,25.329626,55.3924802,,,,0,,openstreetmap
Fils,UAE,Sharjah,Al Estiqlal Street,25.342732,55.3967834,,,,0,,openstreetmap
Wadyan Al Yemen Mandi,UAE,Sharjah,Al Estiqlal Street,25.3423786,55.3974508,,,,0,,openstreetmap
Bab Al Waha,UAE,Sharjah,Masoud Bin Rabee'ah Street,25.3420252,55.3970093,,,,0,,openstreetmap
Bab Abu Shagharan,UAE,Sharjah,Masoud Bin Rabee'ah Street,25.3418044,55.3960134,,,,0,,openstreetmap
Al Orafaa Cafeteria,UAE,Sharjah,Al Ezz Bin Abdulsalam Street,25.334792,55.390259,,,,0,,openstreetmap
Madina Islamabad,UAE,Sharjah,Masoud Bin Rabee'ah Street,25.3378837,55.3932,,,,0,,openstreetmap
Hussam,UAE,Sharjah,Al Ezz Bin Abdulsalam Street,25.3369982,55.3888414,,,,0,,openstreetmap
Shams Al Sham,UAE,Sharjah,31 Street,25.3367409,55.3879868,,,,0,,openstreetmap
Red Chicken,UAE,Sharjah,Al Ezz Bin Abdulsalam Street,25.3326212,55.3914532,,,,0,,openstreetmap
Tareeq Al Buhaira Cafeteria,UAE,Sharjah,45 Street,25.3336549,55.3907377,,,,0,,openstreetmap
Chicago Fried Chicken,UAE,Sharjah,Arabian Gulf Street,25.3615205,55.3931742,,,,0,,openstreetmap
Mithaas,UAE,Sharjah,Othman Bin Madhoon Street,25.3354039,55.3919461,,,,0,,openstreetmap
Angaar,UAE,Sharjah,Salem Bin Omair Street,25.3351057,55.3921533,,,,0,,openstreetmap
Chennai,UAE,Sharjah,Salem Bin Omair Street,25.3349528,55.3922644,,,,0,,openstreetmap
Jabal Khaiber Restaurant,UAE,Sharjah,شارع الزهراء,25.3574655,55.3936126,,https://jabal-khaiber-restaurant.business.site/,,0,,openstreetmap
Zad Al Sabeel,UAE,Sharjah,Al Ezz Bin Abdulsalam Street,25.3435152,55.3865598,,,,0,,openstreetmap
Khana Khazana,UAE,Sharjah,King Faisal Street,25.3428645,55.3873028,,,,0,,openstreetmap
Grub Shack,UAE,Sharjah,Al Ezz Bin Abdulsalam Street,25.3390742,55.3877216,,,,0,,openstreetmap
Al Bahar Al Safi Restaurant,UAE,Sharjah,Al Ezz Bin Abdulsalam Street,25.3395376,55.3875862,,,,0,,openstreetmap
Cake & Karak,UAE,Sharjah,Al Ezz Bin Abdulsalam Street,25.3420767,55.3867574,,,,0,,openstreetmap
Al Zanjabeel,UAE,Sharjah,Zayd Bin Wadi'ah Street,25.3401149,55.390437,,,,0,,openstreetmap
Kolam,UAE,Sharjah,Zayd Bin Wadi'ah Street,25.3400645,55.3903394,,,,0,,openstreetmap
Wadi Raidan Mandi,UAE,Sharjah,Abdullab Bin Abed Manaf Street,25.3389487,55.3900768,,,,0,,openstreetmap
Broccoli Pizza & Pasta,UAE,Sharjah,King Faisal Street,25.3381999,55.3888545,,,,0,,openstreetmap
Qasr Al Zaytoon Restaurant,UAE,Sharjah,Ibrahm Mohammed Al Medfa'a Street,25.352375,55.3889306,,,,0,,openstreetmap
Wood Side Restaurant,UAE,Sharjah,Abdulrahman Bin Oaf Street,25.3539817,55.3876064,,,,0,,openstreetmap
Al Amiri,UAE,Sharjah,Corniche Street,25.3375943,55.386907,,,,0,,openstreetmap
Al Ramlah Cafeteria,UAE,Sharjah,Mohammed Al Khamis Street,25.3539347,55.3872044,,,,0,,openstreetmap
Thalessery Restaurant,UAE,Sharjah,Mohammed Al Khamis Street,25.3534214,55.3868027,,,,0,,openstreetmap
Mithaas Restaurant,UAE,Sharjah,Um Al Tarafa Street,25.3533452,55.3857839,,,,0,,openstreetmap
Madfoon al Khaima,UAE,Sharjah,Corniche Street,25.3385456,55.3865088,,,,0,,openstreetmap
Abeer,UAE,Sharjah,Salem Bin Omair Street,25.3361196,55.391862,,,,0,,openstreetmap
Osool,UAE,Sharjah,Salem Bin Omair Street,25.3351139,55.392516,,,,0,,openstreetmap
Eat Max,UAE,Sharjah,Salem Bin Omair Street,25.3325966,55.3941424,,,,0,,openstreetmap
Al Mudheef Al Jadeed,UAE,Sharjah,King Abdul Aziz Street,25.3450148,55.3939249,,,,0,,openstreetmap
Alath Shawarma,UAE,Sharjah,King Abdul Aziz Street,25.3461699,55.3918232,,,,0,,openstreetmap
Al Karam Al Iraqi,UAE,Sharjah,King Abdul Aziz Street,25.3462848,55.3917058,,,,0,,openstreetmap
Majaz Light Cafeteria,UAE,Sharjah,Ahmad Bin Majid Street,25.3429947,55.3862118,,,,0,,openstreetmap
Al Fra Al Daiema Restaurant,UAE,Sharjah,Ahmad Bin Majid Street,25.3425106,55.3863368,,,,0,,openstreetmap
Al Shamisiah,UAE,Sharjah,Abdullah Bin Omair Street,25.345909,55.3889291,,,,0,,openstreetmap
Shabab Al Harah,UAE,Sharjah,Abdullah Bin Omair Street,25.3455905,55.3887076,,,,0,,openstreetmap
Pizza Al Lazeeza,UAE,Sharjah,Al Jabarti Street,25.3389255,55.3869791,,,,0,,openstreetmap
Shaban Cafeteria,UAE,Sharjah,Al Jabarti Street,25.3377647,55.3872722,,,,0,,openstreetmap
Midan Al Sham Grilling,UAE,Sharjah,Al Jabarti Street,25.3373752,55.3874166,,,,0,,openstreetmap
Burj Al Rahmanya,UAE,Sharjah,Sheikh Saqr Bin Khalid Al Qasimi Street,25.3540677,55.3891997,,,,0,,openstreetmap
Falafil Al Rabiah Al Khadra,UAE,Sharjah,2 Street,25.3505083,55.3875185,,,,0,,openstreetmap
Dawabat Dimshaq,UAE,Sharjah,2 Street,25.3499324,55.3884972,,,,0,,openstreetmap
Alwan Alshay,UAE,Sharjah,Ammar Bin Yaser Street,25.3426707,55.3903766,,,,0,,openstreetmap
Addis Ababa,UAE,Sharjah,Malik Bin Masoud Street,25.3406589,55.3927742,,,,0,,openstreetmap
Bait Al Asyer,UAE,Sharjah,Malik Bin Masoud Street,25.3406426,55.3928169,,,,0,,openstreetmap
Sharjah Palace,UAE,Sharjah,Al Zahra'a Street,25.35448,55.391619,,,,0,,openstreetmap
Al FInjal Cafeteria,UAE,Sharjah,Abdulrahman Bin Oaf Street,25.3532802,55.3883964,,,,0,,openstreetmap
Sada Alsawat Cafeteria,UAE,Sharjah,Um Al Tarafa Street,25.3531663,55.3857125,,,,0,,openstreetmap
Thanjaur Cafeteria,UAE,Sharjah,Sheikh Saqr Bin Khalid Al Qasimi Street,25.3543752,55.3892961,,,,0,,openstreetmap
Al Meraya,UAE,Sharjah,Ammar Bin Yaser Street,25.3446996,55.3917618,,,,0,,openstreetmap
Try Luck,UAE,Sharjah,Shuja'a Bin Wahab Street,25.3437174,55.3920475,,,,0,,openstreetmap
Al Salwan,UAE,Sharjah,Amer Bin Rabee'ah Street,25.3435836,55.3922929,,,,0,,openstreetmap
Maharat Al Majaz,UAE,Sharjah,Amer Bin Lua'y Street,25.3425446,55.3920456,,,,0,,openstreetmap
Jabal Seena,UAE,Sharjah,Bilal Bin Rabah Street,25.3403032,55.3927351,,,,0,,openstreetmap
Champion Cafeteria,UAE,Sharjah,Bashr Bin Amr Street,25.3502798,55.3989019,,,,0,,openstreetmap
Al Rakaiez Restaurant,UAE,Sharjah,Nadlah Bin Obied Al Aslami Street,25.3544015,55.3918701,,,,0,,openstreetmap
Hadiqat Al Bustan Cafeteria,UAE,Sharjah,Wadea'a Bin Amr Street,25.3548894,55.3931679,,,,0,,openstreetmap
Shabale,UAE,Sharjah,Bilal Bin Rabah Street,25.3391748,55.3919785,,,,0,,openstreetmap
Al Sirath,UAE,Sharjah,Omair Bin All Hareth Street,25.340323,55.3922651,,,,0,,openstreetmap
Rukn Al Oasimia,UAE,Sharjah,Omair Bin All Hareth Street,25.3403821,55.392301,,,,0,,openstreetmap
Awarq Al Farawlah,UAE,Sharjah,Ammar Bin Yaser Street,25.3422527,55.3896923,,,,0,,openstreetmap
نور الشمس,UAE,Sharjah,شارع عمار بن ياسر,25.3422201,55.3895442,,,,0,,openstreetmap
Serour Masoud Cafeteria,UAE,Sharjah,Muhrez Bin Amer Street,25.3566605,55.3949072,,,,0,,openstreetmap
Dar Al Yasmeen Restaurant,UAE,Sharjah,Muhrez Bin Amer Street,25.3548556,55.3957092,,,,0,,openstreetmap
Royal Tea Cafeteria,UAE,Sharjah,Al Fadhel Bin Ali Abbas Street,25.3567056,55.3993811,,,,0,,openstreetmap
Al Thameed Cafeteria,UAE,Sharjah,Brahim Mohammed Al Medfa'a Street,25.354612,55.3971909,065211700,,,0,,openstreetmap
Dino Cafeteria,UAE,Sharjah,Al Fadhel Bin Ali Abbas Street,25.3568672,55.3957827,,,,0,,openstreetmap
Waqar Jarral Restaurant,UAE,Sharjah,Al Fadhel Bin Ali Abbas Street,25.3572851,55.3954736,,,,0,,openstreetmap
Qasar Al Qasimiah,UAE,Sharjah,Abdullah Bin Suhail Street,25.344704,55.3891319,,,,0,,openstreetmap
Amoon Restaurant,UAE,Sharjah,Al Zahra'a Street,25.3594469,55.3948903,,,,0,,openstreetmap
Al Dhawhi,UAE,Sharjah,Obadah Bin Al Samet Street,25.343311,55.3943261,,,,0,,openstreetmap
Al Dheyouf,UAE,Sharjah,Obadah Bin Al Samet Street,25.343402,55.3941052,,,,0,,openstreetmap
Rukn Al Tawar,UAE,Sharjah,Obadah Bin Al Samet Street,25.3436004,55.3937722,,,,0,,openstreetmap
Hyderabadi'z,UAE,Sharjah,Shuja'a Bin Wahab Street,25.343557,55.3927642,,,,0,,openstreetmap
Melook Al Mashawi,UAE,Sharjah,Bilal Bin Rabah Street,25.3386643,55.3917116,,,,0,,openstreetmap
Qasr Al Kabab,UAE,Sharjah,Sheikh Zayed Street,25.3607361,55.3981828,,,,0,,openstreetmap
Bilad Al Arab Restaurant,UAE,Sharjah,Third Industrial Street,25.3251755,55.4330189,,,,0,,openstreetmap
Burj Aljawad Restaurant,UAE,Sharjah,Third Industrial Street,25.3000665,55.4129012,,,,0,,openstreetmap
Gulf Light,UAE,Sharjah,Third Industrial Street,25.2993584,55.4122283,,,,0,,openstreetmap
Alzode Mahashi & Ashaw Restaurants,UAE,Sharjah,Sheikh Zayed Street,25.3540833,55.4084086,,,,0,,openstreetmap
Al Led & Ramlah,UAE,Sharjah,Sheikh Zayed Street,25.3539921,55.4086174,,,,0,,openstreetmap
Al Talaqy,UAE,Sharjah,Sheikh Zayed Street,25.3539571,55.4086916,,,,0,,openstreetmap
Rawat Al Makan Cafeteria,UAE,Sharjah,Amr Bin Eyas Street,25.3457422,55.4022016,,,,0,,openstreetmap
Rodah Home Restaurant,UAE,Sharjah,Amr Bin Eyas Street,25.3471121,55.4033731,,,,0,,openstreetmap
Little Manila Cafeteria,UAE,Sharjah,Abi Salamah Bin Abd Al Asad Street,25.3470814,55.4034674,,,,0,,openstreetmap
Ethiopia Cafeteria,UAE,Sharjah,Abi Salamah Bin Abd Al Asad Street,25.3459588,55.4054472,,,,0,,openstreetmap
Dubai Restaurant,UAE,Sharjah,Third Industrial Street,25.3196017,55.4284511,,,,0,,openstreetmap
Baguio Cafeteria,UAE,Sharjah,Abi Salamah Bin Abd Al Asad Street,25.3482105,55.4015067,,,,0,,openstreetmap
Al Dajajah Al Thahabiah Cafeteria,UAE,Sharjah,Abi Salamah Bin Abd Al Asad Street,25.3480677,55.401759,,,,0,,openstreetmap
Jamahir Al Madina Kitchen,UAE,Sharjah,Third Industrial Street,25.3124477,55.4231946,,,,0,,openstreetmap
Al Mathaq Al Aseel Restaurant,UAE,Sharjah,Third Industrial Street,25.3109323,55.4219571,,,,0,,openstreetmap
Lucky Rest,UAE,Sharjah,Third Industrial Street,25.3062832,55.4181601,,,,0,,openstreetmap
Bab Al Rehan Cafeteria,UAE,Sharjah,,25.3040177,55.4159644,,,,0,,openstreetmap
Qasr Lagore Restaurant,UAE,Sharjah,Third Industrial Street,25.3033508,55.4153909,,,,0,,openstreetmap
Al Zouq Restaurant,UAE,Sharjah,Third Industrial Street,25.301665,55.4137823,,,,0,,openstreetmap
Karachi Restaurant,UAE,Sharjah,Third Industrial Street,25.2968824,55.4093555,,,,0,,openstreetmap
Mukkaram Mahmood Cafeteria,UAE,Sharjah,Al Estiqlal Street,25.3514096,55.400541,,,,0,,openstreetmap
Khan Al Kalily Restaurant,UAE,Sharjah,Third Industrial Street,25.2956077,55.4081172,,,,0,,openstreetmap
Octopus Restaurant,UAE,Sharjah,Abi Ayoub Al Ansari Street,25.3534862,55.4079641,,,,0,,openstreetmap
Pak Arab Cafeteria,UAE,Sharjah,Ajman Ring Road,25.381899,55.446974,,,,0,,openstreetmap
Peking Chinese Restaurant,UAE,Sharjah,,25.3484699,55.3989586,,,,0,,openstreetmap
Bab Al Jazeera Cafeteria,UAE,Sharjah,Al Estiqlal Street,25.3523243,55.4015745,,,,0,,openstreetmap
Suhail Cafeteria,UAE,Sharjah,Al Estiqlal Street,25.3542192,55.4027305,,,,0,,openstreetmap
Al Qamar Al Fedhi Restaurant,UAE,Sharjah,Sheikh Zayed Street,25.3548389,55.406612,,,,0,,openstreetmap
Pamella Restaurant,UAE,Sharjah,Atteyah Bin Nuwayrah Street,25.3448657,55.4040447,,,,0,,openstreetmap
Waraqi Almooz Restaurant,UAE,Sharjah,Al Dhahak Bin Haretha Street,25.3502146,55.4029507,,,,0,,openstreetmap
Muhammad Ghous Restaurant,UAE,Sharjah,Oqbah Bin Wahab Street,25.3536158,55.4038316,,,,0,,openstreetmap
Al Douri Roastery,UAE,Sharjah,Abi Salamah Bin Abd Al Asad Street,25.3496223,55.3996895,,,,0,,openstreetmap
Comilla Cafeteria,UAE,Sharjah,Hateb Bin Abi Balata'ah Street,25.3515903,55.4020248,,,,0,,openstreetmap
New Leewa Restaurant,UAE,Sharjah,Jaber Bin Abdullah Street,25.3506419,55.4036725,,,,0,,openstreetmap
Sawad Al Lail Cafeteria,UAE,Sharjah,Atteyah Bin Nuwayrah Street,25.3450921,55.4032355,,,,0,,openstreetmap
Bombay Light,UAE,Sharjah,Al Arouba Street,25.3544692,55.3859514,,,,0,,openstreetmap
Pak Ghazi,UAE,Sharjah,Al Arouba Street,25.3582132,55.3884533,,,,0,,openstreetmap
Orient,UAE,Sharjah,Al Sharq Street,25.3630659,55.3912162,,,,0,,openstreetmap
Failaka Cafe,UAE,Sharjah,Al Sharq Street,25.3651334,55.393055,,,,0,,openstreetmap
Layali Hartna Cafeteria,UAE,Sharjah,Al Sharq Street,25.3663713,55.3940042,,,,0,,openstreetmap
Fatera Al Qalaya Cafeteria,UAE,Sharjah,Al Sharq Street,25.3756695,55.4011114,,,,0,,openstreetmap
Donya Al Sham Cafeteria,UAE,Sharjah,Al Sharq Street,25.3856289,55.4114814,,,,0,,openstreetmap
Cinnamon taste cafe,UAE,Sharjah,Al Sharq Street,25.38648,55.4138703,,,,0,,openstreetmap
Shay A Hiran Cafeteria,UAE,Sharjah,Al Sharq Street,25.3864241,55.4136803,,,,0,,openstreetmap
Secunderabd Cafeteria,UAE,Sharjah,Rab'ay Bin Rafe'h Street,25.3541481,55.4042977,,,,0,,openstreetmap
Qasr Al Ibrahimi Restaurant,UAE,Sharjah,Musaab Bin Omair Street,25.3504553,55.3918157,,,,0,,openstreetmap
Philippine Palace Restaurant,UAE,Sharjah,Sheikh Saqr Bin Khalid Al Qasimi Street,25.3502365,55.3944524,,,,0,,openstreetmap
Wadi Almuluk Restaurant,UAE,Sharjah,Musaab Bin Omair Street,25.349254,55.390569,,,,0,,openstreetmap
Wahat Al Qasimiya Cafeteria,UAE,Sharjah,Anas Bin Muath Street,25.3486769,55.3928139,,,,0,,openstreetmap
Qasr Al Tawabel Restaurant,UAE,Sharjah,Anas Bin Muath Street,25.3471421,55.3916474,,,,0,,openstreetmap
Blue Star Cafeteria,UAE,Sharjah,Khabab Bin Al Arat Street,25.3466713,55.3925258,,,,0,,openstreetmap
Al Mathaq Al Awal Cafeteria,UAE,Sharjah,Abdullah Bin Al Nua'man,25.3467289,55.3925596,,,,0,,openstreetmap
Akadh Cafeteria,UAE,Sharjah,Al Hussain Bin Al Hareth Street,25.3479116,55.3940517,,,,0,,openstreetmap
Addis Ababa City Restaurant,UAE,Sharjah,Al Zubair Bin Al Awam Street,25.347233,55.3974431,,,,0,,openstreetmap
Al Batoul Cafeteria,UAE,Sharjah,Abdullah Bin Al Nua'man,25.348955,55.393879,,,,0,,openstreetmap
Vanilla Cafe,UAE,Sharjah,2 Street,25.3495945,55.3890998,,,,0,,openstreetmap
Baqar Grill mahattah,UAE,Sharjah,Al Zubair Bin Al Awam Street,25.3495961,55.3940974,,,,0,,openstreetmap
Mezbaan,UAE,Sharjah,Abu Talha Street,25.3474847,55.3912416,,,,0,,openstreetmap
Naseem Alward Cafeteria,UAE,Sharjah,Al Zubair Bin Al Awam Street,25.3506216,55.3927135,,,,0,,openstreetmap
Al Jazeerah Al Jameela,UAE,Sharjah,Abdullah Bin Al Nua'man,25.3477093,55.3929572,,,,0,,openstreetmap
Al Noor Alhadi Cafeteria,UAE,Sharjah,Al Zubair Bin Al Awam Street,25.347712,55.397003,,,,0,,openstreetmap
Al Iskemo Restaurant,UAE,Sharjah,Second Industrial Street,25.3096656,55.405911,,,,0,,openstreetmap
Remal Al Sahra Restaurant,UAE,Sharjah,Second Industrial Street,25.3078414,55.4043277,,,,0,,openstreetmap
Seven Days Restaurant,UAE,Sharjah,Second Industrial Street,25.3133757,55.4094066,,,,0,,openstreetmap
Imperial,UAE,Sharjah,Second Industrial Street,25.3194953,55.4143061,,,,0,,openstreetmap
Abdulrahman Ahmed Restaurant,UAE,Sharjah,Second Industrial Street,25.3198196,55.4145564,,,,0,,openstreetmap
Habib,UAE,Sharjah,Second Industrial Street,25.3306387,55.422352,,,,0,,openstreetmap
Al Miqat,UAE,Sharjah,Wasit Street,25.3342607,55.4249042,,,,0,,openstreetmap
Ak Fanoos,UAE,Sharjah,Wasit Street,25.3343397,55.4249832,,,,0,,openstreetmap
Al Sarab,UAE,Sharjah,Wasit Street,25.3377261,55.4274002,,,,0,,openstreetmap
Sofra Baniyas Resturant and Kitchen Mandi,UAE,Sharjah,Wasit Street,25.3459527,55.4332171,,,,0,,openstreetmap
Desert Palace,UAE,Sharjah,Wasit Street,25.3468581,55.4338506,,,,0,,openstreetmap
Baked Potato,UAE,Sharjah,Wasit Street,25.3482293,55.4348102,,,,0,,openstreetmap
Zahrat Samnan Cafeteria,UAE,Sharjah,Wasit Street,25.3391654,55.4275695,,,,0,,openstreetmap
چکن اکسپرس,UAE,Sharjah,,25.3564688,55.386804,,,,0,,openstreetmap
Lahore & Punjab Restaurant,UAE,Sharjah,Second Industrial Street,25.3013257,55.3974995,,,,0,,openstreetmap
Thalessery,UAE,Sharjah,Second Industrial Street,25.310231,55.4058851,,,,0,,openstreetmap
Cafeteria,UAE,Sharjah,Second Industrial Street,25.3103949,55.4060471,,,,0,,openstreetmap
Sindh Palace,UAE,Sharjah,Second Industrial Street,25.3179175,55.4127067,,,,0,,openstreetmap
Islamabad,UAE,Sharjah,Sheikh Mohammed Bin Zayed Road,25.2938296,55.434761,,,,0,,openstreetmap
Sharjah Club Cafeteria,UAE,Sharjah,Second Industrial Street,25.3314355,55.4222323,,,,0,,openstreetmap
Saba,UAE,Sharjah,Second Industrial Street,25.3323655,55.4229226,,,,0,,openstreetmap
Najmat Wasittt Fast Food,UAE,Sharjah,Wasit Street,25.3359236,55.4252229,,,,0,,openstreetmap
Fusion bites,UAE,Sharjah,,25.3213977,55.5202287,,,,0,,openstreetmap
Spicy Hot Burger Cafeteria,UAE,Sharjah,,25.3443464,55.3908615,,,,0,,openstreetmap
Muatam beryani,UAE,Sharjah,,25.2976172,55.4388254,,,,0,,openstreetmap
2 December Cafeteria,UAE,Sharjah,,25.0410323,55.7320698,,,,0,,openstreetmap
Prince Cafe,UAE,Sharjah,,25.3475266,55.3843485,,,,0,,openstreetmap
101 Cafe,UAE,Sharjah,,25.3600152,55.3835175,,,,0,,openstreetmap
New York Snacks,UAE,Sharjah,,25.3695831,55.3927349,,,,0,,openstreetmap
Last Exit Burger,UAE,Sharjah,,25.369422,55.393966,,,,0,,openstreetmap
Nad wasit,UAE,Sharjah,wasit street,25.3525306,55.4378728,065382041,https://nadwasit.com/,,0,,openstreetmap
Al Bukhari Cafeteria,UAE,Sharjah,,25.3474552,55.3842295,,,,0,,openstreetmap
Dawar Al Umdah,UAE,Sharjah,,25.3743767,55.4056029,,,,0,,openstreetmap
sina al madina rest,UAE,Sharjah,,25.3165746,55.4022396,,,,0,,openstreetmap
Старбакс,UAE,Sharjah,,25.3216447,55.375745,,,,0,,openstreetmap
Biryani Kabab,UAE,Sharjah,,25.2974597,55.4389605,,,,0,,openstreetmap
مطعم شروق اليمن,UAE,Sharjah,,25.3620932,55.3881943,+97165757528,,,0,,openstreetmap
McDonald's,UAE,Sharjah,,25.3642166,55.4047154,,,,0,,openstreetmap
Bent Al Noketha Restaurant,UAE,Sharjah,,25.0766222,56.3599764,,,,0,,openstreetmap
Rukn Thouq Cafeteria,UAE,Sharjah,,25.2871624,55.8816823,,,,0,,openstreetmap
Shurooq Al Yemen Restaurant,UAE,Sharjah,,25.3619149,55.3885306,,,,0,,openstreetmap
Al Miqat Restaurant,UAE,Sharjah,,25.3640815,55.4065879,,,,0,,openstreetmap
Shay Al Shan Cafe,UAE,Sharjah,,25.3642026,55.407233,,,,0,,openstreetmap
Salkara,UAE,Sharjah,,25.3026641,55.3691737,,https://salkara.ae,,0,,openstreetmap
Tanor Zaman Pastry,UAE,Sharjah,شارع التعاون,25.314222,55.3772193,,,,0,,openstreetmap
الخان چاچا,UAE,Sharjah,شارع التعاون,25.3118488,55.3766295,,,,0,,openstreetmap
Grano Caffe,UAE,Sharjah,,25.2554761,55.5724596,,,,0,,openstreetmap
بروكلي بيتزا و باستا,UAE,Sharjah,,25.2554481,55.5725836,,,,0,,openstreetmap
Papa Murphy's,UAE,Sharjah,,25.3240173,55.3822257,,,,0,,openstreetmap
Atyab falafel,UAE,Sharjah,,25.3250707,55.3769518,,,,0,,openstreetmap
Al Mirsal Cafeteria,UAE,Sharjah,,25.3242424,55.3787988,,,,0,,openstreetmap
Laffah,UAE,Sharjah,,25.3239535,55.3806313,,,,0,,openstreetmap
Friends Cafeteria,UAE,Sharjah,,25.3767796,55.6011637,,,,0,,openstreetmap
صقر الخليج,UAE,Sharjah,شارع التعاون,25.3118699,55.3766863,00971566565615,,,0,,openstreetmap
الفوج,UAE,Sharjah,,25.3494511,56.3478707,,,,0,,openstreetmap
Wadi Al Arayesh,UAE,Sharjah,,25.342835,56.3482983,,,,0,,openstreetmap
Abu Al Joud Cafeteria,UAE,Sharjah,,25.3267468,55.3771492,,,,0,,openstreetmap
Magic Lassi,UAE,Sharjah,,25.3260014,55.3770215,,,,0,,openstreetmap
Themar al bahar fish cooking,UAE,Sharjah,,25.3203663,55.3797534,,,,0,,openstreetmap
Shawarma ya hala,UAE,Sharjah,,25.3218724,55.3858349,,,,0,,openstreetmap
mashawi karam al shahba restaurants,UAE,Sharjah,,25.322047,55.3859637,,,,0,,openstreetmap
nahmat al badya,UAE,Sharjah,,25.3230488,55.3832251,,,,0,,openstreetmap
falafel hussam,UAE,Sharjah,,25.3237707,55.3839833,,,,0,,openstreetmap
Mahroosah Sweets,UAE,Sharjah,,25.307602,55.3691944,,,,0,,openstreetmap
Tareeq Al Salalah Fast Food,UAE,Sharjah,,25.3068828,55.3698104,,,,0,,openstreetmap
Jabal Al Shams Cafeteria,UAE,Sharjah,,25.3072477,55.3707223,,,,0,,openstreetmap
كباب افغاني,UAE,Sharjah,,25.3215691,55.3875975,,,,0,,openstreetmap
Five star multi cuisine,UAE,Sharjah,,25.3326373,55.3754062,,,,0,,openstreetmap
ستاربكس,UAE,Sharjah,,25.3338627,55.3756876,,,,0,,openstreetmap
papa roti,UAE,Sharjah,,25.3343566,55.3754777,,,,0,,openstreetmap
sol restaurant,UAE,Sharjah,,25.334711,55.375629,,,,0,,openstreetmap
Tim Hortons,UAE,Sharjah,,25.3350098,55.3755417,,,,0,,openstreetmap
falafll,UAE,Sharjah,,25.3441787,55.3951945,,,,0,,openstreetmap
مطعم شامي ١,UAE,Sharjah,,25.3393217,55.3931735,,,,0,,openstreetmap
Rebou Lebanon Restaurant,UAE,Sharjah,,25.3618029,56.3478735,,,,0,,openstreetmap
Food outlets,UAE,Sharjah,,25.223278,55.5985796,,,,0,,openstreetmap
SFC plus,UAE,Sharjah,,25.2554332,55.5726296,,,,0,,openstreetmap
سماتج,UAE,Sharjah,,25.3300981,55.3583685,,,,0,,openstreetmap
Al Alwan Althalatha Cafe,UAE,Sharjah,,25.1344253,55.9086968,,,,0,,openstreetmap
Rukn Al Melaiha Roastery,UAE,Sharjah,,25.1349236,55.907561,,,,0,,openstreetmap
Alwan Al Hayath,UAE,Sharjah,,25.1350578,55.9072546,,,,0,,openstreetmap
BurgeRito,UAE,Sharjah,,25.13763,55.901518,,,,0,,openstreetmap
Al Tajalthahabi,UAE,Sharjah,,25.1368445,55.9032883,,,,0,,openstreetmap
Ain Alseeh Cafe,UAE,Sharjah,,25.1367437,55.9035283,,,,0,,openstreetmap
Al Hadh,UAE,Sharjah,,25.1381539,55.9003647,,,,0,,openstreetmap
Bait Al Shai Cafeteria,UAE,Sharjah,,25.1382049,55.900254,,,,0,,openstreetmap
Hamburgheni,UAE,Sharjah,,25.1383075,55.9000128,,,,0,,openstreetmap
Rukn Al Badyah Roastry,UAE,Sharjah,,25.1383257,55.8999722,,,,0,,openstreetmap
Al Ikhtayar,UAE,Sharjah,,25.1384107,55.8997625,,,,0,,openstreetmap
Rabiee Al Dar,UAE,Sharjah,,25.1389157,55.8986132,,,,0,,openstreetmap
Al Muntather,UAE,Sharjah,,25.1778648,55.7340003,,,,0,,openstreetmap
G20-Sport,UAE,Sharjah,,25.3319409,55.3569349,,,,0,,openstreetmap
indian coffe house,UAE,Sharjah,,25.3298367,55.3950844,,,,0,,openstreetmap
Albanjah,UAE,Sharjah,,25.3327848,55.3627576,,,,0,,openstreetmap
Zad,UAE,Sharjah,Zad,25.3176328,55.4746856,,,,0,,openstreetmap
sanabar,UAE,Sharjah,,25.334406,55.3624162,,,,0,,openstreetmap
Al Afadhil,UAE,Sharjah,,25.3175457,55.3855372,,,,0,,openstreetmap
Deli Sushi Sharjah,UAE,Sharjah,,25.3114766,55.4565778,+97165552225,https://www.instagram.com/delisushishj,,0,,openstreetmap
Taj Al Bahr Restaurant,UAE,Sharjah,,25.2879806,55.8867012,,,,0,,openstreetmap
Apple Pie,UAE,Sharjah,,24.9239428,55.7602989,,,,0,,openstreetmap
Hash one,UAE,Sharjah,,25.0841132,56.3578698,,,,0,,openstreetmap
Wadi Swat,UAE,Sharjah,,25.369827,55.3990634,,,,0,,openstreetmap
Chicken World,UAE,Sharjah,Bukhara Street,25.2994456,55.374036,+9715055828,,,0,,openstreetmap
كباقهوة,UAE,Sharjah,,25.3168568,55.4754175,,,,0,,openstreetmap
Tamm Cafe,UAE,Sharjah,,25.0847689,56.358743,+97192289998,,,0,,openstreetmap
Al Ghaar,UAE,Sharjah,,25.301198,55.365932,,,,0,,openstreetmap
مطعم اكدم العراقية,UAE,Sharjah,,25.3454474,55.3916214,+97165599950,,,0,,openstreetmap
KAW-FEE,UAE,Sharjah,,25.3071588,55.4595746,+971507779963,https://megnad.ae/,,0,,openstreetmap
Flux Speciality,UAE,Sharjah,,25.304826,55.470032,,,,0,,openstreetmap
Volt,UAE,Sharjah,,25.3046772,55.4698151,,,,0,,openstreetmap
Banyan Café,UAE,Sharjah,شارع جمال عبد الناصر,25.3262551,55.3912052,,https://www.hilton.com/en/hotels/shjawdi-doubletree-sharjah-waterfront-hotel-and-residences/,,0,,openstreetmap
Al Suhub,UAE,Sharjah,,25.3610441,56.3243451,,,,0,,openstreetmap
Zushi,UAE,Sharjah,,25.3111927,55.4593284,,,,0,,openstreetmap
Barbar Restaurant,UAE,Sharjah,,25.3155729,55.3767064,,,,0,,openstreetmap
Just Burger,UAE,Sharjah,,25.3523304,56.3495261,,,,0,,openstreetmap
Just Fresh,UAE,Sharjah,,25.3417892,55.4294134,,,,0,,openstreetmap
WALFA CAFE,UAE,Sharjah,,25.0082714,56.3493707,,,,0,,openstreetmap
Karak & snack,UAE,Sharjah,al wahda street,25.0243693,56.3484791,092773300,https://www.karakandsnackae.com/,,0,,openstreetmap
Minibox Restaurant,UAE,Sharjah,al wahda street,25.0242556,56.3485002,092777034,https://www.miniboxae.com/,,0,,openstreetmap
Falafel al nile,UAE,Sharjah,al wahda street,25.0237133,56.3484825,092777422,https://www.falafelalnile.com/,,0,,openstreetmap
Dunes And Waves,UAE,Sharjah,,25.3617635,55.4718856,,,,0,,openstreetmap
The Hut,UAE,Sharjah,,25.3216652,55.5216865,,,,0,,openstreetmap
Green Leaf,UAE,Sharjah,,25.3215457,55.521576,,,,0,,openstreetmap
Costa,UAE,Sharjah,,25.3215785,55.5214081,,,,0,,openstreetmap
Woc,UAE,Sharjah,,25.321653,55.5213319,,,,0,,openstreetmap
Mumbai Delight,UAE,Sharjah,,25.3216884,55.5212886,,,,0,,openstreetmap
Mishmish Restaurant,UAE,Sharjah,,25.3217321,55.5214061,,,,0,,openstreetmap
Peppers,UAE,Sharjah,,25.3216818,55.5214844,,,,0,,openstreetmap
in minde cafe,UAE,Sharjah,طريق الشيخ خالد بن محمد القاسمي,25.3322309,56.3471824,0564174906,,,0,,openstreetmap
Thai gate Khorfakkan,UAE,Sharjah,"9924+R2 Khor Fakkan, Sharjah",25.3521288,56.3549923,096060894,https://www.thaigate.org/,,0,,openstreetmap
% Arabica,UAE,Sharjah,,25.3163741,55.4547571,,,,0,,openstreetmap
La Brioche,UAE,Sharjah,,25.3141434,55.4741228,,,,0,,openstreetmap
Wingsters Al Jada,UAE,Sharjah,Areej 1 Al Jada,25.3194377,55.4819923,+97167151160,,,0,,openstreetmap
Tazej & Khafif Cafeteria,UAE,Sharjah,,25.2946843,56.2261447,,,,0,,openstreetmap
Alben & Al Hawha Roastry,UAE,Sharjah,,25.2947185,56.2265026,,,,0,,openstreetmap
Qaser Al Falafil Cafeteria - Branch 1,UAE,Sharjah,,25.2947289,56.2265985,,,,0,,openstreetmap
Madheena Alqadeem Restaurant,UAE,Sharjah,,25.294788,56.2271665,,,,0,,openstreetmap
Mathaq Jouz Alhind Juice,UAE,Sharjah,,25.2948052,56.2273157,,,,0,,openstreetmap
DESI Firangi restaurant,UAE,Sharjah,شارع سمرقند,25.3062333,55.3806279,+97144475560+971564815786,https://desifirangi.me/,,0,,openstreetmap
سسيا,UAE,Sharjah,,25.2994198,55.3683565,+97165350055,,,0,,openstreetmap
Delhi Nihari,UAE,Sharjah,,25.3015597,55.3680272,+971545579916,,,0,,openstreetmap
كافتيريا الوطال,UAE,Sharjah,,25.2996246,55.3727056,+971555135892,,,0,,openstreetmap
Chikarro,UAE,Sharjah,,25.2994638,55.3679202,+971504776608+97165791974,,,0,,openstreetmap
اشيان وك,UAE,Sharjah,,25.3152741,55.4553579,,,,0,,openstreetmap
تشيكينغ,UAE,Sharjah,,25.3152312,55.4553233,,,,0,,openstreetmap
مطعم كل الا ذواق,UAE,Sharjah,,25.307193,55.3796481,+97165543355+971524461815,,,0,,openstreetmap
مطعم دار البحر,UAE,Sharjah,,25.304488,55.3808315,,,,0,,openstreetmap
مطعم الذوق الفلبيني,UAE,Sharjah,,25.299437,55.3682028,+971506055518,,,0,,openstreetmap
كافتيريا الجرف,UAE,Sharjah,,25.2998123,55.3673034,,,,0,,openstreetmap
كافتيريا العناب,UAE,Sharjah,,25.3080553,55.3778074,+97165302744,,,0,,openstreetmap
فودبوك,UAE,Sharjah,,25.2993318,55.3684814,,,,0,,openstreetmap
قيصر,UAE,Sharjah,,25.3158342,55.4547775,,,,0,,openstreetmap
مطعم قصر الماس,UAE,Sharjah,,25.2998348,55.3699576,+971522750040,,,0,,openstreetmap
Jollibee,UAE,Sharjah,,25.2974226,55.3733663,+971600587000,https://jollibeeuae.com,,0,,openstreetmap
Hatam,UAE,Sharjah,,25.297913,55.3732183,,,,0,,openstreetmap
Papa John's,UAE,Sharjah,,25.2978648,55.3729785,,,,0,,openstreetmap
House Inasal,UAE,Sharjah,,25.2978535,55.3729236,,,,0,,openstreetmap
Popeyes,UAE,Sharjah,,25.2974123,55.3732475,,,,0,,openstreetmap
Cinnabon,UAE,Sharjah,,25.2974351,55.3736907,,,,0,,openstreetmap
Fujiyama,UAE,Sharjah,,25.2974076,55.3735227,,,,0,,openstreetmap
Paul,UAE,Sharjah,,25.2979427,55.3750365,,,,0,,openstreetmap
Cafe Castle,UAE,Sharjah,,25.305399,55.3835581,,,,0,,openstreetmap
Alaseel grill,UAE,Sharjah,,25.3493589,55.3790093,,,,0,,openstreetmap
Wok Boyz,UAE,Sharjah,,25.2974181,55.3734271,,,,0,,openstreetmap
Nilavara,UAE,Sharjah,,25.3011994,55.3789857,,,,0,,openstreetmap
Dream Tea Cafeteria,UAE,Sharjah,,25.3005147,55.3777216,,,,0,,openstreetmap
Tikka Paaji,UAE,Sharjah,,25.300078,55.378262,+97165289949,,,0,,openstreetmap
Bubee Drinks,UAE,Sharjah,,25.3454931,55.3988624,,,,0,,openstreetmap
Tea Park,UAE,Sharjah,,25.3026518,55.3742481,,,,0,,openstreetmap
Ashriwad Food Court,UAE,Sharjah,,25.3016199,55.3750469,,,,0,,openstreetmap
Hotspot,UAE,Sharjah,,25.3015538,55.375291,,,,0,,openstreetmap
Wow! Momo & Cassi,UAE,Sharjah,,25.3015433,55.3753284,,,,0,,openstreetmap
Al Wajbah Al Youmir Cafeteria,UAE,Sharjah,,25.3015335,55.3753685,,,,0,,openstreetmap
Star Tea Cafeteria,UAE,Sharjah,,25.3037748,55.3782772,,,,0,,openstreetmap
Fresh Grill Corner Cafeteria,UAE,Sharjah,,25.3039143,55.3787191,,,,0,,openstreetmap
Mac Island Tea,UAE,Sharjah,,25.2977672,55.3722363,,,,0,,openstreetmap
Chin Chin,UAE,Sharjah,,25.2973203,55.3729284,,,,0,,openstreetmap
Fruit Punch,UAE,Sharjah,,25.2973509,55.373075,,,,0,,openstreetmap
Bubee,UAE,Sharjah,,25.2973871,55.3708958,,,,0,,openstreetmap
Atelier BLG,UAE,Sharjah,,25.2979003,55.3710133,,,,0,,openstreetmap
Al Farooj Al Shami,UAE,Sharjah,,25.2973707,55.373114,,,,0,,openstreetmap
East & West Rest.,UAE,Sharjah,,25.3153509,55.3826716,,,,0,,openstreetmap
Student Biryani,UAE,Sharjah,,25.299665,55.3735555,,,,0,,openstreetmap
Captain's Port,UAE,Sharjah,,25.300079,55.3732936,,,,0,,openstreetmap
Madinat Goku Cafeteria,UAE,Sharjah,,25.3016107,55.3781327,,,,0,,openstreetmap
Ginger & Lemon Restaurant,UAE,Sharjah,,25.3016799,55.3782661,,,,0,,openstreetmap
New York Fries,UAE,Sharjah,,25.2974179,55.3731968,,,,0,,openstreetmap
Charlie's Philly Steaks,UAE,Sharjah,,25.2973952,55.373149,,,,0,,openstreetmap
Inasal Express,UAE,Sharjah,,25.2974049,55.3736062,,,,0,,openstreetmap
Paratha King,UAE,Sharjah,,25.2974125,55.3736492,,,,0,,openstreetmap
Keventers,UAE,Sharjah,,25.2977623,55.3736785,,,,0,,openstreetmap
Lemon Tree,UAE,Sharjah,,25.297258,55.3712865,,,,0,,openstreetmap
alicoffee,UAE,Sharjah,piruzi,25.3641736,55.3922035,0387545458,,,0,,openstreetmap
Habib Beirut,UAE,Sharjah,,24.9884498,56.2994698,,,,0,,openstreetmap
Al Baik,UAE,Sharjah,,25.3289981,55.3892797,,,,0,,openstreetmap
Filli,UAE,Sharjah,,25.3216628,55.3757944,,,,0,,openstreetmap
Al Ijaza Express Cafeteria,UAE,Sharjah,شارع الشيخ خليفة,25.3061261,55.453794,,,,0,,openstreetmap
Fry'o,UAE,Sharjah,,25.3004128,55.3711761,+971543969555,https://fryouae.com/,,0,,openstreetmap
Dampa Feast,UAE,Sharjah,,25.298223,55.3745782,,,,0,,openstreetmap
O'regal Cafe,UAE,Sharjah,,25.2979244,55.3750278,,,,0,,openstreetmap
Happy Bubbles,UAE,Sharjah,,25.2975218,55.3731878,,,,0,,openstreetmap
Bos Coffee,UAE,Sharjah,,25.297648,55.3725826,,,,0,,openstreetmap
Katrina,UAE,Sharjah,,25.2974476,55.3719146,,,,0,,openstreetmap
Wellness Village Cafe,UAE,Sharjah,,25.2973783,55.3709983,,,,0,,openstreetmap
Levant Village Restaurant,UAE,Sharjah,,25.2973706,55.3710612,,,,0,,openstreetmap
Kimbo,UAE,Sharjah,,25.2977231,55.3699063,,,,0,,openstreetmap
Jamaica Blue,UAE,Sharjah,,25.2977549,55.3698711,,,,0,,openstreetmap
Home Park Restuarant,UAE,Sharjah,شارع 13,25.2975395,55.368211,0557064302,,,0,,openstreetmap
Salt,UAE,Sharjah,,25.3824463,55.4015005,,,,0,,openstreetmap
Place,UAE,Sharjah,,25.382453,55.4018873,,,,0,,openstreetmap
Al Nida,UAE,Sharjah,,25.3014,55.3777457,,,,0,,openstreetmap
Mathaq Falafel,UAE,Sharjah,,25.3010404,55.3665437,,,,0,,openstreetmap
House of Tea,UAE,Sharjah,,25.3693708,55.4507217,,,,0,,openstreetmap
Heba Burger,UAE,Sharjah,,25.3817626,55.4029481,,,,0,,openstreetmap
Illy Caffe,UAE,Sharjah,,25.3253274,55.3861549,,,,0,,openstreetmap
Auberge,UAE,Sharjah,,25.3291616,55.3892857,+97165533279,https://aubergecafe.com,,0,,openstreetmap
Shakarji,UAE,Sharjah,,25.3288736,55.389481,,,,0,,openstreetmap
Spice Grill,UAE,Sharjah,,25.3288287,55.3894835,,,,0,,openstreetmap
المحامص الخضراء,UAE,Sharjah,,25.2820339,55.8759388,,,,0,,openstreetmap
برقر حوار,UAE,Sharjah,,25.2821431,55.8759615,,,,0,,openstreetmap
هونخ كونخ,UAE,Sharjah,,25.3491577,55.4097816,,,,0,,openstreetmap
شريف بهاي,UAE,Sharjah,,25.3491309,55.4098388,,,,0,,openstreetmap
Wishi,UAE,Sharjah,,25.3477372,56.3171357,,https://sharjahcollection.ae/najd-al-meqsar/,,0,,openstreetmap
Healthy Balance,UAE,Sharjah,,25.2749871,55.8757152,0502661510,https://healthybalance-ae.business.site/,,0,,openstreetmap
Shams Al Aseel,UAE,Sharjah,,25.3711863,55.4280773,,,,0,,openstreetmap
Chicken Tikka,UAE,Sharjah,,25.305452,55.3743436,,,,0,,openstreetmap
Hot Cup,UAE,Sharjah,,25.3107275,55.379482,,,,0,,openstreetmap
Fish Market Restaurant,UAE,Sharjah,,25.3217652,55.3895522,,,,0,,openstreetmap
Hkayat Restaurant,UAE,Sharjah,,25.3882152,55.4143442,,,,0,,openstreetmap
Sharouf Al Fareej Cafe,UAE,Sharjah,,25.3677912,55.4155214,,,,0,,openstreetmap
Koukh AL Shay Cafeteria,UAE,Sharjah,Al Khan Street,25.3171047,55.3800549,,,,0,,openstreetmap
Tapa King,UAE,Sharjah,Al Wahda Street,25.3201367,55.3869554,,,,0,,openstreetmap
Mehfil Biryani,UAE,Sharjah,Al Wahda Street,25.3181918,55.3851837,,,,0,,openstreetmap
Sivestar Bhavan Restaurant,UAE,Sharjah,Al Ghuwair Street,25.3558716,55.3902552,,,,0,,openstreetmap
Tareeq Al Saadah,UAE,Sharjah,Malik Bin Amr Street,25.33654,55.3943438,,,,0,,openstreetmap
Qasr Al Corniche Cafeteria,UAE,Sharjah,Ja'asham Al Khair Street,25.3493962,55.3977115,,,,0,,openstreetmap
Shatee Al Heera Cafeteria,UAE,Sharjah,Al Sharq Street,25.3890076,55.4201269,,,,0,,openstreetmap
Alpha Restuarant,UAE,Sharjah,Sheikh Saqr Bin Khalid Al Qasimi Street,25.3492041,55.3971683,,,,0,,openstreetmap
Diwan Al Shami,UAE,Sharjah,Ma'aqal Bin Al Munther Street,25.3424197,55.3927508,,,,0,,openstreetmap
Jabal Al Tubah Cafeteria,UAE,Sharjah,Ajman Ring Road,25.3852812,55.4410629,,,,0,,openstreetmap
Al Shan Public Kitchen,UAE,Sharjah,Sheikh Khalid bin Mohammed al Qassimi Street,25.3739933,55.4305365,0508977746,,,0,,openstreetmap
برج الصباح,UAE,Sharjah,,25.3604119,55.4151915,,,,0,,openstreetmap
Panoor,UAE,Sharjah,Sheikh Mohammed Bin Zayed Road,25.3023628,55.4419099,,,,0,,openstreetmap
كفتيريا الخفايف,UAE,Sharjah,,25.3296154,55.4500127,,,,0,,openstreetmap
كفتيريا جبل النور,UAE,Sharjah,,25.325465,55.4575774,,,,0,,openstreetmap
Joe's Bar,UAE,Sharjah,,25.3391431,55.4190588,,,,0,,openstreetmap
Bareeq Al Hayath Cafeteria,UAE,Sharjah,,25.1260093,55.926633,,,,0,,openstreetmap
Joolan Cafeteria,UAE,Sharjah,,25.2888905,55.9910615,,,,0,,openstreetmap
Mavia Al Faya,UAE,Sharjah,,25.0513652,55.8052368,,,,0,,openstreetmap
Gardinia Cafe,UAE,Sharjah,,25.0058662,56.350408,,,,0,,openstreetmap
SAALAT AL SHAY CAFE,UAE,Sharjah,Sheikh Khalifa Street,25.3072949,55.4547152,+97165688786,,,0,,openstreetmap
مطعم هاني وعافية,UAE,Sharjah,,25.2056506,55.6542508,,,,0,,openstreetmap
thai gate heera beach,UAE,Sharjah,"Heera Beach, Thai Gate - Al Muntazah - Sharjah",25.3856342,55.4060992,065344408,https://www.thaigate.org/,,0,,openstreetmap
أربيان تى هاوس,UAE,Sharjah,,25.3596318,55.3838014,,,,0,,openstreetmap
Jones the Grocer,UAE,Sharjah,,25.3464776,55.3788098,,,,0,,openstreetmap
مايسترو بيتزا,UAE,Sharjah,,25.3028969,55.382958,,,,0,,openstreetmap
Tanuki,UAE,Sharjah,,25.316643,55.4549113,,,,0,,openstreetmap
The View By Wave,UAE,Sharjah,,25.3417086,56.3587407,,,,0,,openstreetmap
Bosnian Grill,UAE,Sharjah,,25.3202126,56.3426864,,,,0,,openstreetmap
Gerard,UAE,Sharjah,,25.2932075,56.2355583,,,,0,,openstreetmap
طاهي,UAE,Sharjah,,25.3120103,55.3736503,,,,0,,openstreetmap
مهروسة للحلويات,UAE,Sharjah,,25.3300354,55.3582191,,,,0,,openstreetmap
Palma Saray Restaurant and cafe,UAE,Umm Al Quwain,,25.5662317,55.5662848,,,4.3,0,,google_places
Sikkat Beirut Restaurant and Cafe umm Al Quiwan,UAE,Umm Al Quwain,,25.496063099999997,55.5611224,,,4.2,0,,google_places
LUXEMISU UAQ,UAE,Umm Al Quwain,,25.534812499999997,55.613437499999996,,,4.9,0,,google_places
Chillout Restaurant,UAE,Umm Al Quwain,,25.5153161,55.545257,,,4.2,0,,google_places
ELWaseya Restaurant,UAE,Umm Al Quwain,,25.5485054,55.545074199999995,,,4.5,0,,google_places
The Copper Table Bistro | UAQ Branch,UAE,Umm Al Quwain,,25.521359399999998,55.543973199999996,,,4.9,0,,google_places
Wadi Al Neel Restaurant,UAE,Umm Al Quwain,Al Najah Street,25.5519757,55.5529879,,,4.3,0,,"google_places, openstreetmap"
Bait Al Mandi - Umm Al Quwain,UAE,Umm Al Quwain,,25.5343803,55.538688199999996,,,4.3,0,,google_places
PODHI KITCHEN UAQ,UAE,Umm Al Quwain,طريق الملك فيصل,25.514779899999997,55.5430351,,,4.5,0,,"google_places, openstreetmap"
Origins Umm Al Quwain,UAE,Umm Al Quwain,,25.5786819,55.5646664,,,4.8,0,,google_places
Emirates Sea Restaurant - Umm Al Quwain,UAE,Umm Al Quwain,,25.5366651,55.539682,,,4.4,0,,google_places
Thalassery Restaurant,UAE,Umm Al Quwain,,25.503234199999998,55.549977,,,3.5,0,,google_places
Al Ayaam Restaurant & Grilleds,UAE,Umm Al Quwain,,25.5441875,55.541687499999995,,,4.0,0,,google_places
Thunder Road - Barracuda,UAE,Umm Al Quwain,,25.5876056,55.6519938,,,4.5,0,,google_places
MIZN RESTAURANT,UAE,Umm Al Quwain,,25.551437099999998,55.547978099999995,,,4.8,0,,google_places
House Of Mandi Restaurant - Umm Al Quwain branch 2,UAE,Umm Al Quwain,,25.5036076,55.585259099999995,,,4.6,0,,google_places
Tasty Grill Restaurant,UAE,Umm Al Quwain,Al Jeddah Street,25.5038125,55.5511875,,,4.2,0,,"google_places, openstreetmap"
Stage2 at Vida Beach Resort,UAE,Umm Al Quwain,,25.5787008,55.564655699999996,,,4.9,0,,google_places
Galaxy Restaurant UAQ Branch 1,UAE,Umm Al Quwain,,25.502818599999998,55.558845399999996,,,4.9,0,,google_places
Aviation Cafe,UAE,Umm Al Quwain,,25.5807015,55.6523126,,,,0,,openstreetmap
Baracuda Italian Food,UAE,Umm Al Quwain,,25.5886286,55.6546884,,,,0,,openstreetmap
McDonald's,UAE,Umm Al Quwain,,25.548035,55.5448882,,,,0,,openstreetmap
دجاج كنتاكي,UAE,Umm Al Quwain,,25.5445541,55.5429917,,,,0,,openstreetmap
Bedouin Oasis Camp,UAE,Umm Al Quwain,,25.5527245,55.8279222,,http://arabianincentive.com/bedouin-oasis.aspx,,0,,openstreetmap
مطعم عمر الخيام,UAE,Umm Al Quwain,شارع الاتحاد,25.493342,55.5502501,,,,0,,openstreetmap
مقهى الاحبه,UAE,Umm Al Quwain,,25.51013,55.5471076,,,,0,,openstreetmap
كافتريا بلقيس,UAE,Umm Al Quwain,Al Ittihad Road,25.4943506,55.5512629,,,,0,,openstreetmap
هوت برقر,UAE,Umm Al Quwain,Al Ittihad Road,25.5008297,55.5740879,,,,0,,openstreetmap
اكس برجر,UAE,Umm Al Quwain,Al Ittihad Road,25.5040469,55.5853485,,,,0,,openstreetmap
Zumarod Al Afghani Rice Bukhari Restaurant,UAE,Umm Al Quwain,,25.5043864,55.5495472,,,,0,,openstreetmap
بيتزا هت,UAE,Umm Al Quwain,,25.544624,55.5430281,,,,0,,openstreetmap
Krispy Kreme,UAE,Umm Al Quwain,,25.5446977,55.5430223,,,,0,,openstreetmap
Burger Shack,UAE,Umm Al Quwain,2nd December Street,25.4976199,55.579779,,,,0,,openstreetmap
Belgian Waffles,UAE,Umm Al Quwain,,25.4975837,55.5797965,,,,0,,openstreetmap
Karak Express,UAE,Umm Al Quwain,,25.5614921,55.5517316,,,,0,,openstreetmap
Subway,UAE,Umm Al Quwain,,25.5726274,55.5580323,,,,0,,openstreetmap
مقهى السوالف,UAE,Umm Al Quwain,,25.5006033,55.5499181,,,,0,,openstreetmap
Salman Restaurant,UAE,Umm Al Quwain,Al Jahra'a Street,25.5060989,55.5502977,,,,0,,openstreetmap
Nouf'al,UAE,Umm Al Quwain,,25.5048852,55.550811,,,,0,,openstreetmap
Najma Restaurant,UAE,Umm Al Quwain,Al Jahra'a Street,25.5048738,55.5504364,,,,0,,openstreetmap
Suncity Restaurant,UAE,Umm Al Quwain,,25.5864469,55.57429,,,,0,,openstreetmap
Sadaf,UAE,Umm Al Quwain,,25.5863755,55.5744508,,,,0,,openstreetmap
Sagar Restaurant,UAE,Umm Al Quwain,Al Goub Street,25.5850193,55.5762306,,,,0,,openstreetmap
Al Shabrah Restaurant,UAE,Umm Al Quwain,Corniche Road,25.582483,55.5769291,,,,0,,openstreetmap
Cardoba Restaurant,UAE,Umm Al Quwain,King Faisal Road,25.5864705,55.5706292,,,,0,,openstreetmap
Usthad Restaurant,UAE,Umm Al Quwain,,25.5836018,55.562238,,,,0,,openstreetmap
Sea Corner Cafeteria,UAE,Umm Al Quwain,Al Diwan Al Amiri Street,25.5770986,55.5571189,,,,0,,openstreetmap
Al Marjana,UAE,Umm Al Quwain,Oqbah Bin Nafae,25.5526025,55.5488264,,,,0,,openstreetmap
Al Afiyah Restaurant,UAE,Umm Al Quwain,Oqbah Bin Nafae,25.5521373,55.5498428,,,,0,,openstreetmap
Al Riyadh Cafeteria,UAE,Umm Al Quwain,Sheikh Rashid Bin Saeed Al Maktoum Street,25.5509934,55.5531623,,,,0,,openstreetmap
Caffé,UAE,Umm Al Quwain,King Faisal Road,25.5729446,55.5582228,,,,0,,openstreetmap
مطعم امواج السيف,UAE,Umm Al Quwain,Omar Bin Al Khattab Road,25.5565728,55.5508557,,,,0,,openstreetmap
Tasty Burger,UAE,Umm Al Quwain,Omar Bin Abdulazeez Street,25.5503868,55.5520444,,,,0,,openstreetmap
Chicken Hut,UAE,Umm Al Quwain,Sheikh Rashid Bin Saeed Al Maktoum Street,25.5501231,55.551914,,,,0,,openstreetmap
Happy Restaurant,UAE,Umm Al Quwain,Sheikh Rashid Bin Saeed Al Maktoum Street,25.5494746,55.5514929,,,,0,,openstreetmap
Al Atlal Sweets & Roastery,UAE,Umm Al Quwain,Sheikh Rashid Bin Saeed Al Maktoum Street,25.5492166,55.551335,,,,0,,openstreetmap
فطائر جنان الشام,UAE,Umm Al Quwain,,25.5713553,55.5564567,,,,0,,openstreetmap
Arab Sea Restaurant,UAE,Umm Al Quwain,Al Methmal Street,25.5697061,55.5554615,,,,0,,openstreetmap
Shahaban Cafeteria,UAE,Umm Al Quwain,King Faisal Road,25.5690408,55.5550972,,,,0,,openstreetmap
Taiba,UAE,Umm Al Quwain,King Faisal Road,25.5591189,55.5498922,,,,0,,openstreetmap
مطعم الاوبرج,UAE,Umm Al Quwain,King Faisal Road,25.557668,55.5492258,,,,0,,openstreetmap
Pizza Romana,UAE,Umm Al Quwain,Oqbah Bin Nafae,25.5526366,55.5487573,,,,0,,openstreetmap
Sandwich Way,UAE,Umm Al Quwain,,25.5526339,55.553446,,,,0,,openstreetmap
Generosity Restaurant,UAE,Umm Al Quwain,Omar Bin Al Khattab Road,25.5572411,55.5503436,,,,0,,openstreetmap
Special Tea Cafeteria,UAE,Umm Al Quwain,Al Nasr Road,25.5631885,55.5537769,,,,0,,openstreetmap
Comilla Restaurant,UAE,Umm Al Quwain,,25.5636529,55.5540113,,,,0,,openstreetmap
Expert Tea,UAE,Umm Al Quwain,,25.4723597,55.5886557,,,,0,,openstreetmap
Sikkat Beirut,UAE,Umm Al Quwain,,25.4956829,55.5605075,,,,0,,openstreetmap
Al Jamahir Public Kitchen,UAE,Umm Al Quwain,,25.53627,55.53943,,,,0,,openstreetmap
Hardee’s Umm Al Quwain,UAE,Umm Al Quwain,,25.5447171,55.543057,,,,0,,openstreetmap
Kite Beach,UAE,Umm Al Quwain,,25.5472807,55.5368633,,,,0,,openstreetmap
Cafe 123,UAE,Umm Al Quwain,,25.5388911,55.5470874,,,,0,,openstreetmap
House of Mandi,UAE,Umm Al Quwain,,25.5037614,55.5851139,,,,0,,openstreetmap
Cran and Crack,UAE,Umm Al Quwain,,25.5039037,55.5853894,,,,0,,openstreetmap
Asian Wok,UAE,Umm Al Quwain,,25.5038786,55.5850608,,,,0,,openstreetmap
Giraffe Café,UAE,Umm Al Quwain,,25.4314462,55.6872283,,,,0,,openstreetmap
Mikoko,UAE,Umm Al Quwain,,25.538698,55.6286248,,,,0,,openstreetmap
ماكدونالدز,UAE,Umm Al Quwain,,25.4976171,55.5680222,,,,0,,openstreetmap
Hot Burger,UAE,Umm Al Quwain,Al Sayegh Street,25.4762598,55.6154101,,,,0,,openstreetmap
بحر الامارات,UAE,Umm Al Quwain,,25.5363649,55.5396032,,,,0,,openstreetmap
Sadaf Al Madina,UAE,Umm Al Quwain,,25.5864547,55.574381,,,,0,,openstreetmap
Al Sultan,UAE,Umm Al Quwain,,25.5869236,55.5765544,,,,0,,openstreetmap
Cabane Bamboo,UAE,Umm Al Quwain,King Faisal Road,25.5805013,55.5620565,,,,0,,openstreetmap
