name,city,address,rating,reviews_count,cuisine,price_range,tripadvisor_url
"(1,490 reviews)",Casablanca,,,0,,,https://www.tripadvisor.com/Restaurant_Review-g293732-d25311337-Reviews-Restaurant_Dar_El_Kaid-Casablanca_Casablanca_Settat.html#REVIEWS
(653 reviews),Casablanca,,,0,,,https://www.tripadvisor.com/Restaurant_Review-g293732-d23444184-Reviews-Mood_s_Cafe_Restaurant-Casablanca_Casablanca_Settat.html#REVIEWS
(350 reviews),Casablanca,,,0,,,https://www.tripadvisor.com/Restaurant_Review-g293732-d18218072-Reviews-Green_Black-Casablanca_Casablanca_Settat.html#REVIEWS
(312 reviews),Casablanca,,,0,,,https://www.tripadvisor.com/Restaurant_Review-g293732-d27484062-Reviews-Bliss_Rooftop-Casablanca_Casablanca_Settat.html#REVIEWS
"(1,331 reviews)",Casablanca,,,0,,,https://www.tripadvisor.com/Restaurant_Review-g293732-d19283910-Reviews-Dar_Dada-Casablanca_Casablanca_Settat.html#REVIEWS
(340 reviews),Casablanca,,,0,,,https://www.tripadvisor.com/Restaurant_Review-g293732-d33226689-Reviews-Monty_s_Cafe_Restaurant-Casablanca_Casablanca_Settat.html#REVIEWS
"(3,817 reviews)",Casablanca,,,0,,,https://www.tripadvisor.com/Restaurant_Review-g293732-d938987-Reviews-Rick_s_Cafe-Casablanca_Casablanca_Settat.html#REVIEWS
(256 reviews),Casablanca,,,0,,,https://www.tripadvisor.com/Restaurant_Review-g293732-d2016229-Reviews-Le_Jasmine-Casablanca_Casablanca_Settat.html#REVIEWS
(422 reviews),Casablanca,,,0,,,https://www.tripadvisor.com/Restaurant_Review-g293732-d11958591-Reviews-La_Pergola-Casablanca_Casablanca_Settat.html#REVIEWS
(67 reviews),Casablanca,,,0,,,https://www.tripadvisor.com/Restaurant_Review-g293732-d34352309-Reviews-Riad_1930_Casablanca-Casablanca_Casablanca_Settat.html#REVIEWS
(463 reviews),Casablanca,,,0,,,https://www.tripadvisor.com/Restaurant_Review-g293732-d2450209-Reviews-Restaurant_El_Gousto-Casablanca_Casablanca_Settat.html#REVIEWS
(707 reviews),Casablanca,,,0,,,https://www.tripadvisor.com/Restaurant_Review-g293732-d866291-Reviews-Restaurant_La_Bavaroise-Casablanca_Casablanca_Settat.html#REVIEWS
(785 reviews),Casablanca,,,0,,,https://www.tripadvisor.com/Restaurant_Review-g293732-d1576804-Reviews-Basmane-Casablanca_Casablanca_Settat.html#REVIEWS
(67 reviews),Casablanca,,,0,,,https://www.tripadvisor.com/Restaurant_Review-g293732-d27461083-Reviews-Braise-Casablanca_Casablanca_Settat.html#REVIEWS
(175 reviews),Casablanca,,,0,,,https://www.tripadvisor.com/Restaurant_Review-g293732-d29016499-Reviews-Pomo_Dolce-Casablanca_Casablanca_Settat.html#REVIEWS
(84 reviews),Casablanca,,,0,,,https://www.tripadvisor.com/Restaurant_Review-g293732-d27099326-Reviews-Nessyou_Fish-Casablanca_Casablanca_Settat.html#REVIEWS
"(3,051 reviews)",Casablanca,,,0,,,https://www.tripadvisor.com/Restaurant_Review-g293732-d1205777-Reviews-La_Sqala-Casablanca_Casablanca_Settat.html#REVIEWS
"(1,078 reviews)",Casablanca,,,0,,,https://www.tripadvisor.com/Restaurant_Review-g293732-d11761156-Reviews-Le_Cuisto_Traditionnel-Casablanca_Casablanca_Settat.html#REVIEWS
(699 reviews),Casablanca,,,0,,,https://www.tripadvisor.com/Restaurant_Review-g293732-d4266157-Reviews-Resto_Zayna-Casablanca_Casablanca_Settat.html#REVIEWS
(649 reviews),Casablanca,,,0,,,https://www.tripadvisor.com/Restaurant_Review-g293732-d1219380-Reviews-Patisserie_Bennis_Habous-Casablanca_Casablanca_Settat.html#REVIEWS
(350 reviews),Casablanca,,,0,,,https://www.tripadvisor.com/Restaurant_Review-g293732-d1216966-Reviews-L_Etoile_Centrale-Casablanca_Casablanca_Settat.html#REVIEWS
(208 reviews),Casablanca,,,0,,,https://www.tripadvisor.com/Restaurant_Review-g293732-d8003046-Reviews-Chez_Michel_Et_Hafida-Casablanca_Casablanca_Settat.html#REVIEWS
(246 reviews),Casablanca,,,0,,,https://www.tripadvisor.com/Restaurant_Review-g293732-d12875746-Reviews-The_Jame_s_Rooftop-Casablanca_Casablanca_Settat.html#REVIEWS
(129 reviews),Casablanca,,,0,,,https://www.tripadvisor.com/Restaurant_Review-g293732-d24063283-Reviews-Holy_Brunch-Casablanca_Casablanca_Settat.html#REVIEWS
"(1,901 reviews)",Casablanca,,,0,,,https://www.tripadvisor.com/Restaurant_Review-g293732-d2056884-Reviews-Cabestan_Ocean_View-Casablanca_Casablanca_Settat.html#REVIEWS
(159 reviews),Casablanca,,,0,,,https://www.tripadvisor.com/Restaurant_Review-g293732-d12949405-Reviews-Lily_s-Casablanca_Casablanca_Settat.html#REVIEWS
(413 reviews),Casablanca,,,0,,,https://www.tripadvisor.com/Restaurant_Review-g293732-d12300276-Reviews-Organic_Kitchen-Casablanca_Casablanca_Settat.html#REVIEWS
(68 reviews),Casablanca,,,0,,,https://www.tripadvisor.com/Restaurant_Review-g293732-d25929664-Reviews-Le_Doge_Cafe-Casablanca_Casablanca_Settat.html#REVIEWS
(79 reviews),Casablanca,,,0,,,https://www.tripadvisor.com/Restaurant_Review-g293732-d33971683-Reviews-Olive_Tree_Cafe_Restaurant-Casablanca_Casablanca_Settat.html#REVIEWS
(236 reviews),Casablanca,,,0,,,https://www.tripadvisor.com/Restaurant_Review-g293732-d28932102-Reviews-Medina_Burger_Anfa-Casablanca_Casablanca_Settat.html#REVIEWS
(566 reviews),Casablanca,,,0,,,https://www.tripadvisor.com/Restaurant_Review-g293732-d1205933-Reviews-Al_Mounia-Casablanca_Casablanca_Settat.html#REVIEWS
(94 reviews),Casablanca,,,0,,,https://www.tripadvisor.com/Restaurant_Review-g293732-d21253888-Reviews-Resto_Grill_Salaheddine-Casablanca_Casablanca_Settat.html#REVIEWS
(756 reviews),Casablanca,,,0,,,https://www.tripadvisor.com/Restaurant_Review-g293732-d6369264-Reviews-Casa_Jose_Port_Casa-Casablanca_Casablanca_Settat.html#REVIEWS
(592 reviews),Rabat,,,0,,,https://www.tripadvisor.com/Restaurant_Review-g293736-d7312105-Reviews-Dar_Zaki-Rabat_Rabat_Sale_Kenitra.html#REVIEWS
(382 reviews),Rabat,,,0,,,https://www.tripadvisor.com/Restaurant_Review-g293736-d27743923-Reviews-Tangerino-Rabat_Rabat_Sale_Kenitra.html#REVIEWS
(174 reviews),Rabat,,,0,,,https://www.tripadvisor.com/Restaurant_Review-g293736-d24085497-Reviews-Marea-Rabat_Rabat_Sale_Kenitra.html#REVIEWS
(272 reviews),Rabat,,,0,,,https://www.tripadvisor.com/Restaurant_Review-g293736-d17822142-Reviews-Resturant_Sufra-Rabat_Rabat_Sale_Kenitra.html#REVIEWS
(108 reviews),Rabat,,,0,,,https://www.tripadvisor.com/Restaurant_Review-g293736-d26264672-Reviews-La_Brise-Rabat_Rabat_Sale_Kenitra.html#REVIEWS
(187 reviews),Rabat,,,0,,,https://www.tripadvisor.com/Restaurant_Review-g293736-d24137398-Reviews-Le_Grill_Robuchon-Rabat_Rabat_Sale_Kenitra.html#REVIEWS
"(1,724 reviews)",Rabat,,,0,,,https://www.tripadvisor.com/Restaurant_Review-g293736-d14977137-Reviews-Restaurant_Dar_Naji-Rabat_Rabat_Sale_Kenitra.html#REVIEWS
(113 reviews),Rabat,,,0,,,https://www.tripadvisor.com/Restaurant_Review-g293736-d7390995-Reviews-Le_Safran-Rabat_Rabat_Sale_Kenitra.html#REVIEWS
(12 reviews),Rabat,,,0,,,https://www.tripadvisor.com/Restaurant_Review-g293736-d34064239-Reviews-Sole_by_Casa_Jose-Rabat_Rabat_Sale_Kenitra.html#REVIEWS
(11 reviews),Rabat,,,0,,,https://www.tripadvisor.com/Restaurant_Review-g293736-d29186024-Reviews-Verdello-Rabat_Rabat_Sale_Kenitra.html#REVIEWS
(709 reviews),Rabat,,,0,,,https://www.tripadvisor.com/Restaurant_Review-g293736-d779615-Reviews-Dinarjat-Rabat_Rabat_Sale_Kenitra.html#REVIEWS
(75 reviews),Rabat,,,0,,,https://www.tripadvisor.com/Restaurant_Review-g293736-d25076948-Reviews-Restaurant_Dar_Al_Achab-Rabat_Rabat_Sale_Kenitra.html#REVIEWS
"(1,049 reviews)",Rabat,,,0,,,https://www.tripadvisor.com/Restaurant_Review-g293736-d3607848-Reviews-Le_Dhow-Rabat_Rabat_Sale_Kenitra.html#REVIEWS
(594 reviews),Rabat,,,0,,,https://www.tripadvisor.com/Restaurant_Review-g293736-d3750728-Reviews-Golden_Fish-Rabat_Rabat_Sale_Kenitra.html#REVIEWS
(241 reviews),Rabat,,,0,,,https://www.tripadvisor.com/Restaurant_Review-g293736-d8604706-Reviews-Amber_Bar-Rabat_Rabat_Sale_Kenitra.html#REVIEWS
(37 reviews),Rabat,,,0,,,https://www.tripadvisor.com/Restaurant_Review-g293736-d25572944-Reviews-L_Imperial-Rabat_Rabat_Sale_Kenitra.html#REVIEWS
(92 reviews),Rabat,,,0,,,https://www.tripadvisor.com/Restaurant_Review-g293736-d24137399-Reviews-Le_Cafe_Robuchon-Rabat_Rabat_Sale_Kenitra.html#REVIEWS
(443 reviews),Rabat,,,0,,,https://www.tripadvisor.com/Restaurant_Review-g293736-d2178770-Reviews-Cosmopolitan_Restaurant-Rabat_Rabat_Sale_Kenitra.html#REVIEWS
(229 reviews),Rabat,,,0,,,https://www.tripadvisor.com/Restaurant_Review-g293736-d9451456-Reviews-So_Lounge_Rabat-Rabat_Rabat_Sale_Kenitra.html#REVIEWS
(81 reviews),Rabat,,,0,,,https://www.tripadvisor.com/Restaurant_Review-g293736-d17629730-Reviews-L_Epicurien-Rabat_Rabat_Sale_Kenitra.html#REVIEWS
(497 reviews),Rabat,,,0,,,https://www.tripadvisor.com/Restaurant_Review-g293736-d779960-Reviews-Le_Petit_Beur-Rabat_Rabat_Sale_Kenitra.html#REVIEWS
(58 reviews),Rabat,,,0,,,https://www.tripadvisor.com/Restaurant_Review-g293736-d13803420-Reviews-Restaurant_Dar_El_Kebira-Rabat_Rabat_Sale_Kenitra.html#REVIEWS
(373 reviews),Rabat,,,0,,,https://www.tripadvisor.com/Restaurant_Review-g293736-d4334018-Reviews-Il_Giardino-Rabat_Rabat_Sale_Kenitra.html#REVIEWS
(108 reviews),Rabat,,,0,,,https://www.tripadvisor.com/Restaurant_Review-g293736-d24132850-Reviews-Croon_Lounge-Rabat_Rabat_Sale_Kenitra.html#REVIEWS
(156 reviews),Rabat,,,0,,,https://www.tripadvisor.com/Restaurant_Review-g293736-d3158462-Reviews-Riad_Kalaa-Rabat_Rabat_Sale_Kenitra.html#REVIEWS
(254 reviews),Rabat,,,0,,,https://www.tripadvisor.com/Restaurant_Review-g293736-d1309270-Reviews-Restaurant_de_la_Liberation-Rabat_Rabat_Sale_Kenitra.html#REVIEWS
(187 reviews),Rabat,,,0,,,https://www.tripadvisor.com/Restaurant_Review-g293736-d8340539-Reviews-Relais_De_Paris_Du_Diwan-Rabat_Rabat_Sale_Kenitra.html#REVIEWS
(460 reviews),Rabat,,,0,,,https://www.tripadvisor.com/Restaurant_Review-g293736-d9681712-Reviews-Dar_El_Medina-Rabat_Rabat_Sale_Kenitra.html#REVIEWS
(166 reviews),Rabat,,,0,,,https://www.tripadvisor.com/Restaurant_Review-g293736-d1850723-Reviews-La_Menora-Rabat_Rabat_Sale_Kenitra.html#REVIEWS
(292 reviews),Rabat,,,0,,,https://www.tripadvisor.com/Restaurant_Review-g293736-d2313294-Reviews-Al_Marsa-Rabat_Rabat_Sale_Kenitra.html#REVIEWS
(425 reviews),Rabat,,,0,,,https://www.tripadvisor.com/Restaurant_Review-g293736-d2521217-Reviews-Ty_Potes-Rabat_Rabat_Sale_Kenitra.html#REVIEWS
(54 reviews),Rabat,,,0,,,https://www.tripadvisor.com/Restaurant_Review-g293736-d4047843-Reviews-Taghazout-Rabat_Rabat_Sale_Kenitra.html#REVIEWS
(221 reviews),Rabat,,,0,,,https://www.tripadvisor.com/Restaurant_Review-g293736-d3750724-Reviews-Al_Warda-Rabat_Rabat_Sale_Kenitra.html#REVIEWS
(371 reviews),Rabat,,,0,,,https://www.tripadvisor.com/Restaurant_Review-g293736-d2025036-Reviews-Yamal_Acham-Rabat_Rabat_Sale_Kenitra.html#REVIEWS
(9 reviews),Rabat,,,0,,,https://www.tripadvisor.com/Restaurant_Review-g293736-d25522442-Reviews-Le_Jazz_Bar-Rabat_Rabat_Sale_Kenitra.html#REVIEWS
"(1,436 reviews)",Marrakech,,,0,,,https://www.tripadvisor.com/Restaurant_Review-g293734-d19327270-Reviews-L_Mida_Marrakech-Marrakech_Marrakech_Safi.html#REVIEWS
"(1,097 reviews)",Marrakech,,,0,,,https://www.tripadvisor.com/Restaurant_Review-g293734-d32870040-Reviews-COCO_ROOFTOP_RESTAURANT-Marrakech_Marrakech_Safi.html#REVIEWS
"(1,894 reviews)",Marrakech,,,0,,,https://www.tripadvisor.com/Restaurant_Review-g293734-d13075650-Reviews-Cafe_Babouche-Marrakech_Marrakech_Safi.html#REVIEWS
"(2,596 reviews)",Marrakech,,,0,,,https://www.tripadvisor.com/Restaurant_Review-g293734-d25126726-Reviews-Medina_Burger-Marrakech_Marrakech_Safi.html#REVIEWS
"(2,023 reviews)",Marrakech,,,0,,,https://www.tripadvisor.com/Restaurant_Review-g293734-d19095875-Reviews-Kabana-Marrakech_Marrakech_Safi.html#REVIEWS
"(1,362 reviews)",Marrakech,,,0,,,https://www.tripadvisor.com/Restaurant_Review-g293734-d23958383-Reviews-L_mdina_Marrakech-Marrakech_Marrakech_Safi.html#REVIEWS
(341 reviews),Marrakech,,,0,,,https://www.tripadvisor.com/Restaurant_Review-g293734-d11785621-Reviews-Ling_Ling_by_Hakkasan-Marrakech_Marrakech_Safi.html#REVIEWS
(66 reviews),Marrakech,,,0,,,https://www.tripadvisor.com/Restaurant_Review-g293734-d26718034-Reviews-Rivayat-Marrakech_Marrakech_Safi.html#REVIEWS
(60 reviews),Marrakech,,,0,,,https://www.tripadvisor.com/Restaurant_Review-g293734-d13004968-Reviews-Quattro-Marrakech_Marrakech_Safi.html#REVIEWS
(152 reviews),Marrakech,,,0,,,https://www.tripadvisor.com/Restaurant_Review-g293734-d27097954-Reviews-Noto_Marrakech-Marrakech_Marrakech_Safi.html#REVIEWS
"(2,645 reviews)",Marrakech,,,0,,,https://www.tripadvisor.com/Restaurant_Review-g293734-d2446537-Reviews-Le_Salama_Marrakech_Rooftop_Sky_Bar-Marrakech_Marrakech_Safi.html#REVIEWS
(60 reviews),Marrakech,,,0,,,https://www.tripadvisor.com/Restaurant_Review-g293734-d1119659-Reviews-The_Moroccan_at_Amanjena-Marrakech_Marrakech_Safi.html#REVIEWS
(36 reviews),Marrakech,,,0,,,https://www.tripadvisor.com/Restaurant_Review-g293734-d4757459-Reviews-AZZERA-Marrakech_Marrakech_Safi.html#REVIEWS
(3 reviews),Marrakech,,,0,,,https://www.tripadvisor.com/Restaurant_Review-g293734-d20245886-Reviews-Azur-Marrakech_Marrakech_Safi.html#REVIEWS
"(2,442 reviews)",Marrakech,,,0,,,https://www.tripadvisor.com/Restaurant_Review-g293734-d23937915-Reviews-Lao_Marrakech-Marrakech_Marrakech_Safi.html#REVIEWS
"(2,657 reviews)",Marrakech,,,0,,,https://www.tripadvisor.com/Restaurant_Review-g293734-d4953449-Reviews-Pointbar-Marrakech_Marrakech_Safi.html#REVIEWS
(346 reviews),Marrakech,,,0,,,https://www.tripadvisor.com/Restaurant_Review-g293734-d33070082-Reviews-Krepchy-Marrakech_Marrakech_Safi.html#REVIEWS
"(1,236 reviews)",Marrakech,,,0,,,https://www.tripadvisor.com/Restaurant_Review-g293734-d20177832-Reviews-Terrasses_Des_Arts-Marrakech_Marrakech_Safi.html#REVIEWS
"(2,445 reviews)",Marrakech,,,0,,,https://www.tripadvisor.com/Restaurant_Review-g293734-d24188953-Reviews-Fluffy-Marrakech_Marrakech_Safi.html#REVIEWS
"(2,028 reviews)",Marrakech,,,0,,,https://www.tripadvisor.com/Restaurant_Review-g293734-d20050692-Reviews-Dardar_Rooftop_Cocktails_Eat-Marrakech_Marrakech_Safi.html#REVIEWS
"(1,340 reviews)",Marrakech,,,0,,,https://www.tripadvisor.com/Restaurant_Review-g293734-d1013908-Reviews-Les_Jardins_De_La_Medina_Restaurant-Marrakech_Marrakech_Safi.html#REVIEWS
"(1,366 reviews)",Marrakech,,,0,,,https://www.tripadvisor.com/Restaurant_Review-g293734-d23911960-Reviews-Poka_By_Katsura-Marrakech_Marrakech_Safi.html#REVIEWS
"(1,002 reviews)",Marrakech,,,0,,,https://www.tripadvisor.com/Restaurant_Review-g293734-d20062114-Reviews-La_Terrasse_De_La_Brillante_Rooftop-Marrakech_Marrakech_Safi.html#REVIEWS
(440 reviews),Marrakech,,,0,,,https://www.tripadvisor.com/Restaurant_Review-g293734-d26322423-Reviews-Restaurant_Chez_Fatima-Marrakech_Marrakech_Safi.html#REVIEWS
"(1,192 reviews)",Marrakech,,,0,,,https://www.tripadvisor.com/Restaurant_Review-g293734-d18490614-Reviews-L_O_a_la_Bouche_Marrakech-Marrakech_Marrakech_Safi.html#REVIEWS
(626 reviews),Marrakech,,,0,,,https://www.tripadvisor.com/Restaurant_Review-g293734-d7278469-Reviews-Le_Makassar_Restaurant-Marrakech_Marrakech_Safi.html#REVIEWS
"(1,100 reviews)",Marrakech,,,0,,,https://www.tripadvisor.com/Restaurant_Review-g293734-d1926723-Reviews-Restaurant_Red_House-Marrakech_Marrakech_Safi.html#REVIEWS
(81 reviews),Marrakech,,,0,,,https://www.tripadvisor.com/Restaurant_Review-g293734-d33445009-Reviews-Dahbi_Marrakech-Marrakech_Marrakech_Safi.html#REVIEWS
"(5,297 reviews)",Marrakech,,,0,,,https://www.tripadvisor.com/Restaurant_Review-g293734-d789376-Reviews-Dar_Zellij-Marrakech_Marrakech_Safi.html#REVIEWS
(315 reviews),Marrakech,,,0,,,https://www.tripadvisor.com/Restaurant_Review-g293734-d24977345-Reviews-Akira_Back_Marrakech-Marrakech_Marrakech_Safi.html#REVIEWS
(111 reviews),Marrakech,,,0,,,https://www.tripadvisor.com/Restaurant_Review-g293734-d34230211-Reviews-Terrasse_Dar_L_hssira-Marrakech_Marrakech_Safi.html#REVIEWS
"(2,051 reviews)",Marrakech,,,0,,,https://www.tripadvisor.com/Restaurant_Review-g293734-d26584326-Reviews-Chouf_L_Or-Marrakech_Marrakech_Safi.html#REVIEWS
"(3,795 reviews)",Marrakech,,,0,,,https://www.tripadvisor.com/Restaurant_Review-g293734-d10644105-Reviews-La_Cantine_Des_Gazelles-Marrakech_Marrakech_Safi.html#REVIEWS
(79 reviews),Marrakech,,,0,,,https://www.tripadvisor.com/Restaurant_Review-g293734-d26875027-Reviews-Aglio_e_Olio-Marrakech_Marrakech_Safi.html#REVIEWS
"(3,321 reviews)",Marrakech,,,0,,,https://www.tripadvisor.com/Restaurant_Review-g293734-d12328096-Reviews-Dar_Chef-Marrakech_Marrakech_Safi.html#REVIEWS
"(7,900 reviews)",Marrakech,,,0,,,https://www.tripadvisor.com/Restaurant_Review-g293734-d6578048-Reviews-Bazaar_Cafe-Marrakech_Marrakech_Safi.html#REVIEWS
"(2,203 reviews)",Marrakech,,,0,,,https://www.tripadvisor.com/Restaurant_Review-g293734-d4209997-Reviews-Amal-Marrakech_Marrakech_Safi.html#REVIEWS
(547 reviews),Marrakech,,,0,,,https://www.tripadvisor.com/Restaurant_Review-g293734-d13402279-Reviews-La_Table_de_La_Kasbah-Marrakech_Marrakech_Safi.html#REVIEWS
"(2,917 reviews)",Marrakech,,,0,,,https://www.tripadvisor.com/Restaurant_Review-g293734-d11788811-Reviews-Cuisine_De_Terroir-Marrakech_Marrakech_Safi.html#REVIEWS
"(1,862 reviews)",Marrakech,,,0,,,https://www.tripadvisor.com/Restaurant_Review-g293734-d12064808-Reviews-Corner_Cafe-Marrakech_Marrakech_Safi.html#REVIEWS
(999 reviews),Marrakech,,,0,,,https://www.tripadvisor.com/Restaurant_Review-g293734-d1119629-Reviews-Casa_Lalla_Restaurant-Marrakech_Marrakech_Safi.html#REVIEWS
(953 reviews),Marrakech,,,0,,,https://www.tripadvisor.com/Restaurant_Review-g293734-d10379055-Reviews-Saladbox_Marrakech-Marrakech_Marrakech_Safi.html#REVIEWS
"(1,593 reviews)",Marrakech,,,0,,,https://www.tripadvisor.com/Restaurant_Review-g293734-d19510270-Reviews-Las_Terrazas_De_Andalucia-Marrakech_Marrakech_Safi.html#REVIEWS
"(8,269 reviews)",Marrakech,,,0,,,https://www.tripadvisor.com/Restaurant_Review-g293734-d816225-Reviews-Comptoir_Darna_Marrakech-Marrakech_Marrakech_Safi.html#REVIEWS
(256 reviews),Marrakech,,,0,,,https://www.tripadvisor.com/Restaurant_Review-g293734-d3598920-Reviews-Niagara_Marrakech-Marrakech_Marrakech_Safi.html#REVIEWS
(727 reviews),Marrakech,,,0,,,https://www.tripadvisor.com/Restaurant_Review-g293734-d27125819-Reviews-Mozaik_Art_All_day_Brunch-Marrakech_Marrakech_Safi.html#REVIEWS
(431 reviews),Marrakech,,,0,,,https://www.tripadvisor.com/Restaurant_Review-g293734-d28664140-Reviews-Gucciano_Lab-Marrakech_Marrakech_Safi.html#REVIEWS
(180 reviews),Marrakech,,,0,,,https://www.tripadvisor.com/Restaurant_Review-g293734-d32824906-Reviews-Kach_Kech_Rooftop-Marrakech_Marrakech_Safi.html#REVIEWS
(423 reviews),Marrakech,,,0,,,https://www.tripadvisor.com/Restaurant_Review-g293734-d27478592-Reviews-The_Mix_Marrakech-Marrakech_Marrakech_Safi.html#REVIEWS
(904 reviews),Marrakech,,,0,,,https://www.tripadvisor.com/Restaurant_Review-g293734-d19721405-Reviews-M_Rooftop_By_Medina_Heritage-Marrakech_Marrakech_Safi.html#REVIEWS
"(1,975 reviews)",Marrakech,,,0,,,https://www.tripadvisor.com/Restaurant_Review-g293734-d15532190-Reviews-La_Pergola_Rooftop_Jazz_Bar_Restaurant-Marrakech_Marrakech_Safi.html#REVIEWS
"(6,671 reviews)",Marrakech,,,0,,,https://www.tripadvisor.com/Restaurant_Review-g293734-d909314-Reviews-Cafe_des_Epices-Marrakech_Marrakech_Safi.html#REVIEWS
(755 reviews),Marrakech,,,0,,,https://www.tripadvisor.com/Restaurant_Review-g293734-d25165682-Reviews-Restaurant_Leopard_Marrakech-Marrakech_Marrakech_Safi.html#REVIEWS
"(4,263 reviews)",Marrakech,,,0,,,https://www.tripadvisor.com/Restaurant_Review-g293734-d1478351-Reviews-Restaurant_Dar_Cherifa-Marrakech_Marrakech_Safi.html#REVIEWS
"(2,136 reviews)",Marrakech,,,0,,,https://www.tripadvisor.com/Restaurant_Review-g293734-d1119599-Reviews-Dar_Essalam-Marrakech_Marrakech_Safi.html#REVIEWS
"(3,743 reviews)",Marrakech,,,0,,,https://www.tripadvisor.com/Restaurant_Review-g293734-d1605469-Reviews-Azar-Marrakech_Marrakech_Safi.html#REVIEWS
"(2,787 reviews)",Tangier,,,0,,,https://www.tripadvisor.com/Restaurant_Review-g293737-d5274435-Reviews-Restaurant_Kebdani-Tangier_Tanger_Tetouan_Al_Hoceima.html#REVIEWS
(959 reviews),Tangier,,,0,,,https://www.tripadvisor.com/Restaurant_Review-g293737-d15023515-Reviews-Restaurant_Ahlen-Tangier_Tanger_Tetouan_Al_Hoceima.html#REVIEWS
(335 reviews),Tangier,,,0,,,https://www.tripadvisor.com/Restaurant_Review-g293737-d24043984-Reviews-DarHarruch-Tangier_Tanger_Tetouan_Al_Hoceima.html#REVIEWS
(131 reviews),Tangier,,,0,,,https://www.tripadvisor.com/Restaurant_Review-g293737-d33032375-Reviews-Restaurant_Friends-Tangier_Tanger_Tetouan_Al_Hoceima.html#REVIEWS
(247 reviews),Tangier,,,0,,,https://www.tripadvisor.com/Restaurant_Review-g293737-d25111773-Reviews-Alma_Kitchen_Coffee-Tangier_Tanger_Tetouan_Al_Hoceima.html#REVIEWS
(151 reviews),Tangier,,,0,,,https://www.tripadvisor.com/Restaurant_Review-g293737-d17802810-Reviews-L_olivier_Restaurant-Tangier_Tanger_Tetouan_Al_Hoceima.html#REVIEWS
(295 reviews),Tangier,,,0,,,https://www.tripadvisor.com/Restaurant_Review-g293737-d23749634-Reviews-Restaurant_Al_Achab_Medina-Tangier_Tanger_Tetouan_Al_Hoceima.html#REVIEWS
(946 reviews),Tangier,,,0,,,https://www.tripadvisor.com/Restaurant_Review-g293737-d3773838-Reviews-El_Morocco_Club-Tangier_Tanger_Tetouan_Al_Hoceima.html#REVIEWS
(76 reviews),Tangier,,,0,,,https://www.tripadvisor.com/Restaurant_Review-g293737-d23676453-Reviews-Restaurant_Antartique_Tanger-Tangier_Tanger_Tetouan_Al_Hoceima.html#REVIEWS
(41 reviews),Tangier,,,0,,,https://www.tripadvisor.com/Restaurant_Review-g293737-d33268556-Reviews-Arabesque-Tangier_Tanger_Tetouan_Al_Hoceima.html#REVIEWS
(327 reviews),Tangier,,,0,,,https://www.tripadvisor.com/Restaurant_Review-g293737-d1638946-Reviews-Restaurant_O_Saveur-Tangier_Tanger_Tetouan_Al_Hoceima.html#REVIEWS
(240 reviews),Tangier,,,0,,,https://www.tripadvisor.com/Restaurant_Review-g293737-d12636662-Reviews-La_Table_du_Marche_Tanger-Tangier_Tanger_Tetouan_Al_Hoceima.html#REVIEWS
(91 reviews),Tangier,,,0,,,https://www.tripadvisor.com/Restaurant_Review-g293737-d6754148-Reviews-Le_Mirage_Restaurant-Tangier_Tanger_Tetouan_Al_Hoceima.html#REVIEWS
(49 reviews),Tangier,,,0,,,https://www.tripadvisor.com/Restaurant_Review-g293737-d27727691-Reviews-Dada_Restaurant-Tangier_Tanger_Tetouan_Al_Hoceima.html#REVIEWS
(54 reviews),Tangier,,,0,,,https://www.tripadvisor.com/Restaurant_Review-g293737-d23868426-Reviews-Nono_Sea_Taste_Restaurant-Tangier_Tanger_Tetouan_Al_Hoceima.html#REVIEWS
"(1,066 reviews)",Tangier,,,0,,,https://www.tripadvisor.com/Restaurant_Review-g293737-d1763129-Reviews-Le_Saveur_du_Poisson-Tangier_Tanger_Tetouan_Al_Hoceima.html#REVIEWS
(344 reviews),Tangier,,,0,,,https://www.tripadvisor.com/Restaurant_Review-g293737-d11717916-Reviews-Chez_Hassan_BAB_Kasbah-Tangier_Tanger_Tetouan_Al_Hoceima.html#REVIEWS
(597 reviews),Tangier,,,0,,,https://www.tripadvisor.com/Restaurant_Review-g293737-d14065554-Reviews-Restaurant_Al_Maimouni-Tangier_Tanger_Tetouan_Al_Hoceima.html#REVIEWS
(157 reviews),Tangier,,,0,,,https://www.tripadvisor.com/Restaurant_Review-g293737-d27993088-Reviews-Restaurant_Kanzaman-Tangier_Tanger_Tetouan_Al_Hoceima.html#REVIEWS
"(1,176 reviews)",Tangier,,,0,,,https://www.tripadvisor.com/Restaurant_Review-g293737-d24106165-Reviews-Restaurant_Vandalucia-Tangier_Tanger_Tetouan_Al_Hoceima.html#REVIEWS
(257 reviews),Tangier,,,0,,,https://www.tripadvisor.com/Restaurant_Review-g293737-d13130243-Reviews-Restaurant_Palais_Zahia-Tangier_Tanger_Tetouan_Al_Hoceima.html#REVIEWS
(60 reviews),Tangier,,,0,,,https://www.tripadvisor.com/Restaurant_Review-g293737-d26259659-Reviews-Restaurant_Basidi-Tangier_Tanger_Tetouan_Al_Hoceima.html#REVIEWS
(979 reviews),Tangier,,,0,,,https://www.tripadvisor.com/Restaurant_Review-g293737-d3958718-Reviews-Cafe_hafa-Tangier_Tanger_Tetouan_Al_Hoceima.html#REVIEWS
(130 reviews),Tangier,,,0,,,https://www.tripadvisor.com/Restaurant_Review-g293737-d28263774-Reviews-Anber_Tanger_Moroccan_Restaurant-Tangier_Tanger_Tetouan_Al_Hoceima.html#REVIEWS
(183 reviews),Tangier,,,0,,,https://www.tripadvisor.com/Restaurant_Review-g293737-d14785221-Reviews-Abou_Tayssir_Syrian_Restaurant-Tangier_Tanger_Tetouan_Al_Hoceima.html#REVIEWS
(22 reviews),Tangier,,,0,,,https://www.tripadvisor.com/Restaurant_Review-g293737-d28664103-Reviews-Pomodoro-Tangier_Tanger_Tetouan_Al_Hoceima.html#REVIEWS
(54 reviews),Tangier,,,0,,,https://www.tripadvisor.com/Restaurant_Review-g293737-d27980405-Reviews-Good_Food_Corner-Tangier_Tanger_Tetouan_Al_Hoceima.html#REVIEWS
(28 reviews),Tangier,,,0,,,https://www.tripadvisor.com/Restaurant_Review-g293737-d34390924-Reviews-Medina_SeaView_Cafe_Restaurant-Tangier_Tanger_Tetouan_Al_Hoceima.html#REVIEWS
(146 reviews),Tangier,,,0,,,https://www.tripadvisor.com/Restaurant_Review-g293737-d3138510-Reviews-Al_Achab-Tangier_Tanger_Tetouan_Al_Hoceima.html#REVIEWS
(85 reviews),Tangier,,,0,,,https://www.tripadvisor.com/Restaurant_Review-g293737-d8087772-Reviews-Maison_Grill_Kasbah-Tangier_Tanger_Tetouan_Al_Hoceima.html#REVIEWS
(461 reviews),Tangier,,,0,,,https://www.tripadvisor.com/Restaurant_Review-g293737-d3462335-Reviews-Salon_Bleu-Tangier_Tanger_Tetouan_Al_Hoceima.html#REVIEWS
(176 reviews),Tangier,,,0,,,https://www.tripadvisor.com/Restaurant_Review-g293737-d7230954-Reviews-Mesana_Restaurante-Tangier_Tanger_Tetouan_Al_Hoceima.html#REVIEWS
(371 reviews),Tangier,,,0,,,https://www.tripadvisor.com/Restaurant_Review-g293737-d1896074-Reviews-Restaurant_L_Ocean-Tangier_Tanger_Tetouan_Al_Hoceima.html#REVIEWS
(61 reviews),Tangier,,,0,,,https://www.tripadvisor.com/Restaurant_Review-g293737-d6717355-Reviews-El_Contacto-Tangier_Tanger_Tetouan_Al_Hoceima.html#REVIEWS
(117 reviews),Tangier,,,0,,,https://www.tripadvisor.com/Restaurant_Review-g293737-d3865295-Reviews-Villa_Josephine-Tangier_Tanger_Tetouan_Al_Hoceima.html#REVIEWS
(97 reviews),Agadir,,,0,,,https://www.tripadvisor.com/Restaurant_Review-g293731-d34241484-Reviews-Coup_de_Foudre-Agadir_Souss_Massa.html#REVIEWS
(125 reviews),Agadir,,,0,,,https://www.tripadvisor.com/Restaurant_Review-g293731-d23811597-Reviews-Spagos_Pool_Bar-Agadir_Souss_Massa.html#REVIEWS
(405 reviews),Agadir,,,0,,,https://www.tripadvisor.com/Restaurant_Review-g293731-d25944017-Reviews-La_Plage_Restaurant-Agadir_Souss_Massa.html#REVIEWS
(463 reviews),Agadir,,,0,,,https://www.tripadvisor.com/Restaurant_Review-g293731-d11894152-Reviews-Restaurant_Rafiq-Agadir_Souss_Massa.html#REVIEWS
"(2,887 reviews)",Agadir,,,0,,,https://www.tripadvisor.com/Restaurant_Review-g293731-d6697377-Reviews-Pure_Passion_Restaurant-Agadir_Souss_Massa.html#REVIEWS
(428 reviews),Agadir,,,0,,,https://www.tripadvisor.com/Restaurant_Review-g1452345-d19088195-Reviews-Ajikol_Pizza_Tamraght_Timam_Du_Chef-Tamraght_Agadir_Souss_Massa.html#REVIEWS
(348 reviews),Agadir,,,0,,,https://www.tripadvisor.com/Restaurant_Review-g293731-d23464294-Reviews-Aromes_de_Paris-Agadir_Souss_Massa.html#REVIEWS
(119 reviews),Agadir,,,0,,,https://www.tripadvisor.com/Restaurant_Review-g1452345-d27147571-Reviews-Zaz_Tapas_Grill-Tamraght_Agadir_Souss_Massa.html#REVIEWS
(189 reviews),Agadir,,,0,,,https://www.tripadvisor.com/Restaurant_Review-g293731-d10059213-Reviews-Pizzeria_La_Provencale-Agadir_Souss_Massa.html#REVIEWS
(401 reviews),Agadir,,,0,,,https://www.tripadvisor.com/Restaurant_Review-g293731-d1054175-Reviews-Le_Mauresque-Agadir_Souss_Massa.html#REVIEWS
(557 reviews),Agadir,,,0,,,https://www.tripadvisor.com/Restaurant_Review-g293731-d2321228-Reviews-La_Villa_Blanche-Agadir_Souss_Massa.html#REVIEWS
(52 reviews),Agadir,,,0,,,https://www.tripadvisor.com/Restaurant_Review-g293731-d10336433-Reviews-Pool_Lounge_Bar_Restaurant_Thalassa_Sea_Spa-Agadir_Souss_Massa.html#REVIEWS
(50 reviews),Agadir,,,0,,,https://www.tripadvisor.com/Restaurant_Review-g293731-d26542063-Reviews-La_Buvette-Agadir_Souss_Massa.html#REVIEWS
(257 reviews),Agadir,,,0,,,https://www.tripadvisor.com/Restaurant_Review-g293731-d26555772-Reviews-The_Blacksmith-Agadir_Souss_Massa.html#REVIEWS
"(2,359 reviews)",Agadir,,,0,,,https://www.tripadvisor.com/Restaurant_Review-g293731-d6209577-Reviews-Restaurant_Le_Tapis_Rouge_By_Little_Norway-Agadir_Souss_Massa.html#REVIEWS
"(1,505 reviews)",Agadir,,,0,,,https://www.tripadvisor.com/Restaurant_Review-g293731-d6834306-Reviews-O_Playa-Agadir_Souss_Massa.html#REVIEWS
(404 reviews),Agadir,,,0,,,https://www.tripadvisor.com/Restaurant_Review-g1452345-d14039030-Reviews-Let_s_Be_Healing_Food-Tamraght_Agadir_Souss_Massa.html#REVIEWS
"(1,389 reviews)",Agadir,,,0,,,https://www.tripadvisor.com/Restaurant_Review-g293731-d1193709-Reviews-Le_Flore-Agadir_Souss_Massa.html#REVIEWS
(148 reviews),Agadir,,,0,,,https://www.tripadvisor.com/Restaurant_Review-g293731-d6561757-Reviews-Le_Market-Agadir_Souss_Massa.html#REVIEWS
(381 reviews),Agadir,,,0,,,https://www.tripadvisor.com/Restaurant_Review-g1452345-d6819116-Reviews-Le_Petit_Kawa-Tamraght_Agadir_Souss_Massa.html#REVIEWS
"(1,300 reviews)",Agadir,,,0,,,https://www.tripadvisor.com/Restaurant_Review-g293731-d1820019-Reviews-Le_Jardin_d_Eau-Agadir_Souss_Massa.html#REVIEWS
"(1,603 reviews)",Agadir,,,0,,,https://www.tripadvisor.com/Restaurant_Review-g293731-d6368387-Reviews-El_Toro-Agadir_Souss_Massa.html#REVIEWS
(191 reviews),Agadir,,,0,,,https://www.tripadvisor.com/Restaurant_Review-g293731-d26812849-Reviews-Restaurant_Lounge_Agadir_Lov-Agadir_Souss_Massa.html#REVIEWS
(79 reviews),Agadir,,,0,,,https://www.tripadvisor.com/Restaurant_Review-g293731-d4062754-Reviews-Golden_Gate_Restaurant-Agadir_Souss_Massa.html#REVIEWS
(171 reviews),Agadir,,,0,,,https://www.tripadvisor.com/Restaurant_Review-g293731-d1504485-Reviews-Cafe_Restaurant_Ibtissam-Agadir_Souss_Massa.html#REVIEWS
(759 reviews),Agadir,,,0,,,https://www.tripadvisor.com/Restaurant_Review-g293731-d16809414-Reviews-Roastery_Agadir-Agadir_Souss_Massa.html#REVIEWS
"(1,110 reviews)",Agadir,,,0,,,https://www.tripadvisor.com/Restaurant_Review-g293731-d3199233-Reviews-Le_20_Restaurant-Agadir_Souss_Massa.html#REVIEWS
(309 reviews),Agadir,,,0,,,https://www.tripadvisor.com/Restaurant_Review-g293731-d25157017-Reviews-Restaurant_Jade-Agadir_Souss_Massa.html#REVIEWS
(194 reviews),Agadir,,,0,,,https://www.tripadvisor.com/Restaurant_Review-g293731-d32882654-Reviews-Le_Corail-Agadir_Souss_Massa.html#REVIEWS
(284 reviews),Agadir,,,0,,,https://www.tripadvisor.com/Restaurant_Review-g293731-d19078416-Reviews-Somasushi-Agadir_Souss_Massa.html#REVIEWS
(468 reviews),Agadir,,,0,,,https://www.tripadvisor.com/Restaurant_Review-g293731-d14888651-Reviews-L_Ardoise_Gourmande-Agadir_Souss_Massa.html#REVIEWS
(316 reviews),Agadir,,,0,,,https://www.tripadvisor.com/Restaurant_Review-g293731-d1216841-Reviews-Little_Italy-Agadir_Souss_Massa.html#REVIEWS
"(1,349 reviews)",Agadir,,,0,,,https://www.tripadvisor.com/Restaurant_Review-g293731-d1208899-Reviews-La_Scala-Agadir_Souss_Massa.html#REVIEWS
(56 reviews),Agadir,,,0,,,https://www.tripadvisor.com/Restaurant_Review-g293731-d25080598-Reviews-Saykouk_Rooftop-Agadir_Souss_Massa.html#REVIEWS
(243 reviews),Agadir,,,0,,,https://www.tripadvisor.com/Restaurant_Review-g293731-d4092463-Reviews-La_Grillardiere-Agadir_Souss_Massa.html#REVIEWS
(18 reviews),Fez,,,0,,,https://www.tripadvisor.com/Restaurant_Review-g293733-d34227373-Reviews-Fez_medina_Rooftop_Restaurant_Lounge-Fez_Fez_Meknes.html#REVIEWS
(66 reviews),Fez,,,0,,,https://www.tripadvisor.com/Restaurant_Review-g293733-d25455907-Reviews-Duplex_Steakhouse-Fez_Fez_Meknes.html#REVIEWS
"(2,085 reviews)",Fez,,,0,,,https://www.tripadvisor.com/Restaurant_Review-g293733-d4495031-Reviews-The_Ruined_Garden-Fez_Fez_Meknes.html#REVIEWS
(410 reviews),Fez,,,0,,,https://www.tripadvisor.com/Restaurant_Review-g293733-d24083669-Reviews-Restaurant_Palais_Bab_Sahra_Fez-Fez_Fez_Meknes.html#REVIEWS
(667 reviews),Fez,,,0,,,https://www.tripadvisor.com/Restaurant_Review-g293733-d12177726-Reviews-Snack_Malak-Fez_Fez_Meknes.html#REVIEWS
"(1,654 reviews)",Fez,,,0,,,https://www.tripadvisor.com/Restaurant_Review-g293733-d15877985-Reviews-Veggie_Pause-Fez_Fez_Meknes.html#REVIEWS
(725 reviews),Fez,,,0,,,https://www.tripadvisor.com/Restaurant_Review-g293733-d10266405-Reviews-Darori_Resto-Fez_Fez_Meknes.html#REVIEWS
(166 reviews),Fez,,,0,,,https://www.tripadvisor.com/Restaurant_Review-g293733-d26711331-Reviews-ISHQ_Restaurant-Fez_Fez_Meknes.html#REVIEWS
(204 reviews),Fez,,,0,,,https://www.tripadvisor.com/Restaurant_Review-g293733-d25983040-Reviews-Mouda_Palace-Fez_Fez_Meknes.html#REVIEWS
(618 reviews),Fez,,,0,,,https://www.tripadvisor.com/Restaurant_Review-g293733-d1220400-Reviews-Dar_Roumana-Fez_Fez_Meknes.html#REVIEWS
"(1,248 reviews)",Fez,,,0,,,https://www.tripadvisor.com/Restaurant_Review-g293733-d2687554-Reviews-Restaurant_L_Amandier_Au_Palais_Faraj_Suites_Spa-Fez_Fez_Meknes.html#REVIEWS
(523 reviews),Fez,,,0,,,https://www.tripadvisor.com/Restaurant_Review-g293733-d1528939-Reviews-Restaurant_Lounge_MB-Fez_Fez_Meknes.html#REVIEWS
(37 reviews),Fez,,,0,,,https://www.tripadvisor.com/Restaurant_Review-g293733-d29022455-Reviews-Berrada_Family-Fez_Fez_Meknes.html#REVIEWS
(63 reviews),Fez,,,0,,,https://www.tripadvisor.com/Restaurant_Review-g293733-d33100915-Reviews-Pachamama_Fes-Fez_Fez_Meknes.html#REVIEWS
(492 reviews),Fez,,,0,,,https://www.tripadvisor.com/Restaurant_Review-g293733-d1220410-Reviews-Les_Jardins_de_Sheherazade-Fez_Fez_Meknes.html#REVIEWS
(43 reviews),Fez,,,0,,,https://www.tripadvisor.com/Restaurant_Review-g293733-d23921137-Reviews-Jnan_L_Fassi-Fez_Fez_Meknes.html#REVIEWS
(9 reviews),Fez,,,0,,,https://www.tripadvisor.com/Restaurant_Review-g293733-d33344493-Reviews-Chiringuito_Tapas_Drinks-Fez_Fez_Meknes.html#REVIEWS
(254 reviews),Fez,,,0,,,https://www.tripadvisor.com/Restaurant_Review-g293733-d32994983-Reviews-Sodfa-Fez_Fez_Meknes.html#REVIEWS
"(1,032 reviews)",Fez,,,0,,,https://www.tripadvisor.com/Restaurant_Review-g293733-d24986629-Reviews-Fez_And_Friends-Fez_Fez_Meknes.html#REVIEWS
(370 reviews),Fez,,,0,,,https://www.tripadvisor.com/Restaurant_Review-g293733-d24134377-Reviews-Restaurant_Tresor_Fes-Fez_Fez_Meknes.html#REVIEWS
(187 reviews),Fez,,,0,,,https://www.tripadvisor.com/Restaurant_Review-g293733-d27180481-Reviews-Encanto-Fez_Fez_Meknes.html#REVIEWS
(486 reviews),Fez,,,0,,,https://www.tripadvisor.com/Restaurant_Review-g293733-d25326939-Reviews-Restaurant_Riad_Bel_Kayed-Fez_Fez_Meknes.html#REVIEWS
(283 reviews),Fez,,,0,,,https://www.tripadvisor.com/Restaurant_Review-g293733-d2073985-Reviews-Bistro_Laaroussa-Fez_Fez_Meknes.html#REVIEWS
(947 reviews),Fez,,,0,,,https://www.tripadvisor.com/Restaurant_Review-g293733-d1598678-Reviews-Restaurant_Dar_Hatim-Fez_Fez_Meknes.html#REVIEWS
"(1,063 reviews)",Fez,,,0,,,https://www.tripadvisor.com/Restaurant_Review-g293733-d12064531-Reviews-Restaurant_Ouliya-Fez_Fez_Meknes.html#REVIEWS
"(1,301 reviews)",Fez,,,0,,,https://www.tripadvisor.com/Restaurant_Review-g293733-d7024099-Reviews-Dar_Tajine_Fes-Fez_Fez_Meknes.html#REVIEWS
(214 reviews),Fez,,,0,,,https://www.tripadvisor.com/Restaurant_Review-g293733-d24117445-Reviews-Restaurant_Palais_Lahlou-Fez_Fez_Meknes.html#REVIEWS
(406 reviews),Fez,,,0,,,https://www.tripadvisor.com/Restaurant_Review-g293733-d3598475-Reviews-Riad_Rcif_Restaurant-Fez_Fez_Meknes.html#REVIEWS
(930 reviews),Fez,,,0,,,https://www.tripadvisor.com/Restaurant_Review-g293733-d12447745-Reviews-Les_saveurs_de_Riad_Fes_Maya-Fez_Fez_Meknes.html#REVIEWS
(205 reviews),Fez,,,0,,,https://www.tripadvisor.com/Restaurant_Review-g293733-d25389973-Reviews-Restaurant_Dar_Khabya-Fez_Fez_Meknes.html#REVIEWS
"(3,915 reviews)",Fez,,,0,,,https://www.tripadvisor.com/Restaurant_Review-g293733-d887029-Reviews-Cafe_Clock-Fez_Fez_Meknes.html#REVIEWS
(105 reviews),Fez,,,0,,,https://www.tripadvisor.com/Restaurant_Review-g293733-d32784869-Reviews-Moorish_Cabana-Fez_Fez_Meknes.html#REVIEWS
(101 reviews),Fez,,,0,,,https://www.tripadvisor.com/Restaurant_Review-g293733-d24057550-Reviews-Riad_Restaurant_Dar_Hadia_Fes-Fez_Fez_Meknes.html#REVIEWS
(320 reviews),Fez,,,0,,,https://www.tripadvisor.com/Restaurant_Review-g293733-d25403203-Reviews-Restaurant_Soultana-Fez_Fez_Meknes.html#REVIEWS
(113 reviews),Fez,,,0,,,https://www.tripadvisor.com/Restaurant_Review-g293733-d33036333-Reviews-Sama_Rooftop_Cocktails_Eat-Fez_Fez_Meknes.html#REVIEWS
(292 reviews),Fez,,,0,,,https://www.tripadvisor.com/Restaurant_Review-g293733-d19246871-Reviews-212pizzeria-Fez_Fez_Meknes.html#REVIEWS
(132 reviews),Fez,,,0,,,https://www.tripadvisor.com/Restaurant_Review-g293733-d32729966-Reviews-Restaurant_Mother_Hand-Fez_Fez_Meknes.html#REVIEWS
(515 reviews),Fez,,,0,,,https://www.tripadvisor.com/Restaurant_Review-g293733-d16227643-Reviews-Cafe_restaurant_Al_Oud-Fez_Fez_Meknes.html#REVIEWS
(601 reviews),Fez,,,0,,,https://www.tripadvisor.com/Restaurant_Review-g293733-d12905612-Reviews-Le_Tarbouche_Fes-Fez_Fez_Meknes.html#REVIEWS
(737 reviews),Fez,,,0,,,https://www.tripadvisor.com/Restaurant_Review-g293733-d12718480-Reviews-Cinema_Cafe-Fez_Fez_Meknes.html#REVIEWS
(91 reviews),Fez,,,0,,,https://www.tripadvisor.com/Restaurant_Review-g293733-d23751480-Reviews-Riad_Moulay_Driss_Giacomo_Restaurant-Fez_Fez_Meknes.html#REVIEWS
(327 reviews),Fez,,,0,,,https://www.tripadvisor.com/Restaurant_Review-g293733-d20022525-Reviews-Fondouk_Bazaar-Fez_Fez_Meknes.html#REVIEWS
"(1,033 reviews)",Meknes,,,0,,,https://www.tripadvisor.com/Restaurant_Review-g293735-d15207871-Reviews-Restaurant_Dar_Baraka-Meknes_Fez_Meknes.html#REVIEWS
(198 reviews),Meknes,,,0,,,https://www.tripadvisor.com/Restaurant_Review-g293735-d27710302-Reviews-Restaurant_Dar_Lalla_Khadra-Meknes_Fez_Meknes.html#REVIEWS
"(1,203 reviews)",Meknes,,,0,,,https://www.tripadvisor.com/Restaurant_Review-g293735-d8760057-Reviews-Aisha-Meknes_Fez_Meknes.html#REVIEWS
(197 reviews),Meknes,,,0,,,https://www.tripadvisor.com/Restaurant_Review-g293735-d25338677-Reviews-Dar_Nia-Meknes_Fez_Meknes.html#REVIEWS
(62 reviews),Meknes,,,0,,,https://www.tripadvisor.com/Restaurant_Review-g293735-d34023641-Reviews-Restaurant_Lahboul_Tafilalet-Meknes_Fez_Meknes.html#REVIEWS
(40 reviews),Meknes,,,0,,,https://www.tripadvisor.com/Restaurant_Review-g293735-d20067298-Reviews-Black_PEPPER-Meknes_Fez_Meknes.html#REVIEWS
(588 reviews),Meknes,,,0,,,https://www.tripadvisor.com/Restaurant_Review-g293735-d4244888-Reviews-Restaurant_Gout_de_Meknes-Meknes_Fez_Meknes.html#REVIEWS
(83 reviews),Meknes,,,0,,,https://www.tripadvisor.com/Restaurant_Review-g293735-d14001595-Reviews-La_Maison_De_La_Pizza-Meknes_Fez_Meknes.html#REVIEWS
(87 reviews),Meknes,,,0,,,https://www.tripadvisor.com/Restaurant_Review-g293735-d4276487-Reviews-Bistrot_Art_Le_Wine_Bar-Meknes_Fez_Meknes.html#REVIEWS
(0 reviews),Meknes,,,0,,,https://www.tripadvisor.com/Restaurant_Review-g293735-d34135754-Reviews-Moulay_Driss_Hiking_Activities-Meknes_Fez_Meknes.html#REVIEWS
(5 reviews),Meknes,,,0,,,https://www.tripadvisor.com/Restaurant_Review-g293735-d33299567-Reviews-Reference_Garden_Meknes-Meknes_Fez_Meknes.html#REVIEWS
(335 reviews),Meknes,,,0,,,https://www.tripadvisor.com/Restaurant_Review-g293735-d7815200-Reviews-Restaurant_YA_HALA_Meknes-Meknes_Fez_Meknes.html#REVIEWS
(213 reviews),Meknes,,,0,,,https://www.tripadvisor.com/Restaurant_Review-g293735-d1491955-Reviews-Collier_de_la_Colombe-Meknes_Fez_Meknes.html#REVIEWS
(124 reviews),Meknes,,,0,,,https://www.tripadvisor.com/Restaurant_Review-g293735-d2721291-Reviews-La_Grillardiere-Meknes_Fez_Meknes.html#REVIEWS
(90 reviews),Meknes,,,0,,,https://www.tripadvisor.com/Restaurant_Review-g293735-d1823424-Reviews-Le_Relais_de_Paris-Meknes_Fez_Meknes.html#REVIEWS
(188 reviews),Meknes,,,0,,,https://www.tripadvisor.com/Restaurant_Review-g293735-d3617650-Reviews-Riad_Yacout_Meknes-Meknes_Fez_Meknes.html#REVIEWS
(162 reviews),Meknes,,,0,,,https://www.tripadvisor.com/Restaurant_Review-g293735-d3573066-Reviews-Palais_Terrab-Meknes_Fez_Meknes.html#REVIEWS
(117 reviews),Meknes,,,0,,,https://www.tripadvisor.com/Restaurant_Review-g293735-d2289276-Reviews-Kenza-Meknes_Fez_Meknes.html#REVIEWS
(11 reviews),Meknes,,,0,,,https://www.tripadvisor.com/Restaurant_Review-g293735-d31662017-Reviews-Golden_Mansour_Meknes-Meknes_Fez_Meknes.html#REVIEWS
(352 reviews),Meknes,,,0,,,https://www.tripadvisor.com/Restaurant_Review-g293735-d2359560-Reviews-Cafe_Restaurant_Salma-Meknes_Fez_Meknes.html#REVIEWS
(74 reviews),Meknes,,,0,,,https://www.tripadvisor.com/Restaurant_Review-g293735-d14189376-Reviews-Homlunch-Meknes_Fez_Meknes.html#REVIEWS
(13 reviews),Meknes,,,0,,,https://www.tripadvisor.com/Restaurant_Review-g293735-d12697747-Reviews-Katafish-Meknes_Fez_Meknes.html#REVIEWS
(2 reviews),Meknes,,,0,,,https://www.tripadvisor.com/Restaurant_Review-g293735-d14154218-Reviews-Cube_Noir-Meknes_Fez_Meknes.html#REVIEWS
(112 reviews),Meknes,,,0,,,https://www.tripadvisor.com/Restaurant_Review-g293735-d12219462-Reviews-Restaurant_Asma-Meknes_Fez_Meknes.html#REVIEWS
(121 reviews),Meknes,,,0,,,https://www.tripadvisor.com/Restaurant_Review-g293735-d1751922-Reviews-Riad_d_Or_Meknes_Medina_Restaurant-Meknes_Fez_Meknes.html#REVIEWS
(17 reviews),Meknes,,,0,,,https://www.tripadvisor.com/Restaurant_Review-g293735-d27710298-Reviews-Dar_Lalla_Khadra-Meknes_Fez_Meknes.html#REVIEWS
(2 reviews),Meknes,,,0,,,https://www.tripadvisor.com/Restaurant_Review-g293735-d34124294-Reviews-Delicacie-Meknes_Fez_Meknes.html#REVIEWS
(14 reviews),Meknes,,,0,,,https://www.tripadvisor.com/Restaurant_Review-g293735-d21501383-Reviews-Il_Panzerotto-Meknes_Fez_Meknes.html#REVIEWS
(4 reviews),Meknes,,,0,,,https://www.tripadvisor.com/Restaurant_Review-g293735-d31608341-Reviews-Osepia-Meknes_Fez_Meknes.html#REVIEWS
(56 reviews),Meknes,,,0,,,https://www.tripadvisor.com/Restaurant_Review-g293735-d7299082-Reviews-Riad_Selma-Meknes_Fez_Meknes.html#REVIEWS
(3 reviews),Meknes,,,0,,,https://www.tripadvisor.com/Restaurant_Review-g293735-d33883341-Reviews-Korsane-Meknes_Fez_Meknes.html#REVIEWS
(36 reviews),Meknes,,,0,,,https://www.tripadvisor.com/Restaurant_Review-g293735-d14069650-Reviews-Restaurant_Khadija-Meknes_Fez_Meknes.html#REVIEWS
(104 reviews),Meknes,,,0,,,https://www.tripadvisor.com/Restaurant_Review-g293735-d14047324-Reviews-Palais_Ismailia-Meknes_Fez_Meknes.html#REVIEWS
(2 reviews),Meknes,,,0,,,https://www.tripadvisor.com/Restaurant_Review-g293735-d26688762-Reviews-RS_Villa-Meknes_Fez_Meknes.html#REVIEWS
(19 reviews),Oujda,,,0,,,https://www.tripadvisor.com/Restaurant_Review-g298351-d33075516-Reviews-Safsaf-Oujda_Oriental.html#REVIEWS
(40 reviews),Oujda,,,0,,,https://www.tripadvisor.com/Restaurant_Review-g298351-d25266359-Reviews-Restaurant_Lamaalem-Oujda_Oriental.html#REVIEWS
(19 reviews),Oujda,,,0,,,https://www.tripadvisor.com/Restaurant_Review-g298351-d20374951-Reviews-Tokyo_Sushi-Oujda_Oriental.html#REVIEWS
(16 reviews),Oujda,,,0,,,https://www.tripadvisor.com/Restaurant_Review-g298351-d26856833-Reviews-Tajine_City-Oujda_Oriental.html#REVIEWS
(2 reviews),Oujda,,,0,,,https://www.tripadvisor.com/Restaurant_Review-g298351-d26671024-Reviews-La_Villa_Del_Padre-Oujda_Oriental.html#REVIEWS
(11 reviews),Oujda,,,0,,,https://www.tripadvisor.com/Restaurant_Review-g298351-d23737501-Reviews-Nara_Sushi_Oujda-Oujda_Oriental.html#REVIEWS
(19 reviews),Oujda,,,0,,,https://www.tripadvisor.com/Restaurant_Review-g298351-d12701296-Reviews-La_Belle_D_orient-Oujda_Oriental.html#REVIEWS
(2 reviews),Oujda,,,0,,,https://www.tripadvisor.com/Restaurant_Review-g298351-d12266191-Reviews-Chica_Sherine-Oujda_Oriental.html#REVIEWS
(10 reviews),Oujda,,,0,,,https://www.tripadvisor.com/Restaurant_Review-g298351-d15101798-Reviews-Oued_Eddahab_Palace-Oujda_Oriental.html#REVIEWS
(28 reviews),Oujda,,,0,,,https://www.tripadvisor.com/Restaurant_Review-g298351-d8126404-Reviews-Restaurant_National-Oujda_Oriental.html#REVIEWS
(1 review),Oujda,,,0,,,https://www.tripadvisor.com/Restaurant_Review-g298351-d33029160-Reviews-Smash_s-Oujda_Oriental.html#REVIEWS
(1 review),Oujda,,,0,,,https://www.tripadvisor.com/Restaurant_Review-g298351-d26493268-Reviews-Ayden_Gourmet-Oujda_Oriental.html#REVIEWS
(43 reviews),Oujda,,,0,,,https://www.tripadvisor.com/Restaurant_Review-g298351-d5243270-Reviews-Opheon-Oujda_Oriental.html#REVIEWS
(43 reviews),Oujda,,,0,,,https://www.tripadvisor.com/Restaurant_Review-g298351-d4561181-Reviews-Trocadero-Oujda_Oriental.html#REVIEWS
(4 reviews),Oujda,,,0,,,https://www.tripadvisor.com/Restaurant_Review-g298351-d30158534-Reviews-Pause_A_Paris-Oujda_Oriental.html#REVIEWS
(11 reviews),Oujda,,,0,,,https://www.tripadvisor.com/Restaurant_Review-g298351-d9702011-Reviews-Fontana-Oujda_Oriental.html#REVIEWS
(54 reviews),Oujda,,,0,,,https://www.tripadvisor.com/Restaurant_Review-g298351-d3567261-Reviews-Rihab-Oujda_Oriental.html#REVIEWS
(2 reviews),Oujda,,,0,,,https://www.tripadvisor.com/Restaurant_Review-g298351-d32861676-Reviews-Smash_It-Oujda_Oriental.html#REVIEWS
(1 review),Oujda,,,0,,,https://www.tripadvisor.com/Restaurant_Review-g298351-d28513913-Reviews-Maison_Sanhaji-Oujda_Oriental.html#REVIEWS
(1 review),Oujda,,,0,,,https://www.tripadvisor.com/Restaurant_Review-g298351-d33220275-Reviews-Juvia-Oujda_Oriental.html#REVIEWS
(2 reviews),Oujda,,,0,,,https://www.tripadvisor.com/Restaurant_Review-g298351-d24079782-Reviews-Mr_Sushi_Oujda-Oujda_Oriental.html#REVIEWS
(3 reviews),Oujda,,,0,,,https://www.tripadvisor.com/Restaurant_Review-g298351-d33271909-Reviews-Le_Best_Oujda-Oujda_Oriental.html#REVIEWS
(2 reviews),Oujda,,,0,,,https://www.tripadvisor.com/Restaurant_Review-g298351-d25162137-Reviews-R_wing-Oujda_Oriental.html#REVIEWS
(14 reviews),Oujda,,,0,,,https://www.tripadvisor.com/Restaurant_Review-g298351-d9978771-Reviews-Complexe_Palmier_D_orient-Oujda_Oriental.html#REVIEWS
(3 reviews),Oujda,,,0,,,https://www.tripadvisor.com/Restaurant_Review-g298351-d19500718-Reviews-CUiZiNE-Oujda_Oriental.html#REVIEWS
(5 reviews),Oujda,,,0,,,https://www.tripadvisor.com/Restaurant_Review-g298351-d23932892-Reviews-Oum_Al_Koura-Oujda_Oriental.html#REVIEWS
(5 reviews),Oujda,,,0,,,https://www.tripadvisor.com/Restaurant_Review-g298351-d10812161-Reviews-Afandy_kebab-Oujda_Oriental.html#REVIEWS
(1 review),Oujda,,,0,,,https://www.tripadvisor.com/Restaurant_Review-g298351-d13274048-Reviews-La_Brioche-Oujda_Oriental.html#REVIEWS
(38 reviews),Oujda,,,0,,,https://www.tripadvisor.com/Restaurant_Review-g298351-d3205157-Reviews-Mc_donald-Oujda_Oriental.html#REVIEWS
(7 reviews),Oujda,,,0,,,https://www.tripadvisor.com/Restaurant_Review-g298351-d11132620-Reviews-Le_Delice-Oujda_Oriental.html#REVIEWS
(22 reviews),Oujda,,,0,,,https://www.tripadvisor.com/Restaurant_Review-g298351-d12073331-Reviews-O_Regal-Oujda_Oriental.html#REVIEWS
L'emeraude Café,Oujda,,,0,,,https://www.tripadvisor.com/Restaurant_Review-g298351-d28755904-Reviews-L_emeraude_Cafe-Oujda_Oriental.html
Napolitano Oujda,Oujda,,,0,,,https://www.tripadvisor.com/Restaurant_Review-g298351-d34065037-Reviews-Napolitano_Oujda-Oujda_Oriental.html
(416 reviews),Tetouan,,,0,,,https://www.tripadvisor.com/Restaurant_Review-g295397-d4104551-Reviews-Riad_El_Reducto-Tetouan_Tanger_Tetouan_Al_Hoceima.html#REVIEWS
(47 reviews),Tetouan,,,0,,,https://www.tripadvisor.com/Restaurant_Review-g295397-d23584443-Reviews-Cafe_Al_Amal-Tetouan_Tanger_Tetouan_Al_Hoceima.html#REVIEWS
(311 reviews),Tetouan,,,0,,,https://www.tripadvisor.com/Restaurant_Review-g295397-d2203345-Reviews-Blanco_Riad_Restaurant-Tetouan_Tanger_Tetouan_Al_Hoceima.html#REVIEWS
(68 reviews),Tetouan,,,0,,,https://www.tripadvisor.com/Restaurant_Review-g295397-d2652805-Reviews-Esquina_del_Pescado-Tetouan_Tanger_Tetouan_Al_Hoceima.html#REVIEWS
(129 reviews),Tetouan,,,0,,,https://www.tripadvisor.com/Restaurant_Review-g295397-d1739030-Reviews-Restaurant_Restinga-Tetouan_Tanger_Tetouan_Al_Hoceima.html#REVIEWS
(12 reviews),Tetouan,,,0,,,https://www.tripadvisor.com/Restaurant_Review-g295397-d33226364-Reviews-Dar_La_Medina-Tetouan_Tanger_Tetouan_Al_Hoceima.html#REVIEWS
(65 reviews),Tetouan,,,0,,,https://www.tripadvisor.com/Restaurant_Review-g295397-d10538696-Reviews-Sed_Nakhla_Le_Restaurant_Du_Lac-Tetouan_Tanger_Tetouan_Al_Hoceima.html#REVIEWS
(7 reviews),Tetouan,,,0,,,https://www.tripadvisor.com/Restaurant_Review-g295397-d28027006-Reviews-Omega_3_Cabo-Tetouan_Tanger_Tetouan_Al_Hoceima.html#REVIEWS
(18 reviews),Tetouan,,,0,,,https://www.tripadvisor.com/Restaurant_Review-g295397-d2340875-Reviews-Restaurant_Hala-Tetouan_Tanger_Tetouan_Al_Hoceima.html#REVIEWS
(1 review),Tetouan,,,0,,,https://www.tripadvisor.com/Restaurant_Review-g295397-d33251381-Reviews-Misushi-Tetouan_Tanger_Tetouan_Al_Hoceima.html#REVIEWS
(1 review),Tetouan,,,0,,,https://www.tripadvisor.com/Restaurant_Review-g295397-d21368036-Reviews-Cafe_Restaurant_El_Bejaui-Tetouan_Tanger_Tetouan_Al_Hoceima.html#REVIEWS
(14 reviews),Tetouan,,,0,,,https://www.tripadvisor.com/Restaurant_Review-g295397-d11810942-Reviews-Restaurant_Al_Okhtobout-Tetouan_Tanger_Tetouan_Al_Hoceima.html#REVIEWS
(10 reviews),Tetouan,,,0,,,https://www.tripadvisor.com/Restaurant_Review-g295397-d17310011-Reviews-Chawarma_Chand_Acham-Tetouan_Tanger_Tetouan_Al_Hoceima.html#REVIEWS
(4 reviews),Tetouan,,,0,,,https://www.tripadvisor.com/Restaurant_Review-g295397-d32900819-Reviews-La_Cubanita_a44-Tetouan_Tanger_Tetouan_Al_Hoceima.html#REVIEWS
(3 reviews),Tetouan,,,0,,,https://www.tripadvisor.com/Restaurant_Review-g295397-d32767765-Reviews-Restaurant_Mandy-Tetouan_Tanger_Tetouan_Al_Hoceima.html#REVIEWS
(79 reviews),Tetouan,,,0,,,https://www.tripadvisor.com/Restaurant_Review-g295397-d4589828-Reviews-Olas-Tetouan_Tanger_Tetouan_Al_Hoceima.html#REVIEWS
(13 reviews),Tetouan,,,0,,,https://www.tripadvisor.com/Restaurant_Review-g295397-d8328036-Reviews-Casa_Medina_Sanaa-Tetouan_Tanger_Tetouan_Al_Hoceima.html#REVIEWS
(7 reviews),Tetouan,,,0,,,https://www.tripadvisor.com/Restaurant_Review-g295397-d17654478-Reviews-Restaurant_Omar-Tetouan_Tanger_Tetouan_Al_Hoceima.html#REVIEWS
(5 reviews),Tetouan,,,0,,,https://www.tripadvisor.com/Restaurant_Review-g295397-d28220699-Reviews-Go_Pizza_Tetouan-Tetouan_Tanger_Tetouan_Al_Hoceima.html#REVIEWS
(21 reviews),Tetouan,,,0,,,https://www.tripadvisor.com/Restaurant_Review-g295397-d15037948-Reviews-Cafe_Granada-Tetouan_Tanger_Tetouan_Al_Hoceima.html#REVIEWS
(4 reviews),Tetouan,,,0,,,https://www.tripadvisor.com/Restaurant_Review-g295397-d27003344-Reviews-River_front-Tetouan_Tanger_Tetouan_Al_Hoceima.html#REVIEWS
(26 reviews),Tetouan,,,0,,,https://www.tripadvisor.com/Restaurant_Review-g295397-d7379024-Reviews-Restaurant_La_Dorada-Tetouan_Tanger_Tetouan_Al_Hoceima.html#REVIEWS
(10 reviews),Tetouan,,,0,,,https://www.tripadvisor.com/Restaurant_Review-g295397-d13558947-Reviews-Chez_Abdelghani-Tetouan_Tanger_Tetouan_Al_Hoceima.html#REVIEWS
(16 reviews),Tetouan,,,0,,,https://www.tripadvisor.com/Restaurant_Review-g295397-d9791421-Reviews-Sucresso-Tetouan_Tanger_Tetouan_Al_Hoceima.html#REVIEWS
(17 reviews),Tetouan,,,0,,,https://www.tripadvisor.com/Restaurant_Review-g295397-d10057684-Reviews-Venezia_Ice_Cafe_Restaurant-Tetouan_Tanger_Tetouan_Al_Hoceima.html#REVIEWS
(11 reviews),Tetouan,,,0,,,https://www.tripadvisor.com/Restaurant_Review-g295397-d9819069-Reviews-Frutello-Tetouan_Tanger_Tetouan_Al_Hoceima.html#REVIEWS
(3 reviews),Tetouan,,,0,,,https://www.tripadvisor.com/Restaurant_Review-g295397-d33324636-Reviews-Chamalia_Cafe-Tetouan_Tanger_Tetouan_Al_Hoceima.html#REVIEWS
(10 reviews),Tetouan,,,0,,,https://www.tripadvisor.com/Restaurant_Review-g295397-d25386537-Reviews-IKEA_Restaurant-Tetouan_Tanger_Tetouan_Al_Hoceima.html#REVIEWS
(7 reviews),Tetouan,,,0,,,https://www.tripadvisor.com/Restaurant_Review-g295397-d8607660-Reviews-Al_barakate_Patisserie_traiteur-Tetouan_Tanger_Tetouan_Al_Hoceima.html#REVIEWS
(7 reviews),Tetouan,,,0,,,https://www.tripadvisor.com/Restaurant_Review-g295397-d26864812-Reviews-Le_Rital_Tetouan-Tetouan_Tanger_Tetouan_Al_Hoceima.html#REVIEWS
(9 reviews),Tetouan,,,0,,,https://www.tripadvisor.com/Restaurant_Review-g295397-d18276274-Reviews-Fuji_Sushi-Tetouan_Tanger_Tetouan_Al_Hoceima.html#REVIEWS
(17 reviews),Tetouan,,,0,,,https://www.tripadvisor.com/Restaurant_Review-g295397-d7712487-Reviews-Pan_Dy-Tetouan_Tanger_Tetouan_Al_Hoceima.html#REVIEWS
(781 reviews),Chefchaouen,,,0,,,https://www.tripadvisor.com/Restaurant_Review-g304013-d19438226-Reviews-Bilmos-Chefchaouen_Tanger_Tetouan_Al_Hoceima.html#REVIEWS
"(1,546 reviews)",Chefchaouen,,,0,,,https://www.tripadvisor.com/Restaurant_Review-g304013-d6879116-Reviews-Restaurant_Beldi_Bab_Ssour-Chefchaouen_Tanger_Tetouan_Al_Hoceima.html#REVIEWS
(267 reviews),Chefchaouen,,,0,,,https://www.tripadvisor.com/Restaurant_Review-g304013-d27743707-Reviews-El_Cielo-Chefchaouen_Tanger_Tetouan_Al_Hoceima.html#REVIEWS
(481 reviews),Chefchaouen,,,0,,,https://www.tripadvisor.com/Restaurant_Review-g304013-d15133801-Reviews-Cafe_Clock_Chefchaouen-Chefchaouen_Tanger_Tetouan_Al_Hoceima.html#REVIEWS
(168 reviews),Chefchaouen,,,0,,,https://www.tripadvisor.com/Restaurant_Review-g304013-d27117879-Reviews-Restaurant_Green_Space-Chefchaouen_Tanger_Tetouan_Al_Hoceima.html#REVIEWS
(106 reviews),Chefchaouen,,,0,,,https://www.tripadvisor.com/Restaurant_Review-g304013-d23410828-Reviews-Restaurant_Chourafa-Chefchaouen_Tanger_Tetouan_Al_Hoceima.html#REVIEWS
"(1,054 reviews)",Chefchaouen,,,0,,,https://www.tripadvisor.com/Restaurant_Review-g304013-d7067670-Reviews-Cafe_Restaurant_Sofia-Chefchaouen_Tanger_Tetouan_Al_Hoceima.html#REVIEWS
(452 reviews),Chefchaouen,,,0,,,https://www.tripadvisor.com/Restaurant_Review-g304013-d10223118-Reviews-Restaurant_Paloma-Chefchaouen_Tanger_Tetouan_Al_Hoceima.html#REVIEWS
(657 reviews),Chefchaouen,,,0,,,https://www.tripadvisor.com/Restaurant_Review-g304013-d8805766-Reviews-Restaurant_Sindibad-Chefchaouen_Tanger_Tetouan_Al_Hoceima.html#REVIEWS
(652 reviews),Chefchaouen,,,0,,,https://www.tripadvisor.com/Restaurant_Review-g304013-d1220365-Reviews-Restaurant_Tissemlal_of_Casa_Hassan-Chefchaouen_Tanger_Tetouan_Al_Hoceima.html#REVIEWS
(360 reviews),Chefchaouen,,,0,,,https://www.tripadvisor.com/Restaurant_Review-g304013-d15610620-Reviews-Restaurant_Twins-Chefchaouen_Tanger_Tetouan_Al_Hoceima.html#REVIEWS
(112 reviews),Chefchaouen,,,0,,,https://www.tripadvisor.com/Restaurant_Review-g304013-d10506118-Reviews-Restaurant_Chez_Fouad-Chefchaouen_Tanger_Tetouan_Al_Hoceima.html#REVIEWS
(461 reviews),Chefchaouen,,,0,,,https://www.tripadvisor.com/Restaurant_Review-g304013-d4060272-Reviews-Restaurant_Morisco-Chefchaouen_Tanger_Tetouan_Al_Hoceima.html#REVIEWS
(167 reviews),Chefchaouen,,,0,,,https://www.tripadvisor.com/Restaurant_Review-g304013-d15272964-Reviews-Hamsa-Chefchaouen_Tanger_Tetouan_Al_Hoceima.html#REVIEWS
(260 reviews),Chefchaouen,,,0,,,https://www.tripadvisor.com/Restaurant_Review-g304013-d23583212-Reviews-Triana-Chefchaouen_Tanger_Tetouan_Al_Hoceima.html#REVIEWS
(206 reviews),Chefchaouen,,,0,,,https://www.tripadvisor.com/Restaurant_Review-g304013-d3815635-Reviews-Assaada-Chefchaouen_Tanger_Tetouan_Al_Hoceima.html#REVIEWS
"(1,075 reviews)",Chefchaouen,,,0,,,https://www.tripadvisor.com/Restaurant_Review-g304013-d2715535-Reviews-Pizzeria_Mandala-Chefchaouen_Tanger_Tetouan_Al_Hoceima.html#REVIEWS
(490 reviews),Chefchaouen,,,0,,,https://www.tripadvisor.com/Restaurant_Review-g304013-d2697283-Reviews-Lalla_Messaouda-Chefchaouen_Tanger_Tetouan_Al_Hoceima.html#REVIEWS
(87 reviews),Chefchaouen,,,0,,,https://www.tripadvisor.com/Restaurant_Review-g304013-d12687103-Reviews-Restaurant_AL_Wiam-Chefchaouen_Tanger_Tetouan_Al_Hoceima.html#REVIEWS
(314 reviews),Chefchaouen,,,0,,,https://www.tripadvisor.com/Restaurant_Review-g304013-d1971819-Reviews-Restaurant_Hicham-Chefchaouen_Tanger_Tetouan_Al_Hoceima.html#REVIEWS
(75 reviews),Chefchaouen,,,0,,,https://www.tripadvisor.com/Restaurant_Review-g304013-d27330345-Reviews-Restaurant_Ali_Baba-Chefchaouen_Tanger_Tetouan_Al_Hoceima.html#REVIEWS
"(1,167 reviews)",Chefchaouen,,,0,,,https://www.tripadvisor.com/Restaurant_Review-g304013-d3695290-Reviews-The_Magic_Lamp_House_of_Aladin-Chefchaouen_Tanger_Tetouan_Al_Hoceima.html#REVIEWS
(134 reviews),Chefchaouen,,,0,,,https://www.tripadvisor.com/Restaurant_Review-g304013-d7789046-Reviews-Cafe_Restaurant_Rahmouni-Chefchaouen_Tanger_Tetouan_Al_Hoceima.html#REVIEWS
(86 reviews),Chefchaouen,,,0,,,https://www.tripadvisor.com/Restaurant_Review-g304013-d17678908-Reviews-Galito_s_Restaurant-Chefchaouen_Tanger_Tetouan_Al_Hoceima.html#REVIEWS
(145 reviews),Chefchaouen,,,0,,,https://www.tripadvisor.com/Restaurant_Review-g304013-d8418566-Reviews-Chez_Aziz-Chefchaouen_Tanger_Tetouan_Al_Hoceima.html#REVIEWS
(106 reviews),Chefchaouen,,,0,,,https://www.tripadvisor.com/Restaurant_Review-g304013-d15134991-Reviews-Mr_Bin_Chinese_Restaurant-Chefchaouen_Tanger_Tetouan_Al_Hoceima.html#REVIEWS
(21 reviews),Chefchaouen,,,0,,,https://www.tripadvisor.com/Restaurant_Review-g304013-d34075331-Reviews-Bacha_Rouge_Resrtaurant-Chefchaouen_Tanger_Tetouan_Al_Hoceima.html#REVIEWS
(15 reviews),Chefchaouen,,,0,,,https://www.tripadvisor.com/Restaurant_Review-g304013-d26688090-Reviews-Restaurant_Jbaria-Chefchaouen_Tanger_Tetouan_Al_Hoceima.html#REVIEWS
(18 reviews),Chefchaouen,,,0,,,https://www.tripadvisor.com/Restaurant_Review-g304013-d27538636-Reviews-Riad_Et_Resaurant_Palacio_Al_Andalus-Chefchaouen_Tanger_Tetouan_Al_Hoceima.html#REVIEWS
(137 reviews),Chefchaouen,,,0,,,https://www.tripadvisor.com/Restaurant_Review-g304013-d10637622-Reviews-Rstaurant_Twins-Chefchaouen_Tanger_Tetouan_Al_Hoceima.html#REVIEWS
Toda Creperie & Ice Cream,Chefchaouen,,,0,,,https://www.tripadvisor.com/Restaurant_Review-g304013-d19284345-Reviews-Toda_Creperie_Ice_Cream-Chefchaouen_Tanger_Tetouan_Al_Hoceima.html
(589 reviews),Essaouira,,,0,,,https://www.tripadvisor.com/Restaurant_Review-g298349-d9555351-Reviews-The_Hungry_Nomad_Rooftop-Essaouira_Marrakech_Safi.html#REVIEWS
(445 reviews),Essaouira,,,0,,,https://www.tripadvisor.com/Restaurant_Review-g298349-d17240519-Reviews-Restaurant_berbere_2006-Essaouira_Marrakech_Safi.html#REVIEWS
(968 reviews),Essaouira,,,0,,,https://www.tripadvisor.com/Restaurant_Review-g298349-d7660170-Reviews-Restaurant_du_Coeur-Essaouira_Marrakech_Safi.html#REVIEWS
(909 reviews),Essaouira,,,0,,,https://www.tripadvisor.com/Restaurant_Review-g298349-d10150196-Reviews-La_Coupole_Essaouira_Beach-Essaouira_Marrakech_Safi.html#REVIEWS
(582 reviews),Essaouira,,,0,,,https://www.tripadvisor.com/Restaurant_Review-g298349-d25348996-Reviews-Butterfly_Space-Essaouira_Marrakech_Safi.html#REVIEWS
(760 reviews),Essaouira,,,0,,,https://www.tripadvisor.com/Restaurant_Review-g298349-d14367847-Reviews-Restaurant_Khmissa-Essaouira_Marrakech_Safi.html#REVIEWS
(320 reviews),Essaouira,,,0,,,https://www.tripadvisor.com/Restaurant_Review-g298349-d17749111-Reviews-Le_Love_By_Caravane-Essaouira_Marrakech_Safi.html#REVIEWS
(454 reviews),Essaouira,,,0,,,https://www.tripadvisor.com/Restaurant_Review-g298349-d3677783-Reviews-O_Bleu_Mogador-Essaouira_Marrakech_Safi.html#REVIEWS
"(1,468 reviews)",Essaouira,,,0,,,https://www.tripadvisor.com/Restaurant_Review-g298349-d3350564-Reviews-La_Table_By_Madada-Essaouira_Marrakech_Safi.html#REVIEWS
(356 reviews),Essaouira,,,0,,,https://www.tripadvisor.com/Restaurant_Review-g298349-d2335779-Reviews-L_Heure_Bleue_Palais-Essaouira_Marrakech_Safi.html#REVIEWS
(88 reviews),Essaouira,,,0,,,https://www.tripadvisor.com/Restaurant_Review-g298349-d15196535-Reviews-Le_Cosy-Essaouira_Marrakech_Safi.html#REVIEWS
(19 reviews),Essaouira,,,0,,,https://www.tripadvisor.com/Restaurant_Review-g298349-d33279479-Reviews-Mutalat-Essaouira_Marrakech_Safi.html#REVIEWS
(24 reviews),Essaouira,,,0,,,https://www.tripadvisor.com/Restaurant_Review-g298349-d17168651-Reviews-Restaurant_Le_Fondouk_Essaouira-Essaouira_Marrakech_Safi.html#REVIEWS
(27 reviews),Essaouira,,,0,,,https://www.tripadvisor.com/Restaurant_Review-g298349-d27123003-Reviews-Cosmo_Mogador-Essaouira_Marrakech_Safi.html#REVIEWS
(15 reviews),Essaouira,,,0,,,https://www.tripadvisor.com/Restaurant_Review-g19985874-d25067503-Reviews-Restaurant_Le_Tissa-Moulay_Bouzarqtoune_Essaouira_Marrakech_Safi.html#REVIEWS
(7 reviews),Essaouira,,,0,,,https://www.tripadvisor.com/Restaurant_Review-g298349-d25322181-Reviews-Le_Club_Essaouira-Essaouira_Marrakech_Safi.html#REVIEWS
(32 reviews),Essaouira,,,0,,,https://www.tripadvisor.com/Restaurant_Review-g298349-d26554652-Reviews-Alma_Co-Essaouira_Marrakech_Safi.html#REVIEWS
(597 reviews),Essaouira,,,0,,,https://www.tripadvisor.com/Restaurant_Review-g298349-d16782039-Reviews-Mandala_Society_Essaouira-Essaouira_Marrakech_Safi.html#REVIEWS
(152 reviews),Essaouira,,,0,,,https://www.tripadvisor.com/Restaurant_Review-g298349-d18923671-Reviews-Restaurant_Ferdaouss-Essaouira_Marrakech_Safi.html#REVIEWS
(978 reviews),Essaouira,,,0,,,https://www.tripadvisor.com/Restaurant_Review-g298349-d3699487-Reviews-Zahra_s_Grill_Restaurant_Tapas_Bar-Essaouira_Marrakech_Safi.html#REVIEWS
(148 reviews),Essaouira,,,0,,,https://www.tripadvisor.com/Restaurant_Review-g298349-d28126365-Reviews-The_People_Beldi-Essaouira_Marrakech_Safi.html#REVIEWS
(185 reviews),Essaouira,,,0,,,https://www.tripadvisor.com/Restaurant_Review-g298349-d23819579-Reviews-Retro_Corner-Essaouira_Marrakech_Safi.html#REVIEWS
"(1,262 reviews)",Essaouira,,,0,,,https://www.tripadvisor.com/Restaurant_Review-g298349-d1211123-Reviews-Restaurant_d_Orient_et_d_Ailleurs-Essaouira_Marrakech_Safi.html#REVIEWS
"(1,233 reviews)",Essaouira,,,0,,,https://www.tripadvisor.com/Restaurant_Review-g298349-d5994887-Reviews-Restaurant_Adwak-Essaouira_Marrakech_Safi.html#REVIEWS
(298 reviews),Essaouira,,,0,,,https://www.tripadvisor.com/Restaurant_Review-g298349-d10190755-Reviews-Restaurant_Le_Corail_Chez_Latifa-Essaouira_Marrakech_Safi.html#REVIEWS
(499 reviews),Essaouira,,,0,,,https://www.tripadvisor.com/Restaurant_Review-g298349-d1894551-Reviews-Miyame-Essaouira_Marrakech_Safi.html#REVIEWS
(517 reviews),Essaouira,,,0,,,https://www.tripadvisor.com/Restaurant_Review-g298349-d1393072-Reviews-Restaurant_Laayoune-Essaouira_Marrakech_Safi.html#REVIEWS
(311 reviews),Essaouira,,,0,,,https://www.tripadvisor.com/Restaurant_Review-g298349-d7359331-Reviews-Riad_Malaika-Essaouira_Marrakech_Safi.html#REVIEWS
(600 reviews),Essaouira,,,0,,,https://www.tripadvisor.com/Restaurant_Review-g298349-d6016145-Reviews-Restaurant_Keltoum-Essaouira_Marrakech_Safi.html#REVIEWS
"(1,162 reviews)",Essaouira,,,0,,,https://www.tripadvisor.com/Restaurant_Review-g298349-d1748658-Reviews-Ocean_Vagabond_Restaurant-Essaouira_Marrakech_Safi.html#REVIEWS
(452 reviews),Essaouira,,,0,,,https://www.tripadvisor.com/Restaurant_Review-g298349-d1883272-Reviews-Dar_Baba_Restaurant_More-Essaouira_Marrakech_Safi.html#REVIEWS
"(1,073 reviews)",Essaouira,,,0,,,https://www.tripadvisor.com/Restaurant_Review-g298349-d6985658-Reviews-Restaurant_Gusto_Italia-Essaouira_Marrakech_Safi.html#REVIEWS
"(1,211 reviews)",Essaouira,,,0,,,https://www.tripadvisor.com/Restaurant_Review-g298349-d1588478-Reviews-Triskala_Cafe-Essaouira_Marrakech_Safi.html#REVIEWS
"(2,082 reviews)",Essaouira,,,0,,,https://www.tripadvisor.com/Restaurant_Review-g298349-d2102443-Reviews-Caravane_Cafe-Essaouira_Marrakech_Safi.html#REVIEWS
"(1,274 reviews)",Essaouira,,,0,,,https://www.tripadvisor.com/Restaurant_Review-g298349-d2037678-Reviews-Restaurant_La_Tolerance-Essaouira_Marrakech_Safi.html#REVIEWS
(343 reviews),Essaouira,,,0,,,https://www.tripadvisor.com/Restaurant_Review-g298349-d17763386-Reviews-D_jazy_Essaouira-Essaouira_Marrakech_Safi.html#REVIEWS
(136 reviews),Essaouira,,,0,,,https://www.tripadvisor.com/Restaurant_Review-g298349-d17782455-Reviews-Asian_Red_Food-Essaouira_Marrakech_Safi.html#REVIEWS
(329 reviews),Essaouira,,,0,,,https://www.tripadvisor.com/Restaurant_Review-g298349-d23093360-Reviews-Safran_citron-Essaouira_Marrakech_Safi.html#REVIEWS
(584 reviews),Essaouira,,,0,,,https://www.tripadvisor.com/Restaurant_Review-g298349-d15347618-Reviews-Restaurant_Sayef-Essaouira_Marrakech_Safi.html#REVIEWS
(426 reviews),Essaouira,,,0,,,https://www.tripadvisor.com/Restaurant_Review-g298349-d2697592-Reviews-M_Beach-Essaouira_Marrakech_Safi.html#REVIEWS
"(1,556 reviews)",Essaouira,,,0,,,https://www.tripadvisor.com/Restaurant_Review-g298349-d6764534-Reviews-The_LOFT-Essaouira_Marrakech_Safi.html#REVIEWS
"(1,409 reviews)",Essaouira,,,0,,,https://www.tripadvisor.com/Restaurant_Review-g298349-d5894837-Reviews-Umia-Essaouira_Marrakech_Safi.html#REVIEWS
(157 reviews),Essaouira,,,0,,,https://www.tripadvisor.com/Restaurant_Review-g298349-d24107766-Reviews-Le_Panier_Du_Chef_Chez_Rachid_Akachoud-Essaouira_Marrakech_Safi.html#REVIEWS
(534 reviews),Essaouira,,,0,,,https://www.tripadvisor.com/Restaurant_Review-g298349-d11895673-Reviews-Taverna_bolognese_da_Maurizio-Essaouira_Marrakech_Safi.html#REVIEWS
(87 reviews),Essaouira,,,0,,,https://www.tripadvisor.com/Restaurant_Review-g298349-d33234957-Reviews-Arabicafe_Medina-Essaouira_Marrakech_Safi.html#REVIEWS
(267 reviews),Essaouira,,,0,,,https://www.tripadvisor.com/Restaurant_Review-g298349-d12741745-Reviews-Salut_Maroc_Rooftop_Restaurant-Essaouira_Marrakech_Safi.html#REVIEWS
(1 review),Safi,,,0,,,https://www.tripadvisor.com/Restaurant_Review-g580100-d34016131-Reviews-Restaurant_Otajine_Safi-Safi_Marrakech_Safi.html#REVIEWS
(466 reviews),Safi,,,0,,,https://www.tripadvisor.com/Restaurant_Review-g580100-d5292751-Reviews-Chez_Hosni-Safi_Marrakech_Safi.html#REVIEWS
(67 reviews),Safi,,,0,,,https://www.tripadvisor.com/Restaurant_Review-g580100-d11925569-Reviews-Restaurant_Chez_Said-Safi_Marrakech_Safi.html#REVIEWS
(30 reviews),Safi,,,0,,,https://www.tripadvisor.com/Restaurant_Review-g580100-d15013304-Reviews-Le_Phare-Safi_Marrakech_Safi.html#REVIEWS
(11 reviews),Safi,,,0,,,https://www.tripadvisor.com/Restaurant_Review-g580100-d24168334-Reviews-Le_Rooftop_Restaurant-Safi_Marrakech_Safi.html#REVIEWS
(138 reviews),Safi,,,0,,,https://www.tripadvisor.com/Restaurant_Review-g580100-d3307824-Reviews-Riad_du_Pecheur-Safi_Marrakech_Safi.html#REVIEWS
(23 reviews),Safi,,,0,,,https://www.tripadvisor.com/Restaurant_Review-g580100-d25329631-Reviews-L_ilot_Chatain-Safi_Marrakech_Safi.html#REVIEWS
(75 reviews),Safi,,,0,,,https://www.tripadvisor.com/Restaurant_Review-g580100-d3721636-Reviews-Le_Filet_Du_Pecheur-Safi_Marrakech_Safi.html#REVIEWS
(8 reviews),Safi,,,0,,,https://www.tripadvisor.com/Restaurant_Review-g580100-d15000021-Reviews-Glass_house-Safi_Marrakech_Safi.html#REVIEWS
(2 reviews),Safi,,,0,,,https://www.tripadvisor.com/Restaurant_Review-g580100-d27822396-Reviews-Restaurant_Perla_Hirmanos-Safi_Marrakech_Safi.html#REVIEWS
(16 reviews),Safi,,,0,,,https://www.tripadvisor.com/Restaurant_Review-g580100-d8058844-Reviews-MARE_BLEU-Safi_Marrakech_Safi.html#REVIEWS
(15 reviews),Safi,,,0,,,https://www.tripadvisor.com/Restaurant_Review-g580100-d3204215-Reviews-Restaurant_Moukhlis_Fish-Safi_Marrakech_Safi.html#REVIEWS
(7 reviews),Safi,,,0,,,https://www.tripadvisor.com/Restaurant_Review-g580100-d7243756-Reviews-Dar_Yasmine-Safi_Marrakech_Safi.html#REVIEWS
(19 reviews),Safi,,,0,,,https://www.tripadvisor.com/Restaurant_Review-g580100-d3538649-Reviews-Gegene-Safi_Marrakech_Safi.html#REVIEWS
(18 reviews),Safi,,,0,,,https://www.tripadvisor.com/Restaurant_Review-g580100-d14979577-Reviews-Restaurant_Chez_Aicha-Safi_Marrakech_Safi.html#REVIEWS
(9 reviews),Safi,,,0,,,https://www.tripadvisor.com/Restaurant_Review-g580100-d10713494-Reviews-Restaurant_Garibaldi-Safi_Marrakech_Safi.html#REVIEWS
(2 reviews),Safi,,,0,,,https://www.tripadvisor.com/Restaurant_Review-g580100-d23483361-Reviews-The_Palm_Coffee_Restaurant-Safi_Marrakech_Safi.html#REVIEWS
(3 reviews),Safi,,,0,,,https://www.tripadvisor.com/Restaurant_Review-g580100-d20150118-Reviews-Amore_Italiano-Safi_Marrakech_Safi.html#REVIEWS
(14 reviews),Safi,,,0,,,https://www.tripadvisor.com/Restaurant_Review-g580100-d6995715-Reviews-Le_Refuge-Safi_Marrakech_Safi.html#REVIEWS
(4 reviews),Safi,,,0,,,https://www.tripadvisor.com/Restaurant_Review-g580100-d15215175-Reviews-Restaurant_La_Belle_Vue-Safi_Marrakech_Safi.html#REVIEWS
(5 reviews),Safi,,,0,,,https://www.tripadvisor.com/Restaurant_Review-g580100-d26837453-Reviews-Cafe_Restaurant_Tafraout_Toufliht-Safi_Marrakech_Safi.html#REVIEWS
(9 reviews),Safi,,,0,,,https://www.tripadvisor.com/Restaurant_Review-g580100-d19088126-Reviews-Glacier_Assala-Safi_Marrakech_Safi.html#REVIEWS
(2 reviews),Safi,,,0,,,https://www.tripadvisor.com/Restaurant_Review-g580100-d27821935-Reviews-Restaurant_Perla_Hirmanos-Safi_Marrakech_Safi.html#REVIEWS
(4 reviews),Safi,,,0,,,https://www.tripadvisor.com/Restaurant_Review-g580100-d21159092-Reviews-Le_Comptoir-Safi_Marrakech_Safi.html#REVIEWS
(4 reviews),Safi,,,0,,,https://www.tripadvisor.com/Restaurant_Review-g580100-d11737906-Reviews-Taco-Safi_Marrakech_Safi.html#REVIEWS
(5 reviews),Safi,,,0,,,https://www.tripadvisor.com/Restaurant_Review-g580100-d15666540-Reviews-Happy_Coffee_Restaurant-Safi_Marrakech_Safi.html#REVIEWS
(6 reviews),Safi,,,0,,,https://www.tripadvisor.com/Restaurant_Review-g580100-d12737443-Reviews-Ranch_Bleu-Safi_Marrakech_Safi.html#REVIEWS
(1 review),Safi,,,0,,,https://www.tripadvisor.com/Restaurant_Review-g580100-d27757965-Reviews-Cappucino_Cafe_Restaurant-Safi_Marrakech_Safi.html#REVIEWS
(2 reviews),Safi,,,0,,,https://www.tripadvisor.com/Restaurant_Review-g580100-d17044579-Reviews-Pinchos-Safi_Marrakech_Safi.html#REVIEWS
(0 reviews),Safi,,,0,,,https://www.tripadvisor.com/Restaurant_Review-g580100-d25272028-Reviews-Lahlali_Snack_Boucherie-Safi_Marrakech_Safi.html#REVIEWS
(11 reviews),Nador,,,0,,,https://www.tripadvisor.com/Restaurant_Review-g1056645-d26812221-Reviews-Salpicon_Restaurant-Nador_Oriental.html#REVIEWS
(34 reviews),Nador,,,0,,,https://www.tripadvisor.com/Restaurant_Review-g1056645-d8307013-Reviews-Doha-Nador_Oriental.html#REVIEWS
(47 reviews),Nador,,,0,,,https://www.tripadvisor.com/Restaurant_Review-g1056645-d12970404-Reviews-Bulls_Burger_House-Nador_Oriental.html#REVIEWS
(23 reviews),Nador,,,0,,,https://www.tripadvisor.com/Restaurant_Review-g1056645-d15710783-Reviews-Restaurante_Abbas-Nador_Oriental.html#REVIEWS
(3 reviews),Nador,,,0,,,https://www.tripadvisor.com/Restaurant_Review-g1056645-d27926965-Reviews-Fadaa_Gorogo_Resto-Nador_Oriental.html#REVIEWS
(12 reviews),Nador,,,0,,,https://www.tripadvisor.com/Restaurant_Review-g1056645-d24054203-Reviews-Ftour_And_More-Nador_Oriental.html#REVIEWS
(20 reviews),Nador,,,0,,,https://www.tripadvisor.com/Restaurant_Review-g1056645-d5932465-Reviews-Bella_italia-Nador_Oriental.html#REVIEWS
(6 reviews),Nador,,,0,,,https://www.tripadvisor.com/Restaurant_Review-g1056645-d9984590-Reviews-Cafe_Vancouver-Nador_Oriental.html#REVIEWS
(15 reviews),Nador,,,0,,,https://www.tripadvisor.com/Restaurant_Review-g1056645-d17700840-Reviews-Casa_Juanito-Nador_Oriental.html#REVIEWS
(5 reviews),Nador,,,0,,,https://www.tripadvisor.com/Restaurant_Review-g1056645-d10036800-Reviews-Restaurant_Cafe_El_Balcon-Nador_Oriental.html#REVIEWS
(37 reviews),Nador,,,0,,,https://www.tripadvisor.com/Restaurant_Review-g1056645-d4086094-Reviews-Restaurant_Marhaba-Nador_Oriental.html#REVIEWS
(16 reviews),Nador,,,0,,,https://www.tripadvisor.com/Restaurant_Review-g1056645-d23782204-Reviews-Restaurant_L_artiste-Nador_Oriental.html#REVIEWS
(36 reviews),Nador,,,0,,,https://www.tripadvisor.com/Restaurant_Review-g1056645-d10032659-Reviews-Cafe_Restaurante_Le_Select-Nador_Oriental.html#REVIEWS
(32 reviews),Nador,,,0,,,https://www.tripadvisor.com/Restaurant_Review-g1056645-d23992118-Reviews-Table_D_or-Nador_Oriental.html#REVIEWS
(5 reviews),Nador,,,0,,,https://www.tripadvisor.com/Restaurant_Review-g1056645-d19402289-Reviews-Restaurant_Du_Golf-Nador_Oriental.html#REVIEWS
(14 reviews),Nador,,,0,,,https://www.tripadvisor.com/Restaurant_Review-g1056645-d25169621-Reviews-Restaurant_Carablanca-Nador_Oriental.html#REVIEWS
(6 reviews),Nador,,,0,,,https://www.tripadvisor.com/Restaurant_Review-g1056645-d23125599-Reviews-Dahab_Restaurant-Nador_Oriental.html#REVIEWS
(2 reviews),Nador,,,0,,,https://www.tripadvisor.com/Restaurant_Review-g1056645-d23571240-Reviews-Restaurant_Mediterraneo-Nador_Oriental.html#REVIEWS
(6 reviews),Nador,,,0,,,https://www.tripadvisor.com/Restaurant_Review-g1056645-d21013289-Reviews-King_Tacos_Nador-Nador_Oriental.html#REVIEWS
(3 reviews),Nador,,,0,,,https://www.tripadvisor.com/Restaurant_Review-g1056645-d27117433-Reviews-Salpicon_Mediterranean_s_restaurant-Nador_Oriental.html#REVIEWS
(4 reviews),Nador,,,0,,,https://www.tripadvisor.com/Restaurant_Review-g1056645-d33045246-Reviews-Coin_Traditionnel-Nador_Oriental.html#REVIEWS
(3 reviews),Nador,,,0,,,https://www.tripadvisor.com/Restaurant_Review-g1056645-d12905307-Reviews-Helados_Italia_Khalifa-Nador_Oriental.html#REVIEWS
(5 reviews),Nador,,,0,,,https://www.tripadvisor.com/Restaurant_Review-g1056645-d9984729-Reviews-Oslo_Pizzeria-Nador_Oriental.html#REVIEWS
(2 reviews),Nador,,,0,,,https://www.tripadvisor.com/Restaurant_Review-g1056645-d34317072-Reviews-Mi_Lobi_Nador-Nador_Oriental.html#REVIEWS
(1 review),Nador,,,0,,,https://www.tripadvisor.com/Restaurant_Review-g1056645-d33245746-Reviews-Chehiwat_El_Walida-Nador_Oriental.html#REVIEWS
(1 review),Nador,,,0,,,https://www.tripadvisor.com/Restaurant_Review-g1056645-d23407982-Reviews-La_Martina_76-Nador_Oriental.html#REVIEWS
(1 review),Nador,,,0,,,https://www.tripadvisor.com/Restaurant_Review-g1056645-d29015451-Reviews-La_Pasteria_Gloria-Nador_Oriental.html#REVIEWS
(3 reviews),Nador,,,0,,,https://www.tripadvisor.com/Restaurant_Review-g1056645-d23838071-Reviews-Taksim_Cafe_Restaurant-Nador_Oriental.html#REVIEWS
(28 reviews),Nador,,,0,,,https://www.tripadvisor.com/Restaurant_Review-g1056645-d8474394-Reviews-McDonald_s-Nador_Oriental.html#REVIEWS
(2 reviews),Nador,,,0,,,https://www.tripadvisor.com/Restaurant_Review-g1056645-d21022491-Reviews-Cafe_Atalayoun-Nador_Oriental.html#REVIEWS
(2 reviews),Nador,,,0,,,https://www.tripadvisor.com/Restaurant_Review-g1056645-d24949963-Reviews-La_Casa_De_Tacos-Nador_Oriental.html#REVIEWS
"RESTAURANTEl Jadida Milano3.83.8 of 5 bubbles(462 reviews)Milan, Lombardy, Italy4 mentions ofEl Jadida""…The hookahs' quality is superior and staff atElJadidaMilano is amazing…""",El Jadida,,,0,,,https://www.tripadvisor.com/Restaurant_Review-g187849-d1099763-Reviews-El_Jadida_Milano-Milan_Lombardy.html
(462 reviews),El Jadida,,,0,,,https://www.tripadvisor.com/Restaurant_Review-g187849-d1099763-Reviews-El_Jadida_Milano-Milan_Lombardy.html#REVIEWS
"RESTAURANTLe Privé Restaurant4.74.7 of 5 bubbles(319 reviews)El Jadida, Morocco24 mentions ofEl Jadida""…Recommended a lot to anyone who comes toelJadida!…""",El Jadida,,,0,,,https://www.tripadvisor.com/Restaurant_Review-g298348-d7084705-Reviews-Le_Prive_Restaurant-El_Jadida_Casablanca_Settat.html
(319 reviews),El Jadida,,,0,,,https://www.tripadvisor.com/Restaurant_Review-g298348-d7084705-Reviews-Le_Prive_Restaurant-El_Jadida_Casablanca_Settat.html#REVIEWS
"RESTAURANTSnack El Bahri3.83.8 of 5 bubbles(165 reviews)El Jadida, Morocco6 mentions ofEl Jadida""…We ate at Snack RestaurantElBahri inElJadidaand were pleasantly surprised…""",El Jadida,,,0,,,https://www.tripadvisor.com/Restaurant_Review-g298348-d5988615-Reviews-Snack_El_Bahri-El_Jadida_Casablanca_Settat.html
(165 reviews),El Jadida,,,0,,,https://www.tripadvisor.com/Restaurant_Review-g298348-d5988615-Reviews-Snack_El_Bahri-El_Jadida_Casablanca_Settat.html#REVIEWS
"RESTAURANTLa Portugaise3.93.9 of 5 bubbles(296 reviews)El Jadida, Morocco14 mentions ofEl Jadida""…A must when visitingElJadida.Diane, Canada…""",El Jadida,,,0,,,https://www.tripadvisor.com/Restaurant_Review-g298348-d2573350-Reviews-La_Portugaise-El_Jadida_Casablanca_Settat.html
(296 reviews),El Jadida,,,0,,,https://www.tripadvisor.com/Restaurant_Review-g298348-d2573350-Reviews-La_Portugaise-El_Jadida_Casablanca_Settat.html#REVIEWS
"RESTAURANTLa Capitainerie4.04 of 5 bubbles(88 reviews)El Jadida, Morocco8 mentions ofEl Jadida""…I walked to old Portuguese citadel ofElJADIDAand found this place and…""",El Jadida,,,0,,,https://www.tripadvisor.com/Restaurant_Review-g298348-d5897158-Reviews-La_Capitainerie-El_Jadida_Casablanca_Settat.html
(88 reviews),El Jadida,,,0,,,https://www.tripadvisor.com/Restaurant_Review-g298348-d5897158-Reviews-La_Capitainerie-El_Jadida_Casablanca_Settat.html#REVIEWS
"RESTAURANTAli Baba ( au clair de lune)4.04 of 5 bubbles(168 reviews)El Jadida, Morocco8 mentions ofEl Jadida""…We had the best food at Ali Baba during our stay inElJadida!…""",El Jadida,,,0,,,https://www.tripadvisor.com/Restaurant_Review-g298348-d3601782-Reviews-Ali_Baba_au_clair_de_lune-El_Jadida_Casablanca_Settat.html
(168 reviews),El Jadida,,,0,,,https://www.tripadvisor.com/Restaurant_Review-g298348-d3601782-Reviews-Ali_Baba_au_clair_de_lune-El_Jadida_Casablanca_Settat.html#REVIEWS
"RESTAURANTLa Grillardiere3.93.9 of 5 bubbles(194 reviews)El Jadida, Morocco7 mentions ofEl Jadida""…Once inElJadida, decent restaurants are not so plentiful but eateries…""",El Jadida,,,0,,,https://www.tripadvisor.com/Restaurant_Review-g298348-d7803933-Reviews-La_Grillardiere-El_Jadida_Casablanca_Settat.html
(194 reviews),El Jadida,,,0,,,https://www.tripadvisor.com/Restaurant_Review-g298348-d7803933-Reviews-La_Grillardiere-El_Jadida_Casablanca_Settat.html#REVIEWS
"RESTAURANTLuigi4.04 of 5 bubbles(36 reviews)El Jadida, Morocco4 mentions ofEl Jadida""…good too. near to center , quiet , clean delicious and good prices forel…""",El Jadida,,,0,,,https://www.tripadvisor.com/Restaurant_Review-g298348-d4082162-Reviews-Luigi-El_Jadida_Casablanca_Settat.html
(36 reviews),El Jadida,,,0,,,https://www.tripadvisor.com/Restaurant_Review-g298348-d4082162-Reviews-Luigi-El_Jadida_Casablanca_Settat.html#REVIEWS
"RESTAURANTCafé restaurant Art house4.54.5 of 5 bubbles(25 reviews)El Jadida, Morocco3 mentions ofEl Jadida""…Best breakfast ineljadida☕️ 🥐 and very great and nice  service , we…""",El Jadida,,,0,,,https://www.tripadvisor.com/Restaurant_Review-g298348-d18904452-Reviews-Cafe_restaurant_Art_house-El_Jadida_Casablanca_Settat.html
(25 reviews),El Jadida,,,0,,,https://www.tripadvisor.com/Restaurant_Review-g298348-d18904452-Reviews-Cafe_restaurant_Art_house-El_Jadida_Casablanca_Settat.html#REVIEWS
"RESTAURANTTchiquito4.24.2 of 5 bubbles(30 reviews)El Jadida, Morocco2 mentions ofEl Jadida""…We tried to find this place when inElJadida, but the guidebook we had…""",El Jadida,,,0,,,https://www.tripadvisor.com/Restaurant_Review-g298348-d3654017-Reviews-Tchiquito-El_Jadida_Casablanca_Settat.html
(30 reviews),El Jadida,,,0,,,https://www.tripadvisor.com/Restaurant_Review-g298348-d3654017-Reviews-Tchiquito-El_Jadida_Casablanca_Settat.html#REVIEWS
"RESTAURANTOasis3.73.7 of 5 bubbles(21 reviews)El Jadida, Morocco3 mentions ofEl Jadida""…I've been to the one on theElJadidamotorway which has been renovated…""",El Jadida,,,0,,,https://www.tripadvisor.com/Restaurant_Review-g298348-d3736252-Reviews-Oasis-El_Jadida_Casablanca_Settat.html
(21 reviews),El Jadida,,,0,,,https://www.tripadvisor.com/Restaurant_Review-g298348-d3736252-Reviews-Oasis-El_Jadida_Casablanca_Settat.html#REVIEWS
"RESTAURANTLe Lokal4.74.7 of 5 bubbles(74 reviews)El Jadida, Morocco3 mentions ofEl Jadida""…We were staying in a nearby resort and headed toElJadidafor a day trip…""",El Jadida,,,0,,,https://www.tripadvisor.com/Restaurant_Review-g298348-d13532216-Reviews-Le_Lokal-El_Jadida_Casablanca_Settat.html
(74 reviews),El Jadida,,,0,,,https://www.tripadvisor.com/Restaurant_Review-g298348-d13532216-Reviews-Le_Lokal-El_Jadida_Casablanca_Settat.html#REVIEWS
"RESTAURANTRestaurant Jorf Lasfar5.05 of 5 bubbles(1 review)El Jadida, Morocco1 mention ofEl Jadida""…This is a good place to stop if on the road fromElJadidato Oualidia…""",El Jadida,,,0,,,https://www.tripadvisor.com/Restaurant_Review-g298348-d8656642-Reviews-Restaurant_Jorf_Lasfar-El_Jadida_Casablanca_Settat.html
(1 review),El Jadida,,,0,,,https://www.tripadvisor.com/Restaurant_Review-g298348-d8656642-Reviews-Restaurant_Jorf_Lasfar-El_Jadida_Casablanca_Settat.html#REVIEWS
"RESTAURANTJeff De Bruges5.05 of 5 bubbles(1 review)El Jadida, Morocco1 mention ofEl Jadida""…This is a wonderful addition to the scene inElJadida.…""",El Jadida,,,0,,,https://www.tripadvisor.com/Restaurant_Review-g298348-d23809188-Reviews-Jeff_De_Bruges-El_Jadida_Casablanca_Settat.html
(1 review),El Jadida,,,0,,,https://www.tripadvisor.com/Restaurant_Review-g298348-d23809188-Reviews-Jeff_De_Bruges-El_Jadida_Casablanca_Settat.html#REVIEWS
"RESTAURANTRestaurant Sham Bacha4.94.9 of 5 bubbles(10 reviews)El Jadida, Morocco2 mentions ofEl Jadida""…It's one of the few restaurants that's kept its standards up inElJadida…""",El Jadida,,,0,,,https://www.tripadvisor.com/Restaurant_Review-g298348-d23322811-Reviews-Restaurant_Sham_Bacha-El_Jadida_Casablanca_Settat.html
(10 reviews),El Jadida,,,0,,,https://www.tripadvisor.com/Restaurant_Review-g298348-d23322811-Reviews-Restaurant_Sham_Bacha-El_Jadida_Casablanca_Settat.html#REVIEWS
"RESTAURANTFour sisters4.94.9 of 5 bubbles(7 reviews)El Jadida, Morocco1 mention ofEl Jadida""…Jadida to Azemmour.…""",El Jadida,,,0,,,https://www.tripadvisor.com/Restaurant_Review-g298348-d12380797-Reviews-Four_sisters-El_Jadida_Casablanca_Settat.html
(7 reviews),El Jadida,,,0,,,https://www.tripadvisor.com/Restaurant_Review-g298348-d12380797-Reviews-Four_sisters-El_Jadida_Casablanca_Settat.html#REVIEWS
"RESTAURANTLe Bistrot d'Eric4.34.3 of 5 bubbles(9 reviews)El Jadida, Morocco2 mentions ofEl Jadida""…Jadida.…""",El Jadida,,,0,,,https://www.tripadvisor.com/Restaurant_Review-g298348-d26820679-Reviews-Le_Bistrot_d_Eric-El_Jadida_Casablanca_Settat.html
(9 reviews),El Jadida,,,0,,,https://www.tripadvisor.com/Restaurant_Review-g298348-d26820679-Reviews-Le_Bistrot_d_Eric-El_Jadida_Casablanca_Settat.html#REVIEWS
"RESTAURANTOlives4.04 of 5 bubbles(10 reviews)El Jadida, Morocco1 mention ofEl Jadida""…Jadida's answer to  Mar -a - Lago.…""",El Jadida,,,0,,,https://www.tripadvisor.com/Restaurant_Review-g298348-d5601289-Reviews-Olives-El_Jadida_Casablanca_Settat.html
(10 reviews),El Jadida,,,0,,,https://www.tripadvisor.com/Restaurant_Review-g298348-d5601289-Reviews-Olives-El_Jadida_Casablanca_Settat.html#REVIEWS
"RESTAURANTLa Ruche Dorée3.83.8 of 5 bubbles(17 reviews)El Jadida, Morocco1 mention ofEl Jadida""…(Cheapest prices inElJadida) with an excellent quality.…""",El Jadida,,,0,,,https://www.tripadvisor.com/Restaurant_Review-g298348-d12579832-Reviews-La_Ruche_Doree-El_Jadida_Casablanca_Settat.html
(17 reviews),El Jadida,,,0,,,https://www.tripadvisor.com/Restaurant_Review-g298348-d12579832-Reviews-La_Ruche_Doree-El_Jadida_Casablanca_Settat.html#REVIEWS
"RESTAURANTPuccini2.92.9 of 5 bubbles(41 reviews)El Jadida, Morocco2 mentions ofEl Jadida""…modern and western and with sea view at the seapromenade,you feel not inEl-jadida…""",El Jadida,,,0,,,https://www.tripadvisor.com/Restaurant_Review-g298348-d4115035-Reviews-Puccini-El_Jadida_Casablanca_Settat.html
(41 reviews),El Jadida,,,0,,,https://www.tripadvisor.com/Restaurant_Review-g298348-d4115035-Reviews-Puccini-El_Jadida_Casablanca_Settat.html#REVIEWS
"RESTAURANT‪Patisserie le Regal‬3.53.5 of 5 bubbles(34 reviews)El Jadida, Morocco2 mentions ofEl Jadida""…There are now several patisseries inElJadidawhose products are of equivalent…""",El Jadida,,,0,,,https://www.tripadvisor.com/Restaurant_Review-g298348-d5534579-Reviews-Patisserie_le_Regal-El_Jadida_Casablanca_Settat.html
(34 reviews),El Jadida,,,0,,,https://www.tripadvisor.com/Restaurant_Review-g298348-d5534579-Reviews-Patisserie_le_Regal-El_Jadida_Casablanca_Settat.html#REVIEWS
"RESTAURANTRestaurant du Port3.33.3 of 5 bubbles(91 reviews)El Jadida, Morocco2 mentions ofEl Jadida""…However it is an historical place of the French protectorate inEl-Jadida…""",El Jadida,,,0,,,https://www.tripadvisor.com/Restaurant_Review-g298348-d3541994-Reviews-Restaurant_du_Port-El_Jadida_Casablanca_Settat.html
(91 reviews),El Jadida,,,0,,,https://www.tripadvisor.com/Restaurant_Review-g298348-d3541994-Reviews-Restaurant_du_Port-El_Jadida_Casablanca_Settat.html#REVIEWS
"RESTAURANTRestaurant Jivana3.33.3 of 5 bubbles(11 reviews)El Jadida, Morocco2 mentions ofEl Jadida""…Best restaurant inElJadidawith an amazing view.…""",El Jadida,,,0,,,https://www.tripadvisor.com/Restaurant_Review-g298348-d25310916-Reviews-Restaurant_Jivana-El_Jadida_Casablanca_Settat.html
(11 reviews),El Jadida,,,0,,,https://www.tripadvisor.com/Restaurant_Review-g298348-d25310916-Reviews-Restaurant_Jivana-El_Jadida_Casablanca_Settat.html#REVIEWS
"RESTAURANTPatisserie Tartine4.04 of 5 bubbles(15 reviews)El Jadida, Morocco2 mentions ofEl Jadida""…But there is one jewel inElJadida.…""",El Jadida,,,0,,,https://www.tripadvisor.com/Restaurant_Review-g298348-d12169329-Reviews-Patisserie_Tartine-El_Jadida_Casablanca_Settat.html
(15 reviews),El Jadida,,,0,,,https://www.tripadvisor.com/Restaurant_Review-g298348-d12169329-Reviews-Patisserie_Tartine-El_Jadida_Casablanca_Settat.html#REVIEWS
"RESTAURANTYaki Sushi4.64.6 of 5 bubbles(23 reviews)El Jadida, Morocco1 mention ofEl Jadida""…I highly recommend this restaurant if you happen to be inElJadidafor…""",El Jadida,,,0,,,https://www.tripadvisor.com/Restaurant_Review-g298348-d14791981-Reviews-Yaki_Sushi-El_Jadida_Casablanca_Settat.html
(23 reviews),El Jadida,,,0,,,https://www.tripadvisor.com/Restaurant_Review-g298348-d14791981-Reviews-Yaki_Sushi-El_Jadida_Casablanca_Settat.html#REVIEWS
"RESTAURANTRiad Eucalyptus Mazagan Cafe4.34.3 of 5 bubbles(6 reviews)El Jadida, Morocco1 mention ofEl Jadida""…The cafe's been discovered by the bright young things ofElJadidaand…""",El Jadida,,,0,,,https://www.tripadvisor.com/Restaurant_Review-g298348-d20344384-Reviews-Riad_Eucalyptus_Mazagan_Cafe-El_Jadida_Casablanca_Settat.html
(6 reviews),El Jadida,,,0,,,https://www.tripadvisor.com/Restaurant_Review-g298348-d20344384-Reviews-Riad_Eucalyptus_Mazagan_Cafe-El_Jadida_Casablanca_Settat.html#REVIEWS
"RESTAURANTCafé Solymar4.34.3 of 5 bubbles(3 reviews)El Jadida, Morocco1 mention ofEl Jadida""…Jadida enjoying the relatively cooler weather.…""",El Jadida,,,0,,,https://www.tripadvisor.com/Restaurant_Review-g298348-d10490008-Reviews-Cafe_Solymar-El_Jadida_Casablanca_Settat.html
(3 reviews),El Jadida,,,0,,,https://www.tripadvisor.com/Restaurant_Review-g298348-d10490008-Reviews-Cafe_Solymar-El_Jadida_Casablanca_Settat.html#REVIEWS
"RESTAURANTBlue Rock Café5.05 of 5 bubbles(1 review)El Jadida, Morocco1 mention ofEl Jadida""…Jadida.…""",El Jadida,,,0,,,https://www.tripadvisor.com/Restaurant_Review-g298348-d26800019-Reviews-Blue_Rock_Cafe-El_Jadida_Casablanca_Settat.html
(1 review),El Jadida,,,0,,,https://www.tripadvisor.com/Restaurant_Review-g298348-d26800019-Reviews-Blue_Rock_Cafe-El_Jadida_Casablanca_Settat.html#REVIEWS
"RESTAURANTSel de Mer4.44.4 of 5 bubbles(36 reviews)El Jadida, Morocco1 mention ofEl Jadida""…Located inside Mazagan Beach Resort outside ofElJadida, Sel De Mer is…""",El Jadida,,,0,,,https://www.tripadvisor.com/Restaurant_Review-g298348-d5779028-Reviews-Sel_de_Mer-El_Jadida_Casablanca_Settat.html
(36 reviews),El Jadida,,,0,,,https://www.tripadvisor.com/Restaurant_Review-g298348-d5779028-Reviews-Sel_de_Mer-El_Jadida_Casablanca_Settat.html#REVIEWS
"RESTAURANTEbi Sushi3.53.5 of 5 bubbles(19 reviews)El Jadida, Morocco3 mentions ofEl Jadida""…This is a worthy addition to the restaurant scene inElJadida.…""",El Jadida,,,0,,,https://www.tripadvisor.com/Restaurant_Review-g298348-d10129242-Reviews-Ebi_Sushi-El_Jadida_Casablanca_Settat.html
(19 reviews),El Jadida,,,0,,,https://www.tripadvisor.com/Restaurant_Review-g298348-d10129242-Reviews-Ebi_Sushi-El_Jadida_Casablanca_Settat.html#REVIEWS
(6 reviews),Kenitra,,,0,,,https://www.tripadvisor.com/Restaurant_Review-g2578717-d34309080-Reviews-The_Hunger-Kenitra_Rabat_Sale_Kenitra.html#REVIEWS
(127 reviews),Kenitra,,,0,,,https://www.tripadvisor.com/Restaurant_Review-g2578717-d23181714-Reviews-Villa_Port_Lyautey-Kenitra_Rabat_Sale_Kenitra.html#REVIEWS
(161 reviews),Kenitra,,,0,,,https://www.tripadvisor.com/Restaurant_Review-g2578717-d2614759-Reviews-Merzouga-Kenitra_Rabat_Sale_Kenitra.html#REVIEWS
(33 reviews),Kenitra,,,0,,,https://www.tripadvisor.com/Restaurant_Review-g2578717-d15319206-Reviews-Little_Japan-Kenitra_Rabat_Sale_Kenitra.html#REVIEWS
(93 reviews),Kenitra,,,0,,,https://www.tripadvisor.com/Restaurant_Review-g2578717-d11512794-Reviews-Le_580-Kenitra_Rabat_Sale_Kenitra.html#REVIEWS
(59 reviews),Kenitra,,,0,,,https://www.tripadvisor.com/Restaurant_Review-g2578717-d6872120-Reviews-Chhiwate_Ryad_Naji-Kenitra_Rabat_Sale_Kenitra.html#REVIEWS
(38 reviews),Kenitra,,,0,,,https://www.tripadvisor.com/Restaurant_Review-g2578717-d6481582-Reviews-Yamal_Acham_Knitra-Kenitra_Rabat_Sale_Kenitra.html#REVIEWS
(20 reviews),Kenitra,,,0,,,https://www.tripadvisor.com/Restaurant_Review-g2578717-d12847571-Reviews-B_B_Park-Kenitra_Rabat_Sale_Kenitra.html#REVIEWS
(17 reviews),Kenitra,,,0,,,https://www.tripadvisor.com/Restaurant_Review-g2578717-d12131138-Reviews-Hollywood-Kenitra_Rabat_Sale_Kenitra.html#REVIEWS
(16 reviews),Kenitra,,,0,,,https://www.tripadvisor.com/Restaurant_Review-g2578717-d13475677-Reviews-Restaurante_tres_forcas-Kenitra_Rabat_Sale_Kenitra.html#REVIEWS
(28 reviews),Kenitra,,,0,,,https://www.tripadvisor.com/Restaurant_Review-g2578717-d4829667-Reviews-Metropole-Kenitra_Rabat_Sale_Kenitra.html#REVIEWS
(22 reviews),Kenitra,,,0,,,https://www.tripadvisor.com/Restaurant_Review-g2578717-d8544630-Reviews-Restaurant_Chez_L_italienne-Kenitra_Rabat_Sale_Kenitra.html#REVIEWS
(6 reviews),Kenitra,,,0,,,https://www.tripadvisor.com/Restaurant_Review-g2578717-d15701051-Reviews-Level_Cafe-Kenitra_Rabat_Sale_Kenitra.html#REVIEWS
(3 reviews),Kenitra,,,0,,,https://www.tripadvisor.com/Restaurant_Review-g2578717-d26551165-Reviews-Nuija_Dar_Tajine-Kenitra_Rabat_Sale_Kenitra.html#REVIEWS
(11 reviews),Kenitra,,,0,,,https://www.tripadvisor.com/Restaurant_Review-g2578717-d26824050-Reviews-Black_Pepper_Cosy_Kitchen-Kenitra_Rabat_Sale_Kenitra.html#REVIEWS
(26 reviews),Kenitra,,,0,,,https://www.tripadvisor.com/Restaurant_Review-g2578717-d33098226-Reviews-Le_Continental_Mehdia-Kenitra_Rabat_Sale_Kenitra.html#REVIEWS
(1 review),Kenitra,,,0,,,https://www.tripadvisor.com/Restaurant_Review-g2578717-d34293093-Reviews-Nakhwa_Restaurant-Kenitra_Rabat_Sale_Kenitra.html#REVIEWS
(7 reviews),Kenitra,,,0,,,https://www.tripadvisor.com/Restaurant_Review-g2578717-d11649932-Reviews-Le_Merzouga-Kenitra_Rabat_Sale_Kenitra.html#REVIEWS
(3 reviews),Kenitra,,,0,,,https://www.tripadvisor.com/Restaurant_Review-g2578717-d4367431-Reviews-Restaurant_Titanic-Kenitra_Rabat_Sale_Kenitra.html#REVIEWS
(1 review),Kenitra,,,0,,,https://www.tripadvisor.com/Restaurant_Review-g2578717-d24131740-Reviews-Little_French-Kenitra_Rabat_Sale_Kenitra.html#REVIEWS
(8 reviews),Kenitra,,,0,,,https://www.tripadvisor.com/Restaurant_Review-g2578717-d25163490-Reviews-Au_Bureau_Chill-Kenitra_Rabat_Sale_Kenitra.html#REVIEWS
(16 reviews),Kenitra,,,0,,,https://www.tripadvisor.com/Restaurant_Review-g2578717-d12031055-Reviews-Step_Burger-Kenitra_Rabat_Sale_Kenitra.html#REVIEWS
(10 reviews),Kenitra,,,0,,,https://www.tripadvisor.com/Restaurant_Review-g2578717-d7809238-Reviews-Dar_Tajine-Kenitra_Rabat_Sale_Kenitra.html#REVIEWS
(44 reviews),Kenitra,,,0,,,https://www.tripadvisor.com/Restaurant_Review-g2578717-d4861426-Reviews-River_club-Kenitra_Rabat_Sale_Kenitra.html#REVIEWS
(14 reviews),Kenitra,,,0,,,https://www.tripadvisor.com/Restaurant_Review-g2578717-d12278607-Reviews-Mini_Chicken_2-Kenitra_Rabat_Sale_Kenitra.html#REVIEWS
(1 review),Kenitra,,,0,,,https://www.tripadvisor.com/Restaurant_Review-g2578717-d26352452-Reviews-Le_Plaza-Kenitra_Rabat_Sale_Kenitra.html#REVIEWS
(12 reviews),Kenitra,,,0,,,https://www.tripadvisor.com/Restaurant_Review-g2578717-d23868600-Reviews-Cigala-Kenitra_Rabat_Sale_Kenitra.html#REVIEWS
(25 reviews),Kenitra,,,0,,,https://www.tripadvisor.com/Restaurant_Review-g2578717-d8406990-Reviews-Yours_Cafe_Patisserie-Kenitra_Rabat_Sale_Kenitra.html#REVIEWS
(8 reviews),Kenitra,,,0,,,https://www.tripadvisor.com/Restaurant_Review-g2578717-d15850185-Reviews-Wakame_Kenitra-Kenitra_Rabat_Sale_Kenitra.html#REVIEWS
(3 reviews),Kenitra,,,0,,,https://www.tripadvisor.com/Restaurant_Review-g2578717-d28653135-Reviews-Parigini-Kenitra_Rabat_Sale_Kenitra.html#REVIEWS
(1 review),Kenitra,,,0,,,https://www.tripadvisor.com/Restaurant_Review-g2578717-d20034732-Reviews-ILForno-Kenitra_Rabat_Sale_Kenitra.html#REVIEWS
(135 reviews),Mohammedia,,,0,,,https://www.tripadvisor.com/Restaurant_Review-g2095768-d17735494-Reviews-Marius_Mohammedia-Mohammedia_Casablanca_Settat.html#REVIEWS
(428 reviews),Mohammedia,,,0,,,https://www.tripadvisor.com/Restaurant_Review-g2095768-d2625172-Reviews-Restaurant_du_Port-Mohammedia_Casablanca_Settat.html#REVIEWS
(19 reviews),Mohammedia,,,0,,,https://www.tripadvisor.com/Restaurant_Review-g2095768-d26260405-Reviews-MoOgly_S_Eats_Drinks-Mohammedia_Casablanca_Settat.html#REVIEWS
(40 reviews),Mohammedia,,,0,,,https://www.tripadvisor.com/Restaurant_Review-g2095768-d6908669-Reviews-Restaurant_Elbao-Mohammedia_Casablanca_Settat.html#REVIEWS
(20 reviews),Mohammedia,,,0,,,https://www.tripadvisor.com/Restaurant_Review-g2095768-d25326380-Reviews-Bistrot_du_Parc-Mohammedia_Casablanca_Settat.html#REVIEWS
(4 reviews),Mohammedia,,,0,,,https://www.tripadvisor.com/Restaurant_Review-g2095768-d26302700-Reviews-Restaurant_Cafe_La_Marmite_Du_Chef-Mohammedia_Casablanca_Settat.html#REVIEWS
(76 reviews),Mohammedia,,,0,,,https://www.tripadvisor.com/Restaurant_Review-g2095768-d10250539-Reviews-Chez_Madame_Andree_Hotel_Sphinx-Mohammedia_Casablanca_Settat.html#REVIEWS
(55 reviews),Mohammedia,,,0,,,https://www.tripadvisor.com/Restaurant_Review-g2095768-d4926722-Reviews-Pizzeria_Paolo-Mohammedia_Casablanca_Settat.html#REVIEWS
(102 reviews),Mohammedia,,,0,,,https://www.tripadvisor.com/Restaurant_Review-g2095768-d3809027-Reviews-Big_Bamboo_Cafe-Mohammedia_Casablanca_Settat.html#REVIEWS
(42 reviews),Mohammedia,,,0,,,https://www.tripadvisor.com/Restaurant_Review-g2095768-d13357384-Reviews-Red_Chilli-Mohammedia_Casablanca_Settat.html#REVIEWS
(22 reviews),Mohammedia,,,0,,,https://www.tripadvisor.com/Restaurant_Review-g2095768-d15825301-Reviews-Espadon_Du_Parc-Mohammedia_Casablanca_Settat.html#REVIEWS
(43 reviews),Mohammedia,,,0,,,https://www.tripadvisor.com/Restaurant_Review-g2095768-d12857632-Reviews-Restaurant_du_Parc-Mohammedia_Casablanca_Settat.html#REVIEWS
(31 reviews),Mohammedia,,,0,,,https://www.tripadvisor.com/Restaurant_Review-g2095768-d12915992-Reviews-YOKA_Sushi-Mohammedia_Casablanca_Settat.html#REVIEWS
(5 reviews),Mohammedia,,,0,,,https://www.tripadvisor.com/Restaurant_Review-g2095768-d23179533-Reviews-Sea_Food-Mohammedia_Casablanca_Settat.html#REVIEWS
(52 reviews),Mohammedia,,,0,,,https://www.tripadvisor.com/Restaurant_Review-g2095768-d8337227-Reviews-O_Santa_Beach-Mohammedia_Casablanca_Settat.html#REVIEWS
(15 reviews),Mohammedia,,,0,,,https://www.tripadvisor.com/Restaurant_Review-g2095768-d12288847-Reviews-Restaurant_La_Peche-Mohammedia_Casablanca_Settat.html#REVIEWS
(45 reviews),Mohammedia,,,0,,,https://www.tripadvisor.com/Restaurant_Review-g2095768-d14018761-Reviews-Les_Terrasses_Cafe_Restaurant-Mohammedia_Casablanca_Settat.html#REVIEWS
(13 reviews),Mohammedia,,,0,,,https://www.tripadvisor.com/Restaurant_Review-g2095768-d12922921-Reviews-Omega_Cafe_Restaurant-Mohammedia_Casablanca_Settat.html#REVIEWS
(1 review),Mohammedia,,,0,,,https://www.tripadvisor.com/Restaurant_Review-g2095768-d26530368-Reviews-Cafe_Gauthier-Mohammedia_Casablanca_Settat.html#REVIEWS
(3 reviews),Mohammedia,,,0,,,https://www.tripadvisor.com/Restaurant_Review-g2095768-d23116126-Reviews-Brown_Cafe-Mohammedia_Casablanca_Settat.html#REVIEWS
(8 reviews),Mohammedia,,,0,,,https://www.tripadvisor.com/Restaurant_Review-g2095768-d4908899-Reviews-Parfum_de_Mer-Mohammedia_Casablanca_Settat.html#REVIEWS
(93 reviews),Mohammedia,,,0,,,https://www.tripadvisor.com/Restaurant_Review-g2095768-d3862623-Reviews-Relais_de_Paris_Zimer_Beach-Mohammedia_Casablanca_Settat.html#REVIEWS
(25 reviews),Mohammedia,,,0,,,https://www.tripadvisor.com/Restaurant_Review-g2095768-d4293469-Reviews-OBlanc-Mohammedia_Casablanca_Settat.html#REVIEWS
(21 reviews),Mohammedia,,,0,,,https://www.tripadvisor.com/Restaurant_Review-g2095768-d19726237-Reviews-La_Grillardiere_Mohammedia-Mohammedia_Casablanca_Settat.html#REVIEWS
(8 reviews),Mohammedia,,,0,,,https://www.tripadvisor.com/Restaurant_Review-g2095768-d28135991-Reviews-Baristas_Mohammedia-Mohammedia_Casablanca_Settat.html#REVIEWS
(62 reviews),Mohammedia,,,0,,,https://www.tripadvisor.com/Restaurant_Review-g2095768-d3815036-Reviews-Le_Comptoir_du_Sushi-Mohammedia_Casablanca_Settat.html#REVIEWS
(18 reviews),Mohammedia,,,0,,,https://www.tripadvisor.com/Restaurant_Review-g2095768-d9453671-Reviews-Restaurant_La_Fregate-Mohammedia_Casablanca_Settat.html#REVIEWS
(31 reviews),Mohammedia,,,0,,,https://www.tripadvisor.com/Restaurant_Review-g2095768-d23950941-Reviews-Little_Mamma_Mohammedia-Mohammedia_Casablanca_Settat.html#REVIEWS
(2 reviews),Mohammedia,,,0,,,https://www.tripadvisor.com/Restaurant_Review-g2095768-d26878868-Reviews-125_Original-Mohammedia_Casablanca_Settat.html#REVIEWS
(27 reviews),Mohammedia,,,0,,,https://www.tripadvisor.com/Restaurant_Review-g2095768-d4013163-Reviews-Bella_Costa-Mohammedia_Casablanca_Settat.html#REVIEWS
(3 reviews),Mohammedia,,,0,,,https://www.tripadvisor.com/Restaurant_Review-g2095768-d24175614-Reviews-Crep_eat-Mohammedia_Casablanca_Settat.html#REVIEWS
(15 reviews),Ifrane,,,0,,,https://www.tripadvisor.com/Restaurant_Review-g298350-d25092817-Reviews-My_Lil_Rome-Ifrane_Fez_Meknes.html#REVIEWS
(62 reviews),Ifrane,,,0,,,https://www.tripadvisor.com/Restaurant_Review-g298350-d15229601-Reviews-Foodies-Ifrane_Fez_Meknes.html#REVIEWS
(4 reviews),Ifrane,,,0,,,https://www.tripadvisor.com/Restaurant_Review-g298350-d34074356-Reviews-La_Pause_Du_Berger-Ifrane_Fez_Meknes.html#REVIEWS
(1 review),Ifrane,,,0,,,https://www.tripadvisor.com/Restaurant_Review-g298350-d33956278-Reviews-Chez_mima-Ifrane_Fez_Meknes.html#REVIEWS
(6 reviews),Ifrane,,,0,,,https://www.tripadvisor.com/Restaurant_Review-g298350-d19862194-Reviews-Restaurant_Platane-Ifrane_Fez_Meknes.html#REVIEWS
(17 reviews),Ifrane,,,0,,,https://www.tripadvisor.com/Restaurant_Review-g298350-d25372928-Reviews-Cafe_Restaurant_La_Paix-Ifrane_Fez_Meknes.html#REVIEWS
(1 review),Ifrane,,,0,,,https://www.tripadvisor.com/Restaurant_Review-g298350-d24997060-Reviews-El_Pepito_Restaurant-Ifrane_Fez_Meknes.html#REVIEWS
(16 reviews),Ifrane,,,0,,,https://www.tripadvisor.com/Restaurant_Review-g298350-d11735682-Reviews-Restaurant_DIAFA_Awlad_Alhaj-Ifrane_Fez_Meknes.html#REVIEWS
(5 reviews),Ifrane,,,0,,,https://www.tripadvisor.com/Restaurant_Review-g298350-d23708715-Reviews-Green_Coffee_Ifrane-Ifrane_Fez_Meknes.html#REVIEWS
(146 reviews),Ifrane,,,0,,,https://www.tripadvisor.com/Restaurant_Review-g298350-d7105768-Reviews-Hotel_Restaurant_Imperial_Peace_la_Paix-Ifrane_Fez_Meknes.html#REVIEWS
(20 reviews),Ifrane,,,0,,,https://www.tripadvisor.com/Restaurant_Review-g298350-d15663498-Reviews-L_Empreinte_D_Ifrane-Ifrane_Fez_Meknes.html#REVIEWS
(19 reviews),Ifrane,,,0,,,https://www.tripadvisor.com/Restaurant_Review-g298350-d19289170-Reviews-For_You_Restaurant-Ifrane_Fez_Meknes.html#REVIEWS
(23 reviews),Ifrane,,,0,,,https://www.tripadvisor.com/Restaurant_Review-g298350-d23706521-Reviews-Green_Coffee-Ifrane_Fez_Meknes.html#REVIEWS
(3 reviews),Ifrane,,,0,,,https://www.tripadvisor.com/Restaurant_Review-g298350-d26263049-Reviews-Houari_Grill-Ifrane_Fez_Meknes.html#REVIEWS
(2 reviews),Ifrane,,,0,,,https://www.tripadvisor.com/Restaurant_Review-g298350-d15226294-Reviews-Foodie-Ifrane_Fez_Meknes.html#REVIEWS
(0 reviews),Ifrane,,,0,,,https://www.tripadvisor.com/Restaurant_Review-g298350-d27706974-Reviews-Cafe_Le_Bon_Coin-Ifrane_Fez_Meknes.html#REVIEWS
(0 reviews),Ifrane,,,0,,,https://www.tripadvisor.com/Restaurant_Review-g298350-d34074523-Reviews-La_Pause_Du_Berger-Ifrane_Fez_Meknes.html#REVIEWS
(0 reviews),Ifrane,,,0,,,https://www.tripadvisor.com/Restaurant_Review-g298350-d34462949-Reviews-Mehdi_Maakoda-Ifrane_Fez_Meknes.html#REVIEWS
(158 reviews),Dakhla,,,0,,,https://www.tripadvisor.com/Restaurant_Review-g479761-d15672679-Reviews-TalhaMar-Dakhla_Dakhla_Oued_Ed_Dahab.html#REVIEWS
(261 reviews),Dakhla,,,0,,,https://www.tripadvisor.com/Restaurant_Review-g479761-d6418618-Reviews-Chez_N_TIFI-Dakhla_Dakhla_Oued_Ed_Dahab.html#REVIEWS
(309 reviews),Dakhla,,,0,,,https://www.tripadvisor.com/Restaurant_Review-g479761-d1836088-Reviews-Le_Restaurant_du_Palais_Rhoul-Dakhla_Dakhla_Oued_Ed_Dahab.html#REVIEWS
(34 reviews),Dakhla,,,0,,,https://www.tripadvisor.com/Restaurant_Review-g479761-d27140473-Reviews-My_Octopus_Dakhla_Restaurant-Dakhla_Dakhla_Oued_Ed_Dahab.html#REVIEWS
(288 reviews),Dakhla,,,0,,,https://www.tripadvisor.com/Restaurant_Review-g479761-d2164338-Reviews-Restaurant_Villa_Dakhla-Dakhla_Dakhla_Oued_Ed_Dahab.html#REVIEWS
(26 reviews),Dakhla,,,0,,,https://www.tripadvisor.com/Restaurant_Review-g479761-d25279252-Reviews-Los_Amigos_Fast_Food-Dakhla_Dakhla_Oued_Ed_Dahab.html#REVIEWS
(68 reviews),Dakhla,,,0,,,https://www.tripadvisor.com/Restaurant_Review-g479761-d23800677-Reviews-Westpoint_Pescador-Dakhla_Dakhla_Oued_Ed_Dahab.html#REVIEWS
(9 reviews),Dakhla,,,0,,,https://www.tripadvisor.com/Restaurant_Review-g479761-d27743957-Reviews-El_Patio_By_Bavaro_Beach_Dakhla-Dakhla_Dakhla_Oued_Ed_Dahab.html#REVIEWS
(9 reviews),Dakhla,,,0,,,https://www.tripadvisor.com/Restaurant_Review-g479761-d17065491-Reviews-Guest_House-Dakhla_Dakhla_Oued_Ed_Dahab.html#REVIEWS
(3 reviews),Dakhla,,,0,,,https://www.tripadvisor.com/Restaurant_Review-g479761-d24010669-Reviews-Restaurant_Porto_Rico-Dakhla_Dakhla_Oued_Ed_Dahab.html#REVIEWS
(2 reviews),Dakhla,,,0,,,https://www.tripadvisor.com/Restaurant_Review-g479761-d27498385-Reviews-Palm_D_or-Dakhla_Dakhla_Oued_Ed_Dahab.html#REVIEWS
(16 reviews),Dakhla,,,0,,,https://www.tripadvisor.com/Restaurant_Review-g479761-d23790414-Reviews-Teranga-Dakhla_Dakhla_Oued_Ed_Dahab.html#REVIEWS
(24 reviews),Dakhla,,,0,,,https://www.tripadvisor.com/Restaurant_Review-g479761-d33335169-Reviews-Eau_Sel_Dakhla_La_Table_De_L_ocean-Dakhla_Dakhla_Oued_Ed_Dahab.html#REVIEWS
(14 reviews),Dakhla,,,0,,,https://www.tripadvisor.com/Restaurant_Review-g479761-d25282522-Reviews-Le_Cactus-Dakhla_Dakhla_Oued_Ed_Dahab.html#REVIEWS
(9 reviews),Dakhla,,,0,,,https://www.tripadvisor.com/Restaurant_Review-g479761-d32979865-Reviews-Echarfaa_Food-Dakhla_Dakhla_Oued_Ed_Dahab.html#REVIEWS
(162 reviews),Dakhla,,,0,,,https://www.tripadvisor.com/Restaurant_Review-g479761-d2726035-Reviews-Cafe_Restaurant_Samarkand-Dakhla_Dakhla_Oued_Ed_Dahab.html#REVIEWS
(4 reviews),Dakhla,,,0,,,https://www.tripadvisor.com/Restaurant_Review-g479761-d27130500-Reviews-Lacasa_Grande_Del_Sur-Dakhla_Dakhla_Oued_Ed_Dahab.html#REVIEWS
(14 reviews),Dakhla,,,0,,,https://www.tripadvisor.com/Restaurant_Review-g479761-d8548900-Reviews-Restaurant_Bahia-Dakhla_Dakhla_Oued_Ed_Dahab.html#REVIEWS
(3 reviews),Dakhla,,,0,,,https://www.tripadvisor.com/Restaurant_Review-g479761-d26455587-Reviews-Zaouiya-Dakhla_Dakhla_Oued_Ed_Dahab.html#REVIEWS
(4 reviews),Dakhla,,,0,,,https://www.tripadvisor.com/Restaurant_Review-g479761-d25305781-Reviews-Mikmak-Dakhla_Dakhla_Oued_Ed_Dahab.html#REVIEWS
(5 reviews),Dakhla,,,0,,,https://www.tripadvisor.com/Restaurant_Review-g479761-d15683777-Reviews-Calipau_Restaurant-Dakhla_Dakhla_Oued_Ed_Dahab.html#REVIEWS
(17 reviews),Dakhla,,,0,,,https://www.tripadvisor.com/Restaurant_Review-g479761-d33026627-Reviews-Marh_Coffee_Roasters-Dakhla_Dakhla_Oued_Ed_Dahab.html#REVIEWS
(20 reviews),Dakhla,,,0,,,https://www.tripadvisor.com/Restaurant_Review-g479761-d15672620-Reviews-L_Hacienda-Dakhla_Dakhla_Oued_Ed_Dahab.html#REVIEWS
(11 reviews),Dakhla,,,0,,,https://www.tripadvisor.com/Restaurant_Review-g479761-d12427322-Reviews-Kaiser_Wilhelm_Maison_De_Qualite-Dakhla_Dakhla_Oued_Ed_Dahab.html#REVIEWS
(12 reviews),Dakhla,,,0,,,https://www.tripadvisor.com/Restaurant_Review-g479761-d12459194-Reviews-Flamant_Rose-Dakhla_Dakhla_Oued_Ed_Dahab.html#REVIEWS
(3 reviews),Dakhla,,,0,,,https://www.tripadvisor.com/Restaurant_Review-g479761-d32812178-Reviews-Snack_Taghazout-Dakhla_Dakhla_Oued_Ed_Dahab.html#REVIEWS
(1 review),Dakhla,,,0,,,https://www.tripadvisor.com/Restaurant_Review-g479761-d34055709-Reviews-Castillo-Dakhla_Dakhla_Oued_Ed_Dahab.html#REVIEWS
(2 reviews),Dakhla,,,0,,,https://www.tripadvisor.com/Restaurant_Review-g479761-d27906628-Reviews-Chiringuito_Cabana_By_Tulum_Beach_Dakhla-Dakhla_Dakhla_Oued_Ed_Dahab.html#REVIEWS
(1 review),Dakhla,,,0,,,https://www.tripadvisor.com/Restaurant_Review-g479761-d27417267-Reviews-Le_Marin_Pecheur-Dakhla_Dakhla_Oued_Ed_Dahab.html#REVIEWS
(1 review),Dakhla,,,0,,,https://www.tripadvisor.com/Restaurant_Review-g479761-d27909671-Reviews-Lina_s_Lounge_Tulum_Beach_Resort_Dakhla-Dakhla_Dakhla_Oued_Ed_Dahab.html#REVIEWS
(2 reviews),Dakhla,,,0,,,https://www.tripadvisor.com/Restaurant_Review-g479761-d33265244-Reviews-Dar_Lmeknessia-Dakhla_Dakhla_Oued_Ed_Dahab.html#REVIEWS
(1 review),Dakhla,,,0,,,https://www.tripadvisor.com/Restaurant_Review-g479761-d25284733-Reviews-Dakhla_South_Bay-Dakhla_Dakhla_Oued_Ed_Dahab.html#REVIEWS
(45 reviews),Settat,,,0,,,https://www.tripadvisor.com/Restaurant_Review-g635739-d6707499-Reviews-Villa_Therese-Settat_Casablanca_Settat.html#REVIEWS
(8 reviews),Settat,,,0,,,https://www.tripadvisor.com/Restaurant_Review-g635739-d23504428-Reviews-Le_28_Cafe_Restaurant-Settat_Casablanca_Settat.html#REVIEWS
(7 reviews),Settat,,,0,,,https://www.tripadvisor.com/Restaurant_Review-g635739-d10135938-Reviews-Jazz_min-Settat_Casablanca_Settat.html#REVIEWS
(1 review),Settat,,,0,,,https://www.tripadvisor.com/Restaurant_Review-g635739-d19483372-Reviews-Cafe_Suhail-Settat_Casablanca_Settat.html#REVIEWS
(1 review),Settat,,,0,,,https://www.tripadvisor.com/Restaurant_Review-g635739-d17271281-Reviews-Chez_le_Maitre-Settat_Casablanca_Settat.html#REVIEWS
(0 reviews),Settat,,,0,,,https://www.tripadvisor.com/Restaurant_Review-g635739-d20904983-Reviews-Pizzeria_Mahdi-Settat_Casablanca_Settat.html#REVIEWS
(1 review),Settat,,,0,,,https://www.tripadvisor.com/Restaurant_Review-g635739-d12665900-Reviews-We_love_puro-Settat_Casablanca_Settat.html#REVIEWS
(0 reviews),Settat,,,0,,,https://www.tripadvisor.com/Restaurant_Review-g635739-d16843925-Reviews-Le_street-Settat_Casablanca_Settat.html#REVIEWS
(0 reviews),Settat,,,0,,,https://www.tripadvisor.com/Restaurant_Review-g635739-d26725953-Reviews-Pizzeria_Raffaello-Settat_Casablanca_Settat.html#REVIEWS
(4 reviews),Berrechid,,,0,,,https://www.tripadvisor.com/Restaurant_Review-g12654643-d23453608-Reviews-Snack_Rim_Food-Berrechid_Casablanca_Settat.html#REVIEWS
(2 reviews),Berrechid,,,0,,,https://www.tripadvisor.com/Restaurant_Review-g12654643-d11853920-Reviews-Cafe_Restaurant_Al_Mountazah-Berrechid_Casablanca_Settat.html#REVIEWS
(2 reviews),Berrechid,,,0,,,https://www.tripadvisor.com/Restaurant_Review-g12654643-d28132351-Reviews-Be_Sushi-Berrechid_Casablanca_Settat.html#REVIEWS
(0 reviews),Berrechid,,,0,,,https://www.tripadvisor.com/Restaurant_Review-g12654643-d33253967-Reviews-Restaurant_Smail-Berrechid_Casablanca_Settat.html#REVIEWS
(0 reviews),Berrechid,,,0,,,https://www.tripadvisor.com/Restaurant_Review-g12654643-d19375156-Reviews-Pause_Regal-Berrechid_Casablanca_Settat.html#REVIEWS
(0 reviews),Berrechid,,,0,,,https://www.tripadvisor.com/Restaurant_Review-g12654643-d32709103-Reviews-La_Flamme-Berrechid_Casablanca_Settat.html#REVIEWS
(27 reviews),Benslimane,,,0,,,https://www.tripadvisor.com/Restaurant_Review-g1580986-d3541158-Reviews-Le_Ryad_des_Vignes-Ben_Slimane_Casablanca_Settat.html#REVIEWS
(19 reviews),Benslimane,,,0,,,https://www.tripadvisor.com/Restaurant_Review-g1580986-d26782457-Reviews-Restaurant_LE_V-Ben_Slimane_Casablanca_Settat.html#REVIEWS
(40 reviews),Benslimane,,,0,,,https://www.tripadvisor.com/Restaurant_Review-g1580986-d1583349-Reviews-Le_Ryad_du_Vigneron-Ben_Slimane_Casablanca_Settat.html#REVIEWS
(1 review),Benslimane,,,0,,,https://www.tripadvisor.com/Restaurant_Review-g1580986-d27418008-Reviews-Dar_Lalla_El_Aliya_Benslimane-Ben_Slimane_Casablanca_Settat.html#REVIEWS
(0 reviews),Benslimane,,,0,,,https://www.tripadvisor.com/Restaurant_Review-g1580986-d33184531-Reviews-Chez_Atlantic-Ben_Slimane_Casablanca_Settat.html#REVIEWS
(0 reviews),Benslimane,,,0,,,https://www.tripadvisor.com/Restaurant_Review-g1580986-d33421306-Reviews-Kaldi_Cafe_Restaurant-Ben_Slimane_Casablanca_Settat.html#REVIEWS
(4 reviews),Benslimane,,,0,,,https://www.tripadvisor.com/Restaurant_Review-g1580986-d7298359-Reviews-Ritaje_Palace-Ben_Slimane_Casablanca_Settat.html#REVIEWS
"RESTAURANTSale E Pepe4.34.3 of 5 bubbles(1,236 reviews)Marco Island, Florida249 mentions ofSale""…Sale e Pepe wins the “Best Bread Basket” award for 2024.…""",Sale,,,0,,,https://www.tripadvisor.com/Restaurant_Review-g34420-d393195-Reviews-Sale_E_Pepe-Marco_Island_Florida.html
"(1,236 reviews)",Sale,,,0,,,https://www.tripadvisor.com/Restaurant_Review-g34420-d393195-Reviews-Sale_E_Pepe-Marco_Island_Florida.html#REVIEWS
"RESTAURANTSale e Pepe4.84.8 of 5 bubbles(2,460 reviews)Ayia Napa, Cyprus150 mentions ofSale""…⭐⭐⭐⭐⭐

What an incredible dining experience atSalee Pepe!…""",Sale,,,0,,,https://www.tripadvisor.com/Restaurant_Review-g262055-d6867902-Reviews-Sale_e_Pepe-Ayia_Napa_Famagusta_District.html
"(2,460 reviews)",Sale,,,0,,,https://www.tripadvisor.com/Restaurant_Review-g262055-d6867902-Reviews-Sale_e_Pepe-Ayia_Napa_Famagusta_District.html#REVIEWS
"RESTAURANTFor Sale Pub3.93.9 of 5 bubbles(5,274 reviews)Budapest, Hungary245 mentions ofSale""…Get yourself down the pub forsale…""",Sale,,,0,,,https://www.tripadvisor.com/Restaurant_Review-g274887-d1965935-Reviews-For_Sale_Pub-Budapest_Central_Hungary.html
"(5,274 reviews)",Sale,,,0,,,https://www.tripadvisor.com/Restaurant_Review-g274887-d1965935-Reviews-For_Sale_Pub-Budapest_Central_Hungary.html#REVIEWS
"RESTAURANTSale Pepe Pizzeria e Cucina4.54.5 of 5 bubbles(789 reviews)Maui, Hawaii166 mentions ofSale""…Sale Pepe came highly recommended to us and it did not disappoint...outstanding…""",Sale,,,0,,,https://www.tripadvisor.com/Restaurant_Review-g29220-d6696469-Reviews-Sale_Pepe_Pizzeria_e_Cucina-Maui_Hawaii.html
(789 reviews),Sale,,,0,,,https://www.tripadvisor.com/Restaurant_Review-g29220-d6696469-Reviews-Sale_Pepe_Pizzeria_e_Cucina-Maui_Hawaii.html#REVIEWS
"RESTAURANTSale Pepe4.44.4 of 5 bubbles(362 reviews)Shotley Bridge, County Durham, England103 mentions ofSale""…Sale Pepe was warm and welcoming from the moment we entered the restaurant…""",Sale,,,0,,,https://www.tripadvisor.com/Restaurant_Review-g1518979-d1025409-Reviews-Sale_Pepe-Shotley_Bridge_County_Durham_England.html
(362 reviews),Sale,,,0,,,https://www.tripadvisor.com/Restaurant_Review-g1518979-d1025409-Reviews-Sale_Pepe-Shotley_Bridge_County_Durham_England.html#REVIEWS
"RESTAURANTSale e Pepe4.64.6 of 5 bubbles(844 reviews)Mykonos Town, South Aegean, Greece58 mentions ofSale""…For anyone visiting Mykonos —Salee Pepe is a must!…""",Sale,,,0,,,https://www.tripadvisor.com/Restaurant_Review-g662620-d2248792-Reviews-Sale_e_Pepe-Mykonos_Town_Mykonos_Cyclades_South_Aegean.html
(844 reviews),Sale,,,0,,,https://www.tripadvisor.com/Restaurant_Review-g662620-d2248792-Reviews-Sale_e_Pepe-Mykonos_Town_Mykonos_Cyclades_South_Aegean.html#REVIEWS
"RESTAURANTSale E Pepe - Tradizione Italiana4.34.3 of 5 bubbles(908 reviews)Saint Julian's, Malta110 mentions ofSale""…Always a great experience dining atSalee Pepe.…""",Sale,,,0,,,https://www.tripadvisor.com/Restaurant_Review-g227101-d2306340-Reviews-Sale_E_Pepe_Tradizione_Italiana-Saint_Julian_s_Island_of_Malta.html
(908 reviews),Sale,,,0,,,https://www.tripadvisor.com/Restaurant_Review-g227101-d2306340-Reviews-Sale_E_Pepe_Tradizione_Italiana-Saint_Julian_s_Island_of_Malta.html#REVIEWS
"RESTAURANTSALE e PEPE4.54.5 of 5 bubbles(376 reviews)Malahide, County Dublin, Ireland70 mentions ofSale""…choices of main course and four super plates of food . . . . .  .Well doneSale…""",Sale,,,0,,,https://www.tripadvisor.com/Restaurant_Review-g211873-d2154975-Reviews-SALE_e_PEPE-Malahide_County_Dublin.html
(376 reviews),Sale,,,0,,,https://www.tripadvisor.com/Restaurant_Review-g211873-d2154975-Reviews-SALE_e_PEPE-Malahide_County_Dublin.html#REVIEWS
"RESTAURANTSale E Pepe4.24.2 of 5 bubbles(1,220 reviews)London, England188 mentions ofSale""…Sale e Pepe was one of the best dining experiences we had during our time…""",Sale,,,0,,,https://www.tripadvisor.com/Restaurant_Review-g186338-d779363-Reviews-Sale_E_Pepe-London_England.html
"(1,220 reviews)",Sale,,,0,,,https://www.tripadvisor.com/Restaurant_Review-g186338-d779363-Reviews-Sale_E_Pepe-London_England.html#REVIEWS
"RESTAURANTAl Sale Restaurant4.74.7 of 5 bubbles(347 reviews)Xaghra, Malta69 mentions ofSale""…AlSaleis not to be missed!…""",Sale,,,0,,,https://www.tripadvisor.com/Restaurant_Review-g190318-d21390461-Reviews-Al_Sale_Restaurant-Xaghra_Island_of_Gozo.html
(347 reviews),Sale,,,0,,,https://www.tripadvisor.com/Restaurant_Review-g190318-d21390461-Reviews-Al_Sale_Restaurant-Xaghra_Island_of_Gozo.html#REVIEWS
"RESTAURANTLinguine Restaurant4.84.8 of 5 bubbles(1,938 reviews)Sale, Greater Manchester, England279 mentions ofSale""…Still by far the best restaurant inSale, always service with a smile and…""",Sale,,,0,,,https://www.tripadvisor.com/Restaurant_Review-g1022653-d14925015-Reviews-Linguine_Restaurant-Sale_Trafford_Greater_Manchester_England.html
"(1,938 reviews)",Sale,,,0,,,https://www.tripadvisor.com/Restaurant_Review-g1022653-d14925015-Reviews-Linguine_Restaurant-Sale_Trafford_Greater_Manchester_England.html#REVIEWS
"RESTAURANTBorrello Restaurant4.84.8 of 5 bubbles(1,132 reviews)Sale, Greater Manchester, England150 mentions ofSale""…The best place to eat insaleby far , food is always amazing and staff…""",Sale,,,0,,,https://www.tripadvisor.com/Restaurant_Review-g1022653-d10265846-Reviews-Borrello_Restaurant-Sale_Trafford_Greater_Manchester_England.html
"(1,132 reviews)",Sale,,,0,,,https://www.tripadvisor.com/Restaurant_Review-g1022653-d10265846-Reviews-Borrello_Restaurant-Sale_Trafford_Greater_Manchester_England.html#REVIEWS
"RESTAURANTThe Criterion Hotel Bistro4.44.4 of 5 bubbles(552 reviews)Sale, Victoria, Australia152 mentions ofSale""…for a celebratory meal for our wedding anniversary as we were visitingSale…""",Sale,,,0,,,https://www.tripadvisor.com/Restaurant_Review-g255356-d19379171-Reviews-The_Criterion_Hotel_Bistro-Sale_Gippsland_Victoria.html
(552 reviews),Sale,,,0,,,https://www.tripadvisor.com/Restaurant_Review-g255356-d19379171-Reviews-The_Criterion_Hotel_Bistro-Sale_Gippsland_Victoria.html#REVIEWS
"RESTAURANTSale & Pepe4.44.4 of 5 bubbles(638 reviews)Bruges, Belgium30 mentions ofSale""…We can recommendSale& Pepe for 100 %.…""",Sale,,,0,,,https://www.tripadvisor.com/Restaurant_Review-g188671-d1181335-Reviews-Sale_Pepe-Bruges_West_Flanders_Province.html
(638 reviews),Sale,,,0,,,https://www.tripadvisor.com/Restaurant_Review-g188671-d1181335-Reviews-Sale_Pepe-Bruges_West_Flanders_Province.html#REVIEWS
"RESTAURANTPiano Bar And Restaurant4.54.5 of 5 bubbles(415 reviews)Sale, Greater Manchester, England61 mentions ofSale""…The meat is all perfectly cooked,my favourite place to eat insale,the…""",Sale,,,0,,,https://www.tripadvisor.com/Restaurant_Review-g1022653-d6414577-Reviews-Piano_Bar_And_Restaurant-Sale_Trafford_Greater_Manchester_England.html
(415 reviews),Sale,,,0,,,https://www.tripadvisor.com/Restaurant_Review-g1022653-d6414577-Reviews-Piano_Bar_And_Restaurant-Sale_Trafford_Greater_Manchester_England.html#REVIEWS
"RESTAURANTSALE & PEPE SXM4.14.1 of 5 bubbles(619 reviews)Simpson Bay, St Martin / St Maarten116 mentions ofSale""…Maarten to celebrate hubby’s birthday was atSale& Pepe!…""",Sale,,,0,,,https://www.tripadvisor.com/Restaurant_Review-g147350-d8869883-Reviews-SALE_PEPE_SXM-Simpson_Bay_Sint_Maarten_St_Martin_St_Maarten.html
(619 reviews),Sale,,,0,,,https://www.tripadvisor.com/Restaurant_Review-g147350-d8869883-Reviews-SALE_PEPE_SXM-Simpson_Bay_Sint_Maarten_St_Martin_St_Maarten.html#REVIEWS
"RESTAURANTRaymond Cafe4.44.4 of 5 bubbles(246 reviews)Sale, Victoria, Australia70 mentions ofSale""…When inSalegive it a try, you won’t be unhappy…""",Sale,,,0,,,https://www.tripadvisor.com/Restaurant_Review-g255356-d5092306-Reviews-Raymond_Cafe-Sale_Gippsland_Victoria.html
(246 reviews),Sale,,,0,,,https://www.tripadvisor.com/Restaurant_Review-g255356-d5092306-Reviews-Raymond_Cafe-Sale_Gippsland_Victoria.html#REVIEWS
"RESTAURANTRedd Catt4.54.5 of 5 bubbles(258 reviews)Sale, Victoria, Australia65 mentions ofSale""…I’ve been coming toSaleregularly for work for 10 plus years, and the…""",Sale,,,0,,,https://www.tripadvisor.com/Restaurant_Review-g255356-d3958109-Reviews-Redd_Catt-Sale_Gippsland_Victoria.html
(258 reviews),Sale,,,0,,,https://www.tripadvisor.com/Restaurant_Review-g255356-d3958109-Reviews-Redd_Catt-Sale_Gippsland_Victoria.html#REVIEWS
"RESTAURANTChez Nous Bistro4.44.4 of 5 bubbles(433 reviews)Sale, Greater Manchester, England44 mentions ofSale""…A lovely little restaurant insale.…""",Sale,,,0,,,https://www.tripadvisor.com/Restaurant_Review-g1022653-d1319028-Reviews-Chez_Nous_Bistro-Sale_Trafford_Greater_Manchester_England.html
(433 reviews),Sale,,,0,,,https://www.tripadvisor.com/Restaurant_Review-g1022653-d1319028-Reviews-Chez_Nous_Bistro-Sale_Trafford_Greater_Manchester_England.html#REVIEWS
"RESTAURANTCork of the North Wine Shop and Wine Bar4.44.4 of 5 bubbles(108 reviews)Sale, Greater Manchester, England36 mentions ofSale""…Thanks for a lovely Wednesday evening atSale.…""",Sale,,,0,,,https://www.tripadvisor.com/Restaurant_Review-g1022653-d10100878-Reviews-Cork_of_the_North_Wine_Shop_and_Wine_Bar-Sale_Trafford_Greater_Manchester_Engla.html
(108 reviews),Sale,,,0,,,https://www.tripadvisor.com/Restaurant_Review-g1022653-d10100878-Reviews-Cork_of_the_North_Wine_Shop_and_Wine_Bar-Sale_Trafford_Greater_Manchester_Engla.html#REVIEWS
"RESTAURANTAmphora Cafe4.94.9 of 5 bubbles(121 reviews)Sale, Greater Manchester, England34 mentions ofSale""…We believe the best inSale.…""",Sale,,,0,,,https://www.tripadvisor.com/Restaurant_Review-g1022653-d9884643-Reviews-Amphora_Cafe-Sale_Trafford_Greater_Manchester_England.html
(121 reviews),Sale,,,0,,,https://www.tripadvisor.com/Restaurant_Review-g1022653-d9884643-Reviews-Amphora_Cafe-Sale_Trafford_Greater_Manchester_England.html#REVIEWS
"RESTAURANTSalé/Sucré4.84.8 of 5 bubbles(640 reviews)Antibes, French Riviera - Cote d'Azur, France20 mentions ofSale""…We had such an amazing dinner atsalé/sucré.…""",Sale,,,0,,,https://www.tripadvisor.com/Restaurant_Review-g187217-d12506434-Reviews-Sale_Sucre-Antibes_French_Riviera_Cote_d_Azur_Provence_Alpes_Cote_d_Azur.html
(640 reviews),Sale,,,0,,,https://www.tripadvisor.com/Restaurant_Review-g187217-d12506434-Reviews-Sale_Sucre-Antibes_French_Riviera_Cote_d_Azur_Provence_Alpes_Cote_d_Azur.html#REVIEWS
"RESTAURANTPizzammore Napoli4.44.4 of 5 bubbles(146 reviews)Sale, Greater Manchester, England24 mentions ofSale""…This is the best pizza inSaleand I’ve tried them all!…""",Sale,,,0,,,https://www.tripadvisor.com/Restaurant_Review-g1022653-d13272854-Reviews-Pizzammore_Napoli-Sale_Trafford_Greater_Manchester_England.html
(146 reviews),Sale,,,0,,,https://www.tripadvisor.com/Restaurant_Review-g1022653-d13272854-Reviews-Pizzammore_Napoli-Sale_Trafford_Greater_Manchester_England.html#REVIEWS
"RESTAURANTMadras Spice4.64.6 of 5 bubbles(286 reviews)Sale, Greater Manchester, England35 mentions ofSale""…Another great evening at madras spice insalethis New Years Eve.…""",Sale,,,0,,,https://www.tripadvisor.com/Restaurant_Review-g1022653-d4297546-Reviews-Madras_Spice-Sale_Trafford_Greater_Manchester_England.html
(286 reviews),Sale,,,0,,,https://www.tripadvisor.com/Restaurant_Review-g1022653-d4297546-Reviews-Madras_Spice-Sale_Trafford_Greater_Manchester_England.html#REVIEWS
"RESTAURANTSALE Italian Ristorante4.64.6 of 5 bubbles(83 reviews)Tangerang, Indonesia21 mentions ofSale""…This is my second time visitSALEItalian Ristorante, all satisfied with…""",Sale,,,0,,,https://www.tripadvisor.com/Restaurant_Review-g1493703-d11671937-Reviews-SALE_Italian_Ristorante-Tangerang_Banten_Province_Java.html
(83 reviews),Sale,,,0,,,https://www.tripadvisor.com/Restaurant_Review-g1493703-d11671937-Reviews-SALE_Italian_Ristorante-Tangerang_Banten_Province_Java.html#REVIEWS
"RESTAURANTVeranda4.94.9 of 5 bubbles(310 reviews)Sale, Greater Manchester, England49 mentions ofSale""…Food was amazing best steak insaleFriendly service 
Would recommend…""",Sale,,,0,,,https://www.tripadvisor.com/Restaurant_Review-g1022653-d23858167-Reviews-Veranda-Sale_Trafford_Greater_Manchester_England.html
(310 reviews),Sale,,,0,,,https://www.tripadvisor.com/Restaurant_Review-g1022653-d23858167-Reviews-Veranda-Sale_Trafford_Greater_Manchester_England.html#REVIEWS
"RESTAURANTLe Pre Sale3.43.4 of 5 bubbles(1,125 reviews)Brussels, Belgium38 mentions ofSale""…Le PreSalewas recommended to us by a local for authentic Belgian fare…""",Sale,,,0,,,https://www.tripadvisor.com/Restaurant_Review-g188644-d1027113-Reviews-Le_Pre_Sale-Brussels.html
"(1,125 reviews)",Sale,,,0,,,https://www.tripadvisor.com/Restaurant_Review-g188644-d1027113-Reviews-Le_Pre_Sale-Brussels.html#REVIEWS
"RESTAURANTIl Sale4.14.1 of 5 bubbles(2,101 reviews)Catania, Italy38 mentions ofSale""…Had a wonderful dinner at IlSale.…""",Sale,,,0,,,https://www.tripadvisor.com/Restaurant_Review-g187888-d1555520-Reviews-Il_Sale-Catania_Province_of_Catania_Sicily.html
"(2,101 reviews)",Sale,,,0,,,https://www.tripadvisor.com/Restaurant_Review-g187888-d1555520-Reviews-Il_Sale-Catania_Province_of_Catania_Sicily.html#REVIEWS
"RESTAURANTMassala Lounge4.34.3 of 5 bubbles(172 reviews)Sale, Greater Manchester, England34 mentions ofSale""…portions  , nice atmosphere, what else could you want , first time insale…""",Sale,,,0,,,https://www.tripadvisor.com/Restaurant_Review-g1022653-d3976144-Reviews-Massala_Lounge-Sale_Trafford_Greater_Manchester_England.html
(172 reviews),Sale,,,0,,,https://www.tripadvisor.com/Restaurant_Review-g1022653-d3976144-Reviews-Massala_Lounge-Sale_Trafford_Greater_Manchester_England.html#REVIEWS
"RESTAURANTAcqua E Sale4.74.7 of 5 bubbles(230 reviews)Tavira, Portugal10 mentions ofSale""…The house pizza (Acqua esalewith brie, gorgonzola, pear and walnut) is…""",Sale,,,0,,,https://www.tripadvisor.com/Restaurant_Review-g285715-d19950718-Reviews-Acqua_E_Sale-Tavira_Faro_District_Algarve.html
(230 reviews),Sale,,,0,,,https://www.tripadvisor.com/Restaurant_Review-g285715-d19950718-Reviews-Acqua_E_Sale-Tavira_Faro_District_Algarve.html#REVIEWS
(3 reviews),Temara,,,0,,,https://www.tripadvisor.com/Restaurant_Review-g1202690-d23766850-Reviews-Castle_Fish-Temara_Rabat_Sale_Kenitra.html#REVIEWS
(223 reviews),Temara,,,0,,,https://www.tripadvisor.com/Restaurant_Review-g1202690-d3815753-Reviews-Les_Trois_Palmiers-Temara_Rabat_Sale_Kenitra.html#REVIEWS
(20 reviews),Temara,,,0,,,https://www.tripadvisor.com/Restaurant_Review-g1202690-d15087597-Reviews-Gusto_l_italien_autrement-Temara_Rabat_Sale_Kenitra.html#REVIEWS
(2 reviews),Temara,,,0,,,https://www.tripadvisor.com/Restaurant_Review-g1202690-d3970921-Reviews-Feu_de_Bois-Temara_Rabat_Sale_Kenitra.html#REVIEWS
(2 reviews),Temara,,,0,,,https://www.tripadvisor.com/Restaurant_Review-g1202690-d34145447-Reviews-Pizzeria_Silvia-Temara_Rabat_Sale_Kenitra.html#REVIEWS
(11 reviews),Temara,,,0,,,https://www.tripadvisor.com/Restaurant_Review-g1202690-d4545470-Reviews-Sister_s-Temara_Rabat_Sale_Kenitra.html#REVIEWS
(19 reviews),Temara,,,0,,,https://www.tripadvisor.com/Restaurant_Review-g1202690-d17816317-Reviews-Chez_Ouazzani_Harhoura-Temara_Rabat_Sale_Kenitra.html#REVIEWS
(13 reviews),Temara,,,0,,,https://www.tripadvisor.com/Restaurant_Review-g1202690-d27254859-Reviews-Black_Coffee_Harhoura-Temara_Rabat_Sale_Kenitra.html#REVIEWS
(14 reviews),Temara,,,0,,,https://www.tripadvisor.com/Restaurant_Review-g1202690-d12337279-Reviews-Iselmane-Temara_Rabat_Sale_Kenitra.html#REVIEWS
(27 reviews),Temara,,,0,,,https://www.tripadvisor.com/Restaurant_Review-g1202690-d9681017-Reviews-Sushi_Palace-Temara_Rabat_Sale_Kenitra.html#REVIEWS
(8 reviews),Temara,,,0,,,https://www.tripadvisor.com/Restaurant_Review-g1202690-d10344308-Reviews-El_Paseo_Cafe_Restaurant-Temara_Rabat_Sale_Kenitra.html#REVIEWS
(13 reviews),Temara,,,0,,,https://www.tripadvisor.com/Restaurant_Review-g1202690-d9557960-Reviews-O11ze-Temara_Rabat_Sale_Kenitra.html#REVIEWS
(11 reviews),Temara,,,0,,,https://www.tripadvisor.com/Restaurant_Review-g1202690-d8055683-Reviews-Cafe_Patisserie_Mille_Delices-Temara_Rabat_Sale_Kenitra.html#REVIEWS
(83 reviews),Temara,,,0,,,https://www.tripadvisor.com/Restaurant_Review-g1202690-d3462043-Reviews-Le_Miramar-Temara_Rabat_Sale_Kenitra.html#REVIEWS
(13 reviews),Temara,,,0,,,https://www.tripadvisor.com/Restaurant_Review-g1202690-d4858801-Reviews-Cafeino-Temara_Rabat_Sale_Kenitra.html#REVIEWS
(3 reviews),Temara,,,0,,,https://www.tripadvisor.com/Restaurant_Review-g1202690-d23471699-Reviews-Bochefmaroc-Temara_Rabat_Sale_Kenitra.html#REVIEWS
(31 reviews),Temara,,,0,,,https://www.tripadvisor.com/Restaurant_Review-g1202690-d21055739-Reviews-Terracotta_Ocean_View-Temara_Rabat_Sale_Kenitra.html#REVIEWS
(2 reviews),Temara,,,0,,,https://www.tripadvisor.com/Restaurant_Review-g1202690-d19095281-Reviews-Restaurant_Dauphin-Temara_Rabat_Sale_Kenitra.html#REVIEWS
(1 review),Temara,,,0,,,https://www.tripadvisor.com/Restaurant_Review-g1202690-d33870871-Reviews-La_Pappa_Cremerie_Sandwicherie-Temara_Rabat_Sale_Kenitra.html#REVIEWS
(1 review),Temara,,,0,,,https://www.tripadvisor.com/Restaurant_Review-g1202690-d21282452-Reviews-Le_garden_view-Temara_Rabat_Sale_Kenitra.html#REVIEWS
(2 reviews),Temara,,,0,,,https://www.tripadvisor.com/Restaurant_Review-g1202690-d23745954-Reviews-Royal_Nautique_Club_Sid_El_Abed-Temara_Rabat_Sale_Kenitra.html#REVIEWS
(5 reviews),Temara,,,0,,,https://www.tripadvisor.com/Restaurant_Review-g1202690-d12007181-Reviews-Uncle_Al_s_American_Pizza_Cafe-Temara_Rabat_Sale_Kenitra.html#REVIEWS
(3 reviews),Temara,,,0,,,https://www.tripadvisor.com/Restaurant_Review-g1202690-d12655436-Reviews-Artcof-Temara_Rabat_Sale_Kenitra.html#REVIEWS
(0 reviews),Temara,,,0,,,https://www.tripadvisor.com/Restaurant_Review-g1202690-d27731119-Reviews-Grillade_Al_Andalous-Temara_Rabat_Sale_Kenitra.html#REVIEWS
(3 reviews),Temara,,,0,,,https://www.tripadvisor.com/Restaurant_Review-g1202690-d12787862-Reviews-Restaurant_5_Saisons_Temara-Temara_Rabat_Sale_Kenitra.html#REVIEWS
(4 reviews),Temara,,,0,,,https://www.tripadvisor.com/Restaurant_Review-g1202690-d15266765-Reviews-Boucherie_Casino-Temara_Rabat_Sale_Kenitra.html#REVIEWS
(4 reviews),Temara,,,0,,,https://www.tripadvisor.com/Restaurant_Review-g1202690-d6844345-Reviews-Bab_AL_Hara_Restaurant-Temara_Rabat_Sale_Kenitra.html#REVIEWS
(1 review),Temara,,,0,,,https://www.tripadvisor.com/Restaurant_Review-g1202690-d20358669-Reviews-La_Terrasse_Verte-Temara_Rabat_Sale_Kenitra.html#REVIEWS
(0 reviews),Temara,,,0,,,https://www.tripadvisor.com/Restaurant_Review-g1202690-d23651532-Reviews-Le_Crepier-Temara_Rabat_Sale_Kenitra.html#REVIEWS
(4 reviews),Temara,,,0,,,https://www.tripadvisor.com/Restaurant_Review-g1202690-d8383445-Reviews-Cafe_Restaurant_Horizon-Temara_Rabat_Sale_Kenitra.html#REVIEWS
(0 reviews),Temara,,,0,,,https://www.tripadvisor.com/Restaurant_Review-g1202690-d24114334-Reviews-Terre_Et_Mer-Temara_Rabat_Sale_Kenitra.html#REVIEWS
(0 reviews),Temara,,,0,,,https://www.tripadvisor.com/Restaurant_Review-g1202690-d33187261-Reviews-Asmakalikhwa-Temara_Rabat_Sale_Kenitra.html#REVIEWS
(19 reviews),Skhirat,,,0,,,https://www.tripadvisor.com/Restaurant_Review-g608443-d13145079-Reviews-Chez_Mustapha-Skhirat_Rabat_Sale_Kenitra.html#REVIEWS
(2 reviews),Skhirat,,,0,,,https://www.tripadvisor.com/Restaurant_Review-g608443-d33771819-Reviews-Maison_Dada-Skhirat_Rabat_Sale_Kenitra.html#REVIEWS
(39 reviews),Skhirat,,,0,,,https://www.tripadvisor.com/Restaurant_Review-g608443-d5011657-Reviews-Restaurant_Poseidon_im_Hotel_L_Amphitrite_Palace-Skhirat_Rabat_Sale_Kenitra.html#REVIEWS
(46 reviews),Skhirat,,,0,,,https://www.tripadvisor.com/Restaurant_Review-g608443-d7356383-Reviews-Restaurant_Rose_Marie-Skhirat_Rabat_Sale_Kenitra.html#REVIEWS
(4 reviews),Skhirat,,,0,,,https://www.tripadvisor.com/Restaurant_Review-g608443-d12615470-Reviews-Dar_Lfawakih-Skhirat_Rabat_Sale_Kenitra.html#REVIEWS
(0 reviews),Skhirat,,,0,,,https://www.tripadvisor.com/Restaurant_Review-g608443-d33192873-Reviews-Le_44_Rooftop-Skhirat_Rabat_Sale_Kenitra.html#REVIEWS
(0 reviews),Skhirat,,,0,,,https://www.tripadvisor.com/Restaurant_Review-g608443-d25068469-Reviews-Turkish_Kitchen-Skhirat_Rabat_Sale_Kenitra.html#REVIEWS
(0 reviews),Skhirat,,,0,,,https://www.tripadvisor.com/Restaurant_Review-g608443-d14411871-Reviews-Kakkasse-Skhirat_Rabat_Sale_Kenitra.html#REVIEWS
(11 reviews),Khemisset,,,0,,,https://www.tripadvisor.com/Restaurant_Review-g2549702-d33215837-Reviews-Les_Belges-Khemisset_Rabat_Sale_Kenitra.html#REVIEWS
(1 review),Khemisset,,,0,,,https://www.tripadvisor.com/Restaurant_Review-g2549702-d26578430-Reviews-On_off_Restaurant-Khemisset_Rabat_Sale_Kenitra.html#REVIEWS
(2 reviews),Khemisset,,,0,,,https://www.tripadvisor.com/Restaurant_Review-g2549702-d7364088-Reviews-Abida_resto_cafe-Khemisset_Rabat_Sale_Kenitra.html#REVIEWS
(0 reviews),Khemisset,,,0,,,https://www.tripadvisor.com/Restaurant_Review-g2549702-d26811741-Reviews-Mrist_Lmima-Khemisset_Rabat_Sale_Kenitra.html#REVIEWS
(0 reviews),Khemisset,,,0,,,https://www.tripadvisor.com/Restaurant_Review-g2549702-d14962500-Reviews-Restaurant_Ibrahimovic-Khemisset_Rabat_Sale_Kenitra.html#REVIEWS
(0 reviews),Khemisset,,,0,,,https://www.tripadvisor.com/Restaurant_Review-g2549702-d23922711-Reviews-Restaurant_Domaine_Sidi_Omar-Khemisset_Rabat_Sale_Kenitra.html#REVIEWS
(1 review),Sidi Slimane,,,0,,,https://www.tripadvisor.com/Restaurant_Review-g15275912-d21187265-Reviews-Music_Food-Sidi_Slimane_Rabat_Sale_Kenitra.html#REVIEWS
(0 reviews),Sidi Slimane,,,0,,,https://www.tripadvisor.com/Restaurant_Review-g15275912-d25226006-Reviews-Rh_Ice-Sidi_Slimane_Rabat_Sale_Kenitra.html#REVIEWS
(0 reviews),Sidi Slimane,,,0,,,https://www.tripadvisor.com/Restaurant_Review-g15275912-d21184880-Reviews-Music_Food-Sidi_Slimane_Rabat_Sale_Kenitra.html#REVIEWS
(25 reviews),Al Hoceima,,,0,,,https://www.tripadvisor.com/Restaurant_Review-g795889-d15181858-Reviews-Shark_s_Rock_Restaurant-Al_Hoceima_Taza_Al_Hoceima_Taounate_Region.html#REVIEWS
(8 reviews),Al Hoceima,,,0,,,https://www.tripadvisor.com/Restaurant_Review-g795889-d33258465-Reviews-La_Vogue-Al_Hoceima_Taza_Al_Hoceima_Taounate_Region.html#REVIEWS
(16 reviews),Al Hoceima,,,0,,,https://www.tripadvisor.com/Restaurant_Review-g795889-d9878321-Reviews-Buena_Vista_Cafe-Al_Hoceima_Taza_Al_Hoceima_Taounate_Region.html#REVIEWS
(6 reviews),Al Hoceima,,,0,,,https://www.tripadvisor.com/Restaurant_Review-g795889-d33268501-Reviews-T_Hoekje_Restaurant-Al_Hoceima_Taza_Al_Hoceima_Taounate_Region.html#REVIEWS
(2 reviews),Al Hoceima,,,0,,,https://www.tripadvisor.com/Restaurant_Review-g795889-d28144235-Reviews-Casa_Bento_Restaurant-Al_Hoceima_Taza_Al_Hoceima_Taounate_Region.html#REVIEWS
(22 reviews),Al Hoceima,,,0,,,https://www.tripadvisor.com/Restaurant_Review-g795889-d25197634-Reviews-Niebla_Marina_Restaurant-Al_Hoceima_Taza_Al_Hoceima_Taounate_Region.html#REVIEWS
(9 reviews),Al Hoceima,,,0,,,https://www.tripadvisor.com/Restaurant_Review-g795889-d23657110-Reviews-Break_Alhoceima-Al_Hoceima_Taza_Al_Hoceima_Taounate_Region.html#REVIEWS
(7 reviews),Al Hoceima,,,0,,,https://www.tripadvisor.com/Restaurant_Review-g795889-d9979952-Reviews-La_Belle_Vue-Al_Hoceima_Taza_Al_Hoceima_Taounate_Region.html#REVIEWS
(61 reviews),Al Hoceima,,,0,,,https://www.tripadvisor.com/Restaurant_Review-g795889-d8681335-Reviews-Espace_Mirimar-Al_Hoceima_Taza_Al_Hoceima_Taounate_Region.html#REVIEWS
(14 reviews),Al Hoceima,,,0,,,https://www.tripadvisor.com/Restaurant_Review-g795889-d5532631-Reviews-Hotel_ristorante_Perla-Al_Hoceima_Taza_Al_Hoceima_Taounate_Region.html#REVIEWS
(22 reviews),Al Hoceima,,,0,,,https://www.tripadvisor.com/Restaurant_Review-g795889-d10140180-Reviews-Mb_Food-Al_Hoceima_Taza_Al_Hoceima_Taounate_Region.html#REVIEWS
(3 reviews),Al Hoceima,,,0,,,https://www.tripadvisor.com/Restaurant_Review-g795889-d28296826-Reviews-Il_Gusto-Al_Hoceima_Taza_Al_Hoceima_Taounate_Region.html#REVIEWS
(3 reviews),Al Hoceima,,,0,,,https://www.tripadvisor.com/Restaurant_Review-g795889-d15202904-Reviews-Django-Al_Hoceima_Taza_Al_Hoceima_Taounate_Region.html#REVIEWS
(4 reviews),Al Hoceima,,,0,,,https://www.tripadvisor.com/Restaurant_Review-g795889-d10228031-Reviews-Restaurant_Sidi_Bousaid-Al_Hoceima_Taza_Al_Hoceima_Taounate_Region.html#REVIEWS
(1 review),Al Hoceima,,,0,,,https://www.tripadvisor.com/Restaurant_Review-g795889-d24050182-Reviews-Wing_Fish_Restaurant-Al_Hoceima_Taza_Al_Hoceima_Taounate_Region.html#REVIEWS
(2 reviews),Al Hoceima,,,0,,,https://www.tripadvisor.com/Restaurant_Review-g795889-d34508180-Reviews-Norsal_Al_Hoceima-Al_Hoceima_Taza_Al_Hoceima_Taounate_Region.html#REVIEWS
(4 reviews),Al Hoceima,,,0,,,https://www.tripadvisor.com/Restaurant_Review-g795889-d4795372-Reviews-Cafeino-Al_Hoceima_Taza_Al_Hoceima_Taounate_Region.html#REVIEWS
(4 reviews),Al Hoceima,,,0,,,https://www.tripadvisor.com/Restaurant_Review-g795889-d24095055-Reviews-Tres_Sabores-Al_Hoceima_Taza_Al_Hoceima_Taounate_Region.html#REVIEWS
(14 reviews),Al Hoceima,,,0,,,https://www.tripadvisor.com/Restaurant_Review-g795889-d9878318-Reviews-Delicafe_Al_Hoceima-Al_Hoceima_Taza_Al_Hoceima_Taounate_Region.html#REVIEWS
(1 review),Al Hoceima,,,0,,,https://www.tripadvisor.com/Restaurant_Review-g795889-d23505406-Reviews-McDiamond-Al_Hoceima_Taza_Al_Hoceima_Taounate_Region.html#REVIEWS
(1 review),Al Hoceima,,,0,,,https://www.tripadvisor.com/Restaurant_Review-g795889-d34125311-Reviews-Mabina_Seafood-Al_Hoceima_Taza_Al_Hoceima_Taounate_Region.html#REVIEWS
(9 reviews),Al Hoceima,,,0,,,https://www.tripadvisor.com/Restaurant_Review-g795889-d15690652-Reviews-Palm_s_Al_Hoceima-Al_Hoceima_Taza_Al_Hoceima_Taounate_Region.html#REVIEWS
(1 review),Al Hoceima,,,0,,,https://www.tripadvisor.com/Restaurant_Review-g795889-d19037921-Reviews-Tacos_Al_Hoceima-Al_Hoceima_Taza_Al_Hoceima_Taounate_Region.html#REVIEWS
(3 reviews),Al Hoceima,,,0,,,https://www.tripadvisor.com/Restaurant_Review-g795889-d13190543-Reviews-Cafe_Mediterraneo-Al_Hoceima_Taza_Al_Hoceima_Taounate_Region.html#REVIEWS
(0 reviews),Al Hoceima,,,0,,,https://www.tripadvisor.com/Restaurant_Review-g795889-d27453407-Reviews-Salsa-Al_Hoceima_Taza_Al_Hoceima_Taounate_Region.html#REVIEWS
(5 reviews),Al Hoceima,,,0,,,https://www.tripadvisor.com/Restaurant_Review-g795889-d26822904-Reviews-Restaurant_JZA_FISH-Al_Hoceima_Taza_Al_Hoceima_Taounate_Region.html#REVIEWS
(1 review),Al Hoceima,,,0,,,https://www.tripadvisor.com/Restaurant_Review-g795889-d13287533-Reviews-Al_Khozama-Al_Hoceima_Taza_Al_Hoceima_Taounate_Region.html#REVIEWS
(1 review),Al Hoceima,,,0,,,https://www.tripadvisor.com/Restaurant_Review-g795889-d9878325-Reviews-Cafe_Restaurant_Bloom-Al_Hoceima_Taza_Al_Hoceima_Taounate_Region.html#REVIEWS
(0 reviews),Al Hoceima,,,0,,,https://www.tripadvisor.com/Restaurant_Review-g795889-d34510920-Reviews-Stockholm_Beach_Club-Al_Hoceima_Taza_Al_Hoceima_Taounate_Region.html#REVIEWS
(0 reviews),Al Hoceima,,,0,,,https://www.tripadvisor.com/Restaurant_Review-g795889-d28074606-Reviews-Tanda_Beach_Club-Al_Hoceima_Taza_Al_Hoceima_Taounate_Region.html#REVIEWS
(0 reviews),Al Hoceima,,,0,,,https://www.tripadvisor.com/Restaurant_Review-g795889-d34350216-Reviews-Barbecue_Brother_s-Al_Hoceima_Taza_Al_Hoceima_Taounate_Region.html#REVIEWS
(45 reviews),Larache,,,0,,,https://www.tripadvisor.com/Restaurant_Review-g304016-d23834724-Reviews-Casa_Manolo-Larache_Tanger_Tetouan_Al_Hoceima.html#REVIEWS
(12 reviews),Larache,,,0,,,https://www.tripadvisor.com/Restaurant_Review-g304016-d15231196-Reviews-Darna_Restaurant-Larache_Tanger_Tetouan_Al_Hoceima.html#REVIEWS
(84 reviews),Larache,,,0,,,https://www.tripadvisor.com/Restaurant_Review-g304016-d6742776-Reviews-Restaurant_Khay_Ahmed-Larache_Tanger_Tetouan_Al_Hoceima.html#REVIEWS
(9 reviews),Larache,,,0,,,https://www.tripadvisor.com/Restaurant_Review-g304016-d4063823-Reviews-Casa_de_Arte_La_Solea-Larache_Tanger_Tetouan_Al_Hoceima.html#REVIEWS
(2 reviews),Larache,,,0,,,https://www.tripadvisor.com/Restaurant_Review-g304016-d17851889-Reviews-Foundouk_Zeljou-Larache_Tanger_Tetouan_Al_Hoceima.html#REVIEWS
(3 reviews),Larache,,,0,,,https://www.tripadvisor.com/Restaurant_Review-g304016-d23896901-Reviews-Tropical_Cafe_and_Juice-Larache_Tanger_Tetouan_Al_Hoceima.html#REVIEWS
(24 reviews),Larache,,,0,,,https://www.tripadvisor.com/Restaurant_Review-g304016-d5533442-Reviews-Restaurant_Loukous-Larache_Tanger_Tetouan_Al_Hoceima.html#REVIEWS
(16 reviews),Larache,,,0,,,https://www.tripadvisor.com/Restaurant_Review-g304016-d4060264-Reviews-Khozama-Larache_Tanger_Tetouan_Al_Hoceima.html#REVIEWS
(12 reviews),Larache,,,0,,,https://www.tripadvisor.com/Restaurant_Review-g304016-d12335422-Reviews-Restaurant_Romaissae-Larache_Tanger_Tetouan_Al_Hoceima.html#REVIEWS
(2 reviews),Larache,,,0,,,https://www.tripadvisor.com/Restaurant_Review-g304016-d11916574-Reviews-Elsoberbio-Larache_Tanger_Tetouan_Al_Hoceima.html#REVIEWS
(7 reviews),Larache,,,0,,,https://www.tripadvisor.com/Restaurant_Review-g304016-d4740921-Reviews-Restaurante_commercial-Larache_Tanger_Tetouan_Al_Hoceima.html#REVIEWS
(2 reviews),Larache,,,0,,,https://www.tripadvisor.com/Restaurant_Review-g304016-d11868006-Reviews-Somarian-Larache_Tanger_Tetouan_Al_Hoceima.html#REVIEWS
"RESTAURANTKsar El Kabbaba4.84.8 of 5 bubbles(94 reviews)Ouarzazate, Morocco",Ksar El Kebir,,,0,,,https://www.tripadvisor.com/Restaurant_Review-g304018-d4742671-Reviews-Ksar_El_Kabbaba-Ouarzazate_Draa_Tafilalet.html
(94 reviews),Ksar El Kebir,,,0,,,https://www.tripadvisor.com/Restaurant_Review-g304018-d4742671-Reviews-Ksar_El_Kabbaba-Ouarzazate_Draa_Tafilalet.html#REVIEWS
"RESTAURANTKsar El Hamra4.04 of 5 bubbles(243 reviews)Marrakech, Morocco",Ksar El Kebir,,,0,,,https://www.tripadvisor.com/Restaurant_Review-g293734-d1119605-Reviews-Ksar_El_Hamra-Marrakech_Marrakech_Safi.html
(243 reviews),Ksar El Kebir,,,0,,,https://www.tripadvisor.com/Restaurant_Review-g293734-d1119605-Reviews-Ksar_El_Hamra-Marrakech_Marrakech_Safi.html#REVIEWS
"RESTAURANTEl Ksar4.44.4 of 5 bubbles(11 reviews)Hammamet, Tunisia",Ksar El Kebir,,,0,,,https://www.tripadvisor.com/Restaurant_Review-g297943-d8835349-Reviews-El_Ksar-Hammamet_Nabeul_Governorate.html
(11 reviews),Ksar El Kebir,,,0,,,https://www.tripadvisor.com/Restaurant_Review-g297943-d8835349-Reviews-El_Ksar-Hammamet_Nabeul_Governorate.html#REVIEWS
"RESTAURANTBelleBuon4.84.8 of 5 bubbles(4,079 reviews)Barcelona, Catalonia, Spain",Ksar El Kebir,,,0,,,https://www.tripadvisor.com/Restaurant_Review-g187497-d4049034-Reviews-BelleBuon-Barcelona_Catalonia.html
"(4,079 reviews)",Ksar El Kebir,,,0,,,https://www.tripadvisor.com/Restaurant_Review-g187497-d4049034-Reviews-BelleBuon-Barcelona_Catalonia.html#REVIEWS
"RESTAURANTBlu Bar4.94.9 of 5 bubbles(2,904 reviews)Barcelona, Catalonia, Spain",Ksar El Kebir,,,0,,,https://www.tripadvisor.com/Restaurant_Review-g187497-d13423033-Reviews-Blu_Bar-Barcelona_Catalonia.html
"(2,904 reviews)",Ksar El Kebir,,,0,,,https://www.tripadvisor.com/Restaurant_Review-g187497-d13423033-Reviews-Blu_Bar-Barcelona_Catalonia.html#REVIEWS
"RESTAURANTLe Ksar4.54.5 of 5 bubbles(521 reviews)Toulouse, Occitanie, France",Ksar El Kebir,,,0,,,https://www.tripadvisor.com/Restaurant_Review-g187175-d1894061-Reviews-Le_Ksar-Toulouse_Haute_Garonne_Occitanie.html
(521 reviews),Ksar El Kebir,,,0,,,https://www.tripadvisor.com/Restaurant_Review-g187175-d1894061-Reviews-Le_Ksar-Toulouse_Haute_Garonne_Occitanie.html#REVIEWS
"RESTAURANTColom4.64.6 of 5 bubbles(10,671 reviews)Barcelona, Catalonia, Spain",Ksar El Kebir,,,0,,,https://www.tripadvisor.com/Restaurant_Review-g187497-d3179219-Reviews-Colom-Barcelona_Catalonia.html
"(10,671 reviews)",Ksar El Kebir,,,0,,,https://www.tripadvisor.com/Restaurant_Review-g187497-d3179219-Reviews-Colom-Barcelona_Catalonia.html#REVIEWS
"RESTAURANTViana4.84.8 of 5 bubbles(5,444 reviews)Barcelona, Catalonia, Spain",Ksar El Kebir,,,0,,,https://www.tripadvisor.com/Restaurant_Review-g187497-d8531409-Reviews-Viana-Barcelona_Catalonia.html
"(5,444 reviews)",Ksar El Kebir,,,0,,,https://www.tripadvisor.com/Restaurant_Review-g187497-d8531409-Reviews-Viana-Barcelona_Catalonia.html#REVIEWS
"RESTAURANTZenith Caffè - Barcelona4.84.8 of 5 bubbles(3,040 reviews)Barcelona, Catalonia, Spain",Ksar El Kebir,,,0,,,https://www.tripadvisor.com/Restaurant_Review-g187497-d23531482-Reviews-Zenith_Caffe_Barcelona-Barcelona_Catalonia.html
"(3,040 reviews)",Ksar El Kebir,,,0,,,https://www.tripadvisor.com/Restaurant_Review-g187497-d23531482-Reviews-Zenith_Caffe_Barcelona-Barcelona_Catalonia.html#REVIEWS
"RESTAURANTRAÓ Restaurant4.84.8 of 5 bubbles(2,282 reviews)Barcelona, Catalonia, Spain",Ksar El Kebir,,,0,,,https://www.tripadvisor.com/Restaurant_Review-g187497-d14129049-Reviews-RAO_Restaurant-Barcelona_Catalonia.html
"(2,282 reviews)",Ksar El Kebir,,,0,,,https://www.tripadvisor.com/Restaurant_Review-g187497-d14129049-Reviews-RAO_Restaurant-Barcelona_Catalonia.html#REVIEWS
"RESTAURANTCervecería Catalana4.44.4 of 5 bubbles(14,127 reviews)Barcelona, Catalonia, Spain",Ksar El Kebir,,,0,,,https://www.tripadvisor.com/Restaurant_Review-g187497-d782944-Reviews-Cerveceria_Catalana-Barcelona_Catalonia.html
"(14,127 reviews)",Ksar El Kebir,,,0,,,https://www.tripadvisor.com/Restaurant_Review-g187497-d782944-Reviews-Cerveceria_Catalana-Barcelona_Catalonia.html#REVIEWS
"RESTAURANTLe Romane4.94.9 of 5 bubbles(6,599 reviews)Barcelona, Catalonia, Spain",Ksar El Kebir,,,0,,,https://www.tripadvisor.com/Restaurant_Review-g187497-d15589100-Reviews-Le_Romane-Barcelona_Catalonia.html
"(6,599 reviews)",Ksar El Kebir,,,0,,,https://www.tripadvisor.com/Restaurant_Review-g187497-d15589100-Reviews-Le_Romane-Barcelona_Catalonia.html#REVIEWS
"RESTAURANTKebir Turkish Kitchen4.34.3 of 5 bubbles(12 reviews)Surbiton, Greater London, England",Ksar El Kebir,,,0,,,https://www.tripadvisor.com/Restaurant_Review-g1752250-d32982759-Reviews-Kebir_Turkish_Kitchen-Surbiton_Kingston_upon_Thames_Greater_London_England.html
(12 reviews),Ksar El Kebir,,,0,,,https://www.tripadvisor.com/Restaurant_Review-g1752250-d32982759-Reviews-Kebir_Turkish_Kitchen-Surbiton_Kingston_upon_Thames_Greater_London_England.html#REVIEWS
"RESTAURANTVrutal4.94.9 of 5 bubbles(1,895 reviews)Barcelona, Catalonia, Spain",Ksar El Kebir,,,0,,,https://www.tripadvisor.com/Restaurant_Review-g187497-d21262074-Reviews-Vrutal-Barcelona_Catalonia.html
"(1,895 reviews)",Ksar El Kebir,,,0,,,https://www.tripadvisor.com/Restaurant_Review-g187497-d21262074-Reviews-Vrutal-Barcelona_Catalonia.html#REVIEWS
"RESTAURANTLa Yola Restaurant4.84.8 of 5 bubbles(2,410 reviews)Punta Cana, Dominican Republic",Ksar El Kebir,,,0,,,https://www.tripadvisor.com/Restaurant_Review-g147293-d1050063-Reviews-La_Yola_Restaurant-Punta_Cana_La_Altagracia_Province_Dominican_Republic.html
"(2,410 reviews)",Ksar El Kebir,,,0,,,https://www.tripadvisor.com/Restaurant_Review-g147293-d1050063-Reviews-La_Yola_Restaurant-Punta_Cana_La_Altagracia_Province_Dominican_Republic.html#REVIEWS
"RESTAURANTEl Meson del Marques4.44.4 of 5 bubbles(3,254 reviews)Valladolid, Yucatan, Mexico",Ksar El Kebir,,,0,,,https://www.tripadvisor.com/Restaurant_Review-g499453-d816285-Reviews-El_Meson_del_Marques-Valladolid_Yucatan_Peninsula.html
"(3,254 reviews)",Ksar El Kebir,,,0,,,https://www.tripadvisor.com/Restaurant_Review-g499453-d816285-Reviews-El_Meson_del_Marques-Valladolid_Yucatan_Peninsula.html#REVIEWS
"RESTAURANTCasa Oaxaca El Restaurante4.44.4 of 5 bubbles(2,589 reviews)Oaxaca, Oaxaca, Mexico",Ksar El Kebir,,,0,,,https://www.tripadvisor.com/Restaurant_Review-g150801-d1314211-Reviews-Casa_Oaxaca_El_Restaurante-Oaxaca_Southern_Mexico.html
"(2,589 reviews)",Ksar El Kebir,,,0,,,https://www.tripadvisor.com/Restaurant_Review-g150801-d1314211-Reviews-Casa_Oaxaca_El_Restaurante-Oaxaca_Southern_Mexico.html#REVIEWS
"RESTAURANTRestaurante El Cardenal4.64.6 of 5 bubbles(6,181 reviews)Mexico City, Mexico",Ksar El Kebir,,,0,,,https://www.tripadvisor.com/Restaurant_Review-g150800-d814867-Reviews-Restaurante_El_Cardenal-Mexico_City_Central_Mexico_and_Gulf_Coast.html
"(6,181 reviews)",Ksar El Kebir,,,0,,,https://www.tripadvisor.com/Restaurant_Review-g150800-d814867-Reviews-Restaurante_El_Cardenal-Mexico_City_Central_Mexico_and_Gulf_Coast.html#REVIEWS
"RESTAURANTEl Mercado4.84.8 of 5 bubbles(4,554 reviews)Buenos Aires, Argentina",Ksar El Kebir,,,0,,,https://www.tripadvisor.com/Restaurant_Review-g312741-d814198-Reviews-El_Mercado-Buenos_Aires_Capital_Federal_District.html
"(4,554 reviews)",Ksar El Kebir,,,0,,,https://www.tripadvisor.com/Restaurant_Review-g312741-d814198-Reviews-El_Mercado-Buenos_Aires_Capital_Federal_District.html#REVIEWS
"RESTAURANTEl Arsenal: The Rum box4.94.9 of 5 bubbles(6,469 reviews)Cartagena, Colombia",Ksar El Kebir,,,0,,,https://www.tripadvisor.com/Restaurant_Review-g297476-d9596210-Reviews-El_Arsenal_The_Rum_box-Cartagena_Cartagena_District_Bolivar_Department.html
"(6,469 reviews)",Ksar El Kebir,,,0,,,https://www.tripadvisor.com/Restaurant_Review-g297476-d9596210-Reviews-El_Arsenal_The_Rum_box-Cartagena_Cartagena_District_Bolivar_Department.html#REVIEWS
"RESTAURANTFarsha Mountain Lounge4.34.3 of 5 bubbles(3,201 reviews)Sharm El Sheikh, Egypt",Ksar El Kebir,,,0,,,https://www.tripadvisor.com/Restaurant_Review-g297555-d3642817-Reviews-Farsha_Mountain_Lounge-Sharm_El_Sheikh_South_Sinai_Red_Sea_and_Sinai.html
"(3,201 reviews)",Ksar El Kebir,,,0,,,https://www.tripadvisor.com/Restaurant_Review-g297555-d3642817-Reviews-Farsha_Mountain_Lounge-Sharm_El_Sheikh_South_Sinai_Red_Sea_and_Sinai.html#REVIEWS
"RESTAURANTCafé Restaurante El Gato Gris4.64.6 of 5 bubbles(2,743 reviews)Bogota, Colombia",Ksar El Kebir,,,0,,,https://www.tripadvisor.com/Restaurant_Review-g294074-d4037689-Reviews-Cafe_Restaurante_El_Gato_Gris-Bogota.html
"(2,743 reviews)",Ksar El Kebir,,,0,,,https://www.tripadvisor.com/Restaurant_Review-g294074-d4037689-Reviews-Cafe_Restaurante_El_Gato_Gris-Bogota.html#REVIEWS
"RESTAURANTRestaurante & Tapas El Sella4.94.9 of 5 bubbles(7,021 reviews)Seville, Andalucia, Spain",Ksar El Kebir,,,0,,,https://www.tripadvisor.com/Restaurant_Review-g187443-d15534171-Reviews-Restaurante_Tapas_El_Sella-Seville_Province_of_Seville_Andalucia.html
"(7,021 reviews)",Ksar El Kebir,,,0,,,https://www.tripadvisor.com/Restaurant_Review-g187443-d15534171-Reviews-Restaurante_Tapas_El_Sella-Seville_Province_of_Seville_Andalucia.html#REVIEWS
"RESTAURANTArroceria Maribel4.84.8 of 5 bubbles(2,488 reviews)El Palmar, Valencian Community, Spain",Ksar El Kebir,,,0,,,https://www.tripadvisor.com/Restaurant_Review-g3329374-d6534493-Reviews-Arroceria_Maribel-El_Palmar_Valencia_Province_of_Valencia_Valencian_Community.html
"(2,488 reviews)",Ksar El Kebir,,,0,,,https://www.tripadvisor.com/Restaurant_Review-g3329374-d6534493-Reviews-Arroceria_Maribel-El_Palmar_Valencia_Province_of_Valencia_Valencian_Community.html#REVIEWS
"RESTAURANTEl Burlador Mediterráneo - Caribe4.84.8 of 5 bubbles(5,097 reviews)Cartagena, Colombia",Ksar El Kebir,,,0,,,https://www.tripadvisor.com/Restaurant_Review-g297476-d1085792-Reviews-El_Burlador_Mediterraneo_Caribe-Cartagena_Cartagena_District_Bolivar_Department.html
"(5,097 reviews)",Ksar El Kebir,,,0,,,https://www.tripadvisor.com/Restaurant_Review-g297476-d1085792-Reviews-El_Burlador_Mediterraneo_Caribe-Cartagena_Cartagena_District_Bolivar_Department.html#REVIEWS
"RESTAURANTTacos el Gordo4.44.4 of 5 bubbles(1,224 reviews)Las Vegas, Nevada",Ksar El Kebir,,,0,,,https://www.tripadvisor.com/Restaurant_Review-g45963-d2348525-Reviews-Tacos_el_Gordo-Las_Vegas_Nevada.html
"(1,224 reviews)",Ksar El Kebir,,,0,,,https://www.tripadvisor.com/Restaurant_Review-g45963-d2348525-Reviews-Tacos_el_Gordo-Las_Vegas_Nevada.html#REVIEWS
"RESTAURANTBab El-Sharq4.84.8 of 5 bubbles(968 reviews)Cairo, Egypt",Ksar El Kebir,,,0,,,https://www.tripadvisor.com/Restaurant_Review-g294201-d8754718-Reviews-Bab_El_Sharq-Cairo_Cairo_Governorate.html
(968 reviews),Ksar El Kebir,,,0,,,https://www.tripadvisor.com/Restaurant_Review-g294201-d8754718-Reviews-Bab_El_Sharq-Cairo_Cairo_Governorate.html#REVIEWS
"RESTAURANTDona Rosa4.74.7 of 5 bubbles(1,350 reviews)Barcelona, Catalonia, Spain",Ksar El Kebir,,,0,,,https://www.tripadvisor.com/Restaurant_Review-g187497-d10285793-Reviews-Dona_Rosa-Barcelona_Catalonia.html
"(1,350 reviews)",Ksar El Kebir,,,0,,,https://www.tripadvisor.com/Restaurant_Review-g187497-d10285793-Reviews-Dona_Rosa-Barcelona_Catalonia.html#REVIEWS
"RESTAURANTBar Cañete4.54.5 of 5 bubbles(3,397 reviews)Barcelona, Catalonia, Spain",Ksar El Kebir,,,0,,,https://www.tripadvisor.com/Restaurant_Review-g187497-d1905775-Reviews-Bar_Canete-Barcelona_Catalonia.html
"(3,397 reviews)",Ksar El Kebir,,,0,,,https://www.tripadvisor.com/Restaurant_Review-g187497-d1905775-Reviews-Bar_Canete-Barcelona_Catalonia.html#REVIEWS
"RESTAURANTEl Preferido de Palermo4.34.3 of 5 bubbles(925 reviews)Buenos Aires, Argentina",Ksar El Kebir,,,0,,,https://www.tripadvisor.com/Restaurant_Review-g312741-d866506-Reviews-El_Preferido_de_Palermo-Buenos_Aires_Capital_Federal_District.html
(925 reviews),Ksar El Kebir,,,0,,,https://www.tripadvisor.com/Restaurant_Review-g312741-d866506-Reviews-El_Preferido_de_Palermo-Buenos_Aires_Capital_Federal_District.html#REVIEWS
(68 reviews),Fnideq,,,0,,,https://www.tripadvisor.com/Restaurant_Review-g304014-d11689126-Reviews-Saffron-Fnideq_Tanger_Tetouan_Al_Hoceima.html#REVIEWS
(12 reviews),Fnideq,,,0,,,https://www.tripadvisor.com/Restaurant_Review-g304014-d14766018-Reviews-Azura_Tamouda_Bay-Fnideq_Tanger_Tetouan_Al_Hoceima.html#REVIEWS
(4 reviews),Fnideq,,,0,,,https://www.tripadvisor.com/Restaurant_Review-g304014-d27722402-Reviews-Restaurant_Al_Bahr-Fnideq_Tanger_Tetouan_Al_Hoceima.html#REVIEWS
(1 review),Fnideq,,,0,,,https://www.tripadvisor.com/Restaurant_Review-g304014-d12560391-Reviews-British_coffee-Fnideq_Tanger_Tetouan_Al_Hoceima.html#REVIEWS
"RESTAURANTEl Cocodrilo4.04 of 5 bubbles(91 reviews)M'diq, Morocco3 mentions ofM'diq""…Maybe forM'diqit is high level but I felt uncomfortable.…""",M'diq,,,0,,,https://www.tripadvisor.com/Restaurant_Review-g3136900-d3567962-Reviews-El_Cocodrilo-M_diq_Tanger_Tetouan_Al_Hoceima.html
(91 reviews),M'diq,,,0,,,https://www.tripadvisor.com/Restaurant_Review-g3136900-d3567962-Reviews-El_Cocodrilo-M_diq_Tanger_Tetouan_Al_Hoceima.html#REVIEWS
"RESTAURANTTelepizza M'diq1.01 of 5 bubbles(1 review)M'diq, Morocco",M'diq,,,0,,,https://www.tripadvisor.com/Restaurant_Review-g3136900-d24175050-Reviews-Telepizza_M_diq-M_diq_Tanger_Tetouan_Al_Hoceima.html
(1 review),M'diq,,,0,,,https://www.tripadvisor.com/Restaurant_Review-g3136900-d24175050-Reviews-Telepizza_M_diq-M_diq_Tanger_Tetouan_Al_Hoceima.html#REVIEWS
"RESTAURANTCafe Blue Sky3.23.2 of 5 bubbles(74 reviews)M'diq, Morocco1 mention ofM'diq""…Not Spanish paella, butM'diqisn't Spain so...…""",M'diq,,,0,,,https://www.tripadvisor.com/Restaurant_Review-g3136900-d7724825-Reviews-Cafe_Blue_Sky-M_diq_Tanger_Tetouan_Al_Hoceima.html
(74 reviews),M'diq,,,0,,,https://www.tripadvisor.com/Restaurant_Review-g3136900-d7724825-Reviews-Cafe_Blue_Sky-M_diq_Tanger_Tetouan_Al_Hoceima.html#REVIEWS
"RESTAURANTTelepizza M'diqM'diq, Morocco",M'diq,,,0,,,https://www.tripadvisor.com/Restaurant_Review-g3136900-d24175307-Reviews-Telepizza_M_diq-M_diq_Tanger_Tetouan_Al_Hoceima.html
"RESTAURANTMeridiana2.92.9 of 5 bubbles(43 reviews)M'diq, Morocco",M'diq,,,0,,,https://www.tripadvisor.com/Restaurant_Review-g3136900-d2723705-Reviews-Meridiana-M_diq_Tanger_Tetouan_Al_Hoceima.html
(43 reviews),M'diq,,,0,,,https://www.tripadvisor.com/Restaurant_Review-g3136900-d2723705-Reviews-Meridiana-M_diq_Tanger_Tetouan_Al_Hoceima.html#REVIEWS
"RESTAURANTLa Méditerranée Tamuda Bay By Robuchon4.74.7 of 5 bubbles(133 reviews)M'diq, Morocco",M'diq,,,0,,,https://www.tripadvisor.com/Restaurant_Review-g3136900-d28119924-Reviews-La_Mediterranee_Tamuda_Bay_By_Robuchon-M_diq_Tanger_Tetouan_Al_Hoceima.html
(133 reviews),M'diq,,,0,,,https://www.tripadvisor.com/Restaurant_Review-g3136900-d28119924-Reviews-La_Mediterranee_Tamuda_Bay_By_Robuchon-M_diq_Tanger_Tetouan_Al_Hoceima.html#REVIEWS
"RESTAURANTCoccinella | Royal Mansour Tamuda Bay4.84.8 of 5 bubbles(6 reviews)M'diq, Morocco",M'diq,,,0,,,https://www.tripadvisor.com/Restaurant_Review-g3136900-d28012715-Reviews-Coccinella_Royal_Mansour_Tamuda_Bay-M_diq_Tanger_Tetouan_Al_Hoceima.html
(6 reviews),M'diq,,,0,,,https://www.tripadvisor.com/Restaurant_Review-g3136900-d28012715-Reviews-Coccinella_Royal_Mansour_Tamuda_Bay-M_diq_Tanger_Tetouan_Al_Hoceima.html#REVIEWS
"RESTAURANTCafé Restaurant La Sirena Del Mar2.02 of 5 bubbles(5 reviews)M'diq, Morocco",M'diq,,,0,,,https://www.tripadvisor.com/Restaurant_Review-g3136900-d15061594-Reviews-Cafe_Restaurant_La_Sirena_Del_Mar-M_diq_Tanger_Tetouan_Al_Hoceima.html
(5 reviews),M'diq,,,0,,,https://www.tripadvisor.com/Restaurant_Review-g3136900-d15061594-Reviews-Cafe_Restaurant_La_Sirena_Del_Mar-M_diq_Tanger_Tetouan_Al_Hoceima.html#REVIEWS
"RESTAURANTBuddha-Bar Beach Tamouda Bay4.24.2 of 5 bubbles(5 reviews)M'diq, Morocco",M'diq,,,0,,,https://www.tripadvisor.com/Restaurant_Review-g3136900-d26154405-Reviews-Buddha_Bar_Beach_Tamouda_Bay-M_diq_Tanger_Tetouan_Al_Hoceima.html
(5 reviews),M'diq,,,0,,,https://www.tripadvisor.com/Restaurant_Review-g3136900-d26154405-Reviews-Buddha_Bar_Beach_Tamouda_Bay-M_diq_Tanger_Tetouan_Al_Hoceima.html#REVIEWS
"RESTAURANTSo Beach and Night Lounge Tamuda Bay3.33.3 of 5 bubbles(23 reviews)M'diq, Morocco",M'diq,,,0,,,https://www.tripadvisor.com/Restaurant_Review-g3136900-d13385674-Reviews-So_Beach_and_Night_Lounge_Tamuda_Bay-M_diq_Tanger_Tetouan_Al_Hoceima.html
(23 reviews),M'diq,,,0,,,https://www.tripadvisor.com/Restaurant_Review-g3136900-d13385674-Reviews-So_Beach_and_Night_Lounge_Tamuda_Bay-M_diq_Tanger_Tetouan_Al_Hoceima.html#REVIEWS
"RESTAURANTMarbella Restaurant and Lounge Bouzaghlal M'diq5.05 of 5 bubbles(2 reviews)M'diq, Morocco",M'diq,,,0,,,https://www.tripadvisor.com/Restaurant_Review-g3136900-d26130781-Reviews-Marbella_Restaurant_and_Lounge_Bouzaghlal_M_diq-M_diq_Tanger_Tetouan_Al_Hoceima.html
(2 reviews),M'diq,,,0,,,https://www.tripadvisor.com/Restaurant_Review-g3136900-d26130781-Reviews-Marbella_Restaurant_and_Lounge_Bouzaghlal_M_diq-M_diq_Tanger_Tetouan_Al_Hoceima.html#REVIEWS
"RESTAURANTRestaurant Mediterraneo MdiqM'diq, Morocco",M'diq,,,0,,,https://www.tripadvisor.com/Restaurant_Review-g3136900-d33258971-Reviews-Restaurant_Mediterraneo_Mdiq-M_diq_Tanger_Tetouan_Al_Hoceima.html
"RESTAURANTLa Perla Del Cabo3.43.4 of 5 bubbles(13 reviews)M'diq, Morocco",M'diq,,,0,,,https://www.tripadvisor.com/Restaurant_Review-g3136900-d6985202-Reviews-La_Perla_Del_Cabo-M_diq_Tanger_Tetouan_Al_Hoceima.html
(13 reviews),M'diq,,,0,,,https://www.tripadvisor.com/Restaurant_Review-g3136900-d6985202-Reviews-La_Perla_Del_Cabo-M_diq_Tanger_Tetouan_Al_Hoceima.html#REVIEWS
"RESTAURANTEl Marinero5.05 of 5 bubbles(4 reviews)M'diq, Morocco",M'diq,,,0,,,https://www.tripadvisor.com/Restaurant_Review-g3136900-d27757082-Reviews-El_Marinero-M_diq_Tanger_Tetouan_Al_Hoceima.html
(4 reviews),M'diq,,,0,,,https://www.tripadvisor.com/Restaurant_Review-g3136900-d27757082-Reviews-El_Marinero-M_diq_Tanger_Tetouan_Al_Hoceima.html#REVIEWS
"RESTAURANTRestaurant le dauphin plongeur5.05 of 5 bubbles(1 review)M'diq, Morocco",M'diq,,,0,,,https://www.tripadvisor.com/Restaurant_Review-g3136900-d6892282-Reviews-Restaurant_le_dauphin_plongeur-M_diq_Tanger_Tetouan_Al_Hoceima.html
(1 review),M'diq,,,0,,,https://www.tripadvisor.com/Restaurant_Review-g3136900-d6892282-Reviews-Restaurant_le_dauphin_plongeur-M_diq_Tanger_Tetouan_Al_Hoceima.html#REVIEWS
"RESTAURANTLa Table | Royal Mansour Tamuda Bay5.05 of 5 bubbles(1 review)M'diq, Morocco",M'diq,,,0,,,https://www.tripadvisor.com/Restaurant_Review-g3136900-d28012742-Reviews-La_Table_Royal_Mansour_Tamuda_Bay-M_diq_Tanger_Tetouan_Al_Hoceima.html
(1 review),M'diq,,,0,,,https://www.tripadvisor.com/Restaurant_Review-g3136900-d28012742-Reviews-La_Table_Royal_Mansour_Tamuda_Bay-M_diq_Tanger_Tetouan_Al_Hoceima.html#REVIEWS
"RESTAURANTEl Marinero Restaurant3.53.5 of 5 bubbles(2 reviews)M'diq, Morocco",M'diq,,,0,,,https://www.tripadvisor.com/Restaurant_Review-g3136900-d27798173-Reviews-El_Marinero_Restaurant-M_diq_Tanger_Tetouan_Al_Hoceima.html
(2 reviews),M'diq,,,0,,,https://www.tripadvisor.com/Restaurant_Review-g3136900-d27798173-Reviews-El_Marinero_Restaurant-M_diq_Tanger_Tetouan_Al_Hoceima.html#REVIEWS
"RESTAURANTAl ForatM'diq, Morocco",M'diq,,,0,,,https://www.tripadvisor.com/Restaurant_Review-g3136900-d34504525-Reviews-Al_Forat-M_diq_Tanger_Tetouan_Al_Hoceima.html
"RESTAURANTCafé Y Restauranté La SirenaM'diq, Morocco",M'diq,,,0,,,https://www.tripadvisor.com/Restaurant_Review-g3136900-d33001105-Reviews-Cafe_Y_Restaurante_La_Sirena-M_diq_Tanger_Tetouan_Al_Hoceima.html
"RESTAURANTPool Beach | Royal Mansour Tamuda BayM'diq, Morocco",M'diq,,,0,,,https://www.tripadvisor.com/Restaurant_Review-g3136900-d28012768-Reviews-Pool_Beach_Royal_Mansour_Tamuda_Bay-M_diq_Tanger_Tetouan_Al_Hoceima.html
"RESTAURANTRestaurant Drari D Chwaya1.01 of 5 bubbles(2 reviews)M'diq, Morocco",M'diq,,,0,,,https://www.tripadvisor.com/Restaurant_Review-g3136900-d27975277-Reviews-Restaurant_Drari_D_Chwaya-M_diq_Tanger_Tetouan_Al_Hoceima.html
(2 reviews),M'diq,,,0,,,https://www.tripadvisor.com/Restaurant_Review-g3136900-d27975277-Reviews-Restaurant_Drari_D_Chwaya-M_diq_Tanger_Tetouan_Al_Hoceima.html#REVIEWS
"RESTAURANTMateam Daws MarisM'diq, Morocco",M'diq,,,0,,,https://www.tripadvisor.com/Restaurant_Review-g3136900-d17370426-Reviews-Mateam_Daws_Maris-M_diq_Tanger_Tetouan_Al_Hoceima.html
"RESTAURANTHabiboM'diq, Morocco",M'diq,,,0,,,https://www.tripadvisor.com/Restaurant_Review-g3136900-d34003365-Reviews-Habibo-M_diq_Tanger_Tetouan_Al_Hoceima.html
"RESTAURANTRestaurant MediterraneoM'diq, Morocco",M'diq,,,0,,,https://www.tripadvisor.com/Restaurant_Review-g3136900-d33257679-Reviews-Restaurant_Mediterraneo-M_diq_Tanger_Tetouan_Al_Hoceima.html
"RESTAURANTMatsusakagyu Yakiniku M Houzenji Yokocho4.54.5 of 5 bubbles(1,293 reviews)Namba, Osaka Prefecture, Japan",M'diq,,,0,,,https://www.tripadvisor.com/Restaurant_Review-g14134988-d3270759-Reviews-Matsusakagyu_Yakiniku_M_Houzenji_Yokocho-Namba_Chuo_Osaka_Osaka_Prefecture_Kink.html
"(1,293 reviews)",M'diq,,,0,,,https://www.tripadvisor.com/Restaurant_Review-g14134988-d3270759-Reviews-Matsusakagyu_Yakiniku_M_Houzenji_Yokocho-Namba_Chuo_Osaka_Osaka_Prefecture_Kink.html#REVIEWS
"RESTAURANTM's Pub4.54.5 of 5 bubbles(963 reviews)Omaha, Nebraska",M'diq,,,0,,,https://www.tripadvisor.com/Restaurant_Review-g60885-d402451-Reviews-M_s_Pub-Omaha_Nebraska.html
(963 reviews),M'diq,,,0,,,https://www.tripadvisor.com/Restaurant_Review-g60885-d402451-Reviews-M_s_Pub-Omaha_Nebraska.html#REVIEWS
"RESTAURANTLady M Cake Boutique4.34.3 of 5 bubbles(444 reviews)New York City, New York",M'diq,,,0,,,https://www.tripadvisor.com/Restaurant_Review-g60763-d4714419-Reviews-Lady_M_Cake_Boutique-New_York_City_New_York.html
(444 reviews),M'diq,,,0,,,https://www.tripadvisor.com/Restaurant_Review-g60763-d4714419-Reviews-Lady_M_Cake_Boutique-New_York_City_New_York.html#REVIEWS
"RESTAURANTM Cafe4.74.7 of 5 bubbles(765 reviews)Bengaluru, India",M'diq,,,0,,,https://www.tripadvisor.com/Restaurant_Review-g297628-d4641668-Reviews-M_Cafe-Bengaluru_Bangalore_District_Karnataka.html
(765 reviews),M'diq,,,0,,,https://www.tripadvisor.com/Restaurant_Review-g297628-d4641668-Reviews-M_Cafe-Bengaluru_Bangalore_District_Karnataka.html#REVIEWS
"RESTAURANTM Waterfront Grille4.34.3 of 5 bubbles(935 reviews)Naples, Florida",M'diq,,,0,,,https://www.tripadvisor.com/Restaurant_Review-g34467-d1230920-Reviews-M_Waterfront_Grille-Naples_Florida.html
(935 reviews),M'diq,,,0,,,https://www.tripadvisor.com/Restaurant_Review-g34467-d1230920-Reviews-M_Waterfront_Grille-Naples_Florida.html#REVIEWS
"RESTAURANTLouie M's Burger Lust4.54.5 of 5 bubbles(170 reviews)Omaha, Nebraska",M'diq,,,0,,,https://www.tripadvisor.com/Restaurant_Review-g60885-d872333-Reviews-Louie_M_s_Burger_Lust-Omaha_Nebraska.html
(170 reviews),M'diq,,,0,,,https://www.tripadvisor.com/Restaurant_Review-g60885-d872333-Reviews-Louie_M_s_Burger_Lust-Omaha_Nebraska.html#REVIEWS
(37 reviews),Ouezzane,,,0,,,https://www.tripadvisor.com/Restaurant_Review-g7116287-d20280480-Reviews-Apia_Restaurant-Ouezzane_Tanger_Tetouan_Al_Hoceima.html#REVIEWS
(27 reviews),Ouezzane,,,0,,,https://www.tripadvisor.com/Restaurant_Review-g7116287-d17578281-Reviews-Tout_Chaud-Ouezzane_Tanger_Tetouan_Al_Hoceima.html#REVIEWS
(20 reviews),Ouezzane,,,0,,,https://www.tripadvisor.com/Restaurant_Review-g7116287-d13130259-Reviews-Via_Roma_restaurant_pizzas_and_tacos-Ouezzane_Tanger_Tetouan_Al_Hoceima.html#REVIEWS
(3 reviews),Ouezzane,,,0,,,https://www.tripadvisor.com/Restaurant_Review-g7116287-d17777951-Reviews-Snack_Yatrib-Ouezzane_Tanger_Tetouan_Al_Hoceima.html#REVIEWS
(0 reviews),Ouezzane,,,0,,,https://www.tripadvisor.com/Restaurant_Review-g7116287-d32526637-Reviews-Khilou_Restaurant-Ouezzane_Tanger_Tetouan_Al_Hoceima.html#REVIEWS
(333 reviews),Azrou,,,0,,,https://www.tripadvisor.com/Restaurant_Review-g616013-d12552047-Reviews-Restaurant_HASSAN-Azrou_Meknes_Tafilalet_Region.html#REVIEWS
(35 reviews),Azrou,,,0,,,https://www.tripadvisor.com/Restaurant_Review-g616013-d15644079-Reviews-Restaurant_Al_Hanae-Azrou_Meknes_Tafilalet_Region.html#REVIEWS
(5 reviews),Azrou,,,0,,,https://www.tripadvisor.com/Restaurant_Review-g616013-d26855271-Reviews-Tanilla_Food-Azrou_Meknes_Tafilalet_Region.html#REVIEWS
(8 reviews),Azrou,,,0,,,https://www.tripadvisor.com/Restaurant_Review-g616013-d33105484-Reviews-Snack_La_Foret-Azrou_Meknes_Tafilalet_Region.html#REVIEWS
(3 reviews),Azrou,,,0,,,https://www.tripadvisor.com/Restaurant_Review-g616013-d27433963-Reviews-Restaurant_Aux_Quatres_Saisons-Azrou_Meknes_Tafilalet_Region.html#REVIEWS
(4 reviews),Azrou,,,0,,,https://www.tripadvisor.com/Restaurant_Review-g616013-d33233163-Reviews-Restaurant_Cafe_Les_Cedres_Azrou-Azrou_Meknes_Tafilalet_Region.html#REVIEWS
(1 review),Azrou,,,0,,,https://www.tripadvisor.com/Restaurant_Review-g616013-d34400904-Reviews-Restaurant_Rif_Azrou_marocco-Azrou_Meknes_Tafilalet_Region.html#REVIEWS
(1 review),Azrou,,,0,,,https://www.tripadvisor.com/Restaurant_Review-g616013-d26792243-Reviews-Hossine_Restaurant_Chamal-Azrou_Meknes_Tafilalet_Region.html#REVIEWS
(3 reviews),Azrou,,,0,,,https://www.tripadvisor.com/Restaurant_Review-g616013-d10062844-Reviews-Poissons_Abdelouafi-Azrou_Meknes_Tafilalet_Region.html#REVIEWS
(0 reviews),Azrou,,,0,,,https://www.tripadvisor.com/Restaurant_Review-g616013-d23916555-Reviews-Restaurant_Cuisto-Azrou_Meknes_Tafilalet_Region.html#REVIEWS
(0 reviews),Azrou,,,0,,,https://www.tripadvisor.com/Restaurant_Review-g616013-d5779424-Reviews-Cafe_petrom-Azrou_Meknes_Tafilalet_Region.html#REVIEWS
(0 reviews),Azrou,,,0,,,https://www.tripadvisor.com/Restaurant_Review-g616013-d33233118-Reviews-Hotel_Restaurant_Cafe_Les_Cedres_Azrou-Azrou_Meknes_Tafilalet_Region.html#REVIEWS
(0 reviews),Azrou,,,0,,,https://www.tripadvisor.com/Restaurant_Review-g616013-d27745103-Reviews-Panela-Azrou_Meknes_Tafilalet_Region.html#REVIEWS
Foodies Azrou,Azrou,,,0,,,https://www.tripadvisor.com/Restaurant_Review-g616013-d26161017-Reviews-Foodies_Azrou-Azrou_Meknes_Tafilalet_Region.html
(3 reviews),Sefrou,,,0,,,https://www.tripadvisor.com/Restaurant_Review-g675614-d30231948-Reviews-La_Cerisa-Sefrou_Fez_Meknes.html#REVIEWS
(7 reviews),Sefrou,,,0,,,https://www.tripadvisor.com/Restaurant_Review-g675614-d11847158-Reviews-Restaurant_Essqqaya-Sefrou_Fez_Meknes.html#REVIEWS
(9 reviews),Sefrou,,,0,,,https://www.tripadvisor.com/Restaurant_Review-g675614-d12205673-Reviews-Royal_Tacos-Sefrou_Fez_Meknes.html#REVIEWS
(3 reviews),Sefrou,,,0,,,https://www.tripadvisor.com/Restaurant_Review-g675614-d27950325-Reviews-Agriturismo_Il_Sentiero_Del_Sole-Sefrou_Fez_Meknes.html#REVIEWS
(2 reviews),Sefrou,,,0,,,https://www.tripadvisor.com/Restaurant_Review-g675614-d30230718-Reviews-Boulangerie_La_Cerisa-Sefrou_Fez_Meknes.html#REVIEWS
(0 reviews),Sefrou,,,0,,,https://www.tripadvisor.com/Restaurant_Review-g675614-d26432630-Reviews-Blanco-Sefrou_Fez_Meknes.html#REVIEWS
"RESTAURANTTaza Indian Buffet4.24.2 of 5 bubbles(1,037 reviews)Dundee, Scotland292 mentions ofTaza""…Having visitedTazain Dundee recently, I felt compelled to leave a review…""",Taza,,,0,,,https://www.tripadvisor.com/Restaurant_Review-g186518-d1450855-Reviews-Taza_Indian_Buffet-Dundee_Scotland.html
"(1,037 reviews)",Taza,,,0,,,https://www.tripadvisor.com/Restaurant_Review-g186518-d1450855-Reviews-Taza_Indian_Buffet-Dundee_Scotland.html#REVIEWS
"RESTAURANTTaza4.84.8 of 5 bubbles(318 reviews)Dublin, County Dublin, Ireland117 mentions ofTaza""…LoveTaza, fabulous food that never disappoints.…""",Taza,,,0,,,https://www.tripadvisor.com/Restaurant_Review-g186605-d17181958-Reviews-Taza-Dublin_County_Dublin.html
(318 reviews),Taza,,,0,,,https://www.tripadvisor.com/Restaurant_Review-g186605-d17181958-Reviews-Taza-Dublin_County_Dublin.html#REVIEWS
"RESTAURANTTaza A Lebanese Grill4.54.5 of 5 bubbles(351 reviews)Cleveland, Ohio118 mentions ofTaza""…We then ordered to share the Taste ofTaza- allowing two small eaters…""",Taza,,,0,,,https://www.tripadvisor.com/Restaurant_Review-g50207-d2387210-Reviews-Taza_A_Lebanese_Grill-Cleveland_Ohio.html
(351 reviews),Taza,,,0,,,https://www.tripadvisor.com/Restaurant_Review-g50207-d2387210-Reviews-Taza_A_Lebanese_Grill-Cleveland_Ohio.html#REVIEWS
"RESTAURANTTaza4.34.3 of 5 bubbles(158 reviews)Burgess Hill, West Sussex, England67 mentions ofTaza""…WENT TOTAZAAS WITH FAMILY PARTY ALWAYS BEST SERVICE AND BEST FOOD IN…""",Taza,,,0,,,https://www.tripadvisor.com/Restaurant_Review-g666960-d3136139-Reviews-Taza-Burgess_Hill_West_Sussex_England.html
(158 reviews),Taza,,,0,,,https://www.tripadvisor.com/Restaurant_Review-g666960-d3136139-Reviews-Taza-Burgess_Hill_West_Sussex_England.html#REVIEWS
"RESTAURANTTaza4.74.7 of 5 bubbles(122 reviews)Patan (Lalitpur), Nepal34 mentions ofTaza""…Taza treats are good if you like Syrian dessert but for me it was okay.…""",Taza,,,0,,,https://www.tripadvisor.com/Restaurant_Review-g315764-d9681380-Reviews-Taza-Patan_Lalitpur_Kathmandu_Valley_Bagmati_Zone_Central_Region.html
(122 reviews),Taza,,,0,,,https://www.tripadvisor.com/Restaurant_Review-g315764-d9681380-Reviews-Taza-Patan_Lalitpur_Kathmandu_Valley_Bagmati_Zone_Central_Region.html#REVIEWS
"RESTAURANTTaza Kebab House3.93.9 of 5 bubbles(281 reviews)London, England30 mentions ofTaza""…Free salad is aTazatrademark. New guy (boss ??)…""",Taza,,,0,,,https://www.tripadvisor.com/Restaurant_Review-g186338-d1009460-Reviews-Taza_Kebab_House-London_England.html
(281 reviews),Taza,,,0,,,https://www.tripadvisor.com/Restaurant_Review-g186338-d1009460-Reviews-Taza_Kebab_House-London_England.html#REVIEWS
"RESTAURANTTaza Fresh Table4.44.4 of 5 bubbles(102 reviews)Tagaytay, Philippines41 mentions ofTaza""…. 🥰

We first dined atTazaFresh Table a few years ago, and after coming…""",Taza,,,0,,,https://www.tripadvisor.com/Restaurant_Review-g317121-d7716457-Reviews-Taza_Fresh_Table-Tagaytay_Cavite_Province_Calabarzon_Region_Luzon.html
(102 reviews),Taza,,,0,,,https://www.tripadvisor.com/Restaurant_Review-g317121-d7716457-Reviews-Taza_Fresh_Table-Tagaytay_Cavite_Province_Calabarzon_Region_Luzon.html#REVIEWS
"RESTAURANTTaza A Lebanese Grill4.34.3 of 5 bubbles(164 reviews)Woodmere, Ohio48 mentions ofTaza""…past, we've had consistently great Lebanese lunches and dinners at thisTaza.…""",Taza,,,0,,,https://www.tripadvisor.com/Restaurant_Review-g51172-d1371429-Reviews-Taza_A_Lebanese_Grill-Woodmere_Ohio.html
(164 reviews),Taza,,,0,,,https://www.tripadvisor.com/Restaurant_Review-g51172-d1371429-Reviews-Taza_A_Lebanese_Grill-Woodmere_Ohio.html#REVIEWS
"RESTAURANTLa Taza Coffee & More4.94.9 of 5 bubbles(62 reviews)Saint Augustine Beach, Florida16 mentions ofTaza""…Looking for a great place for a meal or snack please give LaTazaa chance…""",Taza,,,0,,,https://www.tripadvisor.com/Restaurant_Review-g34600-d12230396-Reviews-La_Taza_Coffee_More-Saint_Augustine_Beach_St_Augustine_Florida.html
(62 reviews),Taza,,,0,,,https://www.tripadvisor.com/Restaurant_Review-g34600-d12230396-Reviews-La_Taza_Coffee_More-Saint_Augustine_Beach_St_Augustine_Florida.html#REVIEWS
"RESTAURANTTaza Grill Inc4.34.3 of 5 bubbles(52 reviews)Raleigh, North Carolina15 mentions ofTaza""…Taza grill is a simple place, but the food was delicious and the owner…""",Taza,,,0,,,https://www.tripadvisor.com/Restaurant_Review-g49463-d1804587-Reviews-Taza_Grill_Inc-Raleigh_North_Carolina.html
(52 reviews),Taza,,,0,,,https://www.tripadvisor.com/Restaurant_Review-g49463-d1804587-Reviews-Taza_Grill_Inc-Raleigh_North_Carolina.html#REVIEWS
"RESTAURANTTaza Grill & Bar 2501 Argentia Road4.54.5 of 5 bubbles(84 reviews)Mississauga, Ontario, Canada11 mentions ofTaza""…Second time staying at the hotel and 4th dinner atTazas.…""",Taza,,,0,,,https://www.tripadvisor.com/Restaurant_Review-g154996-d4356337-Reviews-Taza_Grill_Bar_2501_Argentia_Road-Mississauga_Ontario.html
(84 reviews),Taza,,,0,,,https://www.tripadvisor.com/Restaurant_Review-g154996-d4356337-Reviews-Taza_Grill_Bar_2501_Argentia_Road-Mississauga_Ontario.html#REVIEWS
"RESTAURANTTaza Grill4.94.9 of 5 bubbles(29 reviews)Raleigh, North Carolina8 mentions ofTaza""…Everyone who entersTazais greeted with ""Hello Boss!""…""",Taza,,,0,,,https://www.tripadvisor.com/Restaurant_Review-g49463-d7820575-Reviews-Taza_Grill-Raleigh_North_Carolina.html
(29 reviews),Taza,,,0,,,https://www.tripadvisor.com/Restaurant_Review-g49463-d7820575-Reviews-Taza_Grill-Raleigh_North_Carolina.html#REVIEWS
"RESTAURANTTaza4.14.1 of 5 bubbles(19 reviews)Easton, Pennsylvania10 mentions ofTaza""…We hadTazafood truck at Free Will Brewery in Perkasie, PA.…""",Taza,,,0,,,https://www.tripadvisor.com/Restaurant_Review-g52563-d10276418-Reviews-Taza-Easton_Pennsylvania.html
(19 reviews),Taza,,,0,,,https://www.tripadvisor.com/Restaurant_Review-g52563-d10276418-Reviews-Taza-Easton_Pennsylvania.html#REVIEWS
"RESTAURANTTaza Flores4.04 of 5 bubbles(51 reviews)Montreal, Quebec, Canada9 mentions ofTaza""…There was a nice vibe inTazawith the decor and lighting.…""",Taza,,,0,,,https://www.tripadvisor.com/Restaurant_Review-g155032-d811115-Reviews-Taza_Flores-Montreal_Quebec.html
(51 reviews),Taza,,,0,,,https://www.tripadvisor.com/Restaurant_Review-g155032-d811115-Reviews-Taza_Flores-Montreal_Quebec.html#REVIEWS
"RESTAURANTTaza Grill + Bar 5444 Dixie Road4.64.6 of 5 bubbles(136 reviews)Mississauga, Ontario, Canada14 mentions ofTaza""…Had dinner atTazaGrill last night and had a great experience.…""",Taza,,,0,,,https://www.tripadvisor.com/Restaurant_Review-g154996-d1746963-Reviews-Taza_Grill_Bar_5444_Dixie_Road-Mississauga_Ontario.html
(136 reviews),Taza,,,0,,,https://www.tripadvisor.com/Restaurant_Review-g154996-d1746963-Reviews-Taza_Grill_Bar_5444_Dixie_Road-Mississauga_Ontario.html#REVIEWS
"RESTAURANTMi Taza4.54.5 of 5 bubbles(41 reviews)Denton, Texas8 mentions ofTaza""…We enjoy eating at MiTazaeverything is yummy. Service is great.…""",Taza,,,0,,,https://www.tripadvisor.com/Restaurant_Review-g55732-d3800176-Reviews-Mi_Taza-Denton_Texas.html
(41 reviews),Taza,,,0,,,https://www.tripadvisor.com/Restaurant_Review-g55732-d3800176-Reviews-Mi_Taza-Denton_Texas.html#REVIEWS
"RESTAURANTTaza Mediterranean Cuisine4.24.2 of 5 bubbles(22 reviews)Chicago, Illinois8 mentions ofTaza""…When I first triedTazawhat I remembered the most was the quality of the…""",Taza,,,0,,,https://www.tripadvisor.com/Restaurant_Review-g35805-d2532028-Reviews-Taza_Mediterranean_Cuisine-Chicago_Illinois.html
(22 reviews),Taza,,,0,,,https://www.tripadvisor.com/Restaurant_Review-g35805-d2532028-Reviews-Taza_Mediterranean_Cuisine-Chicago_Illinois.html#REVIEWS
"RESTAURANTLa Taza De Cafe4.54.5 of 5 bubbles(67 reviews)San Francisco, Nayarit, Mexico9 mentions ofTaza""…We walked by LaTazaand there were a lot of people seated and it look…""",Taza,,,0,,,https://www.tripadvisor.com/Restaurant_Review-g552077-d9742769-Reviews-La_Taza_De_Cafe-San_Francisco_Pacific_Coast.html
(67 reviews),Taza,,,0,,,https://www.tripadvisor.com/Restaurant_Review-g552077-d9742769-Reviews-La_Taza_De_Cafe-San_Francisco_Pacific_Coast.html#REVIEWS
"RESTAURANTTaza Raheny4.44.4 of 5 bubbles(11 reviews)Raheny, County Dublin, Ireland5 mentions ofTaza""…Thanks againTazaRaheny will definitely be back.…""",Taza,,,0,,,https://www.tripadvisor.com/Restaurant_Review-g1438709-d25179724-Reviews-Taza_Raheny-Raheny_County_Dublin.html
(11 reviews),Taza,,,0,,,https://www.tripadvisor.com/Restaurant_Review-g1438709-d25179724-Reviews-Taza_Raheny-Raheny_County_Dublin.html#REVIEWS
"RESTAURANTTaza Verde Artisanal Coffe5.05 of 5 bubbles(93 reviews)Cusco, Peru3 mentions ofTaza""…I had breakfast atTazaVerde in early July.…""",Taza,,,0,,,https://www.tripadvisor.com/Restaurant_Review-g294314-d34283780-Reviews-Taza_Verde_Artisanal_Coffe-Cusco_Cusco_Region.html
(93 reviews),Taza,,,0,,,https://www.tripadvisor.com/Restaurant_Review-g294314-d34283780-Reviews-Taza_Verde_Artisanal_Coffe-Cusco_Cusco_Region.html#REVIEWS
"RESTAURANTTaza Grill4.44.4 of 5 bubbles(17 reviews)East Lyme, Connecticut7 mentions ofTaza""…Taza Grill has decent Middle Eastern food for lunch & dinner in a strip…""",Taza,,,0,,,https://www.tripadvisor.com/Restaurant_Review-g33770-d13384927-Reviews-Taza_Grill-East_Lyme_Mystic_Country_Connecticut.html
(17 reviews),Taza,,,0,,,https://www.tripadvisor.com/Restaurant_Review-g33770-d13384927-Reviews-Taza_Grill-East_Lyme_Mystic_Country_Connecticut.html#REVIEWS
"RESTAURANTTaza Fresh Grill4.54.5 of 5 bubbles(27 reviews)Southgate, Michigan4 mentions ofTaza""…Taza Fresh Grill has the best chicken shawarma that I have ever had!…""",Taza,,,0,,,https://www.tripadvisor.com/Restaurant_Review-g42722-d4992771-Reviews-Taza_Fresh_Grill-Southgate_Michigan.html
(27 reviews),Taza,,,0,,,https://www.tripadvisor.com/Restaurant_Review-g42722-d4992771-Reviews-Taza_Fresh_Grill-Southgate_Michigan.html#REVIEWS
"RESTAURANTTaza Sky Bar4.44.4 of 5 bubbles(22 reviews)Qawra, Malta5 mentions ofTaza""…We spend a lot of time at theTazaBar in the 10th floor; was great with…""",Taza,,,0,,,https://www.tripadvisor.com/Restaurant_Review-g608947-d14998365-Reviews-Taza_Sky_Bar-Qawra_Island_of_Malta.html
(22 reviews),Taza,,,0,,,https://www.tripadvisor.com/Restaurant_Review-g608947-d14998365-Reviews-Taza_Sky_Bar-Qawra_Island_of_Malta.html#REVIEWS
"RESTAURANTTaza2.32.3 of 5 bubbles(21 reviews)Ayr, South Ayrshire, Scotland6 mentions ofTaza""…I would like to thank theTazamain street Ayr from all at Newton tenants…""",Taza,,,0,,,https://www.tripadvisor.com/Restaurant_Review-g186574-d5312587-Reviews-Taza-Ayr_South_Ayrshire_Ayrshire_Scotland.html
(21 reviews),Taza,,,0,,,https://www.tripadvisor.com/Restaurant_Review-g186574-d5312587-Reviews-Taza-Ayr_South_Ayrshire_Ayrshire_Scotland.html#REVIEWS
"RESTAURANTLa Taza Negra4.74.7 of 5 bubbles(57 reviews)Melaque, Jalisco, Mexico4 mentions ofTaza""…We visited LaTazaNegra's two locations many times while we were in Melaque…""",Taza,,,0,,,https://www.tripadvisor.com/Restaurant_Review-g1015430-d5584431-Reviews-La_Taza_Negra-Melaque_Costalegre.html
(57 reviews),Taza,,,0,,,https://www.tripadvisor.com/Restaurant_Review-g1015430-d5584431-Reviews-La_Taza_Negra-Melaque_Costalegre.html#REVIEWS
"RESTAURANTOaxaca En Una Taza4.54.5 of 5 bubbles(135 reviews)Oaxaca, Oaxaca, Mexico1 mention ofTaza""…Oaxaca en UnaTazaopens a 7 am!…""",Taza,,,0,,,https://www.tripadvisor.com/Restaurant_Review-g150801-d4174338-Reviews-Oaxaca_En_Una_Taza-Oaxaca_Southern_Mexico.html
(135 reviews),Taza,,,0,,,https://www.tripadvisor.com/Restaurant_Review-g150801-d4174338-Reviews-Oaxaca_En_Una_Taza-Oaxaca_Southern_Mexico.html#REVIEWS
"RESTAURANTTaza Express4.14.1 of 5 bubbles(15 reviews)Mississauga, Ontario, Canada3 mentions ofTaza""…Our hotel was nearby, and we enjoy Greek food, so decided to tryTazaExpress…""",Taza,,,0,,,https://www.tripadvisor.com/Restaurant_Review-g154996-d12278167-Reviews-Taza_Express-Mississauga_Ontario.html
(15 reviews),Taza,,,0,,,https://www.tripadvisor.com/Restaurant_Review-g154996-d12278167-Reviews-Taza_Express-Mississauga_Ontario.html#REVIEWS
"RESTAURANTTaza4.34.3 of 5 bubbles(10 reviews)Middleton, Wisconsin4 mentions ofTaza""…We really enjoyedTaza!…""",Taza,,,0,,,https://www.tripadvisor.com/Restaurant_Review-g60090-d25649557-Reviews-Taza-Middleton_Wisconsin.html
(10 reviews),Taza,,,0,,,https://www.tripadvisor.com/Restaurant_Review-g60090-d25649557-Reviews-Taza-Middleton_Wisconsin.html#REVIEWS
"RESTAURANTCafe La Taza4.84.8 of 5 bubbles(19 reviews)Santa Rosa de Copan, Honduras3 mentions ofTaza""…I stayed in Santa Rosa for 10 day and I settle my office at LaTaza.…""",Taza,,,0,,,https://www.tripadvisor.com/Restaurant_Review-g789367-d3462572-Reviews-Cafe_La_Taza-Santa_Rosa_de_Copan_Copan_Department.html
(19 reviews),Taza,,,0,,,https://www.tripadvisor.com/Restaurant_Review-g789367-d3462572-Reviews-Cafe_La_Taza-Santa_Rosa_de_Copan_Copan_Department.html#REVIEWS
"RESTAURANTTaza Tandoori3.83.8 of 5 bubbles(9 reviews)Harris Park, New South Wales, Australia3 mentions ofTaza""…Only time will prove which way it was based on whetherTazaTandoor honours…""",Taza,,,0,,,https://www.tripadvisor.com/Restaurant_Review-g4243129-d4943412-Reviews-Taza_Tandoori-Harris_Park_Parramatta_Greater_Sydney_New_South_Wales.html
(9 reviews),Taza,,,0,,,https://www.tripadvisor.com/Restaurant_Review-g4243129-d4943412-Reviews-Taza_Tandoori-Harris_Park_Parramatta_Greater_Sydney_New_South_Wales.html#REVIEWS
(0 reviews),Taounate,,,0,,,https://www.tripadvisor.com/Restaurant_Review-g7606214-d23422219-Reviews-Hotel_Restaurant_Du_Lac-Taounate_Fez_Meknes.html#REVIEWS
(6 reviews),El Hajeb,,,0,,,https://www.tripadvisor.com/Restaurant_Review-g3219225-d28190652-Reviews-Jardin_D_olivier-El_Hajeb_Meknes_Tafilalet_Region.html#REVIEWS
(2 reviews),El Hajeb,,,0,,,https://www.tripadvisor.com/Restaurant_Review-g3219225-d23673689-Reviews-La_Table_D_amjrar-El_Hajeb_Meknes_Tafilalet_Region.html#REVIEWS
(0 reviews),El Hajeb,,,0,,,https://www.tripadvisor.com/Restaurant_Review-g3219225-d33043305-Reviews-Villa_Des_Chenes-El_Hajeb_Meknes_Tafilalet_Region.html#REVIEWS
(1 review),El Hajeb,,,0,,,https://www.tripadvisor.com/Restaurant_Review-g3219225-d12247994-Reviews-Cafe_Rosa_Delice-El_Hajeb_Meknes_Tafilalet_Region.html#REVIEWS
"RESTAURANTMuseo Larco Cafe Restaurant4.64.6 of 5 bubbles(2,471 reviews)Lima, Peru",El Kelaa des Sraghna,,,0,,,https://www.tripadvisor.com/Restaurant_Review-g294316-d1079640-Reviews-Museo_Larco_Cafe_Restaurant-Lima_Lima_Region.html
"(2,471 reviews)",El Kelaa des Sraghna,,,0,,,https://www.tripadvisor.com/Restaurant_Review-g294316-d1079640-Reviews-Museo_Larco_Cafe_Restaurant-Lima_Lima_Region.html#REVIEWS
"RESTAURANTFrade dos Mares4.84.8 of 5 bubbles(6,038 reviews)Lisbon, Portugal",El Kelaa des Sraghna,,,0,,,https://www.tripadvisor.com/Restaurant_Review-g189158-d2308921-Reviews-Frade_dos_Mares-Lisbon_Lisbon_District_Central_Portugal.html
"(6,038 reviews)",El Kelaa des Sraghna,,,0,,,https://www.tripadvisor.com/Restaurant_Review-g189158-d2308921-Reviews-Frade_dos_Mares-Lisbon_Lisbon_District_Central_Portugal.html#REVIEWS
"RESTAURANTLumi Rooftop4.74.7 of 5 bubbles(1,159 reviews)Lisbon, Portugal",El Kelaa des Sraghna,,,0,,,https://www.tripadvisor.com/Restaurant_Review-g189158-d15198980-Reviews-Lumi_Rooftop-Lisbon_Lisbon_District_Central_Portugal.html
"(1,159 reviews)",El Kelaa des Sraghna,,,0,,,https://www.tripadvisor.com/Restaurant_Review-g189158-d15198980-Reviews-Lumi_Rooftop-Lisbon_Lisbon_District_Central_Portugal.html#REVIEWS
"RESTAURANTI' Girone De' Ghiotti4.94.9 of 5 bubbles(5,145 reviews)Florence, Tuscany, Italy",El Kelaa des Sraghna,,,0,,,https://www.tripadvisor.com/Restaurant_Review-g187895-d12141831-Reviews-I_Girone_De_Ghiotti-Florence_Tuscany.html
"(5,145 reviews)",El Kelaa des Sraghna,,,0,,,https://www.tripadvisor.com/Restaurant_Review-g187895-d12141831-Reviews-I_Girone_De_Ghiotti-Florence_Tuscany.html#REVIEWS
"RESTAURANTEpicure4.84.8 of 5 bubbles(2,992 reviews)Paris, Ile-de-France, France",El Kelaa des Sraghna,,,0,,,https://www.tripadvisor.com/Restaurant_Review-g187147-d719052-Reviews-Epicure-Paris_Ile_de_France.html
"(2,992 reviews)",El Kelaa des Sraghna,,,0,,,https://www.tripadvisor.com/Restaurant_Review-g187147-d719052-Reviews-Epicure-Paris_Ile_de_France.html#REVIEWS
"RESTAURANTSocial Bar And Restaurant4.94.9 of 5 bubbles(2,447 reviews)Lima, Peru",El Kelaa des Sraghna,,,0,,,https://www.tripadvisor.com/Restaurant_Review-g294316-d7243521-Reviews-Social_Bar_And_Restaurant-Lima_Lima_Region.html
"(2,447 reviews)",El Kelaa des Sraghna,,,0,,,https://www.tripadvisor.com/Restaurant_Review-g294316-d7243521-Reviews-Social_Bar_And_Restaurant-Lima_Lima_Region.html#REVIEWS
"RESTAURANTZenith Caffè - Barcelona4.84.8 of 5 bubbles(3,040 reviews)Barcelona, Catalonia, Spain",El Kelaa des Sraghna,,,0,,,https://www.tripadvisor.com/Restaurant_Review-g187497-d23531482-Reviews-Zenith_Caffe_Barcelona-Barcelona_Catalonia.html
"(3,040 reviews)",El Kelaa des Sraghna,,,0,,,https://www.tripadvisor.com/Restaurant_Review-g187497-d23531482-Reviews-Zenith_Caffe_Barcelona-Barcelona_Catalonia.html#REVIEWS
"RESTAURANTAstrid & Gastón4.44.4 of 5 bubbles(6,937 reviews)Lima, Peru",El Kelaa des Sraghna,,,0,,,https://www.tripadvisor.com/Restaurant_Review-g294316-d789991-Reviews-Astrid_Gaston-Lima_Lima_Region.html
"(6,937 reviews)",El Kelaa des Sraghna,,,0,,,https://www.tripadvisor.com/Restaurant_Review-g294316-d789991-Reviews-Astrid_Gaston-Lima_Lima_Region.html#REVIEWS
"RESTAURANTTour d'Argent4.54.5 of 5 bubbles(3,048 reviews)Paris, Ile-de-France, France",El Kelaa des Sraghna,,,0,,,https://www.tripadvisor.com/Restaurant_Review-g187147-d718750-Reviews-Tour_d_Argent-Paris_Ile_de_France.html
"(3,048 reviews)",El Kelaa des Sraghna,,,0,,,https://www.tripadvisor.com/Restaurant_Review-g187147-d718750-Reviews-Tour_d_Argent-Paris_Ile_de_France.html#REVIEWS
"RESTAURANT114 Faubourg4.74.7 of 5 bubbles(2,029 reviews)Paris, Ile-de-France, France",El Kelaa des Sraghna,,,0,,,https://www.tripadvisor.com/Restaurant_Review-g187147-d2013853-Reviews-114_Faubourg-Paris_Ile_de_France.html
"(2,029 reviews)",El Kelaa des Sraghna,,,0,,,https://www.tripadvisor.com/Restaurant_Review-g187147-d2013853-Reviews-114_Faubourg-Paris_Ile_de_France.html#REVIEWS
"RESTAURANTBar Cañete4.54.5 of 5 bubbles(3,397 reviews)Barcelona, Catalonia, Spain",El Kelaa des Sraghna,,,0,,,https://www.tripadvisor.com/Restaurant_Review-g187497-d1905775-Reviews-Bar_Canete-Barcelona_Catalonia.html
"(3,397 reviews)",El Kelaa des Sraghna,,,0,,,https://www.tripadvisor.com/Restaurant_Review-g187497-d1905775-Reviews-Bar_Canete-Barcelona_Catalonia.html#REVIEWS
"RESTAURANTMadame Brasserie4.44.4 of 5 bubbles(4,297 reviews)Paris, Ile-de-France, France",El Kelaa des Sraghna,,,0,,,https://www.tripadvisor.com/Restaurant_Review-g187147-d23969077-Reviews-Madame_Brasserie-Paris_Ile_de_France.html
"(4,297 reviews)",El Kelaa des Sraghna,,,0,,,https://www.tripadvisor.com/Restaurant_Review-g187147-d23969077-Reviews-Madame_Brasserie-Paris_Ile_de_France.html#REVIEWS
"RESTAURANTPiazza Italia By Storia D'Amore Calle 934.94.9 of 5 bubbles(3,673 reviews)Bogota, Colombia",El Kelaa des Sraghna,,,0,,,https://www.tripadvisor.com/Restaurant_Review-g294074-d23646846-Reviews-Piazza_Italia_By_Storia_D_Amore_Calle_93-Bogota.html
"(3,673 reviews)",El Kelaa des Sraghna,,,0,,,https://www.tripadvisor.com/Restaurant_Review-g294074-d23646846-Reviews-Piazza_Italia_By_Storia_D_Amore_Calle_93-Bogota.html#REVIEWS
"RESTAURANTTasca Maria4.74.7 of 5 bubbles(583 reviews)Figueira da Foz, Portugal",El Kelaa des Sraghna,,,0,,,https://www.tripadvisor.com/Restaurant_Review-g189146-d14175121-Reviews-Tasca_Maria-Figueira_da_Foz_Coimbra_District_Central_Portugal.html
(583 reviews),El Kelaa des Sraghna,,,0,,,https://www.tripadvisor.com/Restaurant_Review-g189146-d14175121-Reviews-Tasca_Maria-Figueira_da_Foz_Coimbra_District_Central_Portugal.html#REVIEWS
"RESTAURANTMaido4.64.6 of 5 bubbles(4,180 reviews)Lima, Peru",El Kelaa des Sraghna,,,0,,,https://www.tripadvisor.com/Restaurant_Review-g294316-d1759465-Reviews-Maido-Lima_Lima_Region.html
"(4,180 reviews)",El Kelaa des Sraghna,,,0,,,https://www.tripadvisor.com/Restaurant_Review-g294316-d1759465-Reviews-Maido-Lima_Lima_Region.html#REVIEWS
"RESTAURANTRestaurante Oxala4.64.6 of 5 bubbles(1,608 reviews)Ovar, Portugal",El Kelaa des Sraghna,,,0,,,https://www.tripadvisor.com/Restaurant_Review-g1600882-d1675057-Reviews-Restaurante_Oxala-Ovar_Aveiro_District_Northern_Portugal.html
"(1,608 reviews)",El Kelaa des Sraghna,,,0,,,https://www.tripadvisor.com/Restaurant_Review-g1600882-d1675057-Reviews-Restaurante_Oxala-Ovar_Aveiro_District_Northern_Portugal.html#REVIEWS
"RESTAURANTTierra Restaurante - Chapinero4.94.9 of 5 bubbles(3,513 reviews)Bogota, Colombia",El Kelaa des Sraghna,,,0,,,https://www.tripadvisor.com/Restaurant_Review-g294074-d19710286-Reviews-Tierra_Restaurante_Chapinero-Bogota.html
"(3,513 reviews)",El Kelaa des Sraghna,,,0,,,https://www.tripadvisor.com/Restaurant_Review-g294074-d19710286-Reviews-Tierra_Restaurante_Chapinero-Bogota.html#REVIEWS
"RESTAURANTSolar Dos Amigos4.64.6 of 5 bubbles(1,852 reviews)Caldas da Rainha, Portugal",El Kelaa des Sraghna,,,0,,,https://www.tripadvisor.com/Restaurant_Review-g663836-d2556056-Reviews-Solar_Dos_Amigos-Caldas_da_Rainha_Leiria_District_Central_Portugal.html
"(1,852 reviews)",El Kelaa des Sraghna,,,0,,,https://www.tripadvisor.com/Restaurant_Review-g663836-d2556056-Reviews-Solar_Dos_Amigos-Caldas_da_Rainha_Leiria_District_Central_Portugal.html#REVIEWS
"RESTAURANTLe Grand Colbert3.93.9 of 5 bubbles(3,012 reviews)Paris, Ile-de-France, France",El Kelaa des Sraghna,,,0,,,https://www.tripadvisor.com/Restaurant_Review-g187147-d719130-Reviews-Le_Grand_Colbert-Paris_Ile_de_France.html
"(3,012 reviews)",El Kelaa des Sraghna,,,0,,,https://www.tripadvisor.com/Restaurant_Review-g187147-d719130-Reviews-Le_Grand_Colbert-Paris_Ile_de_France.html#REVIEWS
"RESTAURANTCarette Paris3.93.9 of 5 bubbles(1,648 reviews)Paris, Ile-de-France, France",El Kelaa des Sraghna,,,0,,,https://www.tripadvisor.com/Restaurant_Review-g187147-d1035619-Reviews-Carette_Paris-Paris_Ile_de_France.html
"(1,648 reviews)",El Kelaa des Sraghna,,,0,,,https://www.tripadvisor.com/Restaurant_Review-g187147-d1035619-Reviews-Carette_Paris-Paris_Ile_de_France.html#REVIEWS
"RESTAURANTSolar dos Presuntos4.24.2 of 5 bubbles(6,621 reviews)Lisbon, Portugal",El Kelaa des Sraghna,,,0,,,https://www.tripadvisor.com/Restaurant_Review-g189158-d1058428-Reviews-Solar_dos_Presuntos-Lisbon_Lisbon_District_Central_Portugal.html
"(6,621 reviews)",El Kelaa des Sraghna,,,0,,,https://www.tripadvisor.com/Restaurant_Review-g189158-d1058428-Reviews-Solar_dos_Presuntos-Lisbon_Lisbon_District_Central_Portugal.html#REVIEWS
"RESTAURANTLe Bouillon Chartier Grands Boulevards3.73.7 of 5 bubbles(17,404 reviews)Paris, Ile-de-France, France",El Kelaa des Sraghna,,,0,,,https://www.tripadvisor.com/Restaurant_Review-g187147-d714938-Reviews-Le_Bouillon_Chartier_Grands_Boulevards-Paris_Ile_de_France.html
"(17,404 reviews)",El Kelaa des Sraghna,,,0,,,https://www.tripadvisor.com/Restaurant_Review-g187147-d714938-Reviews-Le_Bouillon_Chartier_Grands_Boulevards-Paris_Ile_de_France.html#REVIEWS
"RESTAURANTCon Gracia4.84.8 of 5 bubbles(2,724 reviews)Barcelona, Catalonia, Spain",El Kelaa des Sraghna,,,0,,,https://www.tripadvisor.com/Restaurant_Review-g187497-d697505-Reviews-Con_Gracia-Barcelona_Catalonia.html
"(2,724 reviews)",El Kelaa des Sraghna,,,0,,,https://www.tripadvisor.com/Restaurant_Review-g187497-d697505-Reviews-Con_Gracia-Barcelona_Catalonia.html#REVIEWS
"RESTAURANTColom4.64.6 of 5 bubbles(10,671 reviews)Barcelona, Catalonia, Spain",El Kelaa des Sraghna,,,0,,,https://www.tripadvisor.com/Restaurant_Review-g187497-d3179219-Reviews-Colom-Barcelona_Catalonia.html
"(10,671 reviews)",El Kelaa des Sraghna,,,0,,,https://www.tripadvisor.com/Restaurant_Review-g187497-d3179219-Reviews-Colom-Barcelona_Catalonia.html#REVIEWS
"RESTAURANTBoutary4.94.9 of 5 bubbles(2,115 reviews)Paris, Ile-de-France, France",El Kelaa des Sraghna,,,0,,,https://www.tripadvisor.com/Restaurant_Review-g187147-d9783452-Reviews-Boutary-Paris_Ile_de_France.html
"(2,115 reviews)",El Kelaa des Sraghna,,,0,,,https://www.tripadvisor.com/Restaurant_Review-g187147-d9783452-Reviews-Boutary-Paris_Ile_de_France.html#REVIEWS
"RESTAURANTFloresta Das Escadinhas4.84.8 of 5 bubbles(7,351 reviews)Lisbon, Portugal",El Kelaa des Sraghna,,,0,,,https://www.tripadvisor.com/Restaurant_Review-g189158-d1520116-Reviews-Floresta_Das_Escadinhas-Lisbon_Lisbon_District_Central_Portugal.html
"(7,351 reviews)",El Kelaa des Sraghna,,,0,,,https://www.tripadvisor.com/Restaurant_Review-g189158-d1520116-Reviews-Floresta_Das_Escadinhas-Lisbon_Lisbon_District_Central_Portugal.html#REVIEWS
"RESTAURANTBlu Bar4.94.9 of 5 bubbles(2,904 reviews)Barcelona, Catalonia, Spain",El Kelaa des Sraghna,,,0,,,https://www.tripadvisor.com/Restaurant_Review-g187497-d13423033-Reviews-Blu_Bar-Barcelona_Catalonia.html
"(2,904 reviews)",El Kelaa des Sraghna,,,0,,,https://www.tripadvisor.com/Restaurant_Review-g187497-d13423033-Reviews-Blu_Bar-Barcelona_Catalonia.html#REVIEWS
"RESTAURANTEl Capricho4.04 of 5 bubbles(2,115 reviews)Jimenez de Jamuz, Castile and Leon, Spain",El Kelaa des Sraghna,,,0,,,https://www.tripadvisor.com/Restaurant_Review-g1941043-d878283-Reviews-El_Capricho-Jimenez_de_Jamuz_Province_of_Leon_Castile_and_Leon.html
"(2,115 reviews)",El Kelaa des Sraghna,,,0,,,https://www.tripadvisor.com/Restaurant_Review-g1941043-d878283-Reviews-El_Capricho-Jimenez_de_Jamuz_Province_of_Leon_Castile_and_Leon.html#REVIEWS
"RESTAURANTCafé des Artistes4.74.7 of 5 bubbles(7,423 reviews)Puerto Vallarta, Jalisco, Mexico",El Kelaa des Sraghna,,,0,,,https://www.tripadvisor.com/Restaurant_Review-g150793-d801179-Reviews-Cafe_des_Artistes-Puerto_Vallarta.html
"(7,423 reviews)",El Kelaa des Sraghna,,,0,,,https://www.tripadvisor.com/Restaurant_Review-g150793-d801179-Reviews-Cafe_des_Artistes-Puerto_Vallarta.html#REVIEWS
"RESTAURANTPiattelli Winery - Cafayate, Salta4.74.7 of 5 bubbles(3,471 reviews)Cafayate, Province of Salta, Argentina",El Kelaa des Sraghna,,,0,,,https://www.tripadvisor.com/Restaurant_Review-g317027-d4128601-Reviews-Piattelli_Winery_Cafayate_Salta-Cafayate_Province_of_Salta_Northern_Argentina.html
"(3,471 reviews)",El Kelaa des Sraghna,,,0,,,https://www.tripadvisor.com/Restaurant_Review-g317027-d4128601-Reviews-Piattelli_Winery_Cafayate_Salta-Cafayate_Province_of_Salta_Northern_Argentina.html#REVIEWS
(97 reviews),Inezgane,,,0,,,https://www.tripadvisor.com/Restaurant_Review-g293731-d34241484-Reviews-Coup_de_Foudre-Agadir_Souss_Massa.html#REVIEWS
(125 reviews),Inezgane,,,0,,,https://www.tripadvisor.com/Restaurant_Review-g293731-d23811597-Reviews-Spagos_Pool_Bar-Agadir_Souss_Massa.html#REVIEWS
(49 reviews),Inezgane,,,0,,,https://www.tripadvisor.com/Restaurant_Review-g1432334-d8856644-Reviews-Dar_Maktoub-Inezgane_Agadir_Souss_Massa.html#REVIEWS
(32 reviews),Inezgane,,,0,,,https://www.tripadvisor.com/Restaurant_Review-g1432334-d2280730-Reviews-La_Pergola-Inezgane_Agadir_Souss_Massa.html#REVIEWS
(1 review),Inezgane,,,0,,,https://www.tripadvisor.com/Restaurant_Review-g1432334-d25336760-Reviews-TISLEMT_CAFE_RESTAURANT-Inezgane_Agadir_Souss_Massa.html#REVIEWS
(0 reviews),Inezgane,,,0,,,https://www.tripadvisor.com/Restaurant_Review-g1432334-d10821301-Reviews-The_Comfort_Cafe-Inezgane_Agadir_Souss_Massa.html#REVIEWS
(0 reviews),Inezgane,,,0,,,https://www.tripadvisor.com/Restaurant_Review-g1432334-d27701639-Reviews-Atun_Dcheira-Inezgane_Agadir_Souss_Massa.html#REVIEWS
(0 reviews),Inezgane,,,0,,,https://www.tripadvisor.com/Restaurant_Review-g1432334-d20159584-Reviews-Cook_team-Inezgane_Agadir_Souss_Massa.html#REVIEWS
(3 reviews),Ait Melloul,,,0,,,https://www.tripadvisor.com/Restaurant_Review-g3213165-d23196303-Reviews-Le_Petit_Jour_Et_Nuit-Ait_Melloul_Agadir_Souss_Massa.html#REVIEWS
(8 reviews),Ait Melloul,,,0,,,https://www.tripadvisor.com/Restaurant_Review-g3213165-d23910475-Reviews-Center_Park_Agadir-Ait_Melloul_Agadir_Souss_Massa.html#REVIEWS
(0 reviews),Ait Melloul,,,0,,,https://www.tripadvisor.com/Restaurant_Review-g3213165-d28792008-Reviews-Diafat_Admine-Ait_Melloul_Agadir_Souss_Massa.html#REVIEWS
(395 reviews),Taroudant,,,0,,,https://www.tripadvisor.com/Restaurant_Review-g1183132-d1966051-Reviews-Riad_Maryam_Restaurant-Taroudant_Souss_Massa.html#REVIEWS
(204 reviews),Taroudant,,,0,,,https://www.tripadvisor.com/Restaurant_Review-g1183132-d14989915-Reviews-Complexe_El_Kasbah-Taroudant_Souss_Massa.html#REVIEWS
(63 reviews),Taroudant,,,0,,,https://www.tripadvisor.com/Restaurant_Review-g1183132-d23850050-Reviews-Restaurant_Bar_Les_Jardins_De_Taroudant-Taroudant_Souss_Massa.html#REVIEWS
(247 reviews),Taroudant,,,0,,,https://www.tripadvisor.com/Restaurant_Review-g1183132-d2374406-Reviews-Riad_Dar_Zitoune-Taroudant_Souss_Massa.html#REVIEWS
(22 reviews),Taroudant,,,0,,,https://www.tripadvisor.com/Restaurant_Review-g1183132-d3595092-Reviews-Restaurant_La_Belle_Vue-Taroudant_Souss_Massa.html#REVIEWS
(10 reviews),Taroudant,,,0,,,https://www.tripadvisor.com/Restaurant_Review-g1183132-d33009471-Reviews-Espace_Ecologique_Taoutanant-Taroudant_Souss_Massa.html#REVIEWS
(12 reviews),Taroudant,,,0,,,https://www.tripadvisor.com/Restaurant_Review-g1183132-d19865399-Reviews-Riad_Le_Moulin_Taroudant-Taroudant_Souss_Massa.html#REVIEWS
(127 reviews),Taroudant,,,0,,,https://www.tripadvisor.com/Restaurant_Review-g1183132-d3158705-Reviews-Cafe_Restaurant_Jnane_Soussia-Taroudant_Souss_Massa.html#REVIEWS
(18 reviews),Taroudant,,,0,,,https://www.tripadvisor.com/Restaurant_Review-g1183132-d13331670-Reviews-Le_Palais_Oumensour_Restaurant_Et_Cafe-Taroudant_Souss_Massa.html#REVIEWS
(8 reviews),Taroudant,,,0,,,https://www.tripadvisor.com/Restaurant_Review-g1183132-d15006234-Reviews-Cafe_et_Restaurant_Attadamoune-Taroudant_Souss_Massa.html#REVIEWS
(6 reviews),Taroudant,,,0,,,https://www.tripadvisor.com/Restaurant_Review-g1183132-d23758238-Reviews-Jus_Snack_Imim-Taroudant_Souss_Massa.html#REVIEWS
(1 review),Taroudant,,,0,,,https://www.tripadvisor.com/Restaurant_Review-g1183132-d26785328-Reviews-Chouwaya_Tinzert-Taroudant_Souss_Massa.html#REVIEWS
(3 reviews),Taroudant,,,0,,,https://www.tripadvisor.com/Restaurant_Review-g1183132-d23469109-Reviews-Espace_Lastah-Taroudant_Souss_Massa.html#REVIEWS
(16 reviews),Taroudant,,,0,,,https://www.tripadvisor.com/Restaurant_Review-g1183132-d3237799-Reviews-Riad_Hida-Taroudant_Souss_Massa.html#REVIEWS
(5 reviews),Taroudant,,,0,,,https://www.tripadvisor.com/Restaurant_Review-g1183132-d24070019-Reviews-O_Jardin_Cafe_restaurant-Taroudant_Souss_Massa.html#REVIEWS
(1 review),Taroudant,,,0,,,https://www.tripadvisor.com/Restaurant_Review-g1183132-d27495651-Reviews-Blue_Garden-Taroudant_Souss_Massa.html#REVIEWS
(13 reviews),Taroudant,,,0,,,https://www.tripadvisor.com/Restaurant_Review-g1183132-d6414755-Reviews-Boulangerie_Patisserie_El_Widad-Taroudant_Souss_Massa.html#REVIEWS
(23 reviews),Taroudant,,,0,,,https://www.tripadvisor.com/Restaurant_Review-g1183132-d2045727-Reviews-Hotel_Roudani-Taroudant_Souss_Massa.html#REVIEWS
(0 reviews),Taroudant,,,0,,,https://www.tripadvisor.com/Restaurant_Review-g1183132-d25086467-Reviews-Taroudannt_Paradise_Somepi-Taroudant_Souss_Massa.html#REVIEWS
(74 reviews),Taroudant,,,0,,,https://www.tripadvisor.com/Restaurant_Review-g1183132-d4470655-Reviews-Les_arcades-Taroudant_Souss_Massa.html#REVIEWS
(4 reviews),Taroudant,,,0,,,https://www.tripadvisor.com/Restaurant_Review-g1183132-d15848339-Reviews-Assaraya_Cafe_Restaurant-Taroudant_Souss_Massa.html#REVIEWS
(1 review),Taroudant,,,0,,,https://www.tripadvisor.com/Restaurant_Review-g1183132-d32800943-Reviews-Stop_Cafe-Taroudant_Souss_Massa.html#REVIEWS
(2 reviews),Taroudant,,,0,,,https://www.tripadvisor.com/Restaurant_Review-g1183132-d21016070-Reviews-Achkid-Taroudant_Souss_Massa.html#REVIEWS
(4 reviews),Taroudant,,,0,,,https://www.tripadvisor.com/Restaurant_Review-g1183132-d23228355-Reviews-Du_Cote_De_Zaouia-Taroudant_Souss_Massa.html#REVIEWS
(9 reviews),Taroudant,,,0,,,https://www.tripadvisor.com/Restaurant_Review-g1183132-d2166795-Reviews-Yasmina-Taroudant_Souss_Massa.html#REVIEWS
(2 reviews),Taroudant,,,0,,,https://www.tripadvisor.com/Restaurant_Review-g1183132-d23629211-Reviews-Cafe_Restaurant_Noblesse-Taroudant_Souss_Massa.html#REVIEWS
(0 reviews),Taroudant,,,0,,,https://www.tripadvisor.com/Restaurant_Review-g1183132-d27498273-Reviews-Kasba_Et_Oasis_De_Tioute-Taroudant_Souss_Massa.html#REVIEWS
(1 review),Taroudant,,,0,,,https://www.tripadvisor.com/Restaurant_Review-g1183132-d33353831-Reviews-Hb_For_Food-Taroudant_Souss_Massa.html#REVIEWS
(1 review),Taroudant,,,0,,,https://www.tripadvisor.com/Restaurant_Review-g1183132-d21014634-Reviews-Achkid-Taroudant_Souss_Massa.html#REVIEWS
(2 reviews),Taroudant,,,0,,,https://www.tripadvisor.com/Restaurant_Review-g1183132-d14064311-Reviews-Bab_Kasba_Cafe-Taroudant_Souss_Massa.html#REVIEWS
(0 reviews),Taroudant,,,0,,,https://www.tripadvisor.com/Restaurant_Review-g1183132-d18935756-Reviews-Riad_Taroudant-Taroudant_Souss_Massa.html#REVIEWS
(376 reviews),Tiznit,,,0,,,https://www.tripadvisor.com/Restaurant_Review-g612354-d7885830-Reviews-A_l_ombre_du_figuier-Tiznit_Souss_Massa.html#REVIEWS
(149 reviews),Tiznit,,,0,,,https://www.tripadvisor.com/Restaurant_Review-g612354-d7987513-Reviews-Restaurant_Riad_Le_Lieu_Tiznit-Tiznit_Souss_Massa.html#REVIEWS
(16 reviews),Tiznit,,,0,,,https://www.tripadvisor.com/Restaurant_Review-g612354-d21009964-Reviews-Trenta_Tiznit_Cafe_Restaurant_fish_poissons_fruits_de_mer-Tiznit_Souss_Massa.html#REVIEWS
(24 reviews),Tiznit,,,0,,,https://www.tripadvisor.com/Restaurant_Review-g612354-d12058931-Reviews-Tiznit_Pizza-Tiznit_Souss_Massa.html#REVIEWS
(36 reviews),Tiznit,,,0,,,https://www.tripadvisor.com/Restaurant_Review-g612354-d11861488-Reviews-Restaurant_Al_Amal-Tiznit_Souss_Massa.html#REVIEWS
(6 reviews),Tiznit,,,0,,,https://www.tripadvisor.com/Restaurant_Review-g612354-d28473270-Reviews-La_Ferme_Turtite-Tiznit_Souss_Massa.html#REVIEWS
(2 reviews),Tiznit,,,0,,,https://www.tripadvisor.com/Restaurant_Review-g612354-d27867518-Reviews-Cremavera_Tiznit_Cremerie_Fastfood-Tiznit_Souss_Massa.html#REVIEWS
(1 review),Tiznit,,,0,,,https://www.tripadvisor.com/Restaurant_Review-g612354-d15104829-Reviews-Riad_Janoub_Restaurant-Tiznit_Souss_Massa.html#REVIEWS
(7 reviews),Tiznit,,,0,,,https://www.tripadvisor.com/Restaurant_Review-g612354-d27417499-Reviews-Pizza_Pasta_Souleyman-Tiznit_Souss_Massa.html#REVIEWS
(14 reviews),Tiznit,,,0,,,https://www.tripadvisor.com/Restaurant_Review-g612354-d17752822-Reviews-Resto_Pecheur-Tiznit_Souss_Massa.html#REVIEWS
(3 reviews),Tiznit,,,0,,,https://www.tripadvisor.com/Restaurant_Review-g612354-d15680810-Reviews-Grillade_Nahda_Tiznit-Tiznit_Souss_Massa.html#REVIEWS
(3 reviews),Tiznit,,,0,,,https://www.tripadvisor.com/Restaurant_Review-g612354-d32973529-Reviews-Snack_Pizzeria_Idir-Tiznit_Souss_Massa.html#REVIEWS
(2 reviews),Tiznit,,,0,,,https://www.tripadvisor.com/Restaurant_Review-g612354-d17291711-Reviews-Twist_Food_Tiznit-Tiznit_Souss_Massa.html#REVIEWS
(0 reviews),Tiznit,,,0,,,https://www.tripadvisor.com/Restaurant_Review-g612354-d26583310-Reviews-Riad_Asrir-Tiznit_Souss_Massa.html#REVIEWS
(1 review),Tiznit,,,0,,,https://www.tripadvisor.com/Restaurant_Review-g612354-d19748460-Reviews-Snap_Pizza_Tiznit-Tiznit_Souss_Massa.html#REVIEWS
(13 reviews),Tiznit,,,0,,,https://www.tripadvisor.com/Restaurant_Review-g612354-d12072839-Reviews-La_Ville_Nouvelle-Tiznit_Souss_Massa.html#REVIEWS
(7 reviews),Tiznit,,,0,,,https://www.tripadvisor.com/Restaurant_Review-g612354-d17724357-Reviews-Kwis_Laz-Tiznit_Souss_Massa.html#REVIEWS
(1 review),Tiznit,,,0,,,https://www.tripadvisor.com/Restaurant_Review-g612354-d34023144-Reviews-Comping_Paradis-Tiznit_Souss_Massa.html#REVIEWS
(5 reviews),Tiznit,,,0,,,https://www.tripadvisor.com/Restaurant_Review-g612354-d15583969-Reviews-Espace_Asrir-Tiznit_Souss_Massa.html#REVIEWS
(5 reviews),Tiznit,,,0,,,https://www.tripadvisor.com/Restaurant_Review-g612354-d8145510-Reviews-Well_Center_Riad_Auberge_Assounfou-Tiznit_Souss_Massa.html#REVIEWS
(1 review),Tiznit,,,0,,,https://www.tripadvisor.com/Restaurant_Review-g612354-d28931780-Reviews-La_Ferme_Turtite-Tiznit_Souss_Massa.html#REVIEWS
(5 reviews),Tiznit,,,0,,,https://www.tripadvisor.com/Restaurant_Review-g612354-d8564712-Reviews-Oasis_Afriquia_Cafe_Restaurant-Tiznit_Souss_Massa.html#REVIEWS
(8 reviews),Tiznit,,,0,,,https://www.tripadvisor.com/Restaurant_Review-g612354-d12070883-Reviews-La_Ville_Nouvelle-Tiznit_Souss_Massa.html#REVIEWS
(0 reviews),Tiznit,,,0,,,https://www.tripadvisor.com/Restaurant_Review-g612354-d12207392-Reviews-Cafe_iMouza-Tiznit_Souss_Massa.html#REVIEWS
(1 review),Tiznit,,,0,,,https://www.tripadvisor.com/Restaurant_Review-g612354-d23255766-Reviews-Superette_Tiznit-Tiznit_Souss_Massa.html#REVIEWS
(1 review),Tiznit,,,0,,,https://www.tripadvisor.com/Restaurant_Review-g612354-d14037843-Reviews-Snack_Ahmed-Tiznit_Souss_Massa.html#REVIEWS
(2 reviews),Tiznit,,,0,,,https://www.tripadvisor.com/Restaurant_Review-g612354-d7806450-Reviews-Anoual_Souss-Tiznit_Souss_Massa.html#REVIEWS
(0 reviews),Tiznit,,,0,,,https://www.tripadvisor.com/Restaurant_Review-g612354-d25065786-Reviews-Snack_Al_Amal-Tiznit_Souss_Massa.html#REVIEWS
(0 reviews),Tiznit,,,0,,,https://www.tripadvisor.com/Restaurant_Review-g612354-d20989785-Reviews-Fast_Food_ADRAR-Tiznit_Souss_Massa.html#REVIEWS
(0 reviews),Tiznit,,,0,,,https://www.tripadvisor.com/Restaurant_Review-g612354-d19283963-Reviews-Mister_fo_od-Tiznit_Souss_Massa.html#REVIEWS
"RESTAURANTRestaurant Valentine4.84.8 of 5 bubbles(23 reviews)Ait Baha, Morocco",Chtouka Ait Baha,,,0,,,https://www.tripadvisor.com/Restaurant_Review-g944430-d2158638-Reviews-Restaurant_Valentine-Ait_Baha_Souss_Massa.html
(23 reviews),Chtouka Ait Baha,,,0,,,https://www.tripadvisor.com/Restaurant_Review-g944430-d2158638-Reviews-Restaurant_Valentine-Ait_Baha_Souss_Massa.html#REVIEWS
"RESTAURANTTodgha MyhouseAit Baha, Morocco",Chtouka Ait Baha,,,0,,,https://www.tripadvisor.com/Restaurant_Review-g944430-d19985877-Reviews-Todgha_Myhouse-Ait_Baha_Souss_Massa.html
"RESTAURANTCafe Restaurant Napoli3.03 of 5 bubbles(1 review)Ait Baha, Morocco",Chtouka Ait Baha,,,0,,,https://www.tripadvisor.com/Restaurant_Review-g944430-d12394421-Reviews-Cafe_Restaurant_Napoli-Ait_Baha_Souss_Massa.html
(1 review),Chtouka Ait Baha,,,0,,,https://www.tripadvisor.com/Restaurant_Review-g944430-d12394421-Reviews-Cafe_Restaurant_Napoli-Ait_Baha_Souss_Massa.html#REVIEWS
"RESTAURANTMarcus At Baha Mar Fish + Chop House4.84.8 of 5 bubbles(967 reviews)Nassau, Bahamas",Chtouka Ait Baha,,,0,,,https://www.tripadvisor.com/Restaurant_Review-g147416-d23474625-Reviews-Marcus_At_Baha_Mar_Fish_Chop_House-Nassau_New_Providence_Island_Bahamas.html
(967 reviews),Chtouka Ait Baha,,,0,,,https://www.tripadvisor.com/Restaurant_Review-g147416-d23474625-Reviews-Marcus_At_Baha_Mar_Fish_Chop_House-Nassau_New_Providence_Island_Bahamas.html#REVIEWS
"RESTAURANTBaha4.14.1 of 5 bubbles(1,059 reviews)Bowness-on-Windermere, Cumbria, England",Chtouka Ait Baha,,,0,,,https://www.tripadvisor.com/Restaurant_Review-g190820-d12708513-Reviews-Baha-Bowness_on_Windermere_Lake_District_Cumbria_England.html
"(1,059 reviews)",Chtouka Ait Baha,,,0,,,https://www.tripadvisor.com/Restaurant_Review-g190820-d12708513-Reviews-Baha-Bowness_on_Windermere_Lake_District_Cumbria_England.html#REVIEWS
"RESTAURANTBA-HA4.64.6 of 5 bubbles(170 reviews)Birmingham, West Midlands, England",Chtouka Ait Baha,,,0,,,https://www.tripadvisor.com/Restaurant_Review-g186402-d17720664-Reviews-BA_HA-Birmingham_West_Midlands_England.html
(170 reviews),Chtouka Ait Baha,,,0,,,https://www.tripadvisor.com/Restaurant_Review-g186402-d17720664-Reviews-BA_HA-Birmingham_West_Midlands_England.html#REVIEWS
"RESTAURANTBaha Ba'r4.34.3 of 5 bubbles(872 reviews)San Juan, Philippines",Chtouka Ait Baha,,,0,,,https://www.tripadvisor.com/Restaurant_Review-g3175044-d7374034-Reviews-Baha_Ba_r-San_Juan_Siquijor_Island_Visayas.html
(872 reviews),Chtouka Ait Baha,,,0,,,https://www.tripadvisor.com/Restaurant_Review-g3175044-d7374034-Reviews-Baha_Ba_r-San_Juan_Siquijor_Island_Visayas.html#REVIEWS
"RESTAURANT25 Degrees North at Baha Bay4.64.6 of 5 bubbles(56 reviews)Nassau, Bahamas",Chtouka Ait Baha,,,0,,,https://www.tripadvisor.com/Restaurant_Review-g147416-d33025543-Reviews-25_Degrees_North_at_Baha_Bay-Nassau_New_Providence_Island_Bahamas.html
(56 reviews),Chtouka Ait Baha,,,0,,,https://www.tripadvisor.com/Restaurant_Review-g147416-d33025543-Reviews-25_Degrees_North_at_Baha_Bay-Nassau_New_Providence_Island_Bahamas.html#REVIEWS
"RESTAURANTBaha Burger4.64.6 of 5 bubbles(159 reviews)Hoover, Alabama",Chtouka Ait Baha,,,0,,,https://www.tripadvisor.com/Restaurant_Review-g30615-d4608316-Reviews-Baha_Burger-Hoover_Alabama.html
(159 reviews),Chtouka Ait Baha,,,0,,,https://www.tripadvisor.com/Restaurant_Review-g30615-d4608316-Reviews-Baha_Burger-Hoover_Alabama.html#REVIEWS
"RESTAURANTKasbah Valentine Restaurant4.74.7 of 5 bubbles(254 reviews)Ait Ben Haddou, Morocco",Chtouka Ait Baha,,,0,,,https://www.tripadvisor.com/Restaurant_Review-g304011-d2178771-Reviews-Kasbah_Valentine_Restaurant-Ait_Ben_Haddou_Souss_Massa.html
(254 reviews),Chtouka Ait Baha,,,0,,,https://www.tripadvisor.com/Restaurant_Review-g304011-d2178771-Reviews-Kasbah_Valentine_Restaurant-Ait_Ben_Haddou_Souss_Massa.html#REVIEWS
"RESTAURANTÁit Eile4.64.6 of 5 bubbles(492 reviews)Enniscrone, County Sligo, Ireland",Chtouka Ait Baha,,,0,,,https://www.tripadvisor.com/Restaurant_Review-g211867-d1857475-Reviews-Ait_Eile-Enniscrone_County_Sligo_Western_Ireland.html
(492 reviews),Chtouka Ait Baha,,,0,,,https://www.tripadvisor.com/Restaurant_Review-g211867-d1857475-Reviews-Ait_Eile-Enniscrone_County_Sligo_Western_Ireland.html#REVIEWS
"RESTAURANTKatsuya Baha Mar4.24.2 of 5 bubbles(559 reviews)Nassau, Bahamas",Chtouka Ait Baha,,,0,,,https://www.tripadvisor.com/Restaurant_Review-g147416-d8006992-Reviews-Katsuya_Baha_Mar-Nassau_New_Providence_Island_Bahamas.html
(559 reviews),Chtouka Ait Baha,,,0,,,https://www.tripadvisor.com/Restaurant_Review-g147416-d8006992-Reviews-Katsuya_Baha_Mar-Nassau_New_Providence_Island_Bahamas.html#REVIEWS
"RESTAURANTAuberge Azaddou Tamlalt4.74.7 of 5 bubbles(121 reviews)Ait Ben Haddou, Morocco",Chtouka Ait Baha,,,0,,,https://www.tripadvisor.com/Restaurant_Review-g304011-d9565958-Reviews-Auberge_Azaddou_Tamlalt-Ait_Ben_Haddou_Souss_Massa.html
(121 reviews),Chtouka Ait Baha,,,0,,,https://www.tripadvisor.com/Restaurant_Review-g304011-d9565958-Reviews-Auberge_Azaddou_Tamlalt-Ait_Ben_Haddou_Souss_Massa.html#REVIEWS
"RESTAURANTSugar Factory Baha Mar4.74.7 of 5 bubbles(976 reviews)Nassau, Bahamas",Chtouka Ait Baha,,,0,,,https://www.tripadvisor.com/Restaurant_Review-g147416-d23518203-Reviews-Sugar_Factory_Baha_Mar-Nassau_New_Providence_Island_Bahamas.html
(976 reviews),Chtouka Ait Baha,,,0,,,https://www.tripadvisor.com/Restaurant_Review-g147416-d23518203-Reviews-Sugar_Factory_Baha_Mar-Nassau_New_Providence_Island_Bahamas.html#REVIEWS
"RESTAURANTRestaurant Bagdad Café4.64.6 of 5 bubbles(144 reviews)Ait Ben Haddou, Morocco",Chtouka Ait Baha,,,0,,,https://www.tripadvisor.com/Restaurant_Review-g304011-d3687287-Reviews-Restaurant_Bagdad_Cafe-Ait_Ben_Haddou_Souss_Massa.html
(144 reviews),Chtouka Ait Baha,,,0,,,https://www.tripadvisor.com/Restaurant_Review-g304011-d3687287-Reviews-Restaurant_Bagdad_Cafe-Ait_Ben_Haddou_Souss_Massa.html#REVIEWS
"RESTAURANTBaha By Nassau4.44.4 of 5 bubbles(55 reviews)Dhermi, Albania",Chtouka Ait Baha,,,0,,,https://www.tripadvisor.com/Restaurant_Review-g1915293-d25446761-Reviews-Baha_By_Nassau-Dhermi_Vlore_County.html
(55 reviews),Chtouka Ait Baha,,,0,,,https://www.tripadvisor.com/Restaurant_Review-g1915293-d25446761-Reviews-Baha_By_Nassau-Dhermi_Vlore_County.html#REVIEWS
"RESTAURANTL’OASIS D’OR3.83.8 of 5 bubbles(517 reviews)Ait Ben Haddou, Morocco",Chtouka Ait Baha,,,0,,,https://www.tripadvisor.com/Restaurant_Review-g304011-d3733695-Reviews-L_OASIS_D_OR-Ait_Ben_Haddou_Souss_Massa.html
(517 reviews),Chtouka Ait Baha,,,0,,,https://www.tripadvisor.com/Restaurant_Review-g304011-d3733695-Reviews-L_OASIS_D_OR-Ait_Ben_Haddou_Souss_Massa.html#REVIEWS
"RESTAURANTBaha Taco3.93.9 of 5 bubbles(37 reviews)Johannesburg, South Africa",Chtouka Ait Baha,,,0,,,https://www.tripadvisor.com/Restaurant_Review-g312578-d11716281-Reviews-Baha_Taco-Johannesburg_Greater_Johannesburg_Gauteng.html
(37 reviews),Chtouka Ait Baha,,,0,,,https://www.tripadvisor.com/Restaurant_Review-g312578-d11716281-Reviews-Baha_Taco-Johannesburg_Greater_Johannesburg_Gauteng.html#REVIEWS
"RESTAURANTOne Over the Ait, Kew Bridge3.83.8 of 5 bubbles(441 reviews)Brentford, Greater London, England",Chtouka Ait Baha,,,0,,,https://www.tripadvisor.com/Restaurant_Review-g7377416-d7319261-Reviews-One_Over_the_Ait_Kew_Bridge-Brentford_Hounslow_Greater_London_England.html
(441 reviews),Chtouka Ait Baha,,,0,,,https://www.tripadvisor.com/Restaurant_Review-g7377416-d7319261-Reviews-One_Over_the_Ait_Kew_Bridge-Brentford_Hounslow_Greater_London_England.html#REVIEWS
"RESTAURANTLa Rose Du Sable3.23.2 of 5 bubbles(71 reviews)Ait Ben Haddou, Morocco",Chtouka Ait Baha,,,0,,,https://www.tripadvisor.com/Restaurant_Review-g304011-d10037003-Reviews-La_Rose_Du_Sable-Ait_Ben_Haddou_Souss_Massa.html
(71 reviews),Chtouka Ait Baha,,,0,,,https://www.tripadvisor.com/Restaurant_Review-g304011-d10037003-Reviews-La_Rose_Du_Sable-Ait_Ben_Haddou_Souss_Massa.html#REVIEWS
"RESTAURANTBaha Mexican Restaurant4.14.1 of 5 bubbles(24 reviews)Natick, Massachusetts",Chtouka Ait Baha,,,0,,,https://www.tripadvisor.com/Restaurant_Review-g41698-d12367098-Reviews-Baha_Mexican_Restaurant-Natick_Massachusetts.html
(24 reviews),Chtouka Ait Baha,,,0,,,https://www.tripadvisor.com/Restaurant_Review-g41698-d12367098-Reviews-Baha_Mexican_Restaurant-Natick_Massachusetts.html#REVIEWS
"RESTAURANTTawesna Salon de Thé4.94.9 of 5 bubbles(34 reviews)Ait Ben Haddou, Morocco",Chtouka Ait Baha,,,0,,,https://www.tripadvisor.com/Restaurant_Review-g304011-d19177846-Reviews-Tawesna_Salon_de_The-Ait_Ben_Haddou_Souss_Massa.html
(34 reviews),Chtouka Ait Baha,,,0,,,https://www.tripadvisor.com/Restaurant_Review-g304011-d19177846-Reviews-Tawesna_Salon_de_The-Ait_Ben_Haddou_Souss_Massa.html#REVIEWS
"RESTAURANTBaha Burger4.44.4 of 5 bubbles(11 reviews)Vestavia Hills, Alabama",Chtouka Ait Baha,,,0,,,https://www.tripadvisor.com/Restaurant_Review-g30904-d13121035-Reviews-Baha_Burger-Vestavia_Hills_Alabama.html
(11 reviews),Chtouka Ait Baha,,,0,,,https://www.tripadvisor.com/Restaurant_Review-g30904-d13121035-Reviews-Baha_Burger-Vestavia_Hills_Alabama.html#REVIEWS
"RESTAURANTRestaurant Osaka Ait Ben Assou4.94.9 of 5 bubbles(78 reviews)Erfoud, Morocco",Chtouka Ait Baha,,,0,,,https://www.tripadvisor.com/Restaurant_Review-g317070-d12100647-Reviews-Restaurant_Osaka_Ait_Ben_Assou-Erfoud_Meknes_Tafilalet_Region.html
(78 reviews),Chtouka Ait Baha,,,0,,,https://www.tripadvisor.com/Restaurant_Review-g317070-d12100647-Reviews-Restaurant_Osaka_Ait_Ben_Assou-Erfoud_Meknes_Tafilalet_Region.html#REVIEWS
"RESTAURANTLa Terrazza4.44.4 of 5 bubbles(102 reviews)Ait Ben Haddou, Morocco",Chtouka Ait Baha,,,0,,,https://www.tripadvisor.com/Restaurant_Review-g304011-d15360589-Reviews-La_Terrazza-Ait_Ben_Haddou_Souss_Massa.html
(102 reviews),Chtouka Ait Baha,,,0,,,https://www.tripadvisor.com/Restaurant_Review-g304011-d15360589-Reviews-La_Terrazza-Ait_Ben_Haddou_Souss_Massa.html#REVIEWS
"RESTAURANTBaha Grille4.04 of 5 bubbles(80 reviews)Stuart, Florida",Chtouka Ait Baha,,,0,,,https://www.tripadvisor.com/Restaurant_Review-g34657-d3880015-Reviews-Baha_Grille-Stuart_Florida.html
(80 reviews),Chtouka Ait Baha,,,0,,,https://www.tripadvisor.com/Restaurant_Review-g34657-d3880015-Reviews-Baha_Grille-Stuart_Florida.html#REVIEWS
"RESTAURANTCafé Restaurant Moussa4.84.8 of 5 bubbles(46 reviews)Ait Ben Haddou, Morocco",Chtouka Ait Baha,,,0,,,https://www.tripadvisor.com/Restaurant_Review-g304011-d26839394-Reviews-Cafe_Restaurant_Moussa-Ait_Ben_Haddou_Souss_Massa.html
(46 reviews),Chtouka Ait Baha,,,0,,,https://www.tripadvisor.com/Restaurant_Review-g304011-d26839394-Reviews-Cafe_Restaurant_Moussa-Ait_Ben_Haddou_Souss_Massa.html#REVIEWS
"RESTAURANTPassage Coffee & Restaurant4.94.9 of 5 bubbles(17 reviews)Ait Ben Haddou, Morocco",Chtouka Ait Baha,,,0,,,https://www.tripadvisor.com/Restaurant_Review-g304011-d34136172-Reviews-Passage_Coffee_Restaurant-Ait_Ben_Haddou_Souss_Massa.html
(17 reviews),Chtouka Ait Baha,,,0,,,https://www.tripadvisor.com/Restaurant_Review-g304011-d34136172-Reviews-Passage_Coffee_Restaurant-Ait_Ben_Haddou_Souss_Massa.html#REVIEWS
"RESTAURANTLa Fibule D'or Restaurant4.64.6 of 5 bubbles(50 reviews)Ait Ben Haddou, Morocco",Chtouka Ait Baha,,,0,,,https://www.tripadvisor.com/Restaurant_Review-g304011-d1852439-Reviews-La_Fibule_D_or_Restaurant-Ait_Ben_Haddou_Souss_Massa.html
(50 reviews),Chtouka Ait Baha,,,0,,,https://www.tripadvisor.com/Restaurant_Review-g304011-d1852439-Reviews-La_Fibule_D_or_Restaurant-Ait_Ben_Haddou_Souss_Massa.html#REVIEWS
"RESTAURANTThe Bio Beldi Restaurant Maison D'hôte4.94.9 of 5 bubbles(107 reviews)Ait Omgas, Morocco",Chtouka Ait Baha,,,0,,,https://www.tripadvisor.com/Restaurant_Review-g15276086-d13808521-Reviews-The_Bio_Beldi_Restaurant_Maison_D_hote-Ait_Omgas_Souss_Massa.html
(107 reviews),Chtouka Ait Baha,,,0,,,https://www.tripadvisor.com/Restaurant_Review-g15276086-d13808521-Reviews-The_Bio_Beldi_Restaurant_Maison_D_hote-Ait_Omgas_Souss_Massa.html#REVIEWS
(10 reviews),Berkane,,,0,,,https://www.tripadvisor.com/Restaurant_Review-g944609-d12524485-Reviews-Le_Village-Berkane_Oriental.html#REVIEWS
(9 reviews),Berkane,,,0,,,https://www.tripadvisor.com/Restaurant_Review-g944609-d21015488-Reviews-Le_Best-Berkane_Oriental.html#REVIEWS
(1 review),Berkane,,,0,,,https://www.tripadvisor.com/Restaurant_Review-g944609-d34065036-Reviews-Napolitano_Berkane-Berkane_Oriental.html#REVIEWS
(3 reviews),Berkane,,,0,,,https://www.tripadvisor.com/Restaurant_Review-g944609-d17168741-Reviews-Tacosty-Berkane_Oriental.html#REVIEWS
(1 review),Berkane,,,0,,,https://www.tripadvisor.com/Restaurant_Review-g944609-d11680815-Reviews-Espace_Jouhri-Berkane_Oriental.html#REVIEWS
(1 review),Berkane,,,0,,,https://www.tripadvisor.com/Restaurant_Review-g944609-d12276195-Reviews-Chewayti-Berkane_Oriental.html#REVIEWS
(7 reviews),Berkane,,,0,,,https://www.tripadvisor.com/Restaurant_Review-g944609-d12276197-Reviews-Mistral-Berkane_Oriental.html#REVIEWS
(9 reviews),Berkane,,,0,,,https://www.tripadvisor.com/Restaurant_Review-g944609-d17514662-Reviews-Cafe_IN-Berkane_Oriental.html#REVIEWS
(3 reviews),Berkane,,,0,,,https://www.tripadvisor.com/Restaurant_Review-g944609-d12276500-Reviews-Cafe_Champs_Elysees-Berkane_Oriental.html#REVIEWS
(3 reviews),Berkane,,,0,,,https://www.tripadvisor.com/Restaurant_Review-g944609-d12404973-Reviews-Oscar_Pizzeria-Berkane_Oriental.html#REVIEWS
(1 review),Berkane,,,0,,,https://www.tripadvisor.com/Restaurant_Review-g944609-d12276213-Reviews-La_Villa-Berkane_Oriental.html#REVIEWS
(5 reviews),Berkane,,,0,,,https://www.tripadvisor.com/Restaurant_Review-g944609-d12406581-Reviews-Restaurant_Miam_Miam-Berkane_Oriental.html#REVIEWS
(0 reviews),Berkane,,,0,,,https://www.tripadvisor.com/Restaurant_Review-g944609-d30786016-Reviews-Mistral_Club-Berkane_Oriental.html#REVIEWS
(0 reviews),Berkane,,,0,,,https://www.tripadvisor.com/Restaurant_Review-g944609-d12276212-Reviews-Cafe_Iris-Berkane_Oriental.html#REVIEWS
(1 review),Berkane,,,0,,,https://www.tripadvisor.com/Restaurant_Review-g944609-d12276521-Reviews-Cafe_Patisserie_Le_Printemps-Berkane_Oriental.html#REVIEWS
(0 reviews),Berkane,,,0,,,https://www.tripadvisor.com/Restaurant_Review-g944609-d20070199-Reviews-Oued_Eddahab_Events-Berkane_Oriental.html#REVIEWS
(0 reviews),Berkane,,,0,,,https://www.tripadvisor.com/Restaurant_Review-g944609-d34337587-Reviews-Entre_act_coffe_berkane-Berkane_Oriental.html#REVIEWS
(0 reviews),Berkane,,,0,,,https://www.tripadvisor.com/Restaurant_Review-g944609-d19716688-Reviews-La_Clementine-Berkane_Oriental.html#REVIEWS
(0 reviews),Berkane,,,0,,,https://www.tripadvisor.com/Restaurant_Review-g944609-d12276501-Reviews-Maestro_Delice-Berkane_Oriental.html#REVIEWS
(0 reviews),Berkane,,,0,,,https://www.tripadvisor.com/Restaurant_Review-g944609-d34337492-Reviews-Entre_act_coffe_berkane-Berkane_Oriental.html#REVIEWS
(0 reviews),Berkane,,,0,,,https://www.tripadvisor.com/Restaurant_Review-g944609-d34338287-Reviews-Entre_act_berkane-Berkane_Oriental.html#REVIEWS
(0 reviews),Berkane,,,0,,,https://www.tripadvisor.com/Restaurant_Review-g944609-d17840532-Reviews-B_Loft-Berkane_Oriental.html#REVIEWS
(0 reviews),Berkane,,,0,,,https://www.tripadvisor.com/Restaurant_Review-g944609-d12276209-Reviews-Monaco_Delices-Berkane_Oriental.html#REVIEWS
(0 reviews),Berkane,,,0,,,https://www.tripadvisor.com/Restaurant_Review-g944609-d12404979-Reviews-Restaurant_La_Luna-Berkane_Oriental.html#REVIEWS
(0 reviews),Berkane,,,0,,,https://www.tripadvisor.com/Restaurant_Review-g944609-d12406576-Reviews-Cafe_Genova-Berkane_Oriental.html#REVIEWS
(10 reviews),Saidia,,,0,,,https://www.tripadvisor.com/Restaurant_Review-g944611-d17672750-Reviews-Samy_Playa_Restaurant-Saidia_Oriental.html#REVIEWS
(26 reviews),Saidia,,,0,,,https://www.tripadvisor.com/Restaurant_Review-g944611-d9981252-Reviews-Le_Marbella-Saidia_Oriental.html#REVIEWS
(1 review),Saidia,,,0,,,https://www.tripadvisor.com/Restaurant_Review-g944611-d21181973-Reviews-Marine_Club-Saidia_Oriental.html#REVIEWS
(2 reviews),Saidia,,,0,,,https://www.tripadvisor.com/Restaurant_Review-g944611-d14998015-Reviews-Chicken_Go-Saidia_Oriental.html#REVIEWS
(11 reviews),Saidia,,,0,,,https://www.tripadvisor.com/Restaurant_Review-g944611-d18313057-Reviews-Kim_Club-Saidia_Oriental.html#REVIEWS
(25 reviews),Saidia,,,0,,,https://www.tripadvisor.com/Restaurant_Review-g944611-d25265176-Reviews-Bravo_Beach_Club_Restaurant-Saidia_Oriental.html#REVIEWS
(6 reviews),Saidia,,,0,,,https://www.tripadvisor.com/Restaurant_Review-g944611-d9981256-Reviews-Paloma_Blanca-Saidia_Oriental.html#REVIEWS
(2 reviews),Saidia,,,0,,,https://www.tripadvisor.com/Restaurant_Review-g944611-d12698239-Reviews-Tokyo_sushi-Saidia_Oriental.html#REVIEWS
(10 reviews),Saidia,,,0,,,https://www.tripadvisor.com/Restaurant_Review-g944611-d24836789-Reviews-La_Table_Du_Green-Saidia_Oriental.html#REVIEWS
(6 reviews),Saidia,,,0,,,https://www.tripadvisor.com/Restaurant_Review-g944611-d21181974-Reviews-Cavalli_Beach-Saidia_Oriental.html#REVIEWS
(36 reviews),Saidia,,,0,,,https://www.tripadvisor.com/Restaurant_Review-g944611-d5243278-Reviews-La_corniche-Saidia_Oriental.html#REVIEWS
(3 reviews),Saidia,,,0,,,https://www.tripadvisor.com/Restaurant_Review-g944611-d21182319-Reviews-Bellington_Restaurant-Saidia_Oriental.html#REVIEWS
(13 reviews),Saidia,,,0,,,https://www.tripadvisor.com/Restaurant_Review-g944611-d8307560-Reviews-Casablanca_City-Saidia_Oriental.html#REVIEWS
(1 review),Saidia,,,0,,,https://www.tripadvisor.com/Restaurant_Review-g944611-d28020880-Reviews-Small_Fish_Club-Saidia_Oriental.html#REVIEWS
(1 review),Saidia,,,0,,,https://www.tripadvisor.com/Restaurant_Review-g944611-d10629955-Reviews-Resto_Moules_frites-Saidia_Oriental.html#REVIEWS
(0 reviews),Saidia,,,0,,,https://www.tripadvisor.com/Restaurant_Review-g944611-d24147819-Reviews-Oasis_Pool_Bar-Saidia_Oriental.html#REVIEWS
(0 reviews),Saidia,,,0,,,https://www.tripadvisor.com/Restaurant_Review-g944611-d33352661-Reviews-Restaurant_Atlal_Marina_Saidia_Morocco-Saidia_Oriental.html#REVIEWS
(0 reviews),Saidia,,,0,,,https://www.tripadvisor.com/Restaurant_Review-g944611-d25078398-Reviews-Le_Gourmet-Saidia_Oriental.html#REVIEWS
(0 reviews),Saidia,,,0,,,https://www.tripadvisor.com/Restaurant_Review-g944611-d24147812-Reviews-Atlas_Buffet_Restaurant_Terrace-Saidia_Oriental.html#REVIEWS
(0 reviews),Saidia,,,0,,,https://www.tripadvisor.com/Restaurant_Review-g944611-d21181999-Reviews-Cafe_Green_Rever-Saidia_Oriental.html#REVIEWS
(0 reviews),Saidia,,,0,,,https://www.tripadvisor.com/Restaurant_Review-g944611-d15574467-Reviews-Pizza_Time-Saidia_Oriental.html#REVIEWS
(0 reviews),Saidia,,,0,,,https://www.tripadvisor.com/Restaurant_Review-g944611-d27740095-Reviews-Sea_Restaurant-Saidia_Oriental.html#REVIEWS
(0 reviews),Saidia,,,0,,,https://www.tripadvisor.com/Restaurant_Review-g944611-d21182002-Reviews-Cafe_Andalouss-Saidia_Oriental.html#REVIEWS
(0 reviews),Taourirt,,,0,,,https://www.tripadvisor.com/Restaurant_Review-g27999089-d27989647-Reviews-Master_Place_Taourirat-Taourirt_Oriental.html#REVIEWS
(0 reviews),Taourirt,,,0,,,https://www.tripadvisor.com/Restaurant_Review-g27999089-d28030708-Reviews-Master_Place_Taourirt-Taourirt_Oriental.html#REVIEWS
(0 reviews),Taourirt,,,0,,,https://www.tripadvisor.com/Restaurant_Review-g27999089-d28031404-Reviews-Master_Place_Taourirt-Taourirt_Oriental.html#REVIEWS
"RESTAURANTFiguig4.84.8 of 5 bubbles(366 reviews)Paris, Ile-de-France, France11 mentions ofFiguig""…I foundFiguigby searching on the Internet.…""",Figuig,,,0,,,https://www.tripadvisor.com/Restaurant_Review-g187147-d21079346-Reviews-Figuig-Paris_Ile_de_France.html
(366 reviews),Figuig,,,0,,,https://www.tripadvisor.com/Restaurant_Review-g187147-d21079346-Reviews-Figuig-Paris_Ile_de_France.html#REVIEWS
"RESTAURANTLe FIGUIG Mazagan Café Restaurant3.63.6 of 5 bubbles(5 reviews)El Jadida, Morocco",Figuig,,,0,,,https://www.tripadvisor.com/Restaurant_Review-g298348-d26911560-Reviews-Le_FIGUIG_Mazagan_Cafe_Restaurant-El_Jadida_Casablanca_Settat.html
(5 reviews),Figuig,,,0,,,https://www.tripadvisor.com/Restaurant_Review-g298348-d26911560-Reviews-Le_FIGUIG_Mazagan_Cafe_Restaurant-El_Jadida_Casablanca_Settat.html#REVIEWS
"RESTAURANTFiguig SarlSaint-Sauvant, Nouvelle-Aquitaine, France",Figuig,,,0,,,https://www.tripadvisor.com/Restaurant_Review-g10533783-d27869889-Reviews-Figuig_Sarl-Saint_Sauvant_Poitiers_Vienne_Nouvelle_Aquitaine.html
(128 reviews),Beni Mellal,,,0,,,https://www.tripadvisor.com/Restaurant_Review-g734464-d15247344-Reviews-Manhattan_Plaza_sushi_wok_cafe_restaurant-Beni_Mellal_Beni_Mellal_Khenifra.html#REVIEWS
(44 reviews),Beni Mellal,,,0,,,https://www.tripadvisor.com/Restaurant_Review-g734464-d23233310-Reviews-La_villa_Restaurant_Lounge-Beni_Mellal_Beni_Mellal_Khenifra.html#REVIEWS
(3 reviews),Beni Mellal,,,0,,,https://www.tripadvisor.com/Restaurant_Review-g734464-d33335172-Reviews-Livigno-Beni_Mellal_Beni_Mellal_Khenifra.html#REVIEWS
(12 reviews),Beni Mellal,,,0,,,https://www.tripadvisor.com/Restaurant_Review-g734464-d28131480-Reviews-O_darna-Beni_Mellal_Beni_Mellal_Khenifra.html#REVIEWS
(50 reviews),Beni Mellal,,,0,,,https://www.tripadvisor.com/Restaurant_Review-g734464-d9874385-Reviews-Rim_Atlas-Beni_Mellal_Beni_Mellal_Khenifra.html#REVIEWS
(2 reviews),Beni Mellal,,,0,,,https://www.tripadvisor.com/Restaurant_Review-g734464-d33113561-Reviews-The_Brothers-Beni_Mellal_Beni_Mellal_Khenifra.html#REVIEWS
(4 reviews),Beni Mellal,,,0,,,https://www.tripadvisor.com/Restaurant_Review-g734464-d19845159-Reviews-Petromin_AL_BARAKA_Beni_Mellal-Beni_Mellal_Beni_Mellal_Khenifra.html#REVIEWS
(7 reviews),Beni Mellal,,,0,,,https://www.tripadvisor.com/Restaurant_Review-g734464-d23804410-Reviews-La_Passionehm-Beni_Mellal_Beni_Mellal_Khenifra.html#REVIEWS
(29 reviews),Beni Mellal,,,0,,,https://www.tripadvisor.com/Restaurant_Review-g734464-d7591787-Reviews-Hotel_Ouzoud-Beni_Mellal_Beni_Mellal_Khenifra.html#REVIEWS
(2 reviews),Beni Mellal,,,0,,,https://www.tripadvisor.com/Restaurant_Review-g734464-d28029276-Reviews-Les_Jardins_De_Clementines-Beni_Mellal_Beni_Mellal_Khenifra.html#REVIEWS
(2 reviews),Beni Mellal,,,0,,,https://www.tripadvisor.com/Restaurant_Review-g734464-d20116414-Reviews-Al_Bassatine_Restaurant-Beni_Mellal_Beni_Mellal_Khenifra.html#REVIEWS
(1 review),Beni Mellal,,,0,,,https://www.tripadvisor.com/Restaurant_Review-g734464-d26631202-Reviews-Davinci_Restaurant-Beni_Mellal_Beni_Mellal_Khenifra.html#REVIEWS
(13 reviews),Beni Mellal,,,0,,,https://www.tripadvisor.com/Restaurant_Review-g734464-d12309502-Reviews-Hotel_de_Paris-Beni_Mellal_Beni_Mellal_Khenifra.html#REVIEWS
(6 reviews),Beni Mellal,,,0,,,https://www.tripadvisor.com/Restaurant_Review-g734464-d15112366-Reviews-Gardala_s-Beni_Mellal_Beni_Mellal_Khenifra.html#REVIEWS
(4 reviews),Beni Mellal,,,0,,,https://www.tripadvisor.com/Restaurant_Review-g734464-d12179418-Reviews-Snack_Sydney-Beni_Mellal_Beni_Mellal_Khenifra.html#REVIEWS
(3 reviews),Beni Mellal,,,0,,,https://www.tripadvisor.com/Restaurant_Review-g734464-d10816063-Reviews-Boulangerie_Patisserie_Delicia-Beni_Mellal_Beni_Mellal_Khenifra.html#REVIEWS
(2 reviews),Beni Mellal,,,0,,,https://www.tripadvisor.com/Restaurant_Review-g734464-d13484351-Reviews-Espace_istanbul-Beni_Mellal_Beni_Mellal_Khenifra.html#REVIEWS
(5 reviews),Beni Mellal,,,0,,,https://www.tripadvisor.com/Restaurant_Review-g734464-d8833299-Reviews-Cafe_Picasso-Beni_Mellal_Beni_Mellal_Khenifra.html#REVIEWS
(4 reviews),Beni Mellal,,,0,,,https://www.tripadvisor.com/Restaurant_Review-g734464-d9787784-Reviews-La_Belle_Etoile-Beni_Mellal_Beni_Mellal_Khenifra.html#REVIEWS
(1 review),Beni Mellal,,,0,,,https://www.tripadvisor.com/Restaurant_Review-g734464-d33738494-Reviews-Cafeziani-Beni_Mellal_Beni_Mellal_Khenifra.html#REVIEWS
(4 reviews),Beni Mellal,,,0,,,https://www.tripadvisor.com/Restaurant_Review-g734464-d14060692-Reviews-Magic_Ice-Beni_Mellal_Beni_Mellal_Khenifra.html#REVIEWS
(1 review),Beni Mellal,,,0,,,https://www.tripadvisor.com/Restaurant_Review-g734464-d15523141-Reviews-Rofaida_Space-Beni_Mellal_Beni_Mellal_Khenifra.html#REVIEWS
(0 reviews),Beni Mellal,,,0,,,https://www.tripadvisor.com/Restaurant_Review-g734464-d17548090-Reviews-Cafe_Restaurant_Oasis-Beni_Mellal_Beni_Mellal_Khenifra.html#REVIEWS
(3 reviews),Beni Mellal,,,0,,,https://www.tripadvisor.com/Restaurant_Review-g734464-d7971913-Reviews-Le_Restaurant_Du_Gout_International-Beni_Mellal_Beni_Mellal_Khenifra.html#REVIEWS
(1 review),Beni Mellal,,,0,,,https://www.tripadvisor.com/Restaurant_Review-g734464-d21295382-Reviews-Burger_King_Beni_mellal-Beni_Mellal_Beni_Mellal_Khenifra.html#REVIEWS
(1 review),Beni Mellal,,,0,,,https://www.tripadvisor.com/Restaurant_Review-g734464-d19754040-Reviews-Les_Maitres_Du_Pain_Benimellal-Beni_Mellal_Beni_Mellal_Khenifra.html#REVIEWS
(1 review),Beni Mellal,,,0,,,https://www.tripadvisor.com/Restaurant_Review-g734464-d23719006-Reviews-Velsatis-Beni_Mellal_Beni_Mellal_Khenifra.html#REVIEWS
(1 review),Beni Mellal,,,0,,,https://www.tripadvisor.com/Restaurant_Review-g734464-d33232980-Reviews-Cafe_L5anz-Beni_Mellal_Beni_Mellal_Khenifra.html#REVIEWS
(0 reviews),Beni Mellal,,,0,,,https://www.tripadvisor.com/Restaurant_Review-g734464-d28272436-Reviews-Doner_House_Beni_Mellal-Beni_Mellal_Beni_Mellal_Khenifra.html#REVIEWS
(0 reviews),Beni Mellal,,,0,,,https://www.tripadvisor.com/Restaurant_Review-g734464-d13428702-Reviews-Friends_Food-Beni_Mellal_Beni_Mellal_Khenifra.html#REVIEWS
(0 reviews),Beni Mellal,,,0,,,https://www.tripadvisor.com/Restaurant_Review-g734464-d15628825-Reviews-Cafe_la_TASSE-Beni_Mellal_Beni_Mellal_Khenifra.html#REVIEWS
(1 review),Khouribga,,,0,,,https://www.tripadvisor.com/Restaurant_Review-g3862521-d34021381-Reviews-Buffet_D_atlas-Khouribga_Beni_Mellal_Khenifra.html#REVIEWS
(1 review),Khouribga,,,0,,,https://www.tripadvisor.com/Restaurant_Review-g3862521-d33118059-Reviews-Sushi57-Khouribga_Beni_Mellal_Khenifra.html#REVIEWS
(1 review),Khouribga,,,0,,,https://www.tripadvisor.com/Restaurant_Review-g3862521-d22899079-Reviews-Kbistro-Khouribga_Beni_Mellal_Khenifra.html#REVIEWS
(2 reviews),Khenifra,,,0,,,https://www.tripadvisor.com/Restaurant_Review-g734463-d33261061-Reviews-Restaurant_Assaouir-Khenifra_Meknes_Tafilalet_Region.html#REVIEWS
(0 reviews),Khenifra,,,0,,,https://www.tripadvisor.com/Restaurant_Review-g734463-d26862706-Reviews-Adrar_friends-Khenifra_Meknes_Tafilalet_Region.html#REVIEWS
(0 reviews),Khenifra,,,0,,,https://www.tripadvisor.com/Restaurant_Review-g734463-d27425703-Reviews-La_Tente_Amazigh-Khenifra_Meknes_Tafilalet_Region.html#REVIEWS
(9 reviews),Azilal,,,0,,,https://www.tripadvisor.com/Restaurant_Review-g612356-d5482343-Reviews-Dar_Ahansal_Restaurant-Azilal_Beni_Mellal_Khenifra.html#REVIEWS
(3 reviews),Azilal,,,0,,,https://www.tripadvisor.com/Restaurant_Review-g612356-d27535800-Reviews-Cafe_Restaurant_Les_Amis_Ouzoud-Azilal_Beni_Mellal_Khenifra.html#REVIEWS
(1 review),Azilal,,,0,,,https://www.tripadvisor.com/Restaurant_Review-g612356-d4740792-Reviews-Cafe_Restaurant_Le_cinema-Azilal_Beni_Mellal_Khenifra.html#REVIEWS
(0 reviews),Azilal,,,0,,,https://www.tripadvisor.com/Restaurant_Review-g612356-d28755769-Reviews-Gite_Montagnes_Taghia-Azilal_Beni_Mellal_Khenifra.html#REVIEWS
"RESTAURANTL'coin5.05 of 5 bubbles(19 reviews)Errachidia, Morocco3 mentions ofErrachidia""…An unexpected gem inErrachidia.…""",Errachidia,,,0,,,https://www.tripadvisor.com/Restaurant_Review-g608438-d25277070-Reviews-L_coin-Errachidia_Meknes_Tafilalet_Region.html
(19 reviews),Errachidia,,,0,,,https://www.tripadvisor.com/Restaurant_Review-g608438-d25277070-Reviews-L_coin-Errachidia_Meknes_Tafilalet_Region.html#REVIEWS
"RESTAURANTErrachidia4.24.2 of 5 bubbles(29 reviews)Nabeul, Tunisia1 mention ofErrachidia""…TheErrachidiais a lovely place.…""",Errachidia,,,0,,,https://www.tripadvisor.com/Restaurant_Review-g317086-d4554129-Reviews-Errachidia-Nabeul_Nabeul_Governorate.html
(29 reviews),Errachidia,,,0,,,https://www.tripadvisor.com/Restaurant_Review-g317086-d4554129-Reviews-Errachidia-Nabeul_Nabeul_Governorate.html#REVIEWS
"RESTAURANTLune de Desert5.05 of 5 bubbles(3 reviews)Errachidia, Morocco3 mentions ofErrachidia""…Mountains located on the same site as the Winxo garage off the N13 inErrachidia…""",Errachidia,,,0,,,https://www.tripadvisor.com/Restaurant_Review-g608438-d33667535-Reviews-Lune_de_Desert-Errachidia_Meknes_Tafilalet_Region.html
(3 reviews),Errachidia,,,0,,,https://www.tripadvisor.com/Restaurant_Review-g608438-d33667535-Reviews-Lune_de_Desert-Errachidia_Meknes_Tafilalet_Region.html#REVIEWS
"RESTAURANTLes Voiles du Désert4.04 of 5 bubbles(25 reviews)Errachidia, Morocco2 mentions ofErrachidia""…I highly recommend to spend some moments in the best restaurant ofErrachidia…""",Errachidia,,,0,,,https://www.tripadvisor.com/Restaurant_Review-g608438-d7739078-Reviews-Les_Voiles_du_Desert-Errachidia_Meknes_Tafilalet_Region.html
(25 reviews),Errachidia,,,0,,,https://www.tripadvisor.com/Restaurant_Review-g608438-d7739078-Reviews-Les_Voiles_du_Desert-Errachidia_Meknes_Tafilalet_Region.html#REVIEWS
"RESTAURANTRestaurant Zerda2.92.9 of 5 bubbles(34 reviews)Errachidia, Morocco1 mention ofErrachidia""…This is a busy restaurant on the main road throughEr-Rachidia.…""",Errachidia,,,0,,,https://www.tripadvisor.com/Restaurant_Review-g608438-d7177391-Reviews-Restaurant_Zerda-Errachidia_Meknes_Tafilalet_Region.html
(34 reviews),Errachidia,,,0,,,https://www.tripadvisor.com/Restaurant_Review-g608438-d7177391-Reviews-Restaurant_Zerda-Errachidia_Meknes_Tafilalet_Region.html#REVIEWS
"RESTAURANTCafe Restaurant Omega4.94.9 of 5 bubbles(7 reviews)Errachidia, Morocco",Errachidia,,,0,,,https://www.tripadvisor.com/Restaurant_Review-g608438-d28673229-Reviews-Cafe_Restaurant_Omega-Errachidia_Meknes_Tafilalet_Region.html
(7 reviews),Errachidia,,,0,,,https://www.tripadvisor.com/Restaurant_Review-g608438-d28673229-Reviews-Cafe_Restaurant_Omega-Errachidia_Meknes_Tafilalet_Region.html#REVIEWS
"RESTAURANTCafé Restaurant Aknoud4.84.8 of 5 bubbles(5 reviews)Errachidia, Morocco",Errachidia,,,0,,,https://www.tripadvisor.com/Restaurant_Review-g608438-d34098344-Reviews-Cafe_Restaurant_Aknoud-Errachidia_Meknes_Tafilalet_Region.html
(5 reviews),Errachidia,,,0,,,https://www.tripadvisor.com/Restaurant_Review-g608438-d34098344-Reviews-Cafe_Restaurant_Aknoud-Errachidia_Meknes_Tafilalet_Region.html#REVIEWS
"RESTAURANTCafe & Restaurant Lfn5.05 of 5 bubbles(7 reviews)Errachidia, Morocco",Errachidia,,,0,,,https://www.tripadvisor.com/Restaurant_Review-g608438-d32816871-Reviews-Cafe_Restaurant_Lfn-Errachidia_Meknes_Tafilalet_Region.html
(7 reviews),Errachidia,,,0,,,https://www.tripadvisor.com/Restaurant_Review-g608438-d32816871-Reviews-Cafe_Restaurant_Lfn-Errachidia_Meknes_Tafilalet_Region.html#REVIEWS
"RESTAURANTKasba Dounia4.04 of 5 bubbles(7 reviews)Errachidia, Morocco",Errachidia,,,0,,,https://www.tripadvisor.com/Restaurant_Review-g608438-d25566066-Reviews-Kasba_Dounia-Errachidia_Meknes_Tafilalet_Region.html
(7 reviews),Errachidia,,,0,,,https://www.tripadvisor.com/Restaurant_Review-g608438-d25566066-Reviews-Kasba_Dounia-Errachidia_Meknes_Tafilalet_Region.html#REVIEWS
"RESTAURANTTouroug Café2.62.6 of 5 bubbles(46 reviews)Errachidia, Morocco",Errachidia,,,0,,,https://www.tripadvisor.com/Restaurant_Review-g608438-d8737577-Reviews-Touroug_Cafe-Errachidia_Meknes_Tafilalet_Region.html
(46 reviews),Errachidia,,,0,,,https://www.tripadvisor.com/Restaurant_Review-g608438-d8737577-Reviews-Touroug_Cafe-Errachidia_Meknes_Tafilalet_Region.html#REVIEWS
"RESTAURANTKasba Dounia3.53.5 of 5 bubbles(13 reviews)Errachidia, Morocco",Errachidia,,,0,,,https://www.tripadvisor.com/Restaurant_Review-g608438-d4353313-Reviews-Kasba_Dounia-Errachidia_Meknes_Tafilalet_Region.html
(13 reviews),Errachidia,,,0,,,https://www.tripadvisor.com/Restaurant_Review-g608438-d4353313-Reviews-Kasba_Dounia-Errachidia_Meknes_Tafilalet_Region.html#REVIEWS
"RESTAURANTÔ Atelier2.62.6 of 5 bubbles(5 reviews)Errachidia, Morocco",Errachidia,,,0,,,https://www.tripadvisor.com/Restaurant_Review-g608438-d18955532-Reviews-O_Atelier-Errachidia_Meknes_Tafilalet_Region.html
(5 reviews),Errachidia,,,0,,,https://www.tripadvisor.com/Restaurant_Review-g608438-d18955532-Reviews-O_Atelier-Errachidia_Meknes_Tafilalet_Region.html#REVIEWS
"RESTAURANTRestaurant dans la palmeraie5.05 of 5 bubbles(1 review)Errachidia, Morocco",Errachidia,,,0,,,https://www.tripadvisor.com/Restaurant_Review-g608438-d15062227-Reviews-Restaurant_dans_la_palmeraie-Errachidia_Meknes_Tafilalet_Region.html
(1 review),Errachidia,,,0,,,https://www.tripadvisor.com/Restaurant_Review-g608438-d15062227-Reviews-Restaurant_dans_la_palmeraie-Errachidia_Meknes_Tafilalet_Region.html#REVIEWS
"RESTAURANTVacation Via Morocco5.05 of 5 bubbles(1 review)Errachidia, Morocco",Errachidia,,,0,,,https://www.tripadvisor.com/Restaurant_Review-g608438-d33967973-Reviews-Vacation_Via_Morocco-Errachidia_Meknes_Tafilalet_Region.html
(1 review),Errachidia,,,0,,,https://www.tripadvisor.com/Restaurant_Review-g608438-d33967973-Reviews-Vacation_Via_Morocco-Errachidia_Meknes_Tafilalet_Region.html#REVIEWS
"RESTAURANTCafé Restaurant Imilchil4.04 of 5 bubbles(4 reviews)Errachidia, Morocco",Errachidia,,,0,,,https://www.tripadvisor.com/Restaurant_Review-g608438-d6419081-Reviews-Cafe_Restaurant_Imilchil-Errachidia_Meknes_Tafilalet_Region.html
(4 reviews),Errachidia,,,0,,,https://www.tripadvisor.com/Restaurant_Review-g608438-d6419081-Reviews-Cafe_Restaurant_Imilchil-Errachidia_Meknes_Tafilalet_Region.html#REVIEWS
"RESTAURANTRestaurant Dar Echorfa3.33.3 of 5 bubbles(3 reviews)Errachidia, Morocco",Errachidia,,,0,,,https://www.tripadvisor.com/Restaurant_Review-g608438-d7310297-Reviews-Restaurant_Dar_Echorfa-Errachidia_Meknes_Tafilalet_Region.html
(3 reviews),Errachidia,,,0,,,https://www.tripadvisor.com/Restaurant_Review-g608438-d7310297-Reviews-Restaurant_Dar_Echorfa-Errachidia_Meknes_Tafilalet_Region.html#REVIEWS
"RESTAURANTCafe Restaurant Omega5.05 of 5 bubbles(2 reviews)Errachidia, Morocco",Errachidia,,,0,,,https://www.tripadvisor.com/Restaurant_Review-g608438-d27992876-Reviews-Cafe_Restaurant_Omega-Errachidia_Meknes_Tafilalet_Region.html
(2 reviews),Errachidia,,,0,,,https://www.tripadvisor.com/Restaurant_Review-g608438-d27992876-Reviews-Cafe_Restaurant_Omega-Errachidia_Meknes_Tafilalet_Region.html#REVIEWS
"RESTAURANTPerle bio berbèreErrachidia, Morocco",Errachidia,,,0,,,https://www.tripadvisor.com/Restaurant_Review-g608438-d34116938-Reviews-Perle_bio_berbere-Errachidia_Meknes_Tafilalet_Region.html
"RESTAURANTPerlebio berbèreErrachidia, Morocco",Errachidia,,,0,,,https://www.tripadvisor.com/Restaurant_Review-g608438-d34119153-Reviews-Perlebio_berbere-Errachidia_Meknes_Tafilalet_Region.html
"RESTAURANTCafé Restaurant Riad5.05 of 5 bubbles(1 review)Errachidia, Morocco",Errachidia,,,0,,,https://www.tripadvisor.com/Restaurant_Review-g608438-d8003634-Reviews-Cafe_Restaurant_Riad-Errachidia_Meknes_Tafilalet_Region.html
(1 review),Errachidia,,,0,,,https://www.tripadvisor.com/Restaurant_Review-g608438-d8003634-Reviews-Cafe_Restaurant_Riad-Errachidia_Meknes_Tafilalet_Region.html#REVIEWS
"RESTAURANTL’fn creative coffeeshopErrachidia, Morocco",Errachidia,,,0,,,https://www.tripadvisor.com/Restaurant_Review-g608438-d25460516-Reviews-L_fn_creative_coffeeshop-Errachidia_Meknes_Tafilalet_Region.html
"RESTAURANTCafé Restaurant AldjigErrachidia, Morocco",Errachidia,,,0,,,https://www.tripadvisor.com/Restaurant_Review-g608438-d23703460-Reviews-Cafe_Restaurant_Aldjig-Errachidia_Meknes_Tafilalet_Region.html
"RESTAURANTVacation Via MoroccoErrachidia, Morocco",Errachidia,,,0,,,https://www.tripadvisor.com/Restaurant_Review-g608438-d33967982-Reviews-Vacation_Via_Morocco-Errachidia_Meknes_Tafilalet_Region.html
"RESTAURANTHabibFoodErrachidia, Morocco",Errachidia,,,0,,,https://www.tripadvisor.com/Restaurant_Review-g608438-d28986248-Reviews-HabibFood-Errachidia_Meknes_Tafilalet_Region.html
"RESTAURANTIttomohaErrachidia, Morocco",Errachidia,,,0,,,https://www.tripadvisor.com/Restaurant_Review-g608438-d33160071-Reviews-Ittomoha-Errachidia_Meknes_Tafilalet_Region.html
"RESTAURANTPerlebioErrachidia, Morocco",Errachidia,,,0,,,https://www.tripadvisor.com/Restaurant_Review-g608438-d34119147-Reviews-Perlebio-Errachidia_Meknes_Tafilalet_Region.html
"RESTAURANTHermanoErrachidia, Morocco",Errachidia,,,0,,,https://www.tripadvisor.com/Restaurant_Review-g608438-d28913277-Reviews-Hermano-Errachidia_Meknes_Tafilalet_Region.html
"RESTAURANTCafe Pizzeria Habib4.04 of 5 bubbles(1 review)Errachidia, Morocco",Errachidia,,,0,,,https://www.tripadvisor.com/Restaurant_Review-g608438-d15759713-Reviews-Cafe_Pizzeria_Habib-Errachidia_Meknes_Tafilalet_Region.html
(1 review),Errachidia,,,0,,,https://www.tripadvisor.com/Restaurant_Review-g608438-d15759713-Reviews-Cafe_Pizzeria_Habib-Errachidia_Meknes_Tafilalet_Region.html#REVIEWS
"RESTAURANTPizzeria Habib4.04 of 5 bubbles(1 review)Errachidia, Morocco",Errachidia,,,0,,,https://www.tripadvisor.com/Restaurant_Review-g608438-d15757324-Reviews-Pizzeria_Habib-Errachidia_Meknes_Tafilalet_Region.html
(1 review),Errachidia,,,0,,,https://www.tripadvisor.com/Restaurant_Review-g608438-d15757324-Reviews-Pizzeria_Habib-Errachidia_Meknes_Tafilalet_Region.html#REVIEWS
"RESTAURANTSnack Raha OneErrachidia, Morocco",Errachidia,,,0,,,https://www.tripadvisor.com/Restaurant_Review-g608438-d27823060-Reviews-Snack_Raha_One-Errachidia_Meknes_Tafilalet_Region.html
(720 reviews),Ouarzazate,,,0,,,https://www.tripadvisor.com/Restaurant_Review-g304018-d23241899-Reviews-The_Full_Sun_Restaurant-Ouarzazate_Draa_Tafilalet.html#REVIEWS
(504 reviews),Ouarzazate,,,0,,,https://www.tripadvisor.com/Restaurant_Review-g304018-d1774915-Reviews-Le_Jardin_des_Aromes-Ouarzazate_Draa_Tafilalet.html#REVIEWS
(577 reviews),Ouarzazate,,,0,,,https://www.tripadvisor.com/Restaurant_Review-g304018-d1426012-Reviews-La_Kasbah_Des_Sables-Ouarzazate_Draa_Tafilalet.html#REVIEWS
(645 reviews),Ouarzazate,,,0,,,https://www.tripadvisor.com/Restaurant_Review-g304018-d13310290-Reviews-La_Rose_Des_Sables_Restaurant_Pizzeria-Ouarzazate_Draa_Tafilalet.html#REVIEWS
(819 reviews),Ouarzazate,,,0,,,https://www.tripadvisor.com/Restaurant_Review-g304018-d1194811-Reviews-Restaurant_Douyria-Ouarzazate_Draa_Tafilalet.html#REVIEWS
(104 reviews),Ouarzazate,,,0,,,https://www.tripadvisor.com/Restaurant_Review-g304018-d12081697-Reviews-Kasbah_Tazentoute-Ouarzazate_Draa_Tafilalet.html#REVIEWS
(145 reviews),Ouarzazate,,,0,,,https://www.tripadvisor.com/Restaurant_Review-g304018-d26589831-Reviews-Restaurant_Ovelix-Ouarzazate_Draa_Tafilalet.html#REVIEWS
(24 reviews),Ouarzazate,,,0,,,https://www.tripadvisor.com/Restaurant_Review-g304018-d28653114-Reviews-Tajali-Ouarzazate_Draa_Tafilalet.html#REVIEWS
(23 reviews),Ouarzazate,,,0,,,https://www.tripadvisor.com/Restaurant_Review-g304018-d1102347-Reviews-La_Maison_Arabe-Ouarzazate_Draa_Tafilalet.html#REVIEWS
(67 reviews),Ouarzazate,,,0,,,https://www.tripadvisor.com/Restaurant_Review-g304018-d1743861-Reviews-Hotel_Sultana_Royal_Golf-Ouarzazate_Draa_Tafilalet.html#REVIEWS
(101 reviews),Ouarzazate,,,0,,,https://www.tripadvisor.com/Restaurant_Review-g23212469-d17708361-Reviews-Restaurant_Kasbah_Datte_Dor-Skoura_Ouarzazate_Draa_Tafilalet.html#REVIEWS
(360 reviews),Ouarzazate,,,0,,,https://www.tripadvisor.com/Restaurant_Review-g304018-d3497295-Reviews-Habous-Ouarzazate_Draa_Tafilalet.html#REVIEWS
(55 reviews),Ouarzazate,,,0,,,https://www.tripadvisor.com/Restaurant_Review-g304018-d26264891-Reviews-Restaurant_La_Datte_D_Or-Ouarzazate_Draa_Tafilalet.html#REVIEWS
(84 reviews),Ouarzazate,,,0,,,https://www.tripadvisor.com/Restaurant_Review-g304018-d8700218-Reviews-Chez_Sabrine-Ouarzazate_Draa_Tafilalet.html#REVIEWS
(19 reviews),Ouarzazate,,,0,,,https://www.tripadvisor.com/Restaurant_Review-g304018-d13320600-Reviews-Le_Pecheur_Restaurant-Ouarzazate_Draa_Tafilalet.html#REVIEWS
(94 reviews),Ouarzazate,,,0,,,https://www.tripadvisor.com/Restaurant_Review-g23212469-d2638629-Reviews-Restaurant_Chez_Talout-Skoura_Ouarzazate_Draa_Tafilalet.html#REVIEWS
(94 reviews),Ouarzazate,,,0,,,https://www.tripadvisor.com/Restaurant_Review-g304018-d4742671-Reviews-Ksar_El_Kabbaba-Ouarzazate_Draa_Tafilalet.html#REVIEWS
(121 reviews),Ouarzazate,,,0,,,https://www.tripadvisor.com/Restaurant_Review-g304018-d4037352-Reviews-La_Terrasse_des_Delices-Ouarzazate_Draa_Tafilalet.html#REVIEWS
(114 reviews),Ouarzazate,,,0,,,https://www.tripadvisor.com/Restaurant_Review-g304018-d1998868-Reviews-Chez_Nabil-Ouarzazate_Draa_Tafilalet.html#REVIEWS
(37 reviews),Ouarzazate,,,0,,,https://www.tripadvisor.com/Restaurant_Review-g23212469-d9591172-Reviews-Restaurant_Guesthouse_Chez_Talout-Skoura_Ouarzazate_Draa_Tafilalet.html#REVIEWS
(275 reviews),Ouarzazate,,,0,,,https://www.tripadvisor.com/Restaurant_Review-g304018-d1498875-Reviews-Restaurant_Chez_Dimitri-Ouarzazate_Draa_Tafilalet.html#REVIEWS
(147 reviews),Ouarzazate,,,0,,,https://www.tripadvisor.com/Restaurant_Review-g304018-d7033039-Reviews-La_Gironde-Ouarzazate_Draa_Tafilalet.html#REVIEWS
(28 reviews),Ouarzazate,,,0,,,https://www.tripadvisor.com/Restaurant_Review-g304018-d17567775-Reviews-L_Assiette_d_Or-Ouarzazate_Draa_Tafilalet.html#REVIEWS
(81 reviews),Ouarzazate,,,0,,,https://www.tripadvisor.com/Restaurant_Review-g304018-d6632225-Reviews-El_Bahja-Ouarzazate_Draa_Tafilalet.html#REVIEWS
(215 reviews),Ouarzazate,,,0,,,https://www.tripadvisor.com/Restaurant_Review-g304018-d1236331-Reviews-Le_Relais_de_Saint_Exupery-Ouarzazate_Draa_Tafilalet.html#REVIEWS
(129 reviews),Ouarzazate,,,0,,,https://www.tripadvisor.com/Restaurant_Review-g304018-d5012191-Reviews-CoteSud-Ouarzazate_Draa_Tafilalet.html#REVIEWS
(73 reviews),Ouarzazate,,,0,,,https://www.tripadvisor.com/Restaurant_Review-g304018-d10521923-Reviews-Restaurant_L_ile_De_Ouarzazate-Ouarzazate_Draa_Tafilalet.html#REVIEWS
(175 reviews),Ouarzazate,,,0,,,https://www.tripadvisor.com/Restaurant_Review-g304018-d1650842-Reviews-Restaurant_3Thes-Ouarzazate_Draa_Tafilalet.html#REVIEWS
(12 reviews),Ouarzazate,,,0,,,https://www.tripadvisor.com/Restaurant_Review-g304018-d26773311-Reviews-Plateau_de_Mer-Ouarzazate_Draa_Tafilalet.html#REVIEWS
(12 reviews),Ouarzazate,,,0,,,https://www.tripadvisor.com/Restaurant_Review-g304018-d27473321-Reviews-Shawarma_Food-Ouarzazate_Draa_Tafilalet.html#REVIEWS
(22 reviews),Ouarzazate,,,0,,,https://www.tripadvisor.com/Restaurant_Review-g304018-d23931481-Reviews-Restaurant_Chay-Ouarzazate_Draa_Tafilalet.html#REVIEWS
(24 reviews),Ouarzazate,,,0,,,https://www.tripadvisor.com/Restaurant_Review-g23212469-d4937609-Reviews-Kasbah_Restaurant-Skoura_Ouarzazate_Draa_Tafilalet.html#REVIEWS
(43 reviews),Ouarzazate,,,0,,,https://www.tripadvisor.com/Restaurant_Review-g304018-d6561281-Reviews-Auberge_La_Roche_Noire_Restaurant-Ouarzazate_Draa_Tafilalet.html#REVIEWS
(4 reviews),Ouarzazate,,,0,,,https://www.tripadvisor.com/Restaurant_Review-g304018-d19944989-Reviews-Pizzeria_Il_Postino-Ouarzazate_Draa_Tafilalet.html#REVIEWS
(23 reviews),Ouarzazate,,,0,,,https://www.tripadvisor.com/Restaurant_Review-g304018-d32971202-Reviews-Restaurant_LaKasbah_Etoile-Ouarzazate_Draa_Tafilalet.html#REVIEWS
(364 reviews),Tinghir,,,0,,,https://www.tripadvisor.com/Restaurant_Review-g480211-d1983455-Reviews-Restaurant_La_Petite_Gorge-Tinerhir_Souss_Massa.html#REVIEWS
(144 reviews),Tinghir,,,0,,,https://www.tripadvisor.com/Restaurant_Review-g480211-d16879596-Reviews-Kasbah_Petit_Nomade-Tinerhir_Souss_Massa.html#REVIEWS
(246 reviews),Tinghir,,,0,,,https://www.tripadvisor.com/Restaurant_Review-g480211-d1762214-Reviews-Cafe_Restaurant_Central-Tinerhir_Souss_Massa.html#REVIEWS
(30 reviews),Tinghir,,,0,,,https://www.tripadvisor.com/Restaurant_Review-g480211-d33339968-Reviews-Le_Naturel-Tinerhir_Souss_Massa.html#REVIEWS
(48 reviews),Tinghir,,,0,,,https://www.tripadvisor.com/Restaurant_Review-g480211-d3612826-Reviews-Family_el_Mabrouk-Tinerhir_Souss_Massa.html#REVIEWS
(49 reviews),Tinghir,,,0,,,https://www.tripadvisor.com/Restaurant_Review-g480211-d1766550-Reviews-Chez_Michele-Tinerhir_Souss_Massa.html#REVIEWS
(16 reviews),Tinghir,,,0,,,https://www.tripadvisor.com/Restaurant_Review-g480211-d3181466-Reviews-Kasbah_Restaurant_Amazir-Tinerhir_Souss_Massa.html#REVIEWS
(8 reviews),Tinghir,,,0,,,https://www.tripadvisor.com/Restaurant_Review-g480211-d19823594-Reviews-Cafe_Restaurant_Source_Des_Poissons_Sacres_Cher_Abdell-Tinerhir_Souss_Massa.html#REVIEWS
(43 reviews),Tinghir,,,0,,,https://www.tripadvisor.com/Restaurant_Review-g480211-d15145191-Reviews-Restaurant_La_Table_Marocaine-Tinerhir_Souss_Massa.html#REVIEWS
(29 reviews),Tinghir,,,0,,,https://www.tripadvisor.com/Restaurant_Review-g480211-d15266183-Reviews-Al_manadir_Todra_Gorge-Tinerhir_Souss_Massa.html#REVIEWS
(40 reviews),Tinghir,,,0,,,https://www.tripadvisor.com/Restaurant_Review-g480211-d5986164-Reviews-Restaurant_and_Cafe_La_Place_Tinghir-Tinerhir_Souss_Massa.html#REVIEWS
(23 reviews),Tinghir,,,0,,,https://www.tripadvisor.com/Restaurant_Review-g480211-d5575292-Reviews-Yasmina_Hotel_Restaurant-Tinerhir_Souss_Massa.html#REVIEWS
(46 reviews),Tinghir,,,0,,,https://www.tripadvisor.com/Restaurant_Review-g480211-d3673578-Reviews-Restaurant_Inass-Tinerhir_Souss_Massa.html#REVIEWS
(18 reviews),Tinghir,,,0,,,https://www.tripadvisor.com/Restaurant_Review-g480211-d13115005-Reviews-Restaurant_riad_dar_bab_todra-Tinerhir_Souss_Massa.html#REVIEWS
(21 reviews),Tinghir,,,0,,,https://www.tripadvisor.com/Restaurant_Review-g480211-d13344061-Reviews-Cafe_Restaurant_Dounia-Tinerhir_Souss_Massa.html#REVIEWS
(5 reviews),Tinghir,,,0,,,https://www.tripadvisor.com/Restaurant_Review-g480211-d19229014-Reviews-Iriki-Tinerhir_Souss_Massa.html#REVIEWS
(24 reviews),Tinghir,,,0,,,https://www.tripadvisor.com/Restaurant_Review-g480211-d7646564-Reviews-Restaurant_La_Kasbah-Tinerhir_Souss_Massa.html#REVIEWS
(15 reviews),Tinghir,,,0,,,https://www.tripadvisor.com/Restaurant_Review-g480211-d15078801-Reviews-Auberge_Restaurant_Tizgui-Tinerhir_Souss_Massa.html#REVIEWS
(17 reviews),Tinghir,,,0,,,https://www.tripadvisor.com/Restaurant_Review-g480211-d7228434-Reviews-Kasbah_Dar_Ahlam-Tinerhir_Souss_Massa.html#REVIEWS
(4 reviews),Tinghir,,,0,,,https://www.tripadvisor.com/Restaurant_Review-g480211-d25552968-Reviews-Restaurant_Essaada_Tinghir-Tinerhir_Souss_Massa.html#REVIEWS
(1 review),Tinghir,,,0,,,https://www.tripadvisor.com/Restaurant_Review-g480211-d28045670-Reviews-Restaurant_M_SIMPLE-Tinerhir_Souss_Massa.html#REVIEWS
(13 reviews),Tinghir,,,0,,,https://www.tripadvisor.com/Restaurant_Review-g480211-d15663524-Reviews-El_Yasmina_Resto_Milk_Bar-Tinerhir_Souss_Massa.html#REVIEWS
(2 reviews),Tinghir,,,0,,,https://www.tripadvisor.com/Restaurant_Review-g480211-d25344626-Reviews-Cafe_Snack_Istanbul-Tinerhir_Souss_Massa.html#REVIEWS
(3 reviews),Tinghir,,,0,,,https://www.tripadvisor.com/Restaurant_Review-g480211-d33113554-Reviews-Relax_Food_Gorges_De_Todra-Tinerhir_Souss_Massa.html#REVIEWS
(1 review),Tinghir,,,0,,,https://www.tripadvisor.com/Restaurant_Review-g480211-d32732618-Reviews-Sol_Del_Oasis_Comfort_Cuisine-Tinerhir_Souss_Massa.html#REVIEWS
(0 reviews),Tinghir,,,0,,,https://www.tripadvisor.com/Restaurant_Review-g480211-d32715960-Reviews-Restaurant_Snack_Luxe-Tinerhir_Souss_Massa.html#REVIEWS
(8 reviews),Tinghir,,,0,,,https://www.tripadvisor.com/Restaurant_Review-g480211-d15752693-Reviews-Les_Jardins_des_Gorges-Tinerhir_Souss_Massa.html#REVIEWS
(2 reviews),Tinghir,,,0,,,https://www.tripadvisor.com/Restaurant_Review-g480211-d32830589-Reviews-Restaurant_Riad_Amodou-Tinerhir_Souss_Massa.html#REVIEWS
(1 review),Tinghir,,,0,,,https://www.tripadvisor.com/Restaurant_Review-g480211-d19229196-Reviews-Omari_Kasbah-Tinerhir_Souss_Massa.html#REVIEWS
(2 reviews),Tinghir,,,0,,,https://www.tripadvisor.com/Restaurant_Review-g480211-d9704288-Reviews-Restaurant_Tinghir-Tinerhir_Souss_Massa.html#REVIEWS
"RESTAURANTZagora Grill Room4.44.4 of 5 bubbles(82 reviews)Centurion, South Africa25 mentions ofZagora""…Not happy with my first experience atZagoraand won't reccomend this place…""",Zagora,,,0,,,https://www.tripadvisor.com/Restaurant_Review-g312613-d4309296-Reviews-Zagora_Grill_Room-Centurion_Gauteng.html
(82 reviews),Zagora,,,0,,,https://www.tripadvisor.com/Restaurant_Review-g312613-d4309296-Reviews-Zagora_Grill_Room-Centurion_Gauteng.html#REVIEWS
"RESTAURANTRestaurant Marwa4.64.6 of 5 bubbles(309 reviews)Zagora, Morocco24 mentions ofZagora""…You can definitely find better value for your money elsewhere inZagora.…""",Zagora,,,0,,,https://www.tripadvisor.com/Restaurant_Review-g304023-d7231802-Reviews-Restaurant_Marwa-Zagora_Souss_Massa.html
(309 reviews),Zagora,,,0,,,https://www.tripadvisor.com/Restaurant_Review-g304023-d7231802-Reviews-Restaurant_Marwa-Zagora_Souss_Massa.html#REVIEWS
"RESTAURANTZagora Restaurant4.84.8 of 5 bubbles(148 reviews)Fez, Morocco6 mentions ofZagora""…Me and my friend went toZagoraRestaurant tonight, the atmosphere was…""",Zagora,,,0,,,https://www.tripadvisor.com/Restaurant_Review-g293733-d1215731-Reviews-Zagora_Restaurant-Fez_Fez_Meknes.html
(148 reviews),Zagora,,,0,,,https://www.tripadvisor.com/Restaurant_Review-g293733-d1215731-Reviews-Zagora_Restaurant-Fez_Fez_Meknes.html#REVIEWS
"RESTAURANTTsaria 654.34.3 of 5 bubbles(148 reviews)Stara Zagora, Bulgaria21 mentions ofZagora""…Undoubtedly, this is the only restaurant in StaraZagorathat can meet…""",Zagora,,,0,,,https://www.tripadvisor.com/Restaurant_Review-g303651-d6707549-Reviews-Tsaria_65-Stara_Zagora_Stara_Zagora_Province.html
(148 reviews),Zagora,,,0,,,https://www.tripadvisor.com/Restaurant_Review-g303651-d6707549-Reviews-Tsaria_65-Stara_Zagora_Stara_Zagora_Province.html#REVIEWS
"RESTAURANTRestaurant Shtastliveca4.24.2 of 5 bubbles(94 reviews)Stara Zagora, Bulgaria17 mentions ofZagora""…the same restaurant in other cities but will not visit again in StaraZagora…""",Zagora,,,0,,,https://www.tripadvisor.com/Restaurant_Review-g303651-d2632673-Reviews-Restaurant_Shtastliveca-Stara_Zagora_Stara_Zagora_Province.html
(94 reviews),Zagora,,,0,,,https://www.tripadvisor.com/Restaurant_Review-g303651-d2632673-Reviews-Restaurant_Shtastliveca-Stara_Zagora_Stara_Zagora_Province.html#REVIEWS
"RESTAURANTuniquato restaurant4.24.2 of 5 bubbles(118 reviews)Stara Zagora, Bulgaria13 mentions ofZagora""…he best Restaurant in StaraZagora.…""",Zagora,,,0,,,https://www.tripadvisor.com/Restaurant_Review-g303651-d3210683-Reviews-Uniquato_restaurant-Stara_Zagora_Stara_Zagora_Province.html
(118 reviews),Zagora,,,0,,,https://www.tripadvisor.com/Restaurant_Review-g303651-d3210683-Reviews-Uniquato_restaurant-Stara_Zagora_Stara_Zagora_Province.html#REVIEWS
"RESTAURANTMeintani4.14.1 of 5 bubbles(269 reviews)Zagora, Magnesia Region, Greece18 mentions ofZagora""…We have been a couple of times last few years inZagoraand each time it…""",Zagora,,,0,,,https://www.tripadvisor.com/Restaurant_Review-g2139125-d4818550-Reviews-Meintani-Zagora_Magnesia_Region_Thessaly.html
(269 reviews),Zagora,,,0,,,https://www.tripadvisor.com/Restaurant_Review-g2139125-d4818550-Reviews-Meintani-Zagora_Magnesia_Region_Thessaly.html#REVIEWS
"RESTAURANTMantos4.14.1 of 5 bubbles(38 reviews)Stara Zagora, Bulgaria10 mentions ofZagora""…The best restaurant in StaraZagora.…""",Zagora,,,0,,,https://www.tripadvisor.com/Restaurant_Review-g303651-d4562496-Reviews-Mantos-Stara_Zagora_Stara_Zagora_Province.html
(38 reviews),Zagora,,,0,,,https://www.tripadvisor.com/Restaurant_Review-g303651-d4562496-Reviews-Mantos-Stara_Zagora_Stara_Zagora_Province.html#REVIEWS
"RESTAURANTKasbah of peace  draa valley  Zagora4.94.9 of 5 bubbles(53 reviews)Zagora, Morocco2 mentions ofZagora""…Convenient location on the main road leading toZagora.…""",Zagora,,,0,,,https://www.tripadvisor.com/Restaurant_Review-g304023-d23966989-Reviews-Kasbah_of_peace_draa_valley_Zagora-Zagora_Souss_Massa.html
(53 reviews),Zagora,,,0,,,https://www.tripadvisor.com/Restaurant_Review-g304023-d23966989-Reviews-Kasbah_of_peace_draa_valley_Zagora-Zagora_Souss_Massa.html#REVIEWS
"RESTAURANTPizza Venecia4.04 of 5 bubbles(43 reviews)Stara Zagora, Bulgaria10 mentions ofZagora""…A must when in StaraZagora.Excellent food and service.…""",Zagora,,,0,,,https://www.tripadvisor.com/Restaurant_Review-g303651-d7350003-Reviews-Pizza_Venecia-Stara_Zagora_Stara_Zagora_Province.html
(43 reviews),Zagora,,,0,,,https://www.tripadvisor.com/Restaurant_Review-g303651-d7350003-Reviews-Pizza_Venecia-Stara_Zagora_Stara_Zagora_Province.html#REVIEWS
"RESTAURANTChevermeto3.93.9 of 5 bubbles(52 reviews)Stara Zagora, Bulgaria9 mentions ofZagora""…good service
Highly recommanded
If you plan to have lunch in StaraZagora…""",Zagora,,,0,,,https://www.tripadvisor.com/Restaurant_Review-g303651-d1055265-Reviews-Chevermeto-Stara_Zagora_Stara_Zagora_Province.html
(52 reviews),Zagora,,,0,,,https://www.tripadvisor.com/Restaurant_Review-g303651-d1055265-Reviews-Chevermeto-Stara_Zagora_Stara_Zagora_Province.html#REVIEWS
"RESTAURANTAsaada Restaurant and Café4.84.8 of 5 bubbles(34 reviews)Zagora, Morocco3 mentions ofZagora""…This place is located in the center ofZagoraand has a lovely terrace…""",Zagora,,,0,,,https://www.tripadvisor.com/Restaurant_Review-g304023-d12450971-Reviews-Asaada_Restaurant_and_Cafe-Zagora_Souss_Massa.html
(34 reviews),Zagora,,,0,,,https://www.tripadvisor.com/Restaurant_Review-g304023-d12450971-Reviews-Asaada_Restaurant_and_Cafe-Zagora_Souss_Massa.html#REVIEWS
"RESTAURANTBeer Kolobars4.74.7 of 5 bubbles(6 reviews)Stara Zagora, Bulgaria4 mentions ofZagora""…This is the only bar I go to when I visit StaraZagora.…""",Zagora,,,0,,,https://www.tripadvisor.com/Restaurant_Review-g303651-d19493725-Reviews-Beer_Kolobars-Stara_Zagora_Stara_Zagora_Province.html
(6 reviews),Zagora,,,0,,,https://www.tripadvisor.com/Restaurant_Review-g303651-d19493725-Reviews-Beer_Kolobars-Stara_Zagora_Stara_Zagora_Province.html#REVIEWS
"RESTAURANTTaverna O Patis4.04 of 5 bubbles(86 reviews)Zagora, Magnesia Region, Greece7 mentions ofZagora""…For us this was the better place to eat in the center ofZagora.…""",Zagora,,,0,,,https://www.tripadvisor.com/Restaurant_Review-g2139125-d6765821-Reviews-Taverna_O_Patis-Zagora_Magnesia_Region_Thessaly.html
(86 reviews),Zagora,,,0,,,https://www.tripadvisor.com/Restaurant_Review-g2139125-d6765821-Reviews-Taverna_O_Patis-Zagora_Magnesia_Region_Thessaly.html#REVIEWS
"RESTAURANTPri Kmeta4.34.3 of 5 bubbles(11 reviews)Stara Zagora, Bulgaria4 mentions ofZagora""…cound enjoy some delicious food and cold drinks in the centre of StaraZagora.…""",Zagora,,,0,,,https://www.tripadvisor.com/Restaurant_Review-g303651-d12690466-Reviews-Pri_Kmeta-Stara_Zagora_Stara_Zagora_Province.html
(11 reviews),Zagora,,,0,,,https://www.tripadvisor.com/Restaurant_Review-g303651-d12690466-Reviews-Pri_Kmeta-Stara_Zagora_Stara_Zagora_Province.html#REVIEWS
"RESTAURANTCaffe Restaurant Chez Omar3.73.7 of 5 bubbles(65 reviews)Zagora, Morocco7 mentions ofZagora""…Was mide days inZagoraand is coold and i like to have thé hot becouse…""",Zagora,,,0,,,https://www.tripadvisor.com/Restaurant_Review-g304023-d6103985-Reviews-Caffe_Restaurant_Chez_Omar-Zagora_Souss_Massa.html
(65 reviews),Zagora,,,0,,,https://www.tripadvisor.com/Restaurant_Review-g304023-d6103985-Reviews-Caffe_Restaurant_Chez_Omar-Zagora_Souss_Massa.html#REVIEWS
"RESTAURANTGostionica Zagora4.64.6 of 5 bubbles(33 reviews)Prapatnica, Croatia3 mentions ofZagora""…Prices are also, we recommendZagoraplata za dvoje. 51 eur together food…""",Zagora,,,0,,,https://www.tripadvisor.com/Restaurant_Review-g7644877-d7603711-Reviews-Gostionica_Zagora-Prapatnica_Split_Dalmatia_County_Dalmatia.html
(33 reviews),Zagora,,,0,,,https://www.tripadvisor.com/Restaurant_Review-g7644877-d7603711-Reviews-Gostionica_Zagora-Prapatnica_Split_Dalmatia_County_Dalmatia.html#REVIEWS
"RESTAURANTVilla Zagora - Ma Villa au Sahara4.84.8 of 5 bubbles(34 reviews)Zagora, Morocco3 mentions ofZagora""…We stayed one night at the VillaZagoraand loved everything about our…""",Zagora,,,0,,,https://www.tripadvisor.com/Restaurant_Review-g304023-d10948340-Reviews-Villa_Zagora_Ma_Villa_au_Sahara-Zagora_Souss_Massa.html
(34 reviews),Zagora,,,0,,,https://www.tripadvisor.com/Restaurant_Review-g304023-d10948340-Reviews-Villa_Zagora_Ma_Villa_au_Sahara-Zagora_Souss_Massa.html#REVIEWS
"RESTAURANTDromadaire Gourmand4.44.4 of 5 bubbles(91 reviews)Zagora, Morocco4 mentions ofZagora""…An absolute gem inZagora!…""",Zagora,,,0,,,https://www.tripadvisor.com/Restaurant_Review-g304023-d4103112-Reviews-Dromadaire_Gourmand-Zagora_Souss_Massa.html
(91 reviews),Zagora,,,0,,,https://www.tripadvisor.com/Restaurant_Review-g304023-d4103112-Reviews-Dromadaire_Gourmand-Zagora_Souss_Massa.html#REVIEWS
"RESTAURANTRestaurant Jardin Chez Ali4.84.8 of 5 bubbles(44 reviews)Zagora, Morocco5 mentions ofZagora""…We would like to thanks lots chez AliZagorafor very delicious we had…""",Zagora,,,0,,,https://www.tripadvisor.com/Restaurant_Review-g304023-d19625032-Reviews-Restaurant_Jardin_Chez_Ali-Zagora_Souss_Massa.html
(44 reviews),Zagora,,,0,,,https://www.tripadvisor.com/Restaurant_Review-g304023-d19625032-Reviews-Restaurant_Jardin_Chez_Ali-Zagora_Souss_Massa.html#REVIEWS
"RESTAURANTRadiofono All Day Cafe Bar4.34.3 of 5 bubbles(38 reviews)Zagora, Magnesia Region, Greece3 mentions ofZagora""…Pelion andZagoravillage have the best summer temperature in the area.…""",Zagora,,,0,,,https://www.tripadvisor.com/Restaurant_Review-g2139125-d10375088-Reviews-Radiofono_All_Day_Cafe_Bar-Zagora_Magnesia_Region_Thessaly.html
(38 reviews),Zagora,,,0,,,https://www.tripadvisor.com/Restaurant_Review-g2139125-d10375088-Reviews-Radiofono_All_Day_Cafe_Bar-Zagora_Magnesia_Region_Thessaly.html#REVIEWS
"RESTAURANTSpodelena Wine Bar And Shop5.05 of 5 bubbles(3 reviews)Stara Zagora, Bulgaria1 mention ofZagora""…The best wine place in the heart of StaraZagora.…""",Zagora,,,0,,,https://www.tripadvisor.com/Restaurant_Review-g303651-d24940215-Reviews-Spodelena_Wine_Bar_And_Shop-Stara_Zagora_Stara_Zagora_Province.html
(3 reviews),Zagora,,,0,,,https://www.tripadvisor.com/Restaurant_Review-g303651-d24940215-Reviews-Spodelena_Wine_Bar_And_Shop-Stara_Zagora_Stara_Zagora_Province.html#REVIEWS
"RESTAURANTUniqato Hotel Restaurant4.24.2 of 5 bubbles(5 reviews)Stara Zagora, Bulgaria2 mentions ofZagora""…very nice hotel and restaurant in StaraZagora.…""",Zagora,,,0,,,https://www.tripadvisor.com/Restaurant_Review-g303651-d19930296-Reviews-Uniqato_Hotel_Restaurant-Stara_Zagora_Stara_Zagora_Province.html
(5 reviews),Zagora,,,0,,,https://www.tripadvisor.com/Restaurant_Review-g303651-d19930296-Reviews-Uniqato_Hotel_Restaurant-Stara_Zagora_Stara_Zagora_Province.html#REVIEWS
"RESTAURANTRestaurant Tifany3.73.7 of 5 bubbles(9 reviews)Stara Zagora, Bulgaria3 mentions ofZagora""…A great place in StaraZagora…""",Zagora,,,0,,,https://www.tripadvisor.com/Restaurant_Review-g303651-d6847137-Reviews-Restaurant_Tifany-Stara_Zagora_Stara_Zagora_Province.html
(9 reviews),Zagora,,,0,,,https://www.tripadvisor.com/Restaurant_Review-g303651-d6847137-Reviews-Restaurant_Tifany-Stara_Zagora_Stara_Zagora_Province.html#REVIEWS
"RESTAURANT042 Bar & Dinner3.03 of 5 bubbles(5 reviews)Stara Zagora, Bulgaria1 mention ofZagora""…Awesome new restaurant in the heart of  StaraZagora.…""",Zagora,,,0,,,https://www.tripadvisor.com/Restaurant_Review-g303651-d23676166-Reviews-042_Bar_Dinner-Stara_Zagora_Stara_Zagora_Province.html
(5 reviews),Zagora,,,0,,,https://www.tripadvisor.com/Restaurant_Review-g303651-d23676166-Reviews-042_Bar_Dinner-Stara_Zagora_Stara_Zagora_Province.html#REVIEWS
"RESTAURANTZagora Brunch - Specialty Coffee and Tea4.84.8 of 5 bubbles(24 reviews)Lisbon, Portugal1 mention ofZagora""…Zagora Brunch is easily one of my favorite spots in Lisbon!…""",Zagora,,,0,,,https://www.tripadvisor.com/Restaurant_Review-g189158-d23557155-Reviews-Zagora_Brunch_Specialty_Coffee_and_Tea-Lisbon_Lisbon_District_Central_Portugal.html
(24 reviews),Zagora,,,0,,,https://www.tripadvisor.com/Restaurant_Review-g189158-d23557155-Reviews-Zagora_Brunch_Specialty_Coffee_and_Tea-Lisbon_Lisbon_District_Central_Portugal.html#REVIEWS
"RESTAURANTZagora Constanta3.53.5 of 5 bubbles(13 reviews)Constanta, Romania1 mention ofZagora""…in Constanta to eat and spend some very good time, you should chooseZagora…""",Zagora,,,0,,,https://www.tripadvisor.com/Restaurant_Review-g295396-d19753866-Reviews-Zagora_Constanta-Constanta_Constanta_County_Southeast_Romania.html
(13 reviews),Zagora,,,0,,,https://www.tripadvisor.com/Restaurant_Review-g295396-d19753866-Reviews-Zagora_Constanta-Constanta_Constanta_County_Southeast_Romania.html#REVIEWS
"RESTAURANTCafé Restaurant Douni4.04 of 5 bubbles(1 review)Zagora, Morocco1 mention ofZagora""…Definetly inZagoranot Agadir…""",Zagora,,,0,,,https://www.tripadvisor.com/Restaurant_Review-g304023-d27710111-Reviews-Cafe_Restaurant_Douni-Zagora_Souss_Massa.html
(1 review),Zagora,,,0,,,https://www.tripadvisor.com/Restaurant_Review-g304023-d27710111-Reviews-Cafe_Restaurant_Douni-Zagora_Souss_Massa.html#REVIEWS
"RESTAURANTDovena Family Tavern4.24.2 of 5 bubbles(16 reviews)Zagora, Magnesia Region, Greece2 mentions ofZagora""…I sure next time inZagoraI will be there for sure…""",Zagora,,,0,,,https://www.tripadvisor.com/Restaurant_Review-g2139125-d25366342-Reviews-Dovena_Family_Tavern-Zagora_Magnesia_Region_Thessaly.html
(16 reviews),Zagora,,,0,,,https://www.tripadvisor.com/Restaurant_Review-g2139125-d25366342-Reviews-Dovena_Family_Tavern-Zagora_Magnesia_Region_Thessaly.html#REVIEWS
"RESTAURANTRestaurant Orfeida3.53.5 of 5 bubbles(23 reviews)Stara Zagora, Bulgaria2 mentions ofZagora""…Visit it in the summer - perfect Friday evening in StaraZagora.…""",Zagora,,,0,,,https://www.tripadvisor.com/Restaurant_Review-g303651-d11907827-Reviews-Restaurant_Orfeida-Stara_Zagora_Stara_Zagora_Province.html
(23 reviews),Zagora,,,0,,,https://www.tripadvisor.com/Restaurant_Review-g303651-d11907827-Reviews-Restaurant_Orfeida-Stara_Zagora_Stara_Zagora_Province.html#REVIEWS
(460 reviews),Midelt,,,0,,,https://www.tripadvisor.com/Restaurant_Review-g580098-d5967402-Reviews-Restaurant_Merzouga-Midelt_Meknes_Tafilalet_Region.html#REVIEWS
(168 reviews),Midelt,,,0,,,https://www.tripadvisor.com/Restaurant_Review-g580098-d19195500-Reviews-Restaurant_Pizzeria_Azizi-Midelt_Meknes_Tafilalet_Region.html#REVIEWS
(6 reviews),Midelt,,,0,,,https://www.tripadvisor.com/Restaurant_Review-g580098-d24083195-Reviews-Snack_Melouki_Centre_Al_Madina-Midelt_Meknes_Tafilalet_Region.html#REVIEWS
(16 reviews),Midelt,,,0,,,https://www.tripadvisor.com/Restaurant_Review-g580098-d20243191-Reviews-Cafe_restaurant_Amirat_Cham-Midelt_Meknes_Tafilalet_Region.html#REVIEWS
(4 reviews),Midelt,,,0,,,https://www.tripadvisor.com/Restaurant_Review-g580098-d26856270-Reviews-Black_Rose_Pizzeria-Midelt_Meknes_Tafilalet_Region.html#REVIEWS
(1 review),Midelt,,,0,,,https://www.tripadvisor.com/Restaurant_Review-g580098-d34291694-Reviews-Restaurant_Old_Beijing-Midelt_Meknes_Tafilalet_Region.html#REVIEWS
(19 reviews),Midelt,,,0,,,https://www.tripadvisor.com/Restaurant_Review-g580098-d7894991-Reviews-Cafe_Restaurant_Delice-Midelt_Meknes_Tafilalet_Region.html#REVIEWS
(20 reviews),Midelt,,,0,,,https://www.tripadvisor.com/Restaurant_Review-g580098-d12288334-Reviews-Restaurant_Diafa-Midelt_Meknes_Tafilalet_Region.html#REVIEWS
(3 reviews),Midelt,,,0,,,https://www.tripadvisor.com/Restaurant_Review-g580098-d26913383-Reviews-Restaurant_NADIA-Midelt_Meknes_Tafilalet_Region.html#REVIEWS
(5 reviews),Midelt,,,0,,,https://www.tripadvisor.com/Restaurant_Review-g580098-d15061857-Reviews-Sahara_Pekin_Restaurant-Midelt_Meknes_Tafilalet_Region.html#REVIEWS
(9 reviews),Midelt,,,0,,,https://www.tripadvisor.com/Restaurant_Review-g580098-d17531275-Reviews-Restaurant_Rihab-Midelt_Meknes_Tafilalet_Region.html#REVIEWS
(0 reviews),Midelt,,,0,,,https://www.tripadvisor.com/Restaurant_Review-g580098-d20264027-Reviews-New_Perla-Midelt_Meknes_Tafilalet_Region.html#REVIEWS
(63 reviews),Midelt,,,0,,,https://www.tripadvisor.com/Restaurant_Review-g580098-d7239788-Reviews-Complexe_Touristique_le_Pin-Midelt_Meknes_Tafilalet_Region.html#REVIEWS
(3 reviews),Midelt,,,0,,,https://www.tripadvisor.com/Restaurant_Review-g580098-d24840901-Reviews-X_Laz-Midelt_Meknes_Tafilalet_Region.html#REVIEWS
(2 reviews),Midelt,,,0,,,https://www.tripadvisor.com/Restaurant_Review-g580098-d32981634-Reviews-Berber_Restaurant-Midelt_Meknes_Tafilalet_Region.html#REVIEWS
(0 reviews),Midelt,,,0,,,https://www.tripadvisor.com/Restaurant_Review-g580098-d27116158-Reviews-Cafe_restaurant_O_Parc-Midelt_Meknes_Tafilalet_Region.html#REVIEWS
(2 reviews),Midelt,,,0,,,https://www.tripadvisor.com/Restaurant_Review-g580098-d25156853-Reviews-Le_Petit_Jardin-Midelt_Meknes_Tafilalet_Region.html#REVIEWS
(3 reviews),Midelt,,,0,,,https://www.tripadvisor.com/Restaurant_Review-g580098-d11740724-Reviews-Restaurant_Bougafer-Midelt_Meknes_Tafilalet_Region.html#REVIEWS
(1 review),Midelt,,,0,,,https://www.tripadvisor.com/Restaurant_Review-g580098-d15758692-Reviews-Resto_Bazizi-Midelt_Meknes_Tafilalet_Region.html#REVIEWS
(2 reviews),Midelt,,,0,,,https://www.tripadvisor.com/Restaurant_Review-g580098-d13549021-Reviews-Cafe_Restaurant_Ben_Abbou-Midelt_Meknes_Tafilalet_Region.html#REVIEWS
(0 reviews),Midelt,,,0,,,https://www.tripadvisor.com/Restaurant_Review-g580098-d26800653-Reviews-Holidoo-Midelt_Meknes_Tafilalet_Region.html#REVIEWS
(1 review),Midelt,,,0,,,https://www.tripadvisor.com/Restaurant_Review-g580098-d11957620-Reviews-Gold_Cafe_Restaurant-Midelt_Meknes_Tafilalet_Region.html#REVIEWS
(0 reviews),Midelt,,,0,,,https://www.tripadvisor.com/Restaurant_Review-g580098-d15189457-Reviews-Restaurant_L_escale-Midelt_Meknes_Tafilalet_Region.html#REVIEWS
(0 reviews),Midelt,,,0,,,https://www.tripadvisor.com/Restaurant_Review-g580098-d19605739-Reviews-Restaurant_Cafe_Moutahir-Midelt_Meknes_Tafilalet_Region.html#REVIEWS
(0 reviews),Midelt,,,0,,,https://www.tripadvisor.com/Restaurant_Review-g580098-d25194652-Reviews-Cafe_Restaurant_De_France_Beau_Rivage-Midelt_Meknes_Tafilalet_Region.html#REVIEWS
(0 reviews),Midelt,,,0,,,https://www.tripadvisor.com/Restaurant_Review-g580098-d25462197-Reviews-12cool-Midelt_Meknes_Tafilalet_Region.html#REVIEWS
(0 reviews),Midelt,,,0,,,https://www.tripadvisor.com/Restaurant_Review-g580098-d17532184-Reviews-Restaurant_Rihab_Midelt-Midelt_Meknes_Tafilalet_Region.html#REVIEWS
(0 reviews),Midelt,,,0,,,https://www.tripadvisor.com/Restaurant_Review-g580098-d34375559-Reviews-Cafe_Restaurant_Excelsior-Midelt_Meknes_Tafilalet_Region.html#REVIEWS
"RESTAURANTRestaurant La Baraka Rissani4.74.7 of 5 bubbles(208 reviews)Rissani, Morocco29 mentions ofRissani""…looking for good places for lunch and I found restaurant labataka inrissani…""",Rissani,,,0,,,https://www.tripadvisor.com/Restaurant_Review-g304019-d3196534-Reviews-Restaurant_La_Baraka_Rissani-Rissani_Meknes_Tafilalet_Region.html
(208 reviews),Rissani,,,0,,,https://www.tripadvisor.com/Restaurant_Review-g304019-d3196534-Reviews-Restaurant_La_Baraka_Rissani-Rissani_Meknes_Tafilalet_Region.html#REVIEWS
"RESTAURANTPanorama Restaurant4.54.5 of 5 bubbles(93 reviews)Rissani, Morocco22 mentions ofRissani""…We visited this restaurant during our stay inRissani, we arrived in the…""",Rissani,,,0,,,https://www.tripadvisor.com/Restaurant_Review-g304019-d2372581-Reviews-Panorama_Restaurant-Rissani_Meknes_Tafilalet_Region.html
(93 reviews),Rissani,,,0,,,https://www.tripadvisor.com/Restaurant_Review-g304019-d2372581-Reviews-Panorama_Restaurant-Rissani_Meknes_Tafilalet_Region.html#REVIEWS
"RESTAURANTCafe Slimania4.94.9 of 5 bubbles(70 reviews)Rissani, Morocco12 mentions ofRissani""…It was good to taste Moroccan food and the Local pizza Madfouna inRissani…""",Rissani,,,0,,,https://www.tripadvisor.com/Restaurant_Review-g304019-d2711594-Reviews-Cafe_Slimania-Rissani_Meknes_Tafilalet_Region.html
(70 reviews),Rissani,,,0,,,https://www.tripadvisor.com/Restaurant_Review-g304019-d2711594-Reviews-Cafe_Slimania-Rissani_Meknes_Tafilalet_Region.html#REVIEWS
"RESTAURANTFriends Cafe Resaturant جبر الخواطر5.05 of 5 bubbles(14 reviews)Rissani, Morocco5 mentions ofRissani""…An amazing experience at the Friends inRissani.…""",Rissani,,,0,,,https://www.tripadvisor.com/Restaurant_Review-g304019-d25337413-Reviews-Friends_Cafe_Resaturant-Rissani_Meknes_Tafilalet_Region.html
(14 reviews),Rissani,,,0,,,https://www.tripadvisor.com/Restaurant_Review-g304019-d25337413-Reviews-Friends_Cafe_Resaturant-Rissani_Meknes_Tafilalet_Region.html#REVIEWS
"RESTAURANTCafé Restaurant Amraoui4.94.9 of 5 bubbles(54 reviews)Rissani, Morocco7 mentions ofRissani""…We visited this restaurant on a trip toRissanispecifically for Berber…""",Rissani,,,0,,,https://www.tripadvisor.com/Restaurant_Review-g304019-d13227743-Reviews-Cafe_Restaurant_Amraoui-Rissani_Meknes_Tafilalet_Region.html
(54 reviews),Rissani,,,0,,,https://www.tripadvisor.com/Restaurant_Review-g304019-d13227743-Reviews-Cafe_Restaurant_Amraoui-Rissani_Meknes_Tafilalet_Region.html#REVIEWS
"RESTAURANTRestaurant Crcr4.84.8 of 5 bubbles(36 reviews)Rissani, Morocco5 mentions ofRissani""…This is the one medfouna restaurant I take my friends to when we visitRissani.…""",Rissani,,,0,,,https://www.tripadvisor.com/Restaurant_Review-g304019-d16407628-Reviews-Restaurant_Crcr-Rissani_Meknes_Tafilalet_Region.html
(36 reviews),Rissani,,,0,,,https://www.tripadvisor.com/Restaurant_Review-g304019-d16407628-Reviews-Restaurant_Crcr-Rissani_Meknes_Tafilalet_Region.html#REVIEWS
"RESTAURANTRestaurant Chez M'barek4.54.5 of 5 bubbles(2 reviews)Rissani, Morocco1 mention ofRissani""…We stopped in the restaurant chez mbarek inrissanito try the  local…""",Rissani,,,0,,,https://www.tripadvisor.com/Restaurant_Review-g304019-d4292469-Reviews-Restaurant_Chez_M_barek-Rissani_Meknes_Tafilalet_Region.html
(2 reviews),Rissani,,,0,,,https://www.tripadvisor.com/Restaurant_Review-g304019-d4292469-Reviews-Restaurant_Chez_M_barek-Rissani_Meknes_Tafilalet_Region.html#REVIEWS
"RESTAURANTRestaurant Oasis5.05 of 5 bubbles(4 reviews)Rissani, Morocco1 mention ofRissani""…Welcome to the restaurant oasis inrissaniI have all food for example…""",Rissani,,,0,,,https://www.tripadvisor.com/Restaurant_Review-g304019-d19612012-Reviews-Restaurant_Oasis-Rissani_Meknes_Tafilalet_Region.html
(4 reviews),Rissani,,,0,,,https://www.tripadvisor.com/Restaurant_Review-g304019-d19612012-Reviews-Restaurant_Oasis-Rissani_Meknes_Tafilalet_Region.html#REVIEWS
"RESTAURANTRissani4.44.4 of 5 bubbles(97 reviews)Berlin, Germany",Rissani,,,0,,,https://www.tripadvisor.com/Restaurant_Review-g187323-d1341426-Reviews-Rissani-Berlin.html
(97 reviews),Rissani,,,0,,,https://www.tripadvisor.com/Restaurant_Review-g187323-d1341426-Reviews-Rissani-Berlin.html#REVIEWS
"RESTAURANTRissani Imbiss4.24.2 of 5 bubbles(9 reviews)Bernau, Brandenburg, Germany",Rissani,,,0,,,https://www.tripadvisor.com/Restaurant_Review-g198428-d13430805-Reviews-Rissani_Imbiss-Bernau_Brandenburg.html
(9 reviews),Rissani,,,0,,,https://www.tripadvisor.com/Restaurant_Review-g198428-d13430805-Reviews-Rissani_Imbiss-Bernau_Brandenburg.html#REVIEWS
"RESTAURANTCafe Bar RissaniMeknes, Morocco",Rissani,,,0,,,https://www.tripadvisor.com/Restaurant_Review-g293735-d4282523-Reviews-Cafe_Bar_Rissani-Meknes_Fez_Meknes.html
"RESTAURANTDonia Restaurant RissaniRissani, Morocco",Rissani,,,0,,,https://www.tripadvisor.com/Restaurant_Review-g304019-d23117367-Reviews-Donia_Restaurant_Rissani-Rissani_Meknes_Tafilalet_Region.html
"RESTAURANTFalafel & Shawarma RissaniBerlin, Germany",Rissani,,,0,,,https://www.tripadvisor.com/Restaurant_Review-g187323-d27978085-Reviews-Falafel_Shawarma_Rissani-Berlin.html
"RESTAURANTKasbah Ennasra Restaurant4.44.4 of 5 bubbles(7 reviews)Rissani, Morocco",Rissani,,,0,,,https://www.tripadvisor.com/Restaurant_Review-g304019-d7288781-Reviews-Kasbah_Ennasra_Restaurant-Rissani_Meknes_Tafilalet_Region.html
(7 reviews),Rissani,,,0,,,https://www.tripadvisor.com/Restaurant_Review-g304019-d7288781-Reviews-Kasbah_Ennasra_Restaurant-Rissani_Meknes_Tafilalet_Region.html#REVIEWS
"RESTAURANTLa Baraka4.34.3 of 5 bubbles(3 reviews)Rissani, Morocco",Rissani,,,0,,,https://www.tripadvisor.com/Restaurant_Review-g304019-d2437353-Reviews-La_Baraka-Rissani_Meknes_Tafilalet_Region.html
(3 reviews),Rissani,,,0,,,https://www.tripadvisor.com/Restaurant_Review-g304019-d2437353-Reviews-La_Baraka-Rissani_Meknes_Tafilalet_Region.html#REVIEWS
"RESTAURANTRestaurant Kasbah Tafilalet4.34.3 of 5 bubbles(4 reviews)Rissani, Morocco",Rissani,,,0,,,https://www.tripadvisor.com/Restaurant_Review-g304019-d11019405-Reviews-Restaurant_Kasbah_Tafilalet-Rissani_Meknes_Tafilalet_Region.html
(4 reviews),Rissani,,,0,,,https://www.tripadvisor.com/Restaurant_Review-g304019-d11019405-Reviews-Restaurant_Kasbah_Tafilalet-Rissani_Meknes_Tafilalet_Region.html#REVIEWS
"RESTAURANTRestaurant La Palmeraie5.05 of 5 bubbles(4 reviews)Rissani, Morocco",Rissani,,,0,,,https://www.tripadvisor.com/Restaurant_Review-g304019-d12900334-Reviews-Restaurant_La_Palmeraie-Rissani_Meknes_Tafilalet_Region.html
(4 reviews),Rissani,,,0,,,https://www.tripadvisor.com/Restaurant_Review-g304019-d12900334-Reviews-Restaurant_La_Palmeraie-Rissani_Meknes_Tafilalet_Region.html#REVIEWS
"RESTAURANTRestaurant Chez Omar5.05 of 5 bubbles(10 reviews)Rissani, Morocco",Rissani,,,0,,,https://www.tripadvisor.com/Restaurant_Review-g304019-d34317642-Reviews-Restaurant_Chez_Omar-Rissani_Meknes_Tafilalet_Region.html
(10 reviews),Rissani,,,0,,,https://www.tripadvisor.com/Restaurant_Review-g304019-d34317642-Reviews-Restaurant_Chez_Omar-Rissani_Meknes_Tafilalet_Region.html#REVIEWS
"RESTAURANTCoffee restaurant Louja5.05 of 5 bubbles(4 reviews)Rissani, Morocco",Rissani,,,0,,,https://www.tripadvisor.com/Restaurant_Review-g304019-d26998241-Reviews-Coffee_restaurant_Louja-Rissani_Meknes_Tafilalet_Region.html
(4 reviews),Rissani,,,0,,,https://www.tripadvisor.com/Restaurant_Review-g304019-d26998241-Reviews-Coffee_restaurant_Louja-Rissani_Meknes_Tafilalet_Region.html#REVIEWS
"RESTAURANTCafe Restaurant TOMBOUCTOU4.74.7 of 5 bubbles(6 reviews)Rissani, Morocco",Rissani,,,0,,,https://www.tripadvisor.com/Restaurant_Review-g304019-d4926949-Reviews-Cafe_Restaurant_TOMBOUCTOU-Rissani_Meknes_Tafilalet_Region.html
(6 reviews),Rissani,,,0,,,https://www.tripadvisor.com/Restaurant_Review-g304019-d4926949-Reviews-Cafe_Restaurant_TOMBOUCTOU-Rissani_Meknes_Tafilalet_Region.html#REVIEWS
"RESTAURANTAuberge Restaurant4.04 of 5 bubbles(2 reviews)Rissani, Morocco",Rissani,,,0,,,https://www.tripadvisor.com/Restaurant_Review-g304019-d16813629-Reviews-Auberge_Restaurant-Rissani_Meknes_Tafilalet_Region.html
(2 reviews),Rissani,,,0,,,https://www.tripadvisor.com/Restaurant_Review-g304019-d16813629-Reviews-Auberge_Restaurant-Rissani_Meknes_Tafilalet_Region.html#REVIEWS
"RESTAURANTKasbah restaurant panorama oasisRissani, Morocco",Rissani,,,0,,,https://www.tripadvisor.com/Restaurant_Review-g304019-d16801163-Reviews-Kasbah_restaurant_panorama_oasis-Rissani_Meknes_Tafilalet_Region.html
"RESTAURANTHafid Youssoufi alaouiRissani, Morocco",Rissani,,,0,,,https://www.tripadvisor.com/Restaurant_Review-g304019-d34029368-Reviews-Hafid_Youssoufi_alaoui-Rissani_Meknes_Tafilalet_Region.html
"RESTAURANTFriends Café Restaurant5.05 of 5 bubbles(1 review)Rissani, Morocco",Rissani,,,0,,,https://www.tripadvisor.com/Restaurant_Review-g304019-d25340266-Reviews-Friends_Cafe_Restaurant-Rissani_Meknes_Tafilalet_Region.html
(1 review),Rissani,,,0,,,https://www.tripadvisor.com/Restaurant_Review-g304019-d25340266-Reviews-Friends_Cafe_Restaurant-Rissani_Meknes_Tafilalet_Region.html#REVIEWS
"RESTAURANTCafé Restaurant L'oasisRissani, Morocco",Rissani,,,0,,,https://www.tripadvisor.com/Restaurant_Review-g304019-d25078262-Reviews-Cafe_Restaurant_L_oasis-Rissani_Meknes_Tafilalet_Region.html
(1 review),Guelmim,,,0,,,https://www.tripadvisor.com/Restaurant_Review-g668854-d27720998-Reviews-Tasty_Food_Guelmim-Guelmim_Guelmim_Oued_Noun.html#REVIEWS
(2 reviews),Guelmim,,,0,,,https://www.tripadvisor.com/Restaurant_Review-g668854-d26994823-Reviews-Burger_Nouhaila-Guelmim_Guelmim_Oued_Noun.html#REVIEWS
(2 reviews),Guelmim,,,0,,,https://www.tripadvisor.com/Restaurant_Review-g668854-d26935779-Reviews-Restaurant_Yassin-Guelmim_Guelmim_Oued_Noun.html#REVIEWS
(1 review),Guelmim,,,0,,,https://www.tripadvisor.com/Restaurant_Review-g668854-d21079891-Reviews-Estauren_lLabalina_Glmim-Guelmim_Guelmim_Oued_Noun.html#REVIEWS
(0 reviews),Guelmim,,,0,,,https://www.tripadvisor.com/Restaurant_Review-g668854-d27684618-Reviews-Le_911-Guelmim_Guelmim_Oued_Noun.html#REVIEWS
(0 reviews),Guelmim,,,0,,,https://www.tripadvisor.com/Restaurant_Review-g668854-d27724909-Reviews-Tasty_Food-Guelmim_Guelmim_Oued_Noun.html#REVIEWS
(0 reviews),Guelmim,,,0,,,https://www.tripadvisor.com/Restaurant_Review-g668854-d27163424-Reviews-Fish_khayi-Guelmim_Guelmim_Oued_Noun.html#REVIEWS
Wenon Food,Guelmim,,,0,,,https://www.tripadvisor.com/Restaurant_Review-g668854-d26998511-Reviews-Wenon_Food-Guelmim_Guelmim_Oued_Noun.html
"RESTAURANTTan Tan Cafe & Deli4.24.2 of 5 bubbles(30 reviews)Beaverton, Oregon11 mentions ofTan-Tan""…TanTanis a delightful Vietnamese grocery/restaurant.…""",Tan-Tan,,,0,,,https://www.tripadvisor.com/Restaurant_Review-g51765-d881971-Reviews-Tan_Tan_Cafe_Deli-Beaverton_Oregon.html
(30 reviews),Tan-Tan,,,0,,,https://www.tripadvisor.com/Restaurant_Review-g51765-d881971-Reviews-Tan_Tan_Cafe_Deli-Beaverton_Oregon.html#REVIEWS
"RESTAURANTTokyo Tan - Tan Ramen4.44.4 of 5 bubbles(16 reviews)Hanoi, Vietnam1 mention ofTan-Tan""…Their famous isTan-tanRamen. Super good!…""",Tan-Tan,,,0,,,https://www.tripadvisor.com/Restaurant_Review-g293924-d16695446-Reviews-Tokyo_Tan_Tan_Ramen-Hanoi.html
(16 reviews),Tan-Tan,,,0,,,https://www.tripadvisor.com/Restaurant_Review-g293924-d16695446-Reviews-Tokyo_Tan_Tan_Ramen-Hanoi.html#REVIEWS
"RESTAURANTTan Tan4.34.3 of 5 bubbles(345 reviews)Sao Paulo, State of Sao Paulo, Brazil2 mentions ofTan-Tan""…Tantannoodle bar is one of the best Ramen restaurantes in sao paulo..…""",Tan-Tan,,,0,,,https://www.tripadvisor.com/Restaurant_Review-g303631-d9998529-Reviews-Tan_Tan-Sao_Paulo_State_of_Sao_Paulo.html
(345 reviews),Tan-Tan,,,0,,,https://www.tripadvisor.com/Restaurant_Review-g303631-d9998529-Reviews-Tan_Tan-Sao_Paulo_State_of_Sao_Paulo.html#REVIEWS
"RESTAURANTTan Tan5.05 of 5 bubbles(2 reviews)Sokcho, South Korea1 mention ofTan-TanEnjoy Korean BBQ and drinks in a warm and welcoming atmosphere alongside friendly locals. Tan Tan offers a unique Korean dining experience centered around traditional Yeontan grilling and genuine local hospitality. Please note that we are closed on the first and third Sundays of each month.",Tan-Tan,,,0,,,https://www.tripadvisor.com/Restaurant_Review-g317129-d34452295-Reviews-Tan_Tan-Sokcho_Gangwon_do.html
(2 reviews),Tan-Tan,,,0,,,https://www.tripadvisor.com/Restaurant_Review-g317129-d34452295-Reviews-Tan_Tan-Sokcho_Gangwon_do.html#REVIEWS
"RESTAURANTTan Tan Wok3.23.2 of 5 bubbles(13 reviews)North Bay, Ontario, Canada",Tan-Tan,,,0,,,https://www.tripadvisor.com/Restaurant_Review-g155000-d5033344-Reviews-Tan_Tan_Wok-North_Bay_Northeastern_Ontario_Ontario.html
(13 reviews),Tan-Tan,,,0,,,https://www.tripadvisor.com/Restaurant_Review-g155000-d5033344-Reviews-Tan_Tan_Wok-North_Bay_Northeastern_Ontario_Ontario.html#REVIEWS
"RESTAURANTTan Tan Men4.14.1 of 5 bubbles(58 reviews)Bangkok, Thailand10 mentions ofTan-Tan""…I tried thetantanmen after which the name restaurant has been named.…""",Tan-Tan,,,0,,,https://www.tripadvisor.com/Restaurant_Review-g293916-d953864-Reviews-Tan_Tan_Men-Bangkok.html
(58 reviews),Tan-Tan,,,0,,,https://www.tripadvisor.com/Restaurant_Review-g293916-d953864-Reviews-Tan_Tan_Men-Bangkok.html#REVIEWS
"RESTAURANTTan Tan3.83.8 of 5 bubbles(84 reviews)Houston, Texas22 mentions ofTan-Tan""…I'm will not take friendly, family,
acquaintance here anymore to thisTan…""",Tan-Tan,,,0,,,https://www.tripadvisor.com/Restaurant_Review-g56003-d471263-Reviews-Tan_Tan-Houston_Texas.html
(84 reviews),Tan-Tan,,,0,,,https://www.tripadvisor.com/Restaurant_Review-g56003-d471263-Reviews-Tan_Tan-Houston_Texas.html#REVIEWS
"RESTAURANTTan Tan Ramen4.24.2 of 5 bubbles(21 reviews)Caserta, Campania, Italy",Tan-Tan,,,0,,,https://www.tripadvisor.com/Restaurant_Review-g194713-d28143315-Reviews-Tan_Tan_Ramen-Caserta_Province_of_Caserta_Campania.html
(21 reviews),Tan-Tan,,,0,,,https://www.tripadvisor.com/Restaurant_Review-g194713-d28143315-Reviews-Tan_Tan_Ramen-Caserta_Province_of_Caserta_Campania.html#REVIEWS
"RESTAURANTTan Tan Wok4.54.5 of 5 bubbles(2 reviews)Katy, Texas",Tan-Tan,,,0,,,https://www.tripadvisor.com/Restaurant_Review-g56062-d26917544-Reviews-Tan_Tan_Wok-Katy_Texas.html
(2 reviews),Tan-Tan,,,0,,,https://www.tripadvisor.com/Restaurant_Review-g56062-d26917544-Reviews-Tan_Tan_Wok-Katy_Texas.html#REVIEWS
"RESTAURANTTan Tan4.04 of 5 bubbles(1 review)Phnom Penh, Cambodia",Tan-Tan,,,0,,,https://www.tripadvisor.com/Restaurant_Review-g293940-d23026235-Reviews-Tan_Tan-Phnom_Penh.html
(1 review),Tan-Tan,,,0,,,https://www.tripadvisor.com/Restaurant_Review-g293940-d23026235-Reviews-Tan_Tan-Phnom_Penh.html#REVIEWS
"RESTAURANTTan Tan Men House3.93.9 of 5 bubbles(7 reviews)Makati, Philippines4 mentions ofTan-Tan""…Ordered there best dishTanTanMen. Rich and spicy.…""",Tan-Tan,,,0,,,https://www.tripadvisor.com/Restaurant_Review-g298450-d13314863-Reviews-Tan_Tan_Men_House-Makati_Metro_Manila_Luzon.html
(7 reviews),Tan-Tan,,,0,,,https://www.tripadvisor.com/Restaurant_Review-g298450-d13314863-Reviews-Tan_Tan_Men_House-Makati_Metro_Manila_Luzon.html#REVIEWS
"RESTAURANTCha Ca Tan Tan4.14.1 of 5 bubbles(16 reviews)Hanoi, Vietnam",Tan-Tan,,,0,,,https://www.tripadvisor.com/Restaurant_Review-g293924-d12407647-Reviews-Cha_Ca_Tan_Tan-Hanoi.html
(16 reviews),Tan-Tan,,,0,,,https://www.tripadvisor.com/Restaurant_Review-g293924-d12407647-Reviews-Cha_Ca_Tan_Tan-Hanoi.html#REVIEWS
"RESTAURANTHanoi Tan Tan5.05 of 5 bubbles(1 review)Hanoi, Vietnam",Tan-Tan,,,0,,,https://www.tripadvisor.com/Restaurant_Review-g293924-d33249843-Reviews-Hanoi_Tan_Tan-Hanoi.html
(1 review),Tan-Tan,,,0,,,https://www.tripadvisor.com/Restaurant_Review-g293924-d33249843-Reviews-Hanoi_Tan_Tan-Hanoi.html#REVIEWS
"RESTAURANTTan Tan Dan5.05 of 5 bubbles(2 reviews)Stockholm, Sweden",Tan-Tan,,,0,,,https://www.tripadvisor.com/Restaurant_Review-g189852-d33338125-Reviews-Tan_Tan_Dan-Stockholm.html
(2 reviews),Tan-Tan,,,0,,,https://www.tripadvisor.com/Restaurant_Review-g189852-d33338125-Reviews-Tan_Tan_Dan-Stockholm.html#REVIEWS
"RESTAURANTRamen House Tan Tan4.24.2 of 5 bubbles(15 reviews)Barcelona, Catalonia, Spain",Tan-Tan,,,0,,,https://www.tripadvisor.com/Restaurant_Review-g187497-d15594783-Reviews-Ramen_House_Tan_Tan-Barcelona_Catalonia.html
(15 reviews),Tan-Tan,,,0,,,https://www.tripadvisor.com/Restaurant_Review-g187497-d15594783-Reviews-Ramen_House_Tan_Tan-Barcelona_Catalonia.html#REVIEWS
"RESTAURANTOma's Tan Tan Nudeln2.02 of 5 bubbles(4 reviews)Munich, Bavaria, Germany",Tan-Tan,,,0,,,https://www.tripadvisor.com/Restaurant_Review-g187309-d28133441-Reviews-Oma_s_Tan_Tan_Nudeln-Munich_Upper_Bavaria_Bavaria.html
(4 reviews),Tan-Tan,,,0,,,https://www.tripadvisor.com/Restaurant_Review-g187309-d28133441-Reviews-Oma_s_Tan_Tan_Nudeln-Munich_Upper_Bavaria_Bavaria.html#REVIEWS
"RESTAURANTTokyo Tan-Tan Ramen5.05 of 5 bubbles(1 review)Hanoi, Vietnam",Tan-Tan,,,0,,,https://www.tripadvisor.com/Restaurant_Review-g293924-d26259050-Reviews-Tokyo_Tan_Tan_Ramen-Hanoi.html
(1 review),Tan-Tan,,,0,,,https://www.tripadvisor.com/Restaurant_Review-g293924-d26259050-Reviews-Tokyo_Tan_Tan_Ramen-Hanoi.html#REVIEWS
"RESTAURANTTan's Donut4.44.4 of 5 bubbles(5 reviews)Santa Rosa, California2 mentions ofTan-Tan""…Well, at the start of February,Tan'sgoes the extra step with Heart Shaped…""",Tan-Tan,,,0,,,https://www.tripadvisor.com/Restaurant_Review-g33055-d10637124-Reviews-Tan_s_Donut-Santa_Rosa_Sonoma_County_California.html
(5 reviews),Tan-Tan,,,0,,,https://www.tripadvisor.com/Restaurant_Review-g33055-d10637124-Reviews-Tan_s_Donut-Santa_Rosa_Sonoma_County_California.html#REVIEWS
"RESTAURANTTan's Asian Cafe4.14.1 of 5 bubbles(108 reviews)Tallahassee, Florida33 mentions ofTan-Tan""…LoveTan’s!…""",Tan-Tan,,,0,,,https://www.tripadvisor.com/Restaurant_Review-g34675-d1739261-Reviews-Tan_s_Asian_Cafe-Tallahassee_Florida.html
(108 reviews),Tan-Tan,,,0,,,https://www.tripadvisor.com/Restaurant_Review-g34675-d1739261-Reviews-Tan_s_Asian_Cafe-Tallahassee_Florida.html#REVIEWS
"RESTAURANTTan's Garden3.23.2 of 5 bubbles(28 reviews)Manahawkin, New Jersey12 mentions ofTan-Tan""…great restaurant winter spring summer fallTAN'Sthe MAN!!!!…""",Tan-Tan,,,0,,,https://www.tripadvisor.com/Restaurant_Review-g46592-d3324482-Reviews-Tan_s_Garden-Manahawkin_New_Jersey.html
(28 reviews),Tan-Tan,,,0,,,https://www.tripadvisor.com/Restaurant_Review-g46592-d3324482-Reviews-Tan_s_Garden-Manahawkin_New_Jersey.html#REVIEWS
"RESTAURANTColonel Tan's4.24.2 of 5 bubbles(45 reviews)Prahran, Victoria, Australia14 mentions ofTan-Tan""…ColonelTan’sis the type of place that Melbourne does so well.…""",Tan-Tan,,,0,,,https://www.tripadvisor.com/Restaurant_Review-g261664-d3393288-Reviews-Colonel_Tan_s-Prahran_Stonnington_Greater_Melbourne_Victoria.html
(45 reviews),Tan-Tan,,,0,,,https://www.tripadvisor.com/Restaurant_Review-g261664-d3393288-Reviews-Colonel_Tan_s-Prahran_Stonnington_Greater_Melbourne_Victoria.html#REVIEWS
"RESTAURANTTan's Chinese Restaurant4.74.7 of 5 bubbles(13 reviews)Pullman, Washington7 mentions ofTan-Tan""…Second time visitingTan’sas it is right across from a frequent stay spot…""",Tan-Tan,,,0,,,https://www.tripadvisor.com/Restaurant_Review-g58692-d14932483-Reviews-Tan_s_Chinese_Restaurant-Pullman_Washington.html
(13 reviews),Tan-Tan,,,0,,,https://www.tripadvisor.com/Restaurant_Review-g58692-d14932483-Reviews-Tan_s_Chinese_Restaurant-Pullman_Washington.html#REVIEWS
"RESTAURANTTan's Pizza4.84.8 of 5 bubbles(25 reviews)Orange Walk, Belize13 mentions ofTan-Tan""…Tan was keeping me company. Also the pizza was good!…""",Tan-Tan,,,0,,,https://www.tripadvisor.com/Restaurant_Review-g291978-d7982402-Reviews-Tan_s_Pizza-Orange_Walk_Orange_Walk_District.html
(25 reviews),Tan-Tan,,,0,,,https://www.tripadvisor.com/Restaurant_Review-g291978-d7982402-Reviews-Tan_s_Pizza-Orange_Walk_Orange_Walk_District.html#REVIEWS
"RESTAURANTTan's Family Resturant3.13.1 of 5 bubbles(21 reviews)Cole Harbour, Nova Scotia, Canada5 mentions ofTan-Tan""…We tried the takeout option atTan’sand were very impressed.…""",Tan-Tan,,,0,,,https://www.tripadvisor.com/Restaurant_Review-g5986387-d2429434-Reviews-Tan_s_Family_Resturant-Cole_Harbour_Halifax_Regional_Municipality_Nova_Scotia.html
(21 reviews),Tan-Tan,,,0,,,https://www.tripadvisor.com/Restaurant_Review-g5986387-d2429434-Reviews-Tan_s_Family_Resturant-Cole_Harbour_Halifax_Regional_Municipality_Nova_Scotia.html#REVIEWS
"RESTAURANTTan's Bar4.84.8 of 5 bubbles(32 reviews)Yufu, Oita Prefecture, Japan",Tan-Tan,,,0,,,https://www.tripadvisor.com/Restaurant_Review-g1023445-d1902721-Reviews-Tan_s_Bar-Yufu_Oita_Prefecture_Kyushu.html
(32 reviews),Tan-Tan,,,0,,,https://www.tripadvisor.com/Restaurant_Review-g1023445-d1902721-Reviews-Tan_s_Bar-Yufu_Oita_Prefecture_Kyushu.html#REVIEWS
"RESTAURANTTantan4.04 of 5 bubbles(2 reviews)Kyoto, Kyoto Prefecture, Japan",Tan-Tan,,,0,,,https://www.tripadvisor.com/Restaurant_Review-g298564-d1702384-Reviews-Tantan-Kyoto_Kyoto_Prefecture_Kinki.html
(2 reviews),Tan-Tan,,,0,,,https://www.tripadvisor.com/Restaurant_Review-g298564-d1702384-Reviews-Tantan-Kyoto_Kyoto_Prefecture_Kinki.html#REVIEWS
"RESTAURANTPho Tan's Vietnamese3.63.6 of 5 bubbles(17 reviews)Vancouver, British Columbia, Canada2 mentions ofTan-Tan""…We visited PhoTan'sin Kerrisdale twice this month, the first time by…""",Tan-Tan,,,0,,,https://www.tripadvisor.com/Restaurant_Review-g154943-d9728131-Reviews-Pho_Tan_s_Vietnamese-Vancouver_British_Columbia.html
(17 reviews),Tan-Tan,,,0,,,https://www.tripadvisor.com/Restaurant_Review-g154943-d9728131-Reviews-Pho_Tan_s_Vietnamese-Vancouver_British_Columbia.html#REVIEWS
"RESTAURANTTan's Donuts3.93.9 of 5 bubbles(7 reviews)Oceanside, California1 mention ofTan-Tan""…We totally love, the delightful, cheerful ladies who own & operateTan's…""",Tan-Tan,,,0,,,https://www.tripadvisor.com/Restaurant_Review-g32815-d7893919-Reviews-Tan_s_Donuts-Oceanside_California.html
(7 reviews),Tan-Tan,,,0,,,https://www.tripadvisor.com/Restaurant_Review-g32815-d7893919-Reviews-Tan_s_Donuts-Oceanside_California.html#REVIEWS
"RESTAURANTTan's Doughnuts4.24.2 of 5 bubbles(5 reviews)Santa Rosa, California1 mention ofTan-Tan""…I searched online and foundTan's.…""",Tan-Tan,,,0,,,https://www.tripadvisor.com/Restaurant_Review-g33055-d4930834-Reviews-Tan_s_Doughnuts-Santa_Rosa_Sonoma_County_California.html
(5 reviews),Tan-Tan,,,0,,,https://www.tripadvisor.com/Restaurant_Review-g33055-d4930834-Reviews-Tan_s_Doughnuts-Santa_Rosa_Sonoma_County_California.html#REVIEWS
"RESTAURANTTan's House Restaurant3.43.4 of 5 bubbles(7 reviews)Yorba Linda, California2 mentions ofTan-Tan""…I would absolutely come back toTan'sHouse and recommend it for anyone…""",Tan-Tan,,,0,,,https://www.tripadvisor.com/Restaurant_Review-g33298-d11957835-Reviews-Tan_s_House_Restaurant-Yorba_Linda_California.html
(7 reviews),Tan-Tan,,,0,,,https://www.tripadvisor.com/Restaurant_Review-g33298-d11957835-Reviews-Tan_s_House_Restaurant-Yorba_Linda_California.html#REVIEWS
(332 reviews),Sidi Ifni,,,0,,,https://www.tripadvisor.com/Restaurant_Review-g793713-d1951172-Reviews-Cafe_Restaurant_Nomad-Sidi_Ifni_Souss_Massa.html#REVIEWS
(264 reviews),Sidi Ifni,,,0,,,https://www.tripadvisor.com/Restaurant_Review-g793713-d5973492-Reviews-Restaurant_Gran_Canaria-Sidi_Ifni_Souss_Massa.html#REVIEWS
(40 reviews),Sidi Ifni,,,0,,,https://www.tripadvisor.com/Restaurant_Review-g793713-d17794987-Reviews-Ilel_Sea_Food-Sidi_Ifni_Souss_Massa.html#REVIEWS
(6 reviews),Sidi Ifni,,,0,,,https://www.tripadvisor.com/Restaurant_Review-g793713-d10680389-Reviews-Cafe_Restaurant_Pesca_Del_Dia-Sidi_Ifni_Souss_Massa.html#REVIEWS
(34 reviews),Sidi Ifni,,,0,,,https://www.tripadvisor.com/Restaurant_Review-g793713-d2052639-Reviews-Caf_e_Restaurant_Mar_Pequena-Sidi_Ifni_Souss_Massa.html#REVIEWS
(3 reviews),Sidi Ifni,,,0,,,https://www.tripadvisor.com/Restaurant_Review-g793713-d14940918-Reviews-Restaurant_Snack_Laroussi-Sidi_Ifni_Souss_Massa.html#REVIEWS
(12 reviews),Sidi Ifni,,,0,,,https://www.tripadvisor.com/Restaurant_Review-g793713-d2656936-Reviews-Miramar-Sidi_Ifni_Souss_Massa.html#REVIEWS
(5 reviews),Sidi Ifni,,,0,,,https://www.tripadvisor.com/Restaurant_Review-g793713-d4137476-Reviews-Auberge_La_PARDELA-Sidi_Ifni_Souss_Massa.html#REVIEWS
(1 review),Sidi Ifni,,,0,,,https://www.tripadvisor.com/Restaurant_Review-g793713-d19291664-Reviews-Auberce_Cafe_Restaurant_Ocean-Sidi_Ifni_Souss_Massa.html#REVIEWS
(12 reviews),Sidi Ifni,,,0,,,https://www.tripadvisor.com/Restaurant_Review-g793713-d2102865-Reviews-Tagout-Sidi_Ifni_Souss_Massa.html#REVIEWS
(5 reviews),Sidi Ifni,,,0,,,https://www.tripadvisor.com/Restaurant_Review-g793713-d5988402-Reviews-Restaurant_Safa-Sidi_Ifni_Souss_Massa.html#REVIEWS
(2 reviews),Sidi Ifni,,,0,,,https://www.tripadvisor.com/Restaurant_Review-g793713-d7234560-Reviews-Charl_owens-Sidi_Ifni_Souss_Massa.html#REVIEWS
(13 reviews),Laayoune,,,0,,,https://www.tripadvisor.com/Restaurant_Review-g479762-d26217445-Reviews-Gardenia_Hf-Laayoune_Laayoune_Sakia_El_Hamra.html#REVIEWS
(5 reviews),Laayoune,,,0,,,https://www.tripadvisor.com/Restaurant_Review-g479762-d24138663-Reviews-Jumeirah_Restaurant_Cafe-Laayoune_Laayoune_Sakia_El_Hamra.html#REVIEWS
(2 reviews),Laayoune,,,0,,,https://www.tripadvisor.com/Restaurant_Review-g479762-d33260399-Reviews-Hash_tag-Laayoune_Laayoune_Sakia_El_Hamra.html#REVIEWS
(1 review),Laayoune,,,0,,,https://www.tripadvisor.com/Restaurant_Review-g479762-d28119181-Reviews-Machawi_Dajaj-Laayoune_Laayoune_Sakia_El_Hamra.html#REVIEWS
(4 reviews),Laayoune,,,0,,,https://www.tripadvisor.com/Restaurant_Review-g479762-d23735119-Reviews-Restaurant_Mc_Lamadone-Laayoune_Laayoune_Sakia_El_Hamra.html#REVIEWS
(16 reviews),Laayoune,,,0,,,https://www.tripadvisor.com/Restaurant_Review-g479762-d19101579-Reviews-Mrhabti_Restaurant-Laayoune_Laayoune_Sakia_El_Hamra.html#REVIEWS
(1 review),Laayoune,,,0,,,https://www.tripadvisor.com/Restaurant_Review-g479762-d34313844-Reviews-Dar_Cesar-Laayoune_Laayoune_Sakia_El_Hamra.html#REVIEWS
(4 reviews),Laayoune,,,0,,,https://www.tripadvisor.com/Restaurant_Review-g479762-d24911105-Reviews-Sushikom-Laayoune_Laayoune_Sakia_El_Hamra.html#REVIEWS
(2 reviews),Laayoune,,,0,,,https://www.tripadvisor.com/Restaurant_Review-g479762-d17381879-Reviews-Lamadone_Restaurant-Laayoune_Laayoune_Sakia_El_Hamra.html#REVIEWS
(1 review),Laayoune,,,0,,,https://www.tripadvisor.com/Restaurant_Review-g479762-d14849366-Reviews-Espace_Sakia_El_Hamra-Laayoune_Laayoune_Sakia_El_Hamra.html#REVIEWS
(4 reviews),Laayoune,,,0,,,https://www.tripadvisor.com/Restaurant_Review-g479762-d10810136-Reviews-Oumaima-Laayoune_Laayoune_Sakia_El_Hamra.html#REVIEWS
(1 review),Laayoune,,,0,,,https://www.tripadvisor.com/Restaurant_Review-g479762-d9715592-Reviews-Oum_Essaad-Laayoune_Laayoune_Sakia_El_Hamra.html#REVIEWS
(8 reviews),Laayoune,,,0,,,https://www.tripadvisor.com/Restaurant_Review-g479762-d12281707-Reviews-Gout_De_fes-Laayoune_Laayoune_Sakia_El_Hamra.html#REVIEWS
(1 review),Laayoune,,,0,,,https://www.tripadvisor.com/Restaurant_Review-g479762-d27737792-Reviews-Riad_Al_Sham_Restaurant-Laayoune_Laayoune_Sakia_El_Hamra.html#REVIEWS
(5 reviews),Laayoune,,,0,,,https://www.tripadvisor.com/Restaurant_Review-g479762-d7322752-Reviews-Las_Dunas-Laayoune_Laayoune_Sakia_El_Hamra.html#REVIEWS
(0 reviews),Laayoune,,,0,,,https://www.tripadvisor.com/Restaurant_Review-g479762-d33035357-Reviews-Cheikh_Fahad_Restaurant-Laayoune_Laayoune_Sakia_El_Hamra.html#REVIEWS
(1 review),Laayoune,,,0,,,https://www.tripadvisor.com/Restaurant_Review-g479762-d19756199-Reviews-Cafe_Restaurant_Casablanca-Laayoune_Laayoune_Sakia_El_Hamra.html#REVIEWS
(0 reviews),Laayoune,,,0,,,https://www.tripadvisor.com/Restaurant_Review-g479762-d27952506-Reviews-Joli_Coin-Laayoune_Laayoune_Sakia_El_Hamra.html#REVIEWS
(0 reviews),Laayoune,,,0,,,https://www.tripadvisor.com/Restaurant_Review-g479762-d28119193-Reviews-Machawi_Dajaj-Laayoune_Laayoune_Sakia_El_Hamra.html#REVIEWS
(0 reviews),Laayoune,,,0,,,https://www.tripadvisor.com/Restaurant_Review-g479762-d32795273-Reviews-Restaurant_Amwaj_Dar_l_baldi-Laayoune_Laayoune_Sakia_El_Hamra.html#REVIEWS
(1 review),Laayoune,,,0,,,https://www.tripadvisor.com/Restaurant_Review-g479762-d26804025-Reviews-Mi_Casita-Laayoune_Laayoune_Sakia_El_Hamra.html#REVIEWS
(0 reviews),Laayoune,,,0,,,https://www.tripadvisor.com/Restaurant_Review-g479762-d28046891-Reviews-Mira_Cafe-Laayoune_Laayoune_Sakia_El_Hamra.html#REVIEWS
(0 reviews),Laayoune,,,0,,,https://www.tripadvisor.com/Restaurant_Review-g479762-d32795556-Reviews-Amwaj_Dar_l_baldi-Laayoune_Laayoune_Sakia_El_Hamra.html#REVIEWS
(0 reviews),Laayoune,,,0,,,https://www.tripadvisor.com/Restaurant_Review-g479762-d16884598-Reviews-Beach_Park-Laayoune_Laayoune_Sakia_El_Hamra.html#REVIEWS
(0 reviews),Laayoune,,,0,,,https://www.tripadvisor.com/Restaurant_Review-g479762-d23687570-Reviews-Sa7rawifood-Laayoune_Laayoune_Sakia_El_Hamra.html#REVIEWS
(0 reviews),Laayoune,,,0,,,https://www.tripadvisor.com/Restaurant_Review-g479762-d12342413-Reviews-Espace_Ariha-Laayoune_Laayoune_Sakia_El_Hamra.html#REVIEWS
(0 reviews),Laayoune,,,0,,,https://www.tripadvisor.com/Restaurant_Review-g479762-d10371898-Reviews-Cafe_London-Laayoune_Laayoune_Sakia_El_Hamra.html#REVIEWS
(3 reviews),Boujdour,,,0,,,https://www.tripadvisor.com/Restaurant_Review-g12606454-d20263474-Reviews-Mrhabti_boujdour-Boujdour_Laayoune_Sakia_El_Hamra.html#REVIEWS
(1 review),Boujdour,,,0,,,https://www.tripadvisor.com/Restaurant_Review-g12606454-d15970690-Reviews-Cool_Pain_Patisserie-Boujdour_Laayoune_Sakia_El_Hamra.html#REVIEWS
(0 reviews),Boujdour,,,0,,,https://www.tripadvisor.com/Restaurant_Review-g12606454-d17622407-Reviews-Restaurant_Takeaway_Hadji-Boujdour_Laayoune_Sakia_El_Hamra.html#REVIEWS
"RESTAURANTEl Xampanyet4.54.5 of 5 bubbles(2,929 reviews)Barcelona, Catalonia, Spain",Es-Smara,,,0,,,https://www.tripadvisor.com/Restaurant_Review-g187497-d697571-Reviews-El_Xampanyet-Barcelona_Catalonia.html
"(2,929 reviews)",Es-Smara,,,0,,,https://www.tripadvisor.com/Restaurant_Review-g187497-d697571-Reviews-El_Xampanyet-Barcelona_Catalonia.html#REVIEWS
"RESTAURANTLos Montes de Galicia4.84.8 of 5 bubbles(13,942 reviews)Madrid, Community of Madrid, Spain",Es-Smara,,,0,,,https://www.tripadvisor.com/Restaurant_Review-g187514-d2006562-Reviews-Los_Montes_de_Galicia-Madrid.html
"(13,942 reviews)",Es-Smara,,,0,,,https://www.tripadvisor.com/Restaurant_Review-g187514-d2006562-Reviews-Los_Montes_de_Galicia-Madrid.html#REVIEWS
"RESTAURANTLimoncello4.54.5 of 5 bubbles(3,001 reviews)Costa Adeje, Tenerife, Spain",Es-Smara,,,0,,,https://www.tripadvisor.com/Restaurant_Review-g662606-d13145326-Reviews-Limoncello-Costa_Adeje_Adeje_Tenerife_Canary_Islands.html
"(3,001 reviews)",Es-Smara,,,0,,,https://www.tripadvisor.com/Restaurant_Review-g662606-d13145326-Reviews-Limoncello-Costa_Adeje_Adeje_Tenerife_Canary_Islands.html#REVIEWS
"RESTAURANTRestaurante Amazonico3.73.7 of 5 bubbles(3,921 reviews)Madrid, Community of Madrid, Spain",Es-Smara,,,0,,,https://www.tripadvisor.com/Restaurant_Review-g187514-d10486110-Reviews-Restaurante_Amazonico-Madrid.html
"(3,921 reviews)",Es-Smara,,,0,,,https://www.tripadvisor.com/Restaurant_Review-g187514-d10486110-Reviews-Restaurante_Amazonico-Madrid.html#REVIEWS
"RESTAURANTRosi La Loca4.64.6 of 5 bubbles(9,159 reviews)Madrid, Community of Madrid, Spain",Es-Smara,,,0,,,https://www.tripadvisor.com/Restaurant_Review-g187514-d7204621-Reviews-Rosi_La_Loca-Madrid.html
"(9,159 reviews)",Es-Smara,,,0,,,https://www.tripadvisor.com/Restaurant_Review-g187514-d7204621-Reviews-Rosi_La_Loca-Madrid.html#REVIEWS
"RESTAURANTColom4.64.6 of 5 bubbles(10,671 reviews)Barcelona, Catalonia, Spain",Es-Smara,,,0,,,https://www.tripadvisor.com/Restaurant_Review-g187497-d3179219-Reviews-Colom-Barcelona_Catalonia.html
"(10,671 reviews)",Es-Smara,,,0,,,https://www.tripadvisor.com/Restaurant_Review-g187497-d3179219-Reviews-Colom-Barcelona_Catalonia.html#REVIEWS
"RESTAURANTVrutal4.94.9 of 5 bubbles(1,895 reviews)Barcelona, Catalonia, Spain",Es-Smara,,,0,,,https://www.tripadvisor.com/Restaurant_Review-g187497-d21262074-Reviews-Vrutal-Barcelona_Catalonia.html
"(1,895 reviews)",Es-Smara,,,0,,,https://www.tripadvisor.com/Restaurant_Review-g187497-d21262074-Reviews-Vrutal-Barcelona_Catalonia.html#REVIEWS
"RESTAURANTViana4.84.8 of 5 bubbles(5,444 reviews)Barcelona, Catalonia, Spain",Es-Smara,,,0,,,https://www.tripadvisor.com/Restaurant_Review-g187497-d8531409-Reviews-Viana-Barcelona_Catalonia.html
"(5,444 reviews)",Es-Smara,,,0,,,https://www.tripadvisor.com/Restaurant_Review-g187497-d8531409-Reviews-Viana-Barcelona_Catalonia.html#REVIEWS
"RESTAURANTZenith Caffè - Barcelona4.84.8 of 5 bubbles(3,040 reviews)Barcelona, Catalonia, Spain",Es-Smara,,,0,,,https://www.tripadvisor.com/Restaurant_Review-g187497-d23531482-Reviews-Zenith_Caffe_Barcelona-Barcelona_Catalonia.html
"(3,040 reviews)",Es-Smara,,,0,,,https://www.tripadvisor.com/Restaurant_Review-g187497-d23531482-Reviews-Zenith_Caffe_Barcelona-Barcelona_Catalonia.html#REVIEWS
"RESTAURANTRestaurante & Tapas El Sella4.94.9 of 5 bubbles(7,021 reviews)Seville, Andalucia, Spain",Es-Smara,,,0,,,https://www.tripadvisor.com/Restaurant_Review-g187443-d15534171-Reviews-Restaurante_Tapas_El_Sella-Seville_Province_of_Seville_Andalucia.html
"(7,021 reviews)",Es-Smara,,,0,,,https://www.tripadvisor.com/Restaurant_Review-g187443-d15534171-Reviews-Restaurante_Tapas_El_Sella-Seville_Province_of_Seville_Andalucia.html#REVIEWS
"RESTAURANTEntre Santos Cocktail Bar & Food4.94.9 of 5 bubbles(2,392 reviews)Madrid, Community of Madrid, Spain",Es-Smara,,,0,,,https://www.tripadvisor.com/Restaurant_Review-g187514-d14062978-Reviews-Entre_Santos_Cocktail_Bar_Food-Madrid.html
"(2,392 reviews)",Es-Smara,,,0,,,https://www.tripadvisor.com/Restaurant_Review-g187514-d14062978-Reviews-Entre_Santos_Cocktail_Bar_Food-Madrid.html#REVIEWS
"RESTAURANTRAÓ Restaurant4.84.8 of 5 bubbles(2,282 reviews)Barcelona, Catalonia, Spain",Es-Smara,,,0,,,https://www.tripadvisor.com/Restaurant_Review-g187497-d14129049-Reviews-RAO_Restaurant-Barcelona_Catalonia.html
"(2,282 reviews)",Es-Smara,,,0,,,https://www.tripadvisor.com/Restaurant_Review-g187497-d14129049-Reviews-RAO_Restaurant-Barcelona_Catalonia.html#REVIEWS
"RESTAURANTBlu Bar4.94.9 of 5 bubbles(2,904 reviews)Barcelona, Catalonia, Spain",Es-Smara,,,0,,,https://www.tripadvisor.com/Restaurant_Review-g187497-d13423033-Reviews-Blu_Bar-Barcelona_Catalonia.html
"(2,904 reviews)",Es-Smara,,,0,,,https://www.tripadvisor.com/Restaurant_Review-g187497-d13423033-Reviews-Blu_Bar-Barcelona_Catalonia.html#REVIEWS
"RESTAURANTCervecería Catalana4.44.4 of 5 bubbles(14,127 reviews)Barcelona, Catalonia, Spain",Es-Smara,,,0,,,https://www.tripadvisor.com/Restaurant_Review-g187497-d782944-Reviews-Cerveceria_Catalana-Barcelona_Catalonia.html
"(14,127 reviews)",Es-Smara,,,0,,,https://www.tripadvisor.com/Restaurant_Review-g187497-d782944-Reviews-Cerveceria_Catalana-Barcelona_Catalonia.html#REVIEWS
"RESTAURANTLe Romane4.94.9 of 5 bubbles(6,599 reviews)Barcelona, Catalonia, Spain",Es-Smara,,,0,,,https://www.tripadvisor.com/Restaurant_Review-g187497-d15589100-Reviews-Le_Romane-Barcelona_Catalonia.html
"(6,599 reviews)",Es-Smara,,,0,,,https://www.tripadvisor.com/Restaurant_Review-g187497-d15589100-Reviews-Le_Romane-Barcelona_Catalonia.html#REVIEWS
"RESTAURANTTaberna El Sur4.74.7 of 5 bubbles(10,491 reviews)Madrid, Community of Madrid, Spain",Es-Smara,,,0,,,https://www.tripadvisor.com/Restaurant_Review-g187514-d2527526-Reviews-Taberna_El_Sur-Madrid.html
"(10,491 reviews)",Es-Smara,,,0,,,https://www.tripadvisor.com/Restaurant_Review-g187514-d2527526-Reviews-Taberna_El_Sur-Madrid.html#REVIEWS
"RESTAURANTBelleBuon4.84.8 of 5 bubbles(4,079 reviews)Barcelona, Catalonia, Spain",Es-Smara,,,0,,,https://www.tripadvisor.com/Restaurant_Review-g187497-d4049034-Reviews-BelleBuon-Barcelona_Catalonia.html
"(4,079 reviews)",Es-Smara,,,0,,,https://www.tripadvisor.com/Restaurant_Review-g187497-d4049034-Reviews-BelleBuon-Barcelona_Catalonia.html#REVIEWS
"RESTAURANTPempek & Es Kacang Vico4.14.1 of 5 bubbles(367 reviews)Palembang, Indonesia",Es-Smara,,,0,,,https://www.tripadvisor.com/Restaurant_Review-g608501-d6728890-Reviews-Pempek_Es_Kacang_Vico-Palembang_South_Sumatra_Sumatra.html
(367 reviews),Es-Smara,,,0,,,https://www.tripadvisor.com/Restaurant_Review-g608501-d6728890-Reviews-Pempek_Es_Kacang_Vico-Palembang_South_Sumatra_Sumatra.html#REVIEWS
"RESTAURANTE's Oven4.34.3 of 5 bubbles(264 reviews)West End Village, Anguilla",Es-Smara,,,0,,,https://www.tripadvisor.com/Restaurant_Review-g671490-d1464956-Reviews-E_s_Oven-West_End_Village_Anguilla.html
(264 reviews),Es-Smara,,,0,,,https://www.tripadvisor.com/Restaurant_Review-g671490-d1464956-Reviews-E_s_Oven-West_End_Village_Anguilla.html#REVIEWS
"RESTAURANTSweet E's Cafe4.74.7 of 5 bubbles(698 reviews)Honolulu, Hawaii",Es-Smara,,,0,,,https://www.tripadvisor.com/Restaurant_Review-g60982-d3364900-Reviews-Sweet_E_s_Cafe-Honolulu_Oahu_Hawaii.html
(698 reviews),Es-Smara,,,0,,,https://www.tripadvisor.com/Restaurant_Review-g60982-d3364900-Reviews-Sweet_E_s_Cafe-Honolulu_Oahu_Hawaii.html#REVIEWS
"RESTAURANTEl Nacional4.04 of 5 bubbles(6,832 reviews)Barcelona, Catalonia, Spain",Es-Smara,,,0,,,https://www.tripadvisor.com/Restaurant_Review-g187497-d7175242-Reviews-El_Nacional-Barcelona_Catalonia.html
"(6,832 reviews)",Es-Smara,,,0,,,https://www.tripadvisor.com/Restaurant_Review-g187497-d7175242-Reviews-El_Nacional-Barcelona_Catalonia.html#REVIEWS
"RESTAURANTEl Pimpi3.83.8 of 5 bubbles(17,355 reviews)Malaga, Costa del Sol, Spain",Es-Smara,,,0,,,https://www.tripadvisor.com/Restaurant_Review-g187438-d806282-Reviews-El_Pimpi-Malaga_Costa_del_Sol_Province_of_Malaga_Andalucia.html
"(17,355 reviews)",Es-Smara,,,0,,,https://www.tripadvisor.com/Restaurant_Review-g187438-d806282-Reviews-El_Pimpi-Malaga_Costa_del_Sol_Province_of_Malaga_Andalucia.html#REVIEWS
"RESTAURANTRestaurante Botín4.04 of 5 bubbles(12,645 reviews)Madrid, Community of Madrid, Spain",Es-Smara,,,0,,,https://www.tripadvisor.com/Restaurant_Review-g187514-d1094538-Reviews-Restaurante_Botin-Madrid.html
"(12,645 reviews)",Es-Smara,,,0,,,https://www.tripadvisor.com/Restaurant_Review-g187514-d1094538-Reviews-Restaurante_Botin-Madrid.html#REVIEWS
"RESTAURANTCasa Lola4.14.1 of 5 bubbles(4,639 reviews)Malaga, Costa del Sol, Spain",Es-Smara,,,0,,,https://www.tripadvisor.com/Restaurant_Review-g187438-d3512037-Reviews-Casa_Lola-Malaga_Costa_del_Sol_Province_of_Malaga_Andalucia.html
"(4,639 reviews)",Es-Smara,,,0,,,https://www.tripadvisor.com/Restaurant_Review-g187438-d3512037-Reviews-Casa_Lola-Malaga_Costa_del_Sol_Province_of_Malaga_Andalucia.html#REVIEWS
"RESTAURANTCa's Patro March3.83.8 of 5 bubbles(1,234 reviews)Deia, Majorca, Spain",Es-Smara,,,0,,,https://www.tripadvisor.com/Restaurant_Review-g580297-d2272640-Reviews-Ca_s_Patro_March-Deia_Majorca_Balearic_Islands.html
"(1,234 reviews)",Es-Smara,,,0,,,https://www.tripadvisor.com/Restaurant_Review-g580297-d2272640-Reviews-Ca_s_Patro_March-Deia_Majorca_Balearic_Islands.html#REVIEWS
"RESTAURANTBar Cañete4.54.5 of 5 bubbles(3,397 reviews)Barcelona, Catalonia, Spain",Es-Smara,,,0,,,https://www.tripadvisor.com/Restaurant_Review-g187497-d1905775-Reviews-Bar_Canete-Barcelona_Catalonia.html
"(3,397 reviews)",Es-Smara,,,0,,,https://www.tripadvisor.com/Restaurant_Review-g187497-d1905775-Reviews-Bar_Canete-Barcelona_Catalonia.html#REVIEWS
"RESTAURANTAvinyo104.54.5 of 5 bubbles(3,426 reviews)Barcelona, Catalonia, Spain",Es-Smara,,,0,,,https://www.tripadvisor.com/Restaurant_Review-g187497-d8558090-Reviews-Avinyo10-Barcelona_Catalonia.html
"(3,426 reviews)",Es-Smara,,,0,,,https://www.tripadvisor.com/Restaurant_Review-g187497-d8558090-Reviews-Avinyo10-Barcelona_Catalonia.html#REVIEWS
"RESTAURANTOvejas Negras4.34.3 of 5 bubbles(2,725 reviews)Seville, Andalucia, Spain",Es-Smara,,,0,,,https://www.tripadvisor.com/Restaurant_Review-g187443-d2306186-Reviews-Ovejas_Negras-Seville_Province_of_Seville_Andalucia.html
"(2,725 reviews)",Es-Smara,,,0,,,https://www.tripadvisor.com/Restaurant_Review-g187443-d2306186-Reviews-Ovejas_Negras-Seville_Province_of_Seville_Andalucia.html#REVIEWS
"RESTAURANTTaberna Más Al Sur4.74.7 of 5 bubbles(7,555 reviews)Madrid, Community of Madrid, Spain",Es-Smara,,,0,,,https://www.tripadvisor.com/Restaurant_Review-g187514-d8396325-Reviews-Taberna_Mas_Al_Sur-Madrid.html
"(7,555 reviews)",Es-Smara,,,0,,,https://www.tripadvisor.com/Restaurant_Review-g187514-d8396325-Reviews-Taberna_Mas_Al_Sur-Madrid.html#REVIEWS
"RESTAURANTRestaurante La Bocana4.74.7 of 5 bubbles(3,920 reviews)Puerto Banus, Costa del Sol, Spain",Es-Smara,,,0,,,https://www.tripadvisor.com/Restaurant_Review-g1207898-d6701229-Reviews-Restaurante_La_Bocana-Puerto_Banus_Marbella_Costa_del_Sol_Province_of_Malaga_And.html
"(3,920 reviews)",Es-Smara,,,0,,,https://www.tripadvisor.com/Restaurant_Review-g1207898-d6701229-Reviews-Restaurante_La_Bocana-Puerto_Banus_Marbella_Costa_del_Sol_Province_of_Malaga_And.html#REVIEWS
