name,city,address,rating,reviews_count,cuisine,price_range,tripadvisor_url
(335 reviews),Doha,,,0,,,https://www.tripadvisor.com/Restaurant_Review-g294009-d19632666-Reviews-Sora_Rooftop-Doha.html#REVIEWS
(761 reviews),Doha,,,0,,,https://www.tripadvisor.com/Restaurant_Review-g294009-d19815762-Reviews-Bayt_El_Talleh_Restaurant-Doha.html#REVIEWS
(631 reviews),Doha,,,0,,,https://www.tripadvisor.com/Restaurant_Review-g294009-d23412579-Reviews-Saffron_Thai_Restaurant-Doha.html#REVIEWS
"(2,532 reviews)",Doha,,,0,,,https://www.tripadvisor.com/Restaurant_Review-g294009-d2538605-Reviews-Ipanema-Doha.html#REVIEWS
"(3,358 reviews)",Doha,,,0,,,https://www.tripadvisor.com/Restaurant_Review-g294009-d10022007-Reviews-Seasonal_Tastes-Doha.html#REVIEWS
"(1,623 reviews)",Doha,,,0,,,https://www.tripadvisor.com/Restaurant_Review-g294009-d10022024-Reviews-Sabai_Thai_Restaurant-Doha.html#REVIEWS
(748 reviews),Doha,,,0,,,https://www.tripadvisor.com/Restaurant_Review-g294009-d12537777-Reviews-Parisa_at_Souq_Waqif-Doha.html#REVIEWS
"(6,195 reviews)",Doha,,,0,,,https://www.tripadvisor.com/Restaurant_Review-g294009-d1576497-Reviews-Spice_Market-Doha.html#REVIEWS
(275 reviews),Doha,,,0,,,https://www.tripadvisor.com/Restaurant_Review-g294009-d33017711-Reviews-Senor_Pico_Doha-Doha.html#REVIEWS
(208 reviews),Doha,,,0,,,https://www.tripadvisor.com/Restaurant_Review-g294009-d29529993-Reviews-La_Maison_De_L_entrecote-Doha.html#REVIEWS
"(1,790 reviews)",Doha,,,0,,,https://www.tripadvisor.com/Restaurant_Review-g294009-d8835978-Reviews-Olive_Oil-Doha.html#REVIEWS
(828 reviews),Doha,,,0,,,https://www.tripadvisor.com/Restaurant_Review-g294009-d21119879-Reviews-COYA_Doha-Doha.html#REVIEWS
"(2,670 reviews)",Doha,,,0,,,https://www.tripadvisor.com/Restaurant_Review-g294009-d10902461-Reviews-Wahm-Doha.html#REVIEWS
(396 reviews),Doha,,,0,,,https://www.tripadvisor.com/Restaurant_Review-g294009-d24107650-Reviews-Hamilton_s-Doha.html#REVIEWS
"(3,638 reviews)",Doha,,,0,,,https://www.tripadvisor.com/Restaurant_Review-g294009-d4733336-Reviews-La_Spiga_By_Paper_Moon-Doha.html#REVIEWS
(363 reviews),Doha,,,0,,,https://www.tripadvisor.com/Restaurant_Review-g294009-d26774232-Reviews-Tulum-Doha.html#REVIEWS
(577 reviews),Doha,,,0,,,https://www.tripadvisor.com/Restaurant_Review-g294009-d1193183-Reviews-Turkey_Central-Doha.html#REVIEWS
(477 reviews),Doha,,,0,,,https://www.tripadvisor.com/Restaurant_Review-g294009-d24895386-Reviews-Yasmine_Palace_Restaurant_Dfc-Doha.html#REVIEWS
"(2,412 reviews)",Doha,,,0,,,https://www.tripadvisor.com/Restaurant_Review-g294009-d3205228-Reviews-Al_Nafourah_Garden-Doha.html#REVIEWS
(868 reviews),Doha,,,0,,,https://www.tripadvisor.com/Restaurant_Review-g294009-d13980965-Reviews-Yasmine_Palace-Doha.html#REVIEWS
"(1,530 reviews)",Doha,,,0,,,https://www.tripadvisor.com/Restaurant_Review-g294009-d21133982-Reviews-Boho_Social_Restaurant-Doha.html#REVIEWS
"(2,104 reviews)",Doha,,,0,,,https://www.tripadvisor.com/Restaurant_Review-g294009-d8039280-Reviews-Q_Lounge_Restaurant-Doha.html#REVIEWS
(469 reviews),Doha,,,0,,,https://www.tripadvisor.com/Restaurant_Review-g294009-d27093927-Reviews-Jardin-Doha.html#REVIEWS
"(1,146 reviews)",Doha,,,0,,,https://www.tripadvisor.com/Restaurant_Review-g294009-d2280254-Reviews-Al_Hubara_Restaurant-Doha.html#REVIEWS
(813 reviews),Doha,,,0,,,https://www.tripadvisor.com/Restaurant_Review-g294009-d23465146-Reviews-Reberu-Doha.html#REVIEWS
(522 reviews),Doha,,,0,,,https://www.tripadvisor.com/Restaurant_Review-g294009-d23412578-Reviews-Il_Galante-Doha.html#REVIEWS
"(1,458 reviews)",Doha,,,0,,,https://www.tripadvisor.com/Restaurant_Review-g294009-d15553890-Reviews-STK_Doha-Doha.html#REVIEWS
"(1,919 reviews)",Doha,,,0,,,https://www.tripadvisor.com/Restaurant_Review-g294009-d8040922-Reviews-Al_Nahham_Restaurant-Doha.html#REVIEWS
"(1,110 reviews)",Doha,,,0,,,https://www.tripadvisor.com/Restaurant_Review-g294009-d10454985-Reviews-Hunters_Room_Grill-Doha.html#REVIEWS
(563 reviews),Doha,,,0,,,https://www.tripadvisor.com/Restaurant_Review-g294009-d21349555-Reviews-Glass_House-Doha.html#REVIEWS
(614 reviews),Doha,,,0,,,https://www.tripadvisor.com/Restaurant_Review-g294009-d901601-Reviews-The_Italian_Job-Doha.html#REVIEWS
(507 reviews),Doha,,,0,,,https://www.tripadvisor.com/Restaurant_Review-g294009-d25245916-Reviews-Chabrat_Al_Mina-Doha.html#REVIEWS
(482 reviews),Doha,,,0,,,https://www.tripadvisor.com/Restaurant_Review-g294009-d8814441-Reviews-Al_Liwan_Restaurant-Doha.html#REVIEWS
(428 reviews),Doha,,,0,,,https://www.tripadvisor.com/Restaurant_Review-g294009-d3530632-Reviews-Aramede-Doha.html#REVIEWS
"(1,778 reviews)",Doha,,,0,,,https://www.tripadvisor.com/Restaurant_Review-g294009-d7595251-Reviews-Azraq_at_Banana_Island_Resort_Doha_by_Anantara-Doha.html#REVIEWS
(319 reviews),Doha,,,0,,,https://www.tripadvisor.com/Restaurant_Review-g294009-d15185176-Reviews-Nidaaya-Doha.html#REVIEWS
"(2,047 reviews)",Doha,,,0,,,https://www.tripadvisor.com/Restaurant_Review-g294009-d1992956-Reviews-Choices-Doha.html#REVIEWS
"(1,077 reviews)",Doha,,,0,,,https://www.tripadvisor.com/Restaurant_Review-g294009-d10125918-Reviews-Atrium_Lounge-Doha.html#REVIEWS
(377 reviews),Doha,,,0,,,https://www.tripadvisor.com/Restaurant_Review-g294009-d24895391-Reviews-Yasmine_Palace-Doha.html#REVIEWS
(792 reviews),Doha,,,0,,,https://www.tripadvisor.com/Restaurant_Review-g294009-d23121103-Reviews-Jamavar_Doha-Doha.html#REVIEWS
(425 reviews),Doha,,,0,,,https://www.tripadvisor.com/Restaurant_Review-g294009-d24963433-Reviews-Qureshi_Bukhara_Doha_Dusit_Hotel_Suites-Doha.html#REVIEWS
(509 reviews),Doha,,,0,,,https://www.tripadvisor.com/Restaurant_Review-g294009-d950701-Reviews-Sakura-Doha.html#REVIEWS
(614 reviews),Doha,,,0,,,https://www.tripadvisor.com/Restaurant_Review-g294009-d28393213-Reviews-Yee_Hwa_Millennium_Place_Doha-Doha.html#REVIEWS
(144 reviews),Doha,,,0,,,https://www.tripadvisor.com/Restaurant_Review-g294009-d27184768-Reviews-Sprezzi-Doha.html#REVIEWS
"(1,919 reviews)",Doha,,,0,,,https://www.tripadvisor.com/Restaurant_Review-g294009-d2422203-Reviews-Cucina-Doha.html#REVIEWS
(524 reviews),Doha,,,0,,,https://www.tripadvisor.com/Restaurant_Review-g294009-d950700-Reviews-Chingari-Doha.html#REVIEWS
"RESTAURANTSenorritas Tex Mex (West Bay)4.84.8 of 5 bubbles(572 reviews)Lusail, Qatar15 mentions ofLusail""…Tex mexlusailwas an amazing experience , the food , the drinks and service…""",Lusail,,,0,,,https://www.tripadvisor.com/Restaurant_Review-g21179689-d23790008-Reviews-Senorritas_Tex_Mex_West_Bay-Lusail.html
(572 reviews),Lusail,,,0,,,https://www.tripadvisor.com/Restaurant_Review-g21179689-d23790008-Reviews-Senorritas_Tex_Mex_West_Bay-Lusail.html#REVIEWS
"RESTAURANTThe G.O.A.T Sports Lounge4.94.9 of 5 bubbles(392 reviews)Lusail, Qatar16 mentions ofLusail""…It’s in a great spot inLusail, the staff are super friendly, and the manager…""",Lusail,,,0,,,https://www.tripadvisor.com/Restaurant_Review-g21179689-d24092806-Reviews-The_G_O_A_T_Sports_Lounge-Lusail.html
(392 reviews),Lusail,,,0,,,https://www.tripadvisor.com/Restaurant_Review-g21179689-d24092806-Reviews-The_G_O_A_T_Sports_Lounge-Lusail.html#REVIEWS
"RESTAURANTHoratii Tiramisu Lounge4.84.8 of 5 bubbles(234 reviews)Lusail, Qatar9 mentions ofLusail""…My family and I had a lovely experience at HoratiiLusail.…""",Lusail,,,0,,,https://www.tripadvisor.com/Restaurant_Review-g21179689-d13416632-Reviews-Horatii_Tiramisu_Lounge-Lusail.html
(234 reviews),Lusail,,,0,,,https://www.tripadvisor.com/Restaurant_Review-g21179689-d13416632-Reviews-Horatii_Tiramisu_Lounge-Lusail.html#REVIEWS
"RESTAURANTScarpetta Doha4.84.8 of 5 bubbles(218 reviews)Lusail, Qatar10 mentions ofLusail""…Scarpetta is a nice restaurant at Waldorf Astoria inLusailDoha.…""",Lusail,,,0,,,https://www.tripadvisor.com/Restaurant_Review-g21179689-d25070800-Reviews-Scarpetta_Doha-Lusail.html
(218 reviews),Lusail,,,0,,,https://www.tripadvisor.com/Restaurant_Review-g21179689-d25070800-Reviews-Scarpetta_Doha-Lusail.html#REVIEWS
"RESTAURANTADRIFT Anda4.94.9 of 5 bubbles(224 reviews)Lusail, Qatar3 mentions ofLusail""…If we ever return toLusail, this will be the first restaurant we'll return…""",Lusail,,,0,,,https://www.tripadvisor.com/Restaurant_Review-g21179689-d24182501-Reviews-ADRIFT_Anda-Lusail.html
(224 reviews),Lusail,,,0,,,https://www.tripadvisor.com/Restaurant_Review-g21179689-d24182501-Reviews-ADRIFT_Anda-Lusail.html#REVIEWS
"RESTAURANTThe Highmore4.74.7 of 5 bubbles(125 reviews)Lusail, Qatar5 mentions ofLusail""…The restaurant is located in the Waldorf AstoriaLusailon the rooftop.…""",Lusail,,,0,,,https://www.tripadvisor.com/Restaurant_Review-g21179689-d25350310-Reviews-The_Highmore-Lusail.html
(125 reviews),Lusail,,,0,,,https://www.tripadvisor.com/Restaurant_Review-g21179689-d25350310-Reviews-The_Highmore-Lusail.html#REVIEWS
"RESTAURANTKnife Steak&Cigar4.94.9 of 5 bubbles(150 reviews)Lusail, Qatar10 mentions ofLusail""…time the food is delicious we had a birthday setup with the best view inLusail…""",Lusail,,,0,,,https://www.tripadvisor.com/Restaurant_Review-g21179689-d25799991-Reviews-Knife_Steak_Cigar-Lusail.html
(150 reviews),Lusail,,,0,,,https://www.tripadvisor.com/Restaurant_Review-g21179689-d25799991-Reviews-Knife_Steak_Cigar-Lusail.html#REVIEWS
"RESTAURANTLoleya Café5.05 of 5 bubbles(127 reviews)Lusail, Qatar4 mentions ofLusail""…I had a really nice experience at Loleya Cafe inLusail, Qatar.…""",Lusail,,,0,,,https://www.tripadvisor.com/Restaurant_Review-g21179689-d24182495-Reviews-Loleya_Cafe-Lusail.html
(127 reviews),Lusail,,,0,,,https://www.tripadvisor.com/Restaurant_Review-g21179689-d24182495-Reviews-Loleya_Cafe-Lusail.html#REVIEWS
"RESTAURANTPlan B Cafe4.64.6 of 5 bubbles(8 reviews)Lusail, Qatar1 mention ofLusail""…I visited Plan B Café inLusailrecently and had a lovely experience overall…""",Lusail,,,0,,,https://www.tripadvisor.com/Restaurant_Review-g21179689-d26335636-Reviews-Plan_B_Cafe-Lusail.html
(8 reviews),Lusail,,,0,,,https://www.tripadvisor.com/Restaurant_Review-g21179689-d26335636-Reviews-Plan_B_Cafe-Lusail.html#REVIEWS
"RESTAURANTThe House Restaurant4.24.2 of 5 bubbles(11 reviews)Lusail, Qatar2 mentions ofLusail""…The view overlookingLusailis stunning—definitely a highlight!…""",Lusail,,,0,,,https://www.tripadvisor.com/Restaurant_Review-g21179689-d23942349-Reviews-The_House_Restaurant-Lusail.html
(11 reviews),Lusail,,,0,,,https://www.tripadvisor.com/Restaurant_Review-g21179689-d23942349-Reviews-The_House_Restaurant-Lusail.html#REVIEWS
"RESTAURANTBagatelle Beach Club Doha4.04 of 5 bubbles(49 reviews)Lusail, Qatar2 mentions ofLusail""…Very negative experience in Bagatelle beach barLusailDoha Rude manager…""",Lusail,,,0,,,https://www.tripadvisor.com/Restaurant_Review-g21179689-d26363800-Reviews-Bagatelle_Beach_Club_Doha-Lusail.html
(49 reviews),Lusail,,,0,,,https://www.tripadvisor.com/Restaurant_Review-g21179689-d26363800-Reviews-Bagatelle_Beach_Club_Doha-Lusail.html#REVIEWS
"RESTAURANTNando's Lusail4.04 of 5 bubbles(4 reviews)Doha, Qatar1 mention ofLusail""…New branch inlusaildoesnt get too busy…""",Lusail,,,0,,,https://www.tripadvisor.com/Restaurant_Review-g294009-d25165352-Reviews-Nando_s_Lusail-Doha.html
(4 reviews),Lusail,,,0,,,https://www.tripadvisor.com/Restaurant_Review-g294009-d25165352-Reviews-Nando_s_Lusail-Doha.html#REVIEWS
"RESTAURANTNino, Lusail, Doha4.74.7 of 5 bubbles(3 reviews)Doha, Qatar",Lusail,,,0,,,https://www.tripadvisor.com/Restaurant_Review-g294009-d27992502-Reviews-Nino_Lusail_Doha-Doha.html
(3 reviews),Lusail,,,0,,,https://www.tripadvisor.com/Restaurant_Review-g294009-d27992502-Reviews-Nino_Lusail_Doha-Doha.html#REVIEWS
"RESTAURANTMarina Food Arena4.84.8 of 5 bubbles(4 reviews)Lusail, Qatar1 mention ofLusail""…unique food concepts are just some of the things you can expect fromLusail…""",Lusail,,,0,,,https://www.tripadvisor.com/Restaurant_Review-g21179689-d22952320-Reviews-Marina_Food_Arena-Lusail.html
(4 reviews),Lusail,,,0,,,https://www.tripadvisor.com/Restaurant_Review-g21179689-d22952320-Reviews-Marina_Food_Arena-Lusail.html#REVIEWS
"RESTAURANTBang Bang Kiosk4.84.8 of 5 bubbles(4 reviews)Lusail, Qatar1 mention ofLusail""…Try the new menu 🙏
Amazing service and nice place inlusail.…""",Lusail,,,0,,,https://www.tripadvisor.com/Restaurant_Review-g21179689-d25102490-Reviews-Bang_Bang_Kiosk-Lusail.html
(4 reviews),Lusail,,,0,,,https://www.tripadvisor.com/Restaurant_Review-g21179689-d25102490-Reviews-Bang_Bang_Kiosk-Lusail.html#REVIEWS
"RESTAURANTPronto Cafe5.05 of 5 bubbles(1 review)Lusail, Qatar1 mention ofLusail""…Just offLusailBoulevard and near the stadium.…""",Lusail,,,0,,,https://www.tripadvisor.com/Restaurant_Review-g21179689-d26498976-Reviews-Pronto_Cafe-Lusail.html
(1 review),Lusail,,,0,,,https://www.tripadvisor.com/Restaurant_Review-g21179689-d26498976-Reviews-Pronto_Cafe-Lusail.html#REVIEWS
"RESTAURANTH2O Pool Restaurant5.05 of 5 bubbles(7 reviews)Lusail, Qatar1 mention ofLusail""…H2O Pool Restaurant inLusailoffers an exceptional business lunch experience…""",Lusail,,,0,,,https://www.tripadvisor.com/Restaurant_Review-g21179689-d25672435-Reviews-H2O_Pool_Restaurant-Lusail.html
(7 reviews),Lusail,,,0,,,https://www.tripadvisor.com/Restaurant_Review-g21179689-d25672435-Reviews-H2O_Pool_Restaurant-Lusail.html#REVIEWS
"RESTAURANTBlue Cigar Writer's Lounge5.05 of 5 bubbles(4 reviews)Lusail, Qatar1 mention ofLusail""…I would certainly go out of my way to visit on my next trip toLusail,…""",Lusail,,,0,,,https://www.tripadvisor.com/Restaurant_Review-g21179689-d27516836-Reviews-Blue_Cigar_Writer_s_Lounge-Lusail.html
(4 reviews),Lusail,,,0,,,https://www.tripadvisor.com/Restaurant_Review-g21179689-d27516836-Reviews-Blue_Cigar_Writer_s_Lounge-Lusail.html#REVIEWS
"RESTAURANTIvy3.03 of 5 bubbles(2 reviews)Lusail, Qatar1 mention ofLusail""…variety of healthy meals and drinks... friendly staff too...located inLusail…""",Lusail,,,0,,,https://www.tripadvisor.com/Restaurant_Review-g21179689-d25156947-Reviews-Ivy-Lusail.html
(2 reviews),Lusail,,,0,,,https://www.tripadvisor.com/Restaurant_Review-g21179689-d25156947-Reviews-Ivy-Lusail.html#REVIEWS
"RESTAURANTCinnabon3.03 of 5 bubbles(3 reviews)Lusail, Qatar1 mention ofLusail""…My husband and I attended theLusailstore and purchased 1 x chocobon,…""",Lusail,,,0,,,https://www.tripadvisor.com/Restaurant_Review-g21179689-d23657414-Reviews-Cinnabon-Lusail.html
(3 reviews),Lusail,,,0,,,https://www.tripadvisor.com/Restaurant_Review-g21179689-d23657414-Reviews-Cinnabon-Lusail.html#REVIEWS
"RESTAURANTDhahya Gourmet3.03 of 5 bubbles(2 reviews)Lusail, Qatar1 mention ofLusail""…made the unfortunate decision to spend New Year’s Eve 2026 at Dhayha inLusail.…""",Lusail,,,0,,,https://www.tripadvisor.com/Restaurant_Review-g21179689-d27118177-Reviews-Dhahya_Gourmet-Lusail.html
(2 reviews),Lusail,,,0,,,https://www.tripadvisor.com/Restaurant_Review-g21179689-d27118177-Reviews-Dhahya_Gourmet-Lusail.html#REVIEWS
"RESTAURANTAfternoon Tea at Dome1.01 of 5 bubbles(1 review)Lusail, Qatar1 mention ofLusail""…We came to FairmontLusailDoha for tea time.…""",Lusail,,,0,,,https://www.tripadvisor.com/Restaurant_Review-g21179689-d25279453-Reviews-Afternoon_Tea_at_Dome-Lusail.html
(1 review),Lusail,,,0,,,https://www.tripadvisor.com/Restaurant_Review-g21179689-d25279453-Reviews-Afternoon_Tea_at_Dome-Lusail.html#REVIEWS
"RESTAURANTAmora Pizza4.74.7 of 5 bubbles(14 reviews)Lusail, Qatar2 mentions ofLusailBest Italian pizzas, pastas, paninis and salads in Doha. Also experts in Gluten Free and Keto pizzas and pastas. We have dine in in Lusail inside or outside around the pool. We have our own super speedy delivery team should you wish to order via phone call or Whatsapp (31117147)",Lusail,,,0,,,https://www.tripadvisor.com/Restaurant_Review-g21179689-d23035147-Reviews-Amora_Pizza-Lusail.html
(14 reviews),Lusail,,,0,,,https://www.tripadvisor.com/Restaurant_Review-g21179689-d23035147-Reviews-Amora_Pizza-Lusail.html#REVIEWS
"RESTAURANTKumar The Traveller4.84.8 of 5 bubbles(42 reviews)Lusail, Qatar",Lusail,,,0,,,https://www.tripadvisor.com/Restaurant_Review-g21179689-d28017469-Reviews-Kumar_The_Traveller-Lusail.html
(42 reviews),Lusail,,,0,,,https://www.tripadvisor.com/Restaurant_Review-g21179689-d28017469-Reviews-Kumar_The_Traveller-Lusail.html#REVIEWS
"RESTAURANTThe Yard4.34.3 of 5 bubbles(6 reviews)Lusail, Qatar1 mention ofLusailSocial Bistro Restaurant",Lusail,,,0,,,https://www.tripadvisor.com/Restaurant_Review-g21179689-d24110422-Reviews-The_Yard-Lusail.html
(6 reviews),Lusail,,,0,,,https://www.tripadvisor.com/Restaurant_Review-g21179689-d24110422-Reviews-The_Yard-Lusail.html#REVIEWS
"RESTAURANTMalaki Lounge4.44.4 of 5 bubbles(18 reviews)Lusail, Qatar1 mention ofLusail""…to the outdoor space and pool area, where we enjoyed stunning views ofLusail…""",Lusail,,,0,,,https://www.tripadvisor.com/Restaurant_Review-g21179689-d27497042-Reviews-Malaki_Lounge-Lusail.html
(18 reviews),Lusail,,,0,,,https://www.tripadvisor.com/Restaurant_Review-g21179689-d27497042-Reviews-Malaki_Lounge-Lusail.html#REVIEWS
"RESTAURANTSimit Sarayi4.54.5 of 5 bubbles(2 reviews)Lusail, Qatar",Lusail,,,0,,,https://www.tripadvisor.com/Restaurant_Review-g21179689-d28663368-Reviews-Simit_Sarayi-Lusail.html
(2 reviews),Lusail,,,0,,,https://www.tripadvisor.com/Restaurant_Review-g21179689-d28663368-Reviews-Simit_Sarayi-Lusail.html#REVIEWS
"RESTAURANTLocation coffee lusail5.05 of 5 bubbles(2 reviews)Lusail, Qatar1 mention ofLusail""…QINWAN coffee shop ( truck ) inside vendome malllusailis absolutely amazing.Very…""",Lusail,,,0,,,https://www.tripadvisor.com/Restaurant_Review-g21179689-d25890979-Reviews-Location_coffee_lusail-Lusail.html
(2 reviews),Lusail,,,0,,,https://www.tripadvisor.com/Restaurant_Review-g21179689-d25890979-Reviews-Location_coffee_lusail-Lusail.html#REVIEWS
"RESTAURANTElissar Mediterranean Grill4.94.9 of 5 bubbles(643 reviews)Lusail, Qatar10 mentions ofLusail""…Elissar is a laid back brunch option at the Le Royal Méridien inLusail.…""",Lusail,,,0,,,https://www.tripadvisor.com/Restaurant_Review-g21179689-d24183447-Reviews-Elissar_Mediterranean_Grill-Lusail.html
(643 reviews),Lusail,,,0,,,https://www.tripadvisor.com/Restaurant_Review-g21179689-d24183447-Reviews-Elissar_Mediterranean_Grill-Lusail.html#REVIEWS
"RESTAURANTSimply Shawarma4.24.2 of 5 bubbles(5 reviews)Lusail, Qatar",Lusail,,,0,,,https://www.tripadvisor.com/Restaurant_Review-g21179689-d24868211-Reviews-Simply_Shawarma-Lusail.html
(5 reviews),Lusail,,,0,,,https://www.tripadvisor.com/Restaurant_Review-g21179689-d24868211-Reviews-Simply_Shawarma-Lusail.html#REVIEWS
(101 reviews),Al Rayyan,,,0,,,https://www.tripadvisor.com/Restaurant_Review-g1592998-d13186868-Reviews-Sazeli-Al_Rayyan.html#REVIEWS
(14 reviews),Al Rayyan,,,0,,,https://www.tripadvisor.com/Restaurant_Review-g1592998-d33303279-Reviews-Meat_Point_Grill-Al_Rayyan.html#REVIEWS
(14 reviews),Al Rayyan,,,0,,,https://www.tripadvisor.com/Restaurant_Review-g1592998-d33498237-Reviews-Applebee_s_Mall_Of_Qatar-Al_Rayyan.html#REVIEWS
(2 reviews),Al Rayyan,,,0,,,https://www.tripadvisor.com/Restaurant_Review-g1592998-d29089315-Reviews-BBQ_Tonight_Qatar-Al_Rayyan.html#REVIEWS
(53 reviews),Al Rayyan,,,0,,,https://www.tripadvisor.com/Restaurant_Review-g1592998-d24047057-Reviews-Black_Tap_Craft_Burgers_And_Shakes_Qatar-Al_Rayyan.html#REVIEWS
(61 reviews),Al Rayyan,,,0,,,https://www.tripadvisor.com/Restaurant_Review-g1592998-d12158884-Reviews-Ocean_Basket_Mall_of_Qatar-Al_Rayyan.html#REVIEWS
(53 reviews),Al Rayyan,,,0,,,https://www.tripadvisor.com/Restaurant_Review-g1592998-d12126205-Reviews-Eataly_Doha_Eataly_Arabia-Al_Rayyan.html#REVIEWS
(18 reviews),Al Rayyan,,,0,,,https://www.tripadvisor.com/Restaurant_Review-g1592998-d15067684-Reviews-Delord_Le_Paradis-Al_Rayyan.html#REVIEWS
(3 reviews),Al Rayyan,,,0,,,https://www.tripadvisor.com/Restaurant_Review-g1592998-d26915865-Reviews-Doner_Istanbul_Restaurant-Al_Rayyan.html#REVIEWS
(111 reviews),Al Rayyan,,,0,,,https://www.tripadvisor.com/Restaurant_Review-g1592998-d12135821-Reviews-The_Cheesecake_Factory-Al_Rayyan.html#REVIEWS
(2 reviews),Al Rayyan,,,0,,,https://www.tripadvisor.com/Restaurant_Review-g1592998-d17627062-Reviews-Afghan_Brothers_Restaurant-Al_Rayyan.html#REVIEWS
(5 reviews),Al Rayyan,,,0,,,https://www.tripadvisor.com/Restaurant_Review-g1592998-d16643487-Reviews-Frame_Speciality_Coffee-Al_Rayyan.html#REVIEWS
(15 reviews),Al Rayyan,,,0,,,https://www.tripadvisor.com/Restaurant_Review-g1592998-d12072158-Reviews-Shakespeare_and_Co_Mall_of_Qatar-Al_Rayyan.html#REVIEWS
(8 reviews),Al Rayyan,,,0,,,https://www.tripadvisor.com/Restaurant_Review-g1592998-d12117236-Reviews-Cafe_Bateel_Mall_of_Qatar-Al_Rayyan.html#REVIEWS
(40 reviews),Al Rayyan,,,0,,,https://www.tripadvisor.com/Restaurant_Review-g1592998-d12237677-Reviews-Alison_Nelson_s_Chocolate_Bar-Al_Rayyan.html#REVIEWS
(20 reviews),Al Rayyan,,,0,,,https://www.tripadvisor.com/Restaurant_Review-g1592998-d20974950-Reviews-Maia_Lounge-Al_Rayyan.html#REVIEWS
(151 reviews),Al Rayyan,,,0,,,https://www.tripadvisor.com/Restaurant_Review-g1592998-d12873731-Reviews-Shake_Shack-Al_Rayyan.html#REVIEWS
(39 reviews),Al Rayyan,,,0,,,https://www.tripadvisor.com/Restaurant_Review-g1592998-d5447980-Reviews-Johnny_Rockets-Al_Rayyan.html#REVIEWS
(9 reviews),Al Rayyan,,,0,,,https://www.tripadvisor.com/Restaurant_Review-g1592998-d13737887-Reviews-Applebees_Al_Rayyan-Al_Rayyan.html#REVIEWS
(13 reviews),Al Rayyan,,,0,,,https://www.tripadvisor.com/Restaurant_Review-g1592998-d4154956-Reviews-Lebanese_Village-Al_Rayyan.html#REVIEWS
(4 reviews),Al Rayyan,,,0,,,https://www.tripadvisor.com/Restaurant_Review-g1592998-d14205771-Reviews-Magic_Wok_Mall_of_Qatar-Al_Rayyan.html#REVIEWS
(1 review),Al Rayyan,,,0,,,https://www.tripadvisor.com/Restaurant_Review-g1592998-d17849026-Reviews-Amorino_Mall_of_Qatar-Al_Rayyan.html#REVIEWS
(1 review),Al Rayyan,,,0,,,https://www.tripadvisor.com/Restaurant_Review-g1592998-d23804667-Reviews-C_House-Al_Rayyan.html#REVIEWS
(1 review),Al Rayyan,,,0,,,https://www.tripadvisor.com/Restaurant_Review-g1592998-d19619871-Reviews-Icons_Coffee_Couture-Al_Rayyan.html#REVIEWS
(2 reviews),Al Rayyan,,,0,,,https://www.tripadvisor.com/Restaurant_Review-g1592998-d18378518-Reviews-McDonald_s-Al_Rayyan.html#REVIEWS
(1 review),Al Rayyan,,,0,,,https://www.tripadvisor.com/Restaurant_Review-g1592998-d33246385-Reviews-Pyramide_Tea_Bar-Al_Rayyan.html#REVIEWS
(2 reviews),Al Rayyan,,,0,,,https://www.tripadvisor.com/Restaurant_Review-g1592998-d17847672-Reviews-Salt_N_Pepper-Al_Rayyan.html#REVIEWS
(1 review),Al Rayyan,,,0,,,https://www.tripadvisor.com/Restaurant_Review-g1592998-d19049492-Reviews-Paul-Al_Rayyan.html#REVIEWS
(0 reviews),Al Rayyan,,,0,,,https://www.tripadvisor.com/Restaurant_Review-g1592998-d27971942-Reviews-Noora_Cafe-Al_Rayyan.html#REVIEWS
(0 reviews),Al Rayyan,,,0,,,https://www.tripadvisor.com/Restaurant_Review-g1592998-d28036607-Reviews-Al_Bait_Al_Kuwaiti_Restaurant-Al_Rayyan.html#REVIEWS
(0 reviews),Al Rayyan,,,0,,,https://www.tripadvisor.com/Restaurant_Review-g1592998-d23401425-Reviews-Rolly-Al_Rayyan.html#REVIEWS
(0 reviews),Al Rayyan,,,0,,,https://www.tripadvisor.com/Restaurant_Review-g1592998-d23948860-Reviews-L_Eclair_de_Genie-Al_Rayyan.html#REVIEWS
(0 reviews),Al Rayyan,,,0,,,https://www.tripadvisor.com/Restaurant_Review-g1592998-d34075980-Reviews-Lemon_Garden-Al_Rayyan.html#REVIEWS
"RESTAURANTRoyal Tandoor - Pearl Qatar4.04 of 5 bubbles(226 reviews)Doha, Qatar4 mentions ofThe Pearl QatarWe, at Royal Tandoor, welcomes you to share the history and experience the Royal Indian cuisine in a contemporary style with our Chefs and Tandoor artisans who hails from the family of well-known Lucknowi royal chefs so the world may be more intimate with the true taste of Indian Royal Kitchen Specialities served in a Royal ambience in impeccable settings and the exotic flavor to make you feel like true Royalty.",The Pearl Qatar,,,0,,,https://www.tripadvisor.com/Restaurant_Review-g294009-d4005044-Reviews-Royal_Tandoor_Pearl_Qatar-Doha.html
(226 reviews),The Pearl Qatar,,,0,,,https://www.tripadvisor.com/Restaurant_Review-g294009-d4005044-Reviews-Royal_Tandoor_Pearl_Qatar-Doha.html#REVIEWS
"RESTAURANTOrient Pearl Restaurant4.14.1 of 5 bubbles(282 reviews)Doha, Qatar4 mentions ofThe Pearl Qatar""…We had an excellent dining experience at the OrientPearlQatarlast night…""",The Pearl Qatar,,,0,,,https://www.tripadvisor.com/Restaurant_Review-g294009-d4452397-Reviews-Orient_Pearl_Restaurant-Doha.html
(282 reviews),The Pearl Qatar,,,0,,,https://www.tripadvisor.com/Restaurant_Review-g294009-d4452397-Reviews-Orient_Pearl_Restaurant-Doha.html#REVIEWS
"RESTAURANTMokacaffe - Pearl Branch4.14.1 of 5 bubbles(115 reviews)Doha, Qatar3 mentions ofThe Pearl QatarAs a coffee lover's haven, Moka Caffe takes pride in delivering a delightful coffee experience, serving a diverse selection of expertly crafted coffee beverages that cater to different preferences. Beyond coffee, the café offers a comprehensive menu that spans breakfast, lunch, and dinner. Guests can indulge in a variety of dishes that showcase the cafe's dedication to quality and taste. One of Moka Caffe's standout features is its ability to elevate celebrations with its special customized cakes. Whether it's a birthday, anniversary, or any special occasion, the café's skilled pastry team creates custom cakes that add a personal touch to the festivities.",The Pearl Qatar,,,0,,,https://www.tripadvisor.com/Restaurant_Review-g294009-d8765690-Reviews-Mokacaffe_Pearl_Branch-Doha.html
(115 reviews),The Pearl Qatar,,,0,,,https://www.tripadvisor.com/Restaurant_Review-g294009-d8765690-Reviews-Mokacaffe_Pearl_Branch-Doha.html#REVIEWS
"RESTAURANTPearl of Beirut Restaurant3.93.9 of 5 bubbles(81 reviews)Al Khor, Qatar",The Pearl Qatar,,,0,,,https://www.tripadvisor.com/Restaurant_Review-g656074-d5986505-Reviews-Pearl_of_Beirut_Restaurant-Al_Khor.html
(81 reviews),The Pearl Qatar,,,0,,,https://www.tripadvisor.com/Restaurant_Review-g656074-d5986505-Reviews-Pearl_of_Beirut_Restaurant-Al_Khor.html#REVIEWS
"RESTAURANTEmporio Armani Caffe' -Pearl Qatar-4.04 of 5 bubbles(57 reviews)Doha, Qatar3 mentions ofThe Pearl Qatar""…Emporio Armani Cafe to thePearlQatarstill the best so far.…""",The Pearl Qatar,,,0,,,https://www.tripadvisor.com/Restaurant_Review-g294009-d3470140-Reviews-Emporio_Armani_Caffe_Pearl_Qatar-Doha.html
(57 reviews),The Pearl Qatar,,,0,,,https://www.tripadvisor.com/Restaurant_Review-g294009-d3470140-Reviews-Emporio_Armani_Caffe_Pearl_Qatar-Doha.html#REVIEWS
"RESTAURANTNando's The Pearl Qatar3.63.6 of 5 bubbles(19 reviews)Doha, Qatar",The Pearl Qatar,,,0,,,https://www.tripadvisor.com/Restaurant_Review-g294009-d14174950-Reviews-Nando_s_The_Pearl_Qatar-Doha.html
(19 reviews),The Pearl Qatar,,,0,,,https://www.tripadvisor.com/Restaurant_Review-g294009-d14174950-Reviews-Nando_s_The_Pearl_Qatar-Doha.html#REVIEWS
"RESTAURANTChocolate Jar Qatar4.84.8 of 5 bubbles(1,223 reviews)Doha, Qatar20 mentions ofThe Pearl QatarDeliciousness delivered to your table You can never have enough candy! As one of the trendiest coffee shops in the world, Chocolate Bar is a highly innovative brand that merges chocolate with the high-end fashion and style.",The Pearl Qatar,,,0,,,https://www.tripadvisor.com/Restaurant_Review-g294009-d7591153-Reviews-Chocolate_Jar_Qatar-Doha.html
"(1,223 reviews)",The Pearl Qatar,,,0,,,https://www.tripadvisor.com/Restaurant_Review-g294009-d7591153-Reviews-Chocolate_Jar_Qatar-Doha.html#REVIEWS
"RESTAURANTApplebee's Medina Centrale, Pearl Qatar Doha4.84.8 of 5 bubbles(126 reviews)Doha, Qatar",The Pearl Qatar,,,0,,,https://www.tripadvisor.com/Restaurant_Review-g294009-d13234962-Reviews-Applebee_s_Medina_Centrale_Pearl_Qatar_Doha-Doha.html
(126 reviews),The Pearl Qatar,,,0,,,https://www.tripadvisor.com/Restaurant_Review-g294009-d13234962-Reviews-Applebee_s_Medina_Centrale_Pearl_Qatar_Doha-Doha.html#REVIEWS
"RESTAURANTFlat White Specialty Coffee - The Pearl4.04 of 5 bubbles(43 reviews)Doha, Qatar1 mention ofThe Pearl QatarFlat White aims to support Qatar by providing a space that celebrates art and culture, promotes sustainability and inspires change . Flat White is the third place coffee lovers go to between home and work to enjoy superior quality coffee, wholesome food, and delightful service in a relaxing atmosphere that inspires them to best version of themselves.",The Pearl Qatar,,,0,,,https://www.tripadvisor.com/Restaurant_Review-g294009-d12269435-Reviews-Flat_White_Specialty_Coffee_The_Pearl-Doha.html
(43 reviews),The Pearl Qatar,,,0,,,https://www.tripadvisor.com/Restaurant_Review-g294009-d12269435-Reviews-Flat_White_Specialty_Coffee_The_Pearl-Doha.html#REVIEWS
"RESTAURANTFrench Olive Restaurant, The Pearl3.33.3 of 5 bubbles(29 reviews)Doha, Qatar1 mention ofThe Pearl QatarThe French Olive concept was conceived to offer the best of the world from the two European countries known for its cuisines and gastronomy. “French” represents the French gourmet delights of fresh patisserie and bakery while “Olive” represents the exquisite and authentic Italian cuisines in a contemporary style.",The Pearl Qatar,,,0,,,https://www.tripadvisor.com/Restaurant_Review-g294009-d17851304-Reviews-French_Olive_Restaurant_The_Pearl-Doha.html
(29 reviews),The Pearl Qatar,,,0,,,https://www.tripadvisor.com/Restaurant_Review-g294009-d17851304-Reviews-French_Olive_Restaurant_The_Pearl-Doha.html#REVIEWS
"RESTAURANTKaaking Restaurant The Pearl Qatar4.04 of 5 bubbles(1 review)Doha, Qatar1 mention ofThe Pearl Qatar""…Qatar.…""",The Pearl Qatar,,,0,,,https://www.tripadvisor.com/Restaurant_Review-g294009-d32793700-Reviews-Kaaking_Restaurant_The_Pearl_Qatar-Doha.html
(1 review),The Pearl Qatar,,,0,,,https://www.tripadvisor.com/Restaurant_Review-g294009-d32793700-Reviews-Kaaking_Restaurant_The_Pearl_Qatar-Doha.html#REVIEWS
"RESTAURANTShater Abbas - The Pearl Qatar Branch4.04 of 5 bubbles(6 reviews)Doha, Qatar1 mention ofThe Pearl QatarShater Abbas Restaurant is considered as a medium sized restaurant chain which made a good mark and name in the food industry of Doha, Qatar. The remarkable one of a kind taste and quality of food is what make Shater Abbas stands out from its competitors. Over the years it never failed to continuously provide a wide variety of healthy and delicious food. And we contentiously make new food with healthy ingredients and delicious taste. Shater Abbas is now widely known as the Home of Middle Eastern Food. It is serving many kinds of Barbeque, freshly made bread and tasty well cooked food. With 10 plus branches spread around Doha, Shater Abbas Restaurant is now one of the largest and well-maintained establishments in the City. Since 1998",The Pearl Qatar,,,0,,,https://www.tripadvisor.com/Restaurant_Review-g294009-d13833158-Reviews-Shater_Abbas_The_Pearl_Qatar_Branch-Doha.html
(6 reviews),The Pearl Qatar,,,0,,,https://www.tripadvisor.com/Restaurant_Review-g294009-d13833158-Reviews-Shater_Abbas_The_Pearl_Qatar_Branch-Doha.html#REVIEWS
"RESTAURANTSouth Pearl Restaurant3.43.4 of 5 bubbles(13 reviews)Al Wakra, Qatar",The Pearl Qatar,,,0,,,https://www.tripadvisor.com/Restaurant_Review-g1235328-d10504153-Reviews-South_Pearl_Restaurant-Al_Wakra.html
(13 reviews),The Pearl Qatar,,,0,,,https://www.tripadvisor.com/Restaurant_Review-g1235328-d10504153-Reviews-South_Pearl_Restaurant-Al_Wakra.html#REVIEWS
"RESTAURANTBasta Qatar4.34.3 of 5 bubbles(78 reviews)Doha, Qatar2 mentions ofThe Pearl QatarBasta gives a glimpse of the past while enjoying a magical taste of Qatar’s culinary traditions. An array of Khaleeji dishes and the region’s favorite beverage, Karak tea, await you and your family in the welcoming and minimalist ambience of this venue’s outlets at Mall of Qatar and Lusail Boulevard. Our menu is continuously evolving through the year with special set menus occasionally. The focus is on homemade tasting food that our customers would eat at home, presented in the most appealing manner. We always communicate in line with the brand concept focusing on homemade, warm attitude, nostalgic feel, and generosity.",The Pearl Qatar,,,0,,,https://www.tripadvisor.com/Restaurant_Review-g294009-d12158888-Reviews-Basta_Qatar-Doha.html
(78 reviews),The Pearl Qatar,,,0,,,https://www.tripadvisor.com/Restaurant_Review-g294009-d12158888-Reviews-Basta_Qatar-Doha.html#REVIEWS
"RESTAURANTShakespeare and Co.4.44.4 of 5 bubbles(400 reviews)Doha, Qatar4 mentions ofThe Pearl QatarShakespeare and Co Cafe Restaurant & Chocolates features a chic-Victorian decor, an eclectic menu and all day dining.",The Pearl Qatar,,,0,,,https://www.tripadvisor.com/Restaurant_Review-g294009-d7159493-Reviews-Shakespeare_and_Co-Doha.html
(400 reviews),The Pearl Qatar,,,0,,,https://www.tripadvisor.com/Restaurant_Review-g294009-d7159493-Reviews-Shakespeare_and_Co-Doha.html#REVIEWS
"RESTAURANTIsla Mexican Kitchen4.74.7 of 5 bubbles(766 reviews)Doha, Qatar9 mentions ofThe Pearl Qatar""…Absolutely outstanding dining experience at Isla, ThePearl.…""",The Pearl Qatar,,,0,,,https://www.tripadvisor.com/Restaurant_Review-g294009-d10389346-Reviews-Isla_Mexican_Kitchen-Doha.html
(766 reviews),The Pearl Qatar,,,0,,,https://www.tripadvisor.com/Restaurant_Review-g294009-d10389346-Reviews-Isla_Mexican_Kitchen-Doha.html#REVIEWS
"RESTAURANTDebs w Remman4.64.6 of 5 bubbles(376 reviews)Doha, Qatar8 mentions ofThe Pearl Qatar""…A nice spot in the middle of Medina Centrale in thePearlofQatar.…""",The Pearl Qatar,,,0,,,https://www.tripadvisor.com/Restaurant_Review-g294009-d9744441-Reviews-Debs_w_Remman-Doha.html
(376 reviews),The Pearl Qatar,,,0,,,https://www.tripadvisor.com/Restaurant_Review-g294009-d9744441-Reviews-Debs_w_Remman-Doha.html#REVIEWS
"RESTAURANTSazeli Qatar4.44.4 of 5 bubbles(99 reviews)Doha, Qatar1 mention ofThe Pearl QatarSazeli Lounge, a gourmet style culinary fusion, amalgamated Authentic Turkish cuisine with modern inspirations; Sazeli lounge brings the Authentic Turkish hospitality to Doha along with its outstanding Turkish creations: from Turkish Doner and Kunafa, to an array of Baklava and other traditional sweet treats and more deliciousness from the international cuisine – all on offer in the cozy and airy settings of its outlets.",The Pearl Qatar,,,0,,,https://www.tripadvisor.com/Restaurant_Review-g294009-d23355479-Reviews-Sazeli_Qatar-Doha.html
(99 reviews),The Pearl Qatar,,,0,,,https://www.tripadvisor.com/Restaurant_Review-g294009-d23355479-Reviews-Sazeli_Qatar-Doha.html#REVIEWS
"RESTAURANTEggspectation4.34.3 of 5 bubbles(307 reviews)Doha, Qatar5 mentions ofThe Pearl QatarEggspectation, a newly opened café-restaurant in Doha, is committed to surpassing your eggspectations with its extraordinary menu options for the ultimate all day, dining experience. With the best possible food quality for breakfast, lunch and dinner, extraordinary service while still maintain a relaxed and pleasant atmosphere, eggspectation makes for an eggcellent dining choice.",The Pearl Qatar,,,0,,,https://www.tripadvisor.com/Restaurant_Review-g294009-d10219821-Reviews-Eggspectation-Doha.html
(307 reviews),The Pearl Qatar,,,0,,,https://www.tripadvisor.com/Restaurant_Review-g294009-d10219821-Reviews-Eggspectation-Doha.html#REVIEWS
"RESTAURANTBurger & Lobster Qatar4.64.6 of 5 bubbles(44 reviews)Doha, Qatar1 mention ofThe Pearl QatarIt all started on a London rooftop twelve years ago; four schoolmates came up with the simplest of ideas - a restaurant where the focus was just two ingredients – burger and lobster – done really well. The friends set about making their dream a reality, they had long discussed which ingredients they would focus their attention on. Burgers were an obvious choice based on their knowledge and expertise about great beef. But lobster, well what would people do if we could make lobster as accessible and affordable as burgers. Wouldn’t that just be something?",The Pearl Qatar,,,0,,,https://www.tripadvisor.com/Restaurant_Review-g294009-d25150310-Reviews-Burger_Lobster_Qatar-Doha.html
(44 reviews),The Pearl Qatar,,,0,,,https://www.tripadvisor.com/Restaurant_Review-g294009-d25150310-Reviews-Burger_Lobster_Qatar-Doha.html#REVIEWS
"RESTAURANTIksha 3604.74.7 of 5 bubbles(176 reviews)Doha, Qatar9 mentions ofThe Pearl Qatar""…The great view ofPearlQataralso complements the food.…""",The Pearl Qatar,,,0,,,https://www.tripadvisor.com/Restaurant_Review-g294009-d15534969-Reviews-Iksha_360-Doha.html
(176 reviews),The Pearl Qatar,,,0,,,https://www.tripadvisor.com/Restaurant_Review-g294009-d15534969-Reviews-Iksha_360-Doha.html#REVIEWS
"RESTAURANTElevation Burger3.73.7 of 5 bubbles(90 reviews)Doha, Qatar3 mentions ofThe Pearl QatarStore hours of operations may be impacted due to Covid-19. Please contact the store directly for more information.",The Pearl Qatar,,,0,,,https://www.tripadvisor.com/Restaurant_Review-g294009-d3961097-Reviews-Elevation_Burger-Doha.html
(90 reviews),The Pearl Qatar,,,0,,,https://www.tripadvisor.com/Restaurant_Review-g294009-d3961097-Reviews-Elevation_Burger-Doha.html#REVIEWS
"RESTAURANTPaul Bakery & Restaurant4.04 of 5 bubbles(90 reviews)Doha, Qatar3 mentions ofThe Pearl QatarPAUL's success story dates back to its start as a humble bakery in northern France over 125 years ago. Enormous respect for tradition and use of the finest quality ingredients have made Paul what it is today - a very successful international brand, part of France's culinary and cultural heritage, catering to the French way of life in its selection of bread, viennoiseries, pâtisseries, sandwiches, soups and salads, plus a selection of signature French dishes. The value of quality fresh produce is at the heart of its success.",The Pearl Qatar,,,0,,,https://www.tripadvisor.com/Restaurant_Review-g294009-d10336753-Reviews-Paul_Bakery_Restaurant-Doha.html
(90 reviews),The Pearl Qatar,,,0,,,https://www.tripadvisor.com/Restaurant_Review-g294009-d10336753-Reviews-Paul_Bakery_Restaurant-Doha.html#REVIEWS
"RESTAURANTYasmine Palace4.84.8 of 5 bubbles(868 reviews)Doha, Qatar11 mentions ofThe Pearl Qatar""…We had a wonderful experience at Yasmine Palace at ThePearl,Qatar.…""",The Pearl Qatar,,,0,,,https://www.tripadvisor.com/Restaurant_Review-g294009-d13980965-Reviews-Yasmine_Palace-Doha.html
(868 reviews),The Pearl Qatar,,,0,,,https://www.tripadvisor.com/Restaurant_Review-g294009-d13980965-Reviews-Yasmine_Palace-Doha.html#REVIEWS
"RESTAURANTJwala4.74.7 of 5 bubbles(322 reviews)Doha, Qatar3 mentions ofThe Pearl QatarGet ready for a taste sensation at Jwala, a contemporary Indian restaurant combining classic and contemporary Indian Street food. The lively dining spot’s menu reflects the cultural diversity of the subcontinent’s cuisine, influenced by a modern take on traditional Indian favorites. Jwala’s dining experience promises a tasteful journey through the world of Indian flavors and spices, all complemented by the perfect blend of authenticity, innovation, vibrant street art and interiors, which together set the ideal stage for a relaxed and joyful dining experience.",The Pearl Qatar,,,0,,,https://www.tripadvisor.com/Restaurant_Review-g294009-d13831544-Reviews-Jwala-Doha.html
(322 reviews),The Pearl Qatar,,,0,,,https://www.tripadvisor.com/Restaurant_Review-g294009-d13831544-Reviews-Jwala-Doha.html#REVIEWS
"RESTAURANTCasa Paco3.03 of 5 bubbles(122 reviews)Doha, Qatar",The Pearl Qatar,,,0,,,https://www.tripadvisor.com/Restaurant_Review-g294009-d4326660-Reviews-Casa_Paco-Doha.html
(122 reviews),The Pearl Qatar,,,0,,,https://www.tripadvisor.com/Restaurant_Review-g294009-d4326660-Reviews-Casa_Paco-Doha.html#REVIEWS
"RESTAURANTBayt El-Talleh Restaurant4.74.7 of 5 bubbles(761 reviews)Doha, Qatar5 mentions ofThe Pearl Qatar""…Takes Your Breath Away
The moment you arrive, the panoramic views of ThePearl-Qatar…""",The Pearl Qatar,,,0,,,https://www.tripadvisor.com/Restaurant_Review-g294009-d19815762-Reviews-Bayt_El_Talleh_Restaurant-Doha.html
(761 reviews),The Pearl Qatar,,,0,,,https://www.tripadvisor.com/Restaurant_Review-g294009-d19815762-Reviews-Bayt_El_Talleh_Restaurant-Doha.html#REVIEWS
"RESTAURANTCarluccio's - The Pearl3.93.9 of 5 bubbles(458 reviews)Doha, Qatar10 mentions ofThe Pearl QatarWelcome to Carluccio's! We are an Italian Casual Dining restaurant well loved for our Pizza, Pasta, Italian blend coffees & delicious breakfasts. Join us at Pearl Qatar for beautiful alfresco dining with the backdrop the Pearl Qatar Marina. We're open from 9 am everyday. See you there!",The Pearl Qatar,,,0,,,https://www.tripadvisor.com/Restaurant_Review-g294009-d2229536-Reviews-Carluccio_s_The_Pearl-Doha.html
(458 reviews),The Pearl Qatar,,,0,,,https://www.tripadvisor.com/Restaurant_Review-g294009-d2229536-Reviews-Carluccio_s_The_Pearl-Doha.html#REVIEWS
"RESTAURANTGerman Doner Kebab3.13.1 of 5 bubbles(58 reviews)Doha, Qatar",The Pearl Qatar,,,0,,,https://www.tripadvisor.com/Restaurant_Review-g294009-d10177874-Reviews-German_Doner_Kebab-Doha.html
(58 reviews),The Pearl Qatar,,,0,,,https://www.tripadvisor.com/Restaurant_Review-g294009-d10177874-Reviews-German_Doner_Kebab-Doha.html#REVIEWS
"RESTAURANTJwala Restaurant4.84.8 of 5 bubbles(364 reviews)Doha, Qatar1 mention ofThe Pearl QatarGet ready for a taste sensation at Jwala, a contemporary Indian restaurant combining classic and contemporary Indian Street food. Its menu reflects the cultural diversity of the Subcontinent’s cuisine, influenced by a contemporary take on traditional Indian favorites. Jwala’s dining experience promises a tasteful journey through the world of Indian flavors and spices, all complemented with the perfect blend of authenticity and innovation, and accompanied by vibrant street art and interiors. With its’ 64 seats, the restaurant sets the ideal stage for a relaxed and joyful dining experience.",The Pearl Qatar,,,0,,,https://www.tripadvisor.com/Restaurant_Review-g294009-d23447258-Reviews-Jwala_Restaurant-Doha.html
(364 reviews),The Pearl Qatar,,,0,,,https://www.tripadvisor.com/Restaurant_Review-g294009-d23447258-Reviews-Jwala_Restaurant-Doha.html#REVIEWS
"RESTAURANTWest Bay Lounge Abu Dhabi4.94.9 of 5 bubbles(1,565 reviews)Abu Dhabi, United Arab Emirates278 mentions ofWest Bay""…★★★★★ A Hidden Gem on the Abu Dhabi Corniche

My recent visit toWestBay…""",West Bay,,,0,,,https://www.tripadvisor.com/Restaurant_Review-g294013-d23067337-Reviews-West_Bay_Lounge_Abu_Dhabi-Abu_Dhabi_Emirate_of_Abu_Dhabi.html
"(1,565 reviews)",West Bay,,,0,,,https://www.tripadvisor.com/Restaurant_Review-g294013-d23067337-Reviews-West_Bay_Lounge_Abu_Dhabi-Abu_Dhabi_Emirate_of_Abu_Dhabi.html#REVIEWS
"RESTAURANTThe West Bay Hotel4.34.3 of 5 bubbles(555 reviews)Bridport, Dorset, England191 mentions ofWest Bay""…We can't fault theWestBayHotel, it's perfect, highly recommend going…""",West Bay,,,0,,,https://www.tripadvisor.com/Restaurant_Review-g551706-d2312888-Reviews-The_West_Bay_Hotel-Bridport_Dorset_England.html
(555 reviews),West Bay,,,0,,,https://www.tripadvisor.com/Restaurant_Review-g551706-d2312888-Reviews-The_West_Bay_Hotel-Bridport_Dorset_England.html#REVIEWS
"RESTAURANTBeachers West Bay4.34.3 of 5 bubbles(1,803 reviews)West Bay, Honduras374 mentions ofWest Bay""…Highly recommend Beachers if you’re spending time inWestBay!…""",West Bay,,,0,,,https://www.tripadvisor.com/Restaurant_Review-g944573-d2089858-Reviews-Beachers_West_Bay-West_Bay_Roatan_Bay_Islands.html
"(1,803 reviews)",West Bay,,,0,,,https://www.tripadvisor.com/Restaurant_Review-g944573-d2089858-Reviews-Beachers_West_Bay-West_Bay_Roatan_Bay_Islands.html#REVIEWS
"RESTAURANTSeagulls Restaurant4.74.7 of 5 bubbles(724 reviews)West Bay, Dorset, England209 mentions ofWest Bay""…Whenever we are inwestbayor charmouth we always book a meal in this…""",West Bay,,,0,,,https://www.tripadvisor.com/Restaurant_Review-g2356528-d1604649-Reviews-Seagulls_Restaurant-West_Bay_Bridport_Dorset_England.html
(724 reviews),West Bay,,,0,,,https://www.tripadvisor.com/Restaurant_Review-g2356528-d1604649-Reviews-Seagulls_Restaurant-West_Bay_Bridport_Dorset_England.html#REVIEWS
"RESTAURANTThe George4.04 of 5 bubbles(901 reviews)West Bay, Dorset, England217 mentions ofWest Bay""…Had lunch  a few times  in the GeorgeWestBayhave to say food was very…""",West Bay,,,0,,,https://www.tripadvisor.com/Restaurant_Review-g2356528-d3253425-Reviews-The_George-West_Bay_Bridport_Dorset_England.html
(901 reviews),West Bay,,,0,,,https://www.tripadvisor.com/Restaurant_Review-g2356528-d3253425-Reviews-The_George-West_Bay_Bridport_Dorset_England.html#REVIEWS
"RESTAURANTFoster's West Bay3.83.8 of 5 bubbles(395 reviews)Roatan, Honduras65 mentions ofWest Bay""…It’s easily 30 min towestbaydepending on how many ships are in port.…""",West Bay,,,0,,,https://www.tripadvisor.com/Restaurant_Review-g292019-d1627737-Reviews-Foster_s_West_Bay-Roatan_Bay_Islands.html
(395 reviews),West Bay,,,0,,,https://www.tripadvisor.com/Restaurant_Review-g292019-d1627737-Reviews-Foster_s_West_Bay-Roatan_Bay_Islands.html#REVIEWS
"RESTAURANTArgentinian Grill4.24.2 of 5 bubbles(1,922 reviews)West End, Honduras267 mentions ofWest Bay""…We have been frequent visitors to the Argentinian Grill inWestBay, Roatan…""",West Bay,,,0,,,https://www.tripadvisor.com/Restaurant_Review-g303875-d5207359-Reviews-Argentinian_Grill-West_End_Roatan_Bay_Islands.html
"(1,922 reviews)",West Bay,,,0,,,https://www.tripadvisor.com/Restaurant_Review-g303875-d5207359-Reviews-Argentinian_Grill-West_End_Roatan_Bay_Islands.html#REVIEWS
"RESTAURANTFinbar's of West Bay4.44.4 of 5 bubbles(436 reviews)Westgate-on-Sea, Kent, England23 mentions ofWest Bay""…Next time we're inWestBaywe will definitely be visiting Finbar's.…""",West Bay,,,0,,,https://www.tripadvisor.com/Restaurant_Review-g2492487-d18190610-Reviews-Finbar_s_of_West_Bay-Westgate_on_Sea_Isle_of_Thanet_Kent_England.html
(436 reviews),West Bay,,,0,,,https://www.tripadvisor.com/Restaurant_Review-g2492487-d18190610-Reviews-Finbar_s_of_West_Bay-Westgate_on_Sea_Isle_of_Thanet_Kent_England.html#REVIEWS
"RESTAURANTWest Bay Tea Rooms4.74.7 of 5 bubbles(252 reviews)Bridport, Dorset, England74 mentions ofWest Bay""…We have enjoyed visitingWestBayTea Rooms for years, but as my wife is…""",West Bay,,,0,,,https://www.tripadvisor.com/Restaurant_Review-g551706-d4059847-Reviews-West_Bay_Tea_Rooms-Bridport_Dorset_England.html
(252 reviews),West Bay,,,0,,,https://www.tripadvisor.com/Restaurant_Review-g551706-d4059847-Reviews-West_Bay_Tea_Rooms-Bridport_Dorset_England.html#REVIEWS
"RESTAURANTRise4.04 of 5 bubbles(870 reviews)West Bay, Dorset, England182 mentions ofWest Bay""…If we went back toWestBay, we will be back to Rise.…""",West Bay,,,0,,,https://www.tripadvisor.com/Restaurant_Review-g2356528-d15273080-Reviews-Rise-West_Bay_Bridport_Dorset_England.html
(870 reviews),West Bay,,,0,,,https://www.tripadvisor.com/Restaurant_Review-g2356528-d15273080-Reviews-Rise-West_Bay_Bridport_Dorset_England.html#REVIEWS
"RESTAURANTThe West Deck4.64.6 of 5 bubbles(5,572 reviews)Oranjestad, Aruba36 mentions ofWest BayThe West Deck is located on the brand new Linear Park of Aruba at the Governors Bay on the beach. The restaurant is set on a large wooden deck over the white sandy beach and right by the water’s edge. All the tables have spectacular ocean views, view of the landing planes and full up close view of the cruise ships departing our island during cruise ship season. The setting is casual and fun just for drinks or the perfect place for a relaxed lunch or dinner.We are about a 7 minute car ride from the airport. 5 Minute walking distance from the Renaissance Resort 10 minute walking distance from the main shopping street in town and 15 minute walking distance from the cruise terminal. From the Palm Beach Resort area it’s a 12 minute car ride. If taking the public transportation; take the bus to the main bus terminal in town. From the bus terminal it’s a 15 -20 minute walk to the restaurant.",West Bay,,,0,,,https://www.tripadvisor.com/Restaurant_Review-g147248-d5003237-Reviews-The_West_Deck-Oranjestad_Aruba.html
"(5,572 reviews)",West Bay,,,0,,,https://www.tripadvisor.com/Restaurant_Review-g147248-d5003237-Reviews-The_West_Deck-Oranjestad_Aruba.html#REVIEWS
"RESTAURANTJavaVine Cafe & Wine Bar4.64.6 of 5 bubbles(663 reviews)West Bay, Honduras141 mentions ofWest Bay""…I found it really tough to find decent vegetarian options inWestBayand…""",West Bay,,,0,,,https://www.tripadvisor.com/Restaurant_Review-g944573-d1168590-Reviews-JavaVine_Cafe_Wine_Bar-West_Bay_Roatan_Bay_Islands.html
(663 reviews),West Bay,,,0,,,https://www.tripadvisor.com/Restaurant_Review-g944573-d1168590-Reviews-JavaVine_Cafe_Wine_Bar-West_Bay_Roatan_Bay_Islands.html#REVIEWS
"RESTAURANTRachel's - Litton Cheney4.84.8 of 5 bubbles(1,279 reviews)West Bay, Dorset, England340 mentions ofWest Bay""…We used to go to Rachel's when she had her stall inWestBayand the food…""",West Bay,,,0,,,https://www.tripadvisor.com/Restaurant_Review-g2356528-d3190271-Reviews-Rachel_s_Litton_Cheney-West_Bay_Bridport_Dorset_England.html
"(1,279 reviews)",West Bay,,,0,,,https://www.tripadvisor.com/Restaurant_Review-g2356528-d3190271-Reviews-Rachel_s_Litton_Cheney-West_Bay_Bridport_Dorset_England.html#REVIEWS
"RESTAURANTThe Watch House4.04 of 5 bubbles(1,234 reviews)West Bay, Dorset, England219 mentions ofWest Bay""…Highly recommended if you are going toWestbay, food or just drinks…""",West Bay,,,0,,,https://www.tripadvisor.com/Restaurant_Review-g2356528-d2304465-Reviews-The_Watch_House-West_Bay_Bridport_Dorset_England.html
"(1,234 reviews)",West Bay,,,0,,,https://www.tripadvisor.com/Restaurant_Review-g2356528-d2304465-Reviews-The_Watch_House-West_Bay_Bridport_Dorset_England.html#REVIEWS
"RESTAURANTThirsty Turtle Bar and Grill4.24.2 of 5 bubbles(1,376 reviews)West Bay, Honduras243 mentions ofWest Bay""…Bay!…""",West Bay,,,0,,,https://www.tripadvisor.com/Restaurant_Review-g944573-d1633211-Reviews-Thirsty_Turtle_Bar_and_Grill-West_Bay_Roatan_Bay_Islands.html
"(1,376 reviews)",West Bay,,,0,,,https://www.tripadvisor.com/Restaurant_Review-g944573-d1633211-Reviews-Thirsty_Turtle_Bar_and_Grill-West_Bay_Roatan_Bay_Islands.html#REVIEWS
"RESTAURANTWest Bay Cafe & Beach Bar3.83.8 of 5 bubbles(355 reviews)Westgate-on-Sea, Kent, England54 mentions ofWest Bay""…O myWestBayCafe what has happened to you?…""",West Bay,,,0,,,https://www.tripadvisor.com/Restaurant_Review-g2492487-d2445279-Reviews-West_Bay_Cafe_Beach_Bar-Westgate_on_Sea_Isle_of_Thanet_Kent_England.html
(355 reviews),West Bay,,,0,,,https://www.tripadvisor.com/Restaurant_Review-g2492487-d2445279-Reviews-West_Bay_Cafe_Beach_Bar-Westgate_on_Sea_Isle_of_Thanet_Kent_England.html#REVIEWS
"RESTAURANTbāzār West Bay4.94.9 of 5 bubbles(170 reviews)Doha, Qatar10 mentions ofWest Bay""…I had breakfast at BazarWestBay, Doha, and was fortunate to be served…""",West Bay,,,0,,,https://www.tripadvisor.com/Restaurant_Review-g294009-d25126273-Reviews-Bazar_West_Bay-Doha.html
(170 reviews),West Bay,,,0,,,https://www.tripadvisor.com/Restaurant_Review-g294009-d25126273-Reviews-Bazar_West_Bay-Doha.html#REVIEWS
"RESTAURANTLa Palapa Beach Bar4.84.8 of 5 bubbles(1,121 reviews)West Bay, Honduras67 mentions ofWest Bay""…bay!…""",West Bay,,,0,,,https://www.tripadvisor.com/Restaurant_Review-g944573-d4290289-Reviews-La_Palapa_Beach_Bar-West_Bay_Roatan_Bay_Islands.html
"(1,121 reviews)",West Bay,,,0,,,https://www.tripadvisor.com/Restaurant_Review-g944573-d4290289-Reviews-La_Palapa_Beach_Bar-West_Bay_Roatan_Bay_Islands.html#REVIEWS
"RESTAURANTPelican Bay Restaurant & Bar4.14.1 of 5 bubbles(1,077 reviews)Providenciales, Turks and Caicos98 mentions ofWest Bay""…RoyalWestIndies and PelicanBayare hidden gems.…""",West Bay,,,0,,,https://www.tripadvisor.com/Restaurant_Review-g147399-d1948121-Reviews-Pelican_Bay_Restaurant_Bar-Providenciales_Turks_and_Caicos.html
"(1,077 reviews)",West Bay,,,0,,,https://www.tripadvisor.com/Restaurant_Review-g147399-d1948121-Reviews-Pelican_Bay_Restaurant_Bar-Providenciales_Turks_and_Caicos.html#REVIEWS
"RESTAURANTThe Cornish Bakery4.54.5 of 5 bubbles(688 reviews)West Bay, Dorset, England162 mentions ofWest Bay""…Obviously very popular inWestBay, too.…""",West Bay,,,0,,,https://www.tripadvisor.com/Restaurant_Review-g2356528-d12446279-Reviews-The_Cornish_Bakery-West_Bay_Bridport_Dorset_England.html
(688 reviews),West Bay,,,0,,,https://www.tripadvisor.com/Restaurant_Review-g2356528-d12446279-Reviews-The_Cornish_Bakery-West_Bay_Bridport_Dorset_England.html#REVIEWS
"RESTAURANTWest Bay Inn3.73.7 of 5 bubbles(58 reviews)Kelleys Island, Ohio15 mentions ofWest Bay""…Checked out the menu online, and decided to giveWestBaya shot.…""",West Bay,,,0,,,https://www.tripadvisor.com/Restaurant_Review-g50497-d1103902-Reviews-West_Bay_Inn-Kelleys_Island_Ohio.html
(58 reviews),West Bay,,,0,,,https://www.tripadvisor.com/Restaurant_Review-g50497-d1103902-Reviews-West_Bay_Inn-Kelleys_Island_Ohio.html#REVIEWS
"RESTAURANTS&E fish and chips ltd4.34.3 of 5 bubbles(430 reviews)West Bay, Dorset, England98 mentions ofWest Bay""…Always our go to fish and chip shop when visitingWestBayas we live 45mins…""",West Bay,,,0,,,https://www.tripadvisor.com/Restaurant_Review-g2356528-d2660168-Reviews-S_E_fish_and_chips_ltd-West_Bay_Bridport_Dorset_England.html
(430 reviews),West Bay,,,0,,,https://www.tripadvisor.com/Restaurant_Review-g2356528-d2660168-Reviews-S_E_fish_and_chips_ltd-West_Bay_Bridport_Dorset_England.html#REVIEWS
"RESTAURANTArchie's West Bay Diner4.14.1 of 5 bubbles(245 reviews)Grand Marais, Michigan31 mentions ofWest Bay""…We decided to go to theWestBayDiner for lunch while visiting Grand Marias…""",West Bay,,,0,,,https://www.tripadvisor.com/Restaurant_Review-g42255-d665152-Reviews-Archie_s_West_Bay_Diner-Grand_Marais_Upper_Peninsula_Michigan.html
(245 reviews),West Bay,,,0,,,https://www.tripadvisor.com/Restaurant_Review-g42255-d665152-Reviews-Archie_s_West_Bay_Diner-Grand_Marais_Upper_Peninsula_Michigan.html#REVIEWS
"RESTAURANTPlatform4.74.7 of 5 bubbles(1,843 reviews)West Bay, Dorset, England274 mentions ofWest Bay""…We regularly stay nearby in Eype and walk toWestBayto enjoy the food…""",West Bay,,,0,,,https://www.tripadvisor.com/Restaurant_Review-g2356528-d7297019-Reviews-Platform-West_Bay_Bridport_Dorset_England.html
"(1,843 reviews)",West Bay,,,0,,,https://www.tripadvisor.com/Restaurant_Review-g2356528-d7297019-Reviews-Platform-West_Bay_Bridport_Dorset_England.html#REVIEWS
"RESTAURANTRistorante Pappagallo4.74.7 of 5 bubbles(1,347 reviews)West Bay, Cayman Islands66 mentions ofWest Bay""…We tried this spot since we were staying on thewestbayside of the island…""",West Bay,,,0,,,https://www.tripadvisor.com/Restaurant_Review-g1006573-d1046154-Reviews-Ristorante_Pappagallo-West_Bay_Grand_Cayman_Cayman_Islands.html
"(1,347 reviews)",West Bay,,,0,,,https://www.tripadvisor.com/Restaurant_Review-g1006573-d1046154-Reviews-Ristorante_Pappagallo-West_Bay_Grand_Cayman_Cayman_Islands.html#REVIEWS
"RESTAURANTCracked Conch Restaurant & Macabuca Tiki Bar4.54.5 of 5 bubbles(1,431 reviews)West Bay, Cayman Islands62 mentions ofWest Bay""…This is our favorite lunch spot onWestBay.…""",West Bay,,,0,,,https://www.tripadvisor.com/Restaurant_Review-g1006573-d1046103-Reviews-Cracked_Conch_Restaurant_Macabuca_Tiki_Bar-West_Bay_Grand_Cayman_Cayman_Islands.html
"(1,431 reviews)",West Bay,,,0,,,https://www.tripadvisor.com/Restaurant_Review-g1006573-d1046103-Reviews-Cracked_Conch_Restaurant_Macabuca_Tiki_Bar-West_Bay_Grand_Cayman_Cayman_Islands.html#REVIEWS
"RESTAURANTHeritage Kitchen4.64.6 of 5 bubbles(916 reviews)West Bay, Cayman Islands85 mentions ofWest Bay""…Bay area for what we got for our money.…""",West Bay,,,0,,,https://www.tripadvisor.com/Restaurant_Review-g1006573-d2484590-Reviews-Heritage_Kitchen-West_Bay_Grand_Cayman_Cayman_Islands.html
(916 reviews),West Bay,,,0,,,https://www.tripadvisor.com/Restaurant_Review-g1006573-d2484590-Reviews-Heritage_Kitchen-West_Bay_Grand_Cayman_Cayman_Islands.html#REVIEWS
"RESTAURANTSenorritas Tex Mex (West Bay)4.84.8 of 5 bubbles(572 reviews)Lusail, Qatar3 mentions ofWest Bay""…bay the ambiance is amazing.…""",West Bay,,,0,,,https://www.tripadvisor.com/Restaurant_Review-g21179689-d23790008-Reviews-Senorritas_Tex_Mex_West_Bay-Lusail.html
(572 reviews),West Bay,,,0,,,https://www.tripadvisor.com/Restaurant_Review-g21179689-d23790008-Reviews-Senorritas_Tex_Mex_West_Bay-Lusail.html#REVIEWS
"RESTAURANTArgentinian Grill4.34.3 of 5 bubbles(594 reviews)Roatan, Honduras101 mentions ofWest Bay""…Bay.…""",West Bay,,,0,,,https://www.tripadvisor.com/Restaurant_Review-g292019-d3380179-Reviews-Argentinian_Grill-Roatan_Bay_Islands.html
(594 reviews),West Bay,,,0,,,https://www.tripadvisor.com/Restaurant_Review-g292019-d3380179-Reviews-Argentinian_Grill-Roatan_Bay_Islands.html#REVIEWS
"RESTAURANTShips Galley West Bay3.93.9 of 5 bubbles(100 reviews)Bridport, Dorset, England24 mentions ofWest Bay""…These areWestBayseagulls we’re talking about – airborne psychopaths…""",West Bay,,,0,,,https://www.tripadvisor.com/Restaurant_Review-g551706-d4505863-Reviews-Ships_Galley_West_Bay-Bridport_Dorset_England.html
(100 reviews),West Bay,,,0,,,https://www.tripadvisor.com/Restaurant_Review-g551706-d4505863-Reviews-Ships_Galley_West_Bay-Bridport_Dorset_England.html#REVIEWS
"RESTAURANTHarrods Tea Room Downtown4.84.8 of 5 bubbles(5 reviews)Doha, Qatar1 mention ofMsheireb Downtown""…Tearoom located opposite main entrance toMsheirebGalleria mall indowntown…""",Msheireb Downtown,,,0,,,https://www.tripadvisor.com/Restaurant_Review-g294009-d25569057-Reviews-Harrods_Tea_Room_Downtown-Doha.html
(5 reviews),Msheireb Downtown,,,0,,,https://www.tripadvisor.com/Restaurant_Review-g294009-d25569057-Reviews-Harrods_Tea_Room_Downtown-Doha.html#REVIEWS
"RESTAURANTNobu Downtown4.34.3 of 5 bubbles(1,606 reviews)New York City, New York",Msheireb Downtown,,,0,,,https://www.tripadvisor.com/Restaurant_Review-g60763-d451090-Reviews-Nobu_Downtown-New_York_City_New_York.html
"(1,606 reviews)",Msheireb Downtown,,,0,,,https://www.tripadvisor.com/Restaurant_Review-g60763-d451090-Reviews-Nobu_Downtown-New_York_City_New_York.html#REVIEWS
"RESTAURANTMussel & Burger Bar Downtown4.64.6 of 5 bubbles(795 reviews)Louisville, Kentucky",Msheireb Downtown,,,0,,,https://www.tripadvisor.com/Restaurant_Review-g39604-d9799396-Reviews-Mussel_Burger_Bar_Downtown-Louisville_Kentucky.html
(795 reviews),Msheireb Downtown,,,0,,,https://www.tripadvisor.com/Restaurant_Review-g39604-d9799396-Reviews-Mussel_Burger_Bar_Downtown-Louisville_Kentucky.html#REVIEWS
"RESTAURANTDowntown House of Pizza4.54.5 of 5 bubbles(444 reviews)Fort Myers, Florida",Msheireb Downtown,,,0,,,https://www.tripadvisor.com/Restaurant_Review-g34230-d1625548-Reviews-Downtown_House_of_Pizza-Fort_Myers_Florida.html
(444 reviews),Msheireb Downtown,,,0,,,https://www.tripadvisor.com/Restaurant_Review-g34230-d1625548-Reviews-Downtown_House_of_Pizza-Fort_Myers_Florida.html#REVIEWS
"RESTAURANTChesapeake's Downtown4.54.5 of 5 bubbles(1,178 reviews)Knoxville, Tennessee",Msheireb Downtown,,,0,,,https://www.tripadvisor.com/Restaurant_Review-g55138-d413845-Reviews-Chesapeake_s_Downtown-Knoxville_Tennessee.html
"(1,178 reviews)",Msheireb Downtown,,,0,,,https://www.tripadvisor.com/Restaurant_Review-g55138-d413845-Reviews-Chesapeake_s_Downtown-Knoxville_Tennessee.html#REVIEWS
"RESTAURANTNacho Daddy Downtown4.44.4 of 5 bubbles(1,222 reviews)Las Vegas, Nevada",Msheireb Downtown,,,0,,,https://www.tripadvisor.com/Restaurant_Review-g45963-d5412663-Reviews-Nacho_Daddy_Downtown-Las_Vegas_Nevada.html
"(1,222 reviews)",Msheireb Downtown,,,0,,,https://www.tripadvisor.com/Restaurant_Review-g45963-d5412663-Reviews-Nacho_Daddy_Downtown-Las_Vegas_Nevada.html#REVIEWS
"RESTAURANTHuey's Downtown4.34.3 of 5 bubbles(1,226 reviews)Memphis, Tennessee",Msheireb Downtown,,,0,,,https://www.tripadvisor.com/Restaurant_Review-g55197-d336944-Reviews-Huey_s_Downtown-Memphis_Tennessee.html
"(1,226 reviews)",Msheireb Downtown,,,0,,,https://www.tripadvisor.com/Restaurant_Review-g55197-d336944-Reviews-Huey_s_Downtown-Memphis_Tennessee.html#REVIEWS
"RESTAURANTDowntown B's4.94.9 of 5 bubbles(390 reviews)Roppongi, Tokyo Prefecture, Japan",Msheireb Downtown,,,0,,,https://www.tripadvisor.com/Restaurant_Review-g14129735-d12232966-Reviews-Downtown_B_s-Roppongi_Minato_Tokyo_Tokyo_Prefecture_Kanto.html
(390 reviews),Msheireb Downtown,,,0,,,https://www.tripadvisor.com/Restaurant_Review-g14129735-d12232966-Reviews-Downtown_B_s-Roppongi_Minato_Tokyo_Tokyo_Prefecture_Kanto.html#REVIEWS
"RESTAURANTParamount - Downtown Birmingham4.54.5 of 5 bubbles(182 reviews)Birmingham, Alabama",Msheireb Downtown,,,0,,,https://www.tripadvisor.com/Restaurant_Review-g30375-d4709080-Reviews-Paramount_Downtown_Birmingham-Birmingham_Alabama.html
(182 reviews),Msheireb Downtown,,,0,,,https://www.tripadvisor.com/Restaurant_Review-g30375-d4709080-Reviews-Paramount_Downtown_Birmingham-Birmingham_Alabama.html#REVIEWS
"RESTAURANTDowntown Bistro & Grill4.54.5 of 5 bubbles(276 reviews)Burlington, Ontario, Canada",Msheireb Downtown,,,0,,,https://www.tripadvisor.com/Restaurant_Review-g154984-d3388698-Reviews-Downtown_Bistro_Grill-Burlington_Ontario.html
(276 reviews),Msheireb Downtown,,,0,,,https://www.tripadvisor.com/Restaurant_Review-g154984-d3388698-Reviews-Downtown_Bistro_Grill-Burlington_Ontario.html#REVIEWS
"RESTAURANTFat Cat Downtown4.74.7 of 5 bubbles(495 reviews)Prague, Czech Republic",Msheireb Downtown,,,0,,,https://www.tripadvisor.com/Restaurant_Review-g274707-d25109438-Reviews-Fat_Cat_Downtown-Prague_Bohemia.html
(495 reviews),Msheireb Downtown,,,0,,,https://www.tripadvisor.com/Restaurant_Review-g274707-d25109438-Reviews-Fat_Cat_Downtown-Prague_Bohemia.html#REVIEWS
"RESTAURANTThe Tap House, Downtown4.94.9 of 5 bubbles(2,690 reviews)Dubai, United Arab Emirates",Msheireb Downtown,,,0,,,https://www.tripadvisor.com/Restaurant_Review-g295424-d25192984-Reviews-The_Tap_House_Downtown-Dubai_Emirate_of_Dubai.html
"(2,690 reviews)",Msheireb Downtown,,,0,,,https://www.tripadvisor.com/Restaurant_Review-g295424-d25192984-Reviews-The_Tap_House_Downtown-Dubai_Emirate_of_Dubai.html#REVIEWS
"RESTAURANTPerry's Steakhouse & Grille- Downtown Austin4.54.5 of 5 bubbles(846 reviews)Austin, Texas",Msheireb Downtown,,,0,,,https://www.tripadvisor.com/Restaurant_Review-g30196-d1310601-Reviews-Perry_s_Steakhouse_Grille_Downtown_Austin-Austin_Texas.html
(846 reviews),Msheireb Downtown,,,0,,,https://www.tripadvisor.com/Restaurant_Review-g30196-d1310601-Reviews-Perry_s_Steakhouse_Grille_Downtown_Austin-Austin_Texas.html#REVIEWS
"RESTAURANTEl Barrio Downtown4.74.7 of 5 bubbles(561 reviews)Birmingham, Alabama",Msheireb Downtown,,,0,,,https://www.tripadvisor.com/Restaurant_Review-g30375-d3191287-Reviews-El_Barrio_Downtown-Birmingham_Alabama.html
(561 reviews),Msheireb Downtown,,,0,,,https://www.tripadvisor.com/Restaurant_Review-g30375-d3191287-Reviews-El_Barrio_Downtown-Birmingham_Alabama.html#REVIEWS
"RESTAURANTDella Fattoria Downtown4.54.5 of 5 bubbles(326 reviews)Petaluma, California",Msheireb Downtown,,,0,,,https://www.tripadvisor.com/Restaurant_Review-g32874-d642259-Reviews-Della_Fattoria_Downtown-Petaluma_Sonoma_County_California.html
(326 reviews),Msheireb Downtown,,,0,,,https://www.tripadvisor.com/Restaurant_Review-g32874-d642259-Reviews-Della_Fattoria_Downtown-Petaluma_Sonoma_County_California.html#REVIEWS
"RESTAURANTTamara's Downtown4.44.4 of 5 bubbles(504 reviews)Fairhope, Alabama",Msheireb Downtown,,,0,,,https://www.tripadvisor.com/Restaurant_Review-g30521-d846112-Reviews-Tamara_s_Downtown-Fairhope_Alabama.html
(504 reviews),Msheireb Downtown,,,0,,,https://www.tripadvisor.com/Restaurant_Review-g30521-d846112-Reviews-Tamara_s_Downtown-Fairhope_Alabama.html#REVIEWS
"RESTAURANTHodad's Downtown4.54.5 of 5 bubbles(733 reviews)San Diego, California",Msheireb Downtown,,,0,,,https://www.tripadvisor.com/Restaurant_Review-g60750-d2314872-Reviews-Hodad_s_Downtown-San_Diego_California.html
(733 reviews),Msheireb Downtown,,,0,,,https://www.tripadvisor.com/Restaurant_Review-g60750-d2314872-Reviews-Hodad_s_Downtown-San_Diego_California.html#REVIEWS
"RESTAURANTHops Downtown Grill4.54.5 of 5 bubbles(946 reviews)Kalispell, Montana",Msheireb Downtown,,,0,,,https://www.tripadvisor.com/Restaurant_Review-g45235-d417996-Reviews-Hops_Downtown_Grill-Kalispell_Montana.html
(946 reviews),Msheireb Downtown,,,0,,,https://www.tripadvisor.com/Restaurant_Review-g45235-d417996-Reviews-Hops_Downtown_Grill-Kalispell_Montana.html#REVIEWS
"RESTAURANTLos Gatos Café Downtown4.54.5 of 5 bubbles(327 reviews)Los Gatos, California",Msheireb Downtown,,,0,,,https://www.tripadvisor.com/Restaurant_Review-g32657-d347386-Reviews-Los_Gatos_Cafe_Downtown-Los_Gatos_California.html
(327 reviews),Msheireb Downtown,,,0,,,https://www.tripadvisor.com/Restaurant_Review-g32657-d347386-Reviews-Los_Gatos_Cafe_Downtown-Los_Gatos_California.html#REVIEWS
"RESTAURANTPlaza Cafe Downtown4.34.3 of 5 bubbles(2,111 reviews)Santa Fe, New Mexico",Msheireb Downtown,,,0,,,https://www.tripadvisor.com/Restaurant_Review-g60958-d3337746-Reviews-Plaza_Cafe_Downtown-Santa_Fe_New_Mexico.html
"(2,111 reviews)",Msheireb Downtown,,,0,,,https://www.tripadvisor.com/Restaurant_Review-g60958-d3337746-Reviews-Plaza_Cafe_Downtown-Santa_Fe_New_Mexico.html#REVIEWS
"RESTAURANTVietnamese Foodies Downtown4.84.8 of 5 bubbles(319 reviews)Dubai, United Arab Emirates",Msheireb Downtown,,,0,,,https://www.tripadvisor.com/Restaurant_Review-g295424-d17430805-Reviews-Vietnamese_Foodies_Downtown-Dubai_Emirate_of_Dubai.html
(319 reviews),Msheireb Downtown,,,0,,,https://www.tripadvisor.com/Restaurant_Review-g295424-d17430805-Reviews-Vietnamese_Foodies_Downtown-Dubai_Emirate_of_Dubai.html#REVIEWS
"RESTAURANTRare Steakhouse Downtown4.34.3 of 5 bubbles(551 reviews)Melbourne, Victoria, Australia",Msheireb Downtown,,,0,,,https://www.tripadvisor.com/Restaurant_Review-g255100-d3523745-Reviews-Rare_Steakhouse_Downtown-Melbourne_Victoria.html
(551 reviews),Msheireb Downtown,,,0,,,https://www.tripadvisor.com/Restaurant_Review-g255100-d3523745-Reviews-Rare_Steakhouse_Downtown-Melbourne_Victoria.html#REVIEWS
"RESTAURANTTwisted Laurel Downtown Asheville4.54.5 of 5 bubbles(987 reviews)Asheville, North Carolina",Msheireb Downtown,,,0,,,https://www.tripadvisor.com/Restaurant_Review-g60742-d7282341-Reviews-Twisted_Laurel_Downtown_Asheville-Asheville_North_Carolina.html
(987 reviews),Msheireb Downtown,,,0,,,https://www.tripadvisor.com/Restaurant_Review-g60742-d7282341-Reviews-Twisted_Laurel_Downtown_Asheville-Asheville_North_Carolina.html#REVIEWS
"RESTAURANTOwen's Fish Camp Downtown Sarasota4.44.4 of 5 bubbles(2,452 reviews)Sarasota, Florida",Msheireb Downtown,,,0,,,https://www.tripadvisor.com/Restaurant_Review-g34618-d2013880-Reviews-Owen_s_Fish_Camp_Downtown_Sarasota-Sarasota_Florida.html
"(2,452 reviews)",Msheireb Downtown,,,0,,,https://www.tripadvisor.com/Restaurant_Review-g34618-d2013880-Reviews-Owen_s_Fish_Camp_Downtown_Sarasota-Sarasota_Florida.html#REVIEWS
"RESTAURANTPosana Downtown4.64.6 of 5 bubbles(1,498 reviews)Asheville, North Carolina",Msheireb Downtown,,,0,,,https://www.tripadvisor.com/Restaurant_Review-g60742-d1501707-Reviews-Posana_Downtown-Asheville_North_Carolina.html
"(1,498 reviews)",Msheireb Downtown,,,0,,,https://www.tripadvisor.com/Restaurant_Review-g60742-d1501707-Reviews-Posana_Downtown-Asheville_North_Carolina.html#REVIEWS
"RESTAURANTFrank's Diner Downtown4.64.6 of 5 bubbles(1,663 reviews)Spokane, Washington",Msheireb Downtown,,,0,,,https://www.tripadvisor.com/Restaurant_Review-g58759-d413499-Reviews-Frank_s_Diner_Downtown-Spokane_Washington.html
"(1,663 reviews)",Msheireb Downtown,,,0,,,https://www.tripadvisor.com/Restaurant_Review-g58759-d413499-Reviews-Frank_s_Diner_Downtown-Spokane_Washington.html#REVIEWS
"RESTAURANTRed Phone Booth - Downtown4.64.6 of 5 bubbles(277 reviews)Atlanta, Georgia",Msheireb Downtown,,,0,,,https://www.tripadvisor.com/Restaurant_Review-g60898-d10680141-Reviews-Red_Phone_Booth_Downtown-Atlanta_Georgia.html
(277 reviews),Msheireb Downtown,,,0,,,https://www.tripadvisor.com/Restaurant_Review-g60898-d10680141-Reviews-Red_Phone_Booth_Downtown-Atlanta_Georgia.html#REVIEWS
"RESTAURANTPiatto St John's Downtown4.44.4 of 5 bubbles(761 reviews)St. John's, Newfoundland and Labrador, Canada",Msheireb Downtown,,,0,,,https://www.tripadvisor.com/Restaurant_Review-g154964-d1925938-Reviews-Piatto_St_John_s_Downtown-St_John_s_Newfoundland_Newfoundland_and_Labrador.html
(761 reviews),Msheireb Downtown,,,0,,,https://www.tripadvisor.com/Restaurant_Review-g154964-d1925938-Reviews-Piatto_St_John_s_Downtown-St_John_s_Newfoundland_Newfoundland_and_Labrador.html#REVIEWS
"RESTAURANTMax Downtown4.44.4 of 5 bubbles(598 reviews)Hartford, Connecticut",Msheireb Downtown,,,0,,,https://www.tripadvisor.com/Restaurant_Review-g33804-d417746-Reviews-Max_Downtown-Hartford_Connecticut.html
(598 reviews),Msheireb Downtown,,,0,,,https://www.tripadvisor.com/Restaurant_Review-g33804-d417746-Reviews-Max_Downtown-Hartford_Connecticut.html#REVIEWS
"RESTAURANTDowntown Aravali3.73.7 of 5 bubbles(46 reviews)Dharuhera, India",Msheireb Downtown,,,0,,,https://www.tripadvisor.com/Restaurant_Review-g3383700-d12404688-Reviews-Downtown_Aravali-Dharuhera_Rewari_District_Haryana.html
(46 reviews),Msheireb Downtown,,,0,,,https://www.tripadvisor.com/Restaurant_Review-g3383700-d12404688-Reviews-Downtown_Aravali-Dharuhera_Rewari_District_Haryana.html#REVIEWS
(335 reviews),Al Wakrah,,,0,,,https://www.tripadvisor.com/Restaurant_Review-g294009-d19632666-Reviews-Sora_Rooftop-Doha.html#REVIEWS
(177 reviews),Al Wakrah,,,0,,,https://www.tripadvisor.com/Restaurant_Review-g3221436-d14983750-Reviews-Jarnen_at_Souq_Al_Wakra_Hotel_Qatar_By_Tivoli-Al_Wakrah.html#REVIEWS
(59 reviews),Al Wakrah,,,0,,,https://www.tripadvisor.com/Restaurant_Review-g3221436-d14983811-Reviews-Emshoot_Azerbaijani_Restaurant-Al_Wakrah.html#REVIEWS
(11 reviews),Al Wakrah,,,0,,,https://www.tripadvisor.com/Restaurant_Review-g3221436-d13332510-Reviews-Al_Fanar_Restaurant-Al_Wakrah.html#REVIEWS
(2 reviews),Al Wakrah,,,0,,,https://www.tripadvisor.com/Restaurant_Review-g3221436-d26088682-Reviews-Deerat_Ahalna_Grill-Al_Wakrah.html#REVIEWS
(13 reviews),Al Wakrah,,,0,,,https://www.tripadvisor.com/Restaurant_Review-g3221436-d10134009-Reviews-Al_Koufa_Kebab-Al_Wakrah.html#REVIEWS
(2 reviews),Al Wakrah,,,0,,,https://www.tripadvisor.com/Restaurant_Review-g3221436-d21072028-Reviews-Al_Wakrah_Popular_Fish_Restaurant-Al_Wakrah.html#REVIEWS
(28 reviews),Al Wakrah,,,0,,,https://www.tripadvisor.com/Restaurant_Review-g3221436-d15656644-Reviews-Applebees-Al_Wakrah.html#REVIEWS
(16 reviews),Al Wakrah,,,0,,,https://www.tripadvisor.com/Restaurant_Review-g3221436-d14983768-Reviews-Markhan_at_Souq_Al_Wakra_Hotel_Qatar_By_Tivoli-Al_Wakrah.html#REVIEWS
(9 reviews),Al Wakrah,,,0,,,https://www.tripadvisor.com/Restaurant_Review-g3221436-d14983814-Reviews-Mahaadeg-Al_Wakrah.html#REVIEWS
(70 reviews),Al Wakrah,,,0,,,https://www.tripadvisor.com/Restaurant_Review-g3221436-d6778655-Reviews-Papa_Johns_Pizza-Al_Wakrah.html#REVIEWS
(29 reviews),Al Wakrah,,,0,,,https://www.tripadvisor.com/Restaurant_Review-g3221436-d11756678-Reviews-Mercato_Antico-Al_Wakrah.html#REVIEWS
(15 reviews),Al Wakrah,,,0,,,https://www.tripadvisor.com/Restaurant_Review-g3221436-d13334977-Reviews-Shakespeare_and_Co_Ezdan_Mall_Al_Wakrah-Al_Wakrah.html#REVIEWS
(33 reviews),Al Wakrah,,,0,,,https://www.tripadvisor.com/Restaurant_Review-g3221436-d8755411-Reviews-Zaman_Al_Khair_Restaurant-Al_Wakrah.html#REVIEWS
(29 reviews),Al Wakrah,,,0,,,https://www.tripadvisor.com/Restaurant_Review-g3221436-d9582279-Reviews-Copacabana-Al_Wakrah.html#REVIEWS
(13 reviews),Al Wakrah,,,0,,,https://www.tripadvisor.com/Restaurant_Review-g3221436-d8526065-Reviews-Barahat_Al_Wakra-Al_Wakrah.html#REVIEWS
(33 reviews),Al Wakrah,,,0,,,https://www.tripadvisor.com/Restaurant_Review-g3221436-d6765574-Reviews-Biriyani_Hut-Al_Wakrah.html#REVIEWS
(10 reviews),Al Wakrah,,,0,,,https://www.tripadvisor.com/Restaurant_Review-g3221436-d12791793-Reviews-Al_Rabwah_Restaurant_Qatar-Al_Wakrah.html#REVIEWS
(4 reviews),Al Wakrah,,,0,,,https://www.tripadvisor.com/Restaurant_Review-g3221436-d23778689-Reviews-Pizza_Hut-Al_Wakrah.html#REVIEWS
(1 review),Al Wakrah,,,0,,,https://www.tripadvisor.com/Restaurant_Review-g3221436-d23991727-Reviews-Al_Shahouf_Restaurant-Al_Wakrah.html#REVIEWS
(2 reviews),Al Wakrah,,,0,,,https://www.tripadvisor.com/Restaurant_Review-g3221436-d12232025-Reviews-Ruman_Restaurant-Al_Wakrah.html#REVIEWS
(2 reviews),Al Wakrah,,,0,,,https://www.tripadvisor.com/Restaurant_Review-g3221436-d27424931-Reviews-Ambes_Thursday_Cafe-Al_Wakrah.html#REVIEWS
(16 reviews),Al Wakrah,,,0,,,https://www.tripadvisor.com/Restaurant_Review-g3221436-d23979286-Reviews-Nando_s_Al_Wakra-Al_Wakrah.html#REVIEWS
(1 review),Al Wakrah,,,0,,,https://www.tripadvisor.com/Restaurant_Review-g3221436-d27516706-Reviews-R_Three_Lines_Restaurant-Al_Wakrah.html#REVIEWS
(1 review),Al Wakrah,,,0,,,https://www.tripadvisor.com/Restaurant_Review-g3221436-d19745838-Reviews-Blue_City_Restaurant-Al_Wakrah.html#REVIEWS
(30 reviews),Al Wakrah,,,0,,,https://www.tripadvisor.com/Restaurant_Review-g3221436-d3978337-Reviews-Chili_s-Al_Wakrah.html#REVIEWS
(15 reviews),Al Wakrah,,,0,,,https://www.tripadvisor.com/Restaurant_Review-g3221436-d12859654-Reviews-Bharath_Vasantha_Bhavan-Al_Wakrah.html#REVIEWS
(9 reviews),Al Wakrah,,,0,,,https://www.tripadvisor.com/Restaurant_Review-g3221436-d17435024-Reviews-Namma_Veedu_Vasantha_Bhavan-Al_Wakrah.html#REVIEWS
(1 review),Al Wakrah,,,0,,,https://www.tripadvisor.com/Restaurant_Review-g3221436-d18936437-Reviews-Wakrah_Hyderabadi_Spice-Al_Wakrah.html#REVIEWS
(5 reviews),Al Wakrah,,,0,,,https://www.tripadvisor.com/Restaurant_Review-g3221436-d18968719-Reviews-Easair_Cafe-Al_Wakrah.html#REVIEWS
(2 reviews),Al Wakrah,,,0,,,https://www.tripadvisor.com/Restaurant_Review-g3221436-d24841035-Reviews-Royal_Tandoor_Souq_Wakrah-Al_Wakrah.html#REVIEWS
Baskin Robbins,Al Wakrah,,,0,,,https://www.tripadvisor.com/Restaurant_Review-g3221436-d7733622-Reviews-Baskin_Robbins-Al_Wakrah.html
(81 reviews),Al Khor,,,0,,,https://www.tripadvisor.com/Restaurant_Review-g656074-d5986505-Reviews-Pearl_of_Beirut_Restaurant-Al_Khor.html#REVIEWS
(6 reviews),Al Khor,,,0,,,https://www.tripadvisor.com/Restaurant_Review-g656074-d17724426-Reviews-Ottoman_Palace_Restaurant-Al_Khor.html#REVIEWS
(27 reviews),Al Khor,,,0,,,https://www.tripadvisor.com/Restaurant_Review-g656074-d9869021-Reviews-Shanghai_Garden-Al_Khor.html#REVIEWS
(32 reviews),Al Khor,,,0,,,https://www.tripadvisor.com/Restaurant_Review-g656074-d10332478-Reviews-Panoor_Restaurant-Al_Khor.html#REVIEWS
(5 reviews),Al Khor,,,0,,,https://www.tripadvisor.com/Restaurant_Review-g656074-d12962207-Reviews-The_Sizzlers_Al_Khor-Al_Khor.html#REVIEWS
(6 reviews),Al Khor,,,0,,,https://www.tripadvisor.com/Restaurant_Review-g656074-d15036354-Reviews-Shawkah_Afandi_Restaurant-Al_Khor.html#REVIEWS
(28 reviews),Al Khor,,,0,,,https://www.tripadvisor.com/Restaurant_Review-g656074-d3983434-Reviews-Royal_Tandoor_Al_Khor-Al_Khor.html#REVIEWS
(14 reviews),Al Khor,,,0,,,https://www.tripadvisor.com/Restaurant_Review-g656074-d9869039-Reviews-Chilli_s-Al_Khor.html#REVIEWS
(2 reviews),Al Khor,,,0,,,https://www.tripadvisor.com/Restaurant_Review-g656074-d17622074-Reviews-Tiger_Cookies_Al_Khor-Al_Khor.html#REVIEWS
(12 reviews),Al Khor,,,0,,,https://www.tripadvisor.com/Restaurant_Review-g656074-d7617829-Reviews-Turkiye_Kebab-Al_Khor.html#REVIEWS
(1 review),Al Khor,,,0,,,https://www.tripadvisor.com/Restaurant_Review-g656074-d16742604-Reviews-La_Veranda_Restaurant_Al_Waha_Club-Al_Khor.html#REVIEWS
(2 reviews),Al Khor,,,0,,,https://www.tripadvisor.com/Restaurant_Review-g656074-d23806817-Reviews-Camels_Cafe-Al_Khor.html#REVIEWS
(3 reviews),Al Khor,,,0,,,https://www.tripadvisor.com/Restaurant_Review-g656074-d27157259-Reviews-Gazebo_Indian_Flavors-Al_Khor.html#REVIEWS
(4 reviews),Al Khor,,,0,,,https://www.tripadvisor.com/Restaurant_Review-g656074-d20120056-Reviews-Ginger_Club-Al_Khor.html#REVIEWS
(1 review),Al Khor,,,0,,,https://www.tripadvisor.com/Restaurant_Review-g656074-d21396542-Reviews-6_Am_Espresso_Lounge-Al_Khor.html#REVIEWS
(1 review),Al Khor,,,0,,,https://www.tripadvisor.com/Restaurant_Review-g656074-d24469197-Reviews-Baladna_Restaurant_Al_Khor_Branch-Al_Khor.html#REVIEWS
(7 reviews),Al Khor,,,0,,,https://www.tripadvisor.com/Restaurant_Review-g656074-d8481611-Reviews-Baba_Gannouj-Al_Khor.html#REVIEWS
(1 review),Al Khor,,,0,,,https://www.tripadvisor.com/Restaurant_Review-g656074-d23955131-Reviews-Al_Khor_Jabati_Restaurant-Al_Khor.html#REVIEWS
(0 reviews),Al Khor,,,0,,,https://www.tripadvisor.com/Restaurant_Review-g656074-d27145765-Reviews-Kuya_Kalbo_s_Kitchen-Al_Khor.html#REVIEWS
(1 review),Al Khor,,,0,,,https://www.tripadvisor.com/Restaurant_Review-g656074-d17789500-Reviews-Bayclub_Cafeteria-Al_Khor.html#REVIEWS
(3 reviews),Al Khor,,,0,,,https://www.tripadvisor.com/Restaurant_Review-g656074-d23246427-Reviews-McDonald_s-Al_Khor.html#REVIEWS
(3 reviews),Al Khor,,,0,,,https://www.tripadvisor.com/Restaurant_Review-g656074-d8742818-Reviews-Bird_of_Paradise-Al_Khor.html#REVIEWS
(0 reviews),Al Khor,,,0,,,https://www.tripadvisor.com/Restaurant_Review-g656074-d23622912-Reviews-Starbucks-Al_Khor.html#REVIEWS
(0 reviews),Al Khor,,,0,,,https://www.tripadvisor.com/Restaurant_Review-g656074-d14815501-Reviews-Treats_Dessert_Parlour-Al_Khor.html#REVIEWS
(0 reviews),Al Khor,,,0,,,https://www.tripadvisor.com/Restaurant_Review-g656074-d27516719-Reviews-R_Three_Lines_Restaurant-Al_Khor.html#REVIEWS
(0 reviews),Al Khor,,,0,,,https://www.tripadvisor.com/Restaurant_Review-g656074-d23757676-Reviews-Papa_Johns_Pizza-Al_Khor.html#REVIEWS
(0 reviews),Al Khor,,,0,,,https://www.tripadvisor.com/Restaurant_Review-g656074-d28027791-Reviews-Papa_Johns_Pizza-Al_Khor.html#REVIEWS
(0 reviews),Umm Salal,,,0,,,https://www.tripadvisor.com/Restaurant_Review-g26663412-d27103272-Reviews-Arab_House_Kitchens-Umm_Salal_Ali.html#REVIEWS
(0 reviews),Umm Salal,,,0,,,https://www.tripadvisor.com/Restaurant_Review-g26663412-d28039739-Reviews-Gelati_Dino-Umm_Salal_Ali.html#REVIEWS
(119 reviews),Al Daayen,,,0,,,https://www.tripadvisor.com/Restaurant_Review-g19681358-d4771016-Reviews-Ikea_Restaurant-Al_Daayen.html#REVIEWS
(25 reviews),Al Daayen,,,0,,,https://www.tripadvisor.com/Restaurant_Review-g19681358-d12995510-Reviews-Five_Guys-Al_Daayen.html#REVIEWS
(62 reviews),Al Daayen,,,0,,,https://www.tripadvisor.com/Restaurant_Review-g19681358-d14136162-Reviews-Wagamama-Al_Daayen.html#REVIEWS
(130 reviews),Al Daayen,,,0,,,https://www.tripadvisor.com/Restaurant_Review-g19681358-d13446447-Reviews-Jamie_s_Italian-Al_Daayen.html#REVIEWS
(79 reviews),Al Daayen,,,0,,,https://www.tripadvisor.com/Restaurant_Review-g19681358-d15617304-Reviews-Maki-Al_Daayen.html#REVIEWS
(75 reviews),Al Daayen,,,0,,,https://www.tripadvisor.com/Restaurant_Review-g19681358-d12995505-Reviews-Carluccio_s_Doha_Festival_City-Al_Daayen.html#REVIEWS
(11 reviews),Al Daayen,,,0,,,https://www.tripadvisor.com/Restaurant_Review-g19681358-d16754658-Reviews-Paul_Bakery_Restaurant-Al_Daayen.html#REVIEWS
(50 reviews),Al Daayen,,,0,,,https://www.tripadvisor.com/Restaurant_Review-g19681358-d13075969-Reviews-MokaCaffe_Mall_of_Qatar-Al_Daayen.html#REVIEWS
(33 reviews),Al Daayen,,,0,,,https://www.tripadvisor.com/Restaurant_Review-g19681358-d12847035-Reviews-Sumo_Sushi-Al_Daayen.html#REVIEWS
(16 reviews),Al Daayen,,,0,,,https://www.tripadvisor.com/Restaurant_Review-g19681358-d12880948-Reviews-Le_Pain_Quotidien-Al_Daayen.html#REVIEWS
(6 reviews),Al Daayen,,,0,,,https://www.tripadvisor.com/Restaurant_Review-g19681358-d14038834-Reviews-Golden_Dragon-Al_Daayen.html#REVIEWS
(3 reviews),Al Daayen,,,0,,,https://www.tripadvisor.com/Restaurant_Review-g19681358-d19183279-Reviews-Le_Petit_Train_Bleu-Al_Daayen.html#REVIEWS
(2 reviews),Al Daayen,,,0,,,https://www.tripadvisor.com/Restaurant_Review-g19681358-d13448710-Reviews-Amorino-Al_Daayen.html#REVIEWS
(0 reviews),Al Daayen,,,0,,,https://www.tripadvisor.com/Restaurant_Review-g19681358-d24109787-Reviews-Karaki_Lounge-Al_Daayen.html#REVIEWS
(0 reviews),Al Daayen,,,0,,,https://www.tripadvisor.com/Restaurant_Review-g19681358-d19414152-Reviews-Laduree-Al_Daayen.html#REVIEWS
(0 reviews),Al Daayen,,,0,,,https://www.tripadvisor.com/Restaurant_Review-g19681358-d23883861-Reviews-Starbucks-Al_Daayen.html#REVIEWS
(3 reviews),Mesaieed,,,0,,,https://www.tripadvisor.com/Restaurant_Review-g298468-d20143135-Reviews-Al_Odaid-Mesaieed.html#REVIEWS
(3 reviews),Mesaieed,,,0,,,https://www.tripadvisor.com/Restaurant_Review-g298468-d20143136-Reviews-La_Merenda-Mesaieed.html#REVIEWS
(1 review),Mesaieed,,,0,,,https://www.tripadvisor.com/Restaurant_Review-g298468-d20143138-Reviews-Reef_and_Burger-Mesaieed.html#REVIEWS
(0 reviews),Mesaieed,,,0,,,https://www.tripadvisor.com/Restaurant_Review-g298468-d23800463-Reviews-Papa_Johns_Pizza-Mesaieed.html#REVIEWS
"RESTAURANTTea Time Al ShahaniyaAsh-Shahaniyah, Qatar",Al Shahaniya,,,0,,,https://www.tripadvisor.com/Restaurant_Review-g3953950-d28152407-Reviews-Tea_Time_Al_Shahaniya-Ash_Shahaniyah.html
"RESTAURANTTrattoria Al Gazzettino4.54.5 of 5 bubbles(17,738 reviews)Venice, Veneto, Italy",Al Shahaniya,,,0,,,https://www.tripadvisor.com/Restaurant_Review-g187870-d1510422-Reviews-Trattoria_Al_Gazzettino-Venice_Veneto.html
"(17,738 reviews)",Al Shahaniya,,,0,,,https://www.tripadvisor.com/Restaurant_Review-g187870-d1510422-Reviews-Trattoria_Al_Gazzettino-Venice_Veneto.html#REVIEWS
"RESTAURANTDa Enzo Al 294.34.3 of 5 bubbles(5,556 reviews)Rome, Lazio, Italy",Al Shahaniya,,,0,,,https://www.tripadvisor.com/Restaurant_Review-g187791-d2231399-Reviews-Da_Enzo_Al_29-Rome_Lazio.html
"(5,556 reviews)",Al Shahaniya,,,0,,,https://www.tripadvisor.com/Restaurant_Review-g187791-d2231399-Reviews-Da_Enzo_Al_29-Rome_Lazio.html#REVIEWS
"RESTAURANTAl Grill4.84.8 of 5 bubbles(1,307 reviews)Venice, Veneto, Italy",Al Shahaniya,,,0,,,https://www.tripadvisor.com/Restaurant_Review-g187870-d17577217-Reviews-Al_Grill-Venice_Veneto.html
"(1,307 reviews)",Al Shahaniya,,,0,,,https://www.tripadvisor.com/Restaurant_Review-g187870-d17577217-Reviews-Al_Grill-Venice_Veneto.html#REVIEWS
"RESTAURANTAl Khal Egyptian Restaurant4.94.9 of 5 bubbles(3,365 reviews)Cairo, Egypt",Al Shahaniya,,,0,,,https://www.tripadvisor.com/Restaurant_Review-g294201-d2715802-Reviews-Al_Khal_Egyptian_Restaurant-Cairo_Cairo_Governorate.html
"(3,365 reviews)",Al Shahaniya,,,0,,,https://www.tripadvisor.com/Restaurant_Review-g294201-d2715802-Reviews-Al_Khal_Egyptian_Restaurant-Cairo_Cairo_Governorate.html#REVIEWS
"RESTAURANTL'Ancora Della Tortuga4.44.4 of 5 bubbles(1,875 reviews)Monterosso al Mare, Italian Riviera, Italy",Al Shahaniya,,,0,,,https://www.tripadvisor.com/Restaurant_Review-g187820-d1111538-Reviews-L_Ancora_Della_Tortuga-Monterosso_al_Mare_Cinque_Terre_Italian_Riviera_Liguria.html
"(1,875 reviews)",Al Shahaniya,,,0,,,https://www.tripadvisor.com/Restaurant_Review-g187820-d1111538-Reviews-L_Ancora_Della_Tortuga-Monterosso_al_Mare_Cinque_Terre_Italian_Riviera_Liguria.html#REVIEWS
"RESTAURANTZaitouna4.94.9 of 5 bubbles(1,773 reviews)Ras Al Khaimah, United Arab Emirates",Al Shahaniya,,,0,,,https://www.tripadvisor.com/Restaurant_Review-g298063-d7619379-Reviews-Zaitouna-Ras_Al_Khaimah_Emirate_of_Ras_Al_Khaimah.html
"(1,773 reviews)",Al Shahaniya,,,0,,,https://www.tripadvisor.com/Restaurant_Review-g298063-d7619379-Reviews-Zaitouna-Ras_Al_Khaimah_Emirate_of_Ras_Al_Khaimah.html#REVIEWS
"RESTAURANTGambino's Italian Grill4.84.8 of 5 bubbles(2,572 reviews)Fairhope, Alabama",Al Shahaniya,,,0,,,https://www.tripadvisor.com/Restaurant_Review-g30521-d3599403-Reviews-Gambino_s_Italian_Grill-Fairhope_Alabama.html
"(2,572 reviews)",Al Shahaniya,,,0,,,https://www.tripadvisor.com/Restaurant_Review-g30521-d3599403-Reviews-Gambino_s_Italian_Grill-Fairhope_Alabama.html#REVIEWS
"RESTAURANTFish River Grill4.54.5 of 5 bubbles(981 reviews)Gulf Shores, Alabama",Al Shahaniya,,,0,,,https://www.tripadvisor.com/Restaurant_Review-g30582-d8002427-Reviews-Fish_River_Grill-Gulf_Shores_Alabama.html
(981 reviews),Al Shahaniya,,,0,,,https://www.tripadvisor.com/Restaurant_Review-g30582-d8002427-Reviews-Fish_River_Grill-Gulf_Shores_Alabama.html#REVIEWS
"RESTAURANTBahama Bob's Beach Side Cafe4.34.3 of 5 bubbles(2,412 reviews)Gulf Shores, Alabama",Al Shahaniya,,,0,,,https://www.tripadvisor.com/Restaurant_Review-g30582-d655775-Reviews-Bahama_Bob_s_Beach_Side_Cafe-Gulf_Shores_Alabama.html
"(2,412 reviews)",Al Shahaniya,,,0,,,https://www.tripadvisor.com/Restaurant_Review-g30582-d655775-Reviews-Bahama_Bob_s_Beach_Side_Cafe-Gulf_Shores_Alabama.html#REVIEWS
"RESTAURANTRistorante Miky4.44.4 of 5 bubbles(2,546 reviews)Monterosso al Mare, Italian Riviera, Italy",Al Shahaniya,,,0,,,https://www.tripadvisor.com/Restaurant_Review-g187820-d1111550-Reviews-Ristorante_Miky-Monterosso_al_Mare_Cinque_Terre_Italian_Riviera_Liguria.html
"(2,546 reviews)",Al Shahaniya,,,0,,,https://www.tripadvisor.com/Restaurant_Review-g187820-d1111550-Reviews-Ristorante_Miky-Monterosso_al_Mare_Cinque_Terre_Italian_Riviera_Liguria.html#REVIEWS
"RESTAURANTMosaic Restaurant - Al Muroor4.94.9 of 5 bubbles(1,563 reviews)Abu Dhabi, United Arab Emirates",Al Shahaniya,,,0,,,https://www.tripadvisor.com/Restaurant_Review-g294013-d10430119-Reviews-Mosaic_Restaurant_Al_Muroor-Abu_Dhabi_Emirate_of_Abu_Dhabi.html
"(1,563 reviews)",Al Shahaniya,,,0,,,https://www.tripadvisor.com/Restaurant_Review-g294013-d10430119-Reviews-Mosaic_Restaurant_Al_Muroor-Abu_Dhabi_Emirate_of_Abu_Dhabi.html#REVIEWS
"RESTAURANTAl Khayma Heritage Restaurant & Cafe4.94.9 of 5 bubbles(1,653 reviews)Dubai, United Arab Emirates",Al Shahaniya,,,0,,,https://www.tripadvisor.com/Restaurant_Review-g295424-d23007236-Reviews-Al_Khayma_Heritage_Restaurant_Cafe-Dubai_Emirate_of_Dubai.html
"(1,653 reviews)",Al Shahaniya,,,0,,,https://www.tripadvisor.com/Restaurant_Review-g295424-d23007236-Reviews-Al_Khayma_Heritage_Restaurant_Cafe-Dubai_Emirate_of_Dubai.html#REVIEWS
"RESTAURANTAlbaik4.34.3 of 5 bubbles(1,685 reviews)Mecca, Saudi Arabia",Al Shahaniya,,,0,,,https://www.tripadvisor.com/Restaurant_Review-g293993-d788527-Reviews-Albaik-Mecca_Makkah_Province.html
"(1,685 reviews)",Al Shahaniya,,,0,,,https://www.tripadvisor.com/Restaurant_Review-g293993-d788527-Reviews-Albaik-Mecca_Makkah_Province.html#REVIEWS
"RESTAURANTAl Baik4.44.4 of 5 bubbles(2,396 reviews)Jeddah, Saudi Arabia",Al Shahaniya,,,0,,,https://www.tripadvisor.com/Restaurant_Review-g295419-d806681-Reviews-Al_Baik-Jeddah_Makkah_Province.html
"(2,396 reviews)",Al Shahaniya,,,0,,,https://www.tripadvisor.com/Restaurant_Review-g295419-d806681-Reviews-Al_Baik-Jeddah_Makkah_Province.html#REVIEWS
"RESTAURANTThe Rooms Restaurant4.74.7 of 5 bubbles(927 reviews)Tirana, Albania",Al Shahaniya,,,0,,,https://www.tripadvisor.com/Restaurant_Review-g294446-d8867438-Reviews-The_Rooms_Restaurant-Tirana_Tirana_County.html
(927 reviews),Al Shahaniya,,,0,,,https://www.tripadvisor.com/Restaurant_Review-g294446-d8867438-Reviews-The_Rooms_Restaurant-Tirana_Tirana_County.html#REVIEWS
"RESTAURANTAl Nafoura Lebanese Restaurant4.84.8 of 5 bubbles(1,192 reviews)Jakarta, Indonesia",Al Shahaniya,,,0,,,https://www.tripadvisor.com/Restaurant_Review-g294229-d862663-Reviews-Al_Nafoura_Lebanese_Restaurant-Jakarta_Java.html
"(1,192 reviews)",Al Shahaniya,,,0,,,https://www.tripadvisor.com/Restaurant_Review-g294229-d862663-Reviews-Al_Nafoura_Lebanese_Restaurant-Jakarta_Java.html#REVIEWS
"RESTAURANTBurj Al Hamam4.94.9 of 5 bubbles(2,859 reviews)Amman, Jordan",Al Shahaniya,,,0,,,https://www.tripadvisor.com/Restaurant_Review-g293986-d1181235-Reviews-Burj_Al_Hamam-Amman_Amman_Governorate.html
"(2,859 reviews)",Al Shahaniya,,,0,,,https://www.tripadvisor.com/Restaurant_Review-g293986-d1181235-Reviews-Burj_Al_Hamam-Amman_Amman_Governorate.html#REVIEWS
"RESTAURANTRistorante Pizzeria Al Saraceno4.54.5 of 5 bubbles(2,025 reviews)Taormina, Italy",Al Shahaniya,,,0,,,https://www.tripadvisor.com/Restaurant_Review-g187892-d1023273-Reviews-Ristorante_Pizzeria_Al_Saraceno-Taormina_Province_of_Messina_Sicily.html
"(2,025 reviews)",Al Shahaniya,,,0,,,https://www.tripadvisor.com/Restaurant_Review-g187892-d1023273-Reviews-Ristorante_Pizzeria_Al_Saraceno-Taormina_Province_of_Messina_Sicily.html#REVIEWS
"RESTAURANTAl Wadi Restaurant4.84.8 of 5 bubbles(5,630 reviews)Petra - Wadi Musa, Jordan",Al Shahaniya,,,0,,,https://www.tripadvisor.com/Restaurant_Review-g318895-d1191095-Reviews-Al_Wadi_Restaurant-Petra_Wadi_Musa_Ma_an_Governorate.html
"(5,630 reviews)",Al Shahaniya,,,0,,,https://www.tripadvisor.com/Restaurant_Review-g318895-d1191095-Reviews-Al_Wadi_Restaurant-Petra_Wadi_Musa_Ma_an_Governorate.html#REVIEWS
"RESTAURANTAl Boom Steak & Seafood Restaurant4.54.5 of 5 bubbles(217 reviews)Kuwait City, Kuwait",Al Shahaniya,,,0,,,https://www.tripadvisor.com/Restaurant_Review-g294003-d1101363-Reviews-Al_Boom_Steak_Seafood_Restaurant-Kuwait_City.html
(217 reviews),Al Shahaniya,,,0,,,https://www.tripadvisor.com/Restaurant_Review-g294003-d1101363-Reviews-Al_Boom_Steak_Seafood_Restaurant-Kuwait_City.html#REVIEWS
"RESTAURANTAl Frio y Al Fuego4.34.3 of 5 bubbles(1,468 reviews)Iquitos, Peru",Al Shahaniya,,,0,,,https://www.tripadvisor.com/Restaurant_Review-g294315-d2182172-Reviews-Al_Frio_y_Al_Fuego-Iquitos_Loreto_Region.html
"(1,468 reviews)",Al Shahaniya,,,0,,,https://www.tripadvisor.com/Restaurant_Review-g294315-d2182172-Reviews-Al_Frio_y_Al_Fuego-Iquitos_Loreto_Region.html#REVIEWS
"RESTAURANTAl Faro di Portofino Lounge Bar4.44.4 of 5 bubbles(782 reviews)Portofino, Italian Riviera, Italy",Al Shahaniya,,,0,,,https://www.tripadvisor.com/Restaurant_Review-g187825-d5861871-Reviews-Al_Faro_di_Portofino_Lounge_Bar-Portofino_Italian_Riviera_Liguria.html
(782 reviews),Al Shahaniya,,,0,,,https://www.tripadvisor.com/Restaurant_Review-g187825-d5861871-Reviews-Al_Faro_di_Portofino_Lounge_Bar-Portofino_Italian_Riviera_Liguria.html#REVIEWS
"RESTAURANTAl Punt4.64.6 of 5 bubbles(2,125 reviews)Cambrils, Costa Dorada, Spain",Al Shahaniya,,,0,,,https://www.tripadvisor.com/Restaurant_Review-g580328-d7258963-Reviews-Al_Punt-Cambrils_Baix_Camp_Costa_Dorada_Province_of_Tarragona_Catalonia.html
"(2,125 reviews)",Al Shahaniya,,,0,,,https://www.tripadvisor.com/Restaurant_Review-g580328-d7258963-Reviews-Al_Punt-Cambrils_Baix_Camp_Costa_Dorada_Province_of_Tarragona_Catalonia.html#REVIEWS
"RESTAURANTAl-Sanbok Restaurant4.54.5 of 5 bubbles(941 reviews)Al Khobar, Saudi Arabia",Al Shahaniya,,,0,,,https://www.tripadvisor.com/Restaurant_Review-g298545-d1576305-Reviews-Al_Sanbok_Restaurant-Al_Khobar_Eastern_Province.html
(941 reviews),Al Shahaniya,,,0,,,https://www.tripadvisor.com/Restaurant_Review-g298545-d1576305-Reviews-Al_Sanbok_Restaurant-Al_Khobar_Eastern_Province.html#REVIEWS
"RESTAURANTIntercontinental Al Ferdaus4.74.7 of 5 bubbles(80 reviews)Jeddah, Saudi Arabia",Al Shahaniya,,,0,,,https://www.tripadvisor.com/Restaurant_Review-g295419-d2186966-Reviews-Intercontinental_Al_Ferdaus-Jeddah_Makkah_Province.html
(80 reviews),Al Shahaniya,,,0,,,https://www.tripadvisor.com/Restaurant_Review-g295419-d2186966-Reviews-Intercontinental_Al_Ferdaus-Jeddah_Makkah_Province.html#REVIEWS
"RESTAURANTMataam Al Sharq4.84.8 of 5 bubbles(141 reviews)Jeddah, Saudi Arabia",Al Shahaniya,,,0,,,https://www.tripadvisor.com/Restaurant_Review-g295419-d7812156-Reviews-Mataam_Al_Sharq-Jeddah_Makkah_Province.html
(141 reviews),Al Shahaniya,,,0,,,https://www.tripadvisor.com/Restaurant_Review-g295419-d7812156-Reviews-Mataam_Al_Sharq-Jeddah_Makkah_Province.html#REVIEWS
"RESTAURANTAl Dawaar Revolving Restaurant4.84.8 of 5 bubbles(3,579 reviews)Dubai, United Arab Emirates",Al Shahaniya,,,0,,,https://www.tripadvisor.com/Restaurant_Review-g295424-d814928-Reviews-Al_Dawaar_Revolving_Restaurant-Dubai_Emirate_of_Dubai.html
"(3,579 reviews)",Al Shahaniya,,,0,,,https://www.tripadvisor.com/Restaurant_Review-g295424-d814928-Reviews-Al_Dawaar_Revolving_Restaurant-Dubai_Emirate_of_Dubai.html#REVIEWS
"RESTAURANTAl Sangiovese4.54.5 of 5 bubbles(2,455 reviews)Bologna, Emilia-Romagna, Italy",Al Shahaniya,,,0,,,https://www.tripadvisor.com/Restaurant_Review-g187801-d1550805-Reviews-Al_Sangiovese-Bologna_Province_of_Bologna_Emilia_Romagna.html
"(2,455 reviews)",Al Shahaniya,,,0,,,https://www.tripadvisor.com/Restaurant_Review-g187801-d1550805-Reviews-Al_Sangiovese-Bologna_Province_of_Bologna_Emilia_Romagna.html#REVIEWS
"RESTAURANTAl's Finger Licking Good Bar-B-Que4.64.6 of 5 bubbles(314 reviews)Tampa, Florida",Al Shahaniya,,,0,,,https://www.tripadvisor.com/Restaurant_Review-g34678-d1983995-Reviews-Al_s_Finger_Licking_Good_Bar_B_Que-Tampa_Florida.html
(314 reviews),Al Shahaniya,,,0,,,https://www.tripadvisor.com/Restaurant_Review-g34678-d1983995-Reviews-Al_s_Finger_Licking_Good_Bar_B_Que-Tampa_Florida.html#REVIEWS
(1 review),Al Wukair,,,0,,,https://www.tripadvisor.com/Restaurant_Review-g28028023-d33072947-Reviews-Chaii_Shaii_Restaurant_And_Cafe-Al_Wukair.html#REVIEWS
(1 review),Al Wukair,,,0,,,https://www.tripadvisor.com/Restaurant_Review-g28028023-d34145104-Reviews-Memon_Biryani_and_BBQ_Restaurant-Al_Wukair.html#REVIEWS
(0 reviews),Al Wukair,,,0,,,https://www.tripadvisor.com/Restaurant_Review-g28028023-d33973149-Reviews-Himalayan_Spice_Restaurant-Al_Wukair.html#REVIEWS
(0 reviews),Al Wukair,,,0,,,https://www.tripadvisor.com/Restaurant_Review-g28028023-d23753827-Reviews-Papa_Johns_Pizza-Al_Wukair.html#REVIEWS
(0 reviews),Al Wukair,,,0,,,https://www.tripadvisor.com/Restaurant_Review-g28028023-d28053343-Reviews-Papa_Johns_Pizza-Al_Wukair.html#REVIEWS
"RESTAURANTOld Airport Rd Food Centre4.34.3 of 5 bubbles(661 reviews)Singapore, Singapore76 mentions ofOld Airport""…Today is the new opening of Fairprice supermarket@OldAirportHawker Centre…""",Old Airport,,,0,,,https://www.tripadvisor.com/Restaurant_Review-g294265-d1146830-Reviews-Old_Airport_Rd_Food_Centre-Singapore.html
(661 reviews),Old Airport,,,0,,,https://www.tripadvisor.com/Restaurant_Review-g294265-d1146830-Reviews-Old_Airport_Rd_Food_Centre-Singapore.html#REVIEWS
"RESTAURANTOle Red Nashville Airport4.84.8 of 5 bubbles(327 reviews)Nashville, Tennessee3 mentions ofOld Airport""…Really enjoyed my time atOldRed in the Nashvilleairport.…""",Old Airport,,,0,,,https://www.tripadvisor.com/Restaurant_Review-g55229-d24126933-Reviews-Ole_Red_Nashville_Airport-Nashville_Davidson_County_Tennessee.html
(327 reviews),Old Airport,,,0,,,https://www.tripadvisor.com/Restaurant_Review-g55229-d24126933-Reviews-Ole_Red_Nashville_Airport-Nashville_Davidson_County_Tennessee.html#REVIEWS
"RESTAURANTSharps RoastHouse4.24.2 of 5 bubbles(1,707 reviews)SeaTac, Washington9 mentions ofOld AirportSharps RoastHouse is a classic American roasthouse and local favorite near SeaTac Airport, serving scratch-made comfort food, house-roasted meats, and fine crafted cocktails in a lively, welcoming setting. Located just minutes from Seattle-Tacoma International Airport, Sharps is the perfect restaurant near SeaTac for a quick bite before a flight, a relaxed dinner after landing, or a first and last stop when dropping off or picking up loved ones. Our custom roasting works showcases signature favorites like 12-hour Hereford Prime Rib, Applewood-smoked St. Louis ribs, and spit-fired organic rotisserie chicken, alongside scratch martinis, Northwest wine and beer, and handmade sourdough pastas. Whether you’re looking for prime rib near SeaTac or a great happy hour near the airport, Sharps RoastHouse delivers bold flavor, warm hospitality, and a true Northwest experience.",Old Airport,,,0,,,https://www.tripadvisor.com/Restaurant_Review-g58732-d522666-Reviews-Sharps_RoastHouse-SeaTac_Washington.html
"(1,707 reviews)",Old Airport,,,0,,,https://www.tripadvisor.com/Restaurant_Review-g58732-d522666-Reviews-Sharps_RoastHouse-SeaTac_Washington.html#REVIEWS
"RESTAURANTColumbia Restaurant Airport Cafe4.04 of 5 bubbles(346 reviews)Tampa, Florida5 mentions ofOld AirportLocated in Tampa International Airport in Concourse E serving Delta, Frontier and Air Canada. Inside the Columbia Restaurant Cafe at Tampa International Airport, guests can dine at a scaled-down version of the original mahogany bar at Columbia Ybor City, built more than a century ago in 1905 by the Brunswick Company. Our guests enjoy many of the same century-old family Spanish/Cuban recipes that have made the Columbia world famous. Additionally, as a convenience to early travelers, this is the only Columbia location that serves breakfast. A full bar is available. The Hernandez-Gonzmart family opened the landmark Columbia Restaurant in Tampa's historic Ybor City in 1905. Today, it’s Florida's Oldest RestaurantSM and the world's largest Spanish restaurant. Fourth and fifth generation family members work hard to preserve the family's legacy that Casimiro Hernandez, Sr., created more than 115 years ago when he opened the Columbia as a corner cafe frequented by local cigar workers.",Old Airport,,,0,,,https://www.tripadvisor.com/Restaurant_Review-g34678-d3263339-Reviews-Columbia_Restaurant_Airport_Cafe-Tampa_Florida.html
(346 reviews),Old Airport,,,0,,,https://www.tripadvisor.com/Restaurant_Review-g34678-d3263339-Reviews-Columbia_Restaurant_Airport_Cafe-Tampa_Florida.html#REVIEWS
"RESTAURANTFlo's Airport Cafe4.34.3 of 5 bubbles(193 reviews)Chino, California",Old Airport,,,0,,,https://www.tripadvisor.com/Restaurant_Review-g32205-d446554-Reviews-Flo_s_Airport_Cafe-Chino_California.html
(193 reviews),Old Airport,,,0,,,https://www.tripadvisor.com/Restaurant_Review-g32205-d446554-Reviews-Flo_s_Airport_Cafe-Chino_California.html#REVIEWS
"RESTAURANTThe Common Man - Airport Diner4.04 of 5 bubbles(704 reviews)Manchester, New Hampshire20 mentions ofOld AirportAirport Diner in Manchester, N.H. is a traditional 50's style diner conveniently located near the Manchester-Boston Regional Airport. Complete with be-boppin' music, a case full of home-made pies, and a tuna melt The Boston Globe called ""a local tuna melt worth traveling for,"" Airport Diner is a family-friendly restaurant that offers something for everyone. Breakfast served all day long and comfort food favorites just like mom used to make!",Old Airport,,,0,,,https://www.tripadvisor.com/Restaurant_Review-g46152-d1504481-Reviews-The_Common_Man_Airport_Diner-Manchester_New_Hampshire.html
(704 reviews),Old Airport,,,0,,,https://www.tripadvisor.com/Restaurant_Review-g46152-d1504481-Reviews-The_Common_Man_Airport_Diner-Manchester_New_Hampshire.html#REVIEWS
"RESTAURANTThe Skinny Pancake BTV Airport3.73.7 of 5 bubbles(213 reviews)South Burlington, Vermont3 mentions ofOld AirportRestaurant located in the Burlington International Airport at 1200 Airport Dr, South Burlington, VT featuring breakfast, crepes, burgers, salads, and more. Open 7 days a week at our airport location. Opening bright and early at 5:30AM. Our menu features some of the best breakfast in the airport, with classic options like the early riser (two fried eggs & Cabot cheddar in a crepe) or options like the Breakfast Monster which comes with an egg, Cabot cheddar, house-made pesto, roasted squash, caramelized onions and spinach in a crepe. If you're stopping in for lunch check out our burgers or savory crepes. We also have excellent salads, sides, and shares. We can't wait to see you!",Old Airport,,,0,,,https://www.tripadvisor.com/Restaurant_Review-g57402-d4023068-Reviews-The_Skinny_Pancake_BTV_Airport-South_Burlington_Vermont.html
(213 reviews),Old Airport,,,0,,,https://www.tripadvisor.com/Restaurant_Review-g57402-d4023068-Reviews-The_Skinny_Pancake_BTV_Airport-South_Burlington_Vermont.html#REVIEWS
"RESTAURANTHendel's4.74.7 of 5 bubbles(541 reviews)Florissant, Missouri",Old Airport,,,0,,,https://www.tripadvisor.com/Restaurant_Review-g44379-d445906-Reviews-Hendel_s-Florissant_Saint_Louis_Missouri.html
(541 reviews),Old Airport,,,0,,,https://www.tripadvisor.com/Restaurant_Review-g44379-d445906-Reviews-Hendel_s-Florissant_Saint_Louis_Missouri.html#REVIEWS
"RESTAURANT13 Coins SeaTac3.93.9 of 5 bubbles(1,386 reviews)SeaTac, Washington19 mentions ofOld AirportEstablished in 1967, 13 Coins Restaurant is a longstanding Seattle institution with locations in Seattle, Bellevue, SeaTac, and Vancouver. Known for its iconic high-backed booths and swiveling captain's chairs, 13 Coins offers a classic, full-service dining experience. The menu features all-day breakfast and brunch favorites like Eggs Benedict and Joe's Special. It also highlights Italian-influenced classics such as Chicken Parmigiana and Fettuccine Venetia, alongside signature dishes like Steak David- our grilled filet mignon topped with lobster meat and house-made hollandaise, served over sautéed spinach. With more than 100 menu options, 13 Coins is proud to be a trusted and beloved part of the Pacific Northwest dining community.",Old Airport,,,0,,,https://www.tripadvisor.com/Restaurant_Review-g58732-d432417-Reviews-13_Coins_SeaTac-SeaTac_Washington.html
"(1,386 reviews)",Old Airport,,,0,,,https://www.tripadvisor.com/Restaurant_Review-g58732-d432417-Reviews-13_Coins_SeaTac-SeaTac_Washington.html#REVIEWS
"RESTAURANTSouthport Raw Bar & Restaurant4.34.3 of 5 bubbles(1,439 reviews)Fort Lauderdale, Florida4 mentions ofOld AirportFort Lauderdale's premier Raw Bar. Been in business for 50 years a Locals favorite. With Patio Dining over looking the waterway, live music 7 days a week. Children friendly and pet friendly. Come by Car or Boat, a Fort Lauderdale tradition.",Old Airport,,,0,,,https://www.tripadvisor.com/Restaurant_Review-g34227-d474014-Reviews-Southport_Raw_Bar_Restaurant-Fort_Lauderdale_Broward_County_Florida.html
"(1,439 reviews)",Old Airport,,,0,,,https://www.tripadvisor.com/Restaurant_Review-g34227-d474014-Reviews-Southport_Raw_Bar_Restaurant-Fort_Lauderdale_Broward_County_Florida.html#REVIEWS
"RESTAURANTCharly's Airport Restaurant4.64.6 of 5 bubbles(98 reviews)Williamsburg, Virginia",Old Airport,,,0,,,https://www.tripadvisor.com/Restaurant_Review-g58313-d914737-Reviews-Charly_s_Airport_Restaurant-Williamsburg_Virginia.html
(98 reviews),Old Airport,,,0,,,https://www.tripadvisor.com/Restaurant_Review-g58313-d914737-Reviews-Charly_s_Airport_Restaurant-Williamsburg_Virginia.html#REVIEWS
"RESTAURANTThe Old Schoolhouse4.54.5 of 5 bubbles(1,193 reviews)Swords, County Dublin, Ireland",Old Airport,,,0,,,https://www.tripadvisor.com/Restaurant_Review-g315871-d696318-Reviews-The_Old_Schoolhouse-Swords_County_Dublin.html
"(1,193 reviews)",Old Airport,,,0,,,https://www.tripadvisor.com/Restaurant_Review-g315871-d696318-Reviews-The_Old_Schoolhouse-Swords_County_Dublin.html#REVIEWS
"RESTAURANTMazzaro's Italian Market4.74.7 of 5 bubbles(3,435 reviews)St. Petersburg, Florida",Old Airport,,,0,,,https://www.tripadvisor.com/Restaurant_Review-g34607-d513328-Reviews-Mazzaro_s_Italian_Market-St_Petersburg_Florida.html
"(3,435 reviews)",Old Airport,,,0,,,https://www.tripadvisor.com/Restaurant_Review-g34607-d513328-Reviews-Mazzaro_s_Italian_Market-St_Petersburg_Florida.html#REVIEWS
"RESTAURANTThe Airport Cafe4.44.4 of 5 bubbles(278 reviews)Ashford, Kent, England1 mention ofOld AirportTraditional English cafe",Old Airport,,,0,,,https://www.tripadvisor.com/Restaurant_Review-g190759-d4954678-Reviews-The_Airport_Cafe-Ashford_Kent_England.html
(278 reviews),Old Airport,,,0,,,https://www.tripadvisor.com/Restaurant_Review-g190759-d4954678-Reviews-The_Airport_Cafe-Ashford_Kent_England.html#REVIEWS
"RESTAURANTOld Town White Coffee2.72.7 of 5 bubbles(104 reviews)Jakarta, Indonesia",Old Airport,,,0,,,https://www.tripadvisor.com/Restaurant_Review-g294229-d4746965-Reviews-Old_Town_White_Coffee-Jakarta_Java.html
(104 reviews),Old Airport,,,0,,,https://www.tripadvisor.com/Restaurant_Review-g294229-d4746965-Reviews-Old_Town_White_Coffee-Jakarta_Java.html#REVIEWS
"RESTAURANTAirport Diner4.24.2 of 5 bubbles(340 reviews)Fredericksburg, Texas12 mentions ofOld AirportThe Airport Diner is a classic 1940s diner, located next door to the Hangar Hotel and immediately adjacent to the Gillespie County Airport aircraft parking ramp. From the booths, you can watch aircraft come and go while enjoying great sandwiches, breakfast, and daily Blue Plate Specials. The Diner is not just a place to grab some food, but rather a unique atmosphere to relax and enjoy a good meal while reliving the past. And you never know what you might see land just outside the window.",Old Airport,,,0,,,https://www.tripadvisor.com/Restaurant_Review-g55863-d1131386-Reviews-Airport_Diner-Fredericksburg_Texas.html
(340 reviews),Old Airport,,,0,,,https://www.tripadvisor.com/Restaurant_Review-g55863-d1131386-Reviews-Airport_Diner-Fredericksburg_Texas.html#REVIEWS
"RESTAURANTNick's Airport Inn4.04 of 5 bubbles(254 reviews)Hagerstown, Maryland4 mentions ofOld AirportFor over 50 years, Nick's Airport Inn has been serving quality cuisine from scrumptious seafood to delectable desserts to vintage wines! Our phenomenal growth over the years attests to our reputation for serving the best of everything - choice meats and seafood, farm-fresh vegetables, and homemade breads. Our dishes are all made from scratch using the finest ingredients! Guests return time and again to enjoy a number of superb entrees like Nick's Famous Crab Cakes with jumbo lump crab and housemade tartar or the Sizzlin' Certified Black Angus N.Y. Strip Steak. Enjoy your meal in one of Airport Inn's ten elegantly appointed dining room including an atrium-enclosed piano bar. Our staff can also meet all of your party and catering needs with in-house facilities ready to accommodate parties from 10 people to 100! Call today to ask about our on- or off-site catering options. When you're looking for a superb dining experience for your special occasion or casual Friday night supper, join us at Nick's Airport Inn!",Old Airport,,,0,,,https://www.tripadvisor.com/Restaurant_Review-g41181-d516857-Reviews-Nick_s_Airport_Inn-Hagerstown_Maryland.html
(254 reviews),Old Airport,,,0,,,https://www.tripadvisor.com/Restaurant_Review-g41181-d516857-Reviews-Nick_s_Airport_Inn-Hagerstown_Maryland.html#REVIEWS
"RESTAURANTZee Best Bakeshop4.54.5 of 5 bubbles(180 reviews)Simpson Bay, St Martin / St Maarten",Old Airport,,,0,,,https://www.tripadvisor.com/Restaurant_Review-g147350-d3229792-Reviews-Zee_Best_Bakeshop-Simpson_Bay_Sint_Maarten_St_Martin_St_Maarten.html
(180 reviews),Old Airport,,,0,,,https://www.tripadvisor.com/Restaurant_Review-g147350-d3229792-Reviews-Zee_Best_Bakeshop-Simpson_Bay_Sint_Maarten_St_Martin_St_Maarten.html#REVIEWS
"RESTAURANTMugg & Bean Cape Town Airport Landside3.13.1 of 5 bubbles(243 reviews)Cape Town Central, South Africa",Old Airport,,,0,,,https://www.tripadvisor.com/Restaurant_Review-g312659-d813857-Reviews-Mugg_Bean_Cape_Town_Airport_Landside-Cape_Town_Central_Western_Cape.html
(243 reviews),Old Airport,,,0,,,https://www.tripadvisor.com/Restaurant_Review-g312659-d813857-Reviews-Mugg_Bean_Cape_Town_Airport_Landside-Cape_Town_Central_Western_Cape.html#REVIEWS
"RESTAURANTOld Heidelberg Restaurant4.14.1 of 5 bubbles(724 reviews)Fort Lauderdale, Florida9 mentions ofOld AirportOld Heidelberg is one of the top German Restaurants in Fort Lauderdale - just ask the critics and our regular customers. We combine classic german culinary delights with style and personal flair to create a unique experience every time you visit us. We strive to make each visit satisfying and memorable.",Old Airport,,,0,,,https://www.tripadvisor.com/Restaurant_Review-g34227-d474002-Reviews-Old_Heidelberg_Restaurant-Fort_Lauderdale_Broward_County_Florida.html
(724 reviews),Old Airport,,,0,,,https://www.tripadvisor.com/Restaurant_Review-g34227-d474002-Reviews-Old_Heidelberg_Restaurant-Fort_Lauderdale_Broward_County_Florida.html#REVIEWS
"RESTAURANTYellowbelly Brewery & Public House4.04 of 5 bubbles(1,577 reviews)St. John's, Newfoundland and Labrador, Canada1 mention ofOld AirportFive floors of character-filled brewery, pub, dining and meeting space. Offering unmatched historical atmosphere fused with forward-thinking cuisine. Specializing in wood-fired pizzas, gourmet burgers, fresh local seafood and gastropub appetizers and entrées. Our craft beers are fresh brewed on site by our Master Brewer, Liam McKenna. Full catering menu and private rooms also available!",Old Airport,,,0,,,https://www.tripadvisor.com/Restaurant_Review-g154964-d1510761-Reviews-Yellowbelly_Brewery_Public_House-St_John_s_Newfoundland_Newfoundland_and_Labrador.html
"(1,577 reviews)",Old Airport,,,0,,,https://www.tripadvisor.com/Restaurant_Review-g154964-d1510761-Reviews-Yellowbelly_Brewery_Public_House-St_John_s_Newfoundland_Newfoundland_and_Labrador.html#REVIEWS
"RESTAURANTJoe's Diner by the Airport4.54.5 of 5 bubbles(160 reviews)Myrtle Beach, South Carolina4 mentions ofOld AirportLocated on the corner of the frontage road (Fred Nash Blvd) and Bypass 17 ( 1/10th mile from end of Runway) Good Home Cooking (Good As Mother's Better Than Others) with friendly and quick service. Saturday, Sunday and Holidays we have a breakfast buffet in addition to our menu.",Old Airport,,,0,,,https://www.tripadvisor.com/Restaurant_Review-g54359-d436360-Reviews-Joe_s_Diner_by_the_Airport-Myrtle_Beach_South_Carolina.html
(160 reviews),Old Airport,,,0,,,https://www.tripadvisor.com/Restaurant_Review-g54359-d436360-Reviews-Joe_s_Diner_by_the_Airport-Myrtle_Beach_South_Carolina.html#REVIEWS
"RESTAURANTXin Mei Xiang Lor Mee - Old Airport Road3.93.9 of 5 bubbles(30 reviews)Singapore, Singapore8 mentions ofOld Airport""…It was okay but not similar to the usual bowls atOldAirportRoad.…""",Old Airport,,,0,,,https://www.tripadvisor.com/Restaurant_Review-g294265-d5424074-Reviews-Xin_Mei_Xiang_Lor_Mee_Old_Airport_Road-Singapore.html
(30 reviews),Old Airport,,,0,,,https://www.tripadvisor.com/Restaurant_Review-g294265-d5424074-Reviews-Xin_Mei_Xiang_Lor_Mee_Old_Airport_Road-Singapore.html#REVIEWS
"RESTAURANTJulie's Airport Cafe4.44.4 of 5 bubbles(93 reviews)Powell River, British Columbia, Canada",Old Airport,,,0,,,https://www.tripadvisor.com/Restaurant_Review-g184843-d4082609-Reviews-Julie_s_Airport_Cafe-Powell_River_Sunshine_Coast_British_Columbia.html
(93 reviews),Old Airport,,,0,,,https://www.tripadvisor.com/Restaurant_Review-g184843-d4082609-Reviews-Julie_s_Airport_Cafe-Powell_River_Sunshine_Coast_British_Columbia.html#REVIEWS
"RESTAURANTOld Town Cafe4.34.3 of 5 bubbles(225 reviews)St Mary's, England",Old Airport,,,0,,,https://www.tripadvisor.com/Restaurant_Review-g488312-d5430376-Reviews-Old_Town_Cafe-St_Mary_s_Isles_of_Scilly_England.html
(225 reviews),Old Airport,,,0,,,https://www.tripadvisor.com/Restaurant_Review-g488312-d5430376-Reviews-Old_Town_Cafe-St_Mary_s_Isles_of_Scilly_England.html#REVIEWS
"RESTAURANTAviation Grill at the Marriott Philadelphia Airport3.93.9 of 5 bubbles(193 reviews)Philadelphia, Pennsylvania",Old Airport,,,0,,,https://www.tripadvisor.com/Restaurant_Review-g60795-d7212931-Reviews-Aviation_Grill_at_the_Marriott_Philadelphia_Airport-Philadelphia_Pennsylvania.html
(193 reviews),Old Airport,,,0,,,https://www.tripadvisor.com/Restaurant_Review-g60795-d7212931-Reviews-Aviation_Grill_at_the_Marriott_Philadelphia_Airport-Philadelphia_Pennsylvania.html#REVIEWS
"RESTAURANTCorona Airport Cafe4.34.3 of 5 bubbles(29 reviews)Corona, California",Old Airport,,,0,,,https://www.tripadvisor.com/Restaurant_Review-g32248-d4814944-Reviews-Corona_Airport_Cafe-Corona_California.html
(29 reviews),Old Airport,,,0,,,https://www.tripadvisor.com/Restaurant_Review-g32248-d4814944-Reviews-Corona_Airport_Cafe-Corona_California.html#REVIEWS
"RESTAURANTLombardo's Restaurant3.83.8 of 5 bubbles(270 reviews)Saint Louis, Missouri",Old Airport,,,0,,,https://www.tripadvisor.com/Restaurant_Review-g44881-d441594-Reviews-Lombardo_s_Restaurant-Saint_Louis_Missouri.html
(270 reviews),Old Airport,,,0,,,https://www.tripadvisor.com/Restaurant_Review-g44881-d441594-Reviews-Lombardo_s_Restaurant-Saint_Louis_Missouri.html#REVIEWS
"RESTAURANTMassa's Restaurant4.34.3 of 5 bubbles(92 reviews)Bridgeton, Missouri",Old Airport,,,0,,,https://www.tripadvisor.com/Restaurant_Review-g44168-d832318-Reviews-Massa_s_Restaurant-Bridgeton_Saint_Louis_Missouri.html
(92 reviews),Old Airport,,,0,,,https://www.tripadvisor.com/Restaurant_Review-g44168-d832318-Reviews-Massa_s_Restaurant-Bridgeton_Saint_Louis_Missouri.html#REVIEWS
"RESTAURANTOld Lady Gang- A Southern Eatery3.13.1 of 5 bubbles(537 reviews)Atlanta, Georgia",Old Airport,,,0,,,https://www.tripadvisor.com/Restaurant_Review-g60898-d12308691-Reviews-Old_Lady_Gang_A_Southern_Eatery-Atlanta_Georgia.html
(537 reviews),Old Airport,,,0,,,https://www.tripadvisor.com/Restaurant_Review-g60898-d12308691-Reviews-Old_Lady_Gang_A_Southern_Eatery-Atlanta_Georgia.html#REVIEWS
"RESTAURANTTorba Market @ Education City5.05 of 5 bubbles(6 reviews)Doha, Qatar1 mention ofEducation City""…too busy like Oxygen Park, QNL,EducationCityMosque,EducationCity…""",Education City,,,0,,,https://www.tripadvisor.com/Restaurant_Review-g294009-d32747980-Reviews-Torba_Market_Education_City-Doha.html
(6 reviews),Education City,,,0,,,https://www.tripadvisor.com/Restaurant_Review-g294009-d32747980-Reviews-Torba_Market_Education_City-Doha.html#REVIEWS
"RESTAURANTMille-Feuille Bakery4.74.7 of 5 bubbles(288 reviews)New York City, New York",Education City,,,0,,,https://www.tripadvisor.com/Restaurant_Review-g60763-d2436489-Reviews-Mille_Feuille_Bakery-New_York_City_New_York.html
(288 reviews),Education City,,,0,,,https://www.tripadvisor.com/Restaurant_Review-g60763-d2436489-Reviews-Mille_Feuille_Bakery-New_York_City_New_York.html#REVIEWS
"RESTAURANTFonda Fina4.24.2 of 5 bubbles(281 reviews)Mexico City, Mexico",Education City,,,0,,,https://www.tripadvisor.com/Restaurant_Review-g150800-d8757395-Reviews-Fonda_Fina-Mexico_City_Central_Mexico_and_Gulf_Coast.html
(281 reviews),Education City,,,0,,,https://www.tripadvisor.com/Restaurant_Review-g150800-d8757395-Reviews-Fonda_Fina-Mexico_City_Central_Mexico_and_Gulf_Coast.html#REVIEWS
"RESTAURANTBajareque Coffee House & Roastery4.44.4 of 5 bubbles(98 reviews)Panama City, Panama",Education City,,,0,,,https://www.tripadvisor.com/Restaurant_Review-g294480-d3667600-Reviews-Bajareque_Coffee_House_Roastery-Panama_City_Panama_Province.html
(98 reviews),Education City,,,0,,,https://www.tripadvisor.com/Restaurant_Review-g294480-d3667600-Reviews-Bajareque_Coffee_House_Roastery-Panama_City_Panama_Province.html#REVIEWS
"RESTAURANTAl Bacio4.14.1 of 5 bubbles(195 reviews)Angeles City, Philippines",Education City,,,0,,,https://www.tripadvisor.com/Restaurant_Review-g469410-d1592663-Reviews-Al_Bacio-Angeles_City_Pampanga_Province_Central_Luzon_Region_Luzon.html
(195 reviews),Education City,,,0,,,https://www.tripadvisor.com/Restaurant_Review-g469410-d1592663-Reviews-Al_Bacio-Angeles_City_Pampanga_Province_Central_Luzon_Region_Luzon.html#REVIEWS
"RESTAURANTFlat White Specialty Coffee - Education City4.74.7 of 5 bubbles(3 reviews)Doha, Qatar1 mention ofEducation City""…Love flatwhiteeducationcity…""",Education City,,,0,,,https://www.tripadvisor.com/Restaurant_Review-g294009-d24136044-Reviews-Flat_White_Specialty_Coffee_Education_City-Doha.html
(3 reviews),Education City,,,0,,,https://www.tripadvisor.com/Restaurant_Review-g294009-d24136044-Reviews-Flat_White_Specialty_Coffee_Education_City-Doha.html#REVIEWS
"RESTAURANTHugo's4.24.2 of 5 bubbles(193 reviews)Los Angeles, California",Education City,,,0,,,https://www.tripadvisor.com/Restaurant_Review-g32655-d357544-Reviews-Hugo_s-Los_Angeles_California.html
(193 reviews),Education City,,,0,,,https://www.tripadvisor.com/Restaurant_Review-g32655-d357544-Reviews-Hugo_s-Los_Angeles_California.html#REVIEWS
"RESTAURANTDemera Ethiopian Restaurant4.44.4 of 5 bubbles(166 reviews)Chicago, Illinois",Education City,,,0,,,https://www.tripadvisor.com/Restaurant_Review-g35805-d947988-Reviews-Demera_Ethiopian_Restaurant-Chicago_Illinois.html
(166 reviews),Education City,,,0,,,https://www.tripadvisor.com/Restaurant_Review-g35805-d947988-Reviews-Demera_Ethiopian_Restaurant-Chicago_Illinois.html#REVIEWS
"RESTAURANTLe Seppl Brasserie Bar4.34.3 of 5 bubbles(171 reviews)Luxembourg City, Luxembourg",Education City,,,0,,,https://www.tripadvisor.com/Restaurant_Review-g190356-d1146587-Reviews-Le_Seppl_Brasserie_Bar-Luxembourg_City.html
(171 reviews),Education City,,,0,,,https://www.tripadvisor.com/Restaurant_Review-g190356-d1146587-Reviews-Le_Seppl_Brasserie_Bar-Luxembourg_City.html#REVIEWS
"RESTAURANTPublic School 8184.04 of 5 bubbles(71 reviews)Los Angeles, California",Education City,,,0,,,https://www.tripadvisor.com/Restaurant_Review-g32655-d7792312-Reviews-Public_School_818-Los_Angeles_California.html
(71 reviews),Education City,,,0,,,https://www.tripadvisor.com/Restaurant_Review-g32655-d7792312-Reviews-Public_School_818-Los_Angeles_California.html#REVIEWS
"RESTAURANTL'Education Nationale3.93.9 of 5 bubbles(351 reviews)Copenhagen, Denmark",Education City,,,0,,,https://www.tripadvisor.com/Restaurant_Review-g189541-d780382-Reviews-L_Education_Nationale-Copenhagen_Zealand.html
(351 reviews),Education City,,,0,,,https://www.tripadvisor.com/Restaurant_Review-g189541-d780382-Reviews-L_Education_Nationale-Copenhagen_Zealand.html#REVIEWS
"RESTAURANTCity Winery Chicago4.04 of 5 bubbles(423 reviews)Chicago, Illinois",Education City,,,0,,,https://www.tripadvisor.com/Restaurant_Review-g35805-d3453998-Reviews-City_Winery_Chicago-Chicago_Illinois.html
(423 reviews),Education City,,,0,,,https://www.tripadvisor.com/Restaurant_Review-g35805-d3453998-Reviews-City_Winery_Chicago-Chicago_Illinois.html#REVIEWS
"RESTAURANTLimosneros4.54.5 of 5 bubbles(1,360 reviews)Mexico City, Mexico",Education City,,,0,,,https://www.tripadvisor.com/Restaurant_Review-g150800-d3783138-Reviews-Limosneros-Mexico_City_Central_Mexico_and_Gulf_Coast.html
"(1,360 reviews)",Education City,,,0,,,https://www.tripadvisor.com/Restaurant_Review-g150800-d3783138-Reviews-Limosneros-Mexico_City_Central_Mexico_and_Gulf_Coast.html#REVIEWS
"RESTAURANTMiralto Restaurante3.63.6 of 5 bubbles(617 reviews)Mexico City, Mexico",Education City,,,0,,,https://www.tripadvisor.com/Restaurant_Review-g150800-d778637-Reviews-Miralto_Restaurante-Mexico_City_Central_Mexico_and_Gulf_Coast.html
(617 reviews),Education City,,,0,,,https://www.tripadvisor.com/Restaurant_Review-g150800-d778637-Reviews-Miralto_Restaurante-Mexico_City_Central_Mexico_and_Gulf_Coast.html#REVIEWS
"RESTAURANTAu Pied de Cochon4.34.3 of 5 bubbles(1,087 reviews)Mexico City, Mexico",Education City,,,0,,,https://www.tripadvisor.com/Restaurant_Review-g150800-d786759-Reviews-Au_Pied_de_Cochon-Mexico_City_Central_Mexico_and_Gulf_Coast.html
"(1,087 reviews)",Education City,,,0,,,https://www.tripadvisor.com/Restaurant_Review-g150800-d786759-Reviews-Au_Pied_de_Cochon-Mexico_City_Central_Mexico_and_Gulf_Coast.html#REVIEWS
"RESTAURANTThe Beacon Lounge4.04 of 5 bubbles(77 reviews)Traverse City, Michigan",Education City,,,0,,,https://www.tripadvisor.com/Restaurant_Review-g42758-d2085338-Reviews-The_Beacon_Lounge-Traverse_City_Grand_Traverse_County_Michigan.html
(77 reviews),Education City,,,0,,,https://www.tripadvisor.com/Restaurant_Review-g42758-d2085338-Reviews-The_Beacon_Lounge-Traverse_City_Grand_Traverse_County_Michigan.html#REVIEWS
"RESTAURANTGraze4.24.2 of 5 bubbles(79 reviews)Iowa City, Iowa1 mention ofEducation CityGraze is a downtown Iowa City takeout, catering & dine-in eatery bringing global flavors to your table since 2007; Perfect for creating shared moments. Eat. Drink. Share. Graze. We are proud to be named a top caterer by the Official Community Choice Awards.",Education City,,,0,,,https://www.tripadvisor.com/Restaurant_Review-g38020-d2445177-Reviews-Graze-Iowa_City_Iowa.html
(79 reviews),Education City,,,0,,,https://www.tripadvisor.com/Restaurant_Review-g38020-d2445177-Reviews-Graze-Iowa_City_Iowa.html#REVIEWS
"RESTAURANTRokai3.93.9 of 5 bubbles(307 reviews)Mexico City, Mexico",Education City,,,0,,,https://www.tripadvisor.com/Restaurant_Review-g150800-d6679708-Reviews-Rokai-Mexico_City_Central_Mexico_and_Gulf_Coast.html
(307 reviews),Education City,,,0,,,https://www.tripadvisor.com/Restaurant_Review-g150800-d6679708-Reviews-Rokai-Mexico_City_Central_Mexico_and_Gulf_Coast.html#REVIEWS
"RESTAURANTChef Alfredo Ristorante Italiano4.64.6 of 5 bubbles(479 reviews)Cedar City, Utah",Education City,,,0,,,https://www.tripadvisor.com/Restaurant_Review-g60765-d6372034-Reviews-Chef_Alfredo_Ristorante_Italiano-Cedar_City_Utah.html
(479 reviews),Education City,,,0,,,https://www.tripadvisor.com/Restaurant_Review-g60765-d6372034-Reviews-Chef_Alfredo_Ristorante_Italiano-Cedar_City_Utah.html#REVIEWS
"RESTAURANTBeartooth Cafe4.34.3 of 5 bubbles(596 reviews)Cooke City, Montana",Education City,,,0,,,https://www.tripadvisor.com/Restaurant_Review-g45130-d671211-Reviews-Beartooth_Cafe-Cooke_City_Montana.html
(596 reviews),Education City,,,0,,,https://www.tripadvisor.com/Restaurant_Review-g45130-d671211-Reviews-Beartooth_Cafe-Cooke_City_Montana.html#REVIEWS
"RESTAURANT1264.44.4 of 5 bubbles(50 reviews)Iowa City, Iowa",Education City,,,0,,,https://www.tripadvisor.com/Restaurant_Review-g38020-d3902956-Reviews-126-Iowa_City_Iowa.html
(50 reviews),Education City,,,0,,,https://www.tripadvisor.com/Restaurant_Review-g38020-d3902956-Reviews-126-Iowa_City_Iowa.html#REVIEWS
"RESTAURANTEloise Chic Cuisine4.64.6 of 5 bubbles(1,084 reviews)Mexico City, Mexico",Education City,,,0,,,https://www.tripadvisor.com/Restaurant_Review-g150800-d1976755-Reviews-Eloise_Chic_Cuisine-Mexico_City_Central_Mexico_and_Gulf_Coast.html
"(1,084 reviews)",Education City,,,0,,,https://www.tripadvisor.com/Restaurant_Review-g150800-d1976755-Reviews-Eloise_Chic_Cuisine-Mexico_City_Central_Mexico_and_Gulf_Coast.html#REVIEWS
"RESTAURANTCap City Fine Diner and Bar4.14.1 of 5 bubbles(184 reviews)Dublin, Ohio",Education City,,,0,,,https://www.tripadvisor.com/Restaurant_Review-g50285-d12563675-Reviews-Cap_City_Fine_Diner_and_Bar-Dublin_Ohio.html
(184 reviews),Education City,,,0,,,https://www.tripadvisor.com/Restaurant_Review-g50285-d12563675-Reviews-Cap_City_Fine_Diner_and_Bar-Dublin_Ohio.html#REVIEWS
"RESTAURANTYbor City Society Wine Bar4.54.5 of 5 bubbles(77 reviews)Tampa, Florida",Education City,,,0,,,https://www.tripadvisor.com/Restaurant_Review-g34678-d3807506-Reviews-Ybor_City_Society_Wine_Bar-Tampa_Florida.html
(77 reviews),Education City,,,0,,,https://www.tripadvisor.com/Restaurant_Review-g34678-d3807506-Reviews-Ybor_City_Society_Wine_Bar-Tampa_Florida.html#REVIEWS
"RESTAURANTGuzina Oaxaca4.44.4 of 5 bubbles(432 reviews)Mexico City, Mexico",Education City,,,0,,,https://www.tripadvisor.com/Restaurant_Review-g150800-d6280510-Reviews-Guzina_Oaxaca-Mexico_City_Central_Mexico_and_Gulf_Coast.html
(432 reviews),Education City,,,0,,,https://www.tripadvisor.com/Restaurant_Review-g150800-d6280510-Reviews-Guzina_Oaxaca-Mexico_City_Central_Mexico_and_Gulf_Coast.html#REVIEWS
"RESTAURANTPrime On The Nine4.34.3 of 5 bubbles(159 reviews)Dodge City, Kansas1 mention ofEducation CityPrime On The Nine boasts thick cuts of Dodge City beef, hand battered chicken fried steaks, fresh seafood, and an overall unique blend of American Cuisine with Southwest flair. We offer an excellent view of Dodge City and patio seating as well! Prime On The Nine is an American Steakhouse and Family Bar & Grill located on the Mariah Hills Golf Course in Dodge City, Kansas. It is family-owned by Executive Chef Ryan Emery and his Wife, Amanda",Education City,,,0,,,https://www.tripadvisor.com/Restaurant_Review-g38668-d4470920-Reviews-Prime_On_The_Nine-Dodge_City_Kansas.html
(159 reviews),Education City,,,0,,,https://www.tripadvisor.com/Restaurant_Review-g38668-d4470920-Reviews-Prime_On_The_Nine-Dodge_City_Kansas.html#REVIEWS
"RESTAURANTGranite City Food & Brewery4.04 of 5 bubbles(416 reviews)Sioux Falls, South Dakota",Education City,,,0,,,https://www.tripadvisor.com/Restaurant_Review-g54805-d541701-Reviews-Granite_City_Food_Brewery-Sioux_Falls_South_Dakota.html
(416 reviews),Education City,,,0,,,https://www.tripadvisor.com/Restaurant_Review-g54805-d541701-Reviews-Granite_City_Food_Brewery-Sioux_Falls_South_Dakota.html#REVIEWS
"RESTAURANTBtg Wine Bar4.34.3 of 5 bubbles(129 reviews)Salt Lake City, Utah1 mention ofEducation CityBTG Wine Bar is open every day from 5 P.M. Seating is limited, reservations are recommended. Patrons must be 21 and older with a valid I.D.",Education City,,,0,,,https://www.tripadvisor.com/Restaurant_Review-g60922-d6961616-Reviews-Btg_Wine_Bar-Salt_Lake_City_Utah.html
(129 reviews),Education City,,,0,,,https://www.tripadvisor.com/Restaurant_Review-g60922-d6961616-Reviews-Btg_Wine_Bar-Salt_Lake_City_Utah.html#REVIEWS
"RESTAURANTRistorante Claretta4.44.4 of 5 bubbles(192 reviews)Palm City, Florida",Education City,,,0,,,https://www.tripadvisor.com/Restaurant_Review-g34533-d2013884-Reviews-Ristorante_Claretta-Palm_City_Florida.html
(192 reviews),Education City,,,0,,,https://www.tripadvisor.com/Restaurant_Review-g34533-d2013884-Reviews-Ristorante_Claretta-Palm_City_Florida.html#REVIEWS
"RESTAURANTGood City Brewing4.24.2 of 5 bubbles(66 reviews)Milwaukee, Wisconsin1 mention ofEducation CityEver since our founding in June of 2016 we’ve set out to participate in Milwaukee’s resurgence as a city, guided by our company motto “Seek the Good.” To Seek the Good means three core values as a brewery: (1) pursuing excellence, (2) prioritizing relationships, and (3) engaging our local place. We hope your taproom visit results in deeper relationships formed over fresh local beer and food, and we invite you to participate in an upcoming Seek the Good Saturday service project or one of our other civic-minded initiatives. Here’s to seeking the good together!",Education City,,,0,,,https://www.tripadvisor.com/Restaurant_Review-g60097-d10818545-Reviews-Good_City_Brewing-Milwaukee_Wisconsin.html
(66 reviews),Education City,,,0,,,https://www.tripadvisor.com/Restaurant_Review-g60097-d10818545-Reviews-Good_City_Brewing-Milwaukee_Wisconsin.html#REVIEWS
"RESTAURANTKonoba Katara4.24.2 of 5 bubbles(218 reviews)Brela, Croatia17 mentions ofKatara""…We first visited theKataratavern in 2005.…""",Katara,,,0,,,https://www.tripadvisor.com/Restaurant_Review-g480253-d7060221-Reviews-Konoba_Katara-Brela_Split_Dalmatia_County_Dalmatia.html
(218 reviews),Katara,,,0,,,https://www.tripadvisor.com/Restaurant_Review-g480253-d7060221-Reviews-Konoba_Katara-Brela_Split_Dalmatia_County_Dalmatia.html#REVIEWS
"RESTAURANTLa Marsa At The Chedi Katara4.34.3 of 5 bubbles(108 reviews)Doha, Qatar18 mentions ofKatara""…An absolutely unforgettable experience at Marsa at The ChediKataraHotel…""",Katara,,,0,,,https://www.tripadvisor.com/Restaurant_Review-g294009-d17373951-Reviews-La_Marsa_At_The_Chedi_Katara-Doha.html
(108 reviews),Katara,,,0,,,https://www.tripadvisor.com/Restaurant_Review-g294009-d17373951-Reviews-La_Marsa_At_The_Chedi_Katara-Doha.html#REVIEWS
"RESTAURANTHellas Restaurant Katara4.64.6 of 5 bubbles(29 reviews)Doha, Qatar7 mentions ofKatara""…Just across the road from the beach at the end ofKataraVillage, a great…""",Katara,,,0,,,https://www.tripadvisor.com/Restaurant_Review-g294009-d21400980-Reviews-Hellas_Restaurant_Katara-Doha.html
(29 reviews),Katara,,,0,,,https://www.tripadvisor.com/Restaurant_Review-g294009-d21400980-Reviews-Hellas_Restaurant_Katara-Doha.html#REVIEWS
"RESTAURANTThe Restaurant At The Chedi Katara4.84.8 of 5 bubbles(135 reviews)Doha, Qatar14 mentions ofKatara""…Had a lovely time at the beach restaurant at The ChediKatara.…""",Katara,,,0,,,https://www.tripadvisor.com/Restaurant_Review-g294009-d25284861-Reviews-The_Restaurant_At_The_Chedi_Katara-Doha.html
(135 reviews),Katara,,,0,,,https://www.tripadvisor.com/Restaurant_Review-g294009-d25284861-Reviews-The_Restaurant_At_The_Chedi_Katara-Doha.html#REVIEWS
"RESTAURANTKatara Bar & Restaurant Krabi4.94.9 of 5 bubbles(50 reviews)Ao Nang, Thailand5 mentions ofKatara""…The guys atkataraare some of the best, welcoming, friendly, respectful…""",Katara,,,0,,,https://www.tripadvisor.com/Restaurant_Review-g1507054-d33405100-Reviews-Katara_Bar_Restaurant_Krabi-Ao_Nang_Krabi_Province.html
(50 reviews),Katara,,,0,,,https://www.tripadvisor.com/Restaurant_Review-g1507054-d33405100-Reviews-Katara_Bar_Restaurant_Krabi-Ao_Nang_Krabi_Province.html#REVIEWS
"RESTAURANTKatara The Table4.84.8 of 5 bubbles(13 reviews)Ao Nang, Thailand1 mention ofKataraLocated just above the tide in Ao Nang, Katara The Table is a casual seaside dining spot set on the second floor above Katara Beach Club. With a focus on fresh ingredients and bold flavor, our menu features Surf & Turf, vibrant starters, and seasonal specials, all served alongside panoramic sunset views of the Andaman Sea. Whether you’re gathering with friends or enjoying a golden hour meal for two, Katara The Table offers a warm, ingredient-led dining experience in the heart of Krabi. Open daily from 4PM till midnight.",Katara,,,0,,,https://www.tripadvisor.com/Restaurant_Review-g1507054-d33993926-Reviews-Katara_The_Table-Ao_Nang_Krabi_Province.html
(13 reviews),Katara,,,0,,,https://www.tripadvisor.com/Restaurant_Review-g1507054-d33993926-Reviews-Katara_The_Table-Ao_Nang_Krabi_Province.html#REVIEWS
"RESTAURANTKatara The TableAo Nang, Thailand",Katara,,,0,,,https://www.tripadvisor.com/Restaurant_Review-g1507054-d33994213-Reviews-Katara_The_Table-Ao_Nang_Krabi_Province.html
"RESTAURANTKatara Café5.05 of 5 bubbles(1 review)Granada, Andalucia, Spain",Katara,,,0,,,https://www.tripadvisor.com/Restaurant_Review-g187441-d34196554-Reviews-Katara_Cafe-Granada_Province_of_Granada_Andalucia.html
(1 review),Katara,,,0,,,https://www.tripadvisor.com/Restaurant_Review-g187441-d34196554-Reviews-Katara_Cafe-Granada_Province_of_Granada_Andalucia.html#REVIEWS
"RESTAURANTThe Shaq ( Katara )Doha, Qatar",Katara,,,0,,,https://www.tripadvisor.com/Restaurant_Review-g294009-d27727270-Reviews-The_Shaq_Katara-Doha.html
"RESTAURANTSelesh KataraDungarpur, India",Katara,,,0,,,https://www.tripadvisor.com/Restaurant_Review-g312683-d27654423-Reviews-Selesh_Katara-Dungarpur_Dungarpur_District_Rajasthan.html
"RESTAURANTNew Tandoori Restaurant1.01 of 5 bubbles(1 review)Al Ruwais, Qatar",Madinat ash Shamal,,,0,,,https://www.tripadvisor.com/Restaurant_Review-g33087123-d33084304-Reviews-New_Tandoori_Restaurant-Al_Ruwais_Madinat_Ash_Shamal.html
(1 review),Madinat ash Shamal,,,0,,,https://www.tripadvisor.com/Restaurant_Review-g33087123-d33084304-Reviews-New_Tandoori_Restaurant-Al_Ruwais_Madinat_Ash_Shamal.html#REVIEWS
"RESTAURANTThe Noodle House - Souk Madinat Jumeriah4.84.8 of 5 bubbles(4,260 reviews)Dubai, United Arab Emirates",Madinat ash Shamal,,,0,,,https://www.tripadvisor.com/Restaurant_Review-g295424-d5538898-Reviews-The_Noodle_House_Souk_Madinat_Jumeriah-Dubai_Emirate_of_Dubai.html
"(4,260 reviews)",Madinat ash Shamal,,,0,,,https://www.tripadvisor.com/Restaurant_Review-g295424-d5538898-Reviews-The_Noodle_House_Souk_Madinat_Jumeriah-Dubai_Emirate_of_Dubai.html#REVIEWS
"RESTAURANTMcGettigan's Souk Madinat4.74.7 of 5 bubbles(1,480 reviews)Dubai, United Arab Emirates",Madinat ash Shamal,,,0,,,https://www.tripadvisor.com/Restaurant_Review-g295424-d10785575-Reviews-McGettigan_s_Souk_Madinat-Dubai_Emirate_of_Dubai.html
"(1,480 reviews)",Madinat ash Shamal,,,0,,,https://www.tripadvisor.com/Restaurant_Review-g295424-d10785575-Reviews-McGettigan_s_Souk_Madinat-Dubai_Emirate_of_Dubai.html#REVIEWS
"RESTAURANTNandini Shamal5.05 of 5 bubbles(1 review)Erbil, Iraq",Madinat ash Shamal,,,0,,,https://www.tripadvisor.com/Restaurant_Review-g659505-d24944255-Reviews-Nandini_Shamal-Erbil_Erbil_Province.html
(1 review),Madinat ash Shamal,,,0,,,https://www.tripadvisor.com/Restaurant_Review-g659505-d24944255-Reviews-Nandini_Shamal-Erbil_Erbil_Province.html#REVIEWS
"RESTAURANTRed Ash4.64.6 of 5 bubbles(299 reviews)Austin, Texas",Madinat ash Shamal,,,0,,,https://www.tripadvisor.com/Restaurant_Review-g30196-d11645648-Reviews-Red_Ash-Austin_Texas.html
(299 reviews),Madinat ash Shamal,,,0,,,https://www.tripadvisor.com/Restaurant_Review-g30196-d11645648-Reviews-Red_Ash-Austin_Texas.html#REVIEWS
"RESTAURANTMaple & Ash4.44.4 of 5 bubbles(698 reviews)Chicago, Illinois",Madinat ash Shamal,,,0,,,https://www.tripadvisor.com/Restaurant_Review-g35805-d8764693-Reviews-Maple_Ash-Chicago_Illinois.html
(698 reviews),Madinat ash Shamal,,,0,,,https://www.tripadvisor.com/Restaurant_Review-g35805-d8764693-Reviews-Maple_Ash-Chicago_Illinois.html#REVIEWS
"RESTAURANTTimes of Arabia Restaurant - Souk Madinat Jumeirah3.63.6 of 5 bubbles(401 reviews)Dubai, United Arab Emirates",Madinat ash Shamal,,,0,,,https://www.tripadvisor.com/Restaurant_Review-g295424-d2192401-Reviews-Times_of_Arabia_Restaurant_Souk_Madinat_Jumeirah-Dubai_Emirate_of_Dubai.html
(401 reviews),Madinat ash Shamal,,,0,,,https://www.tripadvisor.com/Restaurant_Review-g295424-d2192401-Reviews-Times_of_Arabia_Restaurant_Souk_Madinat_Jumeirah-Dubai_Emirate_of_Dubai.html#REVIEWS
"RESTAURANTNikoo Sefat Ash4.34.3 of 5 bubbles(25 reviews)Tehran, Iran",Madinat ash Shamal,,,0,,,https://www.tripadvisor.com/Restaurant_Review-g293999-d10428211-Reviews-Nikoo_Sefat_Ash-Tehran_Tehran_Province.html
(25 reviews),Madinat ash Shamal,,,0,,,https://www.tripadvisor.com/Restaurant_Review-g293999-d10428211-Reviews-Nikoo_Sefat_Ash-Tehran_Tehran_Province.html#REVIEWS
"RESTAURANTMeat Co Souk Madinat4.54.5 of 5 bubbles(4,389 reviews)Dubai, United Arab Emirates",Madinat ash Shamal,,,0,,,https://www.tripadvisor.com/Restaurant_Review-g295424-d949543-Reviews-Meat_Co_Souk_Madinat-Dubai_Emirate_of_Dubai.html
"(4,389 reviews)",Madinat ash Shamal,,,0,,,https://www.tripadvisor.com/Restaurant_Review-g295424-d949543-Reviews-Meat_Co_Souk_Madinat-Dubai_Emirate_of_Dubai.html#REVIEWS
"RESTAURANTBlue Ash Chili4.44.4 of 5 bubbles(348 reviews)Blue Ash, Ohio",Madinat ash Shamal,,,0,,,https://www.tripadvisor.com/Restaurant_Review-g50108-d1907177-Reviews-Blue_Ash_Chili-Blue_Ash_Ohio.html
(348 reviews),Madinat ash Shamal,,,0,,,https://www.tripadvisor.com/Restaurant_Review-g50108-d1907177-Reviews-Blue_Ash_Chili-Blue_Ash_Ohio.html#REVIEWS
"RESTAURANTTrader Vic's Souk Madinat4.24.2 of 5 bubbles(923 reviews)Dubai, United Arab Emirates",Madinat ash Shamal,,,0,,,https://www.tripadvisor.com/Restaurant_Review-g295424-d2167427-Reviews-Trader_Vic_s_Souk_Madinat-Dubai_Emirate_of_Dubai.html
(923 reviews),Madinat ash Shamal,,,0,,,https://www.tripadvisor.com/Restaurant_Review-g295424-d2167427-Reviews-Trader_Vic_s_Souk_Madinat-Dubai_Emirate_of_Dubai.html#REVIEWS
"RESTAURANTVirginia Ash4.14.1 of 5 bubbles(427 reviews)Templecombe, Somerset, England",Madinat ash Shamal,,,0,,,https://www.tripadvisor.com/Restaurant_Review-g1925957-d3453230-Reviews-Virginia_Ash-Templecombe_Somerset_England.html
(427 reviews),Madinat ash Shamal,,,0,,,https://www.tripadvisor.com/Restaurant_Review-g1925957-d3453230-Reviews-Virginia_Ash-Templecombe_Somerset_England.html#REVIEWS
"RESTAURANTAsh's Tandoori5.05 of 5 bubbles(3 reviews)London, England",Madinat ash Shamal,,,0,,,https://www.tripadvisor.com/Restaurant_Review-g186338-d23318081-Reviews-Ash_s_Tandoori-London_England.html
(3 reviews),Madinat ash Shamal,,,0,,,https://www.tripadvisor.com/Restaurant_Review-g186338-d23318081-Reviews-Ash_s_Tandoori-London_England.html#REVIEWS
"RESTAURANTAsh's Balti3.63.6 of 5 bubbles(40 reviews)Wakefield, England",Madinat ash Shamal,,,0,,,https://www.tripadvisor.com/Restaurant_Review-g190729-d1071571-Reviews-Ash_s_Balti-Wakefield_West_Yorkshire_England.html
(40 reviews),Madinat ash Shamal,,,0,,,https://www.tripadvisor.com/Restaurant_Review-g190729-d1071571-Reviews-Ash_s_Balti-Wakefield_West_Yorkshire_England.html#REVIEWS
"RESTAURANTAsh's at The Point Cafe & Store4.24.2 of 5 bubbles(217 reviews)Karumba, Queensland, Australia",Madinat ash Shamal,,,0,,,https://www.tripadvisor.com/Restaurant_Review-g494993-d4791881-Reviews-Ash_s_at_The_Point_Cafe_Store-Karumba_Queensland.html
(217 reviews),Madinat ash Shamal,,,0,,,https://www.tripadvisor.com/Restaurant_Review-g494993-d4791881-Reviews-Ash_s_at_The_Point_Cafe_Store-Karumba_Queensland.html#REVIEWS
"RESTAURANTASH Milwaukee4.94.9 of 5 bubbles(40 reviews)Milwaukee, Wisconsin",Madinat ash Shamal,,,0,,,https://www.tripadvisor.com/Restaurant_Review-g60097-d19114326-Reviews-ASH_Milwaukee-Milwaukee_Wisconsin.html
(40 reviews),Madinat ash Shamal,,,0,,,https://www.tripadvisor.com/Restaurant_Review-g60097-d19114326-Reviews-ASH_Milwaukee-Milwaukee_Wisconsin.html#REVIEWS
"RESTAURANTAmaya Restaurant Madinat Makadi4.94.9 of 5 bubbles(918 reviews)Hurghada, Egypt",Madinat ash Shamal,,,0,,,https://www.tripadvisor.com/Restaurant_Review-g297549-d7916130-Reviews-Amaya_Restaurant_Madinat_Makadi-Hurghada_Red_Sea_and_Sinai.html
(918 reviews),Madinat ash Shamal,,,0,,,https://www.tripadvisor.com/Restaurant_Review-g297549-d7916130-Reviews-Amaya_Restaurant_Madinat_Makadi-Hurghada_Red_Sea_and_Sinai.html#REVIEWS
"RESTAURANTHickory & Ash4.44.4 of 5 bubbles(166 reviews)Broomfield, Colorado",Madinat ash Shamal,,,0,,,https://www.tripadvisor.com/Restaurant_Review-g33330-d12548415-Reviews-Hickory_Ash-Broomfield_Colorado.html
(166 reviews),Madinat ash Shamal,,,0,,,https://www.tripadvisor.com/Restaurant_Review-g33330-d12548415-Reviews-Hickory_Ash-Broomfield_Colorado.html#REVIEWS
"RESTAURANTMaple & Ash4.04 of 5 bubbles(119 reviews)Scottsdale, Arizona",Madinat ash Shamal,,,0,,,https://www.tripadvisor.com/Restaurant_Review-g31350-d17848615-Reviews-Maple_Ash-Scottsdale_Arizona.html
(119 reviews),Madinat ash Shamal,,,0,,,https://www.tripadvisor.com/Restaurant_Review-g31350-d17848615-Reviews-Maple_Ash-Scottsdale_Arizona.html#REVIEWS
"RESTAURANTThe Ash Inn4.24.2 of 5 bubbles(162 reviews)Barnsley, South Yorkshire, England",Madinat ash Shamal,,,0,,,https://www.tripadvisor.com/Restaurant_Review-g528795-d3510943-Reviews-The_Ash_Inn-Barnsley_South_Yorkshire_England.html
(162 reviews),Madinat ash Shamal,,,0,,,https://www.tripadvisor.com/Restaurant_Review-g528795-d3510943-Reviews-The_Ash_Inn-Barnsley_South_Yorkshire_England.html#REVIEWS
"RESTAURANTMama Loca's Cafe and Cantina4.64.6 of 5 bubbles(48 reviews)Ash Grove, Missouri",Madinat ash Shamal,,,0,,,https://www.tripadvisor.com/Restaurant_Review-g29664-d1986808-Reviews-Mama_Loca_s_Cafe_and_Cantina-Ash_Grove_Missouri.html
(48 reviews),Madinat ash Shamal,,,0,,,https://www.tripadvisor.com/Restaurant_Review-g29664-d1986808-Reviews-Mama_Loca_s_Cafe_and_Cantina-Ash_Grove_Missouri.html#REVIEWS
"RESTAURANTChapel Ash Kebab House4.54.5 of 5 bubbles(47 reviews)Wolverhampton, West Midlands, England",Madinat ash Shamal,,,0,,,https://www.tripadvisor.com/Restaurant_Review-g190762-d783258-Reviews-Chapel_Ash_Kebab_House-Wolverhampton_West_Midlands_England.html
(47 reviews),Madinat ash Shamal,,,0,,,https://www.tripadvisor.com/Restaurant_Review-g190762-d783258-Reviews-Chapel_Ash_Kebab_House-Wolverhampton_West_Midlands_England.html#REVIEWS
"RESTAURANTGarlic Restaurant4.54.5 of 5 bubbles(43 reviews)Madinat Zayed, United Arab Emirates",Madinat ash Shamal,,,0,,,https://www.tripadvisor.com/Restaurant_Review-g1602834-d3905729-Reviews-Garlic_Restaurant-Madinat_Zayed_Emirate_of_Abu_Dhabi.html
(43 reviews),Madinat ash Shamal,,,0,,,https://www.tripadvisor.com/Restaurant_Review-g1602834-d3905729-Reviews-Garlic_Restaurant-Madinat_Zayed_Emirate_of_Abu_Dhabi.html#REVIEWS
"RESTAURANTSmoke + Ash4.74.7 of 5 bubbles(52 reviews)Birmingham, West Midlands, England",Madinat ash Shamal,,,0,,,https://www.tripadvisor.com/Restaurant_Review-g186402-d26143651-Reviews-Smoke_Ash-Birmingham_West_Midlands_England.html
(52 reviews),Madinat ash Shamal,,,0,,,https://www.tripadvisor.com/Restaurant_Review-g186402-d26143651-Reviews-Smoke_Ash-Birmingham_West_Midlands_England.html#REVIEWS
"RESTAURANTBlue Ash Chili4.54.5 of 5 bubbles(20 reviews)Springdale, Ohio",Madinat ash Shamal,,,0,,,https://www.tripadvisor.com/Restaurant_Review-g50999-d15043611-Reviews-Blue_Ash_Chili-Springdale_Ohio.html
(20 reviews),Madinat ash Shamal,,,0,,,https://www.tripadvisor.com/Restaurant_Review-g50999-d15043611-Reviews-Blue_Ash_Chili-Springdale_Ohio.html#REVIEWS
"RESTAURANTMeacham's Restaurant4.64.6 of 5 bubbles(97 reviews)Ash Flat, Arkansas",Madinat ash Shamal,,,0,,,https://www.tripadvisor.com/Restaurant_Review-g29057-d2183440-Reviews-Meacham_s_Restaurant-Ash_Flat_Arkansas.html
(97 reviews),Madinat ash Shamal,,,0,,,https://www.tripadvisor.com/Restaurant_Review-g29057-d2183440-Reviews-Meacham_s_Restaurant-Ash_Flat_Arkansas.html#REVIEWS
"RESTAURANTHot Palayok Restaurant & Grill4.74.7 of 5 bubbles(43 reviews)Madinat Zayed, United Arab Emirates",Madinat ash Shamal,,,0,,,https://www.tripadvisor.com/Restaurant_Review-g1602834-d10062825-Reviews-Hot_Palayok_Restaurant_Grill-Madinat_Zayed_Emirate_of_Abu_Dhabi.html
(43 reviews),Madinat ash Shamal,,,0,,,https://www.tripadvisor.com/Restaurant_Review-g1602834-d10062825-Reviews-Hot_Palayok_Restaurant_Grill-Madinat_Zayed_Emirate_of_Abu_Dhabi.html#REVIEWS
"RESTAURANTAsh Sushi Restaurant & Cafe4.44.4 of 5 bubbles(12 reviews)Montezuma, Costa Rica",Madinat ash Shamal,,,0,,,https://www.tripadvisor.com/Restaurant_Review-g309278-d15247286-Reviews-Ash_Sushi_Restaurant_Cafe-Montezuma_Province_of_Puntarenas.html
(12 reviews),Madinat ash Shamal,,,0,,,https://www.tripadvisor.com/Restaurant_Review-g309278-d15247286-Reviews-Ash_Sushi_Restaurant_Cafe-Montezuma_Province_of_Puntarenas.html#REVIEWS
"RESTAURANTThe Ash Tree4.44.4 of 5 bubbles(16 reviews)Ashendon, Buckinghamshire, England",Madinat ash Shamal,,,0,,,https://www.tripadvisor.com/Restaurant_Review-g11208445-d33330853-Reviews-The_Ash_Tree-Ashendon_Aylesbury_Aylesbury_Vale_Buckinghamshire_England.html
(16 reviews),Madinat ash Shamal,,,0,,,https://www.tripadvisor.com/Restaurant_Review-g11208445-d33330853-Reviews-The_Ash_Tree-Ashendon_Aylesbury_Aylesbury_Vale_Buckinghamshire_England.html#REVIEWS
"RESTAURANTAsh Smoked Fishes4.84.8 of 5 bubbles(268 reviews)Aldeburgh, Suffolk, England",Madinat ash Shamal,,,0,,,https://www.tripadvisor.com/Restaurant_Review-g186382-d8706775-Reviews-Ash_Smoked_Fishes-Aldeburgh_Suffolk_East_Anglia_England.html
(268 reviews),Madinat ash Shamal,,,0,,,https://www.tripadvisor.com/Restaurant_Review-g186382-d8706775-Reviews-Ash_Smoked_Fishes-Aldeburgh_Suffolk_East_Anglia_England.html#REVIEWS
(1 review),Al Ruwais,,,0,,,https://www.tripadvisor.com/Restaurant_Review-g33087123-d33084304-Reviews-New_Tandoori_Restaurant-Al_Ruwais_Madinat_Ash_Shamal.html#REVIEWS
"RESTAURANTTrattoria Al Gazzettino4.54.5 of 5 bubbles(17,738 reviews)Venice, Veneto, Italy",Al Ghuwariyah,,,0,,,https://www.tripadvisor.com/Restaurant_Review-g187870-d1510422-Reviews-Trattoria_Al_Gazzettino-Venice_Veneto.html
"(17,738 reviews)",Al Ghuwariyah,,,0,,,https://www.tripadvisor.com/Restaurant_Review-g187870-d1510422-Reviews-Trattoria_Al_Gazzettino-Venice_Veneto.html#REVIEWS
"RESTAURANTDa Enzo Al 294.34.3 of 5 bubbles(5,556 reviews)Rome, Lazio, Italy",Al Ghuwariyah,,,0,,,https://www.tripadvisor.com/Restaurant_Review-g187791-d2231399-Reviews-Da_Enzo_Al_29-Rome_Lazio.html
"(5,556 reviews)",Al Ghuwariyah,,,0,,,https://www.tripadvisor.com/Restaurant_Review-g187791-d2231399-Reviews-Da_Enzo_Al_29-Rome_Lazio.html#REVIEWS
"RESTAURANTAl Khal Egyptian Restaurant4.94.9 of 5 bubbles(3,365 reviews)Cairo, Egypt",Al Ghuwariyah,,,0,,,https://www.tripadvisor.com/Restaurant_Review-g294201-d2715802-Reviews-Al_Khal_Egyptian_Restaurant-Cairo_Cairo_Governorate.html
"(3,365 reviews)",Al Ghuwariyah,,,0,,,https://www.tripadvisor.com/Restaurant_Review-g294201-d2715802-Reviews-Al_Khal_Egyptian_Restaurant-Cairo_Cairo_Governorate.html#REVIEWS
"RESTAURANTAl Grill4.84.8 of 5 bubbles(1,307 reviews)Venice, Veneto, Italy",Al Ghuwariyah,,,0,,,https://www.tripadvisor.com/Restaurant_Review-g187870-d17577217-Reviews-Al_Grill-Venice_Veneto.html
"(1,307 reviews)",Al Ghuwariyah,,,0,,,https://www.tripadvisor.com/Restaurant_Review-g187870-d17577217-Reviews-Al_Grill-Venice_Veneto.html#REVIEWS
"RESTAURANTL'Ancora Della Tortuga4.44.4 of 5 bubbles(1,875 reviews)Monterosso al Mare, Italian Riviera, Italy",Al Ghuwariyah,,,0,,,https://www.tripadvisor.com/Restaurant_Review-g187820-d1111538-Reviews-L_Ancora_Della_Tortuga-Monterosso_al_Mare_Cinque_Terre_Italian_Riviera_Liguria.html
"(1,875 reviews)",Al Ghuwariyah,,,0,,,https://www.tripadvisor.com/Restaurant_Review-g187820-d1111538-Reviews-L_Ancora_Della_Tortuga-Monterosso_al_Mare_Cinque_Terre_Italian_Riviera_Liguria.html#REVIEWS
"RESTAURANTZaitouna4.94.9 of 5 bubbles(1,773 reviews)Ras Al Khaimah, United Arab Emirates",Al Ghuwariyah,,,0,,,https://www.tripadvisor.com/Restaurant_Review-g298063-d7619379-Reviews-Zaitouna-Ras_Al_Khaimah_Emirate_of_Ras_Al_Khaimah.html
"(1,773 reviews)",Al Ghuwariyah,,,0,,,https://www.tripadvisor.com/Restaurant_Review-g298063-d7619379-Reviews-Zaitouna-Ras_Al_Khaimah_Emirate_of_Ras_Al_Khaimah.html#REVIEWS
"RESTAURANTFish River Grill4.54.5 of 5 bubbles(981 reviews)Gulf Shores, Alabama",Al Ghuwariyah,,,0,,,https://www.tripadvisor.com/Restaurant_Review-g30582-d8002427-Reviews-Fish_River_Grill-Gulf_Shores_Alabama.html
(981 reviews),Al Ghuwariyah,,,0,,,https://www.tripadvisor.com/Restaurant_Review-g30582-d8002427-Reviews-Fish_River_Grill-Gulf_Shores_Alabama.html#REVIEWS
"RESTAURANTGambino's Italian Grill4.84.8 of 5 bubbles(2,572 reviews)Fairhope, Alabama",Al Ghuwariyah,,,0,,,https://www.tripadvisor.com/Restaurant_Review-g30521-d3599403-Reviews-Gambino_s_Italian_Grill-Fairhope_Alabama.html
"(2,572 reviews)",Al Ghuwariyah,,,0,,,https://www.tripadvisor.com/Restaurant_Review-g30521-d3599403-Reviews-Gambino_s_Italian_Grill-Fairhope_Alabama.html#REVIEWS
"RESTAURANTMosaic Restaurant - Al Muroor4.94.9 of 5 bubbles(1,563 reviews)Abu Dhabi, United Arab Emirates",Al Ghuwariyah,,,0,,,https://www.tripadvisor.com/Restaurant_Review-g294013-d10430119-Reviews-Mosaic_Restaurant_Al_Muroor-Abu_Dhabi_Emirate_of_Abu_Dhabi.html
"(1,563 reviews)",Al Ghuwariyah,,,0,,,https://www.tripadvisor.com/Restaurant_Review-g294013-d10430119-Reviews-Mosaic_Restaurant_Al_Muroor-Abu_Dhabi_Emirate_of_Abu_Dhabi.html#REVIEWS
"RESTAURANTBahama Bob's Beach Side Cafe4.34.3 of 5 bubbles(2,412 reviews)Gulf Shores, Alabama",Al Ghuwariyah,,,0,,,https://www.tripadvisor.com/Restaurant_Review-g30582-d655775-Reviews-Bahama_Bob_s_Beach_Side_Cafe-Gulf_Shores_Alabama.html
"(2,412 reviews)",Al Ghuwariyah,,,0,,,https://www.tripadvisor.com/Restaurant_Review-g30582-d655775-Reviews-Bahama_Bob_s_Beach_Side_Cafe-Gulf_Shores_Alabama.html#REVIEWS
"RESTAURANTRistorante Miky4.44.4 of 5 bubbles(2,546 reviews)Monterosso al Mare, Italian Riviera, Italy",Al Ghuwariyah,,,0,,,https://www.tripadvisor.com/Restaurant_Review-g187820-d1111550-Reviews-Ristorante_Miky-Monterosso_al_Mare_Cinque_Terre_Italian_Riviera_Liguria.html
"(2,546 reviews)",Al Ghuwariyah,,,0,,,https://www.tripadvisor.com/Restaurant_Review-g187820-d1111550-Reviews-Ristorante_Miky-Monterosso_al_Mare_Cinque_Terre_Italian_Riviera_Liguria.html#REVIEWS
"RESTAURANTAl Khayma Heritage Restaurant & Cafe4.94.9 of 5 bubbles(1,653 reviews)Dubai, United Arab Emirates",Al Ghuwariyah,,,0,,,https://www.tripadvisor.com/Restaurant_Review-g295424-d23007236-Reviews-Al_Khayma_Heritage_Restaurant_Cafe-Dubai_Emirate_of_Dubai.html
"(1,653 reviews)",Al Ghuwariyah,,,0,,,https://www.tripadvisor.com/Restaurant_Review-g295424-d23007236-Reviews-Al_Khayma_Heritage_Restaurant_Cafe-Dubai_Emirate_of_Dubai.html#REVIEWS
"RESTAURANTAlbaik4.34.3 of 5 bubbles(1,685 reviews)Mecca, Saudi Arabia",Al Ghuwariyah,,,0,,,https://www.tripadvisor.com/Restaurant_Review-g293993-d788527-Reviews-Albaik-Mecca_Makkah_Province.html
"(1,685 reviews)",Al Ghuwariyah,,,0,,,https://www.tripadvisor.com/Restaurant_Review-g293993-d788527-Reviews-Albaik-Mecca_Makkah_Province.html#REVIEWS
"RESTAURANTAl Baik4.44.4 of 5 bubbles(2,396 reviews)Jeddah, Saudi Arabia",Al Ghuwariyah,,,0,,,https://www.tripadvisor.com/Restaurant_Review-g295419-d806681-Reviews-Al_Baik-Jeddah_Makkah_Province.html
"(2,396 reviews)",Al Ghuwariyah,,,0,,,https://www.tripadvisor.com/Restaurant_Review-g295419-d806681-Reviews-Al_Baik-Jeddah_Makkah_Province.html#REVIEWS
"RESTAURANTThe Rooms Restaurant4.74.7 of 5 bubbles(927 reviews)Tirana, Albania",Al Ghuwariyah,,,0,,,https://www.tripadvisor.com/Restaurant_Review-g294446-d8867438-Reviews-The_Rooms_Restaurant-Tirana_Tirana_County.html
(927 reviews),Al Ghuwariyah,,,0,,,https://www.tripadvisor.com/Restaurant_Review-g294446-d8867438-Reviews-The_Rooms_Restaurant-Tirana_Tirana_County.html#REVIEWS
"RESTAURANTAl Wadi Restaurant4.84.8 of 5 bubbles(5,630 reviews)Petra - Wadi Musa, Jordan",Al Ghuwariyah,,,0,,,https://www.tripadvisor.com/Restaurant_Review-g318895-d1191095-Reviews-Al_Wadi_Restaurant-Petra_Wadi_Musa_Ma_an_Governorate.html
"(5,630 reviews)",Al Ghuwariyah,,,0,,,https://www.tripadvisor.com/Restaurant_Review-g318895-d1191095-Reviews-Al_Wadi_Restaurant-Petra_Wadi_Musa_Ma_an_Governorate.html#REVIEWS
"RESTAURANTBurj Al Hamam4.94.9 of 5 bubbles(2,859 reviews)Amman, Jordan",Al Ghuwariyah,,,0,,,https://www.tripadvisor.com/Restaurant_Review-g293986-d1181235-Reviews-Burj_Al_Hamam-Amman_Amman_Governorate.html
"(2,859 reviews)",Al Ghuwariyah,,,0,,,https://www.tripadvisor.com/Restaurant_Review-g293986-d1181235-Reviews-Burj_Al_Hamam-Amman_Amman_Governorate.html#REVIEWS
"RESTAURANTAl Nafoura Lebanese Restaurant4.84.8 of 5 bubbles(1,192 reviews)Jakarta, Indonesia",Al Ghuwariyah,,,0,,,https://www.tripadvisor.com/Restaurant_Review-g294229-d862663-Reviews-Al_Nafoura_Lebanese_Restaurant-Jakarta_Java.html
"(1,192 reviews)",Al Ghuwariyah,,,0,,,https://www.tripadvisor.com/Restaurant_Review-g294229-d862663-Reviews-Al_Nafoura_Lebanese_Restaurant-Jakarta_Java.html#REVIEWS
"RESTAURANTRistorante Pizzeria Al Saraceno4.54.5 of 5 bubbles(2,025 reviews)Taormina, Italy",Al Ghuwariyah,,,0,,,https://www.tripadvisor.com/Restaurant_Review-g187892-d1023273-Reviews-Ristorante_Pizzeria_Al_Saraceno-Taormina_Province_of_Messina_Sicily.html
"(2,025 reviews)",Al Ghuwariyah,,,0,,,https://www.tripadvisor.com/Restaurant_Review-g187892-d1023273-Reviews-Ristorante_Pizzeria_Al_Saraceno-Taormina_Province_of_Messina_Sicily.html#REVIEWS
"RESTAURANTAl Boom Steak & Seafood Restaurant4.54.5 of 5 bubbles(217 reviews)Kuwait City, Kuwait",Al Ghuwariyah,,,0,,,https://www.tripadvisor.com/Restaurant_Review-g294003-d1101363-Reviews-Al_Boom_Steak_Seafood_Restaurant-Kuwait_City.html
(217 reviews),Al Ghuwariyah,,,0,,,https://www.tripadvisor.com/Restaurant_Review-g294003-d1101363-Reviews-Al_Boom_Steak_Seafood_Restaurant-Kuwait_City.html#REVIEWS
"RESTAURANTAl Punt4.64.6 of 5 bubbles(2,125 reviews)Cambrils, Costa Dorada, Spain",Al Ghuwariyah,,,0,,,https://www.tripadvisor.com/Restaurant_Review-g580328-d7258963-Reviews-Al_Punt-Cambrils_Baix_Camp_Costa_Dorada_Province_of_Tarragona_Catalonia.html
"(2,125 reviews)",Al Ghuwariyah,,,0,,,https://www.tripadvisor.com/Restaurant_Review-g580328-d7258963-Reviews-Al_Punt-Cambrils_Baix_Camp_Costa_Dorada_Province_of_Tarragona_Catalonia.html#REVIEWS
"RESTAURANTAl Faro di Portofino Lounge Bar4.44.4 of 5 bubbles(782 reviews)Portofino, Italian Riviera, Italy",Al Ghuwariyah,,,0,,,https://www.tripadvisor.com/Restaurant_Review-g187825-d5861871-Reviews-Al_Faro_di_Portofino_Lounge_Bar-Portofino_Italian_Riviera_Liguria.html
(782 reviews),Al Ghuwariyah,,,0,,,https://www.tripadvisor.com/Restaurant_Review-g187825-d5861871-Reviews-Al_Faro_di_Portofino_Lounge_Bar-Portofino_Italian_Riviera_Liguria.html#REVIEWS
"RESTAURANTAl Frio y Al Fuego4.34.3 of 5 bubbles(1,468 reviews)Iquitos, Peru",Al Ghuwariyah,,,0,,,https://www.tripadvisor.com/Restaurant_Review-g294315-d2182172-Reviews-Al_Frio_y_Al_Fuego-Iquitos_Loreto_Region.html
"(1,468 reviews)",Al Ghuwariyah,,,0,,,https://www.tripadvisor.com/Restaurant_Review-g294315-d2182172-Reviews-Al_Frio_y_Al_Fuego-Iquitos_Loreto_Region.html#REVIEWS
"RESTAURANTMataam Al Sharq4.84.8 of 5 bubbles(141 reviews)Jeddah, Saudi Arabia",Al Ghuwariyah,,,0,,,https://www.tripadvisor.com/Restaurant_Review-g295419-d7812156-Reviews-Mataam_Al_Sharq-Jeddah_Makkah_Province.html
(141 reviews),Al Ghuwariyah,,,0,,,https://www.tripadvisor.com/Restaurant_Review-g295419-d7812156-Reviews-Mataam_Al_Sharq-Jeddah_Makkah_Province.html#REVIEWS
"RESTAURANTAl-Sanbok Restaurant4.54.5 of 5 bubbles(941 reviews)Al Khobar, Saudi Arabia",Al Ghuwariyah,,,0,,,https://www.tripadvisor.com/Restaurant_Review-g298545-d1576305-Reviews-Al_Sanbok_Restaurant-Al_Khobar_Eastern_Province.html
(941 reviews),Al Ghuwariyah,,,0,,,https://www.tripadvisor.com/Restaurant_Review-g298545-d1576305-Reviews-Al_Sanbok_Restaurant-Al_Khobar_Eastern_Province.html#REVIEWS
"RESTAURANTIntercontinental Al Ferdaus4.74.7 of 5 bubbles(80 reviews)Jeddah, Saudi Arabia",Al Ghuwariyah,,,0,,,https://www.tripadvisor.com/Restaurant_Review-g295419-d2186966-Reviews-Intercontinental_Al_Ferdaus-Jeddah_Makkah_Province.html
(80 reviews),Al Ghuwariyah,,,0,,,https://www.tripadvisor.com/Restaurant_Review-g295419-d2186966-Reviews-Intercontinental_Al_Ferdaus-Jeddah_Makkah_Province.html#REVIEWS
"RESTAURANTAl Dawaar Revolving Restaurant4.84.8 of 5 bubbles(3,579 reviews)Dubai, United Arab Emirates",Al Ghuwariyah,,,0,,,https://www.tripadvisor.com/Restaurant_Review-g295424-d814928-Reviews-Al_Dawaar_Revolving_Restaurant-Dubai_Emirate_of_Dubai.html
"(3,579 reviews)",Al Ghuwariyah,,,0,,,https://www.tripadvisor.com/Restaurant_Review-g295424-d814928-Reviews-Al_Dawaar_Revolving_Restaurant-Dubai_Emirate_of_Dubai.html#REVIEWS
"RESTAURANTAl Sangiovese4.54.5 of 5 bubbles(2,455 reviews)Bologna, Emilia-Romagna, Italy",Al Ghuwariyah,,,0,,,https://www.tripadvisor.com/Restaurant_Review-g187801-d1550805-Reviews-Al_Sangiovese-Bologna_Province_of_Bologna_Emilia_Romagna.html
"(2,455 reviews)",Al Ghuwariyah,,,0,,,https://www.tripadvisor.com/Restaurant_Review-g187801-d1550805-Reviews-Al_Sangiovese-Bologna_Province_of_Bologna_Emilia_Romagna.html#REVIEWS
"RESTAURANTAl's Finger Licking Good Bar-B-Que4.64.6 of 5 bubbles(314 reviews)Tampa, Florida",Al Ghuwariyah,,,0,,,https://www.tripadvisor.com/Restaurant_Review-g34678-d1983995-Reviews-Al_s_Finger_Licking_Good_Bar_B_Que-Tampa_Florida.html
(314 reviews),Al Ghuwariyah,,,0,,,https://www.tripadvisor.com/Restaurant_Review-g34678-d1983995-Reviews-Al_s_Finger_Licking_Good_Bar_B_Que-Tampa_Florida.html#REVIEWS
"RESTAURANTAl Terrace4.84.8 of 5 bubbles(1,057 reviews)Doha, Qatar",Al Ghuwariyah,,,0,,,https://www.tripadvisor.com/Restaurant_Review-g294009-d7711898-Reviews-Al_Terrace-Doha.html
"(1,057 reviews)",Al Ghuwariyah,,,0,,,https://www.tripadvisor.com/Restaurant_Review-g294009-d7711898-Reviews-Al_Terrace-Doha.html#REVIEWS
(170 reviews),Abu Samra,,,0,,,https://www.tripadvisor.com/Restaurant_Review-g21509274-d23541462-Reviews-Levantine_Restaurant-Abu_Samra.html#REVIEWS
(503 reviews),Abu Samra,,,0,,,https://www.tripadvisor.com/Restaurant_Review-g21509274-d22939233-Reviews-Dante_Cucina_Italiana-Abu_Samra.html#REVIEWS
(7 reviews),Abu Samra,,,0,,,https://www.tripadvisor.com/Restaurant_Review-g21509274-d25304716-Reviews-Souk_Kitchen-Abu_Samra.html#REVIEWS
(15 reviews),Abu Samra,,,0,,,https://www.tripadvisor.com/Restaurant_Review-g21509274-d23514199-Reviews-The_League-Abu_Samra.html#REVIEWS
(143 reviews),Abu Samra,,,0,,,https://www.tripadvisor.com/Restaurant_Review-g21509274-d23541466-Reviews-Miss_Wong-Abu_Samra.html#REVIEWS
"RESTAURANTTrattoria Al Gazzettino4.54.5 of 5 bubbles(17,738 reviews)Venice, Veneto, Italy",Al Kharaitiyat,,,0,,,https://www.tripadvisor.com/Restaurant_Review-g187870-d1510422-Reviews-Trattoria_Al_Gazzettino-Venice_Veneto.html
"(17,738 reviews)",Al Kharaitiyat,,,0,,,https://www.tripadvisor.com/Restaurant_Review-g187870-d1510422-Reviews-Trattoria_Al_Gazzettino-Venice_Veneto.html#REVIEWS
"RESTAURANTDa Enzo Al 294.34.3 of 5 bubbles(5,556 reviews)Rome, Lazio, Italy",Al Kharaitiyat,,,0,,,https://www.tripadvisor.com/Restaurant_Review-g187791-d2231399-Reviews-Da_Enzo_Al_29-Rome_Lazio.html
"(5,556 reviews)",Al Kharaitiyat,,,0,,,https://www.tripadvisor.com/Restaurant_Review-g187791-d2231399-Reviews-Da_Enzo_Al_29-Rome_Lazio.html#REVIEWS
"RESTAURANTAl Khal Egyptian Restaurant4.94.9 of 5 bubbles(3,365 reviews)Cairo, Egypt",Al Kharaitiyat,,,0,,,https://www.tripadvisor.com/Restaurant_Review-g294201-d2715802-Reviews-Al_Khal_Egyptian_Restaurant-Cairo_Cairo_Governorate.html
"(3,365 reviews)",Al Kharaitiyat,,,0,,,https://www.tripadvisor.com/Restaurant_Review-g294201-d2715802-Reviews-Al_Khal_Egyptian_Restaurant-Cairo_Cairo_Governorate.html#REVIEWS
"RESTAURANTAl Grill4.84.8 of 5 bubbles(1,307 reviews)Venice, Veneto, Italy",Al Kharaitiyat,,,0,,,https://www.tripadvisor.com/Restaurant_Review-g187870-d17577217-Reviews-Al_Grill-Venice_Veneto.html
"(1,307 reviews)",Al Kharaitiyat,,,0,,,https://www.tripadvisor.com/Restaurant_Review-g187870-d17577217-Reviews-Al_Grill-Venice_Veneto.html#REVIEWS
"RESTAURANTL'Ancora Della Tortuga4.44.4 of 5 bubbles(1,875 reviews)Monterosso al Mare, Italian Riviera, Italy",Al Kharaitiyat,,,0,,,https://www.tripadvisor.com/Restaurant_Review-g187820-d1111538-Reviews-L_Ancora_Della_Tortuga-Monterosso_al_Mare_Cinque_Terre_Italian_Riviera_Liguria.html
"(1,875 reviews)",Al Kharaitiyat,,,0,,,https://www.tripadvisor.com/Restaurant_Review-g187820-d1111538-Reviews-L_Ancora_Della_Tortuga-Monterosso_al_Mare_Cinque_Terre_Italian_Riviera_Liguria.html#REVIEWS
"RESTAURANTZaitouna4.94.9 of 5 bubbles(1,773 reviews)Ras Al Khaimah, United Arab Emirates",Al Kharaitiyat,,,0,,,https://www.tripadvisor.com/Restaurant_Review-g298063-d7619379-Reviews-Zaitouna-Ras_Al_Khaimah_Emirate_of_Ras_Al_Khaimah.html
"(1,773 reviews)",Al Kharaitiyat,,,0,,,https://www.tripadvisor.com/Restaurant_Review-g298063-d7619379-Reviews-Zaitouna-Ras_Al_Khaimah_Emirate_of_Ras_Al_Khaimah.html#REVIEWS
"RESTAURANTFish River Grill4.54.5 of 5 bubbles(981 reviews)Gulf Shores, Alabama",Al Kharaitiyat,,,0,,,https://www.tripadvisor.com/Restaurant_Review-g30582-d8002427-Reviews-Fish_River_Grill-Gulf_Shores_Alabama.html
(981 reviews),Al Kharaitiyat,,,0,,,https://www.tripadvisor.com/Restaurant_Review-g30582-d8002427-Reviews-Fish_River_Grill-Gulf_Shores_Alabama.html#REVIEWS
"RESTAURANTGambino's Italian Grill4.84.8 of 5 bubbles(2,572 reviews)Fairhope, Alabama",Al Kharaitiyat,,,0,,,https://www.tripadvisor.com/Restaurant_Review-g30521-d3599403-Reviews-Gambino_s_Italian_Grill-Fairhope_Alabama.html
"(2,572 reviews)",Al Kharaitiyat,,,0,,,https://www.tripadvisor.com/Restaurant_Review-g30521-d3599403-Reviews-Gambino_s_Italian_Grill-Fairhope_Alabama.html#REVIEWS
"RESTAURANTMosaic Restaurant - Al Muroor4.94.9 of 5 bubbles(1,563 reviews)Abu Dhabi, United Arab Emirates",Al Kharaitiyat,,,0,,,https://www.tripadvisor.com/Restaurant_Review-g294013-d10430119-Reviews-Mosaic_Restaurant_Al_Muroor-Abu_Dhabi_Emirate_of_Abu_Dhabi.html
"(1,563 reviews)",Al Kharaitiyat,,,0,,,https://www.tripadvisor.com/Restaurant_Review-g294013-d10430119-Reviews-Mosaic_Restaurant_Al_Muroor-Abu_Dhabi_Emirate_of_Abu_Dhabi.html#REVIEWS
"RESTAURANTBahama Bob's Beach Side Cafe4.34.3 of 5 bubbles(2,412 reviews)Gulf Shores, Alabama",Al Kharaitiyat,,,0,,,https://www.tripadvisor.com/Restaurant_Review-g30582-d655775-Reviews-Bahama_Bob_s_Beach_Side_Cafe-Gulf_Shores_Alabama.html
"(2,412 reviews)",Al Kharaitiyat,,,0,,,https://www.tripadvisor.com/Restaurant_Review-g30582-d655775-Reviews-Bahama_Bob_s_Beach_Side_Cafe-Gulf_Shores_Alabama.html#REVIEWS
"RESTAURANTRistorante Miky4.44.4 of 5 bubbles(2,546 reviews)Monterosso al Mare, Italian Riviera, Italy",Al Kharaitiyat,,,0,,,https://www.tripadvisor.com/Restaurant_Review-g187820-d1111550-Reviews-Ristorante_Miky-Monterosso_al_Mare_Cinque_Terre_Italian_Riviera_Liguria.html
"(2,546 reviews)",Al Kharaitiyat,,,0,,,https://www.tripadvisor.com/Restaurant_Review-g187820-d1111550-Reviews-Ristorante_Miky-Monterosso_al_Mare_Cinque_Terre_Italian_Riviera_Liguria.html#REVIEWS
"RESTAURANTAl Khayma Heritage Restaurant & Cafe4.94.9 of 5 bubbles(1,653 reviews)Dubai, United Arab Emirates",Al Kharaitiyat,,,0,,,https://www.tripadvisor.com/Restaurant_Review-g295424-d23007236-Reviews-Al_Khayma_Heritage_Restaurant_Cafe-Dubai_Emirate_of_Dubai.html
"(1,653 reviews)",Al Kharaitiyat,,,0,,,https://www.tripadvisor.com/Restaurant_Review-g295424-d23007236-Reviews-Al_Khayma_Heritage_Restaurant_Cafe-Dubai_Emirate_of_Dubai.html#REVIEWS
"RESTAURANTAlbaik4.34.3 of 5 bubbles(1,685 reviews)Mecca, Saudi Arabia",Al Kharaitiyat,,,0,,,https://www.tripadvisor.com/Restaurant_Review-g293993-d788527-Reviews-Albaik-Mecca_Makkah_Province.html
"(1,685 reviews)",Al Kharaitiyat,,,0,,,https://www.tripadvisor.com/Restaurant_Review-g293993-d788527-Reviews-Albaik-Mecca_Makkah_Province.html#REVIEWS
"RESTAURANTAl Baik4.44.4 of 5 bubbles(2,396 reviews)Jeddah, Saudi Arabia",Al Kharaitiyat,,,0,,,https://www.tripadvisor.com/Restaurant_Review-g295419-d806681-Reviews-Al_Baik-Jeddah_Makkah_Province.html
"(2,396 reviews)",Al Kharaitiyat,,,0,,,https://www.tripadvisor.com/Restaurant_Review-g295419-d806681-Reviews-Al_Baik-Jeddah_Makkah_Province.html#REVIEWS
"RESTAURANTThe Rooms Restaurant4.74.7 of 5 bubbles(927 reviews)Tirana, Albania",Al Kharaitiyat,,,0,,,https://www.tripadvisor.com/Restaurant_Review-g294446-d8867438-Reviews-The_Rooms_Restaurant-Tirana_Tirana_County.html
(927 reviews),Al Kharaitiyat,,,0,,,https://www.tripadvisor.com/Restaurant_Review-g294446-d8867438-Reviews-The_Rooms_Restaurant-Tirana_Tirana_County.html#REVIEWS
"RESTAURANTAl Wadi Restaurant4.84.8 of 5 bubbles(5,630 reviews)Petra - Wadi Musa, Jordan",Al Kharaitiyat,,,0,,,https://www.tripadvisor.com/Restaurant_Review-g318895-d1191095-Reviews-Al_Wadi_Restaurant-Petra_Wadi_Musa_Ma_an_Governorate.html
"(5,630 reviews)",Al Kharaitiyat,,,0,,,https://www.tripadvisor.com/Restaurant_Review-g318895-d1191095-Reviews-Al_Wadi_Restaurant-Petra_Wadi_Musa_Ma_an_Governorate.html#REVIEWS
"RESTAURANTBurj Al Hamam4.94.9 of 5 bubbles(2,859 reviews)Amman, Jordan",Al Kharaitiyat,,,0,,,https://www.tripadvisor.com/Restaurant_Review-g293986-d1181235-Reviews-Burj_Al_Hamam-Amman_Amman_Governorate.html
"(2,859 reviews)",Al Kharaitiyat,,,0,,,https://www.tripadvisor.com/Restaurant_Review-g293986-d1181235-Reviews-Burj_Al_Hamam-Amman_Amman_Governorate.html#REVIEWS
"RESTAURANTAl Nafoura Lebanese Restaurant4.84.8 of 5 bubbles(1,192 reviews)Jakarta, Indonesia",Al Kharaitiyat,,,0,,,https://www.tripadvisor.com/Restaurant_Review-g294229-d862663-Reviews-Al_Nafoura_Lebanese_Restaurant-Jakarta_Java.html
"(1,192 reviews)",Al Kharaitiyat,,,0,,,https://www.tripadvisor.com/Restaurant_Review-g294229-d862663-Reviews-Al_Nafoura_Lebanese_Restaurant-Jakarta_Java.html#REVIEWS
"RESTAURANTRistorante Pizzeria Al Saraceno4.54.5 of 5 bubbles(2,025 reviews)Taormina, Italy",Al Kharaitiyat,,,0,,,https://www.tripadvisor.com/Restaurant_Review-g187892-d1023273-Reviews-Ristorante_Pizzeria_Al_Saraceno-Taormina_Province_of_Messina_Sicily.html
"(2,025 reviews)",Al Kharaitiyat,,,0,,,https://www.tripadvisor.com/Restaurant_Review-g187892-d1023273-Reviews-Ristorante_Pizzeria_Al_Saraceno-Taormina_Province_of_Messina_Sicily.html#REVIEWS
"RESTAURANTAl Boom Steak & Seafood Restaurant4.54.5 of 5 bubbles(217 reviews)Kuwait City, Kuwait",Al Kharaitiyat,,,0,,,https://www.tripadvisor.com/Restaurant_Review-g294003-d1101363-Reviews-Al_Boom_Steak_Seafood_Restaurant-Kuwait_City.html
(217 reviews),Al Kharaitiyat,,,0,,,https://www.tripadvisor.com/Restaurant_Review-g294003-d1101363-Reviews-Al_Boom_Steak_Seafood_Restaurant-Kuwait_City.html#REVIEWS
"RESTAURANTAl Punt4.64.6 of 5 bubbles(2,125 reviews)Cambrils, Costa Dorada, Spain",Al Kharaitiyat,,,0,,,https://www.tripadvisor.com/Restaurant_Review-g580328-d7258963-Reviews-Al_Punt-Cambrils_Baix_Camp_Costa_Dorada_Province_of_Tarragona_Catalonia.html
"(2,125 reviews)",Al Kharaitiyat,,,0,,,https://www.tripadvisor.com/Restaurant_Review-g580328-d7258963-Reviews-Al_Punt-Cambrils_Baix_Camp_Costa_Dorada_Province_of_Tarragona_Catalonia.html#REVIEWS
"RESTAURANTAl Faro di Portofino Lounge Bar4.44.4 of 5 bubbles(782 reviews)Portofino, Italian Riviera, Italy",Al Kharaitiyat,,,0,,,https://www.tripadvisor.com/Restaurant_Review-g187825-d5861871-Reviews-Al_Faro_di_Portofino_Lounge_Bar-Portofino_Italian_Riviera_Liguria.html
(782 reviews),Al Kharaitiyat,,,0,,,https://www.tripadvisor.com/Restaurant_Review-g187825-d5861871-Reviews-Al_Faro_di_Portofino_Lounge_Bar-Portofino_Italian_Riviera_Liguria.html#REVIEWS
"RESTAURANTAl Frio y Al Fuego4.34.3 of 5 bubbles(1,468 reviews)Iquitos, Peru",Al Kharaitiyat,,,0,,,https://www.tripadvisor.com/Restaurant_Review-g294315-d2182172-Reviews-Al_Frio_y_Al_Fuego-Iquitos_Loreto_Region.html
"(1,468 reviews)",Al Kharaitiyat,,,0,,,https://www.tripadvisor.com/Restaurant_Review-g294315-d2182172-Reviews-Al_Frio_y_Al_Fuego-Iquitos_Loreto_Region.html#REVIEWS
"RESTAURANTMataam Al Sharq4.84.8 of 5 bubbles(141 reviews)Jeddah, Saudi Arabia",Al Kharaitiyat,,,0,,,https://www.tripadvisor.com/Restaurant_Review-g295419-d7812156-Reviews-Mataam_Al_Sharq-Jeddah_Makkah_Province.html
(141 reviews),Al Kharaitiyat,,,0,,,https://www.tripadvisor.com/Restaurant_Review-g295419-d7812156-Reviews-Mataam_Al_Sharq-Jeddah_Makkah_Province.html#REVIEWS
"RESTAURANTAl-Sanbok Restaurant4.54.5 of 5 bubbles(941 reviews)Al Khobar, Saudi Arabia",Al Kharaitiyat,,,0,,,https://www.tripadvisor.com/Restaurant_Review-g298545-d1576305-Reviews-Al_Sanbok_Restaurant-Al_Khobar_Eastern_Province.html
(941 reviews),Al Kharaitiyat,,,0,,,https://www.tripadvisor.com/Restaurant_Review-g298545-d1576305-Reviews-Al_Sanbok_Restaurant-Al_Khobar_Eastern_Province.html#REVIEWS
"RESTAURANTIntercontinental Al Ferdaus4.74.7 of 5 bubbles(80 reviews)Jeddah, Saudi Arabia",Al Kharaitiyat,,,0,,,https://www.tripadvisor.com/Restaurant_Review-g295419-d2186966-Reviews-Intercontinental_Al_Ferdaus-Jeddah_Makkah_Province.html
(80 reviews),Al Kharaitiyat,,,0,,,https://www.tripadvisor.com/Restaurant_Review-g295419-d2186966-Reviews-Intercontinental_Al_Ferdaus-Jeddah_Makkah_Province.html#REVIEWS
"RESTAURANTAl Dawaar Revolving Restaurant4.84.8 of 5 bubbles(3,579 reviews)Dubai, United Arab Emirates",Al Kharaitiyat,,,0,,,https://www.tripadvisor.com/Restaurant_Review-g295424-d814928-Reviews-Al_Dawaar_Revolving_Restaurant-Dubai_Emirate_of_Dubai.html
"(3,579 reviews)",Al Kharaitiyat,,,0,,,https://www.tripadvisor.com/Restaurant_Review-g295424-d814928-Reviews-Al_Dawaar_Revolving_Restaurant-Dubai_Emirate_of_Dubai.html#REVIEWS
"RESTAURANTAl Sangiovese4.54.5 of 5 bubbles(2,455 reviews)Bologna, Emilia-Romagna, Italy",Al Kharaitiyat,,,0,,,https://www.tripadvisor.com/Restaurant_Review-g187801-d1550805-Reviews-Al_Sangiovese-Bologna_Province_of_Bologna_Emilia_Romagna.html
"(2,455 reviews)",Al Kharaitiyat,,,0,,,https://www.tripadvisor.com/Restaurant_Review-g187801-d1550805-Reviews-Al_Sangiovese-Bologna_Province_of_Bologna_Emilia_Romagna.html#REVIEWS
"RESTAURANTAl's Finger Licking Good Bar-B-Que4.64.6 of 5 bubbles(314 reviews)Tampa, Florida",Al Kharaitiyat,,,0,,,https://www.tripadvisor.com/Restaurant_Review-g34678-d1983995-Reviews-Al_s_Finger_Licking_Good_Bar_B_Que-Tampa_Florida.html
(314 reviews),Al Kharaitiyat,,,0,,,https://www.tripadvisor.com/Restaurant_Review-g34678-d1983995-Reviews-Al_s_Finger_Licking_Good_Bar_B_Que-Tampa_Florida.html#REVIEWS
"RESTAURANTAl Terrace4.84.8 of 5 bubbles(1,057 reviews)Doha, Qatar",Al Kharaitiyat,,,0,,,https://www.tripadvisor.com/Restaurant_Review-g294009-d7711898-Reviews-Al_Terrace-Doha.html
"(1,057 reviews)",Al Kharaitiyat,,,0,,,https://www.tripadvisor.com/Restaurant_Review-g294009-d7711898-Reviews-Al_Terrace-Doha.html#REVIEWS
"RESTAURANTNara Restaurant4.94.9 of 5 bubbles(223 reviews)Al Ain, United Arab Emirates",Ain Khaled,,,0,,,https://www.tripadvisor.com/Restaurant_Review-g298061-d12822460-Reviews-Nara_Restaurant-Al_Ain_Emirate_of_Abu_Dhabi.html
(223 reviews),Ain Khaled,,,0,,,https://www.tripadvisor.com/Restaurant_Review-g298061-d12822460-Reviews-Nara_Restaurant-Al_Ain_Emirate_of_Abu_Dhabi.html#REVIEWS
"RESTAURANTClub House4.74.7 of 5 bubbles(106 reviews)Al Ain, United Arab Emirates",Ain Khaled,,,0,,,https://www.tripadvisor.com/Restaurant_Review-g298061-d3918050-Reviews-Club_House-Al_Ain_Emirate_of_Abu_Dhabi.html
(106 reviews),Ain Khaled,,,0,,,https://www.tripadvisor.com/Restaurant_Review-g298061-d3918050-Reviews-Club_House-Al_Ain_Emirate_of_Abu_Dhabi.html#REVIEWS
"RESTAURANTIndian Curry3.83.8 of 5 bubbles(21 reviews)Al Ain, United Arab Emirates",Ain Khaled,,,0,,,https://www.tripadvisor.com/Restaurant_Review-g298061-d3918056-Reviews-Indian_Curry-Al_Ain_Emirate_of_Abu_Dhabi.html
(21 reviews),Ain Khaled,,,0,,,https://www.tripadvisor.com/Restaurant_Review-g298061-d3918056-Reviews-Indian_Curry-Al_Ain_Emirate_of_Abu_Dhabi.html#REVIEWS
"RESTAURANTTrader Vic's Al Ain4.34.3 of 5 bubbles(426 reviews)Al Ain, United Arab Emirates",Ain Khaled,,,0,,,https://www.tripadvisor.com/Restaurant_Review-g298061-d2337075-Reviews-Trader_Vic_s_Al_Ain-Al_Ain_Emirate_of_Abu_Dhabi.html
(426 reviews),Ain Khaled,,,0,,,https://www.tripadvisor.com/Restaurant_Review-g298061-d2337075-Reviews-Trader_Vic_s_Al_Ain-Al_Ain_Emirate_of_Abu_Dhabi.html#REVIEWS
"RESTAURANTMakani Café4.74.7 of 5 bubbles(270 reviews)Al Ain, United Arab Emirates",Ain Khaled,,,0,,,https://www.tripadvisor.com/Restaurant_Review-g298061-d3918087-Reviews-Makani_Cafe-Al_Ain_Emirate_of_Abu_Dhabi.html
(270 reviews),Ain Khaled,,,0,,,https://www.tripadvisor.com/Restaurant_Review-g298061-d3918087-Reviews-Makani_Cafe-Al_Ain_Emirate_of_Abu_Dhabi.html#REVIEWS
"RESTAURANTZest International Restaurant4.44.4 of 5 bubbles(225 reviews)Al Ain, United Arab Emirates",Ain Khaled,,,0,,,https://www.tripadvisor.com/Restaurant_Review-g298061-d3918173-Reviews-Zest_International_Restaurant-Al_Ain_Emirate_of_Abu_Dhabi.html
(225 reviews),Ain Khaled,,,0,,,https://www.tripadvisor.com/Restaurant_Review-g298061-d3918173-Reviews-Zest_International_Restaurant-Al_Ain_Emirate_of_Abu_Dhabi.html#REVIEWS
"RESTAURANTMcGettigan's Al Ain3.73.7 of 5 bubbles(56 reviews)Al Ain, United Arab Emirates",Ain Khaled,,,0,,,https://www.tripadvisor.com/Restaurant_Review-g298061-d13236961-Reviews-McGettigan_s_Al_Ain-Al_Ain_Emirate_of_Abu_Dhabi.html
(56 reviews),Ain Khaled,,,0,,,https://www.tripadvisor.com/Restaurant_Review-g298061-d13236961-Reviews-McGettigan_s_Al_Ain-Al_Ain_Emirate_of_Abu_Dhabi.html#REVIEWS
"RESTAURANTTanjore4.34.3 of 5 bubbles(52 reviews)Al Ain, United Arab Emirates",Ain Khaled,,,0,,,https://www.tripadvisor.com/Restaurant_Review-g298061-d3918157-Reviews-Tanjore-Al_Ain_Emirate_of_Abu_Dhabi.html
(52 reviews),Ain Khaled,,,0,,,https://www.tripadvisor.com/Restaurant_Review-g298061-d3918157-Reviews-Tanjore-Al_Ain_Emirate_of_Abu_Dhabi.html#REVIEWS
"RESTAURANTGolden Sheep Restaurant4.44.4 of 5 bubbles(79 reviews)Al Ain, United Arab Emirates",Ain Khaled,,,0,,,https://www.tripadvisor.com/Restaurant_Review-g298061-d3918036-Reviews-Golden_Sheep_Restaurant-Al_Ain_Emirate_of_Abu_Dhabi.html
(79 reviews),Ain Khaled,,,0,,,https://www.tripadvisor.com/Restaurant_Review-g298061-d3918036-Reviews-Golden_Sheep_Restaurant-Al_Ain_Emirate_of_Abu_Dhabi.html#REVIEWS
"RESTAURANTAl Areesh4.54.5 of 5 bubbles(47 reviews)Al Ain, United Arab Emirates",Ain Khaled,,,0,,,https://www.tripadvisor.com/Restaurant_Review-g298061-d4100983-Reviews-Al_Areesh-Al_Ain_Emirate_of_Abu_Dhabi.html
(47 reviews),Ain Khaled,,,0,,,https://www.tripadvisor.com/Restaurant_Review-g298061-d4100983-Reviews-Al_Areesh-Al_Ain_Emirate_of_Abu_Dhabi.html#REVIEWS
"RESTAURANTAIN SOPH. Journey Shinjuku4.34.3 of 5 bubbles(172 reviews)Shinjuku 3 Chome, Tokyo Prefecture, Japan",Ain Khaled,,,0,,,https://www.tripadvisor.com/Restaurant_Review-g14133707-d4100802-Reviews-AIN_SOPH_Journey_Shinjuku-Shinjuku_3_Chome_Shinjuku_Tokyo_Tokyo_Prefecture_Kant.html
(172 reviews),Ain Khaled,,,0,,,https://www.tripadvisor.com/Restaurant_Review-g14133707-d4100802-Reviews-AIN_SOPH_Journey_Shinjuku-Shinjuku_3_Chome_Shinjuku_Tokyo_Tokyo_Prefecture_Kant.html#REVIEWS
"RESTAURANTAIN SOPH. journey Kyoto4.74.7 of 5 bubbles(182 reviews)Kyoto, Kyoto Prefecture, Japan",Ain Khaled,,,0,,,https://www.tripadvisor.com/Restaurant_Review-g298564-d13860014-Reviews-AIN_SOPH_journey_Kyoto-Kyoto_Kyoto_Prefecture_Kinki.html
(182 reviews),Ain Khaled,,,0,,,https://www.tripadvisor.com/Restaurant_Review-g298564-d13860014-Reviews-AIN_SOPH_journey_Kyoto-Kyoto_Kyoto_Prefecture_Kinki.html#REVIEWS
"RESTAURANTAin't B's Bakery4.84.8 of 5 bubbles(47 reviews)Helen, Georgia",Ain Khaled,,,0,,,https://www.tripadvisor.com/Restaurant_Review-g35004-d1575551-Reviews-Ain_t_B_s_Bakery-Helen_Georgia.html
(47 reviews),Ain Khaled,,,0,,,https://www.tripadvisor.com/Restaurant_Review-g35004-d1575551-Reviews-Ain_t_B_s_Bakery-Helen_Georgia.html#REVIEWS
"RESTAURANTBukhara Restaurant4.34.3 of 5 bubbles(56 reviews)Al Ain, United Arab Emirates",Ain Khaled,,,0,,,https://www.tripadvisor.com/Restaurant_Review-g298061-d3917980-Reviews-Bukhara_Restaurant-Al_Ain_Emirate_of_Abu_Dhabi.html
(56 reviews),Ain Khaled,,,0,,,https://www.tripadvisor.com/Restaurant_Review-g298061-d3917980-Reviews-Bukhara_Restaurant-Al_Ain_Emirate_of_Abu_Dhabi.html#REVIEWS
"RESTAURANTAl-Fanar Restaurant & Cafe - Al Ain4.74.7 of 5 bubbles(223 reviews)Al Ain, United Arab Emirates",Ain Khaled,,,0,,,https://www.tripadvisor.com/Restaurant_Review-g298061-d9774297-Reviews-Al_Fanar_Restaurant_Cafe_Al_Ain-Al_Ain_Emirate_of_Abu_Dhabi.html
(223 reviews),Ain Khaled,,,0,,,https://www.tripadvisor.com/Restaurant_Review-g298061-d9774297-Reviews-Al_Fanar_Restaurant_Cafe_Al_Ain-Al_Ain_Emirate_of_Abu_Dhabi.html#REVIEWS
"RESTAURANTCoriander4.64.6 of 5 bubbles(166 reviews)Al Ain, United Arab Emirates",Ain Khaled,,,0,,,https://www.tripadvisor.com/Restaurant_Review-g298061-d3893351-Reviews-Coriander-Al_Ain_Emirate_of_Abu_Dhabi.html
(166 reviews),Ain Khaled,,,0,,,https://www.tripadvisor.com/Restaurant_Review-g298061-d3893351-Reviews-Coriander-Al_Ain_Emirate_of_Abu_Dhabi.html#REVIEWS
"RESTAURANTPaco's Bar4.54.5 of 5 bubbles(326 reviews)Al Ain, United Arab Emirates",Ain Khaled,,,0,,,https://www.tripadvisor.com/Restaurant_Review-g298061-d3918114-Reviews-Paco_s_Bar-Al_Ain_Emirate_of_Abu_Dhabi.html
(326 reviews),Ain Khaled,,,0,,,https://www.tripadvisor.com/Restaurant_Review-g298061-d3918114-Reviews-Paco_s_Bar-Al_Ain_Emirate_of_Abu_Dhabi.html#REVIEWS
"RESTAURANTMoodz Sports Bar & Lounge4.44.4 of 5 bubbles(56 reviews)Al Ain, United Arab Emirates",Ain Khaled,,,0,,,https://www.tripadvisor.com/Restaurant_Review-g298061-d3918106-Reviews-Moodz_Sports_Bar_Lounge-Al_Ain_Emirate_of_Abu_Dhabi.html
(56 reviews),Ain Khaled,,,0,,,https://www.tripadvisor.com/Restaurant_Review-g298061-d3918106-Reviews-Moodz_Sports_Bar_Lounge-Al_Ain_Emirate_of_Abu_Dhabi.html#REVIEWS
"RESTAURANTNando's Al Ain Mall4.74.7 of 5 bubbles(120 reviews)Al Ain, United Arab Emirates",Ain Khaled,,,0,,,https://www.tripadvisor.com/Restaurant_Review-g298061-d3918178-Reviews-Nando_s_Al_Ain_Mall-Al_Ain_Emirate_of_Abu_Dhabi.html
(120 reviews),Ain Khaled,,,0,,,https://www.tripadvisor.com/Restaurant_Review-g298061-d3918178-Reviews-Nando_s_Al_Ain_Mall-Al_Ain_Emirate_of_Abu_Dhabi.html#REVIEWS
"RESTAURANTAin Soph. Ginza4.54.5 of 5 bubbles(155 reviews)Ginza, Tokyo Prefecture, Japan",Ain Khaled,,,0,,,https://www.tripadvisor.com/Restaurant_Review-g14129573-d4100766-Reviews-Ain_Soph_Ginza-Ginza_Chuo_Tokyo_Tokyo_Prefecture_Kanto.html
(155 reviews),Ain Khaled,,,0,,,https://www.tripadvisor.com/Restaurant_Review-g14129573-d4100766-Reviews-Ain_Soph_Ginza-Ginza_Chuo_Tokyo_Tokyo_Prefecture_Kanto.html#REVIEWS
"RESTAURANTAl Mallah Restaurant4.14.1 of 5 bubbles(70 reviews)Al Ain, United Arab Emirates",Ain Khaled,,,0,,,https://www.tripadvisor.com/Restaurant_Review-g298061-d2734458-Reviews-Al_Mallah_Restaurant-Al_Ain_Emirate_of_Abu_Dhabi.html
(70 reviews),Ain Khaled,,,0,,,https://www.tripadvisor.com/Restaurant_Review-g298061-d2734458-Reviews-Al_Mallah_Restaurant-Al_Ain_Emirate_of_Abu_Dhabi.html#REVIEWS
"RESTAURANTRoyal Mughal Restaurant3.93.9 of 5 bubbles(24 reviews)Al Ain, United Arab Emirates",Ain Khaled,,,0,,,https://www.tripadvisor.com/Restaurant_Review-g298061-d3918168-Reviews-Royal_Mughal_Restaurant-Al_Ain_Emirate_of_Abu_Dhabi.html
(24 reviews),Ain Khaled,,,0,,,https://www.tripadvisor.com/Restaurant_Review-g298061-d3918168-Reviews-Royal_Mughal_Restaurant-Al_Ain_Emirate_of_Abu_Dhabi.html#REVIEWS
"RESTAURANTMin Zaman Lebanese Restaurant4.44.4 of 5 bubbles(55 reviews)Al Ain, United Arab Emirates",Ain Khaled,,,0,,,https://www.tripadvisor.com/Restaurant_Review-g298061-d3918103-Reviews-Min_Zaman_Lebanese_Restaurant-Al_Ain_Emirate_of_Abu_Dhabi.html
(55 reviews),Ain Khaled,,,0,,,https://www.tripadvisor.com/Restaurant_Review-g298061-d3918103-Reviews-Min_Zaman_Lebanese_Restaurant-Al_Ain_Emirate_of_Abu_Dhabi.html#REVIEWS
"RESTAURANTRoyal house restaurant4.64.6 of 5 bubbles(48 reviews)Al Ain, United Arab Emirates",Ain Khaled,,,0,,,https://www.tripadvisor.com/Restaurant_Review-g298061-d11865573-Reviews-Royal_house_restaurant-Al_Ain_Emirate_of_Abu_Dhabi.html
(48 reviews),Ain Khaled,,,0,,,https://www.tripadvisor.com/Restaurant_Review-g298061-d11865573-Reviews-Royal_house_restaurant-Al_Ain_Emirate_of_Abu_Dhabi.html#REVIEWS
"RESTAURANTZaytinya Restaurant4.54.5 of 5 bubbles(21 reviews)Al Ain, United Arab Emirates",Ain Khaled,,,0,,,https://www.tripadvisor.com/Restaurant_Review-g298061-d5889310-Reviews-Zaytinya_Restaurant-Al_Ain_Emirate_of_Abu_Dhabi.html
(21 reviews),Ain Khaled,,,0,,,https://www.tripadvisor.com/Restaurant_Review-g298061-d5889310-Reviews-Zaytinya_Restaurant-Al_Ain_Emirate_of_Abu_Dhabi.html#REVIEWS
"RESTAURANTThe Rooftop4.54.5 of 5 bubbles(48 reviews)Al Ain, United Arab Emirates",Ain Khaled,,,0,,,https://www.tripadvisor.com/Restaurant_Review-g298061-d33349295-Reviews-The_Rooftop-Al_Ain_Emirate_of_Abu_Dhabi.html
(48 reviews),Ain Khaled,,,0,,,https://www.tripadvisor.com/Restaurant_Review-g298061-d33349295-Reviews-The_Rooftop-Al_Ain_Emirate_of_Abu_Dhabi.html#REVIEWS
"RESTAURANTFuddruckers4.24.2 of 5 bubbles(36 reviews)Al Ain, United Arab Emirates",Ain Khaled,,,0,,,https://www.tripadvisor.com/Restaurant_Review-g298061-d3918040-Reviews-Fuddruckers-Al_Ain_Emirate_of_Abu_Dhabi.html
(36 reviews),Ain Khaled,,,0,,,https://www.tripadvisor.com/Restaurant_Review-g298061-d3918040-Reviews-Fuddruckers-Al_Ain_Emirate_of_Abu_Dhabi.html#REVIEWS
"RESTAURANTLuce Ristorante Italiano & Club3.43.4 of 5 bubbles(20 reviews)Al Ain, United Arab Emirates",Ain Khaled,,,0,,,https://www.tripadvisor.com/Restaurant_Review-g298061-d3918085-Reviews-Luce_Ristorante_Italiano_Club-Al_Ain_Emirate_of_Abu_Dhabi.html
(20 reviews),Ain Khaled,,,0,,,https://www.tripadvisor.com/Restaurant_Review-g298061-d3918085-Reviews-Luce_Ristorante_Italiano_Club-Al_Ain_Emirate_of_Abu_Dhabi.html#REVIEWS
"RESTAURANTAl Diwan resturant مطعم الديوان4.44.4 of 5 bubbles(26 reviews)Al Ain, United Arab Emirates",Ain Khaled,,,0,,,https://www.tripadvisor.com/Restaurant_Review-g298061-d4959626-Reviews-Al_Diwan_resturant-Al_Ain_Emirate_of_Abu_Dhabi.html
(26 reviews),Ain Khaled,,,0,,,https://www.tripadvisor.com/Restaurant_Review-g298061-d4959626-Reviews-Al_Diwan_resturant-Al_Ain_Emirate_of_Abu_Dhabi.html#REVIEWS
"RESTAURANTWood House Restaurant Al Ain4.74.7 of 5 bubbles(20 reviews)Abu Dhabi, United Arab Emirates",Ain Khaled,,,0,,,https://www.tripadvisor.com/Restaurant_Review-g294013-d26361616-Reviews-Wood_House_Restaurant_Al_Ain-Abu_Dhabi_Emirate_of_Abu_Dhabi.html
(20 reviews),Ain Khaled,,,0,,,https://www.tripadvisor.com/Restaurant_Review-g294013-d26361616-Reviews-Wood_House_Restaurant_Al_Ain-Abu_Dhabi_Emirate_of_Abu_Dhabi.html#REVIEWS
"RESTAURANTShebbak Beirut - Al ThumamaRiyadh, Saudi Arabia",Al Thumama,,,0,,,https://www.tripadvisor.com/Restaurant_Review-g293995-d32867067-Reviews-Shebbak_Beirut_Al_Thumama-Riyadh_Riyadh_Province.html
"RESTAURANTTrattoria Al Gazzettino4.54.5 of 5 bubbles(17,738 reviews)Venice, Veneto, Italy",Al Thumama,,,0,,,https://www.tripadvisor.com/Restaurant_Review-g187870-d1510422-Reviews-Trattoria_Al_Gazzettino-Venice_Veneto.html
"(17,738 reviews)",Al Thumama,,,0,,,https://www.tripadvisor.com/Restaurant_Review-g187870-d1510422-Reviews-Trattoria_Al_Gazzettino-Venice_Veneto.html#REVIEWS
"RESTAURANTDa Enzo Al 294.34.3 of 5 bubbles(5,556 reviews)Rome, Lazio, Italy",Al Thumama,,,0,,,https://www.tripadvisor.com/Restaurant_Review-g187791-d2231399-Reviews-Da_Enzo_Al_29-Rome_Lazio.html
"(5,556 reviews)",Al Thumama,,,0,,,https://www.tripadvisor.com/Restaurant_Review-g187791-d2231399-Reviews-Da_Enzo_Al_29-Rome_Lazio.html#REVIEWS
"RESTAURANTAl Khal Egyptian Restaurant4.94.9 of 5 bubbles(3,365 reviews)Cairo, Egypt",Al Thumama,,,0,,,https://www.tripadvisor.com/Restaurant_Review-g294201-d2715802-Reviews-Al_Khal_Egyptian_Restaurant-Cairo_Cairo_Governorate.html
"(3,365 reviews)",Al Thumama,,,0,,,https://www.tripadvisor.com/Restaurant_Review-g294201-d2715802-Reviews-Al_Khal_Egyptian_Restaurant-Cairo_Cairo_Governorate.html#REVIEWS
"RESTAURANTAl Grill4.84.8 of 5 bubbles(1,307 reviews)Venice, Veneto, Italy",Al Thumama,,,0,,,https://www.tripadvisor.com/Restaurant_Review-g187870-d17577217-Reviews-Al_Grill-Venice_Veneto.html
"(1,307 reviews)",Al Thumama,,,0,,,https://www.tripadvisor.com/Restaurant_Review-g187870-d17577217-Reviews-Al_Grill-Venice_Veneto.html#REVIEWS
"RESTAURANTL'Ancora Della Tortuga4.44.4 of 5 bubbles(1,875 reviews)Monterosso al Mare, Italian Riviera, Italy",Al Thumama,,,0,,,https://www.tripadvisor.com/Restaurant_Review-g187820-d1111538-Reviews-L_Ancora_Della_Tortuga-Monterosso_al_Mare_Cinque_Terre_Italian_Riviera_Liguria.html
"(1,875 reviews)",Al Thumama,,,0,,,https://www.tripadvisor.com/Restaurant_Review-g187820-d1111538-Reviews-L_Ancora_Della_Tortuga-Monterosso_al_Mare_Cinque_Terre_Italian_Riviera_Liguria.html#REVIEWS
"RESTAURANTZaitouna4.94.9 of 5 bubbles(1,773 reviews)Ras Al Khaimah, United Arab Emirates",Al Thumama,,,0,,,https://www.tripadvisor.com/Restaurant_Review-g298063-d7619379-Reviews-Zaitouna-Ras_Al_Khaimah_Emirate_of_Ras_Al_Khaimah.html
"(1,773 reviews)",Al Thumama,,,0,,,https://www.tripadvisor.com/Restaurant_Review-g298063-d7619379-Reviews-Zaitouna-Ras_Al_Khaimah_Emirate_of_Ras_Al_Khaimah.html#REVIEWS
"RESTAURANTFish River Grill4.54.5 of 5 bubbles(981 reviews)Gulf Shores, Alabama",Al Thumama,,,0,,,https://www.tripadvisor.com/Restaurant_Review-g30582-d8002427-Reviews-Fish_River_Grill-Gulf_Shores_Alabama.html
(981 reviews),Al Thumama,,,0,,,https://www.tripadvisor.com/Restaurant_Review-g30582-d8002427-Reviews-Fish_River_Grill-Gulf_Shores_Alabama.html#REVIEWS
"RESTAURANTGambino's Italian Grill4.84.8 of 5 bubbles(2,572 reviews)Fairhope, Alabama",Al Thumama,,,0,,,https://www.tripadvisor.com/Restaurant_Review-g30521-d3599403-Reviews-Gambino_s_Italian_Grill-Fairhope_Alabama.html
"(2,572 reviews)",Al Thumama,,,0,,,https://www.tripadvisor.com/Restaurant_Review-g30521-d3599403-Reviews-Gambino_s_Italian_Grill-Fairhope_Alabama.html#REVIEWS
"RESTAURANTMosaic Restaurant - Al Muroor4.94.9 of 5 bubbles(1,563 reviews)Abu Dhabi, United Arab Emirates",Al Thumama,,,0,,,https://www.tripadvisor.com/Restaurant_Review-g294013-d10430119-Reviews-Mosaic_Restaurant_Al_Muroor-Abu_Dhabi_Emirate_of_Abu_Dhabi.html
"(1,563 reviews)",Al Thumama,,,0,,,https://www.tripadvisor.com/Restaurant_Review-g294013-d10430119-Reviews-Mosaic_Restaurant_Al_Muroor-Abu_Dhabi_Emirate_of_Abu_Dhabi.html#REVIEWS
"RESTAURANTBahama Bob's Beach Side Cafe4.34.3 of 5 bubbles(2,412 reviews)Gulf Shores, Alabama",Al Thumama,,,0,,,https://www.tripadvisor.com/Restaurant_Review-g30582-d655775-Reviews-Bahama_Bob_s_Beach_Side_Cafe-Gulf_Shores_Alabama.html
"(2,412 reviews)",Al Thumama,,,0,,,https://www.tripadvisor.com/Restaurant_Review-g30582-d655775-Reviews-Bahama_Bob_s_Beach_Side_Cafe-Gulf_Shores_Alabama.html#REVIEWS
"RESTAURANTRistorante Miky4.44.4 of 5 bubbles(2,546 reviews)Monterosso al Mare, Italian Riviera, Italy",Al Thumama,,,0,,,https://www.tripadvisor.com/Restaurant_Review-g187820-d1111550-Reviews-Ristorante_Miky-Monterosso_al_Mare_Cinque_Terre_Italian_Riviera_Liguria.html
"(2,546 reviews)",Al Thumama,,,0,,,https://www.tripadvisor.com/Restaurant_Review-g187820-d1111550-Reviews-Ristorante_Miky-Monterosso_al_Mare_Cinque_Terre_Italian_Riviera_Liguria.html#REVIEWS
"RESTAURANTAl Khayma Heritage Restaurant & Cafe4.94.9 of 5 bubbles(1,653 reviews)Dubai, United Arab Emirates",Al Thumama,,,0,,,https://www.tripadvisor.com/Restaurant_Review-g295424-d23007236-Reviews-Al_Khayma_Heritage_Restaurant_Cafe-Dubai_Emirate_of_Dubai.html
"(1,653 reviews)",Al Thumama,,,0,,,https://www.tripadvisor.com/Restaurant_Review-g295424-d23007236-Reviews-Al_Khayma_Heritage_Restaurant_Cafe-Dubai_Emirate_of_Dubai.html#REVIEWS
"RESTAURANTAlbaik4.34.3 of 5 bubbles(1,685 reviews)Mecca, Saudi Arabia",Al Thumama,,,0,,,https://www.tripadvisor.com/Restaurant_Review-g293993-d788527-Reviews-Albaik-Mecca_Makkah_Province.html
"(1,685 reviews)",Al Thumama,,,0,,,https://www.tripadvisor.com/Restaurant_Review-g293993-d788527-Reviews-Albaik-Mecca_Makkah_Province.html#REVIEWS
"RESTAURANTAl Baik4.44.4 of 5 bubbles(2,396 reviews)Jeddah, Saudi Arabia",Al Thumama,,,0,,,https://www.tripadvisor.com/Restaurant_Review-g295419-d806681-Reviews-Al_Baik-Jeddah_Makkah_Province.html
"(2,396 reviews)",Al Thumama,,,0,,,https://www.tripadvisor.com/Restaurant_Review-g295419-d806681-Reviews-Al_Baik-Jeddah_Makkah_Province.html#REVIEWS
"RESTAURANTThe Rooms Restaurant4.74.7 of 5 bubbles(927 reviews)Tirana, Albania",Al Thumama,,,0,,,https://www.tripadvisor.com/Restaurant_Review-g294446-d8867438-Reviews-The_Rooms_Restaurant-Tirana_Tirana_County.html
(927 reviews),Al Thumama,,,0,,,https://www.tripadvisor.com/Restaurant_Review-g294446-d8867438-Reviews-The_Rooms_Restaurant-Tirana_Tirana_County.html#REVIEWS
"RESTAURANTAl Wadi Restaurant4.84.8 of 5 bubbles(5,630 reviews)Petra - Wadi Musa, Jordan",Al Thumama,,,0,,,https://www.tripadvisor.com/Restaurant_Review-g318895-d1191095-Reviews-Al_Wadi_Restaurant-Petra_Wadi_Musa_Ma_an_Governorate.html
"(5,630 reviews)",Al Thumama,,,0,,,https://www.tripadvisor.com/Restaurant_Review-g318895-d1191095-Reviews-Al_Wadi_Restaurant-Petra_Wadi_Musa_Ma_an_Governorate.html#REVIEWS
"RESTAURANTBurj Al Hamam4.94.9 of 5 bubbles(2,859 reviews)Amman, Jordan",Al Thumama,,,0,,,https://www.tripadvisor.com/Restaurant_Review-g293986-d1181235-Reviews-Burj_Al_Hamam-Amman_Amman_Governorate.html
"(2,859 reviews)",Al Thumama,,,0,,,https://www.tripadvisor.com/Restaurant_Review-g293986-d1181235-Reviews-Burj_Al_Hamam-Amman_Amman_Governorate.html#REVIEWS
"RESTAURANTAl Nafoura Lebanese Restaurant4.84.8 of 5 bubbles(1,192 reviews)Jakarta, Indonesia",Al Thumama,,,0,,,https://www.tripadvisor.com/Restaurant_Review-g294229-d862663-Reviews-Al_Nafoura_Lebanese_Restaurant-Jakarta_Java.html
"(1,192 reviews)",Al Thumama,,,0,,,https://www.tripadvisor.com/Restaurant_Review-g294229-d862663-Reviews-Al_Nafoura_Lebanese_Restaurant-Jakarta_Java.html#REVIEWS
"RESTAURANTRistorante Pizzeria Al Saraceno4.54.5 of 5 bubbles(2,025 reviews)Taormina, Italy",Al Thumama,,,0,,,https://www.tripadvisor.com/Restaurant_Review-g187892-d1023273-Reviews-Ristorante_Pizzeria_Al_Saraceno-Taormina_Province_of_Messina_Sicily.html
"(2,025 reviews)",Al Thumama,,,0,,,https://www.tripadvisor.com/Restaurant_Review-g187892-d1023273-Reviews-Ristorante_Pizzeria_Al_Saraceno-Taormina_Province_of_Messina_Sicily.html#REVIEWS
"RESTAURANTAl Boom Steak & Seafood Restaurant4.54.5 of 5 bubbles(217 reviews)Kuwait City, Kuwait",Al Thumama,,,0,,,https://www.tripadvisor.com/Restaurant_Review-g294003-d1101363-Reviews-Al_Boom_Steak_Seafood_Restaurant-Kuwait_City.html
(217 reviews),Al Thumama,,,0,,,https://www.tripadvisor.com/Restaurant_Review-g294003-d1101363-Reviews-Al_Boom_Steak_Seafood_Restaurant-Kuwait_City.html#REVIEWS
"RESTAURANTAl Frio y Al Fuego4.34.3 of 5 bubbles(1,468 reviews)Iquitos, Peru",Al Thumama,,,0,,,https://www.tripadvisor.com/Restaurant_Review-g294315-d2182172-Reviews-Al_Frio_y_Al_Fuego-Iquitos_Loreto_Region.html
"(1,468 reviews)",Al Thumama,,,0,,,https://www.tripadvisor.com/Restaurant_Review-g294315-d2182172-Reviews-Al_Frio_y_Al_Fuego-Iquitos_Loreto_Region.html#REVIEWS
"RESTAURANTAl Faro di Portofino Lounge Bar4.44.4 of 5 bubbles(782 reviews)Portofino, Italian Riviera, Italy",Al Thumama,,,0,,,https://www.tripadvisor.com/Restaurant_Review-g187825-d5861871-Reviews-Al_Faro_di_Portofino_Lounge_Bar-Portofino_Italian_Riviera_Liguria.html
(782 reviews),Al Thumama,,,0,,,https://www.tripadvisor.com/Restaurant_Review-g187825-d5861871-Reviews-Al_Faro_di_Portofino_Lounge_Bar-Portofino_Italian_Riviera_Liguria.html#REVIEWS
"RESTAURANTAl Punt4.64.6 of 5 bubbles(2,125 reviews)Cambrils, Costa Dorada, Spain",Al Thumama,,,0,,,https://www.tripadvisor.com/Restaurant_Review-g580328-d7258963-Reviews-Al_Punt-Cambrils_Baix_Camp_Costa_Dorada_Province_of_Tarragona_Catalonia.html
"(2,125 reviews)",Al Thumama,,,0,,,https://www.tripadvisor.com/Restaurant_Review-g580328-d7258963-Reviews-Al_Punt-Cambrils_Baix_Camp_Costa_Dorada_Province_of_Tarragona_Catalonia.html#REVIEWS
"RESTAURANTMataam Al Sharq4.84.8 of 5 bubbles(141 reviews)Jeddah, Saudi Arabia",Al Thumama,,,0,,,https://www.tripadvisor.com/Restaurant_Review-g295419-d7812156-Reviews-Mataam_Al_Sharq-Jeddah_Makkah_Province.html
(141 reviews),Al Thumama,,,0,,,https://www.tripadvisor.com/Restaurant_Review-g295419-d7812156-Reviews-Mataam_Al_Sharq-Jeddah_Makkah_Province.html#REVIEWS
"RESTAURANTAl-Sanbok Restaurant4.54.5 of 5 bubbles(941 reviews)Al Khobar, Saudi Arabia",Al Thumama,,,0,,,https://www.tripadvisor.com/Restaurant_Review-g298545-d1576305-Reviews-Al_Sanbok_Restaurant-Al_Khobar_Eastern_Province.html
(941 reviews),Al Thumama,,,0,,,https://www.tripadvisor.com/Restaurant_Review-g298545-d1576305-Reviews-Al_Sanbok_Restaurant-Al_Khobar_Eastern_Province.html#REVIEWS
"RESTAURANTIntercontinental Al Ferdaus4.74.7 of 5 bubbles(80 reviews)Jeddah, Saudi Arabia",Al Thumama,,,0,,,https://www.tripadvisor.com/Restaurant_Review-g295419-d2186966-Reviews-Intercontinental_Al_Ferdaus-Jeddah_Makkah_Province.html
(80 reviews),Al Thumama,,,0,,,https://www.tripadvisor.com/Restaurant_Review-g295419-d2186966-Reviews-Intercontinental_Al_Ferdaus-Jeddah_Makkah_Province.html#REVIEWS
"RESTAURANTAl Dawaar Revolving Restaurant4.84.8 of 5 bubbles(3,579 reviews)Dubai, United Arab Emirates",Al Thumama,,,0,,,https://www.tripadvisor.com/Restaurant_Review-g295424-d814928-Reviews-Al_Dawaar_Revolving_Restaurant-Dubai_Emirate_of_Dubai.html
"(3,579 reviews)",Al Thumama,,,0,,,https://www.tripadvisor.com/Restaurant_Review-g295424-d814928-Reviews-Al_Dawaar_Revolving_Restaurant-Dubai_Emirate_of_Dubai.html#REVIEWS
"RESTAURANTAl Sangiovese4.54.5 of 5 bubbles(2,455 reviews)Bologna, Emilia-Romagna, Italy",Al Thumama,,,0,,,https://www.tripadvisor.com/Restaurant_Review-g187801-d1550805-Reviews-Al_Sangiovese-Bologna_Province_of_Bologna_Emilia_Romagna.html
"(2,455 reviews)",Al Thumama,,,0,,,https://www.tripadvisor.com/Restaurant_Review-g187801-d1550805-Reviews-Al_Sangiovese-Bologna_Province_of_Bologna_Emilia_Romagna.html#REVIEWS
"RESTAURANTAl's Finger Licking Good Bar-B-Que4.64.6 of 5 bubbles(314 reviews)Tampa, Florida",Al Thumama,,,0,,,https://www.tripadvisor.com/Restaurant_Review-g34678-d1983995-Reviews-Al_s_Finger_Licking_Good_Bar_B_Que-Tampa_Florida.html
(314 reviews),Al Thumama,,,0,,,https://www.tripadvisor.com/Restaurant_Review-g34678-d1983995-Reviews-Al_s_Finger_Licking_Good_Bar_B_Que-Tampa_Florida.html#REVIEWS
"RESTAURANTMax's Restaurant - Al Sadd3.93.9 of 5 bubbles(73 reviews)Doha, Qatar7 mentions ofAl Sadd""…We had our brunch at Max’sAlSaddon January 8, 2026, around 11:00 AM.…""",Al Sadd,,,0,,,https://www.tripadvisor.com/Restaurant_Review-g294009-d9568711-Reviews-Max_s_Restaurant_Al_Sadd-Doha.html
(73 reviews),Al Sadd,,,0,,,https://www.tripadvisor.com/Restaurant_Review-g294009-d9568711-Reviews-Max_s_Restaurant_Al_Sadd-Doha.html#REVIEWS
"RESTAURANTAl Khaima Resturant4.14.1 of 5 bubbles(109 reviews)Doha, Qatar5 mentions ofAl Sadd""…Located in theAlSadddistrict, this place doesn't look like much from…""",Al Sadd,,,0,,,https://www.tripadvisor.com/Restaurant_Review-g294009-d3528768-Reviews-Al_Khaima_Resturant-Doha.html
(109 reviews),Al Sadd,,,0,,,https://www.tripadvisor.com/Restaurant_Review-g294009-d3528768-Reviews-Al_Khaima_Resturant-Doha.html#REVIEWS
"RESTAURANTAl Demashqi4.64.6 of 5 bubbles(12 reviews)Doha, Qatar",Al Sadd,,,0,,,https://www.tripadvisor.com/Restaurant_Review-g294009-d7110415-Reviews-Al_Demashqi-Doha.html
(12 reviews),Al Sadd,,,0,,,https://www.tripadvisor.com/Restaurant_Review-g294009-d7110415-Reviews-Al_Demashqi-Doha.html#REVIEWS
"RESTAURANTAl-Majles Al-Arabi4.04 of 5 bubbles(25 reviews)Doha, Qatar",Al Sadd,,,0,,,https://www.tripadvisor.com/Restaurant_Review-g294009-d7253644-Reviews-Al_Majles_Al_Arabi-Doha.html
(25 reviews),Al Sadd,,,0,,,https://www.tripadvisor.com/Restaurant_Review-g294009-d7253644-Reviews-Al_Majles_Al_Arabi-Doha.html#REVIEWS
"RESTAURANTAl Shami Home3.93.9 of 5 bubbles(79 reviews)Doha, Qatar",Al Sadd,,,0,,,https://www.tripadvisor.com/Restaurant_Review-g294009-d3510335-Reviews-Al_Shami_Home-Doha.html
(79 reviews),Al Sadd,,,0,,,https://www.tripadvisor.com/Restaurant_Review-g294009-d3510335-Reviews-Al_Shami_Home-Doha.html#REVIEWS
"RESTAURANTAl Mazaya Carthage Restaurant3.83.8 of 5 bubbles(6 reviews)Doha, Qatar1 mention ofAl Sadd""…I foundAlMazaya Carthage, an authentic Tunisian restaurant inAlSadd.…""",Al Sadd,,,0,,,https://www.tripadvisor.com/Restaurant_Review-g294009-d19298535-Reviews-Al_Mazaya_Carthage_Restaurant-Doha.html
(6 reviews),Al Sadd,,,0,,,https://www.tripadvisor.com/Restaurant_Review-g294009-d19298535-Reviews-Al_Mazaya_Carthage_Restaurant-Doha.html#REVIEWS
"RESTAURANTFive Guys3.83.8 of 5 bubbles(25 reviews)Al Daayen, Qatar1 mention ofAl Sadd""…Closest metro isAlSaddwhich is about a 10 minute walk away.…""",Al Sadd,,,0,,,https://www.tripadvisor.com/Restaurant_Review-g19681358-d12995510-Reviews-Five_Guys-Al_Daayen.html
(25 reviews),Al Sadd,,,0,,,https://www.tripadvisor.com/Restaurant_Review-g19681358-d12995510-Reviews-Five_Guys-Al_Daayen.html#REVIEWS
"RESTAURANTGrumpy's Italian Grill4.14.1 of 5 bubbles(64 reviews)Cullman, Alabama",Al Sadd,,,0,,,https://www.tripadvisor.com/Restaurant_Review-g30466-d3751573-Reviews-Grumpy_s_Italian_Grill-Cullman_Alabama.html
(64 reviews),Al Sadd,,,0,,,https://www.tripadvisor.com/Restaurant_Review-g30466-d3751573-Reviews-Grumpy_s_Italian_Grill-Cullman_Alabama.html#REVIEWS
"RESTAURANTTrattoria Al Gazzettino4.54.5 of 5 bubbles(17,738 reviews)Venice, Veneto, Italy",Al Sadd,,,0,,,https://www.tripadvisor.com/Restaurant_Review-g187870-d1510422-Reviews-Trattoria_Al_Gazzettino-Venice_Veneto.html
"(17,738 reviews)",Al Sadd,,,0,,,https://www.tripadvisor.com/Restaurant_Review-g187870-d1510422-Reviews-Trattoria_Al_Gazzettino-Venice_Veneto.html#REVIEWS
"RESTAURANTDa Enzo Al 294.34.3 of 5 bubbles(5,556 reviews)Rome, Lazio, Italy",Al Sadd,,,0,,,https://www.tripadvisor.com/Restaurant_Review-g187791-d2231399-Reviews-Da_Enzo_Al_29-Rome_Lazio.html
"(5,556 reviews)",Al Sadd,,,0,,,https://www.tripadvisor.com/Restaurant_Review-g187791-d2231399-Reviews-Da_Enzo_Al_29-Rome_Lazio.html#REVIEWS
"RESTAURANTAl Grill4.84.8 of 5 bubbles(1,307 reviews)Venice, Veneto, Italy",Al Sadd,,,0,,,https://www.tripadvisor.com/Restaurant_Review-g187870-d17577217-Reviews-Al_Grill-Venice_Veneto.html
"(1,307 reviews)",Al Sadd,,,0,,,https://www.tripadvisor.com/Restaurant_Review-g187870-d17577217-Reviews-Al_Grill-Venice_Veneto.html#REVIEWS
"RESTAURANTAl Khal Egyptian Restaurant4.94.9 of 5 bubbles(3,365 reviews)Cairo, Egypt",Al Sadd,,,0,,,https://www.tripadvisor.com/Restaurant_Review-g294201-d2715802-Reviews-Al_Khal_Egyptian_Restaurant-Cairo_Cairo_Governorate.html
"(3,365 reviews)",Al Sadd,,,0,,,https://www.tripadvisor.com/Restaurant_Review-g294201-d2715802-Reviews-Al_Khal_Egyptian_Restaurant-Cairo_Cairo_Governorate.html#REVIEWS
"RESTAURANTL'Ancora Della Tortuga4.44.4 of 5 bubbles(1,875 reviews)Monterosso al Mare, Italian Riviera, Italy",Al Sadd,,,0,,,https://www.tripadvisor.com/Restaurant_Review-g187820-d1111538-Reviews-L_Ancora_Della_Tortuga-Monterosso_al_Mare_Cinque_Terre_Italian_Riviera_Liguria.html
"(1,875 reviews)",Al Sadd,,,0,,,https://www.tripadvisor.com/Restaurant_Review-g187820-d1111538-Reviews-L_Ancora_Della_Tortuga-Monterosso_al_Mare_Cinque_Terre_Italian_Riviera_Liguria.html#REVIEWS
"RESTAURANTZaitouna4.94.9 of 5 bubbles(1,773 reviews)Ras Al Khaimah, United Arab Emirates",Al Sadd,,,0,,,https://www.tripadvisor.com/Restaurant_Review-g298063-d7619379-Reviews-Zaitouna-Ras_Al_Khaimah_Emirate_of_Ras_Al_Khaimah.html
"(1,773 reviews)",Al Sadd,,,0,,,https://www.tripadvisor.com/Restaurant_Review-g298063-d7619379-Reviews-Zaitouna-Ras_Al_Khaimah_Emirate_of_Ras_Al_Khaimah.html#REVIEWS
"RESTAURANTGambino's Italian Grill4.84.8 of 5 bubbles(2,572 reviews)Fairhope, Alabama",Al Sadd,,,0,,,https://www.tripadvisor.com/Restaurant_Review-g30521-d3599403-Reviews-Gambino_s_Italian_Grill-Fairhope_Alabama.html
"(2,572 reviews)",Al Sadd,,,0,,,https://www.tripadvisor.com/Restaurant_Review-g30521-d3599403-Reviews-Gambino_s_Italian_Grill-Fairhope_Alabama.html#REVIEWS
"RESTAURANTFish River Grill4.54.5 of 5 bubbles(981 reviews)Gulf Shores, Alabama",Al Sadd,,,0,,,https://www.tripadvisor.com/Restaurant_Review-g30582-d8002427-Reviews-Fish_River_Grill-Gulf_Shores_Alabama.html
(981 reviews),Al Sadd,,,0,,,https://www.tripadvisor.com/Restaurant_Review-g30582-d8002427-Reviews-Fish_River_Grill-Gulf_Shores_Alabama.html#REVIEWS
"RESTAURANTBahama Bob's Beach Side Cafe4.34.3 of 5 bubbles(2,412 reviews)Gulf Shores, Alabama",Al Sadd,,,0,,,https://www.tripadvisor.com/Restaurant_Review-g30582-d655775-Reviews-Bahama_Bob_s_Beach_Side_Cafe-Gulf_Shores_Alabama.html
"(2,412 reviews)",Al Sadd,,,0,,,https://www.tripadvisor.com/Restaurant_Review-g30582-d655775-Reviews-Bahama_Bob_s_Beach_Side_Cafe-Gulf_Shores_Alabama.html#REVIEWS
"RESTAURANTRistorante Miky4.44.4 of 5 bubbles(2,546 reviews)Monterosso al Mare, Italian Riviera, Italy",Al Sadd,,,0,,,https://www.tripadvisor.com/Restaurant_Review-g187820-d1111550-Reviews-Ristorante_Miky-Monterosso_al_Mare_Cinque_Terre_Italian_Riviera_Liguria.html
"(2,546 reviews)",Al Sadd,,,0,,,https://www.tripadvisor.com/Restaurant_Review-g187820-d1111550-Reviews-Ristorante_Miky-Monterosso_al_Mare_Cinque_Terre_Italian_Riviera_Liguria.html#REVIEWS
"RESTAURANTMosaic Restaurant - Al Muroor4.94.9 of 5 bubbles(1,563 reviews)Abu Dhabi, United Arab Emirates",Al Sadd,,,0,,,https://www.tripadvisor.com/Restaurant_Review-g294013-d10430119-Reviews-Mosaic_Restaurant_Al_Muroor-Abu_Dhabi_Emirate_of_Abu_Dhabi.html
"(1,563 reviews)",Al Sadd,,,0,,,https://www.tripadvisor.com/Restaurant_Review-g294013-d10430119-Reviews-Mosaic_Restaurant_Al_Muroor-Abu_Dhabi_Emirate_of_Abu_Dhabi.html#REVIEWS
"RESTAURANTAl Khayma Heritage Restaurant & Cafe4.94.9 of 5 bubbles(1,653 reviews)Dubai, United Arab Emirates",Al Sadd,,,0,,,https://www.tripadvisor.com/Restaurant_Review-g295424-d23007236-Reviews-Al_Khayma_Heritage_Restaurant_Cafe-Dubai_Emirate_of_Dubai.html
"(1,653 reviews)",Al Sadd,,,0,,,https://www.tripadvisor.com/Restaurant_Review-g295424-d23007236-Reviews-Al_Khayma_Heritage_Restaurant_Cafe-Dubai_Emirate_of_Dubai.html#REVIEWS
"RESTAURANTAlbaik4.34.3 of 5 bubbles(1,685 reviews)Mecca, Saudi Arabia",Al Sadd,,,0,,,https://www.tripadvisor.com/Restaurant_Review-g293993-d788527-Reviews-Albaik-Mecca_Makkah_Province.html
"(1,685 reviews)",Al Sadd,,,0,,,https://www.tripadvisor.com/Restaurant_Review-g293993-d788527-Reviews-Albaik-Mecca_Makkah_Province.html#REVIEWS
"RESTAURANTAl Baik4.44.4 of 5 bubbles(2,396 reviews)Jeddah, Saudi Arabia",Al Sadd,,,0,,,https://www.tripadvisor.com/Restaurant_Review-g295419-d806681-Reviews-Al_Baik-Jeddah_Makkah_Province.html
"(2,396 reviews)",Al Sadd,,,0,,,https://www.tripadvisor.com/Restaurant_Review-g295419-d806681-Reviews-Al_Baik-Jeddah_Makkah_Province.html#REVIEWS
"RESTAURANTThe Rooms Restaurant4.74.7 of 5 bubbles(927 reviews)Tirana, Albania",Al Sadd,,,0,,,https://www.tripadvisor.com/Restaurant_Review-g294446-d8867438-Reviews-The_Rooms_Restaurant-Tirana_Tirana_County.html
(927 reviews),Al Sadd,,,0,,,https://www.tripadvisor.com/Restaurant_Review-g294446-d8867438-Reviews-The_Rooms_Restaurant-Tirana_Tirana_County.html#REVIEWS
"RESTAURANTAl Nafoura Lebanese Restaurant4.84.8 of 5 bubbles(1,192 reviews)Jakarta, Indonesia",Al Sadd,,,0,,,https://www.tripadvisor.com/Restaurant_Review-g294229-d862663-Reviews-Al_Nafoura_Lebanese_Restaurant-Jakarta_Java.html
"(1,192 reviews)",Al Sadd,,,0,,,https://www.tripadvisor.com/Restaurant_Review-g294229-d862663-Reviews-Al_Nafoura_Lebanese_Restaurant-Jakarta_Java.html#REVIEWS
"RESTAURANTBurj Al Hamam4.94.9 of 5 bubbles(2,859 reviews)Amman, Jordan",Al Sadd,,,0,,,https://www.tripadvisor.com/Restaurant_Review-g293986-d1181235-Reviews-Burj_Al_Hamam-Amman_Amman_Governorate.html
"(2,859 reviews)",Al Sadd,,,0,,,https://www.tripadvisor.com/Restaurant_Review-g293986-d1181235-Reviews-Burj_Al_Hamam-Amman_Amman_Governorate.html#REVIEWS
"RESTAURANTRistorante Pizzeria Al Saraceno4.54.5 of 5 bubbles(2,025 reviews)Taormina, Italy",Al Sadd,,,0,,,https://www.tripadvisor.com/Restaurant_Review-g187892-d1023273-Reviews-Ristorante_Pizzeria_Al_Saraceno-Taormina_Province_of_Messina_Sicily.html
"(2,025 reviews)",Al Sadd,,,0,,,https://www.tripadvisor.com/Restaurant_Review-g187892-d1023273-Reviews-Ristorante_Pizzeria_Al_Saraceno-Taormina_Province_of_Messina_Sicily.html#REVIEWS
"RESTAURANTAl Wadi Restaurant4.84.8 of 5 bubbles(5,630 reviews)Petra - Wadi Musa, Jordan",Al Sadd,,,0,,,https://www.tripadvisor.com/Restaurant_Review-g318895-d1191095-Reviews-Al_Wadi_Restaurant-Petra_Wadi_Musa_Ma_an_Governorate.html
"(5,630 reviews)",Al Sadd,,,0,,,https://www.tripadvisor.com/Restaurant_Review-g318895-d1191095-Reviews-Al_Wadi_Restaurant-Petra_Wadi_Musa_Ma_an_Governorate.html#REVIEWS
"RESTAURANTAl Boom Steak & Seafood Restaurant4.54.5 of 5 bubbles(217 reviews)Kuwait City, Kuwait",Al Sadd,,,0,,,https://www.tripadvisor.com/Restaurant_Review-g294003-d1101363-Reviews-Al_Boom_Steak_Seafood_Restaurant-Kuwait_City.html
(217 reviews),Al Sadd,,,0,,,https://www.tripadvisor.com/Restaurant_Review-g294003-d1101363-Reviews-Al_Boom_Steak_Seafood_Restaurant-Kuwait_City.html#REVIEWS
"RESTAURANTAl Punt4.64.6 of 5 bubbles(2,125 reviews)Cambrils, Costa Dorada, Spain",Al Sadd,,,0,,,https://www.tripadvisor.com/Restaurant_Review-g580328-d7258963-Reviews-Al_Punt-Cambrils_Baix_Camp_Costa_Dorada_Province_of_Tarragona_Catalonia.html
"(2,125 reviews)",Al Sadd,,,0,,,https://www.tripadvisor.com/Restaurant_Review-g580328-d7258963-Reviews-Al_Punt-Cambrils_Baix_Camp_Costa_Dorada_Province_of_Tarragona_Catalonia.html#REVIEWS
"RESTAURANTAl Faro di Portofino Lounge Bar4.44.4 of 5 bubbles(782 reviews)Portofino, Italian Riviera, Italy",Al Sadd,,,0,,,https://www.tripadvisor.com/Restaurant_Review-g187825-d5861871-Reviews-Al_Faro_di_Portofino_Lounge_Bar-Portofino_Italian_Riviera_Liguria.html
(782 reviews),Al Sadd,,,0,,,https://www.tripadvisor.com/Restaurant_Review-g187825-d5861871-Reviews-Al_Faro_di_Portofino_Lounge_Bar-Portofino_Italian_Riviera_Liguria.html#REVIEWS
"RESTAURANTVapiano Bin MahmoudDoha, Qatar",Bin Mahmoud,,,0,,,https://www.tripadvisor.com/Restaurant_Review-g294009-d24892132-Reviews-Vapiano_Bin_Mahmoud-Doha.html
"RESTAURANTMahmoud’s4.34.3 of 5 bubbles(83 reviews)Heidelberg, Baden-Württemberg, Germany",Bin Mahmoud,,,0,,,https://www.tripadvisor.com/Restaurant_Review-g187286-d11959899-Reviews-Mahmoud_s-Heidelberg_Baden_Wurttemberg.html
(83 reviews),Bin Mahmoud,,,0,,,https://www.tripadvisor.com/Restaurant_Review-g187286-d11959899-Reviews-Mahmoud_s-Heidelberg_Baden_Wurttemberg.html#REVIEWS
"RESTAURANTMahmoud's4.14.1 of 5 bubbles(71 reviews)Heidelberg, Baden-Württemberg, Germany",Bin Mahmoud,,,0,,,https://www.tripadvisor.com/Restaurant_Review-g187286-d9695237-Reviews-Mahmoud_s-Heidelberg_Baden_Wurttemberg.html
(71 reviews),Bin Mahmoud,,,0,,,https://www.tripadvisor.com/Restaurant_Review-g187286-d9695237-Reviews-Mahmoud_s-Heidelberg_Baden_Wurttemberg.html#REVIEWS
"RESTAURANTMahmoud's Shawarma4.44.4 of 5 bubbles(5 reviews)Bangkok, Thailand",Bin Mahmoud,,,0,,,https://www.tripadvisor.com/Restaurant_Review-g293916-d13204616-Reviews-Mahmoud_s_Shawarma-Bangkok.html
(5 reviews),Bin Mahmoud,,,0,,,https://www.tripadvisor.com/Restaurant_Review-g293916-d13204616-Reviews-Mahmoud_s_Shawarma-Bangkok.html#REVIEWS
"RESTAURANTBin's4.54.5 of 5 bubbles(14 reviews)Wynne, Arkansas",Bin Mahmoud,,,0,,,https://www.tripadvisor.com/Restaurant_Review-g32031-d10081365-Reviews-Bin_s-Wynne_Arkansas.html
(14 reviews),Bin Mahmoud,,,0,,,https://www.tripadvisor.com/Restaurant_Review-g32031-d10081365-Reviews-Bin_s-Wynne_Arkansas.html#REVIEWS
"RESTAURANTBin 100 Restaurant4.44.4 of 5 bubbles(416 reviews)Milford, Connecticut",Bin Mahmoud,,,0,,,https://www.tripadvisor.com/Restaurant_Review-g33838-d926547-Reviews-Bin_100_Restaurant-Milford_Connecticut.html
(416 reviews),Bin Mahmoud,,,0,,,https://www.tripadvisor.com/Restaurant_Review-g33838-d926547-Reviews-Bin_100_Restaurant-Milford_Connecticut.html#REVIEWS
"RESTAURANTBin 707 Foodbar4.54.5 of 5 bubbles(1,124 reviews)Grand Junction, Colorado",Bin Mahmoud,,,0,,,https://www.tripadvisor.com/Restaurant_Review-g33450-d2078105-Reviews-Bin_707_Foodbar-Grand_Junction_Colorado.html
"(1,124 reviews)",Bin Mahmoud,,,0,,,https://www.tripadvisor.com/Restaurant_Review-g33450-d2078105-Reviews-Bin_707_Foodbar-Grand_Junction_Colorado.html#REVIEWS
"RESTAURANTBin224.74.7 of 5 bubbles(1,183 reviews)Jackson, Wyoming",Bin Mahmoud,,,0,,,https://www.tripadvisor.com/Restaurant_Review-g60491-d3754665-Reviews-Bin22-Jackson_Jackson_Hole_Wyoming.html
"(1,183 reviews)",Bin Mahmoud,,,0,,,https://www.tripadvisor.com/Restaurant_Review-g60491-d3754665-Reviews-Bin22-Jackson_Jackson_Hole_Wyoming.html#REVIEWS
"RESTAURANTThe Vin Bin Cafe4.64.6 of 5 bubbles(103 reviews)Marlborough, Massachusetts",Bin Mahmoud,,,0,,,https://www.tripadvisor.com/Restaurant_Review-g41662-d4711959-Reviews-The_Vin_Bin_Cafe-Marlborough_Massachusetts.html
(103 reviews),Bin Mahmoud,,,0,,,https://www.tripadvisor.com/Restaurant_Review-g41662-d4711959-Reviews-The_Vin_Bin_Cafe-Marlborough_Massachusetts.html#REVIEWS
"RESTAURANTBin 3034.44.4 of 5 bubbles(238 reviews)Rockwall, Texas",Bin Mahmoud,,,0,,,https://www.tripadvisor.com/Restaurant_Review-g56567-d1599617-Reviews-Bin_303-Rockwall_Texas.html
(238 reviews),Bin Mahmoud,,,0,,,https://www.tripadvisor.com/Restaurant_Review-g56567-d1599617-Reviews-Bin_303-Rockwall_Texas.html#REVIEWS
"RESTAURANTBin 7024.64.6 of 5 bubbles(109 reviews)Las Vegas, Nevada",Bin Mahmoud,,,0,,,https://www.tripadvisor.com/Restaurant_Review-g45963-d7174420-Reviews-Bin_702-Las_Vegas_Nevada.html
(109 reviews),Bin Mahmoud,,,0,,,https://www.tripadvisor.com/Restaurant_Review-g45963-d7174420-Reviews-Bin_702-Las_Vegas_Nevada.html#REVIEWS
"RESTAURANTBin Jabir Restaurant4.84.8 of 5 bubbles(343 reviews)Matemwe, Tanzania",Bin Mahmoud,,,0,,,https://www.tripadvisor.com/Restaurant_Review-g616017-d14935752-Reviews-Bin_Jabir_Restaurant-Matemwe_Zanzibar_Island_Zanzibar_Archipelago.html
(343 reviews),Bin Mahmoud,,,0,,,https://www.tripadvisor.com/Restaurant_Review-g616017-d14935752-Reviews-Bin_Jabir_Restaurant-Matemwe_Zanzibar_Island_Zanzibar_Archipelago.html#REVIEWS
"RESTAURANTBin 4 Burger Lounge4.34.3 of 5 bubbles(203 reviews)Victoria, British Columbia, Canada",Bin Mahmoud,,,0,,,https://www.tripadvisor.com/Restaurant_Review-g154945-d8037690-Reviews-Bin_4_Burger_Lounge-Victoria_Victoria_Capital_Regional_District_Vancouver_Island_.html
(203 reviews),Bin Mahmoud,,,0,,,https://www.tripadvisor.com/Restaurant_Review-g154945-d8037690-Reviews-Bin_4_Burger_Lounge-Victoria_Victoria_Capital_Regional_District_Vancouver_Island_.html#REVIEWS
"RESTAURANTbin 4 burger lounge4.34.3 of 5 bubbles(486 reviews)Victoria, British Columbia, Canada",Bin Mahmoud,,,0,,,https://www.tripadvisor.com/Restaurant_Review-g154945-d2440345-Reviews-Bin_4_burger_lounge-Victoria_Victoria_Capital_Regional_District_Vancouver_Island_.html
(486 reviews),Bin Mahmoud,,,0,,,https://www.tripadvisor.com/Restaurant_Review-g154945-d2440345-Reviews-Bin_4_burger_lounge-Victoria_Victoria_Capital_Regional_District_Vancouver_Island_.html#REVIEWS
"RESTAURANTTin Bin Alley4.54.5 of 5 bubbles(42 reviews)Cooperstown, New York",Bin Mahmoud,,,0,,,https://www.tripadvisor.com/Restaurant_Review-g47529-d8368929-Reviews-Tin_Bin_Alley-Cooperstown_Otsego_Otsego_County_New_York.html
(42 reviews),Bin Mahmoud,,,0,,,https://www.tripadvisor.com/Restaurant_Review-g47529-d8368929-Reviews-Tin_Bin_Alley-Cooperstown_Otsego_Otsego_County_New_York.html#REVIEWS
"RESTAURANTBin77 Bistro & Sidebar4.44.4 of 5 bubbles(76 reviews)Baton Rouge, Louisiana",Bin Mahmoud,,,0,,,https://www.tripadvisor.com/Restaurant_Review-g40024-d3207127-Reviews-Bin77_Bistro_Sidebar-Baton_Rouge_Louisiana.html
(76 reviews),Bin Mahmoud,,,0,,,https://www.tripadvisor.com/Restaurant_Review-g40024-d3207127-Reviews-Bin77_Bistro_Sidebar-Baton_Rouge_Louisiana.html#REVIEWS
"RESTAURANTThe Looney Bin4.64.6 of 5 bubbles(55 reviews)Laconia, New Hampshire",Bin Mahmoud,,,0,,,https://www.tripadvisor.com/Restaurant_Review-g46134-d4183925-Reviews-The_Looney_Bin-Laconia_New_Hampshire.html
(55 reviews),Bin Mahmoud,,,0,,,https://www.tripadvisor.com/Restaurant_Review-g46134-d4183925-Reviews-The_Looney_Bin-Laconia_New_Hampshire.html#REVIEWS
"RESTAURANTThe Grain Bin Restaurant4.34.3 of 5 bubbles(83 reviews)Chanute, Kansas",Bin Mahmoud,,,0,,,https://www.tripadvisor.com/Restaurant_Review-g38618-d3914489-Reviews-The_Grain_Bin_Restaurant-Chanute_Kansas.html
(83 reviews),Bin Mahmoud,,,0,,,https://www.tripadvisor.com/Restaurant_Review-g38618-d3914489-Reviews-The_Grain_Bin_Restaurant-Chanute_Kansas.html#REVIEWS
"RESTAURANTThe Bagel Bin4.74.7 of 5 bubbles(29 reviews)Omaha, Nebraska",Bin Mahmoud,,,0,,,https://www.tripadvisor.com/Restaurant_Review-g60885-d6973554-Reviews-The_Bagel_Bin-Omaha_Nebraska.html
(29 reviews),Bin Mahmoud,,,0,,,https://www.tripadvisor.com/Restaurant_Review-g60885-d6973554-Reviews-The_Bagel_Bin-Omaha_Nebraska.html#REVIEWS
"RESTAURANTBin 1524.64.6 of 5 bubbles(232 reviews)Charleston, South Carolina",Bin Mahmoud,,,0,,,https://www.tripadvisor.com/Restaurant_Review-g54171-d2372015-Reviews-Bin_152-Charleston_South_Carolina.html
(232 reviews),Bin Mahmoud,,,0,,,https://www.tripadvisor.com/Restaurant_Review-g54171-d2372015-Reviews-Bin_152-Charleston_South_Carolina.html#REVIEWS
"RESTAURANTBin 54 Steak & Cellar4.14.1 of 5 bubbles(198 reviews)Chapel Hill, North Carolina",Bin Mahmoud,,,0,,,https://www.tripadvisor.com/Restaurant_Review-g49021-d821289-Reviews-Bin_54_Steak_Cellar-Chapel_Hill_North_Carolina.html
(198 reviews),Bin Mahmoud,,,0,,,https://www.tripadvisor.com/Restaurant_Review-g49021-d821289-Reviews-Bin_54_Steak_Cellar-Chapel_Hill_North_Carolina.html#REVIEWS
"RESTAURANTThe Vin Bin4.44.4 of 5 bubbles(29 reviews)Southborough, Massachusetts",Bin Mahmoud,,,0,,,https://www.tripadvisor.com/Restaurant_Review-g41843-d8311232-Reviews-The_Vin_Bin-Southborough_Massachusetts.html
(29 reviews),Bin Mahmoud,,,0,,,https://www.tripadvisor.com/Restaurant_Review-g41843-d8311232-Reviews-The_Vin_Bin-Southborough_Massachusetts.html#REVIEWS
"RESTAURANTBin 4 Burger Lounge Vancouver4.34.3 of 5 bubbles(80 reviews)Vancouver, British Columbia, Canada",Bin Mahmoud,,,0,,,https://www.tripadvisor.com/Restaurant_Review-g154943-d13330828-Reviews-Bin_4_Burger_Lounge_Vancouver-Vancouver_British_Columbia.html
(80 reviews),Bin Mahmoud,,,0,,,https://www.tripadvisor.com/Restaurant_Review-g154943-d13330828-Reviews-Bin_4_Burger_Lounge_Vancouver-Vancouver_British_Columbia.html#REVIEWS
"RESTAURANTBin 894.24.2 of 5 bubbles(121 reviews)Broadbeach, Queensland, Australia",Bin Mahmoud,,,0,,,https://www.tripadvisor.com/Restaurant_Review-g658842-d10247545-Reviews-Bin_89-Broadbeach_Gold_Coast_Queensland.html
(121 reviews),Bin Mahmoud,,,0,,,https://www.tripadvisor.com/Restaurant_Review-g658842-d10247545-Reviews-Bin_89-Broadbeach_Gold_Coast_Queensland.html#REVIEWS
"RESTAURANTBin 4 Burger Lounge4.14.1 of 5 bubbles(200 reviews)Victoria, British Columbia, Canada",Bin Mahmoud,,,0,,,https://www.tripadvisor.com/Restaurant_Review-g154945-d3932854-Reviews-Bin_4_Burger_Lounge-Victoria_Victoria_Capital_Regional_District_Vancouver_Island_.html
(200 reviews),Bin Mahmoud,,,0,,,https://www.tripadvisor.com/Restaurant_Review-g154945-d3932854-Reviews-Bin_4_Burger_Lounge-Victoria_Victoria_Capital_Regional_District_Vancouver_Island_.html#REVIEWS
"RESTAURANTBIN 2164.14.1 of 5 bubbles(78 reviews)Cleveland, Ohio",Bin Mahmoud,,,0,,,https://www.tripadvisor.com/Restaurant_Review-g50207-d6900559-Reviews-BIN_216-Cleveland_Ohio.html
(78 reviews),Bin Mahmoud,,,0,,,https://www.tripadvisor.com/Restaurant_Review-g50207-d6900559-Reviews-BIN_216-Cleveland_Ohio.html#REVIEWS
"RESTAURANTBin 2324.24.2 of 5 bubbles(162 reviews)Broadbeach, Queensland, Australia",Bin Mahmoud,,,0,,,https://www.tripadvisor.com/Restaurant_Review-g658842-d8835876-Reviews-Bin_232-Broadbeach_Gold_Coast_Queensland.html
(162 reviews),Bin Mahmoud,,,0,,,https://www.tripadvisor.com/Restaurant_Review-g658842-d8835876-Reviews-Bin_232-Broadbeach_Gold_Coast_Queensland.html#REVIEWS
"RESTAURANTBin 14 Bistro and Wine Bar3.93.9 of 5 bubbles(123 reviews)Hoboken, New Jersey",Bin Mahmoud,,,0,,,https://www.tripadvisor.com/Restaurant_Review-g46515-d1237614-Reviews-Bin_14_Bistro_and_Wine_Bar-Hoboken_New_Jersey.html
(123 reviews),Bin Mahmoud,,,0,,,https://www.tripadvisor.com/Restaurant_Review-g46515-d1237614-Reviews-Bin_14_Bistro_and_Wine_Bar-Hoboken_New_Jersey.html#REVIEWS
"RESTAURANTBin 35 Bistro4.64.6 of 5 bubbles(45 reviews)Tulsa, Oklahoma",Bin Mahmoud,,,0,,,https://www.tripadvisor.com/Restaurant_Review-g51697-d10367038-Reviews-Bin_35_Bistro-Tulsa_Oklahoma.html
(45 reviews),Bin Mahmoud,,,0,,,https://www.tripadvisor.com/Restaurant_Review-g51697-d10367038-Reviews-Bin_35_Bistro-Tulsa_Oklahoma.html#REVIEWS
"RESTAURANTBin 714.44.4 of 5 bubbles(45 reviews)New York City, New York",Bin Mahmoud,,,0,,,https://www.tripadvisor.com/Restaurant_Review-g60763-d2518619-Reviews-Bin_71-New_York_City_New_York.html
(45 reviews),Bin Mahmoud,,,0,,,https://www.tripadvisor.com/Restaurant_Review-g60763-d2518619-Reviews-Bin_71-New_York_City_New_York.html#REVIEWS
"RESTAURANTLittle Sailor | MuaitherDoha, Qatar",Muaither,,,0,,,https://www.tripadvisor.com/Restaurant_Review-g294009-d25090461-Reviews-Little_Sailor_Muaither-Doha.html
"RESTAURANTYellow Cab Pizza MuaitherDoha, Qatar",Muaither,,,0,,,https://www.tripadvisor.com/Restaurant_Review-g294009-d23217247-Reviews-Yellow_Cab_Pizza_Muaither-Doha.html
"RESTAURANTAl Bait AL kuwaiti4.14.1 of 5 bubbles(22 reviews)Doha, Qatar",Al Gharrafa,,,0,,,https://www.tripadvisor.com/Restaurant_Review-g294009-d8134714-Reviews-Al_Bait_AL_kuwaiti-Doha.html
(22 reviews),Al Gharrafa,,,0,,,https://www.tripadvisor.com/Restaurant_Review-g294009-d8134714-Reviews-Al_Bait_AL_kuwaiti-Doha.html#REVIEWS
"RESTAURANTAl Aker Sweets4.44.4 of 5 bubbles(106 reviews)Doha, Qatar",Al Gharrafa,,,0,,,https://www.tripadvisor.com/Restaurant_Review-g294009-d6631108-Reviews-Al_Aker_Sweets-Doha.html
(106 reviews),Al Gharrafa,,,0,,,https://www.tripadvisor.com/Restaurant_Review-g294009-d6631108-Reviews-Al_Aker_Sweets-Doha.html#REVIEWS
"RESTAURANTTrattoria Al Gazzettino4.54.5 of 5 bubbles(17,738 reviews)Venice, Veneto, Italy",Al Gharrafa,,,0,,,https://www.tripadvisor.com/Restaurant_Review-g187870-d1510422-Reviews-Trattoria_Al_Gazzettino-Venice_Veneto.html
"(17,738 reviews)",Al Gharrafa,,,0,,,https://www.tripadvisor.com/Restaurant_Review-g187870-d1510422-Reviews-Trattoria_Al_Gazzettino-Venice_Veneto.html#REVIEWS
"RESTAURANTDa Enzo Al 294.34.3 of 5 bubbles(5,556 reviews)Rome, Lazio, Italy",Al Gharrafa,,,0,,,https://www.tripadvisor.com/Restaurant_Review-g187791-d2231399-Reviews-Da_Enzo_Al_29-Rome_Lazio.html
"(5,556 reviews)",Al Gharrafa,,,0,,,https://www.tripadvisor.com/Restaurant_Review-g187791-d2231399-Reviews-Da_Enzo_Al_29-Rome_Lazio.html#REVIEWS
"RESTAURANTAl Grill4.84.8 of 5 bubbles(1,307 reviews)Venice, Veneto, Italy",Al Gharrafa,,,0,,,https://www.tripadvisor.com/Restaurant_Review-g187870-d17577217-Reviews-Al_Grill-Venice_Veneto.html
"(1,307 reviews)",Al Gharrafa,,,0,,,https://www.tripadvisor.com/Restaurant_Review-g187870-d17577217-Reviews-Al_Grill-Venice_Veneto.html#REVIEWS
"RESTAURANTAl Khal Egyptian Restaurant4.94.9 of 5 bubbles(3,365 reviews)Cairo, Egypt",Al Gharrafa,,,0,,,https://www.tripadvisor.com/Restaurant_Review-g294201-d2715802-Reviews-Al_Khal_Egyptian_Restaurant-Cairo_Cairo_Governorate.html
"(3,365 reviews)",Al Gharrafa,,,0,,,https://www.tripadvisor.com/Restaurant_Review-g294201-d2715802-Reviews-Al_Khal_Egyptian_Restaurant-Cairo_Cairo_Governorate.html#REVIEWS
"RESTAURANTL'Ancora Della Tortuga4.44.4 of 5 bubbles(1,875 reviews)Monterosso al Mare, Italian Riviera, Italy",Al Gharrafa,,,0,,,https://www.tripadvisor.com/Restaurant_Review-g187820-d1111538-Reviews-L_Ancora_Della_Tortuga-Monterosso_al_Mare_Cinque_Terre_Italian_Riviera_Liguria.html
"(1,875 reviews)",Al Gharrafa,,,0,,,https://www.tripadvisor.com/Restaurant_Review-g187820-d1111538-Reviews-L_Ancora_Della_Tortuga-Monterosso_al_Mare_Cinque_Terre_Italian_Riviera_Liguria.html#REVIEWS
"RESTAURANTZaitouna4.94.9 of 5 bubbles(1,773 reviews)Ras Al Khaimah, United Arab Emirates",Al Gharrafa,,,0,,,https://www.tripadvisor.com/Restaurant_Review-g298063-d7619379-Reviews-Zaitouna-Ras_Al_Khaimah_Emirate_of_Ras_Al_Khaimah.html
"(1,773 reviews)",Al Gharrafa,,,0,,,https://www.tripadvisor.com/Restaurant_Review-g298063-d7619379-Reviews-Zaitouna-Ras_Al_Khaimah_Emirate_of_Ras_Al_Khaimah.html#REVIEWS
"RESTAURANTGambino's Italian Grill4.84.8 of 5 bubbles(2,572 reviews)Fairhope, Alabama",Al Gharrafa,,,0,,,https://www.tripadvisor.com/Restaurant_Review-g30521-d3599403-Reviews-Gambino_s_Italian_Grill-Fairhope_Alabama.html
"(2,572 reviews)",Al Gharrafa,,,0,,,https://www.tripadvisor.com/Restaurant_Review-g30521-d3599403-Reviews-Gambino_s_Italian_Grill-Fairhope_Alabama.html#REVIEWS
"RESTAURANTFish River Grill4.54.5 of 5 bubbles(981 reviews)Gulf Shores, Alabama",Al Gharrafa,,,0,,,https://www.tripadvisor.com/Restaurant_Review-g30582-d8002427-Reviews-Fish_River_Grill-Gulf_Shores_Alabama.html
(981 reviews),Al Gharrafa,,,0,,,https://www.tripadvisor.com/Restaurant_Review-g30582-d8002427-Reviews-Fish_River_Grill-Gulf_Shores_Alabama.html#REVIEWS
"RESTAURANTBahama Bob's Beach Side Cafe4.34.3 of 5 bubbles(2,412 reviews)Gulf Shores, Alabama",Al Gharrafa,,,0,,,https://www.tripadvisor.com/Restaurant_Review-g30582-d655775-Reviews-Bahama_Bob_s_Beach_Side_Cafe-Gulf_Shores_Alabama.html
"(2,412 reviews)",Al Gharrafa,,,0,,,https://www.tripadvisor.com/Restaurant_Review-g30582-d655775-Reviews-Bahama_Bob_s_Beach_Side_Cafe-Gulf_Shores_Alabama.html#REVIEWS
"RESTAURANTRistorante Miky4.44.4 of 5 bubbles(2,546 reviews)Monterosso al Mare, Italian Riviera, Italy",Al Gharrafa,,,0,,,https://www.tripadvisor.com/Restaurant_Review-g187820-d1111550-Reviews-Ristorante_Miky-Monterosso_al_Mare_Cinque_Terre_Italian_Riviera_Liguria.html
"(2,546 reviews)",Al Gharrafa,,,0,,,https://www.tripadvisor.com/Restaurant_Review-g187820-d1111550-Reviews-Ristorante_Miky-Monterosso_al_Mare_Cinque_Terre_Italian_Riviera_Liguria.html#REVIEWS
"RESTAURANTMosaic Restaurant - Al Muroor4.94.9 of 5 bubbles(1,563 reviews)Abu Dhabi, United Arab Emirates",Al Gharrafa,,,0,,,https://www.tripadvisor.com/Restaurant_Review-g294013-d10430119-Reviews-Mosaic_Restaurant_Al_Muroor-Abu_Dhabi_Emirate_of_Abu_Dhabi.html
"(1,563 reviews)",Al Gharrafa,,,0,,,https://www.tripadvisor.com/Restaurant_Review-g294013-d10430119-Reviews-Mosaic_Restaurant_Al_Muroor-Abu_Dhabi_Emirate_of_Abu_Dhabi.html#REVIEWS
"RESTAURANTAl Khayma Heritage Restaurant & Cafe4.94.9 of 5 bubbles(1,653 reviews)Dubai, United Arab Emirates",Al Gharrafa,,,0,,,https://www.tripadvisor.com/Restaurant_Review-g295424-d23007236-Reviews-Al_Khayma_Heritage_Restaurant_Cafe-Dubai_Emirate_of_Dubai.html
"(1,653 reviews)",Al Gharrafa,,,0,,,https://www.tripadvisor.com/Restaurant_Review-g295424-d23007236-Reviews-Al_Khayma_Heritage_Restaurant_Cafe-Dubai_Emirate_of_Dubai.html#REVIEWS
"RESTAURANTAlbaik4.34.3 of 5 bubbles(1,685 reviews)Mecca, Saudi Arabia",Al Gharrafa,,,0,,,https://www.tripadvisor.com/Restaurant_Review-g293993-d788527-Reviews-Albaik-Mecca_Makkah_Province.html
"(1,685 reviews)",Al Gharrafa,,,0,,,https://www.tripadvisor.com/Restaurant_Review-g293993-d788527-Reviews-Albaik-Mecca_Makkah_Province.html#REVIEWS
"RESTAURANTAl Baik4.44.4 of 5 bubbles(2,396 reviews)Jeddah, Saudi Arabia",Al Gharrafa,,,0,,,https://www.tripadvisor.com/Restaurant_Review-g295419-d806681-Reviews-Al_Baik-Jeddah_Makkah_Province.html
"(2,396 reviews)",Al Gharrafa,,,0,,,https://www.tripadvisor.com/Restaurant_Review-g295419-d806681-Reviews-Al_Baik-Jeddah_Makkah_Province.html#REVIEWS
"RESTAURANTThe Rooms Restaurant4.74.7 of 5 bubbles(927 reviews)Tirana, Albania",Al Gharrafa,,,0,,,https://www.tripadvisor.com/Restaurant_Review-g294446-d8867438-Reviews-The_Rooms_Restaurant-Tirana_Tirana_County.html
(927 reviews),Al Gharrafa,,,0,,,https://www.tripadvisor.com/Restaurant_Review-g294446-d8867438-Reviews-The_Rooms_Restaurant-Tirana_Tirana_County.html#REVIEWS
"RESTAURANTAl Nafoura Lebanese Restaurant4.84.8 of 5 bubbles(1,192 reviews)Jakarta, Indonesia",Al Gharrafa,,,0,,,https://www.tripadvisor.com/Restaurant_Review-g294229-d862663-Reviews-Al_Nafoura_Lebanese_Restaurant-Jakarta_Java.html
"(1,192 reviews)",Al Gharrafa,,,0,,,https://www.tripadvisor.com/Restaurant_Review-g294229-d862663-Reviews-Al_Nafoura_Lebanese_Restaurant-Jakarta_Java.html#REVIEWS
"RESTAURANTRistorante Pizzeria Al Saraceno4.54.5 of 5 bubbles(2,025 reviews)Taormina, Italy",Al Gharrafa,,,0,,,https://www.tripadvisor.com/Restaurant_Review-g187892-d1023273-Reviews-Ristorante_Pizzeria_Al_Saraceno-Taormina_Province_of_Messina_Sicily.html
"(2,025 reviews)",Al Gharrafa,,,0,,,https://www.tripadvisor.com/Restaurant_Review-g187892-d1023273-Reviews-Ristorante_Pizzeria_Al_Saraceno-Taormina_Province_of_Messina_Sicily.html#REVIEWS
"RESTAURANTAl Boom Steak & Seafood Restaurant4.54.5 of 5 bubbles(217 reviews)Kuwait City, Kuwait",Al Gharrafa,,,0,,,https://www.tripadvisor.com/Restaurant_Review-g294003-d1101363-Reviews-Al_Boom_Steak_Seafood_Restaurant-Kuwait_City.html
(217 reviews),Al Gharrafa,,,0,,,https://www.tripadvisor.com/Restaurant_Review-g294003-d1101363-Reviews-Al_Boom_Steak_Seafood_Restaurant-Kuwait_City.html#REVIEWS
"RESTAURANTAl Wadi Restaurant4.84.8 of 5 bubbles(5,630 reviews)Petra - Wadi Musa, Jordan",Al Gharrafa,,,0,,,https://www.tripadvisor.com/Restaurant_Review-g318895-d1191095-Reviews-Al_Wadi_Restaurant-Petra_Wadi_Musa_Ma_an_Governorate.html
"(5,630 reviews)",Al Gharrafa,,,0,,,https://www.tripadvisor.com/Restaurant_Review-g318895-d1191095-Reviews-Al_Wadi_Restaurant-Petra_Wadi_Musa_Ma_an_Governorate.html#REVIEWS
"RESTAURANTBurj Al Hamam4.94.9 of 5 bubbles(2,859 reviews)Amman, Jordan",Al Gharrafa,,,0,,,https://www.tripadvisor.com/Restaurant_Review-g293986-d1181235-Reviews-Burj_Al_Hamam-Amman_Amman_Governorate.html
"(2,859 reviews)",Al Gharrafa,,,0,,,https://www.tripadvisor.com/Restaurant_Review-g293986-d1181235-Reviews-Burj_Al_Hamam-Amman_Amman_Governorate.html#REVIEWS
"RESTAURANTAl Frio y Al Fuego4.34.3 of 5 bubbles(1,468 reviews)Iquitos, Peru",Al Gharrafa,,,0,,,https://www.tripadvisor.com/Restaurant_Review-g294315-d2182172-Reviews-Al_Frio_y_Al_Fuego-Iquitos_Loreto_Region.html
"(1,468 reviews)",Al Gharrafa,,,0,,,https://www.tripadvisor.com/Restaurant_Review-g294315-d2182172-Reviews-Al_Frio_y_Al_Fuego-Iquitos_Loreto_Region.html#REVIEWS
"RESTAURANTAl Faro di Portofino Lounge Bar4.44.4 of 5 bubbles(782 reviews)Portofino, Italian Riviera, Italy",Al Gharrafa,,,0,,,https://www.tripadvisor.com/Restaurant_Review-g187825-d5861871-Reviews-Al_Faro_di_Portofino_Lounge_Bar-Portofino_Italian_Riviera_Liguria.html
(782 reviews),Al Gharrafa,,,0,,,https://www.tripadvisor.com/Restaurant_Review-g187825-d5861871-Reviews-Al_Faro_di_Portofino_Lounge_Bar-Portofino_Italian_Riviera_Liguria.html#REVIEWS
"RESTAURANTAl Punt4.64.6 of 5 bubbles(2,125 reviews)Cambrils, Costa Dorada, Spain",Al Gharrafa,,,0,,,https://www.tripadvisor.com/Restaurant_Review-g580328-d7258963-Reviews-Al_Punt-Cambrils_Baix_Camp_Costa_Dorada_Province_of_Tarragona_Catalonia.html
"(2,125 reviews)",Al Gharrafa,,,0,,,https://www.tripadvisor.com/Restaurant_Review-g580328-d7258963-Reviews-Al_Punt-Cambrils_Baix_Camp_Costa_Dorada_Province_of_Tarragona_Catalonia.html#REVIEWS
"RESTAURANTAl-Sanbok Restaurant4.54.5 of 5 bubbles(941 reviews)Al Khobar, Saudi Arabia",Al Gharrafa,,,0,,,https://www.tripadvisor.com/Restaurant_Review-g298545-d1576305-Reviews-Al_Sanbok_Restaurant-Al_Khobar_Eastern_Province.html
(941 reviews),Al Gharrafa,,,0,,,https://www.tripadvisor.com/Restaurant_Review-g298545-d1576305-Reviews-Al_Sanbok_Restaurant-Al_Khobar_Eastern_Province.html#REVIEWS
"RESTAURANTIntercontinental Al Ferdaus4.74.7 of 5 bubbles(80 reviews)Jeddah, Saudi Arabia",Al Gharrafa,,,0,,,https://www.tripadvisor.com/Restaurant_Review-g295419-d2186966-Reviews-Intercontinental_Al_Ferdaus-Jeddah_Makkah_Province.html
(80 reviews),Al Gharrafa,,,0,,,https://www.tripadvisor.com/Restaurant_Review-g295419-d2186966-Reviews-Intercontinental_Al_Ferdaus-Jeddah_Makkah_Province.html#REVIEWS
"RESTAURANTMataam Al Sharq4.84.8 of 5 bubbles(141 reviews)Jeddah, Saudi Arabia",Al Gharrafa,,,0,,,https://www.tripadvisor.com/Restaurant_Review-g295419-d7812156-Reviews-Mataam_Al_Sharq-Jeddah_Makkah_Province.html
(141 reviews),Al Gharrafa,,,0,,,https://www.tripadvisor.com/Restaurant_Review-g295419-d7812156-Reviews-Mataam_Al_Sharq-Jeddah_Makkah_Province.html#REVIEWS
"RESTAURANTAl Dawaar Revolving Restaurant4.84.8 of 5 bubbles(3,579 reviews)Dubai, United Arab Emirates",Al Gharrafa,,,0,,,https://www.tripadvisor.com/Restaurant_Review-g295424-d814928-Reviews-Al_Dawaar_Revolving_Restaurant-Dubai_Emirate_of_Dubai.html
"(3,579 reviews)",Al Gharrafa,,,0,,,https://www.tripadvisor.com/Restaurant_Review-g295424-d814928-Reviews-Al_Dawaar_Revolving_Restaurant-Dubai_Emirate_of_Dubai.html#REVIEWS
"RESTAURANTAl Sangiovese4.54.5 of 5 bubbles(2,455 reviews)Bologna, Emilia-Romagna, Italy",Al Gharrafa,,,0,,,https://www.tripadvisor.com/Restaurant_Review-g187801-d1550805-Reviews-Al_Sangiovese-Bologna_Province_of_Bologna_Emilia_Romagna.html
"(2,455 reviews)",Al Gharrafa,,,0,,,https://www.tripadvisor.com/Restaurant_Review-g187801-d1550805-Reviews-Al_Sangiovese-Bologna_Province_of_Bologna_Emilia_Romagna.html#REVIEWS
(6 reviews),Rawdat Al Hamama,,,0,,,https://www.tripadvisor.com/Restaurant_Review-g3195921-d33332650-Reviews-Urth_Caffe_Al_Liwan-Al_Hamala.html#REVIEWS
(6 reviews),Rawdat Al Hamama,,,0,,,https://www.tripadvisor.com/Restaurant_Review-g3195921-d26792406-Reviews-Brunch_Cake_Al_liwan-Al_Hamala.html#REVIEWS
(5 reviews),Rawdat Al Hamama,,,0,,,https://www.tripadvisor.com/Restaurant_Review-g3195921-d12944773-Reviews-Memah_Me-Al_Hamala.html#REVIEWS
(6 reviews),Rawdat Al Hamama,,,0,,,https://www.tripadvisor.com/Restaurant_Review-g3195921-d24562346-Reviews-Gyuto-Al_Hamala.html#REVIEWS
(2 reviews),Rawdat Al Hamama,,,0,,,https://www.tripadvisor.com/Restaurant_Review-g3195921-d26561293-Reviews-Rasmalai-Al_Hamala.html#REVIEWS
(27 reviews),Rawdat Al Hamama,,,0,,,https://www.tripadvisor.com/Restaurant_Review-g3195921-d4830152-Reviews-Sage_Sirloin-Al_Hamala.html#REVIEWS
(2 reviews),Rawdat Al Hamama,,,0,,,https://www.tripadvisor.com/Restaurant_Review-g3195921-d25235504-Reviews-Cast_Iron_Steakhouse-Al_Hamala.html#REVIEWS
(48 reviews),Rawdat Al Hamama,,,0,,,https://www.tripadvisor.com/Restaurant_Review-g3195921-d8403617-Reviews-The_Grub_Shack-Al_Hamala.html#REVIEWS
(11 reviews),Rawdat Al Hamama,,,0,,,https://www.tripadvisor.com/Restaurant_Review-g3195921-d17264924-Reviews-Poke_Kafe-Al_Hamala.html#REVIEWS
(1 review),Rawdat Al Hamama,,,0,,,https://www.tripadvisor.com/Restaurant_Review-g3195921-d15758937-Reviews-Southside_Restaurant-Al_Hamala.html#REVIEWS
(7 reviews),Rawdat Al Hamama,,,0,,,https://www.tripadvisor.com/Restaurant_Review-g3195921-d27111840-Reviews-Anarestan_Iranian_Resturant-Al_Hamala.html#REVIEWS
(9 reviews),Rawdat Al Hamama,,,0,,,https://www.tripadvisor.com/Restaurant_Review-g3195921-d8377666-Reviews-Wrapiola-Al_Hamala.html#REVIEWS
(1 review),Rawdat Al Hamama,,,0,,,https://www.tripadvisor.com/Restaurant_Review-g3195921-d26616790-Reviews-Al_Abraaj_Restaurant_Hamala-Al_Hamala.html#REVIEWS
(1 review),Rawdat Al Hamama,,,0,,,https://www.tripadvisor.com/Restaurant_Review-g3195921-d15756829-Reviews-Tao_Downtown-Al_Hamala.html#REVIEWS
(7 reviews),Rawdat Al Hamama,,,0,,,https://www.tripadvisor.com/Restaurant_Review-g3195921-d7097622-Reviews-Napule_Pizzeria_Ristorante-Al_Hamala.html#REVIEWS
(3 reviews),Rawdat Al Hamama,,,0,,,https://www.tripadvisor.com/Restaurant_Review-g3195921-d8401572-Reviews-Jena-Al_Hamala.html#REVIEWS
(0 reviews),Rawdat Al Hamama,,,0,,,https://www.tripadvisor.com/Restaurant_Review-g3195921-d33332607-Reviews-Chocomelt-Al_Hamala.html#REVIEWS
(0 reviews),Rawdat Al Hamama,,,0,,,https://www.tripadvisor.com/Restaurant_Review-g3195921-d23803527-Reviews-Chef_s_Table_Bistro-Al_Hamala.html#REVIEWS
(0 reviews),Rawdat Al Hamama,,,0,,,https://www.tripadvisor.com/Restaurant_Review-g3195921-d25549885-Reviews-Sun_Moon_Cafeteria-Al_Hamala.html#REVIEWS
(0 reviews),Rawdat Al Hamama,,,0,,,https://www.tripadvisor.com/Restaurant_Review-g3195921-d25224264-Reviews-Cast_Iron_Steakhouse-Al_Hamala.html#REVIEWS
(0 reviews),Rawdat Al Hamama,,,0,,,https://www.tripadvisor.com/Restaurant_Review-g3195921-d21330497-Reviews-Dairy_Queen_Hamala-Al_Hamala.html#REVIEWS
(0 reviews),Rawdat Al Hamama,,,0,,,https://www.tripadvisor.com/Restaurant_Review-g3195921-d33075714-Reviews-Rasmalai_Balti_Cuisine-Al_Hamala.html#REVIEWS
(0 reviews),Rawdat Al Hamama,,,0,,,https://www.tripadvisor.com/Restaurant_Review-g3195921-d33074098-Reviews-Rasmalai_Balti_Cuisine-Al_Hamala.html#REVIEWS
(0 reviews),Rawdat Al Hamama,,,0,,,https://www.tripadvisor.com/Restaurant_Review-g3195921-d23753310-Reviews-Papa_Johns_Pizza-Al_Hamala.html#REVIEWS
(0 reviews),Rawdat Al Hamama,,,0,,,https://www.tripadvisor.com/Restaurant_Review-g3195921-d34267157-Reviews-Five_Guys-Al_Hamala.html#REVIEWS
Arika Home,Rawdat Al Hamama,,,0,,,https://www.tripadvisor.com/Restaurant_Review-g3195921-d33440171-Reviews-Arika_Home-Al_Hamala.html
