name,city,address,rating,reviews_count,cuisine,price_range,tripadvisor_url
(6 reviews),Riyadh,,,0,,,https://www.tripadvisor.com/Restaurant_Review-g293995-d33355287-Reviews-LA_HAUT_Maison_et_Ciel-Riyadh_Riyadh_Province.html#REVIEWS
(14 reviews),Riyadh,,,0,,,https://www.tripadvisor.com/Restaurant_Review-g293995-d24859922-Reviews-Swiss_Butter-Riyadh_Riyadh_Province.html#REVIEWS
(436 reviews),Riyadh,,,0,,,https://www.tripadvisor.com/Restaurant_Review-g293995-d2209189-Reviews-Najd_Village-Riyadh_Riyadh_Province.html#REVIEWS
(64 reviews),Riyadh,,,0,,,https://www.tripadvisor.com/Restaurant_Review-g293995-d24050225-Reviews-Loris_KSA-Riyadh_Riyadh_Province.html#REVIEWS
"(1,431 reviews)",Riyadh,,,0,,,https://www.tripadvisor.com/Restaurant_Review-g293995-d919538-Reviews-The_Globe-Riyadh_Riyadh_Province.html#REVIEWS
"(1,151 reviews)",Riyadh,,,0,,,https://www.tripadvisor.com/Restaurant_Review-g293995-d14182896-Reviews-Zafran_Indian_Kitchen_Turki_Square-Riyadh_Riyadh_Province.html#REVIEWS
(85 reviews),Riyadh,,,0,,,https://www.tripadvisor.com/Restaurant_Review-g293995-d27840329-Reviews-Avril_Resto_Cafe-Riyadh_Riyadh_Province.html#REVIEWS
(46 reviews),Riyadh,,,0,,,https://www.tripadvisor.com/Restaurant_Review-g293995-d26904687-Reviews-LDN_Circus-Riyadh_Riyadh_Province.html#REVIEWS
(42 reviews),Riyadh,,,0,,,https://www.tripadvisor.com/Restaurant_Review-g293995-d19398253-Reviews-Yauatcha_Riyadh-Riyadh_Riyadh_Province.html#REVIEWS
(14 reviews),Riyadh,,,0,,,https://www.tripadvisor.com/Restaurant_Review-g293995-d17614551-Reviews-Goji_Kitchen-Riyadh_Riyadh_Province.html#REVIEWS
(47 reviews),Riyadh,,,0,,,https://www.tripadvisor.com/Restaurant_Review-g293995-d12812283-Reviews-PorterHouse-Riyadh_Riyadh_Province.html#REVIEWS
(7 reviews),Riyadh,,,0,,,https://www.tripadvisor.com/Restaurant_Review-g293995-d28643519-Reviews-Cafe_Boulud-Riyadh_Riyadh_Province.html#REVIEWS
(3 reviews),Riyadh,,,0,,,https://www.tripadvisor.com/Restaurant_Review-g293995-d17720196-Reviews-Al_Dana_Restaurant-Riyadh_Riyadh_Province.html#REVIEWS
(13 reviews),Riyadh,,,0,,,https://www.tripadvisor.com/Restaurant_Review-g293995-d12568198-Reviews-C_taste_Centro_Waha-Riyadh_Riyadh_Province.html#REVIEWS
(3 reviews),Riyadh,,,0,,,https://www.tripadvisor.com/Restaurant_Review-g293995-d25573027-Reviews-Swiss_Butter-Riyadh_Riyadh_Province.html#REVIEWS
(310 reviews),Riyadh,,,0,,,https://www.tripadvisor.com/Restaurant_Review-g293995-d1724525-Reviews-La_Brasserie-Riyadh_Riyadh_Province.html#REVIEWS
"(1,069 reviews)",Riyadh,,,0,,,https://www.tripadvisor.com/Restaurant_Review-g293995-d2254472-Reviews-Piatto-Riyadh_Riyadh_Province.html#REVIEWS
"(2,755 reviews)",Riyadh,,,0,,,https://www.tripadvisor.com/Restaurant_Review-g293995-d3805223-Reviews-Al_Orjouan-Riyadh_Riyadh_Province.html#REVIEWS
(169 reviews),Riyadh,,,0,,,https://www.tripadvisor.com/Restaurant_Review-g293995-d25189912-Reviews-JW_Steakhouse-Riyadh_Riyadh_Province.html#REVIEWS
(292 reviews),Riyadh,,,0,,,https://www.tripadvisor.com/Restaurant_Review-g293995-d12153080-Reviews-Azure_Restaurant-Riyadh_Riyadh_Province.html#REVIEWS
"(1,058 reviews)",Riyadh,,,0,,,https://www.tripadvisor.com/Restaurant_Review-g293995-d7817860-Reviews-Chorisia_Lounge-Riyadh_Riyadh_Province.html#REVIEWS
"(1,006 reviews)",Riyadh,,,0,,,https://www.tripadvisor.com/Restaurant_Review-g293995-d25135765-Reviews-Zafran_Indian_Kitchen_The_View_Mall-Riyadh_Riyadh_Province.html#REVIEWS
(181 reviews),Riyadh,,,0,,,https://www.tripadvisor.com/Restaurant_Review-g293995-d24999317-Reviews-Nando_s-Riyadh_Riyadh_Province.html#REVIEWS
(326 reviews),Riyadh,,,0,,,https://www.tripadvisor.com/Restaurant_Review-g293995-d3805220-Reviews-Azzurro-Riyadh_Riyadh_Province.html#REVIEWS
(91 reviews),Riyadh,,,0,,,https://www.tripadvisor.com/Restaurant_Review-g293995-d26526500-Reviews-Stella_Sky_Lounge-Riyadh_Riyadh_Province.html#REVIEWS
(226 reviews),Riyadh,,,0,,,https://www.tripadvisor.com/Restaurant_Review-g293995-d9794953-Reviews-Horizon_Restaurant-Riyadh_Riyadh_Province.html#REVIEWS
(345 reviews),Riyadh,,,0,,,https://www.tripadvisor.com/Restaurant_Review-g293995-d7258136-Reviews-The_Butcher_Shop_Grill-Riyadh_Riyadh_Province.html#REVIEWS
(0 reviews),Riyadh,,,0,,,https://www.tripadvisor.com/Restaurant_Review-g293995-d25943503-Reviews-Swiss_Butter-Riyadh_Riyadh_Province.html#REVIEWS
(774 reviews),Riyadh,,,0,,,https://www.tripadvisor.com/Restaurant_Review-g293995-d2056299-Reviews-Najd_Village-Riyadh_Riyadh_Province.html#REVIEWS
(160 reviews),Riyadh,,,0,,,https://www.tripadvisor.com/Restaurant_Review-g293995-d4424275-Reviews-Almajlis_Alkhaleeji-Riyadh_Riyadh_Province.html#REVIEWS
(8 reviews),Riyadh,,,0,,,https://www.tripadvisor.com/Restaurant_Review-g293995-d26813037-Reviews-Aseeb-Riyadh_Riyadh_Province.html#REVIEWS
(589 reviews),Riyadh,,,0,,,https://www.tripadvisor.com/Restaurant_Review-g293995-d2483538-Reviews-Cafe_Bateel-Riyadh_Riyadh_Province.html#REVIEWS
"(1,452 reviews)",Riyadh,,,0,,,https://www.tripadvisor.com/Restaurant_Review-g293995-d2024551-Reviews-Mama_Noura-Riyadh_Riyadh_Province.html#REVIEWS
(4 reviews),Riyadh,,,0,,,https://www.tripadvisor.com/Restaurant_Review-g293995-d26834575-Reviews-Smokyseal-Riyadh_Riyadh_Province.html#REVIEWS
(293 reviews),Riyadh,,,0,,,https://www.tripadvisor.com/Restaurant_Review-g293995-d24863734-Reviews-Kitchen_On_3-Riyadh_Riyadh_Province.html#REVIEWS
(167 reviews),Riyadh,,,0,,,https://www.tripadvisor.com/Restaurant_Review-g293995-d26103896-Reviews-Seven_Restaurant-Riyadh_Riyadh_Province.html#REVIEWS
(259 reviews),Riyadh,,,0,,,https://www.tripadvisor.com/Restaurant_Review-g293995-d11916833-Reviews-Sultan_s_Steakhouse_Riyadh-Riyadh_Riyadh_Province.html#REVIEWS
(86 reviews),Riyadh,,,0,,,https://www.tripadvisor.com/Restaurant_Review-g293995-d25306720-Reviews-Vidro-Riyadh_Riyadh_Province.html#REVIEWS
(556 reviews),Riyadh,,,0,,,https://www.tripadvisor.com/Restaurant_Review-g293995-d24823508-Reviews-Zafran_Indian_Kitchen_Nakheel_Mall-Riyadh_Riyadh_Province.html#REVIEWS
(539 reviews),Riyadh,,,0,,,https://www.tripadvisor.com/Restaurant_Review-g293995-d1160290-Reviews-Tokyo-Riyadh_Riyadh_Province.html#REVIEWS
(112 reviews),Riyadh,,,0,,,https://www.tripadvisor.com/Restaurant_Review-g293995-d24859285-Reviews-The_Capital_Lounge-Riyadh_Riyadh_Province.html#REVIEWS
(126 reviews),Riyadh,,,0,,,https://www.tripadvisor.com/Restaurant_Review-g293995-d21160072-Reviews-Nando_s-Riyadh_Riyadh_Province.html#REVIEWS
(88 reviews),Riyadh,,,0,,,https://www.tripadvisor.com/Restaurant_Review-g293995-d24878191-Reviews-Nando_s_Nakheel_Mall_Riyadh-Riyadh_Riyadh_Province.html#REVIEWS
(656 reviews),Riyadh,,,0,,,https://www.tripadvisor.com/Restaurant_Review-g293995-d7319036-Reviews-Myazu-Riyadh_Riyadh_Province.html#REVIEWS
(176 reviews),Riyadh,,,0,,,https://www.tripadvisor.com/Restaurant_Review-g293995-d11857771-Reviews-Eataly-Riyadh_Riyadh_Province.html#REVIEWS
(18 reviews),Riyadh,,,0,,,https://www.tripadvisor.com/Restaurant_Review-g293995-d25071416-Reviews-Peradiz_Restaurant-Riyadh_Riyadh_Province.html#REVIEWS
(782 reviews),Riyadh,,,0,,,https://www.tripadvisor.com/Restaurant_Review-g293995-d3458619-Reviews-Lusin-Riyadh_Riyadh_Province.html#REVIEWS
(41 reviews),Riyadh,,,0,,,https://www.tripadvisor.com/Restaurant_Review-g293995-d34238415-Reviews-Sira-Riyadh_Riyadh_Province.html#REVIEWS
(114 reviews),Riyadh,,,0,,,https://www.tripadvisor.com/Restaurant_Review-g293995-d10033282-Reviews-Naya_Lebanese_Restaurant-Riyadh_Riyadh_Province.html#REVIEWS
(3 reviews),Jeddah,,,0,,,https://www.tripadvisor.com/Restaurant_Review-g295419-d26153764-Reviews-Swiss_Butter-Jeddah_Makkah_Province.html#REVIEWS
(38 reviews),Jeddah,,,0,,,https://www.tripadvisor.com/Restaurant_Review-g295419-d27931763-Reviews-Alaaly_Seafood_Restaurant-Jeddah_Makkah_Province.html#REVIEWS
(884 reviews),Jeddah,,,0,,,https://www.tripadvisor.com/Restaurant_Review-g295419-d2601310-Reviews-Sakura_Japanese_Restaurant-Jeddah_Makkah_Province.html#REVIEWS
(183 reviews),Jeddah,,,0,,,https://www.tripadvisor.com/Restaurant_Review-g295419-d26626017-Reviews-Biryani_Gate_Restaurant-Jeddah_Makkah_Province.html#REVIEWS
(172 reviews),Jeddah,,,0,,,https://www.tripadvisor.com/Restaurant_Review-g295419-d20297322-Reviews-Nando_s-Jeddah_Makkah_Province.html#REVIEWS
(273 reviews),Jeddah,,,0,,,https://www.tripadvisor.com/Restaurant_Review-g295419-d12049458-Reviews-Pampas_Latin_American_Cuisine-Jeddah_Makkah_Province.html#REVIEWS
(50 reviews),Jeddah,,,0,,,https://www.tripadvisor.com/Restaurant_Review-g295419-d25228948-Reviews-Olive_Tree-Jeddah_Makkah_Province.html#REVIEWS
(48 reviews),Jeddah,,,0,,,https://www.tripadvisor.com/Restaurant_Review-g295419-d7395244-Reviews-Habsburg-Jeddah_Makkah_Province.html#REVIEWS
(22 reviews),Jeddah,,,0,,,https://www.tripadvisor.com/Restaurant_Review-g295419-d15130536-Reviews-C_Taste_Centro_Salama-Jeddah_Makkah_Province.html#REVIEWS
(8 reviews),Jeddah,,,0,,,https://www.tripadvisor.com/Restaurant_Review-g295419-d15336188-Reviews-360_Cafe-Jeddah_Makkah_Province.html#REVIEWS
(13 reviews),Jeddah,,,0,,,https://www.tripadvisor.com/Restaurant_Review-g295419-d10353480-Reviews-C_taste-Jeddah_Makkah_Province.html#REVIEWS
(2 reviews),Jeddah,,,0,,,https://www.tripadvisor.com/Restaurant_Review-g295419-d21353093-Reviews-Sky_Lounge-Jeddah_Makkah_Province.html#REVIEWS
(808 reviews),Jeddah,,,0,,,https://www.tripadvisor.com/Restaurant_Review-g295419-d5973172-Reviews-The_Cheesecake_Factory-Jeddah_Makkah_Province.html#REVIEWS
(238 reviews),Jeddah,,,0,,,https://www.tripadvisor.com/Restaurant_Review-g295419-d11916644-Reviews-Twenty_Four_Restaurant-Jeddah_Makkah_Province.html#REVIEWS
(236 reviews),Jeddah,,,0,,,https://www.tripadvisor.com/Restaurant_Review-g295419-d12081579-Reviews-Ginger_Leaf-Jeddah_Makkah_Province.html#REVIEWS
(332 reviews),Jeddah,,,0,,,https://www.tripadvisor.com/Restaurant_Review-g295419-d15586919-Reviews-Nando_s_Red_Sea_Mall-Jeddah_Makkah_Province.html#REVIEWS
(449 reviews),Jeddah,,,0,,,https://www.tripadvisor.com/Restaurant_Review-g295419-d4456289-Reviews-Khayal_Restaurant-Jeddah_Makkah_Province.html#REVIEWS
(301 reviews),Jeddah,,,0,,,https://www.tripadvisor.com/Restaurant_Review-g295419-d3607911-Reviews-Brasa_de_Brazil-Jeddah_Makkah_Province.html#REVIEWS
(76 reviews),Jeddah,,,0,,,https://www.tripadvisor.com/Restaurant_Review-g295419-d19275250-Reviews-Rasoi_by_Vineet-Jeddah_Makkah_Province.html#REVIEWS
(141 reviews),Jeddah,,,0,,,https://www.tripadvisor.com/Restaurant_Review-g295419-d7812156-Reviews-Mataam_Al_Sharq-Jeddah_Makkah_Province.html#REVIEWS
(191 reviews),Jeddah,,,0,,,https://www.tripadvisor.com/Restaurant_Review-g295419-d2523975-Reviews-Aromi-Jeddah_Makkah_Province.html#REVIEWS
(58 reviews),Jeddah,,,0,,,https://www.tripadvisor.com/Restaurant_Review-g295419-d3845453-Reviews-Al_Zahra_Resturant-Jeddah_Makkah_Province.html#REVIEWS
(80 reviews),Jeddah,,,0,,,https://www.tripadvisor.com/Restaurant_Review-g295419-d2186966-Reviews-Intercontinental_Al_Ferdaus-Jeddah_Makkah_Province.html#REVIEWS
(130 reviews),Jeddah,,,0,,,https://www.tripadvisor.com/Restaurant_Review-g295419-d2327186-Reviews-InterContinental_Hotel_s_Fish_Market-Jeddah_Makkah_Province.html#REVIEWS
(92 reviews),Jeddah,,,0,,,https://www.tripadvisor.com/Restaurant_Review-g295419-d13448718-Reviews-Myazu-Jeddah_Makkah_Province.html#REVIEWS
(294 reviews),Jeddah,,,0,,,https://www.tripadvisor.com/Restaurant_Review-g295419-d6033903-Reviews-Texas_Roadhouse-Jeddah_Makkah_Province.html#REVIEWS
(22 reviews),Jeddah,,,0,,,https://www.tripadvisor.com/Restaurant_Review-g295419-d21503480-Reviews-Al_Basali_Restaurant-Jeddah_Makkah_Province.html#REVIEWS
(25 reviews),Jeddah,,,0,,,https://www.tripadvisor.com/Restaurant_Review-g295419-d26969395-Reviews-Elmarakby_Restaurant-Jeddah_Makkah_Province.html#REVIEWS
(308 reviews),Jeddah,,,0,,,https://www.tripadvisor.com/Restaurant_Review-g295419-d828276-Reviews-Abu_Zaid-Jeddah_Makkah_Province.html#REVIEWS
(81 reviews),Jeddah,,,0,,,https://www.tripadvisor.com/Restaurant_Review-g295419-d4176074-Reviews-Al_Qalzam_Fisheries-Jeddah_Makkah_Province.html#REVIEWS
(178 reviews),Jeddah,,,0,,,https://www.tripadvisor.com/Restaurant_Review-g295419-d5614843-Reviews-Spears_Restaurant-Jeddah_Makkah_Province.html#REVIEWS
(206 reviews),Jeddah,,,0,,,https://www.tripadvisor.com/Restaurant_Review-g295419-d3873739-Reviews-Goodies_Restaurants-Jeddah_Makkah_Province.html#REVIEWS
(178 reviews),Jeddah,,,0,,,https://www.tripadvisor.com/Restaurant_Review-g295419-d2527529-Reviews-Al_Nakheel_Restaurant-Jeddah_Makkah_Province.html#REVIEWS
(118 reviews),Jeddah,,,0,,,https://www.tripadvisor.com/Restaurant_Review-g295419-d7596975-Reviews-Blue_Ocean-Jeddah_Makkah_Province.html#REVIEWS
(116 reviews),Jeddah,,,0,,,https://www.tripadvisor.com/Restaurant_Review-g295419-d8806220-Reviews-Sultan_s_Steakhouse-Jeddah_Makkah_Province.html#REVIEWS
(110 reviews),Jeddah,,,0,,,https://www.tripadvisor.com/Restaurant_Review-g295419-d12838957-Reviews-Fogo_De_Chao_Brazilian_SteakHouse-Jeddah_Makkah_Province.html#REVIEWS
(24 reviews),Jeddah,,,0,,,https://www.tripadvisor.com/Restaurant_Review-g295419-d21375067-Reviews-Hadiqat_Laila-Jeddah_Makkah_Province.html#REVIEWS
(404 reviews),Jeddah,,,0,,,https://www.tripadvisor.com/Restaurant_Review-g295419-d2530704-Reviews-Piatto-Jeddah_Makkah_Province.html#REVIEWS
(34 reviews),Jeddah,,,0,,,https://www.tripadvisor.com/Restaurant_Review-g295419-d28052274-Reviews-Baker_Spice_Jeddah-Jeddah_Makkah_Province.html#REVIEWS
(100 reviews),Jeddah,,,0,,,https://www.tripadvisor.com/Restaurant_Review-g295419-d6496020-Reviews-Bar_B_Q_Tonight_Restaurant-Jeddah_Makkah_Province.html#REVIEWS
(94 reviews),Jeddah,,,0,,,https://www.tripadvisor.com/Restaurant_Review-g295419-d12152286-Reviews-Al_Fairouz_Restaurant-Jeddah_Makkah_Province.html#REVIEWS
Il Caffe,Jeddah,,,0,,,https://www.tripadvisor.com/Restaurant_Review-g295419-d12225370-Reviews-Il_Caffe-Jeddah_Makkah_Province.html
(381 reviews),Mecca,,,0,,,https://www.tripadvisor.com/Restaurant_Review-g293993-d32874032-Reviews-Alqandeel_Restaurant-Mecca_Makkah_Province.html#REVIEWS
(136 reviews),Mecca,,,0,,,https://www.tripadvisor.com/Restaurant_Review-g293993-d32992546-Reviews-Zafaran_Restaurant-Mecca_Makkah_Province.html#REVIEWS
(77 reviews),Mecca,,,0,,,https://www.tripadvisor.com/Restaurant_Review-g293993-d25092276-Reviews-Prime_Restaurant-Mecca_Makkah_Province.html#REVIEWS
(63 reviews),Mecca,,,0,,,https://www.tripadvisor.com/Restaurant_Review-g293993-d11837185-Reviews-Al_Rehab_Restaurant-Mecca_Makkah_Province.html#REVIEWS
(57 reviews),Mecca,,,0,,,https://www.tripadvisor.com/Restaurant_Review-g293993-d14783895-Reviews-Gurkan_Sef_Steakhouse-Mecca_Makkah_Province.html#REVIEWS
(32 reviews),Mecca,,,0,,,https://www.tripadvisor.com/Restaurant_Review-g293993-d6027006-Reviews-AL_YASMINE-Mecca_Makkah_Province.html#REVIEWS
(8 reviews),Mecca,,,0,,,https://www.tripadvisor.com/Restaurant_Review-g293993-d33594723-Reviews-Al_Rawaq_Pakistani_Restaurant-Mecca_Makkah_Province.html#REVIEWS
(12 reviews),Mecca,,,0,,,https://www.tripadvisor.com/Restaurant_Review-g293993-d24151350-Reviews-Seeneez_Restaurant_Cafe-Mecca_Makkah_Province.html#REVIEWS
(7 reviews),Mecca,,,0,,,https://www.tripadvisor.com/Restaurant_Review-g293993-d16667621-Reviews-ATYAF-Mecca_Makkah_Province.html#REVIEWS
(9 reviews),Mecca,,,0,,,https://www.tripadvisor.com/Restaurant_Review-g293993-d15852537-Reviews-Al_Qasr_Restaurant-Mecca_Makkah_Province.html#REVIEWS
(7 reviews),Mecca,,,0,,,https://www.tripadvisor.com/Restaurant_Review-g293993-d21372450-Reviews-Relish_JOY_OF_TASTE-Mecca_Makkah_Province.html#REVIEWS
(5 reviews),Mecca,,,0,,,https://www.tripadvisor.com/Restaurant_Review-g293993-d15852453-Reviews-Al_Majlis_Restaurant-Mecca_Makkah_Province.html#REVIEWS
(4 reviews),Mecca,,,0,,,https://www.tripadvisor.com/Restaurant_Review-g293993-d19493245-Reviews-Turkish_Taste_Restaurant-Mecca_Makkah_Province.html#REVIEWS
(75 reviews),Mecca,,,0,,,https://www.tripadvisor.com/Restaurant_Review-g293993-d10029108-Reviews-The_Oasis-Mecca_Makkah_Province.html#REVIEWS
(40 reviews),Mecca,,,0,,,https://www.tripadvisor.com/Restaurant_Review-g293993-d6474009-Reviews-Al_Deyafa_Restaurant-Mecca_Makkah_Province.html#REVIEWS
(84 reviews),Mecca,,,0,,,https://www.tripadvisor.com/Restaurant_Review-g293993-d10165043-Reviews-Simit_Sarayi-Mecca_Makkah_Province.html#REVIEWS
(39 reviews),Mecca,,,0,,,https://www.tripadvisor.com/Restaurant_Review-g293993-d8670944-Reviews-Faisalabad_Restaurant-Mecca_Makkah_Province.html#REVIEWS
(6 reviews),Mecca,,,0,,,https://www.tripadvisor.com/Restaurant_Review-g293993-d14199178-Reviews-Mama_Jamila_Cafe-Mecca_Makkah_Province.html#REVIEWS
(35 reviews),Mecca,,,0,,,https://www.tripadvisor.com/Restaurant_Review-g293993-d26360160-Reviews-Cafe_Moment-Mecca_Makkah_Province.html#REVIEWS
(17 reviews),Mecca,,,0,,,https://www.tripadvisor.com/Restaurant_Review-g293993-d6474008-Reviews-Al_Bayt_Restaurant-Mecca_Makkah_Province.html#REVIEWS
(29 reviews),Mecca,,,0,,,https://www.tripadvisor.com/Restaurant_Review-g293993-d10157692-Reviews-Zamzam_Lobby_Lounge-Mecca_Makkah_Province.html#REVIEWS
(9 reviews),Mecca,,,0,,,https://www.tripadvisor.com/Restaurant_Review-g293993-d27112609-Reviews-Sahtein_Restaurant-Mecca_Makkah_Province.html#REVIEWS
(6 reviews),Mecca,,,0,,,https://www.tripadvisor.com/Restaurant_Review-g293993-d23170554-Reviews-Aryana_Restaurants-Mecca_Makkah_Province.html#REVIEWS
(25 reviews),Mecca,,,0,,,https://www.tripadvisor.com/Restaurant_Review-g293993-d7747662-Reviews-AL_RUWAD_RESTAURANT-Mecca_Makkah_Province.html#REVIEWS
(216 reviews),Mecca,,,0,,,https://www.tripadvisor.com/Restaurant_Review-g293993-d2327319-Reviews-Hardee_s-Mecca_Makkah_Province.html#REVIEWS
(170 reviews),Mecca,,,0,,,https://www.tripadvisor.com/Restaurant_Review-g293993-d8484685-Reviews-Smash_Burger-Mecca_Makkah_Province.html#REVIEWS
(48 reviews),Mecca,,,0,,,https://www.tripadvisor.com/Restaurant_Review-g293993-d11896095-Reviews-Starbucks-Mecca_Makkah_Province.html#REVIEWS
(364 reviews),Mecca,,,0,,,https://www.tripadvisor.com/Restaurant_Review-g293993-d3327827-Reviews-KFC-Mecca_Makkah_Province.html#REVIEWS
(49 reviews),Mecca,,,0,,,https://www.tripadvisor.com/Restaurant_Review-g293993-d2445936-Reviews-Feld_D_saji-Mecca_Makkah_Province.html#REVIEWS
(39 reviews),Mecca,,,0,,,https://www.tripadvisor.com/Restaurant_Review-g293993-d26370588-Reviews-Mado-Mecca_Makkah_Province.html#REVIEWS
(5 reviews),Mecca,,,0,,,https://www.tripadvisor.com/Restaurant_Review-g293993-d21304977-Reviews-Buffalo_Wings_Rings_Macca-Mecca_Makkah_Province.html#REVIEWS
(1 review),Mecca,,,0,,,https://www.tripadvisor.com/Restaurant_Review-g293993-d33595838-Reviews-Al_Rawaq_Pakistani_Restaurant-Mecca_Makkah_Province.html#REVIEWS
(11 reviews),Mecca,,,0,,,https://www.tripadvisor.com/Restaurant_Review-g293993-d15864199-Reviews-Smashburger-Mecca_Makkah_Province.html#REVIEWS
(1 review),Mecca,,,0,,,https://www.tripadvisor.com/Restaurant_Review-g293993-d32795930-Reviews-Al_Waleema_Restaurant-Mecca_Makkah_Province.html#REVIEWS
(3 reviews),Mecca,,,0,,,https://www.tripadvisor.com/Restaurant_Review-g293993-d27490407-Reviews-Hajees_Restaurant-Mecca_Makkah_Province.html#REVIEWS
(2 reviews),Mecca,,,0,,,https://www.tripadvisor.com/Restaurant_Review-g293993-d27427110-Reviews-New_Multan_Restaurant_And_Sweets-Mecca_Makkah_Province.html#REVIEWS
(6 reviews),Mecca,,,0,,,https://www.tripadvisor.com/Restaurant_Review-g293993-d13161259-Reviews-Al_Atbaq_Restaurant-Mecca_Makkah_Province.html#REVIEWS
Albaik,Mecca,,,0,,,https://www.tripadvisor.com/Restaurant_Review-g293993-d788527-Reviews-Albaik-Mecca_Makkah_Province.html
"RESTAURANTCafe Medina4.54.5 of 5 bubbles(1,736 reviews)Vancouver, British Columbia, Canada375 mentions ofMedina""…We bumped into a lovely  lady in the street who recommended CafeMedina…""",Medina,,,0,,,https://www.tripadvisor.com/Restaurant_Review-g154943-d1159855-Reviews-Cafe_Medina-Vancouver_British_Columbia.html
"(1,736 reviews)",Medina,,,0,,,https://www.tripadvisor.com/Restaurant_Review-g154943-d1159855-Reviews-Cafe_Medina-Vancouver_British_Columbia.html#REVIEWS
"RESTAURANTMedina Burger4.94.9 of 5 bubbles(2,596 reviews)Marrakech, Morocco221 mentions ofMedina""…Medina Burger did not disappoint.…""",Medina,,,0,,,https://www.tripadvisor.com/Restaurant_Review-g293734-d25126726-Reviews-Medina_Burger-Marrakech_Marrakech_Safi.html
"(2,596 reviews)",Medina,,,0,,,https://www.tripadvisor.com/Restaurant_Review-g293734-d25126726-Reviews-Medina_Burger-Marrakech_Marrakech_Safi.html#REVIEWS
"RESTAURANTKui-Zin Médina4.54.5 of 5 bubbles(2,555 reviews)Marrakech, Morocco111 mentions ofMedina""…Little gem in the heart of themedina.Kui Zin took us by surprise.…""",Medina,,,0,,,https://www.tripadvisor.com/Restaurant_Review-g293734-d4834334-Reviews-Kui_Zin_Medina-Marrakech_Marrakech_Safi.html
"(2,555 reviews)",Medina,,,0,,,https://www.tripadvisor.com/Restaurant_Review-g293734-d4834334-Reviews-Kui_Zin_Medina-Marrakech_Marrakech_Safi.html#REVIEWS
"RESTAURANTThe Medina Restaurant4.54.5 of 5 bubbles(1,198 reviews)Mdina, Malta216 mentions ofMedina""…I had an amazing experience atMedinaRestaurant!…""",Medina,,,0,,,https://www.tripadvisor.com/Restaurant_Review-g190324-d1205082-Reviews-The_Medina_Restaurant-Mdina_Island_of_Malta.html
"(1,198 reviews)",Medina,,,0,,,https://www.tripadvisor.com/Restaurant_Review-g190324-d1205082-Reviews-The_Medina_Restaurant-Mdina_Island_of_Malta.html#REVIEWS
"RESTAURANTMedina4.54.5 of 5 bubbles(697 reviews)Aberystwyth, Ceredigion, Wales169 mentions ofMedina""…I have been toMedinasseveral times over a couple of years ( I don’t live…""",Medina,,,0,,,https://www.tripadvisor.com/Restaurant_Review-g186428-d8393765-Reviews-Medina-Aberystwyth_Ceredigion_Wales.html
(697 reviews),Medina,,,0,,,https://www.tripadvisor.com/Restaurant_Review-g186428-d8393765-Reviews-Medina-Aberystwyth_Ceredigion_Wales.html#REVIEWS
"RESTAURANTMedina Quay Beefeater4.14.1 of 5 bubbles(1,332 reviews)Newport, England124 mentions ofMedina""…Well done, team BeefeaterMedinaQuay.…""",Medina,,,0,,,https://www.tripadvisor.com/Restaurant_Review-g580403-d2519011-Reviews-Medina_Quay_Beefeater-Newport_Isle_of_Wight_England.html
"(1,332 reviews)",Medina,,,0,,,https://www.tripadvisor.com/Restaurant_Review-g580403-d2519011-Reviews-Medina_Quay_Beefeater-Newport_Isle_of_Wight_England.html#REVIEWS
"RESTAURANTTrattoria Medina3.53.5 of 5 bubbles(2,186 reviews)Naples, Campania, Italy30 mentions ofMedina""…TrattoriaMedinais a gem just a short walk from the cruise port—perfect…""",Medina,,,0,,,https://www.tripadvisor.com/Restaurant_Review-g187785-d1013341-Reviews-Trattoria_Medina-Naples_Province_of_Naples_Campania.html
"(2,186 reviews)",Medina,,,0,,,https://www.tripadvisor.com/Restaurant_Review-g187785-d1013341-Reviews-Trattoria_Medina-Naples_Province_of_Naples_Campania.html#REVIEWS
"RESTAURANTLes Jardins De La Medina - Restaurant4.54.5 of 5 bubbles(1,340 reviews)Marrakech, Morocco97 mentions ofMedina""…We had a wonderful experience at Les Jardins de laMedina.…""",Medina,,,0,,,https://www.tripadvisor.com/Restaurant_Review-g293734-d1013908-Reviews-Les_Jardins_De_La_Medina_Restaurant-Marrakech_Marrakech_Safi.html
"(1,340 reviews)",Medina,,,0,,,https://www.tripadvisor.com/Restaurant_Review-g293734-d1013908-Reviews-Les_Jardins_De_La_Medina_Restaurant-Marrakech_Marrakech_Safi.html#REVIEWS
"RESTAURANTMedina Cafe4.54.5 of 5 bubbles(354 reviews)Fez, Morocco45 mentions ofMedina""…CafeMedinasounds like an absolute gem.…""",Medina,,,0,,,https://www.tripadvisor.com/Restaurant_Review-g293733-d1215708-Reviews-Medina_Cafe-Fez_Fez_Meknes.html
(354 reviews),Medina,,,0,,,https://www.tripadvisor.com/Restaurant_Review-g293733-d1215708-Reviews-Medina_Cafe-Fez_Fez_Meknes.html#REVIEWS
"RESTAURANTM Rooftop By Medina Heritage4.74.7 of 5 bubbles(904 reviews)Marrakech, Morocco40 mentions ofMedina""…⭐️⭐️⭐️⭐️⭐️
Amazing experience at M Rooftop byMedinaHeritage!…""",Medina,,,0,,,https://www.tripadvisor.com/Restaurant_Review-g293734-d19721405-Reviews-M_Rooftop_By_Medina_Heritage-Marrakech_Marrakech_Safi.html
(904 reviews),Medina,,,0,,,https://www.tripadvisor.com/Restaurant_Review-g293734-d19721405-Reviews-M_Rooftop_By_Medina_Heritage-Marrakech_Marrakech_Safi.html#REVIEWS
"RESTAURANTMedina Coffee House4.54.5 of 5 bubbles(313 reviews)Aberdyfi (Aberdovey), Wales55 mentions ofMedina""…Medina coffee house is a must visit in Aberdovey.…""",Medina,,,0,,,https://www.tripadvisor.com/Restaurant_Review-g191275-d1724925-Reviews-Medina_Coffee_House-Aberdyfi_Aberdovey_Snowdonia_Eryri_National_Park_North_Wales_.html
(313 reviews),Medina,,,0,,,https://www.tripadvisor.com/Restaurant_Review-g191275-d1724925-Reviews-Medina_Coffee_House-Aberdyfi_Aberdovey_Snowdonia_Eryri_National_Park_North_Wales_.html#REVIEWS
"RESTAURANTAl Medina3.13.1 of 5 bubbles(699 reviews)Alicante, Valencian Community, Spain31 mentions ofMedina""…I wish everyone in this world has a chance to meet Amir in Almedina.…""",Medina,,,0,,,https://www.tripadvisor.com/Restaurant_Review-g1064230-d1821129-Reviews-Al_Medina-Alicante_Costa_Blanca_Province_of_Alicante_Valencian_Community.html
(699 reviews),Medina,,,0,,,https://www.tripadvisor.com/Restaurant_Review-g1064230-d1821129-Reviews-Al_Medina-Alicante_Costa_Blanca_Province_of_Alicante_Valencian_Community.html#REVIEWS
"RESTAURANTLa Medina3.63.6 of 5 bubbles(142 reviews)Fez, Morocco33 mentions ofMedina""…Out excellent Gate 1 tour guide Hicham took us for lunch at LaMedinaand…""",Medina,,,0,,,https://www.tripadvisor.com/Restaurant_Review-g293733-d3953360-Reviews-La_Medina-Fez_Fez_Meknes.html
(142 reviews),Medina,,,0,,,https://www.tripadvisor.com/Restaurant_Review-g293733-d3953360-Reviews-La_Medina-Fez_Fez_Meknes.html#REVIEWS
"RESTAURANTCasa Medina Mexican Restaurant4.44.4 of 5 bubbles(127 reviews)Shenandoah, Texas30 mentions ofMedina""…CasaMedinaof April 2024 is not a terrible restaurant.…""",Medina,,,0,,,https://www.tripadvisor.com/Restaurant_Review-g1009393-d2021708-Reviews-Casa_Medina_Mexican_Restaurant-Shenandoah_Texas.html
(127 reviews),Medina,,,0,,,https://www.tripadvisor.com/Restaurant_Review-g1009393-d2021708-Reviews-Casa_Medina_Mexican_Restaurant-Shenandoah_Texas.html#REVIEWS
"RESTAURANTMedina Bar and Grill3.73.7 of 5 bubbles(226 reviews)Dundee, Scotland37 mentions ofMedina""…We had our work Xmas night out and had the meal at atmedina.…""",Medina,,,0,,,https://www.tripadvisor.com/Restaurant_Review-g186518-d3293395-Reviews-Medina_Bar_and_Grill-Dundee_Scotland.html
(226 reviews),Medina,,,0,,,https://www.tripadvisor.com/Restaurant_Review-g186518-d3293395-Reviews-Medina_Bar_and_Grill-Dundee_Scotland.html#REVIEWS
"RESTAURANTMedina Social Club Restaurant4.74.7 of 5 bubbles(302 reviews)Fez, Morocco39 mentions ofMedina""…It was such a great experience that we had in theMedinasocial club restaurant…""",Medina,,,0,,,https://www.tripadvisor.com/Restaurant_Review-g293733-d12543853-Reviews-Medina_Social_Club_Restaurant-Fez_Fez_Meknes.html
(302 reviews),Medina,,,0,,,https://www.tripadvisor.com/Restaurant_Review-g293733-d12543853-Reviews-Medina_Social_Club_Restaurant-Fez_Fez_Meknes.html#REVIEWS
"RESTAURANTRestaurante Al Medina4.54.5 of 5 bubbles(923 reviews)Seville, Andalucia, Spain46 mentions ofMedina""…For anyone that likes morracan food, I would highly recommend AlMedina…""",Medina,,,0,,,https://www.tripadvisor.com/Restaurant_Review-g187443-d1002685-Reviews-Restaurante_Al_Medina-Seville_Province_of_Seville_Andalucia.html
(923 reviews),Medina,,,0,,,https://www.tripadvisor.com/Restaurant_Review-g187443-d1002685-Reviews-Restaurante_Al_Medina-Seville_Province_of_Seville_Andalucia.html#REVIEWS
"RESTAURANTTaqueria Medina4.24.2 of 5 bubbles(147 reviews)Isla Mujeres, Quintana Roo, Mexico18 mentions ofMedina""…Had been to TaqueriaMedina7 years ago and remembered the amazing Tacos…""",Medina,,,0,,,https://www.tripadvisor.com/Restaurant_Review-g150810-d1840213-Reviews-Taqueria_Medina-Isla_Mujeres_Yucatan_Peninsula.html
(147 reviews),Medina,,,0,,,https://www.tripadvisor.com/Restaurant_Review-g150810-d1840213-Reviews-Taqueria_Medina-Isla_Mujeres_Yucatan_Peninsula.html#REVIEWS
"RESTAURANTTaj Medina Marrakech4.84.8 of 5 bubbles(451 reviews)Marrakech, Morocco19 mentions ofMedina""…The TajMedinawas a lovely restaurant.…""",Medina,,,0,,,https://www.tripadvisor.com/Restaurant_Review-g293734-d25221383-Reviews-Taj_Medina_Marrakech-Marrakech_Marrakech_Safi.html
(451 reviews),Medina,,,0,,,https://www.tripadvisor.com/Restaurant_Review-g293734-d25221383-Reviews-Taj_Medina_Marrakech-Marrakech_Marrakech_Safi.html#REVIEWS
"RESTAURANTTable De La Medina4.44.4 of 5 bubbles(305 reviews)Marrakech, Morocco18 mentions ofMedina""…welcoming family restaurant with great food & drinks set just above themedina…""",Medina,,,0,,,https://www.tripadvisor.com/Restaurant_Review-g293734-d15189653-Reviews-Table_De_La_Medina-Marrakech_Marrakech_Safi.html
(305 reviews),Medina,,,0,,,https://www.tripadvisor.com/Restaurant_Review-g293734-d15189653-Reviews-Table_De_La_Medina-Marrakech_Marrakech_Safi.html#REVIEWS
"RESTAURANTRestaurant Al Achab Medina4.84.8 of 5 bubbles(295 reviews)Tangier, Morocco7 mentions ofMedina""…explained any dish for us , the experience was incredible, thank you al Achabmedina…""",Medina,,,0,,,https://www.tripadvisor.com/Restaurant_Review-g293737-d23749634-Reviews-Restaurant_Al_Achab_Medina-Tangier_Tanger_Tetouan_Al_Hoceima.html
(295 reviews),Medina,,,0,,,https://www.tripadvisor.com/Restaurant_Review-g293737-d23749634-Reviews-Restaurant_Al_Achab_Medina-Tangier_Tanger_Tetouan_Al_Hoceima.html#REVIEWS
"RESTAURANTAl Khayma Medina Restaurant4.94.9 of 5 bubbles(270 reviews)Marrakech, Morocco7 mentions ofMedina""…Fair price
Perfect spot to see the sunset withMedinaview…""",Medina,,,0,,,https://www.tripadvisor.com/Restaurant_Review-g293734-d33093529-Reviews-Al_Khayma_Medina_Restaurant-Marrakech_Marrakech_Safi.html
(270 reviews),Medina,,,0,,,https://www.tripadvisor.com/Restaurant_Review-g293734-d33093529-Reviews-Al_Khayma_Medina_Restaurant-Marrakech_Marrakech_Safi.html#REVIEWS
"RESTAURANTLa Ferme Medina Restaurant4.24.2 of 5 bubbles(627 reviews)Marrakech, Morocco40 mentions ofMedina""…La FermeMedinais a hidden oasis in theMedina.…""",Medina,,,0,,,https://www.tripadvisor.com/Restaurant_Review-g293734-d11889325-Reviews-La_Ferme_Medina_Restaurant-Marrakech_Marrakech_Safi.html
(627 reviews),Medina,,,0,,,https://www.tripadvisor.com/Restaurant_Review-g293734-d11889325-Reviews-La_Ferme_Medina_Restaurant-Marrakech_Marrakech_Safi.html#REVIEWS
"RESTAURANTMedina Burger - Anfa4.94.9 of 5 bubbles(236 reviews)Casablanca, Morocco5 mentions ofMedina""…TheMedinaBurger is a must-try.…""",Medina,,,0,,,https://www.tripadvisor.com/Restaurant_Review-g293732-d28932102-Reviews-Medina_Burger_Anfa-Casablanca_Casablanca_Settat.html
(236 reviews),Medina,,,0,,,https://www.tripadvisor.com/Restaurant_Review-g293732-d28932102-Reviews-Medina_Burger_Anfa-Casablanca_Casablanca_Settat.html#REVIEWS
"RESTAURANTApplebee's Medina Centrale, Pearl Qatar Doha4.84.8 of 5 bubbles(126 reviews)Doha, Qatar9 mentions ofMedina""…We have decided this time to enjoy our dining at applebeesMedinacentrale…""",Medina,,,0,,,https://www.tripadvisor.com/Restaurant_Review-g294009-d13234962-Reviews-Applebee_s_Medina_Centrale_Pearl_Qatar_Doha-Doha.html
(126 reviews),Medina,,,0,,,https://www.tripadvisor.com/Restaurant_Review-g294009-d13234962-Reviews-Applebee_s_Medina_Centrale_Pearl_Qatar_Doha-Doha.html#REVIEWS
"RESTAURANTThyme 24.44.4 of 5 bubbles(419 reviews)Medina, Ohio137 mentions ofMedina""…I am here inMedinaon business and I have had such a good experience that…""",Medina,,,0,,,https://www.tripadvisor.com/Restaurant_Review-g50636-d3215256-Reviews-Thyme_2-Medina_Ohio.html
(419 reviews),Medina,,,0,,,https://www.tripadvisor.com/Restaurant_Review-g50636-d3215256-Reviews-Thyme_2-Medina_Ohio.html#REVIEWS
"RESTAURANTDar El Medina4.14.1 of 5 bubbles(460 reviews)Rabat, Morocco40 mentions ofMedina""…reasonable price and authentic calm surroundings in midst of the franticmedina.…""",Medina,,,0,,,https://www.tripadvisor.com/Restaurant_Review-g293736-d9681712-Reviews-Dar_El_Medina-Rabat_Rabat_Sale_Kenitra.html
(460 reviews),Medina,,,0,,,https://www.tripadvisor.com/Restaurant_Review-g293736-d9681712-Reviews-Dar_El_Medina-Rabat_Rabat_Sale_Kenitra.html#REVIEWS
"RESTAURANTArabicafe Medina4.94.9 of 5 bubbles(87 reviews)Essaouira, Morocco7 mentions ofMedina""…I had a wonderful time at Arabicafe (in the heart of theMedina) the food…""",Medina,,,0,,,https://www.tripadvisor.com/Restaurant_Review-g298349-d33234957-Reviews-Arabicafe_Medina-Essaouira_Marrakech_Safi.html
(87 reviews),Medina,,,0,,,https://www.tripadvisor.com/Restaurant_Review-g298349-d33234957-Reviews-Arabicafe_Medina-Essaouira_Marrakech_Safi.html#REVIEWS
"RESTAURANTCorkscrew Saloon4.34.3 of 5 bubbles(277 reviews)Medina, Ohio42 mentions ofMedina""…I'd just met the  people who make the noodles an hour before at theMedina…""",Medina,,,0,,,https://www.tripadvisor.com/Restaurant_Review-g50636-d1968460-Reviews-Corkscrew_Saloon-Medina_Ohio.html
(277 reviews),Medina,,,0,,,https://www.tripadvisor.com/Restaurant_Review-g50636-d1968460-Reviews-Corkscrew_Saloon-Medina_Ohio.html#REVIEWS
"RESTAURANTFratelli Medina3.03 of 5 bubbles(494 reviews)Naples, Campania, Italy15 mentions ofMedina""…FratelliMedinais everything you dream about when coming to Naples for…""",Medina,,,0,,,https://www.tripadvisor.com/Restaurant_Review-g187785-d7803010-Reviews-Fratelli_Medina-Naples_Province_of_Naples_Campania.html
(494 reviews),Medina,,,0,,,https://www.tripadvisor.com/Restaurant_Review-g187785-d7803010-Reviews-Fratelli_Medina-Naples_Province_of_Naples_Campania.html#REVIEWS
(139 reviews),Dammam,,,0,,,https://www.tripadvisor.com/Restaurant_Review-g298547-d805123-Reviews-Heritage_Village_Restaurant-Dammam_Eastern_Province.html#REVIEWS
(55 reviews),Dammam,,,0,,,https://www.tripadvisor.com/Restaurant_Review-g298547-d21160065-Reviews-Nando_s_Nakheel_Mall_Damamm-Dammam_Eastern_Province.html#REVIEWS
(4 reviews),Dammam,,,0,,,https://www.tripadvisor.com/Restaurant_Review-g298547-d25288010-Reviews-Osmanli_Lezzet-Dammam_Eastern_Province.html#REVIEWS
(171 reviews),Dammam,,,0,,,https://www.tripadvisor.com/Restaurant_Review-g298547-d8453432-Reviews-Beit_Misk-Dammam_Eastern_Province.html#REVIEWS
(174 reviews),Dammam,,,0,,,https://www.tripadvisor.com/Restaurant_Review-g298547-d2659493-Reviews-Steak_House-Dammam_Eastern_Province.html#REVIEWS
(196 reviews),Dammam,,,0,,,https://www.tripadvisor.com/Restaurant_Review-g298547-d805085-Reviews-Abu_Nawas-Dammam_Eastern_Province.html#REVIEWS
(60 reviews),Dammam,,,0,,,https://www.tripadvisor.com/Restaurant_Review-g298547-d2049832-Reviews-Fayrouz_Lebanese_Restaurant-Dammam_Eastern_Province.html#REVIEWS
(16 reviews),Dammam,,,0,,,https://www.tripadvisor.com/Restaurant_Review-g298547-d13093473-Reviews-Kunefeci-Dammam_Eastern_Province.html#REVIEWS
(3 reviews),Dammam,,,0,,,https://www.tripadvisor.com/Restaurant_Review-g298547-d15575046-Reviews-View_Cafe-Dammam_Eastern_Province.html#REVIEWS
(0 reviews),Dammam,,,0,,,https://www.tripadvisor.com/Restaurant_Review-g298547-d25547496-Reviews-Loop_Resturant_Cafe-Dammam_Eastern_Province.html#REVIEWS
(42 reviews),Dammam,,,0,,,https://www.tripadvisor.com/Restaurant_Review-g298547-d5993767-Reviews-Red_Dragon-Dammam_Eastern_Province.html#REVIEWS
(45 reviews),Dammam,,,0,,,https://www.tripadvisor.com/Restaurant_Review-g298547-d8076985-Reviews-Oceana-Dammam_Eastern_Province.html#REVIEWS
(57 reviews),Dammam,,,0,,,https://www.tripadvisor.com/Restaurant_Review-g298547-d4168399-Reviews-Ghazi_resturant-Dammam_Eastern_Province.html#REVIEWS
(10 reviews),Dammam,,,0,,,https://www.tripadvisor.com/Restaurant_Review-g298547-d23588835-Reviews-Shrimp_Shack_Dammam-Dammam_Eastern_Province.html#REVIEWS
(25 reviews),Dammam,,,0,,,https://www.tripadvisor.com/Restaurant_Review-g298547-d9883786-Reviews-Balcony-Dammam_Eastern_Province.html#REVIEWS
(24 reviews),Dammam,,,0,,,https://www.tripadvisor.com/Restaurant_Review-g298547-d14087407-Reviews-Operation_Falafel-Dammam_Eastern_Province.html#REVIEWS
(16 reviews),Dammam,,,0,,,https://www.tripadvisor.com/Restaurant_Review-g298547-d13075688-Reviews-Come_To_Momma-Dammam_Eastern_Province.html#REVIEWS
(89 reviews),Dammam,,,0,,,https://www.tripadvisor.com/Restaurant_Review-g298547-d2702759-Reviews-Brasa_de_Brasil_Churrascaria-Dammam_Eastern_Province.html#REVIEWS
(2 reviews),Dammam,,,0,,,https://www.tripadvisor.com/Restaurant_Review-g298547-d25092246-Reviews-Bahri_Seafood_Restaurant-Dammam_Eastern_Province.html#REVIEWS
(51 reviews),Dammam,,,0,,,https://www.tripadvisor.com/Restaurant_Review-g298547-d2636634-Reviews-Da_Vinci_Italian_Restaurant-Dammam_Eastern_Province.html#REVIEWS
(6 reviews),Dammam,,,0,,,https://www.tripadvisor.com/Restaurant_Review-g298547-d16880691-Reviews-Bait_Al_Robyan_Seafood_Restaurant-Dammam_Eastern_Province.html#REVIEWS
(89 reviews),Dammam,,,0,,,https://www.tripadvisor.com/Restaurant_Review-g298547-d4066512-Reviews-Al_Shahrour-Dammam_Eastern_Province.html#REVIEWS
(109 reviews),Dammam,,,0,,,https://www.tripadvisor.com/Restaurant_Review-g298547-d10221865-Reviews-Manoosha_Alreef-Dammam_Eastern_Province.html#REVIEWS
(14 reviews),Dammam,,,0,,,https://www.tripadvisor.com/Restaurant_Review-g298547-d8829840-Reviews-Aish_O_Samach-Dammam_Eastern_Province.html#REVIEWS
(4 reviews),Dammam,,,0,,,https://www.tripadvisor.com/Restaurant_Review-g298547-d23520328-Reviews-SOLACE-Dammam_Eastern_Province.html#REVIEWS
(5 reviews),Dammam,,,0,,,https://www.tripadvisor.com/Restaurant_Review-g298547-d21257711-Reviews-Indian_Tandoor_Restaurant-Dammam_Eastern_Province.html#REVIEWS
(20 reviews),Dammam,,,0,,,https://www.tripadvisor.com/Restaurant_Review-g298547-d12183153-Reviews-Beach_Park_Restaurant-Dammam_Eastern_Province.html#REVIEWS
(1 review),Dammam,,,0,,,https://www.tripadvisor.com/Restaurant_Review-g298547-d33960092-Reviews-Belad_Al_Sham_Restaurant-Dammam_Eastern_Province.html#REVIEWS
(1 review),Dammam,,,0,,,https://www.tripadvisor.com/Restaurant_Review-g298547-d16705599-Reviews-Native_Coffee-Dammam_Eastern_Province.html#REVIEWS
(11 reviews),Dammam,,,0,,,https://www.tripadvisor.com/Restaurant_Review-g298547-d10458061-Reviews-Masala_House-Dammam_Eastern_Province.html#REVIEWS
(21 reviews),Dammam,,,0,,,https://www.tripadvisor.com/Restaurant_Review-g298547-d13386952-Reviews-Lumiere_Lounge-Dammam_Eastern_Province.html#REVIEWS
(1 review),Dammam,,,0,,,https://www.tripadvisor.com/Restaurant_Review-g298547-d23112657-Reviews-Horyat_Al_Sharqia_Seafood-Dammam_Eastern_Province.html#REVIEWS
(1 review),Dammam,,,0,,,https://www.tripadvisor.com/Restaurant_Review-g298547-d32237139-Reviews-Shajarat_Al_durr_Restaurant-Dammam_Eastern_Province.html#REVIEWS
(9 reviews),Dammam,,,0,,,https://www.tripadvisor.com/Restaurant_Review-g298547-d19460676-Reviews-Tamu-Dammam_Eastern_Province.html#REVIEWS
Vitamin Palace,Dammam,,,0,,,https://www.tripadvisor.com/Restaurant_Review-g298547-d9610509-Reviews-Vitamin_Palace-Dammam_Eastern_Province.html
(788 reviews),Khobar,,,0,,,https://www.tripadvisor.com/Restaurant_Review-g298545-d23430204-Reviews-Asmahan_Restaurant-Al_Khobar_Eastern_Province.html#REVIEWS
(398 reviews),Khobar,,,0,,,https://www.tripadvisor.com/Restaurant_Review-g298545-d25105454-Reviews-Rosalie_Cafe-Al_Khobar_Eastern_Province.html#REVIEWS
(623 reviews),Khobar,,,0,,,https://www.tripadvisor.com/Restaurant_Review-g298545-d23810150-Reviews-Sakana_House-Al_Khobar_Eastern_Province.html#REVIEWS
(239 reviews),Khobar,,,0,,,https://www.tripadvisor.com/Restaurant_Review-g298545-d4924534-Reviews-Brasa_De_Brazil_Churrascaria-Al_Khobar_Eastern_Province.html#REVIEWS
(421 reviews),Khobar,,,0,,,https://www.tripadvisor.com/Restaurant_Review-g298545-d19127226-Reviews-Enab_Beirut-Al_Khobar_Eastern_Province.html#REVIEWS
(941 reviews),Khobar,,,0,,,https://www.tripadvisor.com/Restaurant_Review-g298545-d1576305-Reviews-Al_Sanbok_Restaurant-Al_Khobar_Eastern_Province.html#REVIEWS
(87 reviews),Khobar,,,0,,,https://www.tripadvisor.com/Restaurant_Review-g298545-d25560042-Reviews-Fatto-Al_Khobar_Eastern_Province.html#REVIEWS
(455 reviews),Khobar,,,0,,,https://www.tripadvisor.com/Restaurant_Review-g298545-d25290439-Reviews-Salvaje_Alkhobar-Al_Khobar_Eastern_Province.html#REVIEWS
(240 reviews),Khobar,,,0,,,https://www.tripadvisor.com/Restaurant_Review-g298545-d11954881-Reviews-Al_Diwan-Al_Khobar_Eastern_Province.html#REVIEWS
(264 reviews),Khobar,,,0,,,https://www.tripadvisor.com/Restaurant_Review-g298545-d5580892-Reviews-Primavera_Restaurant-Al_Khobar_Eastern_Province.html#REVIEWS
(43 reviews),Khobar,,,0,,,https://www.tripadvisor.com/Restaurant_Review-g298545-d33054050-Reviews-Palmette_Restaurant_And_Cafe-Al_Khobar_Eastern_Province.html#REVIEWS
(242 reviews),Khobar,,,0,,,https://www.tripadvisor.com/Restaurant_Review-g298545-d1955820-Reviews-Maharaja_by_Vineet-Al_Khobar_Eastern_Province.html#REVIEWS
(119 reviews),Khobar,,,0,,,https://www.tripadvisor.com/Restaurant_Review-g298545-d2208510-Reviews-Fusion_Seafood_Sushi-Al_Khobar_Eastern_Province.html#REVIEWS
(66 reviews),Khobar,,,0,,,https://www.tripadvisor.com/Restaurant_Review-g298545-d18545426-Reviews-Taki_Restaurant-Al_Khobar_Eastern_Province.html#REVIEWS
(28 reviews),Khobar,,,0,,,https://www.tripadvisor.com/Restaurant_Review-g298545-d34025563-Reviews-Cafe_Lilou-Al_Khobar_Eastern_Province.html#REVIEWS
(217 reviews),Khobar,,,0,,,https://www.tripadvisor.com/Restaurant_Review-g298545-d11721831-Reviews-Sky_Lounge-Al_Khobar_Eastern_Province.html#REVIEWS
(59 reviews),Khobar,,,0,,,https://www.tripadvisor.com/Restaurant_Review-g298545-d10148065-Reviews-Taya_Restaurant-Al_Khobar_Eastern_Province.html#REVIEWS
(15 reviews),Khobar,,,0,,,https://www.tripadvisor.com/Restaurant_Review-g298545-d22895043-Reviews-Naranj_Restaurant-Al_Khobar_Eastern_Province.html#REVIEWS
(1 review),Khobar,,,0,,,https://www.tripadvisor.com/Restaurant_Review-g298545-d24068992-Reviews-Chaichi-Al_Khobar_Eastern_Province.html#REVIEWS
(108 reviews),Khobar,,,0,,,https://www.tripadvisor.com/Restaurant_Review-g298545-d4310862-Reviews-Bundoo_Khan-Al_Khobar_Eastern_Province.html#REVIEWS
(159 reviews),Khobar,,,0,,,https://www.tripadvisor.com/Restaurant_Review-g298545-d11721779-Reviews-Il_Vero_Restaurant-Al_Khobar_Eastern_Province.html#REVIEWS
(377 reviews),Khobar,,,0,,,https://www.tripadvisor.com/Restaurant_Review-g298545-d3613536-Reviews-Piatto_Restaurant_Al_Khobar-Al_Khobar_Eastern_Province.html#REVIEWS
(10 reviews),Khobar,,,0,,,https://www.tripadvisor.com/Restaurant_Review-g298545-d26301464-Reviews-Fresh_Fish_House-Al_Khobar_Eastern_Province.html#REVIEWS
(116 reviews),Khobar,,,0,,,https://www.tripadvisor.com/Restaurant_Review-g298545-d950699-Reviews-Mughal-Al_Khobar_Eastern_Province.html#REVIEWS
(331 reviews),Khobar,,,0,,,https://www.tripadvisor.com/Restaurant_Review-g298545-d2634405-Reviews-Outback_Steakhouse-Al_Khobar_Eastern_Province.html#REVIEWS
(17 reviews),Khobar,,,0,,,https://www.tripadvisor.com/Restaurant_Review-g298545-d25565366-Reviews-Lumee-Al_Khobar_Eastern_Province.html#REVIEWS
(104 reviews),Khobar,,,0,,,https://www.tripadvisor.com/Restaurant_Review-g298545-d10691837-Reviews-The_Butcher_Shop_Grill-Al_Khobar_Eastern_Province.html#REVIEWS
(43 reviews),Khobar,,,0,,,https://www.tripadvisor.com/Restaurant_Review-g298545-d20139733-Reviews-The_Breakfast_Club-Al_Khobar_Eastern_Province.html#REVIEWS
(402 reviews),Khobar,,,0,,,https://www.tripadvisor.com/Restaurant_Review-g298545-d817407-Reviews-Steak_House-Al_Khobar_Eastern_Province.html#REVIEWS
(309 reviews),Khobar,,,0,,,https://www.tripadvisor.com/Restaurant_Review-g298545-d3685079-Reviews-La_Gondola_Restaurant-Al_Khobar_Eastern_Province.html#REVIEWS
(24 reviews),Khobar,,,0,,,https://www.tripadvisor.com/Restaurant_Review-g298545-d17777687-Reviews-SALT_Al_Khobar-Al_Khobar_Eastern_Province.html#REVIEWS
(170 reviews),Khobar,,,0,,,https://www.tripadvisor.com/Restaurant_Review-g298545-d4077872-Reviews-Marrakesh_Restaurant-Al_Khobar_Eastern_Province.html#REVIEWS
(120 reviews),Khobar,,,0,,,https://www.tripadvisor.com/Restaurant_Review-g298545-d1955819-Reviews-The_Blue_Restaurant-Al_Khobar_Eastern_Province.html#REVIEWS
(152 reviews),Khobar,,,0,,,https://www.tripadvisor.com/Restaurant_Review-g298545-d4010039-Reviews-Madeleine_French_Bakery_Brasserie-Al_Khobar_Eastern_Province.html#REVIEWS
(117 reviews),Khobar,,,0,,,https://www.tripadvisor.com/Restaurant_Review-g298545-d3193919-Reviews-Bamboo_Kitchen-Al_Khobar_Eastern_Province.html#REVIEWS
(87 reviews),Khobar,,,0,,,https://www.tripadvisor.com/Restaurant_Review-g298545-d12174510-Reviews-Parker_s-Al_Khobar_Eastern_Province.html#REVIEWS
Pizzarific,Khobar,,,0,,,https://www.tripadvisor.com/Restaurant_Review-g298545-d2340285-Reviews-Pizzarific-Al_Khobar_Eastern_Province.html
(102 reviews),Dhahran,,,0,,,https://www.tripadvisor.com/Restaurant_Review-g298548-d6412684-Reviews-Pattis_France-Dhahran_Eastern_Province.html#REVIEWS
(20 reviews),Dhahran,,,0,,,https://www.tripadvisor.com/Restaurant_Review-g298548-d15582168-Reviews-8_Portions_Pizza-Dhahran_Eastern_Province.html#REVIEWS
(222 reviews),Dhahran,,,0,,,https://www.tripadvisor.com/Restaurant_Review-g298548-d7321458-Reviews-Outback_Steakhouse-Dhahran_Eastern_Province.html#REVIEWS
(7 reviews),Dhahran,,,0,,,https://www.tripadvisor.com/Restaurant_Review-g298548-d12641469-Reviews-Broasted_Bawan_Land-Dhahran_Eastern_Province.html#REVIEWS
(10 reviews),Dhahran,,,0,,,https://www.tripadvisor.com/Restaurant_Review-g298548-d12641457-Reviews-AlMumtaz_Restaurant-Dhahran_Eastern_Province.html#REVIEWS
(60 reviews),Dhahran,,,0,,,https://www.tripadvisor.com/Restaurant_Review-g298548-d10511096-Reviews-Mado-Dhahran_Eastern_Province.html#REVIEWS
(17 reviews),Dhahran,,,0,,,https://www.tripadvisor.com/Restaurant_Review-g298548-d13358407-Reviews-Aliwan_Alshami_Restaurant_Cafe-Dhahran_Eastern_Province.html#REVIEWS
(105 reviews),Dhahran,,,0,,,https://www.tripadvisor.com/Restaurant_Review-g298548-d6458711-Reviews-PAUL_Bakery_Restaurant-Dhahran_Eastern_Province.html#REVIEWS
(88 reviews),Dhahran,,,0,,,https://www.tripadvisor.com/Restaurant_Review-g298548-d1540167-Reviews-Applebee_s_Dhahran-Dhahran_Eastern_Province.html#REVIEWS
(47 reviews),Dhahran,,,0,,,https://www.tripadvisor.com/Restaurant_Review-g298548-d4403598-Reviews-Chili_s-Dhahran_Eastern_Province.html#REVIEWS
(19 reviews),Dhahran,,,0,,,https://www.tripadvisor.com/Restaurant_Review-g298548-d9457998-Reviews-Caffe_Bene-Dhahran_Eastern_Province.html#REVIEWS
(26 reviews),Dhahran,,,0,,,https://www.tripadvisor.com/Restaurant_Review-g298548-d10688525-Reviews-Chillis_Dhahran_Mall-Dhahran_Eastern_Province.html#REVIEWS
(35 reviews),Dhahran,,,0,,,https://www.tripadvisor.com/Restaurant_Review-g298548-d8799901-Reviews-Mozon-Dhahran_Eastern_Province.html#REVIEWS
(3 reviews),Dhahran,,,0,,,https://www.tripadvisor.com/Restaurant_Review-g298548-d17526450-Reviews-Tandoori_house-Dhahran_Eastern_Province.html#REVIEWS
(31 reviews),Dhahran,,,0,,,https://www.tripadvisor.com/Restaurant_Review-g298548-d10528809-Reviews-Delle_Rose-Dhahran_Eastern_Province.html#REVIEWS
(34 reviews),Dhahran,,,0,,,https://www.tripadvisor.com/Restaurant_Review-g298548-d8759016-Reviews-Sizzler_House-Dhahran_Eastern_Province.html#REVIEWS
(4 reviews),Dhahran,,,0,,,https://www.tripadvisor.com/Restaurant_Review-g298548-d4697455-Reviews-Medar-Dhahran_Eastern_Province.html#REVIEWS
(1 review),Dhahran,,,0,,,https://www.tripadvisor.com/Restaurant_Review-g298548-d20868897-Reviews-Buzz_Coffee-Dhahran_Eastern_Province.html#REVIEWS
(23 reviews),Dhahran,,,0,,,https://www.tripadvisor.com/Restaurant_Review-g298548-d11919082-Reviews-Manoosha_Alreef-Dhahran_Eastern_Province.html#REVIEWS
(5 reviews),Dhahran,,,0,,,https://www.tripadvisor.com/Restaurant_Review-g298548-d20307228-Reviews-ChillinG_Moment-Dhahran_Eastern_Province.html#REVIEWS
(24 reviews),Dhahran,,,0,,,https://www.tripadvisor.com/Restaurant_Review-g298548-d1152019-Reviews-Brasa-Dhahran_Eastern_Province.html#REVIEWS
(2 reviews),Dhahran,,,0,,,https://www.tripadvisor.com/Restaurant_Review-g298548-d19896632-Reviews-Operation_Falafel-Dhahran_Eastern_Province.html#REVIEWS
(9 reviews),Dhahran,,,0,,,https://www.tripadvisor.com/Restaurant_Review-g298548-d11756755-Reviews-La_Casa_Pasta-Dhahran_Eastern_Province.html#REVIEWS
(7 reviews),Dhahran,,,0,,,https://www.tripadvisor.com/Restaurant_Review-g298548-d14972044-Reviews-Tokuzo_Restaurant-Dhahran_Eastern_Province.html#REVIEWS
(24 reviews),Dhahran,,,0,,,https://www.tripadvisor.com/Restaurant_Review-g298548-d11688461-Reviews-Moonlight_Restaurant-Dhahran_Eastern_Province.html#REVIEWS
(6 reviews),Dhahran,,,0,,,https://www.tripadvisor.com/Restaurant_Review-g298548-d11842283-Reviews-Popeyes-Dhahran_Eastern_Province.html#REVIEWS
(29 reviews),Dhahran,,,0,,,https://www.tripadvisor.com/Restaurant_Review-g298548-d8809527-Reviews-Yo_Sushi-Dhahran_Eastern_Province.html#REVIEWS
(1 review),Dhahran,,,0,,,https://www.tripadvisor.com/Restaurant_Review-g298548-d28648929-Reviews-Dine-Dhahran_Eastern_Province.html#REVIEWS
(9 reviews),Dhahran,,,0,,,https://www.tripadvisor.com/Restaurant_Review-g298548-d8784788-Reviews-Indian_Kitchen_Express-Dhahran_Eastern_Province.html#REVIEWS
(4 reviews),Dhahran,,,0,,,https://www.tripadvisor.com/Restaurant_Review-g298548-d17542784-Reviews-Al_Ewan_Restaurant-Dhahran_Eastern_Province.html#REVIEWS
(8 reviews),Dhahran,,,0,,,https://www.tripadvisor.com/Restaurant_Review-g298548-d14136318-Reviews-AJ_s_Pancakes-Dhahran_Eastern_Province.html#REVIEWS
(17 reviews),Taif,,,0,,,https://www.tripadvisor.com/Restaurant_Review-g298553-d18340569-Reviews-Bohoo-Taif_Makkah_Province.html#REVIEWS
(9 reviews),Taif,,,0,,,https://www.tripadvisor.com/Restaurant_Review-g298553-d34114936-Reviews-Gusto_Restaurant_Taif-Taif_Makkah_Province.html#REVIEWS
(53 reviews),Taif,,,0,,,https://www.tripadvisor.com/Restaurant_Review-g298553-d4603807-Reviews-Mirag-Taif_Makkah_Province.html#REVIEWS
(9 reviews),Taif,,,0,,,https://www.tripadvisor.com/Restaurant_Review-g298553-d17692585-Reviews-Al_Safy_Cafe_and_Restaurant-Taif_Makkah_Province.html#REVIEWS
(32 reviews),Taif,,,0,,,https://www.tripadvisor.com/Restaurant_Review-g298553-d13813234-Reviews-Khayal_Restaurant-Taif_Makkah_Province.html#REVIEWS
(1 review),Taif,,,0,,,https://www.tripadvisor.com/Restaurant_Review-g298553-d27844400-Reviews-Seven_Huts_Cafe-Taif_Makkah_Province.html#REVIEWS
(1 review),Taif,,,0,,,https://www.tripadvisor.com/Restaurant_Review-g298553-d27844405-Reviews-Breezes_Cafe-Taif_Makkah_Province.html#REVIEWS
(1 review),Taif,,,0,,,https://www.tripadvisor.com/Restaurant_Review-g298553-d27141335-Reviews-Mallah_Restaurant_Cafe-Taif_Makkah_Province.html#REVIEWS
(1 review),Taif,,,0,,,https://www.tripadvisor.com/Restaurant_Review-g298553-d33398135-Reviews-Kabisat-Taif_Makkah_Province.html#REVIEWS
(2 reviews),Taif,,,0,,,https://www.tripadvisor.com/Restaurant_Review-g298553-d26168837-Reviews-Agape_Lounge-Taif_Makkah_Province.html#REVIEWS
(7 reviews),Taif,,,0,,,https://www.tripadvisor.com/Restaurant_Review-g298553-d20143039-Reviews-The_Crepe_Cafe-Taif_Makkah_Province.html#REVIEWS
(1 review),Taif,,,0,,,https://www.tripadvisor.com/Restaurant_Review-g298553-d23312152-Reviews-Chef_s_Homemade_Burger_Gourmet-Taif_Makkah_Province.html#REVIEWS
(11 reviews),Taif,,,0,,,https://www.tripadvisor.com/Restaurant_Review-g298553-d10345478-Reviews-Jollibee-Taif_Makkah_Province.html#REVIEWS
(57 reviews),Taif,,,0,,,https://www.tripadvisor.com/Restaurant_Review-g298553-d11719388-Reviews-Queen_Taste-Taif_Makkah_Province.html#REVIEWS
(13 reviews),Taif,,,0,,,https://www.tripadvisor.com/Restaurant_Review-g298553-d8830001-Reviews-Broast_House-Taif_Makkah_Province.html#REVIEWS
(12 reviews),Taif,,,0,,,https://www.tripadvisor.com/Restaurant_Review-g298553-d8845986-Reviews-Kudu-Taif_Makkah_Province.html#REVIEWS
(10 reviews),Taif,,,0,,,https://www.tripadvisor.com/Restaurant_Review-g298553-d17606744-Reviews-Buffalo_Wings_Rings_Taif-Taif_Makkah_Province.html#REVIEWS
(4 reviews),Taif,,,0,,,https://www.tripadvisor.com/Restaurant_Review-g298553-d17826324-Reviews-Aroma_Flower_Lounge_and_Cafe-Taif_Makkah_Province.html#REVIEWS
(15 reviews),Taif,,,0,,,https://www.tripadvisor.com/Restaurant_Review-g298553-d12684535-Reviews-Koshary_Albashawat-Taif_Makkah_Province.html#REVIEWS
(19 reviews),Taif,,,0,,,https://www.tripadvisor.com/Restaurant_Review-g298553-d10346761-Reviews-Taza-Taif_Makkah_Province.html#REVIEWS
(3 reviews),Taif,,,0,,,https://www.tripadvisor.com/Restaurant_Review-g298553-d17720187-Reviews-Hawazen_Restaurant-Taif_Makkah_Province.html#REVIEWS
(11 reviews),Taif,,,0,,,https://www.tripadvisor.com/Restaurant_Review-g298553-d11674046-Reviews-Tako_Hut-Taif_Makkah_Province.html#REVIEWS
(0 reviews),Taif,,,0,,,https://www.tripadvisor.com/Restaurant_Review-g298553-d33441857-Reviews-Soul_Lounge-Taif_Makkah_Province.html#REVIEWS
(4 reviews),Taif,,,0,,,https://www.tripadvisor.com/Restaurant_Review-g298553-d21158951-Reviews-Burger_King_Jouri_Mall-Taif_Makkah_Province.html#REVIEWS
(0 reviews),Taif,,,0,,,https://www.tripadvisor.com/Restaurant_Review-g298553-d33347665-Reviews-Bajila_Restaurants-Taif_Makkah_Province.html#REVIEWS
(2 reviews),Taif,,,0,,,https://www.tripadvisor.com/Restaurant_Review-g298553-d21248587-Reviews-The_Hat-Taif_Makkah_Province.html#REVIEWS
(11 reviews),Taif,,,0,,,https://www.tripadvisor.com/Restaurant_Review-g298553-d10146325-Reviews-McDonald_s-Taif_Makkah_Province.html#REVIEWS
(8 reviews),Taif,,,0,,,https://www.tripadvisor.com/Restaurant_Review-g298553-d12790510-Reviews-China_Restaurant-Taif_Makkah_Province.html#REVIEWS
(2 reviews),Taif,,,0,,,https://www.tripadvisor.com/Restaurant_Review-g298553-d23384224-Reviews-Qanateer_Cafe-Taif_Makkah_Province.html#REVIEWS
(1 review),Taif,,,0,,,https://www.tripadvisor.com/Restaurant_Review-g298553-d26861802-Reviews-Sautcher-Taif_Makkah_Province.html#REVIEWS
(10 reviews),Taif,,,0,,,https://www.tripadvisor.com/Restaurant_Review-g298553-d8824479-Reviews-Al_Sufara_Restaurant-Taif_Makkah_Province.html#REVIEWS
(57 reviews),Abha,,,0,,,https://www.tripadvisor.com/Restaurant_Review-g298542-d6704549-Reviews-Assalam_Palace_Hotel_10th_Floor_Revolving_Restuarant-Abha_Asir_Province.html#REVIEWS
(12 reviews),Abha,,,0,,,https://www.tripadvisor.com/Restaurant_Review-g298542-d14353755-Reviews-Restaurant_Nights_India-Abha_Asir_Province.html#REVIEWS
(49 reviews),Abha,,,0,,,https://www.tripadvisor.com/Restaurant_Review-g298542-d8610608-Reviews-Alkarkand_Restaurant-Abha_Asir_Province.html#REVIEWS
(3 reviews),Abha,,,0,,,https://www.tripadvisor.com/Restaurant_Review-g298542-d33037295-Reviews-Sadf-Abha_Asir_Province.html#REVIEWS
(1 review),Abha,,,0,,,https://www.tripadvisor.com/Restaurant_Review-g298542-d23100184-Reviews-Abha_Asir_Province.html#REVIEWS
(1 review),Abha,,,0,,,https://www.tripadvisor.com/Restaurant_Review-g298542-d24185290-Reviews-Ali_Ramzi_Haneeth-Abha_Asir_Province.html#REVIEWS
(2 reviews),Abha,,,0,,,https://www.tripadvisor.com/Restaurant_Review-g298542-d20300022-Reviews-Broast_Almedina-Abha_Asir_Province.html#REVIEWS
(23 reviews),Abha,,,0,,,https://www.tripadvisor.com/Restaurant_Review-g298542-d10207127-Reviews-Origin_Burger-Abha_Asir_Province.html#REVIEWS
(14 reviews),Abha,,,0,,,https://www.tripadvisor.com/Restaurant_Review-g298542-d10696512-Reviews-Pizza_Hut-Abha_Asir_Province.html#REVIEWS
(5 reviews),Abha,,,0,,,https://www.tripadvisor.com/Restaurant_Review-g298542-d21159834-Reviews-Soho_Square_Restaurant-Abha_Asir_Province.html#REVIEWS
(34 reviews),Abha,,,0,,,https://www.tripadvisor.com/Restaurant_Review-g298542-d4481439-Reviews-Al_sinara-Abha_Asir_Province.html#REVIEWS
(4 reviews),Abha,,,0,,,https://www.tripadvisor.com/Restaurant_Review-g298542-d19612309-Reviews-N_lounge-Abha_Asir_Province.html#REVIEWS
(10 reviews),Abha,,,0,,,https://www.tripadvisor.com/Restaurant_Review-g298542-d6652640-Reviews-Palm_Court_Cafe-Abha_Asir_Province.html#REVIEWS
(1 review),Abha,,,0,,,https://www.tripadvisor.com/Restaurant_Review-g298542-d17818996-Reviews-Leon_Cafe-Abha_Asir_Province.html#REVIEWS
(13 reviews),Abha,,,0,,,https://www.tripadvisor.com/Restaurant_Review-g298542-d11910485-Reviews-Friends_Burger_House_of_Burger-Abha_Asir_Province.html#REVIEWS
(3 reviews),Abha,,,0,,,https://www.tripadvisor.com/Restaurant_Review-g298542-d23510602-Reviews-Aala_Bali-Abha_Asir_Province.html#REVIEWS
(1 review),Abha,,,0,,,https://www.tripadvisor.com/Restaurant_Review-g298542-d28396368-Reviews-Bon_Appetit_Grill-Abha_Asir_Province.html#REVIEWS
(1 review),Abha,,,0,,,https://www.tripadvisor.com/Restaurant_Review-g298542-d27699795-Reviews-Golden_Circle_Indian_Restaurant-Abha_Asir_Province.html#REVIEWS
(4 reviews),Abha,,,0,,,https://www.tripadvisor.com/Restaurant_Review-g298542-d23418260-Reviews-Nine_Senses_Cafe-Abha_Asir_Province.html#REVIEWS
(3 reviews),Abha,,,0,,,https://www.tripadvisor.com/Restaurant_Review-g298542-d21163832-Reviews-Burger_King_Abha_Al_Mansak-Abha_Asir_Province.html#REVIEWS
(1 review),Abha,,,0,,,https://www.tripadvisor.com/Restaurant_Review-g298542-d28026663-Reviews-Kabsa_Al_Watan-Abha_Asir_Province.html#REVIEWS
(3 reviews),Abha,,,0,,,https://www.tripadvisor.com/Restaurant_Review-g298542-d21153228-Reviews-Burger_King_Al_Rashid_Mall_Abha-Abha_Asir_Province.html#REVIEWS
(16 reviews),Abha,,,0,,,https://www.tripadvisor.com/Restaurant_Review-g298542-d12679686-Reviews-Maharaj_Indian_Restaurant-Abha_Asir_Province.html#REVIEWS
(15 reviews),Abha,,,0,,,https://www.tripadvisor.com/Restaurant_Review-g298542-d4697673-Reviews-KFC-Abha_Asir_Province.html#REVIEWS
(8 reviews),Abha,,,0,,,https://www.tripadvisor.com/Restaurant_Review-g298542-d10696513-Reviews-Pizza_Hut-Abha_Asir_Province.html#REVIEWS
(1 review),Abha,,,0,,,https://www.tripadvisor.com/Restaurant_Review-g298542-d21159059-Reviews-Texas_Chicken_Rashed_Abha-Abha_Asir_Province.html#REVIEWS
(1 review),Abha,,,0,,,https://www.tripadvisor.com/Restaurant_Review-g298542-d26772055-Reviews-Sandwich-Abha_Asir_Province.html#REVIEWS
(1 review),Abha,,,0,,,https://www.tripadvisor.com/Restaurant_Review-g298542-d20946315-Reviews-Starbucks-Abha_Asir_Province.html#REVIEWS
(1 review),Abha,,,0,,,https://www.tripadvisor.com/Restaurant_Review-g298542-d23554193-Reviews-Ysabel_Restaurant-Abha_Asir_Province.html#REVIEWS
(0 reviews),Abha,,,0,,,https://www.tripadvisor.com/Restaurant_Review-g298542-d23924069-Reviews-Abha_Rooftop-Abha_Asir_Province.html#REVIEWS
(0 reviews),Tabuk,,,0,,,https://www.tripadvisor.com/Restaurant_Review-g27969000-d34167843-Reviews-Maestro_Pizza-Tabuk_Tabuk_Province.html#REVIEWS
(0 reviews),Tabuk,,,0,,,https://www.tripadvisor.com/Restaurant_Review-g27969000-d34167910-Reviews-Maestro_Pizza-Tabuk_Tabuk_Province.html#REVIEWS
(3 reviews),Yanbu,,,0,,,https://www.tripadvisor.com/Restaurant_Review-g298554-d23611952-Reviews-Kaylah_Lounge-Yanbu_Al_Madinah_Province.html#REVIEWS
(30 reviews),Yanbu,,,0,,,https://www.tripadvisor.com/Restaurant_Review-g298554-d13504903-Reviews-Guzel_Saray_Restaurant-Yanbu_Al_Madinah_Province.html#REVIEWS
(19 reviews),Yanbu,,,0,,,https://www.tripadvisor.com/Restaurant_Review-g298554-d10559293-Reviews-Jasmine_Restaurant-Yanbu_Al_Madinah_Province.html#REVIEWS
(33 reviews),Yanbu,,,0,,,https://www.tripadvisor.com/Restaurant_Review-g298554-d13671532-Reviews-Al_Marsah_Seafood_Restaurant-Yanbu_Al_Madinah_Province.html#REVIEWS
(26 reviews),Yanbu,,,0,,,https://www.tripadvisor.com/Restaurant_Review-g298554-d13809579-Reviews-Aljaddaf_Restaurant-Yanbu_Al_Madinah_Province.html#REVIEWS
(46 reviews),Yanbu,,,0,,,https://www.tripadvisor.com/Restaurant_Review-g298554-d4309326-Reviews-The_Ocean_Restaurant-Yanbu_Al_Madinah_Province.html#REVIEWS
(6 reviews),Yanbu,,,0,,,https://www.tripadvisor.com/Restaurant_Review-g298554-d21303237-Reviews-Basil_Flavor-Yanbu_Al_Madinah_Province.html#REVIEWS
(6 reviews),Yanbu,,,0,,,https://www.tripadvisor.com/Restaurant_Review-g298554-d23100212-Reviews-Sultan_Grill-Yanbu_Al_Madinah_Province.html#REVIEWS
(41 reviews),Yanbu,,,0,,,https://www.tripadvisor.com/Restaurant_Review-g298554-d5075646-Reviews-The_Shangri_La_Chinese_Restaurant-Yanbu_Al_Madinah_Province.html#REVIEWS
(11 reviews),Yanbu,,,0,,,https://www.tripadvisor.com/Restaurant_Review-g298554-d12794551-Reviews-Al_Qarafi_Seafood-Yanbu_Al_Madinah_Province.html#REVIEWS
(58 reviews),Yanbu,,,0,,,https://www.tripadvisor.com/Restaurant_Review-g298554-d3573415-Reviews-Ostorah_Restaurant-Yanbu_Al_Madinah_Province.html#REVIEWS
(3 reviews),Yanbu,,,0,,,https://www.tripadvisor.com/Restaurant_Review-g298554-d17758124-Reviews-Ibis_Yanbu_Resturant-Yanbu_Al_Madinah_Province.html#REVIEWS
(14 reviews),Yanbu,,,0,,,https://www.tripadvisor.com/Restaurant_Review-g298554-d13503628-Reviews-Al_Tazaj-Yanbu_Al_Madinah_Province.html#REVIEWS
(3 reviews),Yanbu,,,0,,,https://www.tripadvisor.com/Restaurant_Review-g298554-d21334284-Reviews-Khayal_Restaurant-Yanbu_Al_Madinah_Province.html#REVIEWS
(17 reviews),Yanbu,,,0,,,https://www.tripadvisor.com/Restaurant_Review-g298554-d10833553-Reviews-Domino_s-Yanbu_Al_Madinah_Province.html#REVIEWS
(7 reviews),Yanbu,,,0,,,https://www.tripadvisor.com/Restaurant_Review-g298554-d12386338-Reviews-Pizza_house-Yanbu_Al_Madinah_Province.html#REVIEWS
(6 reviews),Yanbu,,,0,,,https://www.tripadvisor.com/Restaurant_Review-g298554-d13276371-Reviews-West_Burger-Yanbu_Al_Madinah_Province.html#REVIEWS
(1 review),Yanbu,,,0,,,https://www.tripadvisor.com/Restaurant_Review-g298554-d27071041-Reviews-Meats_Tune-Yanbu_Al_Madinah_Province.html#REVIEWS
(11 reviews),Yanbu,,,0,,,https://www.tripadvisor.com/Restaurant_Review-g298554-d13307739-Reviews-Zafran_Restaurant-Yanbu_Al_Madinah_Province.html#REVIEWS
(1 review),Yanbu,,,0,,,https://www.tripadvisor.com/Restaurant_Review-g298554-d20048299-Reviews-Grill_House_Restaurant-Yanbu_Al_Madinah_Province.html#REVIEWS
(2 reviews),Yanbu,,,0,,,https://www.tripadvisor.com/Restaurant_Review-g298554-d20330657-Reviews-Laheeb_Shawarma-Yanbu_Al_Madinah_Province.html#REVIEWS
(15 reviews),Yanbu,,,0,,,https://www.tripadvisor.com/Restaurant_Review-g298554-d2689546-Reviews-Canton-Yanbu_Al_Madinah_Province.html#REVIEWS
(8 reviews),Yanbu,,,0,,,https://www.tripadvisor.com/Restaurant_Review-g298554-d12639026-Reviews-Iskenderun-Yanbu_Al_Madinah_Province.html#REVIEWS
(8 reviews),Yanbu,,,0,,,https://www.tripadvisor.com/Restaurant_Review-g298554-d10325158-Reviews-Najil_Arab_Seafood_Family_Resturant-Yanbu_Al_Madinah_Province.html#REVIEWS
(1 review),Yanbu,,,0,,,https://www.tripadvisor.com/Restaurant_Review-g298554-d25306922-Reviews-Fun_Time_Lounge-Yanbu_Al_Madinah_Province.html#REVIEWS
(1 review),Yanbu,,,0,,,https://www.tripadvisor.com/Restaurant_Review-g298554-d23776161-Reviews-Fun_Time_Coffee-Yanbu_Al_Madinah_Province.html#REVIEWS
(2 reviews),Yanbu,,,0,,,https://www.tripadvisor.com/Restaurant_Review-g298554-d15848191-Reviews-Patch_Burger-Yanbu_Al_Madinah_Province.html#REVIEWS
(1 review),Yanbu,,,0,,,https://www.tripadvisor.com/Restaurant_Review-g298554-d25344223-Reviews-Sakifa_Restaurant_Cafe-Yanbu_Al_Madinah_Province.html#REVIEWS
(4 reviews),Yanbu,,,0,,,https://www.tripadvisor.com/Restaurant_Review-g298554-d13112707-Reviews-Kudu-Yanbu_Al_Madinah_Province.html#REVIEWS
(1 review),Yanbu,,,0,,,https://www.tripadvisor.com/Restaurant_Review-g298554-d20093014-Reviews-Mutabiq_Alfit_Alhulwani-Yanbu_Al_Madinah_Province.html#REVIEWS
(6 reviews),Yanbu,,,0,,,https://www.tripadvisor.com/Restaurant_Review-g298554-d13360955-Reviews-Damascene_Grill-Yanbu_Al_Madinah_Province.html#REVIEWS
AL-BAIK,Yanbu,,,0,,,https://www.tripadvisor.com/Restaurant_Review-g298554-d818208-Reviews-AL_BAIK-Yanbu_Al_Madinah_Province.html
(100 reviews),Jubail,,,0,,,https://www.tripadvisor.com/Restaurant_Review-g298544-d10755394-Reviews-Taya_Restaurant-Al_Jubail_Eastern_Province.html#REVIEWS
(215 reviews),Jubail,,,0,,,https://www.tripadvisor.com/Restaurant_Review-g298544-d10440405-Reviews-Brasa_De_Brazil-Al_Jubail_Eastern_Province.html#REVIEWS
(104 reviews),Jubail,,,0,,,https://www.tripadvisor.com/Restaurant_Review-g298544-d3461292-Reviews-Al_Diwan_Restaurant-Al_Jubail_Eastern_Province.html#REVIEWS
(120 reviews),Jubail,,,0,,,https://www.tripadvisor.com/Restaurant_Review-g298544-d3469015-Reviews-Al_Tuwayah_Buffet_Restaurant-Al_Jubail_Eastern_Province.html#REVIEWS
(225 reviews),Jubail,,,0,,,https://www.tripadvisor.com/Restaurant_Review-g298544-d1993416-Reviews-Steak_House-Al_Jubail_Eastern_Province.html#REVIEWS
(79 reviews),Jubail,,,0,,,https://www.tripadvisor.com/Restaurant_Review-g298544-d3411152-Reviews-Grillo-Al_Jubail_Eastern_Province.html#REVIEWS
(28 reviews),Jubail,,,0,,,https://www.tripadvisor.com/Restaurant_Review-g298544-d12622151-Reviews-Tandoori_House-Al_Jubail_Eastern_Province.html#REVIEWS
(80 reviews),Jubail,,,0,,,https://www.tripadvisor.com/Restaurant_Review-g298544-d12228921-Reviews-Outback_Steakhouse_Jubail-Al_Jubail_Eastern_Province.html#REVIEWS
(104 reviews),Jubail,,,0,,,https://www.tripadvisor.com/Restaurant_Review-g298544-d3959684-Reviews-Fuddruckers-Al_Jubail_Eastern_Province.html#REVIEWS
(115 reviews),Jubail,,,0,,,https://www.tripadvisor.com/Restaurant_Review-g298544-d2311074-Reviews-Applebee_s-Al_Jubail_Eastern_Province.html#REVIEWS
(21 reviews),Jubail,,,0,,,https://www.tripadvisor.com/Restaurant_Review-g298544-d16820247-Reviews-Red_Ginger-Al_Jubail_Eastern_Province.html#REVIEWS
(18 reviews),Jubail,,,0,,,https://www.tripadvisor.com/Restaurant_Review-g298544-d12878394-Reviews-Delhi_6-Al_Jubail_Eastern_Province.html#REVIEWS
(42 reviews),Jubail,,,0,,,https://www.tripadvisor.com/Restaurant_Review-g298544-d10901781-Reviews-Grand_Dunes_Indo_Arab_Family_Restaurant-Al_Jubail_Eastern_Province.html#REVIEWS
(26 reviews),Jubail,,,0,,,https://www.tripadvisor.com/Restaurant_Review-g298544-d11679882-Reviews-Masala_Restaurant-Al_Jubail_Eastern_Province.html#REVIEWS
(18 reviews),Jubail,,,0,,,https://www.tripadvisor.com/Restaurant_Review-g298544-d11788345-Reviews-RoyalDine-Al_Jubail_Eastern_Province.html#REVIEWS
(1 review),Jubail,,,0,,,https://www.tripadvisor.com/Restaurant_Review-g298544-d23553666-Reviews-Al_Naywah_Seafood_Restaurant-Al_Jubail_Eastern_Province.html#REVIEWS
(22 reviews),Jubail,,,0,,,https://www.tripadvisor.com/Restaurant_Review-g298544-d11934036-Reviews-The_Great_Wall_Chinese_Restaurant-Al_Jubail_Eastern_Province.html#REVIEWS
(13 reviews),Jubail,,,0,,,https://www.tripadvisor.com/Restaurant_Review-g298544-d15772760-Reviews-PULI_Contemporary_Indian_Cuisine-Al_Jubail_Eastern_Province.html#REVIEWS
(4 reviews),Jubail,,,0,,,https://www.tripadvisor.com/Restaurant_Review-g298544-d23733885-Reviews-Rotunda_Restaurant-Al_Jubail_Eastern_Province.html#REVIEWS
(50 reviews),Jubail,,,0,,,https://www.tripadvisor.com/Restaurant_Review-g298544-d9751270-Reviews-GULFAAM_Garden_of_Flavours-Al_Jubail_Eastern_Province.html#REVIEWS
(15 reviews),Jubail,,,0,,,https://www.tripadvisor.com/Restaurant_Review-g298544-d9598223-Reviews-Silver_Tower_Jubail-Al_Jubail_Eastern_Province.html#REVIEWS
(73 reviews),Jubail,,,0,,,https://www.tripadvisor.com/Restaurant_Review-g298544-d4212018-Reviews-CookXone-Al_Jubail_Eastern_Province.html#REVIEWS
(7 reviews),Jubail,,,0,,,https://www.tripadvisor.com/Restaurant_Review-g298544-d13135344-Reviews-Royal_Malabar_Family_Restaurant_Jubail-Al_Jubail_Eastern_Province.html#REVIEWS
(6 reviews),Jubail,,,0,,,https://www.tripadvisor.com/Restaurant_Review-g298544-d17374994-Reviews-Hems_Gardens_Restaurant-Al_Jubail_Eastern_Province.html#REVIEWS
(13 reviews),Jubail,,,0,,,https://www.tripadvisor.com/Restaurant_Review-g298544-d12880626-Reviews-Mama_Jee-Al_Jubail_Eastern_Province.html#REVIEWS
(44 reviews),Jubail,,,0,,,https://www.tripadvisor.com/Restaurant_Review-g298544-d4172928-Reviews-Chili_s-Al_Jubail_Eastern_Province.html#REVIEWS
(11 reviews),Jubail,,,0,,,https://www.tripadvisor.com/Restaurant_Review-g298544-d10475756-Reviews-Maestro_Pizza-Al_Jubail_Eastern_Province.html#REVIEWS
(10 reviews),Jubail,,,0,,,https://www.tripadvisor.com/Restaurant_Review-g298544-d10433936-Reviews-Pansitan-Al_Jubail_Eastern_Province.html#REVIEWS
(8 reviews),Jubail,,,0,,,https://www.tripadvisor.com/Restaurant_Review-g298544-d7239178-Reviews-Kalpaka-Al_Jubail_Eastern_Province.html#REVIEWS
(42 reviews),Jubail,,,0,,,https://www.tripadvisor.com/Restaurant_Review-g298544-d5498221-Reviews-Napoli_Restaurant-Al_Jubail_Eastern_Province.html#REVIEWS
(88 reviews),Al Ahsa,,,0,,,https://www.tripadvisor.com/Restaurant_Review-g298543-d10250312-Reviews-Flavors_Restaurant-Al_Ahsa_Eastern_Province.html#REVIEWS
(44 reviews),Al Ahsa,,,0,,,https://www.tripadvisor.com/Restaurant_Review-g3238664-d23885693-Reviews-Monde-Al_Hofuf_Al_Ahsa_Eastern_Province.html#REVIEWS
(25 reviews),Al Ahsa,,,0,,,https://www.tripadvisor.com/Restaurant_Review-g298543-d15016965-Reviews-AlKeet_Restaurant-Al_Ahsa_Eastern_Province.html#REVIEWS
(47 reviews),Al Ahsa,,,0,,,https://www.tripadvisor.com/Restaurant_Review-g3238664-d6762399-Reviews-Topaz_Restaurant_Cafe-Al_Hofuf_Al_Ahsa_Eastern_Province.html#REVIEWS
(63 reviews),Al Ahsa,,,0,,,https://www.tripadvisor.com/Restaurant_Review-g298543-d2619926-Reviews-Al_Bustan_Restaurant-Al_Ahsa_Eastern_Province.html#REVIEWS
(53 reviews),Al Ahsa,,,0,,,https://www.tripadvisor.com/Restaurant_Review-g3238664-d8479268-Reviews-Bharat_Indian_Kitchen-Al_Hofuf_Al_Ahsa_Eastern_Province.html#REVIEWS
(23 reviews),Al Ahsa,,,0,,,https://www.tripadvisor.com/Restaurant_Review-g298543-d16787332-Reviews-Dar_Basma-Al_Ahsa_Eastern_Province.html#REVIEWS
(12 reviews),Al Ahsa,,,0,,,https://www.tripadvisor.com/Restaurant_Review-g27696117-d27693232-Reviews-Lamont_Cafe-Al_Sultanyah_Al_Ahsa_Eastern_Province.html#REVIEWS
(4 reviews),Al Ahsa,,,0,,,https://www.tripadvisor.com/Restaurant_Review-g298543-d23082057-Reviews-Ojo_Restaurant-Al_Ahsa_Eastern_Province.html#REVIEWS
(1 review),Al Ahsa,,,0,,,https://www.tripadvisor.com/Restaurant_Review-g3238664-d19807844-Reviews-Petit_Paris-Al_Hofuf_Al_Ahsa_Eastern_Province.html#REVIEWS
(19 reviews),Al Ahsa,,,0,,,https://www.tripadvisor.com/Restaurant_Review-g298543-d16821630-Reviews-HASA_Steak_Grill-Al_Ahsa_Eastern_Province.html#REVIEWS
(2 reviews),Al Ahsa,,,0,,,https://www.tripadvisor.com/Restaurant_Review-g3238664-d23242099-Reviews-Erbil_Restaurant-Al_Hofuf_Al_Ahsa_Eastern_Province.html#REVIEWS
(14 reviews),Al Ahsa,,,0,,,https://www.tripadvisor.com/Restaurant_Review-g3238664-d24141348-Reviews-MOC_Restaurant-Al_Hofuf_Al_Ahsa_Eastern_Province.html#REVIEWS
(4 reviews),Al Ahsa,,,0,,,https://www.tripadvisor.com/Restaurant_Review-g3238664-d17591550-Reviews-Dot_Bakery_Cafe-Al_Hofuf_Al_Ahsa_Eastern_Province.html#REVIEWS
(40 reviews),Al Ahsa,,,0,,,https://www.tripadvisor.com/Restaurant_Review-g3238664-d12417042-Reviews-NOOBA_Kushari-Al_Hofuf_Al_Ahsa_Eastern_Province.html#REVIEWS
(10 reviews),Al Ahsa,,,0,,,https://www.tripadvisor.com/Restaurant_Review-g3238664-d17376005-Reviews-Tenderloin-Al_Hofuf_Al_Ahsa_Eastern_Province.html#REVIEWS
(25 reviews),Al Ahsa,,,0,,,https://www.tripadvisor.com/Restaurant_Review-g298543-d10261285-Reviews-Al_Maha_Lounge-Al_Ahsa_Eastern_Province.html#REVIEWS
(35 reviews),Al Ahsa,,,0,,,https://www.tripadvisor.com/Restaurant_Review-g298543-d8520929-Reviews-Saffron_Island_Restaurant-Al_Ahsa_Eastern_Province.html#REVIEWS
(18 reviews),Al Ahsa,,,0,,,https://www.tripadvisor.com/Restaurant_Review-g3238664-d8299190-Reviews-Curry_n_Hurry-Al_Hofuf_Al_Ahsa_Eastern_Province.html#REVIEWS
(2 reviews),Al Ahsa,,,0,,,https://www.tripadvisor.com/Restaurant_Review-g3238664-d25043999-Reviews-Al_Romansiah-Al_Hofuf_Al_Ahsa_Eastern_Province.html#REVIEWS
(12 reviews),Al Ahsa,,,0,,,https://www.tripadvisor.com/Restaurant_Review-g3238664-d10164683-Reviews-Joman_Restaurant_Kitchens-Al_Hofuf_Al_Ahsa_Eastern_Province.html#REVIEWS
(18 reviews),Al Ahsa,,,0,,,https://www.tripadvisor.com/Restaurant_Review-g3238664-d11891180-Reviews-Al_Mahar_Restaurant-Al_Hofuf_Al_Ahsa_Eastern_Province.html#REVIEWS
(16 reviews),Al Ahsa,,,0,,,https://www.tripadvisor.com/Restaurant_Review-g3238664-d12536879-Reviews-Ward_ElDaar-Al_Hofuf_Al_Ahsa_Eastern_Province.html#REVIEWS
(4 reviews),Al Ahsa,,,0,,,https://www.tripadvisor.com/Restaurant_Review-g298543-d12836109-Reviews-Al_Sayyed_Cafe-Al_Ahsa_Eastern_Province.html#REVIEWS
(32 reviews),Al Ahsa,,,0,,,https://www.tripadvisor.com/Restaurant_Review-g3238664-d10269223-Reviews-Maestro_Pizza-Al_Hofuf_Al_Ahsa_Eastern_Province.html#REVIEWS
(22 reviews),Al Ahsa,,,0,,,https://www.tripadvisor.com/Restaurant_Review-g3238664-d10458216-Reviews-Kudu-Al_Hofuf_Al_Ahsa_Eastern_Province.html#REVIEWS
(4 reviews),Al Ahsa,,,0,,,https://www.tripadvisor.com/Restaurant_Review-g3238664-d12911098-Reviews-Selective-Al_Hofuf_Al_Ahsa_Eastern_Province.html#REVIEWS
(4 reviews),Al Ahsa,,,0,,,https://www.tripadvisor.com/Restaurant_Review-g3238664-d23440471-Reviews-Horn_Smokehouse_Restaurant-Al_Hofuf_Al_Ahsa_Eastern_Province.html#REVIEWS
(5 reviews),Al Ahsa,,,0,,,https://www.tripadvisor.com/Restaurant_Review-g298543-d13235565-Reviews-Mistca-Al_Ahsa_Eastern_Province.html#REVIEWS
(2 reviews),Al Ahsa,,,0,,,https://www.tripadvisor.com/Restaurant_Review-g3238664-d34426207-Reviews-Mamroos_Choux-Al_Hofuf_Al_Ahsa_Eastern_Province.html#REVIEWS
(2 reviews),Al Ahsa,,,0,,,https://www.tripadvisor.com/Restaurant_Review-g3238664-d12030587-Reviews-Green_Valley_Filipino_Restaurant-Al_Hofuf_Al_Ahsa_Eastern_Province.html#REVIEWS
(4 reviews),Al Ahsa,,,0,,,https://www.tripadvisor.com/Restaurant_Review-g3238664-d11903796-Reviews-The_Crawley_s_Cafe-Al_Hofuf_Al_Ahsa_Eastern_Province.html#REVIEWS
(2 reviews),Al Ahsa,,,0,,,https://www.tripadvisor.com/Restaurant_Review-g3238664-d25066800-Reviews-LA_LIST_Cafe_Restaurant-Al_Hofuf_Al_Ahsa_Eastern_Province.html#REVIEWS
(23 reviews),Al Ahsa,,,0,,,https://www.tripadvisor.com/Restaurant_Review-g3238664-d7375775-Reviews-Amore_s-Al_Hofuf_Al_Ahsa_Eastern_Province.html#REVIEWS
(43 reviews),Al Ula,,,0,,,https://www.tripadvisor.com/Restaurant_Review-g1802184-d25064724-Reviews-Entrecote_Cafe_de_Paris-AlUla_Al_Madinah_Province.html#REVIEWS
(61 reviews),Al Ula,,,0,,,https://www.tripadvisor.com/Restaurant_Review-g1802184-d25160397-Reviews-Harrat-AlUla_Al_Madinah_Province.html#REVIEWS
(6 reviews),Al Ula,,,0,,,https://www.tripadvisor.com/Restaurant_Review-g1802184-d27189899-Reviews-Villa_Fayrouz_AlUla-AlUla_Al_Madinah_Province.html#REVIEWS
(20 reviews),Al Ula,,,0,,,https://www.tripadvisor.com/Restaurant_Review-g1802184-d25103384-Reviews-Somewhere_AlUla-AlUla_Al_Madinah_Province.html#REVIEWS
(28 reviews),Al Ula,,,0,,,https://www.tripadvisor.com/Restaurant_Review-g1802184-d25259776-Reviews-Tama_Restaurant-AlUla_Al_Madinah_Province.html#REVIEWS
(51 reviews),Al Ula,,,0,,,https://www.tripadvisor.com/Restaurant_Review-g1802184-d25160362-Reviews-Saffron-AlUla_Al_Madinah_Province.html#REVIEWS
(13 reviews),Al Ula,,,0,,,https://www.tripadvisor.com/Restaurant_Review-g1802184-d33675723-Reviews-Joontos_Restaurant_at_Dar_Tantora_The_House_Hotel-AlUla_Al_Madinah_Province.html#REVIEWS
(7 reviews),Al Ula,,,0,,,https://www.tripadvisor.com/Restaurant_Review-g1802184-d25252765-Reviews-Okto_At_Harrat_Viewpoint-AlUla_Al_Madinah_Province.html#REVIEWS
(3 reviews),Al Ula,,,0,,,https://www.tripadvisor.com/Restaurant_Review-g1802184-d27148706-Reviews-Ducasse_in_AlUla-AlUla_Al_Madinah_Province.html#REVIEWS
(12 reviews),Al Ula,,,0,,,https://www.tripadvisor.com/Restaurant_Review-g1802184-d25103402-Reviews-Somewhere-AlUla_Al_Madinah_Province.html#REVIEWS
(9 reviews),Al Ula,,,0,,,https://www.tripadvisor.com/Restaurant_Review-g1802184-d25806582-Reviews-Tawlat_Fayza-AlUla_Al_Madinah_Province.html#REVIEWS
(4 reviews),Al Ula,,,0,,,https://www.tripadvisor.com/Restaurant_Review-g1802184-d25245771-Reviews-Salt-AlUla_Al_Madinah_Province.html#REVIEWS
(2 reviews),Al Ula,,,0,,,https://www.tripadvisor.com/Restaurant_Review-g1802184-d27184258-Reviews-Zalata-AlUla_Al_Madinah_Province.html#REVIEWS
(28 reviews),Al Ula,,,0,,,https://www.tripadvisor.com/Restaurant_Review-g1802184-d17778318-Reviews-AlUla_Palace_Restaurant_Kitchen-AlUla_Al_Madinah_Province.html#REVIEWS
(3 reviews),Al Ula,,,0,,,https://www.tripadvisor.com/Restaurant_Review-g1802184-d26501689-Reviews-Country_Loaf_Restaurant-AlUla_Al_Madinah_Province.html#REVIEWS
(5 reviews),Al Ula,,,0,,,https://www.tripadvisor.com/Restaurant_Review-g1802184-d26866384-Reviews-Freshhouse-AlUla_Al_Madinah_Province.html#REVIEWS
(11 reviews),Al Ula,,,0,,,https://www.tripadvisor.com/Restaurant_Review-g1802184-d27099372-Reviews-Osturi-AlUla_Al_Madinah_Province.html#REVIEWS
(6 reviews),Al Ula,,,0,,,https://www.tripadvisor.com/Restaurant_Review-g1802184-d32701603-Reviews-Habteen_Shawarma-AlUla_Al_Madinah_Province.html#REVIEWS
(3 reviews),Al Ula,,,0,,,https://www.tripadvisor.com/Restaurant_Review-g1802184-d26682245-Reviews-Being-AlUla_Al_Madinah_Province.html#REVIEWS
(6 reviews),Al Ula,,,0,,,https://www.tripadvisor.com/Restaurant_Review-g1802184-d17778428-Reviews-Turasiya_Garden_Restaurant-AlUla_Al_Madinah_Province.html#REVIEWS
(3 reviews),Al Ula,,,0,,,https://www.tripadvisor.com/Restaurant_Review-g1802184-d27177702-Reviews-Cafe_Ruc_Alula-AlUla_Al_Madinah_Province.html#REVIEWS
(11 reviews),Al Ula,,,0,,,https://www.tripadvisor.com/Restaurant_Review-g1802184-d23183204-Reviews-Suhail_AlUla-AlUla_Al_Madinah_Province.html#REVIEWS
(4 reviews),Al Ula,,,0,,,https://www.tripadvisor.com/Restaurant_Review-g1802184-d21362906-Reviews-Barzan_Rural_Resort-AlUla_Al_Madinah_Province.html#REVIEWS
(2 reviews),Al Ula,,,0,,,https://www.tripadvisor.com/Restaurant_Review-g1802184-d23179912-Reviews-Al_Rahbah-AlUla_Al_Madinah_Province.html#REVIEWS
(3 reviews),Al Ula,,,0,,,https://www.tripadvisor.com/Restaurant_Review-g1802184-d17778383-Reviews-Bin_Eid_Bakeries-AlUla_Al_Madinah_Province.html#REVIEWS
(1 review),Al Ula,,,0,,,https://www.tripadvisor.com/Restaurant_Review-g1802184-d32698191-Reviews-Shrimp_Nation-AlUla_Al_Madinah_Province.html#REVIEWS
(7 reviews),Al Ula,,,0,,,https://www.tripadvisor.com/Restaurant_Review-g1802184-d25221335-Reviews-Maraya_Social-AlUla_Al_Madinah_Province.html#REVIEWS
(2 reviews),Al Ula,,,0,,,https://www.tripadvisor.com/Restaurant_Review-g1802184-d25587801-Reviews-Richy_Pizza-AlUla_Al_Madinah_Province.html#REVIEWS
(4 reviews),Al Ula,,,0,,,https://www.tripadvisor.com/Restaurant_Review-g1802184-d17778414-Reviews-Derwas_Corner_Restaurant-AlUla_Al_Madinah_Province.html#REVIEWS
(10 reviews),Al Ula,,,0,,,https://www.tripadvisor.com/Restaurant_Review-g1802184-d19454591-Reviews-Tetra_Pizza-AlUla_Al_Madinah_Province.html#REVIEWS
(1 review),Al Ula,,,0,,,https://www.tripadvisor.com/Restaurant_Review-g1802184-d31672494-Reviews-La_Romana_Dal_1947-AlUla_Al_Madinah_Province.html#REVIEWS
"RESTAURANTMovenpick Hotel Qassim; Al Nakheel Restaurant4.14.1 of 5 bubbles(68 reviews)Buraidah, Saudi Arabia3 mentions ofBuraydah""…helpful from concierge to managers
Variety of food with stunning view ofBuraydah…""",Buraydah,,,0,,,https://www.tripadvisor.com/Restaurant_Review-g652389-d7247704-Reviews-Movenpick_Hotel_Qassim_Al_Nakheel_Restaurant-Buraidah_Al_Qasim_Province.html
(68 reviews),Buraydah,,,0,,,https://www.tripadvisor.com/Restaurant_Review-g652389-d7247704-Reviews-Movenpick_Hotel_Qassim_Al_Nakheel_Restaurant-Buraidah_Al_Qasim_Province.html#REVIEWS
"RESTAURANTApplebee's Restaurant3.93.9 of 5 bubbles(39 reviews)Buraidah, Saudi Arabia4 mentions ofBuraydah""…Great taste, the best restaurant inburaydah.…""",Buraydah,,,0,,,https://www.tripadvisor.com/Restaurant_Review-g652389-d8555346-Reviews-Applebee_s_Restaurant-Buraidah_Al_Qasim_Province.html
(39 reviews),Buraydah,,,0,,,https://www.tripadvisor.com/Restaurant_Review-g652389-d8555346-Reviews-Applebee_s_Restaurant-Buraidah_Al_Qasim_Province.html#REVIEWS
"RESTAURANTVenor3.83.8 of 5 bubbles(6 reviews)Buraidah, Saudi Arabia2 mentions ofBuraydah""…By far one of the best fine dining places inBuraydah.…""",Buraydah,,,0,,,https://www.tripadvisor.com/Restaurant_Review-g652389-d23064838-Reviews-Venor-Buraidah_Al_Qasim_Province.html
(6 reviews),Buraydah,,,0,,,https://www.tripadvisor.com/Restaurant_Review-g652389-d23064838-Reviews-Venor-Buraidah_Al_Qasim_Province.html#REVIEWS
"RESTAURANTTaj Mahal4.14.1 of 5 bubbles(8 reviews)Buraidah, Saudi Arabia1 mention ofBuraydah""…for authentic Indian food with good ambience you got to visit Taj MahalBuraydah.…""",Buraydah,,,0,,,https://www.tripadvisor.com/Restaurant_Review-g652389-d16754665-Reviews-Taj_Mahal-Buraidah_Al_Qasim_Province.html
(8 reviews),Buraydah,,,0,,,https://www.tripadvisor.com/Restaurant_Review-g652389-d16754665-Reviews-Taj_Mahal-Buraidah_Al_Qasim_Province.html#REVIEWS
"RESTAURANTBella Roma3.43.4 of 5 bubbles(19 reviews)Buraidah, Saudi Arabia1 mention ofBuraydah""…Nice quiet romantic place in one of the best roads inBuraydah...OmarBen…""",Buraydah,,,0,,,https://www.tripadvisor.com/Restaurant_Review-g652389-d7728364-Reviews-Bella_Roma-Buraidah_Al_Qasim_Province.html
(19 reviews),Buraydah,,,0,,,https://www.tripadvisor.com/Restaurant_Review-g652389-d7728364-Reviews-Bella_Roma-Buraidah_Al_Qasim_Province.html#REVIEWS
"RESTAURANTLevanti Cafe3.53.5 of 5 bubbles(2 reviews)Buraidah, Saudi Arabia1 mention ofBuraydah""…Very modern cafe restaurant inBuraydah.…""",Buraydah,,,0,,,https://www.tripadvisor.com/Restaurant_Review-g652389-d12899333-Reviews-Levanti_Cafe-Buraidah_Al_Qasim_Province.html
(2 reviews),Buraydah,,,0,,,https://www.tripadvisor.com/Restaurant_Review-g652389-d12899333-Reviews-Levanti_Cafe-Buraidah_Al_Qasim_Province.html#REVIEWS
"RESTAURANTBuffalo Wild Wings - BuraydahBuraidah, Saudi Arabia",Buraydah,,,0,,,https://www.tripadvisor.com/Restaurant_Review-g652389-d21152845-Reviews-Buffalo_Wild_Wings_Buraydah-Buraidah_Al_Qasim_Province.html
"RESTAURANTNORD cafe4.84.8 of 5 bubbles(6 reviews)Buraidah, Saudi Arabia",Buraydah,,,0,,,https://www.tripadvisor.com/Restaurant_Review-g652389-d16057880-Reviews-NORD_cafe-Buraidah_Al_Qasim_Province.html
(6 reviews),Buraydah,,,0,,,https://www.tripadvisor.com/Restaurant_Review-g652389-d16057880-Reviews-NORD_cafe-Buraidah_Al_Qasim_Province.html#REVIEWS
"RESTAURANTMeaty buns5.05 of 5 bubbles(4 reviews)Buraidah, Saudi Arabia",Buraydah,,,0,,,https://www.tripadvisor.com/Restaurant_Review-g652389-d14189174-Reviews-Meaty_buns-Buraidah_Al_Qasim_Province.html
(4 reviews),Buraydah,,,0,,,https://www.tripadvisor.com/Restaurant_Review-g652389-d14189174-Reviews-Meaty_buns-Buraidah_Al_Qasim_Province.html#REVIEWS
"RESTAURANTPickles and Falafel‎4.64.6 of 5 bubbles(20 reviews)Buraidah, Saudi Arabia",Buraydah,,,0,,,https://www.tripadvisor.com/Restaurant_Review-g652389-d15855995-Reviews-Pickles_and_Falafel-Buraidah_Al_Qasim_Province.html
(20 reviews),Buraydah,,,0,,,https://www.tripadvisor.com/Restaurant_Review-g652389-d15855995-Reviews-Pickles_and_Falafel-Buraidah_Al_Qasim_Province.html#REVIEWS
"RESTAURANTBash Coffee4.64.6 of 5 bubbles(5 reviews)Buraidah, Saudi Arabia",Buraydah,,,0,,,https://www.tripadvisor.com/Restaurant_Review-g652389-d13172103-Reviews-Bash_Coffee-Buraidah_Al_Qasim_Province.html
(5 reviews),Buraydah,,,0,,,https://www.tripadvisor.com/Restaurant_Review-g652389-d13172103-Reviews-Bash_Coffee-Buraidah_Al_Qasim_Province.html#REVIEWS
"RESTAURANTTop View5.05 of 5 bubbles(2 reviews)Buraidah, Saudi Arabia",Buraydah,,,0,,,https://www.tripadvisor.com/Restaurant_Review-g652389-d24868258-Reviews-Top_View-Buraidah_Al_Qasim_Province.html
(2 reviews),Buraydah,,,0,,,https://www.tripadvisor.com/Restaurant_Review-g652389-d24868258-Reviews-Top_View-Buraidah_Al_Qasim_Province.html#REVIEWS
"RESTAURANTPastaresa Restaurant and Cafe4.54.5 of 5 bubbles(2 reviews)Buraidah, Saudi Arabia",Buraydah,,,0,,,https://www.tripadvisor.com/Restaurant_Review-g652389-d23695214-Reviews-Pastaresa_Restaurant_and_Cafe-Buraidah_Al_Qasim_Province.html
(2 reviews),Buraydah,,,0,,,https://www.tripadvisor.com/Restaurant_Review-g652389-d23695214-Reviews-Pastaresa_Restaurant_and_Cafe-Buraidah_Al_Qasim_Province.html#REVIEWS
"RESTAURANTKaram5.05 of 5 bubbles(2 reviews)Buraidah, Saudi Arabia",Buraydah,,,0,,,https://www.tripadvisor.com/Restaurant_Review-g652389-d20378958-Reviews-Karam-Buraidah_Al_Qasim_Province.html
(2 reviews),Buraydah,,,0,,,https://www.tripadvisor.com/Restaurant_Review-g652389-d20378958-Reviews-Karam-Buraidah_Al_Qasim_Province.html#REVIEWS
"RESTAURANTPizza Hut3.63.6 of 5 bubbles(9 reviews)Buraidah, Saudi Arabia",Buraydah,,,0,,,https://www.tripadvisor.com/Restaurant_Review-g652389-d10696962-Reviews-Pizza_Hut-Buraidah_Al_Qasim_Province.html
(9 reviews),Buraydah,,,0,,,https://www.tripadvisor.com/Restaurant_Review-g652389-d10696962-Reviews-Pizza_Hut-Buraidah_Al_Qasim_Province.html#REVIEWS
"RESTAURANTDomino's Pizza3.93.9 of 5 bubbles(14 reviews)Buraidah, Saudi Arabia",Buraydah,,,0,,,https://www.tripadvisor.com/Restaurant_Review-g652389-d10831294-Reviews-Domino_s_Pizza-Buraidah_Al_Qasim_Province.html
(14 reviews),Buraydah,,,0,,,https://www.tripadvisor.com/Restaurant_Review-g652389-d10831294-Reviews-Domino_s_Pizza-Buraidah_Al_Qasim_Province.html#REVIEWS
"RESTAURANTPure Seafood Restaurant3.23.2 of 5 bubbles(5 reviews)Buraidah, Saudi Arabia",Buraydah,,,0,,,https://www.tripadvisor.com/Restaurant_Review-g652389-d15129666-Reviews-Pure_Seafood_Restaurant-Buraidah_Al_Qasim_Province.html
(5 reviews),Buraydah,,,0,,,https://www.tripadvisor.com/Restaurant_Review-g652389-d15129666-Reviews-Pure_Seafood_Restaurant-Buraidah_Al_Qasim_Province.html#REVIEWS
"RESTAURANTSeeneez3.93.9 of 5 bubbles(17 reviews)Buraidah, Saudi Arabia",Buraydah,,,0,,,https://www.tripadvisor.com/Restaurant_Review-g652389-d8727980-Reviews-Seeneez-Buraidah_Al_Qasim_Province.html
(17 reviews),Buraydah,,,0,,,https://www.tripadvisor.com/Restaurant_Review-g652389-d8727980-Reviews-Seeneez-Buraidah_Al_Qasim_Province.html#REVIEWS
"RESTAURANTRoma Way4.24.2 of 5 bubbles(5 reviews)Buraidah, Saudi Arabia",Buraydah,,,0,,,https://www.tripadvisor.com/Restaurant_Review-g652389-d7224021-Reviews-Roma_Way-Buraidah_Al_Qasim_Province.html
(5 reviews),Buraydah,,,0,,,https://www.tripadvisor.com/Restaurant_Review-g652389-d7224021-Reviews-Roma_Way-Buraidah_Al_Qasim_Province.html#REVIEWS
"RESTAURANTFan Jan Cafe3.83.8 of 5 bubbles(19 reviews)Buraidah, Saudi Arabia",Buraydah,,,0,,,https://www.tripadvisor.com/Restaurant_Review-g652389-d9456235-Reviews-Fan_Jan_Cafe-Buraidah_Al_Qasim_Province.html
(19 reviews),Buraydah,,,0,,,https://www.tripadvisor.com/Restaurant_Review-g652389-d9456235-Reviews-Fan_Jan_Cafe-Buraidah_Al_Qasim_Province.html#REVIEWS
"RESTAURANTGAP Café5.05 of 5 bubbles(1 review)Buraidah, Saudi Arabia",Buraydah,,,0,,,https://www.tripadvisor.com/Restaurant_Review-g652389-d21175836-Reviews-GAP_Cafe-Buraidah_Al_Qasim_Province.html
(1 review),Buraydah,,,0,,,https://www.tripadvisor.com/Restaurant_Review-g652389-d21175836-Reviews-GAP_Cafe-Buraidah_Al_Qasim_Province.html#REVIEWS
"RESTAURANTMich Cafe5.05 of 5 bubbles(1 review)Buraidah, Saudi Arabia",Buraydah,,,0,,,https://www.tripadvisor.com/Restaurant_Review-g652389-d33160708-Reviews-Mich_Cafe-Buraidah_Al_Qasim_Province.html
(1 review),Buraydah,,,0,,,https://www.tripadvisor.com/Restaurant_Review-g652389-d33160708-Reviews-Mich_Cafe-Buraidah_Al_Qasim_Province.html#REVIEWS
"RESTAURANTReyash Restaurant1.01 of 5 bubbles(1 review)Buraidah, Saudi Arabia",Buraydah,,,0,,,https://www.tripadvisor.com/Restaurant_Review-g652389-d24107283-Reviews-Reyash_Restaurant-Buraidah_Al_Qasim_Province.html
(1 review),Buraydah,,,0,,,https://www.tripadvisor.com/Restaurant_Review-g652389-d24107283-Reviews-Reyash_Restaurant-Buraidah_Al_Qasim_Province.html#REVIEWS
"RESTAURANT300 Degrees4.04 of 5 bubbles(1 review)Buraidah, Saudi Arabia",Buraydah,,,0,,,https://www.tripadvisor.com/Restaurant_Review-g652389-d23804906-Reviews-300_Degrees-Buraidah_Al_Qasim_Province.html
(1 review),Buraydah,,,0,,,https://www.tripadvisor.com/Restaurant_Review-g652389-d23804906-Reviews-300_Degrees-Buraidah_Al_Qasim_Province.html#REVIEWS
"RESTAURANTFeeshon Indian food3.83.8 of 5 bubbles(19 reviews)Buraidah, Saudi Arabia",Buraydah,,,0,,,https://www.tripadvisor.com/Restaurant_Review-g652389-d12934562-Reviews-Feeshon_Indian_food-Buraidah_Al_Qasim_Province.html
(19 reviews),Buraydah,,,0,,,https://www.tripadvisor.com/Restaurant_Review-g652389-d12934562-Reviews-Feeshon_Indian_food-Buraidah_Al_Qasim_Province.html#REVIEWS
"RESTAURANTMelicon4.04 of 5 bubbles(7 reviews)Buraidah, Saudi Arabia",Buraydah,,,0,,,https://www.tripadvisor.com/Restaurant_Review-g652389-d10480632-Reviews-Melicon-Buraidah_Al_Qasim_Province.html
(7 reviews),Buraydah,,,0,,,https://www.tripadvisor.com/Restaurant_Review-g652389-d10480632-Reviews-Melicon-Buraidah_Al_Qasim_Province.html#REVIEWS
"RESTAURANTPizza Hut3.73.7 of 5 bubbles(3 reviews)Buraidah, Saudi Arabia",Buraydah,,,0,,,https://www.tripadvisor.com/Restaurant_Review-g652389-d10692188-Reviews-Pizza_Hut-Buraidah_Al_Qasim_Province.html
(3 reviews),Buraydah,,,0,,,https://www.tripadvisor.com/Restaurant_Review-g652389-d10692188-Reviews-Pizza_Hut-Buraidah_Al_Qasim_Province.html#REVIEWS
"RESTAURANTRipple Cafe4.04 of 5 bubbles(3 reviews)Buraidah, Saudi Arabia",Buraydah,,,0,,,https://www.tripadvisor.com/Restaurant_Review-g652389-d12799802-Reviews-Ripple_Cafe-Buraidah_Al_Qasim_Province.html
(3 reviews),Buraydah,,,0,,,https://www.tripadvisor.com/Restaurant_Review-g652389-d12799802-Reviews-Ripple_Cafe-Buraidah_Al_Qasim_Province.html#REVIEWS
"RESTAURANTGrandma's House Restaurants5.05 of 5 bubbles(2 reviews)Buraidah, Saudi Arabia",Buraydah,,,0,,,https://www.tripadvisor.com/Restaurant_Review-g652389-d25310440-Reviews-Grandma_s_House_Restaurants-Buraidah_Al_Qasim_Province.html
(2 reviews),Buraydah,,,0,,,https://www.tripadvisor.com/Restaurant_Review-g652389-d25310440-Reviews-Grandma_s_House_Restaurants-Buraidah_Al_Qasim_Province.html#REVIEWS
"RESTAURANTBurger KingBuraidah, Saudi Arabia",Buraydah,,,0,,,https://www.tripadvisor.com/Restaurant_Review-g652389-d21156133-Reviews-Burger_King-Buraidah_Al_Qasim_Province.html
"RESTAURANTHail Mary Burleigh4.34.3 of 5 bubbles(80 reviews)Burleigh Heads, Queensland, Australia29 mentions ofHail""…We had a great time celebrating our friend’s birthday atHailMary.…""",Hail,,,0,,,https://www.tripadvisor.com/Restaurant_Review-g261634-d13313662-Reviews-Hail_Mary_Burleigh-Burleigh_Heads_Gold_Coast_Queensland.html
(80 reviews),Hail,,,0,,,https://www.tripadvisor.com/Restaurant_Review-g261634-d13313662-Reviews-Hail_Mary_Burleigh-Burleigh_Heads_Gold_Coast_Queensland.html#REVIEWS
"RESTAURANTHail To The Ale Micropub4.74.7 of 5 bubbles(136 reviews)Wolverhampton, West Midlands, England21 mentions ofHail""…Hindsight makes fools of us all, but having finally visited the delightfulHail…""",Hail,,,0,,,https://www.tripadvisor.com/Restaurant_Review-g190762-d4922562-Reviews-Hail_To_The_Ale_Micropub-Wolverhampton_West_Midlands_England.html
(136 reviews),Hail,,,0,,,https://www.tripadvisor.com/Restaurant_Review-g190762-d4922562-Reviews-Hail_To_The_Ale_Micropub-Wolverhampton_West_Midlands_England.html#REVIEWS
"RESTAURANTAll Hail the Burger4.94.9 of 5 bubbles(38 reviews)Leigh, Greater Manchester, England7 mentions ofHail""…Not when it comes toHail!…""",Hail,,,0,,,https://www.tripadvisor.com/Restaurant_Review-g4414821-d12718547-Reviews-All_Hail_the_Burger-Leigh_Greater_Manchester_England.html
(38 reviews),Hail,,,0,,,https://www.tripadvisor.com/Restaurant_Review-g4414821-d12718547-Reviews-All_Hail_the_Burger-Leigh_Greater_Manchester_England.html#REVIEWS
"RESTAURANTHail Mary's4.54.5 of 5 bubbles(16 reviews)Bozeman, Montana5 mentions ofHail""…I have eaten atHailMary's many times, and while it is usually great food…""",Hail,,,0,,,https://www.tripadvisor.com/Restaurant_Review-g45095-d17456908-Reviews-Hail_Mary_s-Bozeman_Montana.html
(16 reviews),Hail,,,0,,,https://www.tripadvisor.com/Restaurant_Review-g45095-d17456908-Reviews-Hail_Mary_s-Bozeman_Montana.html#REVIEWS
"RESTAURANTHaleeb O Hail3.83.8 of 5 bubbles(37 reviews)Kuwait City, Kuwait4 mentions ofHail""…Haleeb OHailbenefitted by a prime location, traditional vibes and friendly…""",Hail,,,0,,,https://www.tripadvisor.com/Restaurant_Review-g294003-d6953845-Reviews-Haleeb_O_Hail-Kuwait_City.html
(37 reviews),Hail,,,0,,,https://www.tripadvisor.com/Restaurant_Review-g294003-d6953845-Reviews-Haleeb_O_Hail-Kuwait_City.html#REVIEWS
"RESTAURANTHail Mary's Food And Drink3.83.8 of 5 bubbles(24 reviews)Westlake, Ohio7 mentions ofHail""…LoveHailMary's to gather & watch our favorite sports teams!…""",Hail,,,0,,,https://www.tripadvisor.com/Restaurant_Review-g51139-d13880364-Reviews-Hail_Mary_s_Food_And_Drink-Westlake_Ohio.html
(24 reviews),Hail,,,0,,,https://www.tripadvisor.com/Restaurant_Review-g51139-d13880364-Reviews-Hail_Mary_s_Food_And_Drink-Westlake_Ohio.html#REVIEWS
"RESTAURANTPizza Hut3.73.7 of 5 bubbles(11 reviews)Ha'il, Saudi Arabia2 mentions ofHail""…I've ordered a few times from Pizza Hut inHailand I've always received…""",Hail,,,0,,,https://www.tripadvisor.com/Restaurant_Review-g1641845-d10686424-Reviews-Pizza_Hut-Ha_il_Ha_il_Province.html
(11 reviews),Hail,,,0,,,https://www.tripadvisor.com/Restaurant_Review-g1641845-d10686424-Reviews-Pizza_Hut-Ha_il_Ha_il_Province.html#REVIEWS
"RESTAURANTSushi Station Al Hail5.05 of 5 bubbles(10 reviews)Seeb, Oman1 mention ofHail""…Its close buy to theHailBeach. They also have deliveries.…""",Hail,,,0,,,https://www.tripadvisor.com/Restaurant_Review-g3181692-d27169312-Reviews-Sushi_Station_Al_Hail-Seeb_Muscat_Governorate.html
(10 reviews),Hail,,,0,,,https://www.tripadvisor.com/Restaurant_Review-g3181692-d27169312-Reviews-Sushi_Station_Al_Hail-Seeb_Muscat_Governorate.html#REVIEWS
"RESTAURANTAl-Marsaai3.93.9 of 5 bubbles(18 reviews)Ha'il, Saudi Arabia1 mention ofHail""…It is one of the best restaurants inHail, all the stuff were very nice…""",Hail,,,0,,,https://www.tripadvisor.com/Restaurant_Review-g1641845-d10241561-Reviews-Al_Marsaai-Ha_il_Ha_il_Province.html
(18 reviews),Hail,,,0,,,https://www.tripadvisor.com/Restaurant_Review-g1641845-d10241561-Reviews-Al_Marsaai-Ha_il_Ha_il_Province.html#REVIEWS
"RESTAURANTHail Fellow Well Met3.83.8 of 5 bubbles(5 reviews)Springdale, Arkansas",Hail,,,0,,,https://www.tripadvisor.com/Restaurant_Review-g31931-d24842910-Reviews-Hail_Fellow_Well_Met-Springdale_Arkansas.html
(5 reviews),Hail,,,0,,,https://www.tripadvisor.com/Restaurant_Review-g31931-d24842910-Reviews-Hail_Fellow_Well_Met-Springdale_Arkansas.html#REVIEWS
"RESTAURANTHail Mary's5.05 of 5 bubbles(3 reviews)Vancouver, British Columbia, Canada",Hail,,,0,,,https://www.tripadvisor.com/Restaurant_Review-g154943-d18854418-Reviews-Hail_Mary_s-Vancouver_British_Columbia.html
(3 reviews),Hail,,,0,,,https://www.tripadvisor.com/Restaurant_Review-g154943-d18854418-Reviews-Hail_Mary_s-Vancouver_British_Columbia.html#REVIEWS
"RESTAURANTHail Mary5.05 of 5 bubbles(2 reviews)Asheville, North Carolina",Hail,,,0,,,https://www.tripadvisor.com/Restaurant_Review-g60742-d34088693-Reviews-Hail_Mary-Asheville_North_Carolina.html
(2 reviews),Hail,,,0,,,https://www.tripadvisor.com/Restaurant_Review-g60742-d34088693-Reviews-Hail_Mary-Asheville_North_Carolina.html#REVIEWS
"RESTAURANTNar & Hail4.04 of 5 bubbles(1 review)Dubai, United Arab Emirates",Hail,,,0,,,https://www.tripadvisor.com/Restaurant_Review-g295424-d3920012-Reviews-Nar_Hail-Dubai_Emirate_of_Dubai.html
(1 review),Hail,,,0,,,https://www.tripadvisor.com/Restaurant_Review-g295424-d3920012-Reviews-Nar_Hail-Dubai_Emirate_of_Dubai.html#REVIEWS
"RESTAURANTHail4.54.5 of 5 bubbles(2 reviews)Seoul, South Korea",Hail,,,0,,,https://www.tripadvisor.com/Restaurant_Review-g294197-d9037603-Reviews-Hail-Seoul.html
(2 reviews),Hail,,,0,,,https://www.tripadvisor.com/Restaurant_Review-g294197-d9037603-Reviews-Hail-Seoul.html#REVIEWS
"RESTAURANTHail Lilith5.05 of 5 bubbles(1 review)Footscray, Victoria, Australia",Hail,,,0,,,https://www.tripadvisor.com/Restaurant_Review-g2062777-d27937008-Reviews-Hail_Lilith-Footscray_Maribyrnong_Greater_Melbourne_Victoria.html
(1 review),Hail,,,0,,,https://www.tripadvisor.com/Restaurant_Review-g2062777-d27937008-Reviews-Hail_Lilith-Footscray_Maribyrnong_Greater_Melbourne_Victoria.html#REVIEWS
"RESTAURANTGood Health to Be Hail5.05 of 5 bubbles(1 review)Bessemer, Alabama",Hail,,,0,,,https://www.tripadvisor.com/Restaurant_Review-g30373-d19678727-Reviews-Good_Health_to_Be_Hail-Bessemer_Alabama.html
(1 review),Hail,,,0,,,https://www.tripadvisor.com/Restaurant_Review-g30373-d19678727-Reviews-Good_Health_to_Be_Hail-Bessemer_Alabama.html#REVIEWS
"RESTAURANTFernaz Cafe3.63.6 of 5 bubbles(7 reviews)Ha'il, Saudi Arabia",Hail,,,0,,,https://www.tripadvisor.com/Restaurant_Review-g1641845-d10427817-Reviews-Fernaz_Cafe-Ha_il_Ha_il_Province.html
(7 reviews),Hail,,,0,,,https://www.tripadvisor.com/Restaurant_Review-g1641845-d10427817-Reviews-Fernaz_Cafe-Ha_il_Ha_il_Province.html#REVIEWS
"RESTAURANTLamory Cafe4.74.7 of 5 bubbles(3 reviews)Ha'il, Saudi Arabia",Hail,,,0,,,https://www.tripadvisor.com/Restaurant_Review-g1641845-d19988158-Reviews-Lamory_Cafe-Ha_il_Ha_il_Province.html
(3 reviews),Hail,,,0,,,https://www.tripadvisor.com/Restaurant_Review-g1641845-d19988158-Reviews-Lamory_Cafe-Ha_il_Ha_il_Province.html#REVIEWS
"RESTAURANTMarsaai4.04 of 5 bubbles(2 reviews)Ha'il, Saudi Arabia",Hail,,,0,,,https://www.tripadvisor.com/Restaurant_Review-g1641845-d17544918-Reviews-Marsaai-Ha_il_Ha_il_Province.html
(2 reviews),Hail,,,0,,,https://www.tripadvisor.com/Restaurant_Review-g1641845-d17544918-Reviews-Marsaai-Ha_il_Ha_il_Province.html#REVIEWS
"RESTAURANTChess Club2.02 of 5 bubbles(1 review)Ha'il, Saudi Arabia",Hail,,,0,,,https://www.tripadvisor.com/Restaurant_Review-g1641845-d21365369-Reviews-Chess_Club-Ha_il_Ha_il_Province.html
(1 review),Hail,,,0,,,https://www.tripadvisor.com/Restaurant_Review-g1641845-d21365369-Reviews-Chess_Club-Ha_il_Ha_il_Province.html#REVIEWS
"RESTAURANTHail Mary PizzaLos Angeles, California",Hail,,,0,,,https://www.tripadvisor.com/Restaurant_Review-g32655-d25367595-Reviews-Hail_Mary_Pizza-Los_Angeles_California.html
"RESTAURANTBurger King - Grand Mall HailHa'il, Saudi Arabia",Hail,,,0,,,https://www.tripadvisor.com/Restaurant_Review-g1641845-d21202848-Reviews-Burger_King_Grand_Mall_Hail-Ha_il_Ha_il_Province.html
"RESTAURANTHail MaryToronto, Ontario, Canada",Hail,,,0,,,https://www.tripadvisor.com/Restaurant_Review-g155019-d27816314-Reviews-Hail_Mary-Toronto_Ontario.html
"RESTAURANTHail Mary CannatailsSaint Louis, Missouri",Hail,,,0,,,https://www.tripadvisor.com/Restaurant_Review-g44881-d27874834-Reviews-Hail_Mary_Cannatails-Saint_Louis_Missouri.html
"RESTAURANTIwaki Hail Honpo Mikakudo Main StoreIwaki, Fukushima Prefecture, Japan",Hail,,,0,,,https://www.tripadvisor.com/Restaurant_Review-g780846-d13071012-Reviews-Iwaki_Hail_Honpo_Mikakudo_Main_Store-Iwaki_Fukushima_Prefecture_Tohoku.html
"RESTAURANTBurger King - Hail CityHa'il, Saudi Arabia",Hail,,,0,,,https://www.tripadvisor.com/Restaurant_Review-g1641845-d21153203-Reviews-Burger_King_Hail_City-Ha_il_Ha_il_Province.html
"RESTAURANTHozenji Hail5.05 of 5 bubbles(1 review)Chuo, Osaka Prefecture, Japan",Hail,,,0,,,https://www.tripadvisor.com/Restaurant_Review-g14127623-d13055747-Reviews-Hozenji_Hail-Chuo_Osaka_Osaka_Prefecture_Kinki.html
(1 review),Hail,,,0,,,https://www.tripadvisor.com/Restaurant_Review-g14127623-d13055747-Reviews-Hozenji_Hail-Chuo_Osaka_Osaka_Prefecture_Kinki.html#REVIEWS
"RESTAURANTFuji Hail HonpoKita, Tokyo Prefecture, Japan",Hail,,,0,,,https://www.tripadvisor.com/Restaurant_Review-g1066448-d13062673-Reviews-Fuji_Hail_Honpo-Kita_Tokyo_Tokyo_Prefecture_Kanto.html
"RESTAURANTHail Mary's Sports Pub at the Parkview InnSummit Hill, Pennsylvania",Hail,,,0,,,https://www.tripadvisor.com/Restaurant_Review-g53785-d26966671-Reviews-Hail_Mary_s_Sports_Pub_at_the_Parkview_Inn-Summit_Hill_Pocono_Mountains_Region_Pe.html
"RESTAURANTChoto Hail NutsMejiro, Tokyo Prefecture, Japan",Hail,,,0,,,https://www.tripadvisor.com/Restaurant_Review-g14131373-d9971583-Reviews-Choto_Hail_Nuts-Mejiro_Toshima_Tokyo_Tokyo_Prefecture_Kanto.html
(1 review),Najran,,,0,,,https://www.tripadvisor.com/Restaurant_Review-g21105789-d26226656-Reviews-Jalsa_An_Indian_Fusion_Restaurant-Najran.html#REVIEWS
(0 reviews),Najran,,,0,,,https://www.tripadvisor.com/Restaurant_Review-g21105789-d25092174-Reviews-Mashwi_Baladi-Najran.html#REVIEWS
(0 reviews),Najran,,,0,,,https://www.tripadvisor.com/Restaurant_Review-g21105789-d33335186-Reviews-Roshan_Kyan-Najran.html#REVIEWS
(0 reviews),Najran,,,0,,,https://www.tripadvisor.com/Restaurant_Review-g21105789-d29019188-Reviews-Shadi_s_Grills-Najran.html#REVIEWS
(0 reviews),Najran,,,0,,,https://www.tripadvisor.com/Restaurant_Review-g21105789-d28655595-Reviews-Starbucks-Najran.html#REVIEWS
(14 reviews),Jazan,,,0,,,https://www.tripadvisor.com/Restaurant_Review-g1074315-d25260699-Reviews-Bandar_Aden_Restaurants-Jazan_Jizan_Province.html#REVIEWS
(53 reviews),Jazan,,,0,,,https://www.tripadvisor.com/Restaurant_Review-g1074315-d8376032-Reviews-Loulouat_Sahel_Restaurant-Jazan_Jizan_Province.html#REVIEWS
(2 reviews),Jazan,,,0,,,https://www.tripadvisor.com/Restaurant_Review-g1074315-d33987872-Reviews-Saraya_Al_Sham_Restaurant-Jazan_Jizan_Province.html#REVIEWS
(3 reviews),Jazan,,,0,,,https://www.tripadvisor.com/Restaurant_Review-g1074315-d26854406-Reviews-Craving_Club-Jazan_Jizan_Province.html#REVIEWS
(64 reviews),Jazan,,,0,,,https://www.tripadvisor.com/Restaurant_Review-g1074315-d6884336-Reviews-Happy_Hospitality_Seafood_Restaurants-Jazan_Jizan_Province.html#REVIEWS
(1 review),Jazan,,,0,,,https://www.tripadvisor.com/Restaurant_Review-g1074315-d34216818-Reviews-Khana_Khazana_Restaurant-Jazan_Jizan_Province.html#REVIEWS
(1 review),Jazan,,,0,,,https://www.tripadvisor.com/Restaurant_Review-g1074315-d26220762-Reviews-Sisban_Restaurant-Jazan_Jizan_Province.html#REVIEWS
(13 reviews),Jazan,,,0,,,https://www.tripadvisor.com/Restaurant_Review-g1074315-d13115337-Reviews-Ocean_Basket_Jazan-Jazan_Jizan_Province.html#REVIEWS
(16 reviews),Jazan,,,0,,,https://www.tripadvisor.com/Restaurant_Review-g1074315-d10594067-Reviews-Figaro_Coffee-Jazan_Jizan_Province.html#REVIEWS
(2 reviews),Jazan,,,0,,,https://www.tripadvisor.com/Restaurant_Review-g1074315-d23190299-Reviews-Cove-Jazan_Jizan_Province.html#REVIEWS
(1 review),Jazan,,,0,,,https://www.tripadvisor.com/Restaurant_Review-g1074315-d23555419-Reviews-Pesto_Italian_Restaurant-Jazan_Jizan_Province.html#REVIEWS
(1 review),Jazan,,,0,,,https://www.tripadvisor.com/Restaurant_Review-g1074315-d23765433-Reviews-J_A_Burger-Jazan_Jizan_Province.html#REVIEWS
(0 reviews),Jazan,,,0,,,https://www.tripadvisor.com/Restaurant_Review-g1074315-d21246561-Reviews-Konig-Jazan_Jizan_Province.html#REVIEWS
(30 reviews),Jazan,,,0,,,https://www.tripadvisor.com/Restaurant_Review-g1074315-d6878789-Reviews-India_Gate-Jazan_Jizan_Province.html#REVIEWS
(5 reviews),Jazan,,,0,,,https://www.tripadvisor.com/Restaurant_Review-g1074315-d32880002-Reviews-Happy_Hospitality_Oriental_Food_Restaurant_Downtown_Branch-Jazan_Jizan_Province.html#REVIEWS
(3 reviews),Jazan,,,0,,,https://www.tripadvisor.com/Restaurant_Review-g1074315-d19414610-Reviews-Taste_of_Spices-Jazan_Jizan_Province.html#REVIEWS
(1 review),Jazan,,,0,,,https://www.tripadvisor.com/Restaurant_Review-g1074315-d25462122-Reviews-Masnaf-Jazan_Jizan_Province.html#REVIEWS
(1 review),Jazan,,,0,,,https://www.tripadvisor.com/Restaurant_Review-g1074315-d26656651-Reviews-Depaulo-Jazan_Jizan_Province.html#REVIEWS
(1 review),Jazan,,,0,,,https://www.tripadvisor.com/Restaurant_Review-g1074315-d28136530-Reviews-4_Plates-Jazan_Jizan_Province.html#REVIEWS
(12 reviews),Jazan,,,0,,,https://www.tripadvisor.com/Restaurant_Review-g1074315-d5074395-Reviews-The_Jeddah_Restaurant-Jazan_Jizan_Province.html#REVIEWS
(1 review),Jazan,,,0,,,https://www.tripadvisor.com/Restaurant_Review-g1074315-d27755231-Reviews-6drops_Cafe-Jazan_Jizan_Province.html#REVIEWS
(2 reviews),Jazan,,,0,,,https://www.tripadvisor.com/Restaurant_Review-g1074315-d23229996-Reviews-Malath_Cafe-Jazan_Jizan_Province.html#REVIEWS
(0 reviews),Jazan,,,0,,,https://www.tripadvisor.com/Restaurant_Review-g1074315-d34200902-Reviews-Dharrt_Milh_Alsuways-Jazan_Jizan_Province.html#REVIEWS
(6 reviews),Jazan,,,0,,,https://www.tripadvisor.com/Restaurant_Review-g1074315-d13503158-Reviews-Indian_Kitchen-Jazan_Jizan_Province.html#REVIEWS
(0 reviews),Jazan,,,0,,,https://www.tripadvisor.com/Restaurant_Review-g1074315-d23937177-Reviews-Kaya_Restaurant-Jazan_Jizan_Province.html#REVIEWS
(2 reviews),Jazan,,,0,,,https://www.tripadvisor.com/Restaurant_Review-g1074315-d13577031-Reviews-Gulf_Hills_Cafe-Jazan_Jizan_Province.html#REVIEWS
(1 review),Jazan,,,0,,,https://www.tripadvisor.com/Restaurant_Review-g1074315-d21158788-Reviews-Burger_King_Kadi_Mall-Jazan_Jizan_Province.html#REVIEWS
(0 reviews),Jazan,,,0,,,https://www.tripadvisor.com/Restaurant_Review-g1074315-d21007625-Reviews-Madghoot_Al_Dewaneya-Jazan_Jizan_Province.html#REVIEWS
(9 reviews),Jazan,,,0,,,https://www.tripadvisor.com/Restaurant_Review-g1074315-d2686152-Reviews-Canton-Jazan_Jizan_Province.html#REVIEWS
(1 review),Jazan,,,0,,,https://www.tripadvisor.com/Restaurant_Review-g1074315-d19896451-Reviews-Blend_Burger-Jazan_Jizan_Province.html#REVIEWS
(2 reviews),Jazan,,,0,,,https://www.tripadvisor.com/Restaurant_Review-g1074315-d15567627-Reviews-South_West_Restaurant-Jazan_Jizan_Province.html#REVIEWS
(1 review),Jazan,,,0,,,https://www.tripadvisor.com/Restaurant_Review-g1074315-d27169353-Reviews-Sixth_of_October_Restaurant-Jazan_Jizan_Province.html#REVIEWS
(15 reviews),Khamis Mushait,,,0,,,https://www.tripadvisor.com/Restaurant_Review-g298550-d17489457-Reviews-Turkish_House_Restaurant-Khamis_Mushait_Asir_Province.html#REVIEWS
(12 reviews),Khamis Mushait,,,0,,,https://www.tripadvisor.com/Restaurant_Review-g298550-d23012781-Reviews-Craving_Club-Khamis_Mushait_Asir_Province.html#REVIEWS
(4 reviews),Khamis Mushait,,,0,,,https://www.tripadvisor.com/Restaurant_Review-g298550-d20112221-Reviews-Mshwy_Option-Khamis_Mushait_Asir_Province.html#REVIEWS
(19 reviews),Khamis Mushait,,,0,,,https://www.tripadvisor.com/Restaurant_Review-g298550-d11755548-Reviews-Charminar-Khamis_Mushait_Asir_Province.html#REVIEWS
(8 reviews),Khamis Mushait,,,0,,,https://www.tripadvisor.com/Restaurant_Review-g298550-d14450660-Reviews-Haven_Cafe-Khamis_Mushait_Asir_Province.html#REVIEWS
(3 reviews),Khamis Mushait,,,0,,,https://www.tripadvisor.com/Restaurant_Review-g298550-d26446351-Reviews-Sehzade_Steak_House-Khamis_Mushait_Asir_Province.html#REVIEWS
(3 reviews),Khamis Mushait,,,0,,,https://www.tripadvisor.com/Restaurant_Review-g298550-d23101723-Reviews-Dians_Restaurant-Khamis_Mushait_Asir_Province.html#REVIEWS
(9 reviews),Khamis Mushait,,,0,,,https://www.tripadvisor.com/Restaurant_Review-g298550-d10692168-Reviews-Pizza_Hut-Khamis_Mushait_Asir_Province.html#REVIEWS
(1 review),Khamis Mushait,,,0,,,https://www.tripadvisor.com/Restaurant_Review-g298550-d19354485-Reviews-Dar_Alhashi-Khamis_Mushait_Asir_Province.html#REVIEWS
(3 reviews),Khamis Mushait,,,0,,,https://www.tripadvisor.com/Restaurant_Review-g298550-d23609285-Reviews-Max_Foods-Khamis_Mushait_Asir_Province.html#REVIEWS
(1 review),Khamis Mushait,,,0,,,https://www.tripadvisor.com/Restaurant_Review-g298550-d25947454-Reviews-Wild_Yard-Khamis_Mushait_Asir_Province.html#REVIEWS
(2 reviews),Khamis Mushait,,,0,,,https://www.tripadvisor.com/Restaurant_Review-g298550-d17723146-Reviews-Maharani_Restaurant-Khamis_Mushait_Asir_Province.html#REVIEWS
(1 review),Khamis Mushait,,,0,,,https://www.tripadvisor.com/Restaurant_Review-g298550-d26856430-Reviews-Rice_Cup-Khamis_Mushait_Asir_Province.html#REVIEWS
(10 reviews),Khamis Mushait,,,0,,,https://www.tripadvisor.com/Restaurant_Review-g298550-d7109287-Reviews-Cm2s-Khamis_Mushait_Asir_Province.html#REVIEWS
(1 review),Khamis Mushait,,,0,,,https://www.tripadvisor.com/Restaurant_Review-g298550-d23840556-Reviews-Khamis_Mushait_Asir_Province.html#REVIEWS
(1 review),Khamis Mushait,,,0,,,https://www.tripadvisor.com/Restaurant_Review-g298550-d23101841-Reviews-Khamis_Mushait_Asir_Province.html#REVIEWS
(10 reviews),Khamis Mushait,,,0,,,https://www.tripadvisor.com/Restaurant_Review-g298550-d10696993-Reviews-Pizza_Hut-Khamis_Mushait_Asir_Province.html#REVIEWS
(0 reviews),Khamis Mushait,,,0,,,https://www.tripadvisor.com/Restaurant_Review-g298550-d23101667-Reviews-Turkeyana_Restaurant-Khamis_Mushait_Asir_Province.html#REVIEWS
(6 reviews),Khamis Mushait,,,0,,,https://www.tripadvisor.com/Restaurant_Review-g298550-d12512468-Reviews-Lapaz_Batchoy_Restaurant_Khamis-Khamis_Mushait_Asir_Province.html#REVIEWS
(1 review),Khamis Mushait,,,0,,,https://www.tripadvisor.com/Restaurant_Review-g298550-d26857930-Reviews-Baytoti-Khamis_Mushait_Asir_Province.html#REVIEWS
(7 reviews),Khamis Mushait,,,0,,,https://www.tripadvisor.com/Restaurant_Review-g298550-d10696805-Reviews-Pizza_Hut-Khamis_Mushait_Asir_Province.html#REVIEWS
(0 reviews),Khamis Mushait,,,0,,,https://www.tripadvisor.com/Restaurant_Review-g298550-d24941889-Reviews-Location_Coffee-Khamis_Mushait_Asir_Province.html#REVIEWS
(0 reviews),Khamis Mushait,,,0,,,https://www.tripadvisor.com/Restaurant_Review-g298550-d20355564-Reviews-Broast_Almedina-Khamis_Mushait_Asir_Province.html#REVIEWS
(0 reviews),Khamis Mushait,,,0,,,https://www.tripadvisor.com/Restaurant_Review-g298550-d25366339-Reviews-Khayal_Restaurant-Khamis_Mushait_Asir_Province.html#REVIEWS
(0 reviews),Khamis Mushait,,,0,,,https://www.tripadvisor.com/Restaurant_Review-g298550-d26928358-Reviews-Soso_Lounge-Khamis_Mushait_Asir_Province.html#REVIEWS
(0 reviews),Khamis Mushait,,,0,,,https://www.tripadvisor.com/Restaurant_Review-g298550-d21215924-Reviews-Broast_Almedina-Khamis_Mushait_Asir_Province.html#REVIEWS
(0 reviews),Khamis Mushait,,,0,,,https://www.tripadvisor.com/Restaurant_Review-g298550-d26835601-Reviews-20th_Century-Khamis_Mushait_Asir_Province.html#REVIEWS
(0 reviews),Khamis Mushait,,,0,,,https://www.tripadvisor.com/Restaurant_Review-g298550-d28105568-Reviews-OVIT_Burger-Khamis_Mushait_Asir_Province.html#REVIEWS
(0 reviews),Khamis Mushait,,,0,,,https://www.tripadvisor.com/Restaurant_Review-g298550-d33220302-Reviews-Craving_Club-Khamis_Mushait_Asir_Province.html#REVIEWS
(0 reviews),Khamis Mushait,,,0,,,https://www.tripadvisor.com/Restaurant_Review-g298550-d21319507-Reviews-Pizza_Hut-Khamis_Mushait_Asir_Province.html#REVIEWS
(2 reviews),Al Bahah,,,0,,,https://www.tripadvisor.com/Restaurant_Review-g3238681-d16726466-Reviews-Alnawras_Seafood-Al_Bahah_Baha_Province.html#REVIEWS
(1 review),Al Bahah,,,0,,,https://www.tripadvisor.com/Restaurant_Review-g3238681-d33247218-Reviews-Karam_Misr_Restaurant-Al_Bahah_Baha_Province.html#REVIEWS
(4 reviews),Al Bahah,,,0,,,https://www.tripadvisor.com/Restaurant_Review-g3238681-d24191444-Reviews-Latino-Al_Bahah_Baha_Province.html#REVIEWS
(15 reviews),Al Bahah,,,0,,,https://www.tripadvisor.com/Restaurant_Review-g3238681-d10696960-Reviews-Pizza_Hut-Al_Bahah_Baha_Province.html#REVIEWS
(3 reviews),Al Bahah,,,0,,,https://www.tripadvisor.com/Restaurant_Review-g3238681-d16787319-Reviews-Little_Caesars_Pizza-Al_Bahah_Baha_Province.html#REVIEWS
(3 reviews),Al Bahah,,,0,,,https://www.tripadvisor.com/Restaurant_Review-g3238681-d23142879-Reviews-Fifth_Season-Al_Bahah_Baha_Province.html#REVIEWS
(0 reviews),Al Bahah,,,0,,,https://www.tripadvisor.com/Restaurant_Review-g3238681-d25226528-Reviews-Al_Nawras_Fish_Restaurant-Al_Bahah_Baha_Province.html#REVIEWS
(0 reviews),Al Bahah,,,0,,,https://www.tripadvisor.com/Restaurant_Review-g3238681-d34164203-Reviews-Maestro_Pizza-Al_Bahah_Baha_Province.html#REVIEWS
(0 reviews),Al Bahah,,,0,,,https://www.tripadvisor.com/Restaurant_Review-g3238681-d27743463-Reviews-RUST-Al_Bahah_Baha_Province.html#REVIEWS
(0 reviews),Al Bahah,,,0,,,https://www.tripadvisor.com/Restaurant_Review-g3238681-d26433462-Reviews-Alnawras_Sea_Food-Al_Bahah_Baha_Province.html#REVIEWS
(0 reviews),Al Bahah,,,0,,,https://www.tripadvisor.com/Restaurant_Review-g3238681-d34531376-Reviews-Calma_Cafe-Al_Bahah_Baha_Province.html#REVIEWS
(0 reviews),Al Bahah,,,0,,,https://www.tripadvisor.com/Restaurant_Review-g3238681-d33247457-Reviews-Mateam_Karam_Misr-Al_Bahah_Baha_Province.html#REVIEWS
"RESTAURANTBisha Eritrean restaurant 20134.54.5 of 5 bubbles(33 reviews)London, England9 mentions ofBisha""…Bisha is one of the top Eritrean restaurants we have in London, beloved…""",Bisha,,,0,,,https://www.tripadvisor.com/Restaurant_Review-g186338-d10028267-Reviews-Bisha_Eritrean_restaurant_2013-London_England.html
(33 reviews),Bisha,,,0,,,https://www.tripadvisor.com/Restaurant_Review-g186338-d10028267-Reviews-Bisha_Eritrean_restaurant_2013-London_England.html#REVIEWS
"RESTAURANTMateam Alshuela4.34.3 of 5 bubbles(3 reviews)Bishah, Saudi Arabia",Bisha,,,0,,,https://www.tripadvisor.com/Restaurant_Review-g9776788-d23566713-Reviews-Mateam_Alshuela-Bishah_Asir_Province.html
(3 reviews),Bisha,,,0,,,https://www.tripadvisor.com/Restaurant_Review-g9776788-d23566713-Reviews-Mateam_Alshuela-Bishah_Asir_Province.html#REVIEWS
"RESTAURANTBisha Cafe3.73.7 of 5 bubbles(3 reviews)Whitefield, Greater Manchester, England",Bisha,,,0,,,https://www.tripadvisor.com/Restaurant_Review-g2035407-d21285738-Reviews-Bisha_Cafe-Whitefield_Bury_Greater_Manchester_England.html
(3 reviews),Bisha,,,0,,,https://www.tripadvisor.com/Restaurant_Review-g2035407-d21285738-Reviews-Bisha_Cafe-Whitefield_Bury_Greater_Manchester_England.html#REVIEWS
"RESTAURANTRestaurant BishaAmersfoort, The Netherlands",Bisha,,,0,,,https://www.tripadvisor.com/Restaurant_Review-g188613-d34462270-Reviews-Restaurant_Bisha-Amersfoort.html
"RESTAURANTElegant Fork Restaurant4.04 of 5 bubbles(2 reviews)Bishah, Saudi Arabia",Bisha,,,0,,,https://www.tripadvisor.com/Restaurant_Review-g9776788-d23017131-Reviews-Elegant_Fork_Restaurant-Bishah_Asir_Province.html
(2 reviews),Bisha,,,0,,,https://www.tripadvisor.com/Restaurant_Review-g9776788-d23017131-Reviews-Elegant_Fork_Restaurant-Bishah_Asir_Province.html#REVIEWS
"RESTAURANTPizza Hut3.13.1 of 5 bubbles(10 reviews)Bishah, Saudi Arabia",Bisha,,,0,,,https://www.tripadvisor.com/Restaurant_Review-g9776788-d10692210-Reviews-Pizza_Hut-Bishah_Asir_Province.html
(10 reviews),Bisha,,,0,,,https://www.tripadvisor.com/Restaurant_Review-g9776788-d10692210-Reviews-Pizza_Hut-Bishah_Asir_Province.html#REVIEWS
"RESTAURANTAlbirjur Altaazij Fresh Burger5.05 of 5 bubbles(1 review)Bishah, Saudi Arabia",Bisha,,,0,,,https://www.tripadvisor.com/Restaurant_Review-g9776788-d23034503-Reviews-Albirjur_Altaazij_Fresh_Burger-Bishah_Asir_Province.html
(1 review),Bisha,,,0,,,https://www.tripadvisor.com/Restaurant_Review-g9776788-d23034503-Reviews-Albirjur_Altaazij_Fresh_Burger-Bishah_Asir_Province.html#REVIEWS
"RESTAURANTAlbero Del Caffe4.04 of 5 bubbles(1 review)Bishah, Saudi Arabia",Bisha,,,0,,,https://www.tripadvisor.com/Restaurant_Review-g9776788-d22840157-Reviews-Albero_Del_Caffe-Bishah_Asir_Province.html
(1 review),Bisha,,,0,,,https://www.tripadvisor.com/Restaurant_Review-g9776788-d22840157-Reviews-Albero_Del_Caffe-Bishah_Asir_Province.html#REVIEWS
"RESTAURANTMixologyBishah, Saudi Arabia",Bisha,,,0,,,https://www.tripadvisor.com/Restaurant_Review-g9776788-d26311332-Reviews-Mixology-Bishah_Asir_Province.html
"RESTAURANTDetailz CafeBishah, Saudi Arabia",Bisha,,,0,,,https://www.tripadvisor.com/Restaurant_Review-g9776788-d25558851-Reviews-Detailz_Cafe-Bishah_Asir_Province.html
"RESTAURANTDunkinBishah, Saudi Arabia",Bisha,,,0,,,https://www.tripadvisor.com/Restaurant_Review-g9776788-d27474732-Reviews-Dunkin-Bishah_Asir_Province.html
"RESTAURANTDunkinBishah, Saudi Arabia",Bisha,,,0,,,https://www.tripadvisor.com/Restaurant_Review-g9776788-d27462039-Reviews-Dunkin-Bishah_Asir_Province.html
"RESTAURANTMaestro PizzaBishah, Saudi Arabia",Bisha,,,0,,,https://www.tripadvisor.com/Restaurant_Review-g9776788-d34219382-Reviews-Maestro_Pizza-Bishah_Asir_Province.html
(1 review),Arar,,,0,,,https://www.tripadvisor.com/Restaurant_Review-g1729447-d26686944-Reviews-Best_View_Cafe-Arar_Northern_Border_Province.html#REVIEWS
(1 review),Arar,,,0,,,https://www.tripadvisor.com/Restaurant_Review-g1729447-d26632497-Reviews-Good_Time-Arar_Northern_Border_Province.html#REVIEWS
(0 reviews),Arar,,,0,,,https://www.tripadvisor.com/Restaurant_Review-g1729447-d21090427-Reviews-Maasa_Ritaj_Restaurant-Arar_Northern_Border_Province.html#REVIEWS
(0 reviews),Arar,,,0,,,https://www.tripadvisor.com/Restaurant_Review-g1729447-d27979766-Reviews-Catch_Burger-Arar_Northern_Border_Province.html#REVIEWS
(0 reviews),Arar,,,0,,,https://www.tripadvisor.com/Restaurant_Review-g1729447-d27008249-Reviews-Shamese-Arar_Northern_Border_Province.html#REVIEWS
(0 reviews),Arar,,,0,,,https://www.tripadvisor.com/Restaurant_Review-g1729447-d27000657-Reviews-Shamese-Arar_Northern_Border_Province.html#REVIEWS
(0 reviews),Arar,,,0,,,https://www.tripadvisor.com/Restaurant_Review-g1729447-d34185674-Reviews-Starbucks-Arar_Northern_Border_Province.html#REVIEWS
(0 reviews),Arar,,,0,,,https://www.tripadvisor.com/Restaurant_Review-g1729447-d25723457-Reviews-Akalee_Restaurant-Arar_Northern_Border_Province.html#REVIEWS
(0 reviews),Arar,,,0,,,https://www.tripadvisor.com/Restaurant_Review-g1729447-d27463523-Reviews-Dunkin-Arar_Northern_Border_Province.html#REVIEWS
(0 reviews),Arar,,,0,,,https://www.tripadvisor.com/Restaurant_Review-g1729447-d23081979-Reviews-McDonald_s-Arar_Northern_Border_Province.html#REVIEWS
(0 reviews),Arar,,,0,,,https://www.tripadvisor.com/Restaurant_Review-g1729447-d34229059-Reviews-Maestro_Pizza-Arar_Northern_Border_Province.html#REVIEWS
Best View,Arar,,,0,,,https://www.tripadvisor.com/Restaurant_Review-g1729447-d26666114-Reviews-Best_View-Arar_Northern_Border_Province.html
(1 review),Sakaka,,,0,,,https://www.tripadvisor.com/Restaurant_Review-g2275811-d23478804-Reviews-Sakaka_Jouf_Province.html#REVIEWS
(14 reviews),Sakaka,,,0,,,https://www.tripadvisor.com/Restaurant_Review-g2275811-d6834208-Reviews-Restaurant_Heritage_Hollow-Sakaka_Jouf_Province.html#REVIEWS
(4 reviews),Sakaka,,,0,,,https://www.tripadvisor.com/Restaurant_Review-g2275811-d17606782-Reviews-Ta_leel_Coffee-Sakaka_Jouf_Province.html#REVIEWS
(1 review),Sakaka,,,0,,,https://www.tripadvisor.com/Restaurant_Review-g2275811-d27096522-Reviews-Hollow_Restaurant_And_Coffee-Sakaka_Jouf_Province.html#REVIEWS
(1 review),Sakaka,,,0,,,https://www.tripadvisor.com/Restaurant_Review-g2275811-d19541328-Reviews-Indian_Dome-Sakaka_Jouf_Province.html#REVIEWS
(12 reviews),Sakaka,,,0,,,https://www.tripadvisor.com/Restaurant_Review-g2275811-d10696625-Reviews-Pizza_Hut-Sakaka_Jouf_Province.html#REVIEWS
(11 reviews),Sakaka,,,0,,,https://www.tripadvisor.com/Restaurant_Review-g2275811-d4176081-Reviews-Soufragy_Restaurant-Sakaka_Jouf_Province.html#REVIEWS
(4 reviews),Sakaka,,,0,,,https://www.tripadvisor.com/Restaurant_Review-g2275811-d20238335-Reviews-Amas_Gate-Sakaka_Jouf_Province.html#REVIEWS
(1 review),Sakaka,,,0,,,https://www.tripadvisor.com/Restaurant_Review-g2275811-d19871842-Reviews-Qahwat_Naghm_Zman-Sakaka_Jouf_Province.html#REVIEWS
(2 reviews),Sakaka,,,0,,,https://www.tripadvisor.com/Restaurant_Review-g2275811-d19882322-Reviews-Cost_Cafe-Sakaka_Jouf_Province.html#REVIEWS
(0 reviews),Sakaka,,,0,,,https://www.tripadvisor.com/Restaurant_Review-g2275811-d23842985-Reviews-Sakaka_Jouf_Province.html#REVIEWS
(0 reviews),Sakaka,,,0,,,https://www.tripadvisor.com/Restaurant_Review-g2275811-d23132508-Reviews-Mandi_Aljawf-Sakaka_Jouf_Province.html#REVIEWS
(0 reviews),Sakaka,,,0,,,https://www.tripadvisor.com/Restaurant_Review-g2275811-d25089666-Reviews-Bucharest_Restaurant-Sakaka_Jouf_Province.html#REVIEWS
(0 reviews),Sakaka,,,0,,,https://www.tripadvisor.com/Restaurant_Review-g2275811-d25154079-Reviews-Shawarma_Hatem-Sakaka_Jouf_Province.html#REVIEWS
(0 reviews),Sakaka,,,0,,,https://www.tripadvisor.com/Restaurant_Review-g2275811-d34229080-Reviews-Maestro_Pizza-Sakaka_Jouf_Province.html#REVIEWS
(0 reviews),Sakaka,,,0,,,https://www.tripadvisor.com/Restaurant_Review-g2275811-d32093172-Reviews-KFC-Sakaka_Jouf_Province.html#REVIEWS
(0 reviews),Sakaka,,,0,,,https://www.tripadvisor.com/Restaurant_Review-g2275811-d32846224-Reviews-Ta_leel_Coffee-Sakaka_Jouf_Province.html#REVIEWS
(0 reviews),Sakaka,,,0,,,https://www.tripadvisor.com/Restaurant_Review-g2275811-d34114915-Reviews-Hikayat_Rashid-Sakaka_Jouf_Province.html#REVIEWS
(0 reviews),Sakaka,,,0,,,https://www.tripadvisor.com/Restaurant_Review-g2275811-d19882239-Reviews-A_Long_Time_Coffee-Sakaka_Jouf_Province.html#REVIEWS
(0 reviews),Sakaka,,,0,,,https://www.tripadvisor.com/Restaurant_Review-g2275811-d26108788-Reviews-Al_Tazaj-Sakaka_Jouf_Province.html#REVIEWS
"RESTAURANTAl Sumood Restaurant3.03 of 5 bubbles(1 review)Qurayyat, Oman",Qurayyat,,,0,,,https://www.tripadvisor.com/Restaurant_Review-g15319816-d34422023-Reviews-Al_Sumood_Restaurant-Qurayyat_Muscat_Governorate.html
(1 review),Qurayyat,,,0,,,https://www.tripadvisor.com/Restaurant_Review-g15319816-d34422023-Reviews-Al_Sumood_Restaurant-Qurayyat_Muscat_Governorate.html#REVIEWS
"RESTAURANTGolden diving pearl5.05 of 5 bubbles(1 review)Qurayyat, Oman",Qurayyat,,,0,,,https://www.tripadvisor.com/Restaurant_Review-g15319816-d26532803-Reviews-Golden_diving_pearl-Qurayyat_Muscat_Governorate.html
(1 review),Qurayyat,,,0,,,https://www.tripadvisor.com/Restaurant_Review-g15319816-d26532803-Reviews-Golden_diving_pearl-Qurayyat_Muscat_Governorate.html#REVIEWS
"RESTAURANTMaestro PizzaQurayyat, Saudi Arabia",Qurayyat,,,0,,,https://www.tripadvisor.com/Restaurant_Review-g7253195-d34167959-Reviews-Maestro_Pizza-Qurayyat_Jouf_Province.html
"RESTAURANTDunkin'Qurayyat, Saudi Arabia",Qurayyat,,,0,,,https://www.tripadvisor.com/Restaurant_Review-g7253195-d27463384-Reviews-Dunkin-Qurayyat_Jouf_Province.html
(1 review),Rabigh,,,0,,,https://www.tripadvisor.com/Restaurant_Review-g3648982-d27171163-Reviews-Dafin_Restaurant-Rabigh_Makkah_Province.html#REVIEWS
(1 review),Rabigh,,,0,,,https://www.tripadvisor.com/Restaurant_Review-g3648982-d26793130-Reviews-Biryani_Khaima-Rabigh_Makkah_Province.html#REVIEWS
(8 reviews),Rabigh,,,0,,,https://www.tripadvisor.com/Restaurant_Review-g3648982-d8089637-Reviews-Kadi_Restaurant-Rabigh_Makkah_Province.html#REVIEWS
(0 reviews),Rabigh,,,0,,,https://www.tripadvisor.com/Restaurant_Review-g3648982-d17839860-Reviews-Ox_Steak-Rabigh_Makkah_Province.html#REVIEWS
(1 review),Rabigh,,,0,,,https://www.tripadvisor.com/Restaurant_Review-g3648982-d12335416-Reviews-Fayrouz_Pakistani_Food-Rabigh_Makkah_Province.html#REVIEWS
(7 reviews),Rabigh,,,0,,,https://www.tripadvisor.com/Restaurant_Review-g3648982-d10829979-Reviews-Domino_s_Pizza-Rabigh_Makkah_Province.html#REVIEWS
(6 reviews),Rabigh,,,0,,,https://www.tripadvisor.com/Restaurant_Review-g3648982-d10696766-Reviews-Pizza_Hut-Rabigh_Makkah_Province.html#REVIEWS
(5 reviews),Rabigh,,,0,,,https://www.tripadvisor.com/Restaurant_Review-g3648982-d3746874-Reviews-Hyat_Rabigh_Restaurant-Rabigh_Makkah_Province.html#REVIEWS
(0 reviews),Rabigh,,,0,,,https://www.tripadvisor.com/Restaurant_Review-g3648982-d25930055-Reviews-Delicious_Kashmir_Restaurant-Rabigh_Makkah_Province.html#REVIEWS
(0 reviews),Rabigh,,,0,,,https://www.tripadvisor.com/Restaurant_Review-g3648982-d15610412-Reviews-Shawarma_Slice-Rabigh_Makkah_Province.html#REVIEWS
(0 reviews),Rabigh,,,0,,,https://www.tripadvisor.com/Restaurant_Review-g3648982-d26629347-Reviews-Safa_Broast_Al_Jadeed-Rabigh_Makkah_Province.html#REVIEWS
(2 reviews),Al Qatif,,,0,,,https://www.tripadvisor.com/Restaurant_Review-g14980406-d33154469-Reviews-Arina_Italian_Ristorante-Al_Qatif_Eastern_Province.html#REVIEWS
(6 reviews),Al Qatif,,,0,,,https://www.tripadvisor.com/Restaurant_Review-g14980406-d17595326-Reviews-Izumi-Al_Qatif_Eastern_Province.html#REVIEWS
(1 review),Al Qatif,,,0,,,https://www.tripadvisor.com/Restaurant_Review-g14980406-d23468775-Reviews-Ateeq-Al_Qatif_Eastern_Province.html#REVIEWS
(2 reviews),Al Qatif,,,0,,,https://www.tripadvisor.com/Restaurant_Review-g14980406-d26312965-Reviews-Smoke_Valley_Restaurant-Al_Qatif_Eastern_Province.html#REVIEWS
(4 reviews),Al Qatif,,,0,,,https://www.tripadvisor.com/Restaurant_Review-g14980406-d19605154-Reviews-Paraguas_Cafe-Al_Qatif_Eastern_Province.html#REVIEWS
(2 reviews),Al Qatif,,,0,,,https://www.tripadvisor.com/Restaurant_Review-g14980406-d25094050-Reviews-Bahri_Al_Khat_Restaurant_for_Fish_and_Shrimp-Al_Qatif_Eastern_Province.html#REVIEWS
(1 review),Al Qatif,,,0,,,https://www.tripadvisor.com/Restaurant_Review-g14980406-d24902618-Reviews-Smakati_Seafood_Restaurant-Al_Qatif_Eastern_Province.html#REVIEWS
(3 reviews),Al Qatif,,,0,,,https://www.tripadvisor.com/Restaurant_Review-g14980406-d19865411-Reviews-Mozzafiato_Pizzeria-Al_Qatif_Eastern_Province.html#REVIEWS
(1 review),Al Qatif,,,0,,,https://www.tripadvisor.com/Restaurant_Review-g14980406-d15004310-Reviews-Almoltaqa_Alazraq_Cafe_Restaurant-Al_Qatif_Eastern_Province.html#REVIEWS
(1 review),Al Qatif,,,0,,,https://www.tripadvisor.com/Restaurant_Review-g14980406-d23185836-Reviews-Harat_Rahhal_Bakery-Al_Qatif_Eastern_Province.html#REVIEWS
(1 review),Al Qatif,,,0,,,https://www.tripadvisor.com/Restaurant_Review-g14980406-d19516383-Reviews-Moulin_Rouge_Cafe-Al_Qatif_Eastern_Province.html#REVIEWS
(1 review),Al Qatif,,,0,,,https://www.tripadvisor.com/Restaurant_Review-g14980406-d23133561-Reviews-Ohlala-Al_Qatif_Eastern_Province.html#REVIEWS
(0 reviews),Al Qatif,,,0,,,https://www.tripadvisor.com/Restaurant_Review-g14980406-d20863951-Reviews-AlWajba_Restaurant-Al_Qatif_Eastern_Province.html#REVIEWS
(1 review),Al Qatif,,,0,,,https://www.tripadvisor.com/Restaurant_Review-g14980406-d15155075-Reviews-Cheesy_Bites_Restaurant-Al_Qatif_Eastern_Province.html#REVIEWS
(1 review),Al Qatif,,,0,,,https://www.tripadvisor.com/Restaurant_Review-g14980406-d15811009-Reviews-Old_Chicago-Al_Qatif_Eastern_Province.html#REVIEWS
(0 reviews),Al Qatif,,,0,,,https://www.tripadvisor.com/Restaurant_Review-g14980406-d17748046-Reviews-Abu_Mustafa_Grill-Al_Qatif_Eastern_Province.html#REVIEWS
(0 reviews),Al Qatif,,,0,,,https://www.tripadvisor.com/Restaurant_Review-g14980406-d20323758-Reviews-Squared_Coffee-Al_Qatif_Eastern_Province.html#REVIEWS
(0 reviews),Al Qatif,,,0,,,https://www.tripadvisor.com/Restaurant_Review-g14980406-d24107252-Reviews-Mateam_Thaqafat_Bistru-Al_Qatif_Eastern_Province.html#REVIEWS
(0 reviews),Al Qatif,,,0,,,https://www.tripadvisor.com/Restaurant_Review-g14980406-d21319579-Reviews-Pizza_Hut-Al_Qatif_Eastern_Province.html#REVIEWS
(0 reviews),Al Qatif,,,0,,,https://www.tripadvisor.com/Restaurant_Review-g14980406-d17612918-Reviews-Green_Sandwich-Al_Qatif_Eastern_Province.html#REVIEWS
(0 reviews),Al Qatif,,,0,,,https://www.tripadvisor.com/Restaurant_Review-g14980406-d25555796-Reviews-Carta_Uva-Al_Qatif_Eastern_Province.html#REVIEWS
(0 reviews),Al Qatif,,,0,,,https://www.tripadvisor.com/Restaurant_Review-g14980406-d33133654-Reviews-Fresh_House-Al_Qatif_Eastern_Province.html#REVIEWS
(0 reviews),Al Qatif,,,0,,,https://www.tripadvisor.com/Restaurant_Review-g14980406-d23531840-Reviews-Bar_Burger-Al_Qatif_Eastern_Province.html#REVIEWS
(0 reviews),Al Qatif,,,0,,,https://www.tripadvisor.com/Restaurant_Review-g14980406-d32900522-Reviews-Mashwiaat_Shafiq_Al_Khalif-Al_Qatif_Eastern_Province.html#REVIEWS
(0 reviews),Al Qatif,,,0,,,https://www.tripadvisor.com/Restaurant_Review-g14980406-d27464004-Reviews-Dunkin-Al_Qatif_Eastern_Province.html#REVIEWS
(0 reviews),Al Qatif,,,0,,,https://www.tripadvisor.com/Restaurant_Review-g14980406-d34164202-Reviews-Maestro_Pizza-Al_Qatif_Eastern_Province.html#REVIEWS
"RESTAURANTBurger King - Ras TanuraRas Tanura, Saudi Arabia",Ras Tanura,,,0,,,https://www.tripadvisor.com/Restaurant_Review-g19949224-d21158280-Reviews-Burger_King_Ras_Tanura-Ras_Tanura_Eastern_Province.html
"RESTAURANTHulwayat Almusaa Ras TnwrRas Tanura, Saudi Arabia",Ras Tanura,,,0,,,https://www.tripadvisor.com/Restaurant_Review-g19949224-d23155671-Reviews-Hulwayat_Almusaa_Ras_Tnwr-Ras_Tanura_Eastern_Province.html
"RESTAURANTMaestro PizzaRas Tanura, Saudi Arabia",Ras Tanura,,,0,,,https://www.tripadvisor.com/Restaurant_Review-g19949224-d34167792-Reviews-Maestro_Pizza-Ras_Tanura_Eastern_Province.html
"RESTAURANT1484 By Puro4.84.8 of 5 bubbles(1,530 reviews)Ras Al Khaimah, United Arab Emirates",Ras Tanura,,,0,,,https://www.tripadvisor.com/Restaurant_Review-g298063-d21284938-Reviews-1484_By_Puro-Ras_Al_Khaimah_Emirate_of_Ras_Al_Khaimah.html
"(1,530 reviews)",Ras Tanura,,,0,,,https://www.tripadvisor.com/Restaurant_Review-g298063-d21284938-Reviews-1484_By_Puro-Ras_Al_Khaimah_Emirate_of_Ras_Al_Khaimah.html#REVIEWS
"RESTAURANTRa Ra's Ice Cream Parlor4.64.6 of 5 bubbles(34 reviews)Moosup, Connecticut",Ras Tanura,,,0,,,https://www.tripadvisor.com/Restaurant_Review-g33843-d865270-Reviews-Ra_Ra_s_Ice_Cream_Parlor-Moosup_Plainfield_Mystic_Country_Connecticut.html
(34 reviews),Ras Tanura,,,0,,,https://www.tripadvisor.com/Restaurant_Review-g33843-d865270-Reviews-Ra_Ra_s_Ice_Cream_Parlor-Moosup_Plainfield_Mystic_Country_Connecticut.html#REVIEWS
"RESTAURANTDunkinRas Tanura, Saudi Arabia",Ras Tanura,,,0,,,https://www.tripadvisor.com/Restaurant_Review-g19949224-d27463736-Reviews-Dunkin-Ras_Tanura_Eastern_Province.html
"RESTAURANTAlcafe BalconyRas Tanura, Saudi Arabia",Ras Tanura,,,0,,,https://www.tripadvisor.com/Restaurant_Review-g19949224-d25225247-Reviews-Alcafe_Balcony-Ras_Tanura_Eastern_Province.html
"RESTAURANTLexington Grill & Bar4.84.8 of 5 bubbles(2,057 reviews)Ras Al Khaimah, United Arab Emirates",Ras Tanura,,,0,,,https://www.tripadvisor.com/Restaurant_Review-g298063-d4610687-Reviews-Lexington_Grill_Bar-Ras_Al_Khaimah_Emirate_of_Ras_Al_Khaimah.html
"(2,057 reviews)",Ras Tanura,,,0,,,https://www.tripadvisor.com/Restaurant_Review-g298063-d4610687-Reviews-Lexington_Grill_Bar-Ras_Al_Khaimah_Emirate_of_Ras_Al_Khaimah.html#REVIEWS
"RESTAURANTZaitouna4.94.9 of 5 bubbles(1,773 reviews)Ras Al Khaimah, United Arab Emirates",Ras Tanura,,,0,,,https://www.tripadvisor.com/Restaurant_Review-g298063-d7619379-Reviews-Zaitouna-Ras_Al_Khaimah_Emirate_of_Ras_Al_Khaimah.html
"(1,773 reviews)",Ras Tanura,,,0,,,https://www.tripadvisor.com/Restaurant_Review-g298063-d7619379-Reviews-Zaitouna-Ras_Al_Khaimah_Emirate_of_Ras_Al_Khaimah.html#REVIEWS
"RESTAURANTKarma by Buddha - Bar RAK5.05 of 5 bubbles(910 reviews)Ras Al Khaimah, United Arab Emirates",Ras Tanura,,,0,,,https://www.tripadvisor.com/Restaurant_Review-g298063-d23785141-Reviews-Karma_by_Buddha_Bar_RAK-Ras_Al_Khaimah_Emirate_of_Ras_Al_Khaimah.html
(910 reviews),Ras Tanura,,,0,,,https://www.tripadvisor.com/Restaurant_Review-g298063-d23785141-Reviews-Karma_by_Buddha_Bar_RAK-Ras_Al_Khaimah_Emirate_of_Ras_Al_Khaimah.html#REVIEWS
"RESTAURANTSanchaya4.94.9 of 5 bubbles(1,696 reviews)Ras Al Khaimah, United Arab Emirates",Ras Tanura,,,0,,,https://www.tripadvisor.com/Restaurant_Review-g298063-d12701848-Reviews-Sanchaya-Ras_Al_Khaimah_Emirate_of_Ras_Al_Khaimah.html
"(1,696 reviews)",Ras Tanura,,,0,,,https://www.tripadvisor.com/Restaurant_Review-g298063-d12701848-Reviews-Sanchaya-Ras_Al_Khaimah_Emirate_of_Ras_Al_Khaimah.html#REVIEWS
"RESTAURANTRA Sushi Bar Restaurant3.63.6 of 5 bubbles(248 reviews)Tucson, Arizona",Ras Tanura,,,0,,,https://www.tripadvisor.com/Restaurant_Review-g60950-d528517-Reviews-RA_Sushi_Bar_Restaurant-Tucson_Arizona.html
(248 reviews),Ras Tanura,,,0,,,https://www.tripadvisor.com/Restaurant_Review-g60950-d528517-Reviews-RA_Sushi_Bar_Restaurant-Tucson_Arizona.html#REVIEWS
"RESTAURANTRA Sushi Bar Restaurant3.83.8 of 5 bubbles(170 reviews)Scottsdale, Arizona",Ras Tanura,,,0,,,https://www.tripadvisor.com/Restaurant_Review-g31350-d335417-Reviews-RA_Sushi_Bar_Restaurant-Scottsdale_Arizona.html
(170 reviews),Ras Tanura,,,0,,,https://www.tripadvisor.com/Restaurant_Review-g31350-d335417-Reviews-RA_Sushi_Bar_Restaurant-Scottsdale_Arizona.html#REVIEWS
"RESTAURANTRí Rá3.73.7 of 5 bubbles(446 reviews)Burlington, Vermont",Ras Tanura,,,0,,,https://www.tripadvisor.com/Restaurant_Review-g57201-d404079-Reviews-Ri_Ra-Burlington_Vermont.html
(446 reviews),Ras Tanura,,,0,,,https://www.tripadvisor.com/Restaurant_Review-g57201-d404079-Reviews-Ri_Ra-Burlington_Vermont.html#REVIEWS
"RESTAURANTRA Sushi Bar Restaurant3.83.8 of 5 bubbles(68 reviews)Mesa, Arizona",Ras Tanura,,,0,,,https://www.tripadvisor.com/Restaurant_Review-g31281-d1541424-Reviews-RA_Sushi_Bar_Restaurant-Mesa_Arizona.html
(68 reviews),Ras Tanura,,,0,,,https://www.tripadvisor.com/Restaurant_Review-g31281-d1541424-Reviews-RA_Sushi_Bar_Restaurant-Mesa_Arizona.html#REVIEWS
"RESTAURANTRa Ra4.14.1 of 5 bubbles(7 reviews)Bray, County Wicklow, Ireland",Ras Tanura,,,0,,,https://www.tripadvisor.com/Restaurant_Review-g212098-d27673281-Reviews-Ra_Ra-Bray_County_Wicklow.html
(7 reviews),Ras Tanura,,,0,,,https://www.tripadvisor.com/Restaurant_Review-g212098-d27673281-Reviews-Ra_Ra-Bray_County_Wicklow.html#REVIEWS
"RESTAURANTLevant & Nar4.94.9 of 5 bubbles(1,019 reviews)Ras Al Khaimah, United Arab Emirates",Ras Tanura,,,0,,,https://www.tripadvisor.com/Restaurant_Review-g298063-d23761234-Reviews-Levant_Nar-Ras_Al_Khaimah_Emirate_of_Ras_Al_Khaimah.html
"(1,019 reviews)",Ras Tanura,,,0,,,https://www.tripadvisor.com/Restaurant_Review-g298063-d23761234-Reviews-Levant_Nar-Ras_Al_Khaimah_Emirate_of_Ras_Al_Khaimah.html#REVIEWS
"RESTAURANTRa Sushi Bar Restaurant3.93.9 of 5 bubbles(313 reviews)Scottsdale, Arizona",Ras Tanura,,,0,,,https://www.tripadvisor.com/Restaurant_Review-g31350-d334398-Reviews-Ra_Sushi_Bar_Restaurant-Scottsdale_Arizona.html
(313 reviews),Ras Tanura,,,0,,,https://www.tripadvisor.com/Restaurant_Review-g31350-d334398-Reviews-Ra_Sushi_Bar_Restaurant-Scottsdale_Arizona.html#REVIEWS
"RESTAURANTSushi Na-Ra Japanese Restaurant4.54.5 of 5 bubbles(41 reviews)Clifton Park, New York",Ras Tanura,,,0,,,https://www.tripadvisor.com/Restaurant_Review-g47491-d4441122-Reviews-Sushi_Na_Ra_Japanese_Restaurant-Clifton_Park_Saratoga_County_New_York.html
(41 reviews),Ras Tanura,,,0,,,https://www.tripadvisor.com/Restaurant_Review-g47491-d4441122-Reviews-Sushi_Na_Ra_Japanese_Restaurant-Clifton_Park_Saratoga_County_New_York.html#REVIEWS
"RESTAURANTRA Sushi Bar Restaurant3.83.8 of 5 bubbles(157 reviews)Houston, Texas",Ras Tanura,,,0,,,https://www.tripadvisor.com/Restaurant_Review-g56003-d808829-Reviews-RA_Sushi_Bar_Restaurant-Houston_Texas.html
(157 reviews),Ras Tanura,,,0,,,https://www.tripadvisor.com/Restaurant_Review-g56003-d808829-Reviews-RA_Sushi_Bar_Restaurant-Houston_Texas.html#REVIEWS
"RESTAURANTRA Sushi Bar Restaurant4.04 of 5 bubbles(41 reviews)Phoenix, Arizona",Ras Tanura,,,0,,,https://www.tripadvisor.com/Restaurant_Review-g31310-d2454481-Reviews-RA_Sushi_Bar_Restaurant-Phoenix_Arizona.html
(41 reviews),Ras Tanura,,,0,,,https://www.tripadvisor.com/Restaurant_Review-g31310-d2454481-Reviews-RA_Sushi_Bar_Restaurant-Phoenix_Arizona.html#REVIEWS
"RESTAURANTRA Sushi Bar Restaurant3.83.8 of 5 bubbles(127 reviews)Houston, Texas",Ras Tanura,,,0,,,https://www.tripadvisor.com/Restaurant_Review-g56003-d5081936-Reviews-RA_Sushi_Bar_Restaurant-Houston_Texas.html
(127 reviews),Ras Tanura,,,0,,,https://www.tripadvisor.com/Restaurant_Review-g56003-d5081936-Reviews-RA_Sushi_Bar_Restaurant-Houston_Texas.html#REVIEWS
"RESTAURANTRA Sushi Bar Restaurant3.83.8 of 5 bubbles(167 reviews)Leawood, Kansas",Ras Tanura,,,0,,,https://www.tripadvisor.com/Restaurant_Review-g38839-d1587790-Reviews-RA_Sushi_Bar_Restaurant-Leawood_Kansas.html
(167 reviews),Ras Tanura,,,0,,,https://www.tripadvisor.com/Restaurant_Review-g38839-d1587790-Reviews-RA_Sushi_Bar_Restaurant-Leawood_Kansas.html#REVIEWS
"RESTAURANTRA Sushi Bar Restaurant3.73.7 of 5 bubbles(217 reviews)Pembroke Pines, Florida",Ras Tanura,,,0,,,https://www.tripadvisor.com/Restaurant_Review-g34548-d1155531-Reviews-RA_Sushi_Bar_Restaurant-Pembroke_Pines_Broward_County_Florida.html
(217 reviews),Ras Tanura,,,0,,,https://www.tripadvisor.com/Restaurant_Review-g34548-d1155531-Reviews-RA_Sushi_Bar_Restaurant-Pembroke_Pines_Broward_County_Florida.html#REVIEWS
"RESTAURANTSaffar Restaurant4.94.9 of 5 bubbles(942 reviews)Ras Al Khaimah, United Arab Emirates",Ras Tanura,,,0,,,https://www.tripadvisor.com/Restaurant_Review-g298063-d23761279-Reviews-Saffar_Restaurant-Ras_Al_Khaimah_Emirate_of_Ras_Al_Khaimah.html
(942 reviews),Ras Tanura,,,0,,,https://www.tripadvisor.com/Restaurant_Review-g298063-d23761279-Reviews-Saffar_Restaurant-Ras_Al_Khaimah_Emirate_of_Ras_Al_Khaimah.html#REVIEWS
"RESTAURANTSOL Beach Lounge & Bar4.94.9 of 5 bubbles(567 reviews)Ras Al Khaimah, United Arab Emirates",Ras Tanura,,,0,,,https://www.tripadvisor.com/Restaurant_Review-g298063-d13482233-Reviews-SOL_Beach_Lounge_Bar-Ras_Al_Khaimah_Emirate_of_Ras_Al_Khaimah.html
(567 reviews),Ras Tanura,,,0,,,https://www.tripadvisor.com/Restaurant_Review-g298063-d13482233-Reviews-SOL_Beach_Lounge_Bar-Ras_Al_Khaimah_Emirate_of_Ras_Al_Khaimah.html#REVIEWS
"RESTAURANTUla Beach RAK4.94.9 of 5 bubbles(1,260 reviews)Ras Al Khaimah, United Arab Emirates",Ras Tanura,,,0,,,https://www.tripadvisor.com/Restaurant_Review-g298063-d24132155-Reviews-Ula_Beach_RAK-Ras_Al_Khaimah_Emirate_of_Ras_Al_Khaimah.html
"(1,260 reviews)",Ras Tanura,,,0,,,https://www.tripadvisor.com/Restaurant_Review-g298063-d24132155-Reviews-Ula_Beach_RAK-Ras_Al_Khaimah_Emirate_of_Ras_Al_Khaimah.html#REVIEWS
"RESTAURANTRí Rá4.44.4 of 5 bubbles(2,281 reviews)Las Vegas, Nevada",Ras Tanura,,,0,,,https://www.tripadvisor.com/Restaurant_Review-g45963-d2199134-Reviews-Ri_Ra-Las_Vegas_Nevada.html
"(2,281 reviews)",Ras Tanura,,,0,,,https://www.tripadvisor.com/Restaurant_Review-g45963-d2199134-Reviews-Ri_Ra-Las_Vegas_Nevada.html#REVIEWS
"RESTAURANTKE&RA4.94.9 of 5 bubbles(142 reviews)Gori, Georgia",Ras Tanura,,,0,,,https://www.tripadvisor.com/Restaurant_Review-g317094-d23586904-Reviews-KE_RA-Gori_Shida_Kartli_Region.html
(142 reviews),Ras Tanura,,,0,,,https://www.tripadvisor.com/Restaurant_Review-g317094-d23586904-Reviews-KE_RA-Gori_Shida_Kartli_Region.html#REVIEWS
"RESTAURANTRas Kassa's Ethipian4.94.9 of 5 bubbles(39 reviews)Lafayette, Colorado",Ras Tanura,,,0,,,https://www.tripadvisor.com/Restaurant_Review-g33511-d12309878-Reviews-Ras_Kassa_s_Ethipian-Lafayette_Colorado.html
(39 reviews),Ras Tanura,,,0,,,https://www.tripadvisor.com/Restaurant_Review-g33511-d12309878-Reviews-Ras_Kassa_s_Ethipian-Lafayette_Colorado.html#REVIEWS
(28 reviews),Al Kharj,,,0,,,https://www.tripadvisor.com/Restaurant_Review-g1816561-d10085714-Reviews-Al_Romansiah_Restaurant-Al_Kharj_Riyadh_Province.html#REVIEWS
(5 reviews),Al Kharj,,,0,,,https://www.tripadvisor.com/Restaurant_Review-g1816561-d10085763-Reviews-Manar_Al_Kharj_Turkish_Restaurant-Al_Kharj_Riyadh_Province.html#REVIEWS
(6 reviews),Al Kharj,,,0,,,https://www.tripadvisor.com/Restaurant_Review-g1816561-d23944805-Reviews-Aushal_Al_Kharj_Restaurant-Al_Kharj_Riyadh_Province.html#REVIEWS
(12 reviews),Al Kharj,,,0,,,https://www.tripadvisor.com/Restaurant_Review-g1816561-d19494348-Reviews-Lavia-Al_Kharj_Riyadh_Province.html#REVIEWS
(7 reviews),Al Kharj,,,0,,,https://www.tripadvisor.com/Restaurant_Review-g1816561-d14067944-Reviews-Mumtaz_indian_restaurant-Al_Kharj_Riyadh_Province.html#REVIEWS
(3 reviews),Al Kharj,,,0,,,https://www.tripadvisor.com/Restaurant_Review-g1816561-d15273805-Reviews-Miriland_Restaurant-Al_Kharj_Riyadh_Province.html#REVIEWS
(9 reviews),Al Kharj,,,0,,,https://www.tripadvisor.com/Restaurant_Review-g1816561-d10108591-Reviews-Al_Kanadeel_Restaurant-Al_Kharj_Riyadh_Province.html#REVIEWS
(15 reviews),Al Kharj,,,0,,,https://www.tripadvisor.com/Restaurant_Review-g1816561-d9834462-Reviews-Starbucks-Al_Kharj_Riyadh_Province.html#REVIEWS
(5 reviews),Al Kharj,,,0,,,https://www.tripadvisor.com/Restaurant_Review-g1816561-d16733440-Reviews-Awtar_Cafe_and_Restaurant-Al_Kharj_Riyadh_Province.html#REVIEWS
(14 reviews),Al Kharj,,,0,,,https://www.tripadvisor.com/Restaurant_Review-g1816561-d10108590-Reviews-Domino_s_Pizza-Al_Kharj_Riyadh_Province.html#REVIEWS
(14 reviews),Al Kharj,,,0,,,https://www.tripadvisor.com/Restaurant_Review-g1816561-d9834658-Reviews-Kudu-Al_Kharj_Riyadh_Province.html#REVIEWS
(14 reviews),Al Kharj,,,0,,,https://www.tripadvisor.com/Restaurant_Review-g1816561-d10149856-Reviews-Maestro_Pizza-Al_Kharj_Riyadh_Province.html#REVIEWS
(13 reviews),Al Kharj,,,0,,,https://www.tripadvisor.com/Restaurant_Review-g1816561-d10106869-Reviews-McDonald_s-Al_Kharj_Riyadh_Province.html#REVIEWS
(2 reviews),Al Kharj,,,0,,,https://www.tripadvisor.com/Restaurant_Review-g1816561-d17632762-Reviews-Lungo_coffee-Al_Kharj_Riyadh_Province.html#REVIEWS
(12 reviews),Al Kharj,,,0,,,https://www.tripadvisor.com/Restaurant_Review-g1816561-d10145960-Reviews-Al_Tahi-Al_Kharj_Riyadh_Province.html#REVIEWS
(7 reviews),Al Kharj,,,0,,,https://www.tripadvisor.com/Restaurant_Review-g1816561-d10124376-Reviews-Mumtaz_Family_Restaurant-Al_Kharj_Riyadh_Province.html#REVIEWS
(8 reviews),Al Kharj,,,0,,,https://www.tripadvisor.com/Restaurant_Review-g1816561-d10236405-Reviews-Dunia_Broasted_Chicken-Al_Kharj_Riyadh_Province.html#REVIEWS
(1 review),Al Kharj,,,0,,,https://www.tripadvisor.com/Restaurant_Review-g1816561-d33397494-Reviews-Grill_Master_Restaurants-Al_Kharj_Riyadh_Province.html#REVIEWS
(2 reviews),Al Kharj,,,0,,,https://www.tripadvisor.com/Restaurant_Review-g1816561-d13406214-Reviews-Eastern_Coffee-Al_Kharj_Riyadh_Province.html#REVIEWS
(5 reviews),Al Kharj,,,0,,,https://www.tripadvisor.com/Restaurant_Review-g1816561-d10106856-Reviews-Subway-Al_Kharj_Riyadh_Province.html#REVIEWS
(7 reviews),Al Kharj,,,0,,,https://www.tripadvisor.com/Restaurant_Review-g1816561-d10237666-Reviews-Little_Caesars_Pizza-Al_Kharj_Riyadh_Province.html#REVIEWS
(9 reviews),Al Kharj,,,0,,,https://www.tripadvisor.com/Restaurant_Review-g1816561-d10106903-Reviews-Herfy-Al_Kharj_Riyadh_Province.html#REVIEWS
(5 reviews),Al Kharj,,,0,,,https://www.tripadvisor.com/Restaurant_Review-g1816561-d12524479-Reviews-Dr_Cafe-Al_Kharj_Riyadh_Province.html#REVIEWS
(1 review),Al Kharj,,,0,,,https://www.tripadvisor.com/Restaurant_Review-g1816561-d33397505-Reviews-Oasis_Plaza-Al_Kharj_Riyadh_Province.html#REVIEWS
(3 reviews),Al Kharj,,,0,,,https://www.tripadvisor.com/Restaurant_Review-g1816561-d10032718-Reviews-Molen_Restaurant-Al_Kharj_Riyadh_Province.html#REVIEWS
(2 reviews),Al Kharj,,,0,,,https://www.tripadvisor.com/Restaurant_Review-g1816561-d10106849-Reviews-Atayeb_Al_Moheet_Seafood_Restaurant-Al_Kharj_Riyadh_Province.html#REVIEWS
(0 reviews),Al Kharj,,,0,,,https://www.tripadvisor.com/Restaurant_Review-g1816561-d24986551-Reviews-Mateam_Wakufi_Mulinu-Al_Kharj_Riyadh_Province.html#REVIEWS
(2 reviews),Al Kharj,,,0,,,https://www.tripadvisor.com/Restaurant_Review-g1816561-d19653167-Reviews-Caribou_Coffee-Al_Kharj_Riyadh_Province.html#REVIEWS
(2 reviews),Al Kharj,,,0,,,https://www.tripadvisor.com/Restaurant_Review-g1816561-d10895198-Reviews-Kooz_Fast_food-Al_Kharj_Riyadh_Province.html#REVIEWS
(1 review),Al Kharj,,,0,,,https://www.tripadvisor.com/Restaurant_Review-g1816561-d13425099-Reviews-Eiha-Al_Kharj_Riyadh_Province.html#REVIEWS
(28 reviews),Unaizah,,,0,,,https://www.tripadvisor.com/Restaurant_Review-g3238691-d12209991-Reviews-Lokma_Tamam-Unaizah_Al_Qasim_Province.html#REVIEWS
(8 reviews),Unaizah,,,0,,,https://www.tripadvisor.com/Restaurant_Review-g3238691-d10460917-Reviews-Burger_Avenue-Unaizah_Al_Qasim_Province.html#REVIEWS
(12 reviews),Unaizah,,,0,,,https://www.tripadvisor.com/Restaurant_Review-g3238691-d7735325-Reviews-Paradise-Unaizah_Al_Qasim_Province.html#REVIEWS
(1 review),Unaizah,,,0,,,https://www.tripadvisor.com/Restaurant_Review-g3238691-d17713898-Reviews-Kyan_Cafe-Unaizah_Al_Qasim_Province.html#REVIEWS
(0 reviews),Unaizah,,,0,,,https://www.tripadvisor.com/Restaurant_Review-g3238691-d17453808-Reviews-The_Fourth_Cup-Unaizah_Al_Qasim_Province.html#REVIEWS
(0 reviews),Unaizah,,,0,,,https://www.tripadvisor.com/Restaurant_Review-g3238691-d21082570-Reviews-Fawal_Qimat_Alafrah-Unaizah_Al_Qasim_Province.html#REVIEWS
(0 reviews),Unaizah,,,0,,,https://www.tripadvisor.com/Restaurant_Review-g3238691-d34529400-Reviews-Canton-Unaizah_Al_Qasim_Province.html#REVIEWS
(0 reviews),Unaizah,,,0,,,https://www.tripadvisor.com/Restaurant_Review-g3238691-d34167844-Reviews-Maestro_Pizza-Unaizah_Al_Qasim_Province.html#REVIEWS
(0 reviews),Unaizah,,,0,,,https://www.tripadvisor.com/Restaurant_Review-g3238691-d33202451-Reviews-Al_Bahara_Bukhari_Restaurant-Unaizah_Al_Qasim_Province.html#REVIEWS
(0 reviews),Unaizah,,,0,,,https://www.tripadvisor.com/Restaurant_Review-g3238691-d21499009-Reviews-Meatspot-Unaizah_Al_Qasim_Province.html#REVIEWS
(0 reviews),Unaizah,,,0,,,https://www.tripadvisor.com/Restaurant_Review-g3238691-d20951913-Reviews-Starbucks-Unaizah_Al_Qasim_Province.html#REVIEWS
(0 reviews),Unaizah,,,0,,,https://www.tripadvisor.com/Restaurant_Review-g3238691-d21156170-Reviews-Burger_King-Unaizah_Al_Qasim_Province.html#REVIEWS
(0 reviews),Unaizah,,,0,,,https://www.tripadvisor.com/Restaurant_Review-g3238691-d34167896-Reviews-Maestro_Pizza-Unaizah_Al_Qasim_Province.html#REVIEWS
(0 reviews),Unaizah,,,0,,,https://www.tripadvisor.com/Restaurant_Review-g3238691-d27471589-Reviews-Dunkin-Unaizah_Al_Qasim_Province.html#REVIEWS
(3 reviews),Al Majmaah,,,0,,,https://www.tripadvisor.com/Restaurant_Review-g2628941-d33392903-Reviews-Reesha_Chicken_Broast-Al_Majmaah_Riyadh_Province.html#REVIEWS
(4 reviews),Al Majmaah,,,0,,,https://www.tripadvisor.com/Restaurant_Review-g2628941-d27427196-Reviews-Roya_Cafe-Al_Majmaah_Riyadh_Province.html#REVIEWS
(7 reviews),Al Majmaah,,,0,,,https://www.tripadvisor.com/Restaurant_Review-g2628941-d7144613-Reviews-OSHUANA_RESTAURANT-Al_Majmaah_Riyadh_Province.html#REVIEWS
(1 review),Al Majmaah,,,0,,,https://www.tripadvisor.com/Restaurant_Review-g2628941-d33272135-Reviews-Malabar_Restsurent-Al_Majmaah_Riyadh_Province.html#REVIEWS
(2 reviews),Al Majmaah,,,0,,,https://www.tripadvisor.com/Restaurant_Review-g2628941-d10833575-Reviews-Domino_s-Al_Majmaah_Riyadh_Province.html#REVIEWS
(1 review),Al Majmaah,,,0,,,https://www.tripadvisor.com/Restaurant_Review-g2628941-d28659299-Reviews-Starbucks-Al_Majmaah_Riyadh_Province.html#REVIEWS
(4 reviews),Al Majmaah,,,0,,,https://www.tripadvisor.com/Restaurant_Review-g2628941-d10692407-Reviews-Pizza_Hut-Al_Majmaah_Riyadh_Province.html#REVIEWS
(0 reviews),Al Majmaah,,,0,,,https://www.tripadvisor.com/Restaurant_Review-g2628941-d23280724-Reviews-Dark_Coffee-Al_Majmaah_Riyadh_Province.html#REVIEWS
(0 reviews),Al Majmaah,,,0,,,https://www.tripadvisor.com/Restaurant_Review-g2628941-d17606822-Reviews-Shafaq_Cafe-Al_Majmaah_Riyadh_Province.html#REVIEWS
(0 reviews),Al Majmaah,,,0,,,https://www.tripadvisor.com/Restaurant_Review-g2628941-d15325835-Reviews-Garden_Grill_Almajmaa-Al_Majmaah_Riyadh_Province.html#REVIEWS
(0 reviews),Al Majmaah,,,0,,,https://www.tripadvisor.com/Restaurant_Review-g2628941-d23776045-Reviews-Stella_Di_Napoli-Al_Majmaah_Riyadh_Province.html#REVIEWS
(0 reviews),Al Majmaah,,,0,,,https://www.tripadvisor.com/Restaurant_Review-g2628941-d34167839-Reviews-Maestro_Pizza-Al_Majmaah_Riyadh_Province.html#REVIEWS
(1 review),Al Bukayriyah,,,0,,,https://www.tripadvisor.com/Restaurant_Review-g8667823-d23143435-Reviews-Crekies_R-Al_Bukayriyah_Al_Qasim_Province.html#REVIEWS
(0 reviews),Al Bukayriyah,,,0,,,https://www.tripadvisor.com/Restaurant_Review-g8667823-d32852489-Reviews-Lufli_Broast_Al_Bukayriyah-Al_Bukayriyah_Al_Qasim_Province.html#REVIEWS
(0 reviews),Al Bukayriyah,,,0,,,https://www.tripadvisor.com/Restaurant_Review-g8667823-d34164335-Reviews-Maestro-Al_Bukayriyah_Al_Qasim_Province.html#REVIEWS
(2 reviews),Sabya,,,0,,,https://www.tripadvisor.com/Restaurant_Review-g12700815-d13279836-Reviews-Indian_Flavour-Sabya_Jizan_Province.html#REVIEWS
(0 reviews),Sabya,,,0,,,https://www.tripadvisor.com/Restaurant_Review-g12700815-d34035832-Reviews-Mateam_dhrrt_milh-Sabya_Jizan_Province.html#REVIEWS
(0 reviews),Sabya,,,0,,,https://www.tripadvisor.com/Restaurant_Review-g12700815-d26682289-Reviews-Tesh_Burger-Sabya_Jizan_Province.html#REVIEWS
(0 reviews),Sabya,,,0,,,https://www.tripadvisor.com/Restaurant_Review-g12700815-d33111483-Reviews-Lano-Sabya_Jizan_Province.html#REVIEWS
(0 reviews),Sabya,,,0,,,https://www.tripadvisor.com/Restaurant_Review-g12700815-d15287414-Reviews-Falafel_Restaurant_and_Pies_Seasons-Sabya_Jizan_Province.html#REVIEWS
(0 reviews),Sabya,,,0,,,https://www.tripadvisor.com/Restaurant_Review-g12700815-d27685773-Reviews-Deer-Sabya_Jizan_Province.html#REVIEWS
(0 reviews),Sabya,,,0,,,https://www.tripadvisor.com/Restaurant_Review-g12700815-d27994206-Reviews-Lviv_tea-Sabya_Jizan_Province.html#REVIEWS
(0 reviews),Sabya,,,0,,,https://www.tripadvisor.com/Restaurant_Review-g12700815-d34396162-Reviews-Yucca-Sabya_Jizan_Province.html#REVIEWS
(0 reviews),Sabya,,,0,,,https://www.tripadvisor.com/Restaurant_Review-g12700815-d30210142-Reviews-Starbucks-Sabya_Jizan_Province.html#REVIEWS
FLASK Specialty Coffee,Sabya,,,0,,,https://www.tripadvisor.com/Restaurant_Review-g12700815-d26578035-Reviews-FLASK_Specialty_Coffee-Sabya_Jizan_Province.html
(0 reviews),Sharurah,,,0,,,https://www.tripadvisor.com/Restaurant_Review-g12700897-d24167397-Reviews-Magadir_Corner-Sharurah_Nejran_Province.html#REVIEWS
(0 reviews),Afif,,,0,,,https://www.tripadvisor.com/Restaurant_Review-g2628937-d34229201-Reviews-Maestro-Afif_Riyadh_Province.html#REVIEWS
(0 reviews),Al Dawadmi,,,0,,,https://www.tripadvisor.com/Restaurant_Review-g2628948-d26822840-Reviews-Stage_Time_Lounge-Dawadmi_Riyadh_Province.html#REVIEWS
(0 reviews),Al Dawadmi,,,0,,,https://www.tripadvisor.com/Restaurant_Review-g2628948-d27463866-Reviews-Dunkin-Dawadmi_Riyadh_Province.html#REVIEWS
Furn layla,Al Dawadmi,,,0,,,https://www.tripadvisor.com/Restaurant_Review-g2628948-d26318186-Reviews-Furn_layla-Dawadmi_Riyadh_Province.html
(0 reviews),Al Quwayiyah,,,0,,,https://www.tripadvisor.com/Restaurant_Review-g12606501-d23953717-Reviews-Leem_Coffee-Al_Quwaiiyah_Riyadh_Province.html#REVIEWS
(0 reviews),Al Quwayiyah,,,0,,,https://www.tripadvisor.com/Restaurant_Review-g12606501-d27463381-Reviews-Dunkin-Al_Quwaiiyah_Riyadh_Province.html#REVIEWS
"(2,057 reviews)",Al Rass,,,0,,,https://www.tripadvisor.com/Restaurant_Review-g298063-d4610687-Reviews-Lexington_Grill_Bar-Ras_Al_Khaimah_Emirate_of_Ras_Al_Khaimah.html#REVIEWS
"(1,298 reviews)",Al Rass,,,0,,,https://www.tripadvisor.com/Restaurant_Review-g298063-d23509344-Reviews-Claw_Bbq_Rak-Ras_Al_Khaimah_Emirate_of_Ras_Al_Khaimah.html#REVIEWS
(910 reviews),Al Rass,,,0,,,https://www.tripadvisor.com/Restaurant_Review-g298063-d23785141-Reviews-Karma_by_Buddha_Bar_RAK-Ras_Al_Khaimah_Emirate_of_Ras_Al_Khaimah.html#REVIEWS
"(1,260 reviews)",Al Rass,,,0,,,https://www.tripadvisor.com/Restaurant_Review-g298063-d24132155-Reviews-Ula_Beach_RAK-Ras_Al_Khaimah_Emirate_of_Ras_Al_Khaimah.html#REVIEWS
"(1,495 reviews)",Al Rass,,,0,,,https://www.tripadvisor.com/Restaurant_Review-g298063-d3724104-Reviews-Basilico-Ras_Al_Khaimah_Emirate_of_Ras_Al_Khaimah.html#REVIEWS
"(1,696 reviews)",Al Rass,,,0,,,https://www.tripadvisor.com/Restaurant_Review-g298063-d12701848-Reviews-Sanchaya-Ras_Al_Khaimah_Emirate_of_Ras_Al_Khaimah.html#REVIEWS
"(1,179 reviews)",Al Rass,,,0,,,https://www.tripadvisor.com/Restaurant_Review-g298063-d7028345-Reviews-Umi-Ras_Al_Khaimah_Emirate_of_Ras_Al_Khaimah.html#REVIEWS
(240 reviews),Al Rass,,,0,,,https://www.tripadvisor.com/Restaurant_Review-g298063-d23774080-Reviews-Vida_Churascaria_Bar-Ras_Al_Khaimah_Emirate_of_Ras_Al_Khaimah.html#REVIEWS
(255 reviews),Al Rass,,,0,,,https://www.tripadvisor.com/Restaurant_Review-g298063-d13891035-Reviews-Shore_House-Ras_Al_Khaimah_Emirate_of_Ras_Al_Khaimah.html#REVIEWS
"(1,019 reviews)",Al Rass,,,0,,,https://www.tripadvisor.com/Restaurant_Review-g298063-d23761234-Reviews-Levant_Nar-Ras_Al_Khaimah_Emirate_of_Ras_Al_Khaimah.html#REVIEWS
(942 reviews),Al Rass,,,0,,,https://www.tripadvisor.com/Restaurant_Review-g298063-d23761279-Reviews-Saffar_Restaurant-Ras_Al_Khaimah_Emirate_of_Ras_Al_Khaimah.html#REVIEWS
"(1,077 reviews)",Al Rass,,,0,,,https://www.tripadvisor.com/Restaurant_Review-g298063-d3920265-Reviews-Azure-Ras_Al_Khaimah_Emirate_of_Ras_Al_Khaimah.html#REVIEWS
(296 reviews),Al Rass,,,0,,,https://www.tripadvisor.com/Restaurant_Review-g298063-d8552829-Reviews-Camelia-Ras_Al_Khaimah_Emirate_of_Ras_Al_Khaimah.html#REVIEWS
(714 reviews),Al Rass,,,0,,,https://www.tripadvisor.com/Restaurant_Review-g298063-d3926929-Reviews-Breeze-Ras_Al_Khaimah_Emirate_of_Ras_Al_Khaimah.html#REVIEWS
"(1,773 reviews)",Al Rass,,,0,,,https://www.tripadvisor.com/Restaurant_Review-g298063-d7619379-Reviews-Zaitouna-Ras_Al_Khaimah_Emirate_of_Ras_Al_Khaimah.html#REVIEWS
(403 reviews),Al Rass,,,0,,,https://www.tripadvisor.com/Restaurant_Review-g298063-d13223620-Reviews-Farmhouse_By_Syrco-Ras_Al_Khaimah_Emirate_of_Ras_Al_Khaimah.html#REVIEWS
"(1,121 reviews)",Al Rass,,,0,,,https://www.tripadvisor.com/Restaurant_Review-g298063-d2530842-Reviews-Piaceri_Da_Gustare-Ras_Al_Khaimah_Emirate_of_Ras_Al_Khaimah.html#REVIEWS
(595 reviews),Al Rass,,,0,,,https://www.tripadvisor.com/Restaurant_Review-g298063-d6558627-Reviews-Brasserie-Ras_Al_Khaimah_Emirate_of_Ras_Al_Khaimah.html#REVIEWS
(236 reviews),Al Rass,,,0,,,https://www.tripadvisor.com/Restaurant_Review-g298063-d8361048-Reviews-Meat_Point-Ras_Al_Khaimah_Emirate_of_Ras_Al_Khaimah.html#REVIEWS
(37 reviews),Al Rass,,,0,,,https://www.tripadvisor.com/Restaurant_Review-g298063-d30766651-Reviews-Le_Bistro_Restaurant-Ras_Al_Khaimah_Emirate_of_Ras_Al_Khaimah.html#REVIEWS
"(1,081 reviews)",Al Rass,,,0,,,https://www.tripadvisor.com/Restaurant_Review-g298063-d12825527-Reviews-Meze-Ras_Al_Khaimah_Emirate_of_Ras_Al_Khaimah.html#REVIEWS
(567 reviews),Al Rass,,,0,,,https://www.tripadvisor.com/Restaurant_Review-g298063-d13482233-Reviews-SOL_Beach_Lounge_Bar-Ras_Al_Khaimah_Emirate_of_Ras_Al_Khaimah.html#REVIEWS
(283 reviews),Al Rass,,,0,,,https://www.tripadvisor.com/Restaurant_Review-g298063-d10617496-Reviews-The_Bay-Ras_Al_Khaimah_Emirate_of_Ras_Al_Khaimah.html#REVIEWS
"(1,020 reviews)",Al Rass,,,0,,,https://www.tripadvisor.com/Restaurant_Review-g298063-d6486992-Reviews-Al_Marjan_Restaurant-Ras_Al_Khaimah_Emirate_of_Ras_Al_Khaimah.html#REVIEWS
(532 reviews),Al Rass,,,0,,,https://www.tripadvisor.com/Restaurant_Review-g298063-d25286509-Reviews-Boons_Brasserie_Bar-Ras_Al_Khaimah_Emirate_of_Ras_Al_Khaimah.html#REVIEWS
(548 reviews),Al Rass,,,0,,,https://www.tripadvisor.com/Restaurant_Review-g298063-d3926927-Reviews-Breakers_Beach_Bar_Lounge-Ras_Al_Khaimah_Emirate_of_Ras_Al_Khaimah.html#REVIEWS
(165 reviews),Al Rass,,,0,,,https://www.tripadvisor.com/Restaurant_Review-g298063-d6676986-Reviews-Al_Liwan-Ras_Al_Khaimah_Emirate_of_Ras_Al_Khaimah.html#REVIEWS
(262 reviews),Al Rass,,,0,,,https://www.tripadvisor.com/Restaurant_Review-g298063-d8297865-Reviews-Seven_Heights-Ras_Al_Khaimah_Emirate_of_Ras_Al_Khaimah.html#REVIEWS
(161 reviews),Al Rass,,,0,,,https://www.tripadvisor.com/Restaurant_Review-g298063-d24022643-Reviews-Sunset_Beach_Lounge-Ras_Al_Khaimah_Emirate_of_Ras_Al_Khaimah.html#REVIEWS
"(1,530 reviews)",Al Rass,,,0,,,https://www.tripadvisor.com/Restaurant_Review-g298063-d21284938-Reviews-1484_By_Puro-Ras_Al_Khaimah_Emirate_of_Ras_Al_Khaimah.html#REVIEWS
(256 reviews),Al Rass,,,0,,,https://www.tripadvisor.com/Restaurant_Review-g298063-d33027131-Reviews-Orda_Restaurant_Grill_Ras_Al_khaimah-Ras_Al_Khaimah_Emirate_of_Ras_Al_Khaimah.html#REVIEWS
"(1,041 reviews)",Al Rass,,,0,,,https://www.tripadvisor.com/Restaurant_Review-g298063-d6558628-Reviews-Vespa_Ristorante-Ras_Al_Khaimah_Emirate_of_Ras_Al_Khaimah.html#REVIEWS
"(1,146 reviews)",Al Rass,,,0,,,https://www.tripadvisor.com/Restaurant_Review-g298063-d3418310-Reviews-Cinnamon_Restaurant-Ras_Al_Khaimah_Emirate_of_Ras_Al_Khaimah.html#REVIEWS
(656 reviews),Al Rass,,,0,,,https://www.tripadvisor.com/Restaurant_Review-g298063-d3927077-Reviews-Sunset_Bar-Ras_Al_Khaimah_Emirate_of_Ras_Al_Khaimah.html#REVIEWS
(284 reviews),Al Rass,,,0,,,https://www.tripadvisor.com/Restaurant_Review-g298063-d21335809-Reviews-Thai_Gate-Ras_Al_Khaimah_Emirate_of_Ras_Al_Khaimah.html#REVIEWS
(126 reviews),Al Rass,,,0,,,https://www.tripadvisor.com/Restaurant_Review-g298063-d25286512-Reviews-Neo_Sky_Bar-Ras_Al_Khaimah_Emirate_of_Ras_Al_Khaimah.html#REVIEWS
(426 reviews),Al Rass,,,0,,,https://www.tripadvisor.com/Restaurant_Review-g298063-d23761245-Reviews-Noho_Bar_Grill-Ras_Al_Khaimah_Emirate_of_Ras_Al_Khaimah.html#REVIEWS
Cafteria Felafel Abu Naeem,Al Rass,,,0,,,https://www.tripadvisor.com/Restaurant_Review-g298063-d6681537-Reviews-Cafteria_Felafel_Abu_Naeem-Ras_Al_Khaimah_Emirate_of_Ras_Al_Khaimah.html
(0 reviews),Al Namas,,,0,,,https://www.tripadvisor.com/Restaurant_Review-g21322609-d27359049-Reviews-Daily_Cup-Al_Namas_Asir_Province.html#REVIEWS
(0 reviews),Turaif,,,0,,,https://www.tripadvisor.com/Restaurant_Review-g9553825-d28195076-Reviews-Yasmeen_Restaurant-Turaif_Northern_Border_Province.html#REVIEWS
(0 reviews),Turaif,,,0,,,https://www.tripadvisor.com/Restaurant_Review-g9553825-d28195142-Reviews-Zafaran_Restaurant-Turaif_Northern_Border_Province.html#REVIEWS
(0 reviews),Turaif,,,0,,,https://www.tripadvisor.com/Restaurant_Review-g9553825-d28195426-Reviews-Al_Shurfa_Cafe-Turaif_Northern_Border_Province.html#REVIEWS
(0 reviews),Turaif,,,0,,,https://www.tripadvisor.com/Restaurant_Review-g9553825-d28195428-Reviews-Oasis_Pool_Bar-Turaif_Northern_Border_Province.html#REVIEWS
"RESTAURANTDallah and SaffronHaql, Saudi Arabia",Haql,,,0,,,https://www.tripadvisor.com/Restaurant_Review-g1641846-d25376387-Reviews-Dallah_and_Saffron-Haql_Tabuk_Province.html
"RESTAURANTDallah And SaffronHaql, Saudi Arabia",Haql,,,0,,,https://www.tripadvisor.com/Restaurant_Review-g1641846-d25393056-Reviews-Dallah_And_Saffron-Haql_Tabuk_Province.html
(0 reviews),Al Wajh,,,0,,,https://www.tripadvisor.com/Restaurant_Review-g1074314-d23661005-Reviews-Istanbul_Delights_Restaurant-Al_Wajh_Tabuk_Province.html#REVIEWS
(0 reviews),Al Wajh,,,0,,,https://www.tripadvisor.com/Restaurant_Review-g1074314-d27463397-Reviews-Dunkin-Al_Wajh_Tabuk_Province.html#REVIEWS
(1 review),Khafji,,,0,,,https://www.tripadvisor.com/Restaurant_Review-g672722-d24044510-Reviews-Vilvet_Gold_Cafe-Al_Khafji_Eastern_Province.html#REVIEWS
(2 reviews),Khafji,,,0,,,https://www.tripadvisor.com/Restaurant_Review-g672722-d16810731-Reviews-Lebanese_Story-Al_Khafji_Eastern_Province.html#REVIEWS
(2 reviews),Khafji,,,0,,,https://www.tripadvisor.com/Restaurant_Review-g672722-d19622784-Reviews-Zuwara_Kuwaiti_Restaurant-Al_Khafji_Eastern_Province.html#REVIEWS
(1 review),Khafji,,,0,,,https://www.tripadvisor.com/Restaurant_Review-g672722-d25310495-Reviews-Fabulous_Restuarant-Al_Khafji_Eastern_Province.html#REVIEWS
(11 reviews),Khafji,,,0,,,https://www.tripadvisor.com/Restaurant_Review-g672722-d8368898-Reviews-Burger_House_SA-Al_Khafji_Eastern_Province.html#REVIEWS
(3 reviews),Khafji,,,0,,,https://www.tripadvisor.com/Restaurant_Review-g672722-d14066531-Reviews-The_Pearl_Restaurant-Al_Khafji_Eastern_Province.html#REVIEWS
(3 reviews),Khafji,,,0,,,https://www.tripadvisor.com/Restaurant_Review-g672722-d10839685-Reviews-Al_Rabie_Bakeries-Al_Khafji_Eastern_Province.html#REVIEWS
(0 reviews),Khafji,,,0,,,https://www.tripadvisor.com/Restaurant_Review-g672722-d25236778-Reviews-Damascene_Dome_Pies-Al_Khafji_Eastern_Province.html#REVIEWS
(0 reviews),Khafji,,,0,,,https://www.tripadvisor.com/Restaurant_Review-g672722-d27101164-Reviews-Overhug_Gastro_Caffee-Al_Khafji_Eastern_Province.html#REVIEWS
(0 reviews),Khafji,,,0,,,https://www.tripadvisor.com/Restaurant_Review-g672722-d17712612-Reviews-G10_Burger-Al_Khafji_Eastern_Province.html#REVIEWS
(0 reviews),Khafji,,,0,,,https://www.tripadvisor.com/Restaurant_Review-g672722-d27381875-Reviews-Ulivo-Al_Khafji_Eastern_Province.html#REVIEWS
(0 reviews),Khafji,,,0,,,https://www.tripadvisor.com/Restaurant_Review-g672722-d26822913-Reviews-Batatesa-Al_Khafji_Eastern_Province.html#REVIEWS
(0 reviews),Khafji,,,0,,,https://www.tripadvisor.com/Restaurant_Review-g672722-d23023079-Reviews-G_10_Burger-Al_Khafji_Eastern_Province.html#REVIEWS
(0 reviews),Khafji,,,0,,,https://www.tripadvisor.com/Restaurant_Review-g672722-d21319500-Reviews-Pizza_Hut-Al_Khafji_Eastern_Province.html#REVIEWS
(4 reviews),Safwa,,,0,,,https://www.tripadvisor.com/Restaurant_Review-g12600478-d13426110-Reviews-Awafi_Restaurant-Safwa_Eastern_Province.html#REVIEWS
(3 reviews),Safwa,,,0,,,https://www.tripadvisor.com/Restaurant_Review-g12600478-d10754339-Reviews-Pizza_Hut_Safwa-Safwa_Eastern_Province.html#REVIEWS
(0 reviews),Safwa,,,0,,,https://www.tripadvisor.com/Restaurant_Review-g12600478-d23155672-Reviews-Hulwayat_Almusaa_Safwaa-Safwa_Eastern_Province.html#REVIEWS
Rauond Specialty Coffee,Safwa,,,0,,,https://www.tripadvisor.com/Restaurant_Review-g12600478-d33042429-Reviews-Rauond_Specialty_Coffee-Safwa_Eastern_Province.html
(3 reviews),Saihat,,,0,,,https://www.tripadvisor.com/Restaurant_Review-g12701165-d27423650-Reviews-Khan_Al_Rayhan-Saihat_Eastern_Province.html#REVIEWS
(2 reviews),Saihat,,,0,,,https://www.tripadvisor.com/Restaurant_Review-g12701165-d21233051-Reviews-Al_Tikka_King_Restaurant-Saihat_Eastern_Province.html#REVIEWS
(1 review),Saihat,,,0,,,https://www.tripadvisor.com/Restaurant_Review-g12701165-d23608065-Reviews-Fajir_Sayhat_Restaurant-Saihat_Eastern_Province.html#REVIEWS
(4 reviews),Saihat,,,0,,,https://www.tripadvisor.com/Restaurant_Review-g12701165-d21292503-Reviews-Saihat_Eastern_Province.html#REVIEWS
(3 reviews),Saihat,,,0,,,https://www.tripadvisor.com/Restaurant_Review-g12701165-d17376033-Reviews-Innovation_Taste_Coffee-Saihat_Eastern_Province.html#REVIEWS
(0 reviews),Saihat,,,0,,,https://www.tripadvisor.com/Restaurant_Review-g12701165-d25568891-Reviews-Bukhari_Al_Hind-Saihat_Eastern_Province.html#REVIEWS
(0 reviews),Saihat,,,0,,,https://www.tripadvisor.com/Restaurant_Review-g12701165-d20069374-Reviews-Misto_Specialty_Coffee-Saihat_Eastern_Province.html#REVIEWS
(0 reviews),Saihat,,,0,,,https://www.tripadvisor.com/Restaurant_Review-g12701165-d21349724-Reviews-Infusion_Cafe-Saihat_Eastern_Province.html#REVIEWS
(0 reviews),Saihat,,,0,,,https://www.tripadvisor.com/Restaurant_Review-g12701165-d24093210-Reviews-Tawa_Umm_Ali_Al_Jishi-Saihat_Eastern_Province.html#REVIEWS
(0 reviews),Saihat,,,0,,,https://www.tripadvisor.com/Restaurant_Review-g12701165-d23155658-Reviews-Hulwayat_Almawsaa-Saihat_Eastern_Province.html#REVIEWS
(0 reviews),Saihat,,,0,,,https://www.tripadvisor.com/Restaurant_Review-g12701165-d17370590-Reviews-New_Flavor-Saihat_Eastern_Province.html#REVIEWS
(0 reviews),Saihat,,,0,,,https://www.tripadvisor.com/Restaurant_Review-g12701165-d23034560-Reviews-Shay_Shanab-Saihat_Eastern_Province.html#REVIEWS
(0 reviews),Saihat,,,0,,,https://www.tripadvisor.com/Restaurant_Review-g12701165-d26630582-Reviews-Fish_Grill-Saihat_Eastern_Province.html#REVIEWS
(0 reviews),Saihat,,,0,,,https://www.tripadvisor.com/Restaurant_Review-g12701165-d21291313-Reviews-Tikka_Ayal_Al_Freej_Grill-Saihat_Eastern_Province.html#REVIEWS
(0 reviews),Saihat,,,0,,,https://www.tripadvisor.com/Restaurant_Review-g12701165-d34167930-Reviews-Maestro_Pizza-Saihat_Eastern_Province.html#REVIEWS
(8 reviews),Tarout,,,0,,,https://www.tripadvisor.com/Restaurant_Review-g3473992-d8651335-Reviews-Thaqafat-Tarout_Eastern_Province.html#REVIEWS
(3 reviews),Tarout,,,0,,,https://www.tripadvisor.com/Restaurant_Review-g3473992-d10693454-Reviews-Pizza_Hut-Tarout_Eastern_Province.html#REVIEWS
(0 reviews),Tarout,,,0,,,https://www.tripadvisor.com/Restaurant_Review-g3473992-d26341615-Reviews-Amchit_Restaurant-Tarout_Eastern_Province.html#REVIEWS
(0 reviews),Tarout,,,0,,,https://www.tripadvisor.com/Restaurant_Review-g3473992-d26325734-Reviews-Smoke_Valley_Restaurant-Tarout_Eastern_Province.html#REVIEWS
C8 Coffee,Tarout,,,0,,,https://www.tripadvisor.com/Restaurant_Review-g3473992-d17523638-Reviews-C8_Coffee-Tarout_Eastern_Province.html
"RESTAURANTSpice Restaurant5.05 of 5 bubbles(1 review)Al Mubarraz, Saudi Arabia",Al Mubarraz,,,0,,,https://www.tripadvisor.com/Restaurant_Review-g14951538-d28396496-Reviews-Spice_Restaurant-Al_Mubarraz_Al_Ahsa_Eastern_Province.html
(1 review),Al Mubarraz,,,0,,,https://www.tripadvisor.com/Restaurant_Review-g14951538-d28396496-Reviews-Spice_Restaurant-Al_Mubarraz_Al_Ahsa_Eastern_Province.html#REVIEWS
"RESTAURANTMcDonald's3.93.9 of 5 bubbles(31 reviews)Al Ahsa, Saudi Arabia",Al Mubarraz,,,0,,,https://www.tripadvisor.com/Restaurant_Review-g298543-d4496157-Reviews-McDonald_s-Al_Ahsa_Eastern_Province.html
(31 reviews),Al Mubarraz,,,0,,,https://www.tripadvisor.com/Restaurant_Review-g298543-d4496157-Reviews-McDonald_s-Al_Ahsa_Eastern_Province.html#REVIEWS
"RESTAURANTTrattoria Al Gazzettino4.54.5 of 5 bubbles(17,738 reviews)Venice, Veneto, Italy",Al Mubarraz,,,0,,,https://www.tripadvisor.com/Restaurant_Review-g187870-d1510422-Reviews-Trattoria_Al_Gazzettino-Venice_Veneto.html
"(17,738 reviews)",Al Mubarraz,,,0,,,https://www.tripadvisor.com/Restaurant_Review-g187870-d1510422-Reviews-Trattoria_Al_Gazzettino-Venice_Veneto.html#REVIEWS
"RESTAURANTDa Enzo Al 294.34.3 of 5 bubbles(5,556 reviews)Rome, Lazio, Italy",Al Mubarraz,,,0,,,https://www.tripadvisor.com/Restaurant_Review-g187791-d2231399-Reviews-Da_Enzo_Al_29-Rome_Lazio.html
"(5,556 reviews)",Al Mubarraz,,,0,,,https://www.tripadvisor.com/Restaurant_Review-g187791-d2231399-Reviews-Da_Enzo_Al_29-Rome_Lazio.html#REVIEWS
"RESTAURANTAl Grill4.84.8 of 5 bubbles(1,307 reviews)Venice, Veneto, Italy",Al Mubarraz,,,0,,,https://www.tripadvisor.com/Restaurant_Review-g187870-d17577217-Reviews-Al_Grill-Venice_Veneto.html
"(1,307 reviews)",Al Mubarraz,,,0,,,https://www.tripadvisor.com/Restaurant_Review-g187870-d17577217-Reviews-Al_Grill-Venice_Veneto.html#REVIEWS
"RESTAURANTAl Khal Egyptian Restaurant4.94.9 of 5 bubbles(3,365 reviews)Cairo, Egypt",Al Mubarraz,,,0,,,https://www.tripadvisor.com/Restaurant_Review-g294201-d2715802-Reviews-Al_Khal_Egyptian_Restaurant-Cairo_Cairo_Governorate.html
"(3,365 reviews)",Al Mubarraz,,,0,,,https://www.tripadvisor.com/Restaurant_Review-g294201-d2715802-Reviews-Al_Khal_Egyptian_Restaurant-Cairo_Cairo_Governorate.html#REVIEWS
"RESTAURANTL'Ancora Della Tortuga4.44.4 of 5 bubbles(1,875 reviews)Monterosso al Mare, Italian Riviera, Italy",Al Mubarraz,,,0,,,https://www.tripadvisor.com/Restaurant_Review-g187820-d1111538-Reviews-L_Ancora_Della_Tortuga-Monterosso_al_Mare_Cinque_Terre_Italian_Riviera_Liguria.html
"(1,875 reviews)",Al Mubarraz,,,0,,,https://www.tripadvisor.com/Restaurant_Review-g187820-d1111538-Reviews-L_Ancora_Della_Tortuga-Monterosso_al_Mare_Cinque_Terre_Italian_Riviera_Liguria.html#REVIEWS
"RESTAURANTZaitouna4.94.9 of 5 bubbles(1,773 reviews)Ras Al Khaimah, United Arab Emirates",Al Mubarraz,,,0,,,https://www.tripadvisor.com/Restaurant_Review-g298063-d7619379-Reviews-Zaitouna-Ras_Al_Khaimah_Emirate_of_Ras_Al_Khaimah.html
"(1,773 reviews)",Al Mubarraz,,,0,,,https://www.tripadvisor.com/Restaurant_Review-g298063-d7619379-Reviews-Zaitouna-Ras_Al_Khaimah_Emirate_of_Ras_Al_Khaimah.html#REVIEWS
"RESTAURANTGambino's Italian Grill4.84.8 of 5 bubbles(2,572 reviews)Fairhope, Alabama",Al Mubarraz,,,0,,,https://www.tripadvisor.com/Restaurant_Review-g30521-d3599403-Reviews-Gambino_s_Italian_Grill-Fairhope_Alabama.html
"(2,572 reviews)",Al Mubarraz,,,0,,,https://www.tripadvisor.com/Restaurant_Review-g30521-d3599403-Reviews-Gambino_s_Italian_Grill-Fairhope_Alabama.html#REVIEWS
"RESTAURANTFish River Grill4.54.5 of 5 bubbles(981 reviews)Gulf Shores, Alabama",Al Mubarraz,,,0,,,https://www.tripadvisor.com/Restaurant_Review-g30582-d8002427-Reviews-Fish_River_Grill-Gulf_Shores_Alabama.html
(981 reviews),Al Mubarraz,,,0,,,https://www.tripadvisor.com/Restaurant_Review-g30582-d8002427-Reviews-Fish_River_Grill-Gulf_Shores_Alabama.html#REVIEWS
"RESTAURANTBahama Bob's Beach Side Cafe4.34.3 of 5 bubbles(2,412 reviews)Gulf Shores, Alabama",Al Mubarraz,,,0,,,https://www.tripadvisor.com/Restaurant_Review-g30582-d655775-Reviews-Bahama_Bob_s_Beach_Side_Cafe-Gulf_Shores_Alabama.html
"(2,412 reviews)",Al Mubarraz,,,0,,,https://www.tripadvisor.com/Restaurant_Review-g30582-d655775-Reviews-Bahama_Bob_s_Beach_Side_Cafe-Gulf_Shores_Alabama.html#REVIEWS
"RESTAURANTRistorante Miky4.44.4 of 5 bubbles(2,546 reviews)Monterosso al Mare, Italian Riviera, Italy",Al Mubarraz,,,0,,,https://www.tripadvisor.com/Restaurant_Review-g187820-d1111550-Reviews-Ristorante_Miky-Monterosso_al_Mare_Cinque_Terre_Italian_Riviera_Liguria.html
"(2,546 reviews)",Al Mubarraz,,,0,,,https://www.tripadvisor.com/Restaurant_Review-g187820-d1111550-Reviews-Ristorante_Miky-Monterosso_al_Mare_Cinque_Terre_Italian_Riviera_Liguria.html#REVIEWS
"RESTAURANTMosaic Restaurant - Al Muroor4.94.9 of 5 bubbles(1,563 reviews)Abu Dhabi, United Arab Emirates",Al Mubarraz,,,0,,,https://www.tripadvisor.com/Restaurant_Review-g294013-d10430119-Reviews-Mosaic_Restaurant_Al_Muroor-Abu_Dhabi_Emirate_of_Abu_Dhabi.html
"(1,563 reviews)",Al Mubarraz,,,0,,,https://www.tripadvisor.com/Restaurant_Review-g294013-d10430119-Reviews-Mosaic_Restaurant_Al_Muroor-Abu_Dhabi_Emirate_of_Abu_Dhabi.html#REVIEWS
"RESTAURANTAl Khayma Heritage Restaurant & Cafe4.94.9 of 5 bubbles(1,653 reviews)Dubai, United Arab Emirates",Al Mubarraz,,,0,,,https://www.tripadvisor.com/Restaurant_Review-g295424-d23007236-Reviews-Al_Khayma_Heritage_Restaurant_Cafe-Dubai_Emirate_of_Dubai.html
"(1,653 reviews)",Al Mubarraz,,,0,,,https://www.tripadvisor.com/Restaurant_Review-g295424-d23007236-Reviews-Al_Khayma_Heritage_Restaurant_Cafe-Dubai_Emirate_of_Dubai.html#REVIEWS
"RESTAURANTAlbaik4.34.3 of 5 bubbles(1,685 reviews)Mecca, Saudi Arabia",Al Mubarraz,,,0,,,https://www.tripadvisor.com/Restaurant_Review-g293993-d788527-Reviews-Albaik-Mecca_Makkah_Province.html
"(1,685 reviews)",Al Mubarraz,,,0,,,https://www.tripadvisor.com/Restaurant_Review-g293993-d788527-Reviews-Albaik-Mecca_Makkah_Province.html#REVIEWS
"RESTAURANTAl Baik4.44.4 of 5 bubbles(2,396 reviews)Jeddah, Saudi Arabia",Al Mubarraz,,,0,,,https://www.tripadvisor.com/Restaurant_Review-g295419-d806681-Reviews-Al_Baik-Jeddah_Makkah_Province.html
"(2,396 reviews)",Al Mubarraz,,,0,,,https://www.tripadvisor.com/Restaurant_Review-g295419-d806681-Reviews-Al_Baik-Jeddah_Makkah_Province.html#REVIEWS
"RESTAURANTThe Rooms Restaurant4.74.7 of 5 bubbles(927 reviews)Tirana, Albania",Al Mubarraz,,,0,,,https://www.tripadvisor.com/Restaurant_Review-g294446-d8867438-Reviews-The_Rooms_Restaurant-Tirana_Tirana_County.html
(927 reviews),Al Mubarraz,,,0,,,https://www.tripadvisor.com/Restaurant_Review-g294446-d8867438-Reviews-The_Rooms_Restaurant-Tirana_Tirana_County.html#REVIEWS
"RESTAURANTAl Nafoura Lebanese Restaurant4.84.8 of 5 bubbles(1,192 reviews)Jakarta, Indonesia",Al Mubarraz,,,0,,,https://www.tripadvisor.com/Restaurant_Review-g294229-d862663-Reviews-Al_Nafoura_Lebanese_Restaurant-Jakarta_Java.html
"(1,192 reviews)",Al Mubarraz,,,0,,,https://www.tripadvisor.com/Restaurant_Review-g294229-d862663-Reviews-Al_Nafoura_Lebanese_Restaurant-Jakarta_Java.html#REVIEWS
"RESTAURANTBurj Al Hamam4.94.9 of 5 bubbles(2,859 reviews)Amman, Jordan",Al Mubarraz,,,0,,,https://www.tripadvisor.com/Restaurant_Review-g293986-d1181235-Reviews-Burj_Al_Hamam-Amman_Amman_Governorate.html
"(2,859 reviews)",Al Mubarraz,,,0,,,https://www.tripadvisor.com/Restaurant_Review-g293986-d1181235-Reviews-Burj_Al_Hamam-Amman_Amman_Governorate.html#REVIEWS
"RESTAURANTRistorante Pizzeria Al Saraceno4.54.5 of 5 bubbles(2,025 reviews)Taormina, Italy",Al Mubarraz,,,0,,,https://www.tripadvisor.com/Restaurant_Review-g187892-d1023273-Reviews-Ristorante_Pizzeria_Al_Saraceno-Taormina_Province_of_Messina_Sicily.html
"(2,025 reviews)",Al Mubarraz,,,0,,,https://www.tripadvisor.com/Restaurant_Review-g187892-d1023273-Reviews-Ristorante_Pizzeria_Al_Saraceno-Taormina_Province_of_Messina_Sicily.html#REVIEWS
"RESTAURANTAl Wadi Restaurant4.84.8 of 5 bubbles(5,630 reviews)Petra - Wadi Musa, Jordan",Al Mubarraz,,,0,,,https://www.tripadvisor.com/Restaurant_Review-g318895-d1191095-Reviews-Al_Wadi_Restaurant-Petra_Wadi_Musa_Ma_an_Governorate.html
"(5,630 reviews)",Al Mubarraz,,,0,,,https://www.tripadvisor.com/Restaurant_Review-g318895-d1191095-Reviews-Al_Wadi_Restaurant-Petra_Wadi_Musa_Ma_an_Governorate.html#REVIEWS
"RESTAURANTAl Boom Steak & Seafood Restaurant4.54.5 of 5 bubbles(217 reviews)Kuwait City, Kuwait",Al Mubarraz,,,0,,,https://www.tripadvisor.com/Restaurant_Review-g294003-d1101363-Reviews-Al_Boom_Steak_Seafood_Restaurant-Kuwait_City.html
(217 reviews),Al Mubarraz,,,0,,,https://www.tripadvisor.com/Restaurant_Review-g294003-d1101363-Reviews-Al_Boom_Steak_Seafood_Restaurant-Kuwait_City.html#REVIEWS
"RESTAURANTAl Frio y Al Fuego4.34.3 of 5 bubbles(1,468 reviews)Iquitos, Peru",Al Mubarraz,,,0,,,https://www.tripadvisor.com/Restaurant_Review-g294315-d2182172-Reviews-Al_Frio_y_Al_Fuego-Iquitos_Loreto_Region.html
"(1,468 reviews)",Al Mubarraz,,,0,,,https://www.tripadvisor.com/Restaurant_Review-g294315-d2182172-Reviews-Al_Frio_y_Al_Fuego-Iquitos_Loreto_Region.html#REVIEWS
"RESTAURANTAl Faro di Portofino Lounge Bar4.44.4 of 5 bubbles(782 reviews)Portofino, Italian Riviera, Italy",Al Mubarraz,,,0,,,https://www.tripadvisor.com/Restaurant_Review-g187825-d5861871-Reviews-Al_Faro_di_Portofino_Lounge_Bar-Portofino_Italian_Riviera_Liguria.html
(782 reviews),Al Mubarraz,,,0,,,https://www.tripadvisor.com/Restaurant_Review-g187825-d5861871-Reviews-Al_Faro_di_Portofino_Lounge_Bar-Portofino_Italian_Riviera_Liguria.html#REVIEWS
"RESTAURANTAl Punt4.64.6 of 5 bubbles(2,125 reviews)Cambrils, Costa Dorada, Spain",Al Mubarraz,,,0,,,https://www.tripadvisor.com/Restaurant_Review-g580328-d7258963-Reviews-Al_Punt-Cambrils_Baix_Camp_Costa_Dorada_Province_of_Tarragona_Catalonia.html
"(2,125 reviews)",Al Mubarraz,,,0,,,https://www.tripadvisor.com/Restaurant_Review-g580328-d7258963-Reviews-Al_Punt-Cambrils_Baix_Camp_Costa_Dorada_Province_of_Tarragona_Catalonia.html#REVIEWS
"RESTAURANTAl-Sanbok Restaurant4.54.5 of 5 bubbles(941 reviews)Al Khobar, Saudi Arabia",Al Mubarraz,,,0,,,https://www.tripadvisor.com/Restaurant_Review-g298545-d1576305-Reviews-Al_Sanbok_Restaurant-Al_Khobar_Eastern_Province.html
(941 reviews),Al Mubarraz,,,0,,,https://www.tripadvisor.com/Restaurant_Review-g298545-d1576305-Reviews-Al_Sanbok_Restaurant-Al_Khobar_Eastern_Province.html#REVIEWS
"RESTAURANTIntercontinental Al Ferdaus4.74.7 of 5 bubbles(80 reviews)Jeddah, Saudi Arabia",Al Mubarraz,,,0,,,https://www.tripadvisor.com/Restaurant_Review-g295419-d2186966-Reviews-Intercontinental_Al_Ferdaus-Jeddah_Makkah_Province.html
(80 reviews),Al Mubarraz,,,0,,,https://www.tripadvisor.com/Restaurant_Review-g295419-d2186966-Reviews-Intercontinental_Al_Ferdaus-Jeddah_Makkah_Province.html#REVIEWS
"RESTAURANTMataam Al Sharq4.84.8 of 5 bubbles(141 reviews)Jeddah, Saudi Arabia",Al Mubarraz,,,0,,,https://www.tripadvisor.com/Restaurant_Review-g295419-d7812156-Reviews-Mataam_Al_Sharq-Jeddah_Makkah_Province.html
(141 reviews),Al Mubarraz,,,0,,,https://www.tripadvisor.com/Restaurant_Review-g295419-d7812156-Reviews-Mataam_Al_Sharq-Jeddah_Makkah_Province.html#REVIEWS
"RESTAURANTAl Dawaar Revolving Restaurant4.84.8 of 5 bubbles(3,579 reviews)Dubai, United Arab Emirates",Al Mubarraz,,,0,,,https://www.tripadvisor.com/Restaurant_Review-g295424-d814928-Reviews-Al_Dawaar_Revolving_Restaurant-Dubai_Emirate_of_Dubai.html
"(3,579 reviews)",Al Mubarraz,,,0,,,https://www.tripadvisor.com/Restaurant_Review-g295424-d814928-Reviews-Al_Dawaar_Revolving_Restaurant-Dubai_Emirate_of_Dubai.html#REVIEWS
"RESTAURANTAl Sangiovese4.54.5 of 5 bubbles(2,455 reviews)Bologna, Emilia-Romagna, Italy",Al Mubarraz,,,0,,,https://www.tripadvisor.com/Restaurant_Review-g187801-d1550805-Reviews-Al_Sangiovese-Bologna_Province_of_Bologna_Emilia_Romagna.html
"(2,455 reviews)",Al Mubarraz,,,0,,,https://www.tripadvisor.com/Restaurant_Review-g187801-d1550805-Reviews-Al_Sangiovese-Bologna_Province_of_Bologna_Emilia_Romagna.html#REVIEWS
(44 reviews),Al Hofuf,,,0,,,https://www.tripadvisor.com/Restaurant_Review-g3238664-d23885693-Reviews-Monde-Al_Hofuf_Al_Ahsa_Eastern_Province.html#REVIEWS
(47 reviews),Al Hofuf,,,0,,,https://www.tripadvisor.com/Restaurant_Review-g3238664-d6762399-Reviews-Topaz_Restaurant_Cafe-Al_Hofuf_Al_Ahsa_Eastern_Province.html#REVIEWS
(53 reviews),Al Hofuf,,,0,,,https://www.tripadvisor.com/Restaurant_Review-g3238664-d8479268-Reviews-Bharat_Indian_Kitchen-Al_Hofuf_Al_Ahsa_Eastern_Province.html#REVIEWS
(2 reviews),Al Hofuf,,,0,,,https://www.tripadvisor.com/Restaurant_Review-g3238664-d23242099-Reviews-Erbil_Restaurant-Al_Hofuf_Al_Ahsa_Eastern_Province.html#REVIEWS
(14 reviews),Al Hofuf,,,0,,,https://www.tripadvisor.com/Restaurant_Review-g3238664-d24141348-Reviews-MOC_Restaurant-Al_Hofuf_Al_Ahsa_Eastern_Province.html#REVIEWS
(4 reviews),Al Hofuf,,,0,,,https://www.tripadvisor.com/Restaurant_Review-g3238664-d17591550-Reviews-Dot_Bakery_Cafe-Al_Hofuf_Al_Ahsa_Eastern_Province.html#REVIEWS
(40 reviews),Al Hofuf,,,0,,,https://www.tripadvisor.com/Restaurant_Review-g3238664-d12417042-Reviews-NOOBA_Kushari-Al_Hofuf_Al_Ahsa_Eastern_Province.html#REVIEWS
(18 reviews),Al Hofuf,,,0,,,https://www.tripadvisor.com/Restaurant_Review-g3238664-d8299190-Reviews-Curry_n_Hurry-Al_Hofuf_Al_Ahsa_Eastern_Province.html#REVIEWS
(10 reviews),Al Hofuf,,,0,,,https://www.tripadvisor.com/Restaurant_Review-g3238664-d17376005-Reviews-Tenderloin-Al_Hofuf_Al_Ahsa_Eastern_Province.html#REVIEWS
(23 reviews),Al Hofuf,,,0,,,https://www.tripadvisor.com/Restaurant_Review-g3238664-d7375775-Reviews-Amore_s-Al_Hofuf_Al_Ahsa_Eastern_Province.html#REVIEWS
(18 reviews),Al Hofuf,,,0,,,https://www.tripadvisor.com/Restaurant_Review-g3238664-d11891180-Reviews-Al_Mahar_Restaurant-Al_Hofuf_Al_Ahsa_Eastern_Province.html#REVIEWS
(12 reviews),Al Hofuf,,,0,,,https://www.tripadvisor.com/Restaurant_Review-g3238664-d10261678-Reviews-Bun_Patty-Al_Hofuf_Al_Ahsa_Eastern_Province.html#REVIEWS
(2 reviews),Al Hofuf,,,0,,,https://www.tripadvisor.com/Restaurant_Review-g3238664-d25043999-Reviews-Al_Romansiah-Al_Hofuf_Al_Ahsa_Eastern_Province.html#REVIEWS
(12 reviews),Al Hofuf,,,0,,,https://www.tripadvisor.com/Restaurant_Review-g3238664-d10164683-Reviews-Joman_Restaurant_Kitchens-Al_Hofuf_Al_Ahsa_Eastern_Province.html#REVIEWS
(16 reviews),Al Hofuf,,,0,,,https://www.tripadvisor.com/Restaurant_Review-g3238664-d12536879-Reviews-Ward_ElDaar-Al_Hofuf_Al_Ahsa_Eastern_Province.html#REVIEWS
(32 reviews),Al Hofuf,,,0,,,https://www.tripadvisor.com/Restaurant_Review-g3238664-d10269223-Reviews-Maestro_Pizza-Al_Hofuf_Al_Ahsa_Eastern_Province.html#REVIEWS
(22 reviews),Al Hofuf,,,0,,,https://www.tripadvisor.com/Restaurant_Review-g3238664-d10458216-Reviews-Kudu-Al_Hofuf_Al_Ahsa_Eastern_Province.html#REVIEWS
(4 reviews),Al Hofuf,,,0,,,https://www.tripadvisor.com/Restaurant_Review-g3238664-d12911098-Reviews-Selective-Al_Hofuf_Al_Ahsa_Eastern_Province.html#REVIEWS
(4 reviews),Al Hofuf,,,0,,,https://www.tripadvisor.com/Restaurant_Review-g3238664-d23440471-Reviews-Horn_Smokehouse_Restaurant-Al_Hofuf_Al_Ahsa_Eastern_Province.html#REVIEWS
(2 reviews),Al Hofuf,,,0,,,https://www.tripadvisor.com/Restaurant_Review-g3238664-d34426207-Reviews-Mamroos_Choux-Al_Hofuf_Al_Ahsa_Eastern_Province.html#REVIEWS
(2 reviews),Al Hofuf,,,0,,,https://www.tripadvisor.com/Restaurant_Review-g3238664-d12030587-Reviews-Green_Valley_Filipino_Restaurant-Al_Hofuf_Al_Ahsa_Eastern_Province.html#REVIEWS
(4 reviews),Al Hofuf,,,0,,,https://www.tripadvisor.com/Restaurant_Review-g3238664-d11903796-Reviews-The_Crawley_s_Cafe-Al_Hofuf_Al_Ahsa_Eastern_Province.html#REVIEWS
(2 reviews),Al Hofuf,,,0,,,https://www.tripadvisor.com/Restaurant_Review-g3238664-d25066800-Reviews-LA_LIST_Cafe_Restaurant-Al_Hofuf_Al_Ahsa_Eastern_Province.html#REVIEWS
(6 reviews),Al Hofuf,,,0,,,https://www.tripadvisor.com/Restaurant_Review-g3238664-d15534974-Reviews-180_Degrees_Speciality_Coffee-Al_Hofuf_Al_Ahsa_Eastern_Province.html#REVIEWS
(1 review),Al Hofuf,,,0,,,https://www.tripadvisor.com/Restaurant_Review-g3238664-d23111937-Reviews-Sawaf_Restaurant-Al_Hofuf_Al_Ahsa_Eastern_Province.html#REVIEWS
(12 reviews),Al Hofuf,,,0,,,https://www.tripadvisor.com/Restaurant_Review-g3238664-d10457903-Reviews-Kfc-Al_Hofuf_Al_Ahsa_Eastern_Province.html#REVIEWS
(2 reviews),Al Hofuf,,,0,,,https://www.tripadvisor.com/Restaurant_Review-g3238664-d10696927-Reviews-Pizza_Hut-Al_Hofuf_Al_Ahsa_Eastern_Province.html#REVIEWS
(1 review),Al Hofuf,,,0,,,https://www.tripadvisor.com/Restaurant_Review-g3238664-d28297884-Reviews-Liali_Baghdad_Restaurant-Al_Hofuf_Al_Ahsa_Eastern_Province.html#REVIEWS
(2 reviews),Al Hofuf,,,0,,,https://www.tripadvisor.com/Restaurant_Review-g3238664-d11904559-Reviews-Joffrey_s_Cafe-Al_Hofuf_Al_Ahsa_Eastern_Province.html#REVIEWS
(4 reviews),Al Hofuf,,,0,,,https://www.tripadvisor.com/Restaurant_Review-g3238664-d19139912-Reviews-Waka_Waka-Al_Hofuf_Al_Ahsa_Eastern_Province.html#REVIEWS
"RESTAURANTAl Shindagah Restaurant4.44.4 of 5 bubbles(16 reviews)Dubai, United Arab Emirates",Al Lith,,,0,,,https://www.tripadvisor.com/Restaurant_Review-g295424-d3918360-Reviews-Al_Shindagah_Restaurant-Dubai_Emirate_of_Dubai.html
(16 reviews),Al Lith,,,0,,,https://www.tripadvisor.com/Restaurant_Review-g295424-d3918360-Reviews-Al_Shindagah_Restaurant-Dubai_Emirate_of_Dubai.html#REVIEWS
"RESTAURANTTrattoria Al Gazzettino4.54.5 of 5 bubbles(17,738 reviews)Venice, Veneto, Italy",Al Lith,,,0,,,https://www.tripadvisor.com/Restaurant_Review-g187870-d1510422-Reviews-Trattoria_Al_Gazzettino-Venice_Veneto.html
"(17,738 reviews)",Al Lith,,,0,,,https://www.tripadvisor.com/Restaurant_Review-g187870-d1510422-Reviews-Trattoria_Al_Gazzettino-Venice_Veneto.html#REVIEWS
"RESTAURANTDa Enzo Al 294.34.3 of 5 bubbles(5,556 reviews)Rome, Lazio, Italy",Al Lith,,,0,,,https://www.tripadvisor.com/Restaurant_Review-g187791-d2231399-Reviews-Da_Enzo_Al_29-Rome_Lazio.html
"(5,556 reviews)",Al Lith,,,0,,,https://www.tripadvisor.com/Restaurant_Review-g187791-d2231399-Reviews-Da_Enzo_Al_29-Rome_Lazio.html#REVIEWS
"RESTAURANTAl Grill4.84.8 of 5 bubbles(1,307 reviews)Venice, Veneto, Italy",Al Lith,,,0,,,https://www.tripadvisor.com/Restaurant_Review-g187870-d17577217-Reviews-Al_Grill-Venice_Veneto.html
"(1,307 reviews)",Al Lith,,,0,,,https://www.tripadvisor.com/Restaurant_Review-g187870-d17577217-Reviews-Al_Grill-Venice_Veneto.html#REVIEWS
"RESTAURANTAl Khal Egyptian Restaurant4.94.9 of 5 bubbles(3,365 reviews)Cairo, Egypt",Al Lith,,,0,,,https://www.tripadvisor.com/Restaurant_Review-g294201-d2715802-Reviews-Al_Khal_Egyptian_Restaurant-Cairo_Cairo_Governorate.html
"(3,365 reviews)",Al Lith,,,0,,,https://www.tripadvisor.com/Restaurant_Review-g294201-d2715802-Reviews-Al_Khal_Egyptian_Restaurant-Cairo_Cairo_Governorate.html#REVIEWS
"RESTAURANTL'Ancora Della Tortuga4.44.4 of 5 bubbles(1,875 reviews)Monterosso al Mare, Italian Riviera, Italy",Al Lith,,,0,,,https://www.tripadvisor.com/Restaurant_Review-g187820-d1111538-Reviews-L_Ancora_Della_Tortuga-Monterosso_al_Mare_Cinque_Terre_Italian_Riviera_Liguria.html
"(1,875 reviews)",Al Lith,,,0,,,https://www.tripadvisor.com/Restaurant_Review-g187820-d1111538-Reviews-L_Ancora_Della_Tortuga-Monterosso_al_Mare_Cinque_Terre_Italian_Riviera_Liguria.html#REVIEWS
"RESTAURANTZaitouna4.94.9 of 5 bubbles(1,773 reviews)Ras Al Khaimah, United Arab Emirates",Al Lith,,,0,,,https://www.tripadvisor.com/Restaurant_Review-g298063-d7619379-Reviews-Zaitouna-Ras_Al_Khaimah_Emirate_of_Ras_Al_Khaimah.html
"(1,773 reviews)",Al Lith,,,0,,,https://www.tripadvisor.com/Restaurant_Review-g298063-d7619379-Reviews-Zaitouna-Ras_Al_Khaimah_Emirate_of_Ras_Al_Khaimah.html#REVIEWS
"RESTAURANTFish River Grill4.54.5 of 5 bubbles(981 reviews)Gulf Shores, Alabama",Al Lith,,,0,,,https://www.tripadvisor.com/Restaurant_Review-g30582-d8002427-Reviews-Fish_River_Grill-Gulf_Shores_Alabama.html
(981 reviews),Al Lith,,,0,,,https://www.tripadvisor.com/Restaurant_Review-g30582-d8002427-Reviews-Fish_River_Grill-Gulf_Shores_Alabama.html#REVIEWS
"RESTAURANTGambino's Italian Grill4.84.8 of 5 bubbles(2,572 reviews)Fairhope, Alabama",Al Lith,,,0,,,https://www.tripadvisor.com/Restaurant_Review-g30521-d3599403-Reviews-Gambino_s_Italian_Grill-Fairhope_Alabama.html
"(2,572 reviews)",Al Lith,,,0,,,https://www.tripadvisor.com/Restaurant_Review-g30521-d3599403-Reviews-Gambino_s_Italian_Grill-Fairhope_Alabama.html#REVIEWS
"RESTAURANTBahama Bob's Beach Side Cafe4.34.3 of 5 bubbles(2,412 reviews)Gulf Shores, Alabama",Al Lith,,,0,,,https://www.tripadvisor.com/Restaurant_Review-g30582-d655775-Reviews-Bahama_Bob_s_Beach_Side_Cafe-Gulf_Shores_Alabama.html
"(2,412 reviews)",Al Lith,,,0,,,https://www.tripadvisor.com/Restaurant_Review-g30582-d655775-Reviews-Bahama_Bob_s_Beach_Side_Cafe-Gulf_Shores_Alabama.html#REVIEWS
"RESTAURANTRistorante Miky4.44.4 of 5 bubbles(2,546 reviews)Monterosso al Mare, Italian Riviera, Italy",Al Lith,,,0,,,https://www.tripadvisor.com/Restaurant_Review-g187820-d1111550-Reviews-Ristorante_Miky-Monterosso_al_Mare_Cinque_Terre_Italian_Riviera_Liguria.html
"(2,546 reviews)",Al Lith,,,0,,,https://www.tripadvisor.com/Restaurant_Review-g187820-d1111550-Reviews-Ristorante_Miky-Monterosso_al_Mare_Cinque_Terre_Italian_Riviera_Liguria.html#REVIEWS
"RESTAURANTMosaic Restaurant - Al Muroor4.94.9 of 5 bubbles(1,563 reviews)Abu Dhabi, United Arab Emirates",Al Lith,,,0,,,https://www.tripadvisor.com/Restaurant_Review-g294013-d10430119-Reviews-Mosaic_Restaurant_Al_Muroor-Abu_Dhabi_Emirate_of_Abu_Dhabi.html
"(1,563 reviews)",Al Lith,,,0,,,https://www.tripadvisor.com/Restaurant_Review-g294013-d10430119-Reviews-Mosaic_Restaurant_Al_Muroor-Abu_Dhabi_Emirate_of_Abu_Dhabi.html#REVIEWS
"RESTAURANTAl Khayma Heritage Restaurant & Cafe4.94.9 of 5 bubbles(1,653 reviews)Dubai, United Arab Emirates",Al Lith,,,0,,,https://www.tripadvisor.com/Restaurant_Review-g295424-d23007236-Reviews-Al_Khayma_Heritage_Restaurant_Cafe-Dubai_Emirate_of_Dubai.html
"(1,653 reviews)",Al Lith,,,0,,,https://www.tripadvisor.com/Restaurant_Review-g295424-d23007236-Reviews-Al_Khayma_Heritage_Restaurant_Cafe-Dubai_Emirate_of_Dubai.html#REVIEWS
"RESTAURANTAlbaik4.34.3 of 5 bubbles(1,685 reviews)Mecca, Saudi Arabia",Al Lith,,,0,,,https://www.tripadvisor.com/Restaurant_Review-g293993-d788527-Reviews-Albaik-Mecca_Makkah_Province.html
"(1,685 reviews)",Al Lith,,,0,,,https://www.tripadvisor.com/Restaurant_Review-g293993-d788527-Reviews-Albaik-Mecca_Makkah_Province.html#REVIEWS
"RESTAURANTAl Baik4.44.4 of 5 bubbles(2,396 reviews)Jeddah, Saudi Arabia",Al Lith,,,0,,,https://www.tripadvisor.com/Restaurant_Review-g295419-d806681-Reviews-Al_Baik-Jeddah_Makkah_Province.html
"(2,396 reviews)",Al Lith,,,0,,,https://www.tripadvisor.com/Restaurant_Review-g295419-d806681-Reviews-Al_Baik-Jeddah_Makkah_Province.html#REVIEWS
"RESTAURANTThe Rooms Restaurant4.74.7 of 5 bubbles(927 reviews)Tirana, Albania",Al Lith,,,0,,,https://www.tripadvisor.com/Restaurant_Review-g294446-d8867438-Reviews-The_Rooms_Restaurant-Tirana_Tirana_County.html
(927 reviews),Al Lith,,,0,,,https://www.tripadvisor.com/Restaurant_Review-g294446-d8867438-Reviews-The_Rooms_Restaurant-Tirana_Tirana_County.html#REVIEWS
"RESTAURANTAl Wadi Restaurant4.84.8 of 5 bubbles(5,630 reviews)Petra - Wadi Musa, Jordan",Al Lith,,,0,,,https://www.tripadvisor.com/Restaurant_Review-g318895-d1191095-Reviews-Al_Wadi_Restaurant-Petra_Wadi_Musa_Ma_an_Governorate.html
"(5,630 reviews)",Al Lith,,,0,,,https://www.tripadvisor.com/Restaurant_Review-g318895-d1191095-Reviews-Al_Wadi_Restaurant-Petra_Wadi_Musa_Ma_an_Governorate.html#REVIEWS
"RESTAURANTBurj Al Hamam4.94.9 of 5 bubbles(2,859 reviews)Amman, Jordan",Al Lith,,,0,,,https://www.tripadvisor.com/Restaurant_Review-g293986-d1181235-Reviews-Burj_Al_Hamam-Amman_Amman_Governorate.html
"(2,859 reviews)",Al Lith,,,0,,,https://www.tripadvisor.com/Restaurant_Review-g293986-d1181235-Reviews-Burj_Al_Hamam-Amman_Amman_Governorate.html#REVIEWS
"RESTAURANTAl Nafoura Lebanese Restaurant4.84.8 of 5 bubbles(1,192 reviews)Jakarta, Indonesia",Al Lith,,,0,,,https://www.tripadvisor.com/Restaurant_Review-g294229-d862663-Reviews-Al_Nafoura_Lebanese_Restaurant-Jakarta_Java.html
"(1,192 reviews)",Al Lith,,,0,,,https://www.tripadvisor.com/Restaurant_Review-g294229-d862663-Reviews-Al_Nafoura_Lebanese_Restaurant-Jakarta_Java.html#REVIEWS
"RESTAURANTRistorante Pizzeria Al Saraceno4.54.5 of 5 bubbles(2,025 reviews)Taormina, Italy",Al Lith,,,0,,,https://www.tripadvisor.com/Restaurant_Review-g187892-d1023273-Reviews-Ristorante_Pizzeria_Al_Saraceno-Taormina_Province_of_Messina_Sicily.html
"(2,025 reviews)",Al Lith,,,0,,,https://www.tripadvisor.com/Restaurant_Review-g187892-d1023273-Reviews-Ristorante_Pizzeria_Al_Saraceno-Taormina_Province_of_Messina_Sicily.html#REVIEWS
"RESTAURANTAl Boom Steak & Seafood Restaurant4.54.5 of 5 bubbles(217 reviews)Kuwait City, Kuwait",Al Lith,,,0,,,https://www.tripadvisor.com/Restaurant_Review-g294003-d1101363-Reviews-Al_Boom_Steak_Seafood_Restaurant-Kuwait_City.html
(217 reviews),Al Lith,,,0,,,https://www.tripadvisor.com/Restaurant_Review-g294003-d1101363-Reviews-Al_Boom_Steak_Seafood_Restaurant-Kuwait_City.html#REVIEWS
"RESTAURANTAl Punt4.64.6 of 5 bubbles(2,125 reviews)Cambrils, Costa Dorada, Spain",Al Lith,,,0,,,https://www.tripadvisor.com/Restaurant_Review-g580328-d7258963-Reviews-Al_Punt-Cambrils_Baix_Camp_Costa_Dorada_Province_of_Tarragona_Catalonia.html
"(2,125 reviews)",Al Lith,,,0,,,https://www.tripadvisor.com/Restaurant_Review-g580328-d7258963-Reviews-Al_Punt-Cambrils_Baix_Camp_Costa_Dorada_Province_of_Tarragona_Catalonia.html#REVIEWS
"RESTAURANTAl Faro di Portofino Lounge Bar4.44.4 of 5 bubbles(782 reviews)Portofino, Italian Riviera, Italy",Al Lith,,,0,,,https://www.tripadvisor.com/Restaurant_Review-g187825-d5861871-Reviews-Al_Faro_di_Portofino_Lounge_Bar-Portofino_Italian_Riviera_Liguria.html
(782 reviews),Al Lith,,,0,,,https://www.tripadvisor.com/Restaurant_Review-g187825-d5861871-Reviews-Al_Faro_di_Portofino_Lounge_Bar-Portofino_Italian_Riviera_Liguria.html#REVIEWS
"RESTAURANTAl Frio y Al Fuego4.34.3 of 5 bubbles(1,468 reviews)Iquitos, Peru",Al Lith,,,0,,,https://www.tripadvisor.com/Restaurant_Review-g294315-d2182172-Reviews-Al_Frio_y_Al_Fuego-Iquitos_Loreto_Region.html
"(1,468 reviews)",Al Lith,,,0,,,https://www.tripadvisor.com/Restaurant_Review-g294315-d2182172-Reviews-Al_Frio_y_Al_Fuego-Iquitos_Loreto_Region.html#REVIEWS
"RESTAURANTMataam Al Sharq4.84.8 of 5 bubbles(141 reviews)Jeddah, Saudi Arabia",Al Lith,,,0,,,https://www.tripadvisor.com/Restaurant_Review-g295419-d7812156-Reviews-Mataam_Al_Sharq-Jeddah_Makkah_Province.html
(141 reviews),Al Lith,,,0,,,https://www.tripadvisor.com/Restaurant_Review-g295419-d7812156-Reviews-Mataam_Al_Sharq-Jeddah_Makkah_Province.html#REVIEWS
"RESTAURANTAl-Sanbok Restaurant4.54.5 of 5 bubbles(941 reviews)Al Khobar, Saudi Arabia",Al Lith,,,0,,,https://www.tripadvisor.com/Restaurant_Review-g298545-d1576305-Reviews-Al_Sanbok_Restaurant-Al_Khobar_Eastern_Province.html
(941 reviews),Al Lith,,,0,,,https://www.tripadvisor.com/Restaurant_Review-g298545-d1576305-Reviews-Al_Sanbok_Restaurant-Al_Khobar_Eastern_Province.html#REVIEWS
"RESTAURANTIntercontinental Al Ferdaus4.74.7 of 5 bubbles(80 reviews)Jeddah, Saudi Arabia",Al Lith,,,0,,,https://www.tripadvisor.com/Restaurant_Review-g295419-d2186966-Reviews-Intercontinental_Al_Ferdaus-Jeddah_Makkah_Province.html
(80 reviews),Al Lith,,,0,,,https://www.tripadvisor.com/Restaurant_Review-g295419-d2186966-Reviews-Intercontinental_Al_Ferdaus-Jeddah_Makkah_Province.html#REVIEWS
"RESTAURANTAl Sangiovese4.54.5 of 5 bubbles(2,455 reviews)Bologna, Emilia-Romagna, Italy",Al Lith,,,0,,,https://www.tripadvisor.com/Restaurant_Review-g187801-d1550805-Reviews-Al_Sangiovese-Bologna_Province_of_Bologna_Emilia_Romagna.html
"(2,455 reviews)",Al Lith,,,0,,,https://www.tripadvisor.com/Restaurant_Review-g187801-d1550805-Reviews-Al_Sangiovese-Bologna_Province_of_Bologna_Emilia_Romagna.html#REVIEWS
"RESTAURANTAl Dawaar Revolving Restaurant4.84.8 of 5 bubbles(3,579 reviews)Dubai, United Arab Emirates",Al Lith,,,0,,,https://www.tripadvisor.com/Restaurant_Review-g295424-d814928-Reviews-Al_Dawaar_Revolving_Restaurant-Dubai_Emirate_of_Dubai.html
"(3,579 reviews)",Al Lith,,,0,,,https://www.tripadvisor.com/Restaurant_Review-g295424-d814928-Reviews-Al_Dawaar_Revolving_Restaurant-Dubai_Emirate_of_Dubai.html#REVIEWS
"RESTAURANTAl's Finger Licking Good Bar-B-Que4.64.6 of 5 bubbles(314 reviews)Tampa, Florida",Al Lith,,,0,,,https://www.tripadvisor.com/Restaurant_Review-g34678-d1983995-Reviews-Al_s_Finger_Licking_Good_Bar_B_Que-Tampa_Florida.html
(314 reviews),Al Lith,,,0,,,https://www.tripadvisor.com/Restaurant_Review-g34678-d1983995-Reviews-Al_s_Finger_Licking_Good_Bar_B_Que-Tampa_Florida.html#REVIEWS
(3 reviews),Al Qunfudhah,,,0,,,https://www.tripadvisor.com/Restaurant_Review-g7659179-d10692166-Reviews-Pizza_Hut-Al_Qunfudhah_Makkah_Province.html#REVIEWS
(0 reviews),Al Qunfudhah,,,0,,,https://www.tripadvisor.com/Restaurant_Review-g7659179-d21315527-Reviews-Sea_Lounge-Al_Qunfudhah_Makkah_Province.html#REVIEWS
(1 review),Muhayil,,,0,,,https://www.tripadvisor.com/Restaurant_Review-g9462933-d33264690-Reviews-The_Key_Of_Taste-Muhayil_Asir_Province.html#REVIEWS
(0 reviews),Muhayil,,,0,,,https://www.tripadvisor.com/Restaurant_Review-g9462933-d34219379-Reviews-Maestro_Pizza-Muhayil_Asir_Province.html#REVIEWS
"RESTAURANTBadr Restaurant4.94.9 of 5 bubbles(8 reviews)Samarkand, Uzbekistan",Badr Hunayn,,,0,,,https://www.tripadvisor.com/Restaurant_Review-g298068-d33419768-Reviews-Badr_Restaurant-Samarkand_Samarqand_Province.html
(8 reviews),Badr Hunayn,,,0,,,https://www.tripadvisor.com/Restaurant_Review-g298068-d33419768-Reviews-Badr_Restaurant-Samarkand_Samarqand_Province.html#REVIEWS
"RESTAURANTPickl Madinat Badr4.04 of 5 bubbles(1 review)Dubai, United Arab Emirates",Badr Hunayn,,,0,,,https://www.tripadvisor.com/Restaurant_Review-g295424-d23217693-Reviews-Pickl_Madinat_Badr-Dubai_Emirate_of_Dubai.html
(1 review),Badr Hunayn,,,0,,,https://www.tripadvisor.com/Restaurant_Review-g295424-d23217693-Reviews-Pickl_Madinat_Badr-Dubai_Emirate_of_Dubai.html#REVIEWS
"RESTAURANTRestaurant Badr Acham5.05 of 5 bubbles(1 review)Kenitra, Morocco",Badr Hunayn,,,0,,,https://www.tripadvisor.com/Restaurant_Review-g2578717-d34487001-Reviews-Restaurant_Badr_Acham-Kenitra_Rabat_Sale_Kenitra.html
(1 review),Badr Hunayn,,,0,,,https://www.tripadvisor.com/Restaurant_Review-g2578717-d34487001-Reviews-Restaurant_Badr_Acham-Kenitra_Rabat_Sale_Kenitra.html#REVIEWS
"RESTAURANTBadrMarrakech, Morocco",Badr Hunayn,,,0,,,https://www.tripadvisor.com/Restaurant_Review-g293734-d12074290-Reviews-Badr-Marrakech_Marrakech_Safi.html
"RESTAURANTHaty Badr4.44.4 of 5 bubbles(5 reviews)Zagazig, Egypt",Badr Hunayn,,,0,,,https://www.tripadvisor.com/Restaurant_Review-g668839-d3690679-Reviews-Haty_Badr-Zagazig_Sharqia_Governorate.html
(5 reviews),Badr Hunayn,,,0,,,https://www.tripadvisor.com/Restaurant_Review-g668839-d3690679-Reviews-Haty_Badr-Zagazig_Sharqia_Governorate.html#REVIEWS
"RESTAURANTEl Badr RestaurantCairo, Egypt",Badr Hunayn,,,0,,,https://www.tripadvisor.com/Restaurant_Review-g294201-d2729109-Reviews-El_Badr_Restaurant-Cairo_Cairo_Governorate.html
"RESTAURANTBadr MlAntwerp, Belgium",Badr Hunayn,,,0,,,https://www.tripadvisor.com/Restaurant_Review-g188636-d27548621-Reviews-Badr_Ml-Antwerp_Antwerp_Province.html
"RESTAURANTBadr Patisserie MechelenMechelen, Belgium",Badr Hunayn,,,0,,,https://www.tripadvisor.com/Restaurant_Review-g188637-d27560147-Reviews-Badr_Patisserie_Mechelen-Mechelen_Antwerp_Province.html
"RESTAURANTBoucherie Ali & BadrYutz, Grand Est, France",Badr Hunayn,,,0,,,https://www.tripadvisor.com/Restaurant_Review-g661266-d27226725-Reviews-Boucherie_Ali_Badr-Yutz_Moselle_Grand_Est.html
"RESTAURANTShawarma Badr AchamKenitra, Morocco",Badr Hunayn,,,0,,,https://www.tripadvisor.com/Restaurant_Review-g2578717-d34487043-Reviews-Shawarma_Badr_Acham-Kenitra_Rabat_Sale_Kenitra.html
"RESTAURANTKababgy El BadrAl Khankah, Egypt",Badr Hunayn,,,0,,,https://www.tripadvisor.com/Restaurant_Review-g3689645-d3690181-Reviews-Kababgy_El_Badr-Al_Khankah_Qalyubia_Governorate.html
"RESTAURANTAl Wadi Restaurant4.84.8 of 5 bubbles(5,630 reviews)Petra - Wadi Musa, Jordan",Wadi ad-Dawasir,,,0,,,https://www.tripadvisor.com/Restaurant_Review-g318895-d1191095-Reviews-Al_Wadi_Restaurant-Petra_Wadi_Musa_Ma_an_Governorate.html
"(5,630 reviews)",Wadi ad-Dawasir,,,0,,,https://www.tripadvisor.com/Restaurant_Review-g318895-d1191095-Reviews-Al_Wadi_Restaurant-Petra_Wadi_Musa_Ma_an_Governorate.html#REVIEWS
"RESTAURANTAl Wadi Cafe4.54.5 of 5 bubbles(53 reviews)Bedford, Texas",Wadi ad-Dawasir,,,0,,,https://www.tripadvisor.com/Restaurant_Review-g55461-d3206965-Reviews-Al_Wadi_Cafe-Bedford_Texas.html
(53 reviews),Wadi ad-Dawasir,,,0,,,https://www.tripadvisor.com/Restaurant_Review-g55461-d3206965-Reviews-Al_Wadi_Cafe-Bedford_Texas.html#REVIEWS
"RESTAURANTAl-Wadi Restaurant4.14.1 of 5 bubbles(102 reviews)Boston, Massachusetts",Wadi ad-Dawasir,,,0,,,https://www.tripadvisor.com/Restaurant_Review-g60745-d1884257-Reviews-Al_Wadi_Restaurant-Boston_Massachusetts.html
(102 reviews),Wadi ad-Dawasir,,,0,,,https://www.tripadvisor.com/Restaurant_Review-g60745-d1884257-Reviews-Al_Wadi_Restaurant-Boston_Massachusetts.html#REVIEWS
"RESTAURANTSajiat Al Janoob4.94.9 of 5 bubbles(340 reviews)Petra - Wadi Musa, Jordan",Wadi ad-Dawasir,,,0,,,https://www.tripadvisor.com/Restaurant_Review-g318895-d17375918-Reviews-Sajiat_Al_Janoob-Petra_Wadi_Musa_Ma_an_Governorate.html
(340 reviews),Wadi ad-Dawasir,,,0,,,https://www.tripadvisor.com/Restaurant_Review-g318895-d17375918-Reviews-Sajiat_Al_Janoob-Petra_Wadi_Musa_Ma_an_Governorate.html#REVIEWS
"RESTAURANTReem Al-Wadi4.64.6 of 5 bubbles(44 reviews)Petra - Wadi Musa, Jordan",Wadi ad-Dawasir,,,0,,,https://www.tripadvisor.com/Restaurant_Review-g318895-d6216780-Reviews-Reem_Al_Wadi-Petra_Wadi_Musa_Ma_an_Governorate.html
(44 reviews),Wadi ad-Dawasir,,,0,,,https://www.tripadvisor.com/Restaurant_Review-g318895-d6216780-Reviews-Reem_Al_Wadi-Petra_Wadi_Musa_Ma_an_Governorate.html#REVIEWS
"RESTAURANTWadi Hadramawt4.34.3 of 5 bubbles(154 reviews)Kuala Lumpur, Malaysia",Wadi ad-Dawasir,,,0,,,https://www.tripadvisor.com/Restaurant_Review-g298570-d3812171-Reviews-Wadi_Hadramawt-Kuala_Lumpur_Wilayah_Persekutuan.html
(154 reviews),Wadi ad-Dawasir,,,0,,,https://www.tripadvisor.com/Restaurant_Review-g298570-d3812171-Reviews-Wadi_Hadramawt-Kuala_Lumpur_Wilayah_Persekutuan.html#REVIEWS
"RESTAURANTAl-Arabi Restaurant4.14.1 of 5 bubbles(437 reviews)Petra - Wadi Musa, Jordan",Wadi ad-Dawasir,,,0,,,https://www.tripadvisor.com/Restaurant_Review-g318895-d1217068-Reviews-Al_Arabi_Restaurant-Petra_Wadi_Musa_Ma_an_Governorate.html
(437 reviews),Wadi ad-Dawasir,,,0,,,https://www.tripadvisor.com/Restaurant_Review-g318895-d1217068-Reviews-Al_Arabi_Restaurant-Petra_Wadi_Musa_Ma_an_Governorate.html#REVIEWS
"RESTAURANTAd Hoc Ristorante - Piazza del Popolo4.74.7 of 5 bubbles(7,426 reviews)Rome, Lazio, Italy",Wadi ad-Dawasir,,,0,,,https://www.tripadvisor.com/Restaurant_Review-g187791-d1381800-Reviews-Ad_Hoc_Ristorante_Piazza_del_Popolo-Rome_Lazio.html
"(7,426 reviews)",Wadi ad-Dawasir,,,0,,,https://www.tripadvisor.com/Restaurant_Review-g187791-d1381800-Reviews-Ad_Hoc_Ristorante_Piazza_del_Popolo-Rome_Lazio.html#REVIEWS
"RESTAURANTAd Hoc - Circo Massimo - Colosseum4.94.9 of 5 bubbles(1,019 reviews)Rome, Lazio, Italy",Wadi ad-Dawasir,,,0,,,https://www.tripadvisor.com/Restaurant_Review-g187791-d24800830-Reviews-Ad_Hoc_Circo_Massimo_Colosseum-Rome_Lazio.html
"(1,019 reviews)",Wadi ad-Dawasir,,,0,,,https://www.tripadvisor.com/Restaurant_Review-g187791-d24800830-Reviews-Ad_Hoc_Circo_Massimo_Colosseum-Rome_Lazio.html#REVIEWS
"RESTAURANTBeit Al-Barakah Restaurant4.94.9 of 5 bubbles(3,086 reviews)Petra - Wadi Musa, Jordan",Wadi ad-Dawasir,,,0,,,https://www.tripadvisor.com/Restaurant_Review-g318895-d12323259-Reviews-Beit_Al_Barakah_Restaurant-Petra_Wadi_Musa_Ma_an_Governorate.html
"(3,086 reviews)",Wadi ad-Dawasir,,,0,,,https://www.tripadvisor.com/Restaurant_Review-g318895-d12323259-Reviews-Beit_Al_Barakah_Restaurant-Petra_Wadi_Musa_Ma_an_Governorate.html#REVIEWS
"RESTAURANTSana'a El Yemen4.94.9 of 5 bubbles(887 reviews)Petra - Wadi Musa, Jordan",Wadi ad-Dawasir,,,0,,,https://www.tripadvisor.com/Restaurant_Review-g318895-d23706750-Reviews-Sana_a_El_Yemen-Petra_Wadi_Musa_Ma_an_Governorate.html
(887 reviews),Wadi ad-Dawasir,,,0,,,https://www.tripadvisor.com/Restaurant_Review-g318895-d23706750-Reviews-Sana_a_El_Yemen-Petra_Wadi_Musa_Ma_an_Governorate.html#REVIEWS
"RESTAURANTad hoc & addendum4.24.2 of 5 bubbles(1,415 reviews)Yountville, California",Wadi ad-Dawasir,,,0,,,https://www.tripadvisor.com/Restaurant_Review-g33300-d640080-Reviews-Ad_hoc_addendum-Yountville_Napa_Valley_California.html
"(1,415 reviews)",Wadi ad-Dawasir,,,0,,,https://www.tripadvisor.com/Restaurant_Review-g33300-d640080-Reviews-Ad_hoc_addendum-Yountville_Napa_Valley_California.html#REVIEWS
"RESTAURANTZawaya Restaurant & Cafe4.94.9 of 5 bubbles(2,232 reviews)Petra - Wadi Musa, Jordan",Wadi ad-Dawasir,,,0,,,https://www.tripadvisor.com/Restaurant_Review-g318895-d12961819-Reviews-Zawaya_Restaurant_Cafe-Petra_Wadi_Musa_Ma_an_Governorate.html
"(2,232 reviews)",Wadi ad-Dawasir,,,0,,,https://www.tripadvisor.com/Restaurant_Review-g318895-d12961819-Reviews-Zawaya_Restaurant_Cafe-Petra_Wadi_Musa_Ma_an_Governorate.html#REVIEWS
"RESTAURANTFalafel Time5.05 of 5 bubbles(1,297 reviews)Petra - Wadi Musa, Jordan",Wadi ad-Dawasir,,,0,,,https://www.tripadvisor.com/Restaurant_Review-g318895-d24099691-Reviews-Falafel_Time-Petra_Wadi_Musa_Ma_an_Governorate.html
"(1,297 reviews)",Wadi ad-Dawasir,,,0,,,https://www.tripadvisor.com/Restaurant_Review-g318895-d24099691-Reviews-Falafel_Time-Petra_Wadi_Musa_Ma_an_Governorate.html#REVIEWS
"RESTAURANTAlmehbash Restaurant4.94.9 of 5 bubbles(358 reviews)Petra - Wadi Musa, Jordan",Wadi ad-Dawasir,,,0,,,https://www.tripadvisor.com/Restaurant_Review-g318895-d17375998-Reviews-Almehbash_Restaurant-Petra_Wadi_Musa_Ma_an_Governorate.html
(358 reviews),Wadi ad-Dawasir,,,0,,,https://www.tripadvisor.com/Restaurant_Review-g318895-d17375998-Reviews-Almehbash_Restaurant-Petra_Wadi_Musa_Ma_an_Governorate.html#REVIEWS
"RESTAURANTRainbow Restaurant4.84.8 of 5 bubbles(327 reviews)Petra - Wadi Musa, Jordan",Wadi ad-Dawasir,,,0,,,https://www.tripadvisor.com/Restaurant_Review-g318895-d18543550-Reviews-Rainbow_Restaurant-Petra_Wadi_Musa_Ma_an_Governorate.html
(327 reviews),Wadi ad-Dawasir,,,0,,,https://www.tripadvisor.com/Restaurant_Review-g318895-d18543550-Reviews-Rainbow_Restaurant-Petra_Wadi_Musa_Ma_an_Governorate.html#REVIEWS
"RESTAURANTJohnny Ads3.63.6 of 5 bubbles(179 reviews)Old Saybrook, Connecticut",Wadi ad-Dawasir,,,0,,,https://www.tripadvisor.com/Restaurant_Review-g33878-d473845-Reviews-Johnny_Ads-Old_Saybrook_Connecticut.html
(179 reviews),Wadi ad-Dawasir,,,0,,,https://www.tripadvisor.com/Restaurant_Review-g33878-d473845-Reviews-Johnny_Ads-Old_Saybrook_Connecticut.html#REVIEWS
"RESTAURANTBukhara Restaurant4.74.7 of 5 bubbles(542 reviews)Petra - Wadi Musa, Jordan",Wadi ad-Dawasir,,,0,,,https://www.tripadvisor.com/Restaurant_Review-g318895-d3975342-Reviews-Bukhara_Restaurant-Petra_Wadi_Musa_Ma_an_Governorate.html
(542 reviews),Wadi ad-Dawasir,,,0,,,https://www.tripadvisor.com/Restaurant_Review-g318895-d3975342-Reviews-Bukhara_Restaurant-Petra_Wadi_Musa_Ma_an_Governorate.html#REVIEWS
"RESTAURANTMr. Falafel - Petra4.94.9 of 5 bubbles(528 reviews)Petra - Wadi Musa, Jordan",Wadi ad-Dawasir,,,0,,,https://www.tripadvisor.com/Restaurant_Review-g318895-d23780115-Reviews-Mr_Falafel_Petra-Petra_Wadi_Musa_Ma_an_Governorate.html
(528 reviews),Wadi ad-Dawasir,,,0,,,https://www.tripadvisor.com/Restaurant_Review-g318895-d23780115-Reviews-Mr_Falafel_Petra-Petra_Wadi_Musa_Ma_an_Governorate.html#REVIEWS
"RESTAURANTWhy Not Restaurant5.05 of 5 bubbles(96 reviews)Petra - Wadi Musa, Jordan",Wadi ad-Dawasir,,,0,,,https://www.tripadvisor.com/Restaurant_Review-g318895-d23816305-Reviews-Why_Not_Restaurant-Petra_Wadi_Musa_Ma_an_Governorate.html
(96 reviews),Wadi ad-Dawasir,,,0,,,https://www.tripadvisor.com/Restaurant_Review-g318895-d23816305-Reviews-Why_Not_Restaurant-Petra_Wadi_Musa_Ma_an_Governorate.html#REVIEWS
"RESTAURANTPetra Night Restaurant4.74.7 of 5 bubbles(254 reviews)Petra - Wadi Musa, Jordan",Wadi ad-Dawasir,,,0,,,https://www.tripadvisor.com/Restaurant_Review-g318895-d17531880-Reviews-Petra_Night_Restaurant-Petra_Wadi_Musa_Ma_an_Governorate.html
(254 reviews),Wadi ad-Dawasir,,,0,,,https://www.tripadvisor.com/Restaurant_Review-g318895-d17531880-Reviews-Petra_Night_Restaurant-Petra_Wadi_Musa_Ma_an_Governorate.html#REVIEWS
"RESTAURANTCook N' Dine Restaurant4.94.9 of 5 bubbles(107 reviews)Petra - Wadi Musa, Jordan",Wadi ad-Dawasir,,,0,,,https://www.tripadvisor.com/Restaurant_Review-g318895-d19752869-Reviews-Cook_N_Dine_Restaurant-Petra_Wadi_Musa_Ma_an_Governorate.html
(107 reviews),Wadi ad-Dawasir,,,0,,,https://www.tripadvisor.com/Restaurant_Review-g318895-d19752869-Reviews-Cook_N_Dine_Restaurant-Petra_Wadi_Musa_Ma_an_Governorate.html#REVIEWS
"RESTAURANTAd Hoc4.34.3 of 5 bubbles(58 reviews)Mt Eliza, Victoria, Australia",Wadi ad-Dawasir,,,0,,,https://www.tripadvisor.com/Restaurant_Review-g1066993-d12209622-Reviews-Ad_Hoc-Mt_Eliza_Mornington_Peninsula_Victoria.html
(58 reviews),Wadi ad-Dawasir,,,0,,,https://www.tripadvisor.com/Restaurant_Review-g1066993-d12209622-Reviews-Ad_Hoc-Mt_Eliza_Mornington_Peninsula_Victoria.html#REVIEWS
"RESTAURANTSanabel Bakeries and Sweets4.44.4 of 5 bubbles(81 reviews)Petra - Wadi Musa, Jordan",Wadi ad-Dawasir,,,0,,,https://www.tripadvisor.com/Restaurant_Review-g318895-d2478552-Reviews-Sanabel_Bakeries_and_Sweets-Petra_Wadi_Musa_Ma_an_Governorate.html
(81 reviews),Wadi ad-Dawasir,,,0,,,https://www.tripadvisor.com/Restaurant_Review-g318895-d2478552-Reviews-Sanabel_Bakeries_and_Sweets-Petra_Wadi_Musa_Ma_an_Governorate.html#REVIEWS
"RESTAURANTAl Wadi4.74.7 of 5 bubbles(2,486 reviews)Seville, Andalucia, Spain",Wadi ad-Dawasir,,,0,,,https://www.tripadvisor.com/Restaurant_Review-g187443-d13238943-Reviews-Al_Wadi-Seville_Province_of_Seville_Andalucia.html
"(2,486 reviews)",Wadi ad-Dawasir,,,0,,,https://www.tripadvisor.com/Restaurant_Review-g187443-d13238943-Reviews-Al_Wadi-Seville_Province_of_Seville_Andalucia.html#REVIEWS
"RESTAURANT15 AD4.34.3 of 5 bubbles(134 reviews)Jodhpur, India",Wadi ad-Dawasir,,,0,,,https://www.tripadvisor.com/Restaurant_Review-g297668-d3381891-Reviews-15_AD-Jodhpur_Jodhpur_District_Rajasthan.html
(134 reviews),Wadi ad-Dawasir,,,0,,,https://www.tripadvisor.com/Restaurant_Review-g297668-d3381891-Reviews-15_AD-Jodhpur_Jodhpur_District_Rajasthan.html#REVIEWS
"RESTAURANTAd Hoc Beach Cafe4.64.6 of 5 bubbles(269 reviews)Bophut, Thailand",Wadi ad-Dawasir,,,0,,,https://www.tripadvisor.com/Restaurant_Review-g1179396-d1631508-Reviews-Ad_Hoc_Beach_Cafe-Bophut_Ko_Samui_Surat_Thani_Province.html
(269 reviews),Wadi ad-Dawasir,,,0,,,https://www.tripadvisor.com/Restaurant_Review-g1179396-d1631508-Reviews-Ad_Hoc_Beach_Cafe-Bophut_Ko_Samui_Surat_Thani_Province.html#REVIEWS
"RESTAURANT1135 AD4.14.1 of 5 bubbles(599 reviews)Amer, India",Wadi ad-Dawasir,,,0,,,https://www.tripadvisor.com/Restaurant_Review-g1096234-d1901154-Reviews-1135_AD-Amer_Jaipur_Jaipur_District_Rajasthan.html
(599 reviews),Wadi ad-Dawasir,,,0,,,https://www.tripadvisor.com/Restaurant_Review-g1096234-d1901154-Reviews-1135_AD-Amer_Jaipur_Jaipur_District_Rajasthan.html#REVIEWS
"RESTAURANTLila Wadi Restaurant3.93.9 of 5 bubbles(109 reviews)Kuantan, Malaysia",Wadi ad-Dawasir,,,0,,,https://www.tripadvisor.com/Restaurant_Review-g298296-d5884379-Reviews-Lila_Wadi_Restaurant-Kuantan_Kuantan_District_Pahang.html
(109 reviews),Wadi ad-Dawasir,,,0,,,https://www.tripadvisor.com/Restaurant_Review-g298296-d5884379-Reviews-Lila_Wadi_Restaurant-Kuantan_Kuantan_District_Pahang.html#REVIEWS
"RESTAURANTAddendum at Ad Hoc4.24.2 of 5 bubbles(184 reviews)Yountville, California",Wadi ad-Dawasir,,,0,,,https://www.tripadvisor.com/Restaurant_Review-g33300-d2264207-Reviews-Addendum_at_Ad_Hoc-Yountville_Napa_Valley_California.html
(184 reviews),Wadi ad-Dawasir,,,0,,,https://www.tripadvisor.com/Restaurant_Review-g33300-d2264207-Reviews-Addendum_at_Ad_Hoc-Yountville_Napa_Valley_California.html#REVIEWS
"RESTAURANTRumah Makan Inggil4.04 of 5 bubbles(602 reviews)Malang, Indonesia15 mentions ofRumah""…Rumah Makan Inggil is a delightful restaurant that showcases the best of…""",Rumah,,,0,,,https://www.tripadvisor.com/Restaurant_Review-g297710-d1944305-Reviews-Rumah_Makan_Inggil-Malang_East_Java_Java.html
(602 reviews),Rumah,,,0,,,https://www.tripadvisor.com/Restaurant_Review-g297710-d1944305-Reviews-Rumah_Makan_Inggil-Malang_East_Java_Java.html#REVIEWS
"RESTAURANTRumah Makan Belitong Timpo Duluk4.04 of 5 bubbles(427 reviews)Tanjung Pandan, Indonesia3 mentions ofRumah""…And I find 1 great local restaurant, it is calledRumahMakan Timpo Duluk…""",Rumah,,,0,,,https://www.tripadvisor.com/Restaurant_Review-g3737841-d4750317-Reviews-Rumah_Makan_Belitong_Timpo_Duluk-Tanjung_Pandan_Belitung_Island_Bangka_Belitung_.html
(427 reviews),Rumah,,,0,,,https://www.tripadvisor.com/Restaurant_Review-g3737841-d4750317-Reviews-Rumah_Makan_Belitong_Timpo_Duluk-Tanjung_Pandan_Belitung_Island_Bangka_Belitung_.html#REVIEWS
"RESTAURANTRumah Roda4.24.2 of 5 bubbles(95 reviews)Ubud, Indonesia11 mentions ofRumah""…I have been coming toRumahRoda for many years and bringing a group to…""",Rumah,,,0,,,https://www.tripadvisor.com/Restaurant_Review-g297701-d2426823-Reviews-Rumah_Roda-Ubud_Gianyar_Regency_Bali.html
(95 reviews),Rumah,,,0,,,https://www.tripadvisor.com/Restaurant_Review-g297701-d2426823-Reviews-Rumah_Roda-Ubud_Gianyar_Regency_Bali.html#REVIEWS
"RESTAURANTRumah Desa Balinese Home and Cooking Studio4.74.7 of 5 bubbles(78 reviews)Belalang, Indonesia11 mentions ofRumah""…Our school bali Christian College - Early learning Centre visitedRumah…""",Rumah,,,0,,,https://www.tripadvisor.com/Restaurant_Review-g19415112-d1971726-Reviews-Rumah_Desa_Balinese_Home_and_Cooking_Studio-Belalang_Kediri_Bali.html
(78 reviews),Rumah,,,0,,,https://www.tripadvisor.com/Restaurant_Review-g19415112-d1971726-Reviews-Rumah_Desa_Balinese_Home_and_Cooking_Studio-Belalang_Kediri_Bali.html#REVIEWS
"RESTAURANTFood Place Rumah Mode3.83.8 of 5 bubbles(71 reviews)Bandung, Indonesia17 mentions ofRumah""…I have a great luncy with mya family, after shopping atrumahmode.…""",Rumah,,,0,,,https://www.tripadvisor.com/Restaurant_Review-g297704-d1976295-Reviews-Food_Place_Rumah_Mode-Bandung_West_Java_Java.html
(71 reviews),Rumah,,,0,,,https://www.tripadvisor.com/Restaurant_Review-g297704-d1976295-Reviews-Food_Place_Rumah_Mode-Bandung_West_Java_Java.html#REVIEWS
"RESTAURANTRumah Aneka Restaurant4.14.1 of 5 bubbles(48 reviews)Highett, Victoria, Australia13 mentions ofRumah""…Excellent food atRumahAneka, once again.…""",Rumah,,,0,,,https://www.tripadvisor.com/Restaurant_Review-g3932212-d2237958-Reviews-Rumah_Aneka_Restaurant-Highett_Bayside_Greater_Melbourne_Victoria.html
(48 reviews),Rumah,,,0,,,https://www.tripadvisor.com/Restaurant_Review-g3932212-d2237958-Reviews-Rumah_Aneka_Restaurant-Highett_Bayside_Greater_Melbourne_Victoria.html#REVIEWS
"RESTAURANTRumah Makan Cibiuk Malaysia4.04 of 5 bubbles(74 reviews)Kajang, Malaysia4 mentions ofRumah""…I eat at the branch ofRumahMakan Cibiuk in Wangsa Maju, Seksyen 10.…""",Rumah,,,0,,,https://www.tripadvisor.com/Restaurant_Review-g1813816-d5929215-Reviews-Rumah_Makan_Cibiuk_Malaysia-Kajang_Hulu_Langat_District_Selangor.html
(74 reviews),Rumah,,,0,,,https://www.tripadvisor.com/Restaurant_Review-g1813816-d5929215-Reviews-Rumah_Makan_Cibiuk_Malaysia-Kajang_Hulu_Langat_District_Selangor.html#REVIEWS
"RESTAURANTRumah Makan Cha Cha4.64.6 of 5 bubbles(150 reviews)Ruteng, Indonesia3 mentions ofRumah""…I really recommend this cozyRumahMakan.…""",Rumah,,,0,,,https://www.tripadvisor.com/Restaurant_Review-g677681-d4749752-Reviews-Rumah_Makan_Cha_Cha-Ruteng_Flores_East_Nusa_Tenggara.html
(150 reviews),Rumah,,,0,,,https://www.tripadvisor.com/Restaurant_Review-g677681-d4749752-Reviews-Rumah_Makan_Cha_Cha-Ruteng_Flores_East_Nusa_Tenggara.html#REVIEWS
"RESTAURANTRumah Makan Pagi Sore4.34.3 of 5 bubbles(178 reviews)Jakarta, Indonesia4 mentions ofRumah""…4 Malaysian agency travel plz black list thisrumahmakan…""",Rumah,,,0,,,https://www.tripadvisor.com/Restaurant_Review-g294229-d4234077-Reviews-Rumah_Makan_Pagi_Sore-Jakarta_Java.html
(178 reviews),Rumah,,,0,,,https://www.tripadvisor.com/Restaurant_Review-g294229-d4234077-Reviews-Rumah_Makan_Pagi_Sore-Jakarta_Java.html#REVIEWS
"RESTAURANTRumah Stroberi3.53.5 of 5 bubbles(128 reviews)Bandung, Indonesia7 mentions ofRumah""…contrast to other reviews here, our family had a very pleasant experience atRumah…""",Rumah,,,0,,,https://www.tripadvisor.com/Restaurant_Review-g297704-d1020378-Reviews-Rumah_Stroberi-Bandung_West_Java_Java.html
(128 reviews),Rumah,,,0,,,https://www.tripadvisor.com/Restaurant_Review-g297704-d1020378-Reviews-Rumah_Stroberi-Bandung_West_Java_Java.html#REVIEWS
"RESTAURANTRumah Tinggi Tavern And Restaurant4.14.1 of 5 bubbles(63 reviews)Flying Fish Cove, Australia12 mentions ofRumah""…We visitedRumahTinggi Tavern and Restaurant twice during our stay on…""",Rumah,,,0,,,https://www.tripadvisor.com/Restaurant_Review-g2239098-d1603649-Reviews-Rumah_Tinggi_Tavern_And_Restaurant-Flying_Fish_Cove_Christmas_Island.html
(63 reviews),Rumah,,,0,,,https://www.tripadvisor.com/Restaurant_Review-g2239098-d1603649-Reviews-Rumah_Tinggi_Tavern_And_Restaurant-Flying_Fish_Cove_Christmas_Island.html#REVIEWS
"RESTAURANTRumah Air Bogor3.63.6 of 5 bubbles(191 reviews)Bogor, Indonesia13 mentions ofRumah""…ThankRumahair.. Best food ever.…""",Rumah,,,0,,,https://www.tripadvisor.com/Restaurant_Review-g297706-d3948989-Reviews-Rumah_Air_Bogor-Bogor_West_Java_Java.html
(191 reviews),Rumah,,,0,,,https://www.tripadvisor.com/Restaurant_Review-g297706-d3948989-Reviews-Rumah_Air_Bogor-Bogor_West_Java_Java.html#REVIEWS
"RESTAURANTRumah Makan Minang4.14.1 of 5 bubbles(117 reviews)Singapore, Singapore8 mentions ofRumah""…Rumah Makan Minang has since grown (yes, i got to witness this!)…""",Rumah,,,0,,,https://www.tripadvisor.com/Restaurant_Review-g294265-d2148468-Reviews-Rumah_Makan_Minang-Singapore.html
(117 reviews),Rumah,,,0,,,https://www.tripadvisor.com/Restaurant_Review-g294265-d2148468-Reviews-Rumah_Makan_Minang-Singapore.html#REVIEWS
"RESTAURANTRumah Makan Raja Oci4.04 of 5 bubbles(170 reviews)Manado, Indonesia2 mentions ofRumah""…Thisrumahmakan serves really absolute delicious fish dishes.…""",Rumah,,,0,,,https://www.tripadvisor.com/Restaurant_Review-g297721-d6579492-Reviews-Rumah_Makan_Raja_Oci-Manado_North_Sulawesi_Sulawesi.html
(170 reviews),Rumah,,,0,,,https://www.tripadvisor.com/Restaurant_Review-g297721-d6579492-Reviews-Rumah_Makan_Raja_Oci-Manado_North_Sulawesi_Sulawesi.html#REVIEWS
"RESTAURANTRumah Kopi Gembira Kawangkoan4.14.1 of 5 bubbles(78 reviews)Manado, Indonesia6 mentions ofRumah""…Rumah Kopi Gambira translates to Happy Coffee House which opened in 1946…""",Rumah,,,0,,,https://www.tripadvisor.com/Restaurant_Review-g297721-d6371699-Reviews-Rumah_Kopi_Gembira_Kawangkoan-Manado_North_Sulawesi_Sulawesi.html
(78 reviews),Rumah,,,0,,,https://www.tripadvisor.com/Restaurant_Review-g297721-d6371699-Reviews-Rumah_Kopi_Gembira_Kawangkoan-Manado_North_Sulawesi_Sulawesi.html#REVIEWS
"RESTAURANTRumah Sushi Bali4.94.9 of 5 bubbles(36 reviews)Dauh Puri Klod, Indonesia5 mentions ofRumah""…I usually had dinner atRumahSushi Bali Jimbaran but last month i went…""",Rumah,,,0,,,https://www.tripadvisor.com/Restaurant_Review-g23230310-d23169242-Reviews-Rumah_Sushi_Bali-Dauh_Puri_Klod_Denpasar_Bali.html
(36 reviews),Rumah,,,0,,,https://www.tripadvisor.com/Restaurant_Review-g23230310-d23169242-Reviews-Rumah_Sushi_Bali-Dauh_Puri_Klod_Denpasar_Bali.html#REVIEWS
"RESTAURANTRumah Hutan Terapi Alam2.42.4 of 5 bubbles(27 reviews)Batang Kali, Malaysia8 mentions ofRumah""…Our booking wasrumahhutan seni Bakawali.…""",Rumah,,,0,,,https://www.tripadvisor.com/Restaurant_Review-g3320182-d17335166-Reviews-Rumah_Hutan_Terapi_Alam-Batang_Kali_Selangor.html
(27 reviews),Rumah,,,0,,,https://www.tripadvisor.com/Restaurant_Review-g3320182-d17335166-Reviews-Rumah_Hutan_Terapi_Alam-Batang_Kali_Selangor.html#REVIEWS
"RESTAURANTRumah Daun Restaurant4.64.6 of 5 bubbles(27 reviews)Tetebatu, Indonesia6 mentions ofRumah""…With mountain views,RumahDaun Tetebatu is situated in Tetebatu and has…""",Rumah,,,0,,,https://www.tripadvisor.com/Restaurant_Review-g3737845-d10169307-Reviews-Rumah_Daun_Restaurant-Tetebatu_South_Sulawesi_Sulawesi.html
(27 reviews),Rumah,,,0,,,https://www.tripadvisor.com/Restaurant_Review-g3737845-d10169307-Reviews-Rumah_Daun_Restaurant-Tetebatu_South_Sulawesi_Sulawesi.html#REVIEWS
"RESTAURANTRumah Laut Cafe & Restoran4.14.1 of 5 bubbles(104 reviews)Jayapura, Indonesia9 mentions ofRumah""…Spent the evening inRumahLaut resto and the views are quite spectacular…""",Rumah,,,0,,,https://www.tripadvisor.com/Restaurant_Review-g680181-d8008863-Reviews-Rumah_Laut_Cafe_Restoran-Jayapura_Papua.html
(104 reviews),Rumah,,,0,,,https://www.tripadvisor.com/Restaurant_Review-g680181-d8008863-Reviews-Rumah_Laut_Cafe_Restoran-Jayapura_Papua.html#REVIEWS
"RESTAURANTRumah Makan Nasi Kuning Saroja Manado3.93.9 of 5 bubbles(154 reviews)Manado, Indonesia2 mentions ofRumah""…Rumah Makan Nasi Kuning Saroja is a authentic traditional restaurant in…""",Rumah,,,0,,,https://www.tripadvisor.com/Restaurant_Review-g297721-d6898654-Reviews-Rumah_Makan_Nasi_Kuning_Saroja_Manado-Manado_North_Sulawesi_Sulawesi.html
(154 reviews),Rumah,,,0,,,https://www.tripadvisor.com/Restaurant_Review-g297721-d6898654-Reviews-Rumah_Makan_Nasi_Kuning_Saroja_Manado-Manado_North_Sulawesi_Sulawesi.html#REVIEWS
"RESTAURANTTaman Santap Rumah Kayu4.14.1 of 5 bubbles(121 reviews)Bandar Lampung, Indonesia5 mentions ofRumah""…Rumah Kayu resto is a comfortable place to eat with family.…""",Rumah,,,0,,,https://www.tripadvisor.com/Restaurant_Review-g297722-d6750646-Reviews-Taman_Santap_Rumah_Kayu-Bandar_Lampung_Lampung_Sumatra.html
(121 reviews),Rumah,,,0,,,https://www.tripadvisor.com/Restaurant_Review-g297722-d6750646-Reviews-Taman_Santap_Rumah_Kayu-Bandar_Lampung_Lampung_Sumatra.html#REVIEWS
"RESTAURANTRumah Hijau3.33.3 of 5 bubbles(50 reviews)Kuching, Malaysia6 mentions ofRumah""…I was looking forward for lunch inrumahhijau after so long... oh dear…""",Rumah,,,0,,,https://www.tripadvisor.com/Restaurant_Review-g298309-d3535290-Reviews-Rumah_Hijau-Kuching_Sarawak.html
(50 reviews),Rumah,,,0,,,https://www.tripadvisor.com/Restaurant_Review-g298309-d3535290-Reviews-Rumah_Hijau-Kuching_Sarawak.html#REVIEWS
"RESTAURANTRumah Miring3.83.8 of 5 bubbles(64 reviews)Bandung, Indonesia4 mentions ofRumah""…Have been torumahmiring a few times.…""",Rumah,,,0,,,https://www.tripadvisor.com/Restaurant_Review-g297704-d8385368-Reviews-Rumah_Miring-Bandung_West_Java_Java.html
(64 reviews),Rumah,,,0,,,https://www.tripadvisor.com/Restaurant_Review-g297704-d8385368-Reviews-Rumah_Miring-Bandung_West_Java_Java.html#REVIEWS
"RESTAURANTRumah Makan Fuja4.24.2 of 5 bubbles(158 reviews)Padang, Indonesia1 mention ofRumah""…Every time we visit Padang,  we try not to miss this restaurant (Rumah…""",Rumah,,,0,,,https://www.tripadvisor.com/Restaurant_Review-g297726-d4178306-Reviews-Rumah_Makan_Fuja-Padang_West_Sumatra_Sumatra.html
(158 reviews),Rumah,,,0,,,https://www.tripadvisor.com/Restaurant_Review-g297726-d4178306-Reviews-Rumah_Makan_Fuja-Padang_West_Sumatra_Sumatra.html#REVIEWS
"RESTAURANTRumah Kayu Rendezvous5.05 of 5 bubbles(33 reviews)Manado, Indonesia4 mentions ofRumah""…cakalang sous recomendedd😍😍😍  lots of good spot to take photo 😍 loveRumah…""",Rumah,,,0,,,https://www.tripadvisor.com/Restaurant_Review-g297721-d27122111-Reviews-Rumah_Kayu_Rendezvous-Manado_North_Sulawesi_Sulawesi.html
(33 reviews),Rumah,,,0,,,https://www.tripadvisor.com/Restaurant_Review-g297721-d27122111-Reviews-Rumah_Kayu_Rendezvous-Manado_North_Sulawesi_Sulawesi.html#REVIEWS
"RESTAURANTRumah Makan Ujung Pandang4.04 of 5 bubbles(63 reviews)Tangerang, Indonesia3 mentions ofRumah""…The owner is the daughter of the owner ofRumahMakan Ujungpandang, it…""",Rumah,,,0,,,https://www.tripadvisor.com/Restaurant_Review-g1493703-d3853352-Reviews-Rumah_Makan_Ujung_Pandang-Tangerang_Banten_Province_Java.html
(63 reviews),Rumah,,,0,,,https://www.tripadvisor.com/Restaurant_Review-g1493703-d3853352-Reviews-Rumah_Makan_Ujung_Pandang-Tangerang_Banten_Province_Java.html#REVIEWS
"RESTAURANTTaman Santap Rumah Kayu4.04 of 5 bubbles(114 reviews)Tangerang, Indonesia3 mentions ofRumah""…Rumah kayu in Serpong also offers gathering & meeting packages with not…""",Rumah,,,0,,,https://www.tripadvisor.com/Restaurant_Review-g1493703-d5522530-Reviews-Taman_Santap_Rumah_Kayu-Tangerang_Banten_Province_Java.html
(114 reviews),Rumah,,,0,,,https://www.tripadvisor.com/Restaurant_Review-g1493703-d5522530-Reviews-Taman_Santap_Rumah_Kayu-Tangerang_Banten_Province_Java.html#REVIEWS
"RESTAURANTRumah Makan Sahabat (d/h Yun Sin)4.14.1 of 5 bubbles(98 reviews)Bogor, Indonesia1 mention ofRumah""…Rumah Makan Sahabat (Yun Sin) offers delicious variety of foods, especially…""",Rumah,,,0,,,https://www.tripadvisor.com/Restaurant_Review-g297706-d1078545-Reviews-Rumah_Makan_Sahabat_d_h_Yun_Sin-Bogor_West_Java_Java.html
(98 reviews),Rumah,,,0,,,https://www.tripadvisor.com/Restaurant_Review-g297706-d1078545-Reviews-Rumah_Makan_Sahabat_d_h_Yun_Sin-Bogor_West_Java_Java.html#REVIEWS
"RESTAURANTRumah Makan Tabona4.24.2 of 5 bubbles(124 reviews)Medan, Indonesia1 mention ofRumah""…Rumah Makan Tabona have many good food, i really like chicken curry. the…""",Rumah,,,0,,,https://www.tripadvisor.com/Restaurant_Review-g297725-d4234058-Reviews-Rumah_Makan_Tabona-Medan_North_Sumatra_Sumatra.html
(124 reviews),Rumah,,,0,,,https://www.tripadvisor.com/Restaurant_Review-g297725-d4234058-Reviews-Rumah_Makan_Tabona-Medan_North_Sumatra_Sumatra.html#REVIEWS
"RESTAURANTRumah Tjilik Riwut, Resto & Gallery4.04 of 5 bubbles(72 reviews)Palangkaraya, Indonesia2 mentions ofRumah""…Rumah Tjilik Riwut is the perfect place for some real local culinary combined…""",Rumah,,,0,,,https://www.tripadvisor.com/Restaurant_Review-g303951-d5888166-Reviews-Rumah_Tjilik_Riwut_Resto_Gallery-Palangkaraya_Central_Kalimantan_Kalimantan.html
(72 reviews),Rumah,,,0,,,https://www.tripadvisor.com/Restaurant_Review-g303951-d5888166-Reviews-Rumah_Tjilik_Riwut_Resto_Gallery-Palangkaraya_Central_Kalimantan_Kalimantan.html#REVIEWS
"RESTAURANTVilla Mamas, Al Diriyah, Saudi Arabia4.04 of 5 bubbles(1 review)Riyadh, Saudi Arabia",Diriyah,,,0,,,https://www.tripadvisor.com/Restaurant_Review-g293995-d32993034-Reviews-Villa_Mamas_Al_Diriyah_Saudi_Arabia-Riyadh_Riyadh_Province.html
(1 review),Diriyah,,,0,,,https://www.tripadvisor.com/Restaurant_Review-g293995-d32993034-Reviews-Villa_Mamas_Al_Diriyah_Saudi_Arabia-Riyadh_Riyadh_Province.html#REVIEWS
"RESTAURANTDim Light Restaurant4.44.4 of 5 bubbles(8 reviews)Ad Diriyah, Saudi Arabia2 mentions ofDiriyah""…Nice small restaurant, tucked away in the new AlDiriyahproject.…""",Diriyah,,,0,,,https://www.tripadvisor.com/Restaurant_Review-g23204656-d13319978-Reviews-Dim_Light_Restaurant-Ad_Diriyah_Riyadh_Province.html
(8 reviews),Diriyah,,,0,,,https://www.tripadvisor.com/Restaurant_Review-g23204656-d13319978-Reviews-Dim_Light_Restaurant-Ad_Diriyah_Riyadh_Province.html#REVIEWS
"RESTAURANTHakkasan Riyadh4.04 of 5 bubbles(1 review)Ad Diriyah, Saudi Arabia1 mention ofDiriyah""…Great location on Bujari Terrace inDiriyah.…""",Diriyah,,,0,,,https://www.tripadvisor.com/Restaurant_Review-g23204656-d26344287-Reviews-Hakkasan_Riyadh-Ad_Diriyah_Riyadh_Province.html
(1 review),Diriyah,,,0,,,https://www.tripadvisor.com/Restaurant_Review-g23204656-d26344287-Reviews-Hakkasan_Riyadh-Ad_Diriyah_Riyadh_Province.html#REVIEWS
"RESTAURANTAl Diriyah RestaurantRiyadh, Saudi Arabia",Diriyah,,,0,,,https://www.tripadvisor.com/Restaurant_Review-g293995-d23704089-Reviews-Al_Diriyah_Restaurant-Riyadh_Riyadh_Province.html
"RESTAURANTWhispers of DiriyahParkhurst, South Africa",Diriyah,,,0,,,https://www.tripadvisor.com/Restaurant_Review-g15292795-d34271496-Reviews-Whispers_of_Diriyah-Parkhurst_Gauteng.html
"RESTAURANTSomewhere Bujari4.04 of 5 bubbles(4 reviews)Ad Diriyah, Saudi Arabia",Diriyah,,,0,,,https://www.tripadvisor.com/Restaurant_Review-g23204656-d33095139-Reviews-Somewhere_Bujari-Ad_Diriyah_Riyadh_Province.html
(4 reviews),Diriyah,,,0,,,https://www.tripadvisor.com/Restaurant_Review-g23204656-d33095139-Reviews-Somewhere_Bujari-Ad_Diriyah_Riyadh_Province.html#REVIEWS
"RESTAURANTBrunch & Cake4.84.8 of 5 bubbles(4 reviews)Ad Diriyah, Saudi Arabia",Diriyah,,,0,,,https://www.tripadvisor.com/Restaurant_Review-g23204656-d26247784-Reviews-Brunch_Cake-Ad_Diriyah_Riyadh_Province.html
(4 reviews),Diriyah,,,0,,,https://www.tripadvisor.com/Restaurant_Review-g23204656-d26247784-Reviews-Brunch_Cake-Ad_Diriyah_Riyadh_Province.html#REVIEWS
"RESTAURANTTatel Riyadh2.62.6 of 5 bubbles(5 reviews)Ad Diriyah, Saudi Arabia",Diriyah,,,0,,,https://www.tripadvisor.com/Restaurant_Review-g23204656-d25104321-Reviews-Tatel_Riyadh-Ad_Diriyah_Riyadh_Province.html
(5 reviews),Diriyah,,,0,,,https://www.tripadvisor.com/Restaurant_Review-g23204656-d25104321-Reviews-Tatel_Riyadh-Ad_Diriyah_Riyadh_Province.html#REVIEWS
"RESTAURANTHakkasan4.04 of 5 bubbles(1 review)Ad Diriyah, Saudi Arabia",Diriyah,,,0,,,https://www.tripadvisor.com/Restaurant_Review-g23204656-d25012454-Reviews-Hakkasan-Ad_Diriyah_Riyadh_Province.html
(1 review),Diriyah,,,0,,,https://www.tripadvisor.com/Restaurant_Review-g23204656-d25012454-Reviews-Hakkasan-Ad_Diriyah_Riyadh_Province.html#REVIEWS
"RESTAURANTDunkinAd Diriyah, Saudi Arabia",Diriyah,,,0,,,https://www.tripadvisor.com/Restaurant_Review-g23204656-d27474407-Reviews-Dunkin-Ad_Diriyah_Riyadh_Province.html
"RESTAURANTCafe De L'esplanadeAd Diriyah, Saudi Arabia",Diriyah,,,0,,,https://www.tripadvisor.com/Restaurant_Review-g23204656-d25169037-Reviews-Cafe_De_L_esplanade-Ad_Diriyah_Riyadh_Province.html
"RESTAURANTJoe & The Juice4.04 of 5 bubbles(1 review)Ad Diriyah, Saudi Arabia",Diriyah,,,0,,,https://www.tripadvisor.com/Restaurant_Review-g23204656-d26247615-Reviews-Joe_The_Juice-Ad_Diriyah_Riyadh_Province.html
(1 review),Diriyah,,,0,,,https://www.tripadvisor.com/Restaurant_Review-g23204656-d26247615-Reviews-Joe_The_Juice-Ad_Diriyah_Riyadh_Province.html#REVIEWS
"RESTAURANTCarblessAd Diriyah, Saudi Arabia",Diriyah,,,0,,,https://www.tripadvisor.com/Restaurant_Review-g23204656-d24044536-Reviews-Carbless-Ad_Diriyah_Riyadh_Province.html
"RESTAURANTNajdi CaféAd Diriyah, Saudi Arabia",Diriyah,,,0,,,https://www.tripadvisor.com/Restaurant_Review-g23204656-d33026991-Reviews-Najdi_Cafe-Ad_Diriyah_Riyadh_Province.html
"RESTAURANTBani's Restaurant & Bar4.44.4 of 5 bubbles(196 reviews)Cowes, Victoria, Australia",Hotat Bani Tamim,,,0,,,https://www.tripadvisor.com/Restaurant_Review-g261657-d12317859-Reviews-Bani_s_Restaurant_Bar-Cowes_Phillip_Island_Victoria.html
(196 reviews),Hotat Bani Tamim,,,0,,,https://www.tripadvisor.com/Restaurant_Review-g261657-d12317859-Reviews-Bani_s_Restaurant_Bar-Cowes_Phillip_Island_Victoria.html#REVIEWS
"RESTAURANTOlio4.44.4 of 5 bubbles(132 reviews)Sir Bani Yas Island, United Arab Emirates",Hotat Bani Tamim,,,0,,,https://www.tripadvisor.com/Restaurant_Review-g2144877-d4355397-Reviews-Olio-Sir_Bani_Yas_Island_Emirate_of_Abu_Dhabi.html
(132 reviews),Hotat Bani Tamim,,,0,,,https://www.tripadvisor.com/Restaurant_Review-g2144877-d4355397-Reviews-Olio-Sir_Bani_Yas_Island_Emirate_of_Abu_Dhabi.html#REVIEWS
"RESTAURANTSavannah Grill4.64.6 of 5 bubbles(169 reviews)Sir Bani Yas Island, United Arab Emirates",Hotat Bani Tamim,,,0,,,https://www.tripadvisor.com/Restaurant_Review-g2144877-d5970923-Reviews-Savannah_Grill-Sir_Bani_Yas_Island_Emirate_of_Abu_Dhabi.html
(169 reviews),Hotat Bani Tamim,,,0,,,https://www.tripadvisor.com/Restaurant_Review-g2144877-d5970923-Reviews-Savannah_Grill-Sir_Bani_Yas_Island_Emirate_of_Abu_Dhabi.html#REVIEWS
"RESTAURANTAmwaj4.34.3 of 5 bubbles(61 reviews)Sir Bani Yas Island, United Arab Emirates",Hotat Bani Tamim,,,0,,,https://www.tripadvisor.com/Restaurant_Review-g2144877-d4355422-Reviews-Amwaj-Sir_Bani_Yas_Island_Emirate_of_Abu_Dhabi.html
(61 reviews),Hotat Bani Tamim,,,0,,,https://www.tripadvisor.com/Restaurant_Review-g2144877-d4355422-Reviews-Amwaj-Sir_Bani_Yas_Island_Emirate_of_Abu_Dhabi.html#REVIEWS
"RESTAURANTKonoba Bani4.74.7 of 5 bubbles(51 reviews)Pazin, Croatia",Hotat Bani Tamim,,,0,,,https://www.tripadvisor.com/Restaurant_Review-g303826-d10516514-Reviews-Konoba_Bani-Pazin_Istria.html
(51 reviews),Hotat Bani Tamim,,,0,,,https://www.tripadvisor.com/Restaurant_Review-g303826-d10516514-Reviews-Konoba_Bani-Pazin_Istria.html#REVIEWS
"RESTAURANTPasticceria Bani5.05 of 5 bubbles(4 reviews)Ponte Nossa, Lombardy, Italy",Hotat Bani Tamim,,,0,,,https://www.tripadvisor.com/Restaurant_Review-g3732315-d15065358-Reviews-Pasticceria_Bani-Ponte_Nossa_Province_of_Bergamo_Lombardy.html
(4 reviews),Hotat Bani Tamim,,,0,,,https://www.tripadvisor.com/Restaurant_Review-g3732315-d15065358-Reviews-Pasticceria_Bani-Ponte_Nossa_Province_of_Bergamo_Lombardy.html#REVIEWS
"RESTAURANTBani4.74.7 of 5 bubbles(7 reviews)San Miguel de Allende, Guanajuato, Mexico",Hotat Bani Tamim,,,0,,,https://www.tripadvisor.com/Restaurant_Review-g151932-d27156811-Reviews-Bani-San_Miguel_de_Allende_Central_Mexico_and_Gulf_Coast.html
(7 reviews),Hotat Bani Tamim,,,0,,,https://www.tripadvisor.com/Restaurant_Review-g151932-d27156811-Reviews-Bani-San_Miguel_de_Allende_Central_Mexico_and_Gulf_Coast.html#REVIEWS
"RESTAURANTThe Palm4.44.4 of 5 bubbles(43 reviews)Sir Bani Yas Island, United Arab Emirates",Hotat Bani Tamim,,,0,,,https://www.tripadvisor.com/Restaurant_Review-g2144877-d3917569-Reviews-The_Palm-Sir_Bani_Yas_Island_Emirate_of_Abu_Dhabi.html
(43 reviews),Hotat Bani Tamim,,,0,,,https://www.tripadvisor.com/Restaurant_Review-g2144877-d3917569-Reviews-The_Palm-Sir_Bani_Yas_Island_Emirate_of_Abu_Dhabi.html#REVIEWS
"RESTAURANTBani Restaurant4.74.7 of 5 bubbles(3 reviews)Lowell, Massachusetts",Hotat Bani Tamim,,,0,,,https://www.tripadvisor.com/Restaurant_Review-g60891-d4744903-Reviews-Bani_Restaurant-Lowell_Massachusetts.html
(3 reviews),Hotat Bani Tamim,,,0,,,https://www.tripadvisor.com/Restaurant_Review-g60891-d4744903-Reviews-Bani_Restaurant-Lowell_Massachusetts.html#REVIEWS
"RESTAURANTBella's Cafe And Restaurant5.05 of 5 bubbles(5 reviews)Bani, Philippines",Hotat Bani Tamim,,,0,,,https://www.tripadvisor.com/Restaurant_Review-g7741551-d32842168-Reviews-Bella_s_Cafe_And_Restaurant-Bani_Pangasinan_Province_Ilocos_Region_Luzon.html
(5 reviews),Hotat Bani Tamim,,,0,,,https://www.tripadvisor.com/Restaurant_Review-g7741551-d32842168-Reviews-Bella_s_Cafe_And_Restaurant-Bani_Pangasinan_Province_Ilocos_Region_Luzon.html#REVIEWS
"RESTAURANTBani Thani Bhojanalya3.83.8 of 5 bubbles(4 reviews)Jaipur, India",Hotat Bani Tamim,,,0,,,https://www.tripadvisor.com/Restaurant_Review-g304555-d5996846-Reviews-Bani_Thani_Bhojanalya-Jaipur_Jaipur_District_Rajasthan.html
(4 reviews),Hotat Bani Tamim,,,0,,,https://www.tripadvisor.com/Restaurant_Review-g304555-d5996846-Reviews-Bani_Thani_Bhojanalya-Jaipur_Jaipur_District_Rajasthan.html#REVIEWS
"RESTAURANTAl Shams4.14.1 of 5 bubbles(65 reviews)Sir Bani Yas Island, United Arab Emirates",Hotat Bani Tamim,,,0,,,https://www.tripadvisor.com/Restaurant_Review-g2144877-d3916762-Reviews-Al_Shams-Sir_Bani_Yas_Island_Emirate_of_Abu_Dhabi.html
(65 reviews),Hotat Bani Tamim,,,0,,,https://www.tripadvisor.com/Restaurant_Review-g2144877-d3916762-Reviews-Al_Shams-Sir_Bani_Yas_Island_Emirate_of_Abu_Dhabi.html#REVIEWS
"RESTAURANTBani Cafe & Restaurant3.73.7 of 5 bubbles(22 reviews)Akyaka, Türkiye",Hotat Bani Tamim,,,0,,,https://www.tripadvisor.com/Restaurant_Review-g951492-d10673704-Reviews-Bani_Cafe_Restaurant-Akyaka_Mugla_Province_Turkish_Aegean_Coast.html
(22 reviews),Hotat Bani Tamim,,,0,,,https://www.tripadvisor.com/Restaurant_Review-g951492-d10673704-Reviews-Bani_Cafe_Restaurant-Akyaka_Mugla_Province_Turkish_Aegean_Coast.html#REVIEWS
"RESTAURANTSufraa Bani Yas Restaurant4.04 of 5 bubbles(1 review)Dubai, United Arab Emirates",Hotat Bani Tamim,,,0,,,https://www.tripadvisor.com/Restaurant_Review-g295424-d23037743-Reviews-Sufraa_Bani_Yas_Restaurant-Dubai_Emirate_of_Dubai.html
(1 review),Hotat Bani Tamim,,,0,,,https://www.tripadvisor.com/Restaurant_Review-g295424-d23037743-Reviews-Sufraa_Bani_Yas_Restaurant-Dubai_Emirate_of_Dubai.html#REVIEWS
"RESTAURANTBani's Restaurant4.54.5 of 5 bubbles(63 reviews)Bad Neuenahr-Ahrweiler, Rhineland-Palatinate, Germany",Hotat Bani Tamim,,,0,,,https://www.tripadvisor.com/Restaurant_Review-g198636-d5822522-Reviews-Bani_s_Restaurant-Bad_Neuenahr_Ahrweiler_Rhineland_Palatinate.html
(63 reviews),Hotat Bani Tamim,,,0,,,https://www.tripadvisor.com/Restaurant_Review-g198636-d5822522-Reviews-Bani_s_Restaurant-Bad_Neuenahr_Ahrweiler_Rhineland_Palatinate.html#REVIEWS
"RESTAURANTBani's4.04 of 5 bubbles(20 reviews)San Giorgio a Cremano, Campania, Italy",Hotat Bani Tamim,,,0,,,https://www.tripadvisor.com/Restaurant_Review-g951336-d28146085-Reviews-Bani_s-San_Giorgio_a_Cremano_Province_of_Naples_Campania.html
(20 reviews),Hotat Bani Tamim,,,0,,,https://www.tripadvisor.com/Restaurant_Review-g951336-d28146085-Reviews-Bani_s-San_Giorgio_a_Cremano_Province_of_Naples_Campania.html#REVIEWS
"RESTAURANTBani'sNew Delhi, India",Hotat Bani Tamim,,,0,,,https://www.tripadvisor.com/Restaurant_Review-g304551-d8030395-Reviews-Bani_s-New_Delhi_National_Capital_Territory_of_Delhi.html
"RESTAURANTBani's BeetsChicago, Illinois",Hotat Bani Tamim,,,0,,,https://www.tripadvisor.com/Restaurant_Review-g35805-d26982880-Reviews-Bani_s_Beets-Chicago_Illinois.html
"RESTAURANTMatmour Nights5.05 of 5 bubbles(6 reviews)Bani Hassan, Tunisia",Hotat Bani Tamim,,,0,,,https://www.tripadvisor.com/Restaurant_Review-g25013372-d24987913-Reviews-Matmour_Nights-Bani_Hassan_Monastir_Governorate.html
(6 reviews),Hotat Bani Tamim,,,0,,,https://www.tripadvisor.com/Restaurant_Review-g25013372-d24987913-Reviews-Matmour_Nights-Bani_Hassan_Monastir_Governorate.html#REVIEWS
"RESTAURANTBani Bistro4.84.8 of 5 bubbles(6 reviews)Sunny Isles Beach, Florida",Hotat Bani Tamim,,,0,,,https://www.tripadvisor.com/Restaurant_Review-g552080-d14194472-Reviews-Bani_Bistro-Sunny_Isles_Beach_Florida.html
(6 reviews),Hotat Bani Tamim,,,0,,,https://www.tripadvisor.com/Restaurant_Review-g552080-d14194472-Reviews-Bani_Bistro-Sunny_Isles_Beach_Florida.html#REVIEWS
"RESTAURANTHotel Bani Park Palace & Niharika Restaurant3.83.8 of 5 bubbles(6 reviews)Jaipur, India",Hotat Bani Tamim,,,0,,,https://www.tripadvisor.com/Restaurant_Review-g304555-d5982246-Reviews-Hotel_Bani_Park_Palace_Niharika_Restaurant-Jaipur_Jaipur_District_Rajasthan.html
(6 reviews),Hotat Bani Tamim,,,0,,,https://www.tripadvisor.com/Restaurant_Review-g304555-d5982246-Reviews-Hotel_Bani_Park_Palace_Niharika_Restaurant-Jaipur_Jaipur_District_Rajasthan.html#REVIEWS
"RESTAURANTPrimitivo Restaurant4.04 of 5 bubbles(4 reviews)Bani, Dominican Republic",Hotat Bani Tamim,,,0,,,https://www.tripadvisor.com/Restaurant_Review-g2181425-d21214988-Reviews-Primitivo_Restaurant-Bani_Peravia_Province_Dominican_Republic.html
(4 reviews),Hotat Bani Tamim,,,0,,,https://www.tripadvisor.com/Restaurant_Review-g2181425-d21214988-Reviews-Primitivo_Restaurant-Bani_Peravia_Province_Dominican_Republic.html#REVIEWS
"RESTAURANTMedina's MeatShop & Grill2.82.8 of 5 bubbles(4 reviews)Bani, Dominican Republic",Hotat Bani Tamim,,,0,,,https://www.tripadvisor.com/Restaurant_Review-g2181425-d20017832-Reviews-Medina_s_MeatShop_Grill-Bani_Peravia_Province_Dominican_Republic.html
(4 reviews),Hotat Bani Tamim,,,0,,,https://www.tripadvisor.com/Restaurant_Review-g2181425-d20017832-Reviews-Medina_s_MeatShop_Grill-Bani_Peravia_Province_Dominican_Republic.html#REVIEWS
"RESTAURANTLa Casona3.73.7 of 5 bubbles(18 reviews)Bani, Dominican Republic",Hotat Bani Tamim,,,0,,,https://www.tripadvisor.com/Restaurant_Review-g2181425-d10730936-Reviews-La_Casona-Bani_Peravia_Province_Dominican_Republic.html
(18 reviews),Hotat Bani Tamim,,,0,,,https://www.tripadvisor.com/Restaurant_Review-g2181425-d10730936-Reviews-La_Casona-Bani_Peravia_Province_Dominican_Republic.html#REVIEWS
"RESTAURANTLeona's Grill & Restaurant5.05 of 5 bubbles(2 reviews)Bani, Philippines",Hotat Bani Tamim,,,0,,,https://www.tripadvisor.com/Restaurant_Review-g7741551-d24853587-Reviews-Leona_s_Grill_Restaurant-Bani_Pangasinan_Province_Ilocos_Region_Luzon.html
(2 reviews),Hotat Bani Tamim,,,0,,,https://www.tripadvisor.com/Restaurant_Review-g7741551-d24853587-Reviews-Leona_s_Grill_Restaurant-Bani_Pangasinan_Province_Ilocos_Region_Luzon.html#REVIEWS
"RESTAURANTLas Dunas Restaurant5.05 of 5 bubbles(2 reviews)Bani, Dominican Republic",Hotat Bani Tamim,,,0,,,https://www.tripadvisor.com/Restaurant_Review-g2181425-d23144544-Reviews-Las_Dunas_Restaurant-Bani_Peravia_Province_Dominican_Republic.html
(2 reviews),Hotat Bani Tamim,,,0,,,https://www.tripadvisor.com/Restaurant_Review-g2181425-d23144544-Reviews-Las_Dunas_Restaurant-Bani_Peravia_Province_Dominican_Republic.html#REVIEWS
"RESTAURANTFast Food Bani3.03 of 5 bubbles(2 reviews)Shkoder, Albania",Hotat Bani Tamim,,,0,,,https://www.tripadvisor.com/Restaurant_Review-g303166-d33065305-Reviews-Fast_Food_Bani-Shkoder_Shkoder_County.html
(2 reviews),Hotat Bani Tamim,,,0,,,https://www.tripadvisor.com/Restaurant_Review-g303166-d33065305-Reviews-Fast_Food_Bani-Shkoder_Shkoder_County.html#REVIEWS
"RESTAURANTRasputinskiye Bani4.64.6 of 5 bubbles(19 reviews)Tyumen, Tyumen Oblast, Russia",Hotat Bani Tamim,,,0,,,https://www.tripadvisor.com/Restaurant_Review-g662362-d6130916-Reviews-Rasputinskiye_Bani-Tyumen_Tyumen_Oblast_Urals_District.html
(19 reviews),Hotat Bani Tamim,,,0,,,https://www.tripadvisor.com/Restaurant_Review-g662362-d6130916-Reviews-Rasputinskiye_Bani-Tyumen_Tyumen_Oblast_Urals_District.html#REVIEWS
"RESTAURANTYaroslavskie Bani3.93.9 of 5 bubbles(19 reviews)St. Petersburg, Russia",Hotat Bani Tamim,,,0,,,https://www.tripadvisor.com/Restaurant_Review-g298507-d3772233-Reviews-Yaroslavskie_Bani-St_Petersburg_Northwestern_District.html
(19 reviews),Hotat Bani Tamim,,,0,,,https://www.tripadvisor.com/Restaurant_Review-g298507-d3772233-Reviews-Yaroslavskie_Bani-St_Petersburg_Northwestern_District.html#REVIEWS
"RESTAURANTStolichnyye Bani4.34.3 of 5 bubbles(6 reviews)Ufa, Republic of Bashkortostan, Russia",Hotat Bani Tamim,,,0,,,https://www.tripadvisor.com/Restaurant_Review-g298518-d11677779-Reviews-Stolichnyye_Bani-Ufa_Republic_of_Bashkortostan_Volga_District.html
(6 reviews),Hotat Bani Tamim,,,0,,,https://www.tripadvisor.com/Restaurant_Review-g298518-d11677779-Reviews-Stolichnyye_Bani-Ufa_Republic_of_Bashkortostan_Volga_District.html#REVIEWS
