name,city,address,rating,reviews_count,cuisine,price_range,tripadvisor_url
"(1,469 reviews)",(1,(1,,1469,,,https://www.tripadvisor.com/Restaurant_Review-g295424-d32976128-Reviews-The_Banc_Dubai-Dubai_Emirate_of_Dubai.html#REVIEWS
"(1,079 reviews)",(1,(1,,1079,,,https://www.tripadvisor.com/Restaurant_Review-g295424-d8740254-Reviews-Sallet_Al_Sayad_Seafood_Restaurant-Dubai_Emirate_of_Dubai.html#REVIEWS
"(5,045 reviews)",(5,(5,,5045,,,https://www.tripadvisor.com/Restaurant_Review-g295424-d15325425-Reviews-Hurricane_s_Grill_Dubai_Mall-Dubai_Emirate_of_Dubai.html#REVIEWS
"(1,656 reviews)",(1,(1,,1656,,,https://www.tripadvisor.com/Restaurant_Review-g295424-d23007236-Reviews-Al_Khayma_Heritage_Restaurant_Cafe-Dubai_Emirate_of_Dubai.html#REVIEWS
"(5,335 reviews)",(5,(5,,5335,,,https://www.tripadvisor.com/Restaurant_Review-g295424-d1122401-Reviews-Pai_Thai-Dubai_Emirate_of_Dubai.html#REVIEWS
(172 reviews),Dubai,,,172,,,https://www.tripadvisor.com/Restaurant_Review-g295424-d25263033-Reviews-Mogiya_Authentic_Japanese_Restaurant-Dubai_Emirate_of_Dubai.html#REVIEWS
"(2,710 reviews)",(2,(2,,2710,,,https://www.tripadvisor.com/Restaurant_Review-g295424-d13455740-Reviews-The_Grill_Shack-Dubai_Emirate_of_Dubai.html#REVIEWS
"(1,600 reviews)",(1,(1,,1600,,,https://www.tripadvisor.com/Restaurant_Review-g295424-d26997931-Reviews-Brass_Monkey_City_Walk-Dubai_Emirate_of_Dubai.html#REVIEWS
"(2,256 reviews)",(2,(2,,2256,,,https://www.tripadvisor.com/Restaurant_Review-g295424-d23140994-Reviews-Orange_Chameleon_Restaurant_and_Lounge-Dubai_Emirate_of_Dubai.html#REVIEWS
"(3,014 reviews)",(3,(3,,3014,,,https://www.tripadvisor.com/Restaurant_Review-g295424-d26969519-Reviews-Doors_Dubai_Mall-Dubai_Emirate_of_Dubai.html#REVIEWS
"(2,699 reviews)",(2,(2,,2699,,,https://www.tripadvisor.com/Restaurant_Review-g295424-d9858600-Reviews-Nikki_Beach_Dubai-Dubai_Emirate_of_Dubai.html#REVIEWS
(607 reviews),Dubai,,,607,,,https://www.tripadvisor.com/Restaurant_Review-g295424-d17728145-Reviews-Bull_Bear_DIFC-Dubai_Emirate_of_Dubai.html#REVIEWS
"(1,540 reviews)",(1,(1,,1540,,,https://www.tripadvisor.com/Restaurant_Review-g295424-d25316862-Reviews-Bebek_Restaurant_Lounge-Dubai_Emirate_of_Dubai.html#REVIEWS
(384 reviews),Dubai,,,384,,,https://www.tripadvisor.com/Restaurant_Review-g295424-d33320602-Reviews-OCCO_Restaurant_Business_Bay-Dubai_Emirate_of_Dubai.html#REVIEWS
(669 reviews),Dubai,,,669,,,https://www.tripadvisor.com/Restaurant_Review-g295424-d27686640-Reviews-OCCO_Restaurant-Dubai_Emirate_of_Dubai.html#REVIEWS
(662 reviews),Dubai,,,662,,,https://www.tripadvisor.com/Restaurant_Review-g295424-d15325604-Reviews-Kitchen_Connection-Dubai_Emirate_of_Dubai.html#REVIEWS
"(2,992 reviews)",(2,(2,,2992,,,https://www.tripadvisor.com/Restaurant_Review-g295424-d3920870-Reviews-The_Meat_Co-Dubai_Emirate_of_Dubai.html#REVIEWS
(911 reviews),Dubai,,,911,,,https://www.tripadvisor.com/Restaurant_Review-g295424-d23817537-Reviews-Al_Nafoorah_Jumeirah_Al_Qasr-Dubai_Emirate_of_Dubai.html#REVIEWS
"(1,509 reviews)",(1,(1,,1509,,,https://www.tripadvisor.com/Restaurant_Review-g295424-d25379496-Reviews-CLAW_BBQ_The_Palm-Dubai_Emirate_of_Dubai.html#REVIEWS
"(2,118 reviews)",(2,(2,,2118,,,https://www.tripadvisor.com/Restaurant_Review-g295424-d4307602-Reviews-Tong_Thai-Dubai_Emirate_of_Dubai.html#REVIEWS
"(2,881 reviews)",(2,(2,,2881,,,https://www.tripadvisor.com/Restaurant_Review-g295424-d26551270-Reviews-Yara_Jumeirah-Dubai_Emirate_of_Dubai.html#REVIEWS
"(2,338 reviews)",(2,(2,,2338,,,https://www.tripadvisor.com/Restaurant_Review-g295424-d6468626-Reviews-Eat_Greek_Kouzina-Dubai_Emirate_of_Dubai.html#REVIEWS
"(3,776 reviews)",(3,(3,,3776,,,https://www.tripadvisor.com/Restaurant_Review-g295424-d19319288-Reviews-The_Noodle_House_JBR-Dubai_Emirate_of_Dubai.html#REVIEWS
(715 reviews),Dubai,,,715,,,https://www.tripadvisor.com/Restaurant_Review-g295424-d20278394-Reviews-Swiss_Butter-Dubai_Emirate_of_Dubai.html#REVIEWS
(625 reviews),Dubai,,,625,,,https://www.tripadvisor.com/Restaurant_Review-g295424-d33272258-Reviews-Vera_Versilia-Dubai_Emirate_of_Dubai.html#REVIEWS
"(4,580 reviews)",(4,(4,,4580,,,https://www.tripadvisor.com/Restaurant_Review-g295424-d3921044-Reviews-White_Orchid_Restaurant-Dubai_Emirate_of_Dubai.html#REVIEWS
"(1,005 reviews)",(1,(1,,1005,,,https://www.tripadvisor.com/Restaurant_Review-g295424-d24994243-Reviews-Amaya_Dubai_Mall_Best_Shisha_Lounge_Restaurant-Dubai_Emirate_of_Dubai.html#REVIEWS
(446 reviews),Dubai,,,446,,,https://www.tripadvisor.com/Restaurant_Review-g295424-d32874715-Reviews-Izel_Lounge-Dubai_Emirate_of_Dubai.html#REVIEWS
(508 reviews),Dubai,,,508,,,https://www.tripadvisor.com/Restaurant_Review-g295424-d20900593-Reviews-Tortilla_Gate_Avenue-Dubai_Emirate_of_Dubai.html#REVIEWS
(380 reviews),Dubai,,,380,,,https://www.tripadvisor.com/Restaurant_Review-g295424-d27422303-Reviews-Ronin-Dubai_Emirate_of_Dubai.html#REVIEWS
"(1,246 reviews)",(1,(1,,1246,,,https://www.tripadvisor.com/Restaurant_Review-g295424-d3920824-Reviews-The_Edge-Dubai_Emirate_of_Dubai.html#REVIEWS
"(2,690 reviews)",(2,(2,,2690,,,https://www.tripadvisor.com/Restaurant_Review-g295424-d25192984-Reviews-The_Tap_House_Downtown-Dubai_Emirate_of_Dubai.html#REVIEWS
"(1,376 reviews)",(1,(1,,1376,,,https://www.tripadvisor.com/Restaurant_Review-g295424-d23785431-Reviews-Clay_Dubai-Dubai_Emirate_of_Dubai.html#REVIEWS
"(3,771 reviews)",(3,(3,,3771,,,https://www.tripadvisor.com/Restaurant_Review-g295424-d12711879-Reviews-Azure_Beach_Dubai-Dubai_Emirate_of_Dubai.html#REVIEWS
"(2,735 reviews)",(2,(2,,2735,,,https://www.tripadvisor.com/Restaurant_Review-g295424-d8091861-Reviews-Bombay_Brasserie-Dubai_Emirate_of_Dubai.html#REVIEWS
"(2,268 reviews)",(2,(2,,2268,,,https://www.tripadvisor.com/Restaurant_Review-g295424-d940601-Reviews-Arabian_Tea_House_Restaurant_Cafe_Al_Fahidi-Dubai_Emirate_of_Dubai.html#REVIEWS
"(1,688 reviews)",(1,(1,,1688,,,https://www.tripadvisor.com/Restaurant_Review-g295424-d1443220-Reviews-Al_Hadheerah-Dubai_Emirate_of_Dubai.html#REVIEWS
(146 reviews),Dubai,,,146,,,https://www.tripadvisor.com/Restaurant_Review-g295424-d25285247-Reviews-Creek_City_Restaurant-Dubai_Emirate_of_Dubai.html#REVIEWS
"(1,178 reviews)",(1,(1,,1178,,,https://www.tripadvisor.com/Restaurant_Review-g295424-d3918483-Reviews-Awtar-Dubai_Emirate_of_Dubai.html#REVIEWS
(559 reviews),Dubai,,,559,,,https://www.tripadvisor.com/Restaurant_Review-g295424-d14932444-Reviews-SIKKA_Cafe_La_Mer-Dubai_Emirate_of_Dubai.html#REVIEWS
(118 reviews),Dubai,,,118,,,https://www.tripadvisor.com/Restaurant_Review-g295424-d33230504-Reviews-Sansation_DIFC-Dubai_Emirate_of_Dubai.html#REVIEWS
"(3,115 reviews)",(3,(3,,3115,,,https://www.tripadvisor.com/Restaurant_Review-g295424-d10165445-Reviews-Ayamna-Dubai_Emirate_of_Dubai.html#REVIEWS
"(3,955 reviews)",(3,(3,,3955,,,https://www.tripadvisor.com/Restaurant_Review-g295424-d1853089-Reviews-Seafire_Steakhouse-Dubai_Emirate_of_Dubai.html#REVIEWS
"(2,561 reviews)",(2,(2,,2561,,,https://www.tripadvisor.com/Restaurant_Review-g295424-d13005029-Reviews-Little_Miss_India-Dubai_Emirate_of_Dubai.html#REVIEWS
"(1,053 reviews)",(1,(1,,1053,,,https://www.tripadvisor.com/Restaurant_Review-g295424-d25271660-Reviews-Naughty_Pizza_Dubai-Dubai_Emirate_of_Dubai.html#REVIEWS
"(1,357 reviews)",(1,(1,,1357,,,https://www.tripadvisor.com/Restaurant_Review-g295424-d19356940-Reviews-CE_LA_VI_Dubai-Dubai_Emirate_of_Dubai.html#REVIEWS
"(1,728 reviews)",(1,(1,,1728,,,https://www.tripadvisor.com/Restaurant_Review-g295424-d18856876-Reviews-Kinara_by_Vikas_Khanna-Dubai_Emirate_of_Dubai.html#REVIEWS
"(1,204 reviews)",(1,(1,,1204,,,https://www.tripadvisor.com/Restaurant_Review-g295424-d19463460-Reviews-Nido_Tapas_Restaurant_Bar-Dubai_Emirate_of_Dubai.html#REVIEWS
(8 reviews),Dubai,,,8,,,https://www.tripadvisor.com/Restaurant_Review-g295424-d21342374-Reviews-L_Atelier_de_Joel_Robuchon-Dubai_Emirate_of_Dubai.html#REVIEWS
Sette,Dubai,,,0,,,https://www.tripadvisor.com/Restaurant_Review-g295424-d19939225-Reviews-Sette-Dubai_Emirate_of_Dubai.html
Puffin Chimney Cakes & Gelato,Dubai,,,0,,,https://www.tripadvisor.com/Restaurant_Review-g295424-d25156936-Reviews-Puffin_Chimney_Cakes_Gelato-Dubai_Emirate_of_Dubai.html
(23 reviews),Abu Dhabi,,,23,,,https://www.tripadvisor.com/Restaurant_Review-g294013-d27504787-Reviews-Andreas_Di_Venezia-Abu_Dhabi_Emirate_of_Abu_Dhabi.html#REVIEWS
(82 reviews),Abu Dhabi,,,82,,,https://www.tripadvisor.com/Restaurant_Review-g294013-d26722522-Reviews-Jawaher_Restaurant-Abu_Dhabi_Emirate_of_Abu_Dhabi.html#REVIEWS
(231 reviews),Abu Dhabi,,,231,,,https://www.tripadvisor.com/Restaurant_Review-g294013-d23908619-Reviews-Swiss_Butter-Abu_Dhabi_Emirate_of_Abu_Dhabi.html#REVIEWS
(632 reviews),Abu Dhabi,,,632,,,https://www.tripadvisor.com/Restaurant_Review-g294013-d23642442-Reviews-Antonia_Restaurant-Abu_Dhabi_Emirate_of_Abu_Dhabi.html#REVIEWS
"(1,354 reviews)",(1,(1,,1354,,,https://www.tripadvisor.com/Restaurant_Review-g294013-d20233398-Reviews-Mosaic_Restaurant_Al_Najda-Abu_Dhabi_Emirate_of_Abu_Dhabi.html#REVIEWS
"(1,757 reviews)",(1,(1,,1757,,,https://www.tripadvisor.com/Restaurant_Review-g294013-d21374812-Reviews-Catch_at_St_Regis-Abu_Dhabi_Emirate_of_Abu_Dhabi.html#REVIEWS
(990 reviews),Abu Dhabi,,,990,,,https://www.tripadvisor.com/Restaurant_Review-g294013-d26683941-Reviews-NURI_Grill_Bar-Abu_Dhabi_Emirate_of_Abu_Dhabi.html#REVIEWS
"(2,843 reviews)",(2,(2,,2843,,,https://www.tripadvisor.com/Restaurant_Review-g294013-d911277-Reviews-Sofra_bld-Abu_Dhabi_Emirate_of_Abu_Dhabi.html#REVIEWS
(329 reviews),Abu Dhabi,,,329,,,https://www.tripadvisor.com/Restaurant_Review-g294013-d27146634-Reviews-Pho_7_Vietnamese_Restaurant-Abu_Dhabi_Emirate_of_Abu_Dhabi.html#REVIEWS
"(2,685 reviews)",(2,(2,,2685,,,https://www.tripadvisor.com/Restaurant_Review-g294013-d14761467-Reviews-Ola_Brasil_Restaurant-Abu_Dhabi_Emirate_of_Abu_Dhabi.html#REVIEWS
"(1,024 reviews)",(1,(1,,1024,,,https://www.tripadvisor.com/Restaurant_Review-g294013-d9853833-Reviews-Punjab_Grill_Abu_Dhabi-Abu_Dhabi_Emirate_of_Abu_Dhabi.html#REVIEWS
"(1,496 reviews)",(1,(1,,1496,,,https://www.tripadvisor.com/Restaurant_Review-g294013-d23733337-Reviews-Cafe_Del_Mar_Abu_Dhabi-Abu_Dhabi_Emirate_of_Abu_Dhabi.html#REVIEWS
(504 reviews),Abu Dhabi,,,504,,,https://www.tripadvisor.com/Restaurant_Review-g294013-d23757712-Reviews-Paradiso-Abu_Dhabi_Emirate_of_Abu_Dhabi.html#REVIEWS
(363 reviews),Abu Dhabi,,,363,,,https://www.tripadvisor.com/Restaurant_Review-g294013-d4436959-Reviews-Mijana-Abu_Dhabi_Emirate_of_Abu_Dhabi.html#REVIEWS
"(1,163 reviews)",(1,(1,,1163,,,https://www.tripadvisor.com/Restaurant_Review-g294013-d12829436-Reviews-Khayal_Restaurant-Abu_Dhabi_Emirate_of_Abu_Dhabi.html#REVIEWS
(380 reviews),Abu Dhabi,,,380,,,https://www.tripadvisor.com/Restaurant_Review-g294013-d33015858-Reviews-Madang_Korean_Restaurant_Holiday_Inn-Abu_Dhabi_Emirate_of_Abu_Dhabi.html#REVIEWS
(645 reviews),Abu Dhabi,,,645,,,https://www.tripadvisor.com/Restaurant_Review-g294013-d25334257-Reviews-Ba_TE-Abu_Dhabi_Emirate_of_Abu_Dhabi.html#REVIEWS
"(1,563 reviews)",(1,(1,,1563,,,https://www.tripadvisor.com/Restaurant_Review-g294013-d10430119-Reviews-Mosaic_Restaurant_Al_Muroor-Abu_Dhabi_Emirate_of_Abu_Dhabi.html#REVIEWS
(303 reviews),Abu Dhabi,,,303,,,https://www.tripadvisor.com/Restaurant_Review-g294013-d23929894-Reviews-The_Directors_Club-Abu_Dhabi_Emirate_of_Abu_Dhabi.html#REVIEWS
(479 reviews),Abu Dhabi,,,479,,,https://www.tripadvisor.com/Restaurant_Review-g294013-d27501604-Reviews-SAL_Saadiyat_Island-Abu_Dhabi_Emirate_of_Abu_Dhabi.html#REVIEWS
"(2,890 reviews)",(2,(2,,2890,,,https://www.tripadvisor.com/Restaurant_Review-g294013-d7248162-Reviews-The_Terrace_On_The_Corniche-Abu_Dhabi_Emirate_of_Abu_Dhabi.html#REVIEWS
"(1,530 reviews)",(1,(1,,1530,,,https://www.tripadvisor.com/Restaurant_Review-g294013-d2676198-Reviews-Sontaya-Abu_Dhabi_Emirate_of_Abu_Dhabi.html#REVIEWS
"(1,169 reviews)",(1,(1,,1169,,,https://www.tripadvisor.com/Restaurant_Review-g294013-d14097838-Reviews-Buddha_Bar_Beach_Abu_Dhabi-Abu_Dhabi_Emirate_of_Abu_Dhabi.html#REVIEWS
"(1,565 reviews)",(1,(1,,1565,,,https://www.tripadvisor.com/Restaurant_Review-g294013-d23067337-Reviews-West_Bay_Lounge_Abu_Dhabi-Abu_Dhabi_Emirate_of_Abu_Dhabi.html#REVIEWS
(288 reviews),Abu Dhabi,,,288,,,https://www.tripadvisor.com/Restaurant_Review-g294013-d15289468-Reviews-Alba_Terrace-Abu_Dhabi_Emirate_of_Abu_Dhabi.html#REVIEWS
(103 reviews),Abu Dhabi,,,103,,,https://www.tripadvisor.com/Restaurant_Review-g294013-d33984036-Reviews-Pho_7_Vietnamese_Restaurant_Danat_Branch-Abu_Dhabi_Emirate_of_Abu_Dhabi.html#REVIEWS
(107 reviews),Abu Dhabi,,,107,,,https://www.tripadvisor.com/Restaurant_Review-g294013-d19451386-Reviews-Patron_Meat_House-Abu_Dhabi_Emirate_of_Abu_Dhabi.html#REVIEWS
(481 reviews),Abu Dhabi,,,481,,,https://www.tripadvisor.com/Restaurant_Review-g294013-d26768237-Reviews-Thai_Gate_Al_Qana_Abu_Dhabi-Abu_Dhabi_Emirate_of_Abu_Dhabi.html#REVIEWS
"(1,614 reviews)",(1,(1,,1614,,,https://www.tripadvisor.com/Restaurant_Review-g294013-d2664745-Reviews-Olea-Abu_Dhabi_Emirate_of_Abu_Dhabi.html#REVIEWS
"(1,004 reviews)",(1,(1,,1004,,,https://www.tripadvisor.com/Restaurant_Review-g294013-d9819161-Reviews-Al_Fanar_Restaurant_Cafe_Yas_Mall-Abu_Dhabi_Emirate_of_Abu_Dhabi.html#REVIEWS
(656 reviews),Abu Dhabi,,,656,,,https://www.tripadvisor.com/Restaurant_Review-g294013-d3916681-Reviews-Afya_Restaurant-Abu_Dhabi_Emirate_of_Abu_Dhabi.html#REVIEWS
(370 reviews),Abu Dhabi,,,370,,,https://www.tripadvisor.com/Restaurant_Review-g294013-d2514346-Reviews-The_Cafe-Abu_Dhabi_Emirate_of_Abu_Dhabi.html#REVIEWS
(505 reviews),Abu Dhabi,,,505,,,https://www.tripadvisor.com/Restaurant_Review-g294013-d1012728-Reviews-Lebanese_Mill_Restaurant-Abu_Dhabi_Emirate_of_Abu_Dhabi.html#REVIEWS
(716 reviews),Abu Dhabi,,,716,,,https://www.tripadvisor.com/Restaurant_Review-g294013-d3469223-Reviews-Li_Beirut-Abu_Dhabi_Emirate_of_Abu_Dhabi.html#REVIEWS
(354 reviews),Abu Dhabi,,,354,,,https://www.tripadvisor.com/Restaurant_Review-g294013-d8513101-Reviews-Lemon_Lounge_Abu_Dhabi-Abu_Dhabi_Emirate_of_Abu_Dhabi.html#REVIEWS
(449 reviews),Abu Dhabi,,,449,,,https://www.tripadvisor.com/Restaurant_Review-g294013-d5533335-Reviews-Corniche_All_Day_Dining-Abu_Dhabi_Emirate_of_Abu_Dhabi.html#REVIEWS
"(1,953 reviews)",(1,(1,,1953,,,https://www.tripadvisor.com/Restaurant_Review-g294013-d2510485-Reviews-Glow_Poolside_Sports_Bar-Abu_Dhabi_Emirate_of_Abu_Dhabi.html#REVIEWS
"(1,946 reviews)",(1,(1,,1946,,,https://www.tripadvisor.com/Restaurant_Review-g294013-d3917593-Reviews-Villa_Toscana-Abu_Dhabi_Emirate_of_Abu_Dhabi.html#REVIEWS
"(1,161 reviews)",(1,(1,,1161,,,https://www.tripadvisor.com/Restaurant_Review-g294013-d948993-Reviews-Fishmarket-Abu_Dhabi_Emirate_of_Abu_Dhabi.html#REVIEWS
(674 reviews),Abu Dhabi,,,674,,,https://www.tripadvisor.com/Restaurant_Review-g294013-d26794945-Reviews-Al_Khayma_Heritage_Restaurant-Abu_Dhabi_Emirate_of_Abu_Dhabi.html#REVIEWS
"(2,265 reviews)",(2,(2,,2265,,,https://www.tripadvisor.com/Restaurant_Review-g294013-d8068392-Reviews-Cabana_Beach_Bar_Grill-Abu_Dhabi_Emirate_of_Abu_Dhabi.html#REVIEWS
(330 reviews),Abu Dhabi,,,330,,,https://www.tripadvisor.com/Restaurant_Review-g294013-d34087682-Reviews-Antonia_Yas_Island-Abu_Dhabi_Emirate_of_Abu_Dhabi.html#REVIEWS
(412 reviews),Abu Dhabi,,,412,,,https://www.tripadvisor.com/Restaurant_Review-g294013-d33020380-Reviews-Ergon_Deli_Cafe_Abu_Dhabi-Abu_Dhabi_Emirate_of_Abu_Dhabi.html#REVIEWS
(235 reviews),Abu Dhabi,,,235,,,https://www.tripadvisor.com/Restaurant_Review-g294013-d34065207-Reviews-Antonia_Al_Zeina-Abu_Dhabi_Emirate_of_Abu_Dhabi.html#REVIEWS
"(2,146 reviews)",(2,(2,,2146,,,https://www.tripadvisor.com/Restaurant_Review-g294013-d2023173-Reviews-Stills_Restaurant_Bar-Abu_Dhabi_Emirate_of_Abu_Dhabi.html#REVIEWS
"(1,839 reviews)",(1,(1,,1839,,,https://www.tripadvisor.com/Restaurant_Review-g294013-d2322573-Reviews-Rangoli_Yas_Island-Abu_Dhabi_Emirate_of_Abu_Dhabi.html#REVIEWS
"(1,236 reviews)",(1,(1,,1236,,,https://www.tripadvisor.com/Restaurant_Review-g294013-d7254499-Reviews-Azura_Panoramic_Lounge-Abu_Dhabi_Emirate_of_Abu_Dhabi.html#REVIEWS
(9 reviews),Abu Dhabi,,,9,,,https://www.tripadvisor.com/Restaurant_Review-g294013-d25147582-Reviews-Entrecote_Cafe_de_Paris_YAS_Mall-Abu_Dhabi_Emirate_of_Abu_Dhabi.html#REVIEWS
(6 reviews),Sharjah,,,6,,,https://www.tripadvisor.com/Restaurant_Review-g298064-d23218870-Reviews-Entrecote_Cafe_de_Paris_Sharjah_Zawaya_Walk-Sharjah_Emirate_of_Sharjah.html#REVIEWS
(733 reviews),Sharjah,,,733,,,https://www.tripadvisor.com/Restaurant_Review-g298064-d12310099-Reviews-Mahrosah_Restaurant_and_Sweets-Sharjah_Emirate_of_Sharjah.html#REVIEWS
(82 reviews),Sharjah,,,82,,,https://www.tripadvisor.com/Restaurant_Review-g298064-d25265782-Reviews-Arabian_Fish_House_Restaurant_Cafe_Al_Hirah_Beach_Sharjah-Sharjah_Emirate_of_Sha.html#REVIEWS
(552 reviews),Sharjah,,,552,,,https://www.tripadvisor.com/Restaurant_Review-g298064-d20164027-Reviews-La_Bamba_Restaurant-Sharjah_Emirate_of_Sharjah.html#REVIEWS
(204 reviews),Sharjah,,,204,,,https://www.tripadvisor.com/Restaurant_Review-g298064-d21249786-Reviews-Al_Khan-Sharjah_Emirate_of_Sharjah.html#REVIEWS
(333 reviews),Sharjah,,,333,,,https://www.tripadvisor.com/Restaurant_Review-g298064-d27461305-Reviews-Thai_Gate_Heera_Beach-Sharjah_Emirate_of_Sharjah.html#REVIEWS
(360 reviews),Sharjah,,,360,,,https://www.tripadvisor.com/Restaurant_Review-g298064-d3921789-Reviews-Casa_Samak-Sharjah_Emirate_of_Sharjah.html#REVIEWS
(239 reviews),Sharjah,,,239,,,https://www.tripadvisor.com/Restaurant_Review-g298064-d23754155-Reviews-Arjwan_Restaurant-Sharjah_Emirate_of_Sharjah.html#REVIEWS
(240 reviews),Sharjah,,,240,,,https://www.tripadvisor.com/Restaurant_Review-g298064-d11639265-Reviews-Marasea-Sharjah_Emirate_of_Sharjah.html#REVIEWS
(25 reviews),Sharjah,,,25,,,https://www.tripadvisor.com/Restaurant_Review-g298064-d23801497-Reviews-Sand_Restaurant-Sharjah_Emirate_of_Sharjah.html#REVIEWS
(23 reviews),Sharjah,,,23,,,https://www.tripadvisor.com/Restaurant_Review-g298064-d14996981-Reviews-The_Restaurant_at_The_Chedi_Al_Bait_Sharjah-Sharjah_Emirate_of_Sharjah.html#REVIEWS
(17 reviews),Sharjah,,,17,,,https://www.tripadvisor.com/Restaurant_Review-g298064-d14996982-Reviews-The_Arabic_Restaurant_At_The_Chedi_Al_Bait_Sharjah-Sharjah_Emirate_of_Sharjah.html#REVIEWS
(10 reviews),Sharjah,,,10,,,https://www.tripadvisor.com/Restaurant_Review-g298064-d23643439-Reviews-Banyan_Cafe-Sharjah_Emirate_of_Sharjah.html#REVIEWS
(8 reviews),Sharjah,,,8,,,https://www.tripadvisor.com/Restaurant_Review-g298064-d28826294-Reviews-71_Steak_Grill-Sharjah_Emirate_of_Sharjah.html#REVIEWS
(9 reviews),Sharjah,,,9,,,https://www.tripadvisor.com/Restaurant_Review-g298064-d25454589-Reviews-Nomani-Sharjah_Emirate_of_Sharjah.html#REVIEWS
(15 reviews),Sharjah,,,15,,,https://www.tripadvisor.com/Restaurant_Review-g298064-d24892113-Reviews-Al_Nawab_Restaurant-Sharjah_Emirate_of_Sharjah.html#REVIEWS
(244 reviews),Sharjah,,,244,,,https://www.tripadvisor.com/Restaurant_Review-g298064-d27421811-Reviews-Oumi_Ramen-Sharjah_Emirate_of_Sharjah.html#REVIEWS
(866 reviews),Sharjah,,,866,,,https://www.tripadvisor.com/Restaurant_Review-g298064-d15816372-Reviews-Yasmina_Restaurant-Sharjah_Emirate_of_Sharjah.html#REVIEWS
(462 reviews),Sharjah,,,462,,,https://www.tripadvisor.com/Restaurant_Review-g298064-d27514204-Reviews-Thai_Gate_University_City-Sharjah_Emirate_of_Sharjah.html#REVIEWS
(153 reviews),Sharjah,,,153,,,https://www.tripadvisor.com/Restaurant_Review-g298064-d16824545-Reviews-Arabian_Tea_House_Restaurant_Cafe_Sharjah-Sharjah_Emirate_of_Sharjah.html#REVIEWS
(174 reviews),Sharjah,,,174,,,https://www.tripadvisor.com/Restaurant_Review-g298064-d3921736-Reviews-Aroos_Damascus_Restaurant-Sharjah_Emirate_of_Sharjah.html#REVIEWS
(36 reviews),Sharjah,,,36,,,https://www.tripadvisor.com/Restaurant_Review-g298064-d7376313-Reviews-Madfoon_Al_Khaimah-Sharjah_Emirate_of_Sharjah.html#REVIEWS
(12 reviews),Sharjah,,,12,,,https://www.tripadvisor.com/Restaurant_Review-g298064-d34064842-Reviews-Habun_Restaurant_Sharjah-Sharjah_Emirate_of_Sharjah.html#REVIEWS
(95 reviews),Sharjah,,,95,,,https://www.tripadvisor.com/Restaurant_Review-g298064-d3922219-Reviews-Nayaab_Haandi_Pakistani_Restaurant-Sharjah_Emirate_of_Sharjah.html#REVIEWS
(364 reviews),Sharjah,,,364,,,https://www.tripadvisor.com/Restaurant_Review-g298064-d10230463-Reviews-Gusti-Sharjah_Emirate_of_Sharjah.html#REVIEWS
(92 reviews),Sharjah,,,92,,,https://www.tripadvisor.com/Restaurant_Review-g298064-d21250051-Reviews-The_Junction_Sharjah-Sharjah_Emirate_of_Sharjah.html#REVIEWS
(43 reviews),Sharjah,,,43,,,https://www.tripadvisor.com/Restaurant_Review-g298064-d28668986-Reviews-Grillzilla_Rolls_Bbq-Sharjah_Emirate_of_Sharjah.html#REVIEWS
(295 reviews),Sharjah,,,295,,,https://www.tripadvisor.com/Restaurant_Review-g298064-d3921569-Reviews-Al_Dente-Sharjah_Emirate_of_Sharjah.html#REVIEWS
(278 reviews),Sharjah,,,278,,,https://www.tripadvisor.com/Restaurant_Review-g298064-d10230499-Reviews-Al_Qubtan-Sharjah_Emirate_of_Sharjah.html#REVIEWS
(58 reviews),Sharjah,,,58,,,https://www.tripadvisor.com/Restaurant_Review-g298064-d3921770-Reviews-C_Taste-Sharjah_Emirate_of_Sharjah.html#REVIEWS
(33 reviews),Sharjah,,,33,,,https://www.tripadvisor.com/Restaurant_Review-g298064-d23638968-Reviews-Spice_Grill-Sharjah_Emirate_of_Sharjah.html#REVIEWS
(38 reviews),Sharjah,,,38,,,https://www.tripadvisor.com/Restaurant_Review-g298064-d14001594-Reviews-Ushna-Sharjah_Emirate_of_Sharjah.html#REVIEWS
(80 reviews),Sharjah,,,80,,,https://www.tripadvisor.com/Restaurant_Review-g298064-d2149629-Reviews-Danial_Restaurant-Sharjah_Emirate_of_Sharjah.html#REVIEWS
(48 reviews),Sharjah,,,48,,,https://www.tripadvisor.com/Restaurant_Review-g298064-d1966216-Reviews-Najmat_Lahore_Restaurant-Sharjah_Emirate_of_Sharjah.html#REVIEWS
(189 reviews),Sharjah,,,189,,,https://www.tripadvisor.com/Restaurant_Review-g298064-d3921902-Reviews-Gazebo_Restaurant-Sharjah_Emirate_of_Sharjah.html#REVIEWS
(8 reviews),Sharjah,,,8,,,https://www.tripadvisor.com/Restaurant_Review-g298064-d28152083-Reviews-Wishi-Sharjah_Emirate_of_Sharjah.html#REVIEWS
The Choco Monarch,Sharjah,,,0,,,https://www.tripadvisor.com/Restaurant_Review-g298064-d20291272-Reviews-The_Choco_Monarch-Sharjah_Emirate_of_Sharjah.html
(223 reviews),Al Ain,,,223,,,https://www.tripadvisor.com/Restaurant_Review-g298061-d12822460-Reviews-Nara_Restaurant-Al_Ain_Emirate_of_Abu_Dhabi.html#REVIEWS
(223 reviews),Al Ain,,,223,,,https://www.tripadvisor.com/Restaurant_Review-g298061-d9774297-Reviews-Al_Fanar_Restaurant_Cafe_Al_Ain-Al_Ain_Emirate_of_Abu_Dhabi.html#REVIEWS
(287 reviews),Al Ain,,,287,,,https://www.tripadvisor.com/Restaurant_Review-g298061-d3918169-Reviews-Ayla_Restaurant-Al_Ain_Emirate_of_Abu_Dhabi.html#REVIEWS
(270 reviews),Al Ain,,,270,,,https://www.tripadvisor.com/Restaurant_Review-g298061-d3918087-Reviews-Makani_Cafe-Al_Ain_Emirate_of_Abu_Dhabi.html#REVIEWS
(164 reviews),Al Ain,,,164,,,https://www.tripadvisor.com/Restaurant_Review-g298061-d8714304-Reviews-Sedra_Bawadi_Restaurant-Al_Ain_Emirate_of_Abu_Dhabi.html#REVIEWS
(225 reviews),Al Ain,,,225,,,https://www.tripadvisor.com/Restaurant_Review-g298061-d3918173-Reviews-Zest_International_Restaurant-Al_Ain_Emirate_of_Abu_Dhabi.html#REVIEWS
(166 reviews),Al Ain,,,166,,,https://www.tripadvisor.com/Restaurant_Review-g298061-d3893351-Reviews-Coriander-Al_Ain_Emirate_of_Abu_Dhabi.html#REVIEWS
(35 reviews),Al Ain,,,35,,,https://www.tripadvisor.com/Restaurant_Review-g298061-d21142282-Reviews-Il_Forno_Remal_Mall-Al_Ain_Emirate_of_Abu_Dhabi.html#REVIEWS
(6 reviews),Al Ain,,,6,,,https://www.tripadvisor.com/Restaurant_Review-g298061-d13854793-Reviews-Indian_Curry_Restaurant-Al_Ain_Emirate_of_Abu_Dhabi.html#REVIEWS
(3 reviews),Al Ain,,,3,,,https://www.tripadvisor.com/Restaurant_Review-g298061-d23193604-Reviews-Curry_Pot_Restaurant-Al_Ain_Emirate_of_Abu_Dhabi.html#REVIEWS
(0 reviews),Al Ain,,,0,,,https://www.tripadvisor.com/Restaurant_Review-g298061-d24954846-Reviews-Shi_Brata_Cafeteria-Al_Ain_Emirate_of_Abu_Dhabi.html#REVIEWS
(0 reviews),Al Ain,,,0,,,https://www.tripadvisor.com/Restaurant_Review-g298061-d23658291-Reviews-Spot_Drive_Thru_Neimah_Al_Ain-Al_Ain_Emirate_of_Abu_Dhabi.html#REVIEWS
(323 reviews),Al Ain,,,323,,,https://www.tripadvisor.com/Restaurant_Review-g298061-d3918029-Reviews-Flavours-Al_Ain_Emirate_of_Abu_Dhabi.html#REVIEWS
(426 reviews),Al Ain,,,426,,,https://www.tripadvisor.com/Restaurant_Review-g298061-d2337075-Reviews-Trader_Vic_s_Al_Ain-Al_Ain_Emirate_of_Abu_Dhabi.html#REVIEWS
(48 reviews),Al Ain,,,48,,,https://www.tripadvisor.com/Restaurant_Review-g298061-d33349295-Reviews-The_Rooftop-Al_Ain_Emirate_of_Abu_Dhabi.html#REVIEWS
(48 reviews),Al Ain,,,48,,,https://www.tripadvisor.com/Restaurant_Review-g298061-d11865573-Reviews-Royal_house_restaurant-Al_Ain_Emirate_of_Abu_Dhabi.html#REVIEWS
(36 reviews),Al Ain,,,36,,,https://www.tripadvisor.com/Restaurant_Review-g298061-d25785821-Reviews-Nando_s_Al_Jimi_Mall-Al_Ain_Emirate_of_Abu_Dhabi.html#REVIEWS
(106 reviews),Al Ain,,,106,,,https://www.tripadvisor.com/Restaurant_Review-g298061-d3918050-Reviews-Club_House-Al_Ain_Emirate_of_Abu_Dhabi.html#REVIEWS
(70 reviews),Al Ain,,,70,,,https://www.tripadvisor.com/Restaurant_Review-g298061-d2734458-Reviews-Al_Mallah_Restaurant-Al_Ain_Emirate_of_Abu_Dhabi.html#REVIEWS
(10 reviews),Al Ain,,,10,,,https://www.tripadvisor.com/Restaurant_Review-g298061-d21142208-Reviews-Al_Dallah_Al_Shameyah_Restaurant_Cafe-Al_Ain_Emirate_of_Abu_Dhabi.html#REVIEWS
(20 reviews),Al Ain,,,20,,,https://www.tripadvisor.com/Restaurant_Review-g298061-d33414873-Reviews-Olive_Tree-Al_Ain_Emirate_of_Abu_Dhabi.html#REVIEWS
(13 reviews),Al Ain,,,13,,,https://www.tripadvisor.com/Restaurant_Review-g298061-d18338300-Reviews-Jehangir_s_Royal_Mughal_Cuisine-Al_Ain_Emirate_of_Abu_Dhabi.html#REVIEWS
(55 reviews),Al Ain,,,55,,,https://www.tripadvisor.com/Restaurant_Review-g298061-d3918103-Reviews-Min_Zaman_Lebanese_Restaurant-Al_Ain_Emirate_of_Abu_Dhabi.html#REVIEWS
(120 reviews),Al Ain,,,120,,,https://www.tripadvisor.com/Restaurant_Review-g298061-d3918178-Reviews-Nando_s_Al_Ain_Mall-Al_Ain_Emirate_of_Abu_Dhabi.html#REVIEWS
(326 reviews),Al Ain,,,326,,,https://www.tripadvisor.com/Restaurant_Review-g298061-d3918114-Reviews-Paco_s_Bar-Al_Ain_Emirate_of_Abu_Dhabi.html#REVIEWS
(56 reviews),Al Ain,,,56,,,https://www.tripadvisor.com/Restaurant_Review-g298061-d3917980-Reviews-Bukhara_Restaurant-Al_Ain_Emirate_of_Abu_Dhabi.html#REVIEWS
(52 reviews),Al Ain,,,52,,,https://www.tripadvisor.com/Restaurant_Review-g298061-d3918157-Reviews-Tanjore-Al_Ain_Emirate_of_Abu_Dhabi.html#REVIEWS
(56 reviews),Al Ain,,,56,,,https://www.tripadvisor.com/Restaurant_Review-g298061-d13236961-Reviews-McGettigan_s_Al_Ain-Al_Ain_Emirate_of_Abu_Dhabi.html#REVIEWS
(26 reviews),Al Ain,,,26,,,https://www.tripadvisor.com/Restaurant_Review-g298061-d4959626-Reviews-Al_Diwan_resturant-Al_Ain_Emirate_of_Abu_Dhabi.html#REVIEWS
(47 reviews),Al Ain,,,47,,,https://www.tripadvisor.com/Restaurant_Review-g298061-d4100983-Reviews-Al_Areesh-Al_Ain_Emirate_of_Abu_Dhabi.html#REVIEWS
(2 reviews),Al Ain,,,2,,,https://www.tripadvisor.com/Restaurant_Review-g298061-d25789138-Reviews-Simply_Indian_Restaurant-Al_Ain_Emirate_of_Abu_Dhabi.html#REVIEWS
(34 reviews),Al Ain,,,34,,,https://www.tripadvisor.com/Restaurant_Review-g298061-d8387043-Reviews-Solidaire-Al_Ain_Emirate_of_Abu_Dhabi.html#REVIEWS
(79 reviews),Al Ain,,,79,,,https://www.tripadvisor.com/Restaurant_Review-g298061-d3918036-Reviews-Golden_Sheep_Restaurant-Al_Ain_Emirate_of_Abu_Dhabi.html#REVIEWS
Papa John's,Al Ain,,,0,,,https://www.tripadvisor.com/Restaurant_Review-g298061-d3918117-Reviews-Papa_John_s-Al_Ain_Emirate_of_Abu_Dhabi.html
"RESTAURANTTrader Vic's Palm Jumeirah4.94.9 of 5 bubbles(490 reviews)Dubai, United Arab Emirates25 mentions of Palm Jumeirah""…First time in Palm Jumeirah branch.…""",4.94.9 of 5 bubbles(490 reviews)Dubai,4.94.9 of 5 bubbles(490 reviews)Dubai,,490,RESTAURANT,,https://www.tripadvisor.com/Restaurant_Review-g295424-d24995393-Reviews-Trader_Vic_s_Palm_Jumeirah-Dubai_Emirate_of_Dubai.html
"RESTAURANTThe Tap House, Palm Jumeirah4.04 of 5 bubbles(263 reviews)Dubai, United Arab Emirates15 mentions of Palm Jumeirah""…Had a delightful dinner at The Tap House, Palm Jumeirah, and it made walking…""",4.04 of 5 bubbles(263 reviews)Dubai,4.04 of 5 bubbles(263 reviews)Dubai,,263,RESTAURANT,,https://www.tripadvisor.com/Restaurant_Review-g295424-d11769311-Reviews-The_Tap_House_Palm_Jumeirah-Dubai_Emirate_of_Dubai.html
"RESTAURANTThe Noodle House - Palm Jumeirah Mall4.94.9 of 5 bubbles(1,889 reviews)Dubai, United Arab Emirates8 mentions of Palm Jumeirah""…had a great experience at The Noodle House at Palm Jumeirah.…""",889 reviews)Dubai,4.94.9 of 5 bubbles(1,,1889,RESTAURANT,,https://www.tripadvisor.com/Restaurant_Review-g295424-d19315629-Reviews-The_Noodle_House_Palm_Jumeirah_Mall-Dubai_Emirate_of_Dubai.html
"RESTAURANTmiyabi sushi Palm Jumeirah4.24.2 of 5 bubbles(61 reviews)Dubai, United Arab Emirates2 mentions of Palm JumeirahContemporary Japanese Cuisine in the heart of Dubai since 2012. Offering an awesome array of flavors, featuring a diverse menu, professional yet relaxed service, and a conscious commitment to green practices. What not to miss, CHEFS FAVORITE: Messy Nori, Lion King, or #TunaSalmon Poke.",4.24.2 of 5 bubbles(61 reviews)Dubai,4.24.2 of 5 bubbles(61 reviews)Dubai,,61,RESTAURANT,,https://www.tripadvisor.com/Restaurant_Review-g295424-d12266533-Reviews-Miyabi_sushi_Palm_Jumeirah-Dubai_Emirate_of_Dubai.html
"RESTAURANTCucina The Palm4.94.9 of 5 bubbles(523 reviews)Dubai, United Arab Emirates22 mentions of Palm Jumeirah""…Jumeirah.…""",4.94.9 of 5 bubbles(523 reviews)Dubai,4.94.9 of 5 bubbles(523 reviews)Dubai,,523,RESTAURANT,,https://www.tripadvisor.com/Restaurant_Review-g295424-d25044372-Reviews-Cucina_The_Palm-Dubai_Emirate_of_Dubai.html
"RESTAURANTThe Lighthouse Palm Jumeirah4.84.8 of 5 bubbles(9 reviews)Dubai, United Arab Emirates2 mentions of Palm Jumeirah""…This restaurant is located in the heart of The Palm Jumeirah and believe…""",4.84.8 of 5 bubbles(9 reviews)Dubai,4.84.8 of 5 bubbles(9 reviews)Dubai,,9,RESTAURANT,,https://www.tripadvisor.com/Restaurant_Review-g295424-d23825111-Reviews-The_Lighthouse_Palm_Jumeirah-Dubai_Emirate_of_Dubai.html
"RESTAURANTCLAW BBQ The Palm4.94.9 of 5 bubbles(1,509 reviews)Dubai, United Arab Emirates22 mentions of Palm Jumeirah""…I had a fantastic experience at Hilton Dubai Palm Jumeirah and would like…""",509 reviews)Dubai,4.94.9 of 5 bubbles(1,,1509,RESTAURANT,,https://www.tripadvisor.com/Restaurant_Review-g295424-d25379496-Reviews-CLAW_BBQ_The_Palm-Dubai_Emirate_of_Dubai.html
"RESTAURANTAl Beiruti The Palm5.05 of 5 bubbles(271 reviews)Dubai, United Arab Emirates29 mentions of Palm Jumeirah""…We went yesterday to palm Jumeirah mall for shopping and we noticed this…""",5.05 of 5 bubbles(271 reviews)Dubai,5.05 of 5 bubbles(271 reviews)Dubai,,271,RESTAURANT,,https://www.tripadvisor.com/Restaurant_Review-g295424-d33446913-Reviews-Al_Beiruti_The_Palm-Dubai_Emirate_of_Dubai.html
"RESTAURANTAprons and Hammers Beach House - Palm Jumeirah4.24.2 of 5 bubbles(11 reviews)Dubai, United Arab Emirates1 mention of Palm Jumeirah""…What a wonderful evening at this Apron’s & Hammer’s Palm Jumeirah!…""",4.24.2 of 5 bubbles(11 reviews)Dubai,4.24.2 of 5 bubbles(11 reviews)Dubai,,11,RESTAURANT,,https://www.tripadvisor.com/Restaurant_Review-g295424-d32866046-Reviews-Aprons_and_Hammers_Beach_House_Palm_Jumeirah-Dubai_Emirate_of_Dubai.html
"RESTAURANTMcGettigan's Factory - The Palm4.74.7 of 5 bubbles(227 reviews)Dubai, United Arab Emirates12 mentions of Palm Jumeirah""…Love McGettigans Palm Jumeirah the most!…""",4.74.7 of 5 bubbles(227 reviews)Dubai,4.74.7 of 5 bubbles(227 reviews)Dubai,,227,RESTAURANT,,https://www.tripadvisor.com/Restaurant_Review-g295424-d25070672-Reviews-McGettigan_s_Factory_The_Palm-Dubai_Emirate_of_Dubai.html
"RESTAURANTRevo Café at Anantara The Palm4.84.8 of 5 bubbles(431 reviews)Dubai, United Arab Emirates10 mentions of Palm Jumeirah""…Great spot and close to palm jumeirah walk there is a cafe which you have…""",4.84.8 of 5 bubbles(431 reviews)Dubai,4.84.8 of 5 bubbles(431 reviews)Dubai,,431,RESTAURANT,,https://www.tripadvisor.com/Restaurant_Review-g295424-d10779125-Reviews-Revo_Cafe_at_Anantara_The_Palm-Dubai_Emirate_of_Dubai.html
"RESTAURANTRisen Cafe and Artisanal Bakery, Palm Jumeirah5.05 of 5 bubbles(146 reviews)Dubai, United Arab Emirates2 mentions of Palm Jumeirah""…If you want to enjoy palm jumeirah and good food, definitely come to this…""",5.05 of 5 bubbles(146 reviews)Dubai,5.05 of 5 bubbles(146 reviews)Dubai,,146,RESTAURANT,,https://www.tripadvisor.com/Restaurant_Review-g295424-d25311497-Reviews-Risen_Cafe_and_Artisanal_Bakery_Palm_Jumeirah-Dubai_Emirate_of_Dubai.html
"RESTAURANTPalm Avenue | Waldorf Astoria Dubai Palm Jumeirah4.64.6 of 5 bubbles(130 reviews)Dubai, United Arab Emirates",4.64.6 of 5 bubbles(130 reviews)Dubai,4.64.6 of 5 bubbles(130 reviews)Dubai,,130,RESTAURANT,,https://www.tripadvisor.com/Restaurant_Review-g295424-d10218222-Reviews-Palm_Avenue_Waldorf_Astoria_Dubai_Palm_Jumeirah-Dubai_Emirate_of_Dubai.html
"RESTAURANTYara Jumeirah5.05 of 5 bubbles(2,881 reviews)Dubai, United Arab Emirates16 mentions of Palm Jumeirah""…Loved the upscale vibe at Yara Jumeirah in Palm Strip Mall, stunning evening…""",881 reviews)Dubai,5.05 of 5 bubbles(2,,2881,RESTAURANT,,https://www.tripadvisor.com/Restaurant_Review-g295424-d26551270-Reviews-Yara_Jumeirah-Dubai_Emirate_of_Dubai.html
"RESTAURANTShvili Palm Jumeirah Mall4.54.5 of 5 bubbles(4 reviews)Dubai, United Arab Emirates",4.54.5 of 5 bubbles(4 reviews)Dubai,4.54.5 of 5 bubbles(4 reviews)Dubai,,4,RESTAURANT,,https://www.tripadvisor.com/Restaurant_Review-g295424-d27127124-Reviews-Shvili_Palm_Jumeirah_Mall-Dubai_Emirate_of_Dubai.html
"RESTAURANTAl Nafoorah - Jumeirah Zabeel Saray4.64.6 of 5 bubbles(1,759 reviews)Dubai, United Arab Emirates15 mentions of Palm Jumeirah""…I recommend this lace when you are at Palm Jumeirah.…""",759 reviews)Dubai,4.64.6 of 5 bubbles(1,,1759,RESTAURANT,,https://www.tripadvisor.com/Restaurant_Review-g295424-d2199988-Reviews-Al_Nafoorah_Jumeirah_Zabeel_Saray-Dubai_Emirate_of_Dubai.html
"RESTAURANTMaison Mathis - voco Dubai The Palm4.84.8 of 5 bubbles(157 reviews)Dubai, United Arab Emirates2 mentions of Palm Jumeirah""…Jumeirah with amazing view over JBR skyline.…""",4.84.8 of 5 bubbles(157 reviews)Dubai,4.84.8 of 5 bubbles(157 reviews)Dubai,,157,RESTAURANT,,https://www.tripadvisor.com/Restaurant_Review-g295424-d25163974-Reviews-Maison_Mathis_voco_Dubai_The_Palm-Dubai_Emirate_of_Dubai.html
"RESTAURANTPalm Bay Dubai4.74.7 of 5 bubbles(145 reviews)Dubai, United Arab Emirates4 mentions of Palm Jumeirah""…Palm Bay restaurant is located in Club Vista Mare in Palm Jumeirah.…""",4.74.7 of 5 bubbles(145 reviews)Dubai,4.74.7 of 5 bubbles(145 reviews)Dubai,,145,RESTAURANT,,https://www.tripadvisor.com/Restaurant_Review-g295424-d21266584-Reviews-Palm_Bay_Dubai-Dubai_Emirate_of_Dubai.html
"RESTAURANTIbn Albahr Club Vista Mare - The Palm4.24.2 of 5 bubbles(245 reviews)Dubai, United Arab Emirates10 mentions of Palm Jumeirah""…They have two branches; the one in Palm Jumeirah is better than the one…""",4.24.2 of 5 bubbles(245 reviews)Dubai,4.24.2 of 5 bubbles(245 reviews)Dubai,,245,RESTAURANT,,https://www.tripadvisor.com/Restaurant_Review-g295424-d11883024-Reviews-Ibn_Albahr_Club_Vista_Mare_The_Palm-Dubai_Emirate_of_Dubai.html
"RESTAURANTTent Jumeirah Restaurant3.43.4 of 5 bubbles(105 reviews)Dubai, United Arab Emirates",3.43.4 of 5 bubbles(105 reviews)Dubai,3.43.4 of 5 bubbles(105 reviews)Dubai,,105,RESTAURANT,,https://www.tripadvisor.com/Restaurant_Review-g295424-d10745692-Reviews-Tent_Jumeirah_Restaurant-Dubai_Emirate_of_Dubai.html
"RESTAURANTEssensia at The Palms Hotel & Spa4.54.5 of 5 bubbles(703 reviews)Miami Beach, Florida1 mention of Palm Jumeirah""…I recently spent a few wonderful weeks at the Fairmont Palms Jumeirah and…""",4.54.5 of 5 bubbles(703 reviews)Miami Beach,4.54.5 of 5 bubbles(703 reviews)Miami Beach,,703,RESTAURANT,,https://www.tripadvisor.com/Restaurant_Review-g34439-d1307711-Reviews-Essensia_at_The_Palms_Hotel_Spa-Miami_Beach_Florida.html
"RESTAURANTThe Palm Lounge at Jumeirah Royal Saray4.74.7 of 5 bubbles(3 reviews)Manama, Bahrain",4.74.7 of 5 bubbles(3 reviews)Manama,4.74.7 of 5 bubbles(3 reviews)Manama,,3,RESTAURANT,,https://www.tripadvisor.com/Restaurant_Review-g293997-d15062978-Reviews-The_Palm_Lounge_at_Jumeirah_Royal_Saray-Manama.html
"RESTAURANTKaraf By Bahce - The Palm3.83.8 of 5 bubbles(13 reviews)Dubai, United Arab Emirates1 mention of Palm JumeirahKaraf by Bahçe - The Palm invites you to experience the rich flavors of Turkey right in the heart of Dubai. Nestled by the serene shores of Palm Jumeirah at Club Vista Mare, this restaurant combines authentic Turkish cuisine with breathtaking sea views. Indulge in a culinary journey featuring traditional dishes, fresh ingredients, and the finest selection of raki. Whether you're enjoying a sunset dinner or a relaxed afternoon by the sea, Karaf promises a warm ambiance and exceptional hospitality. Join us for an unforgettable dining experience that captures the essence of Turkish culture and flavors",3.83.8 of 5 bubbles(13 reviews)Dubai,3.83.8 of 5 bubbles(13 reviews)Dubai,,13,RESTAURANT,,https://www.tripadvisor.com/Restaurant_Review-g295424-d26865892-Reviews-Karaf_By_Bahce_The_Palm-Dubai_Emirate_of_Dubai.html
"RESTAURANTSal's Burger Kitchen - The Palm4.74.7 of 5 bubbles(12 reviews)Dubai, United Arab Emirates1 mention of Palm Jumeirah""…Was in this Palm Jumeirah food court by chance and came across Sal's Burger…""",4.74.7 of 5 bubbles(12 reviews)Dubai,4.74.7 of 5 bubbles(12 reviews)Dubai,,12,RESTAURANT,,https://www.tripadvisor.com/Restaurant_Review-g295424-d24070543-Reviews-Sal_s_Burger_Kitchen_The_Palm-Dubai_Emirate_of_Dubai.html
"RESTAURANTPalm Garden4.24.2 of 5 bubbles(72 reviews)Dubai, United Arab Emirates1 mention of Palm JumeirahIf you are looking for an all day dining restaurant that serves International cuisine, look no further. Dine in a casual chic environment, where the palm theme is echoed in the furnishings and mirrored by views of the landscaped gardens surrounding the outdoor terrace. This restaurant boasts of having one of the best restaurant themed nights in Jumeirah Beach. Travel the World over a dinner and indulge in delicious meals ranging from Lebanese, Italian to German and Indian. Also, do not miss the Family Extravaganza Brunch every Friday.",4.24.2 of 5 bubbles(72 reviews)Dubai,4.24.2 of 5 bubbles(72 reviews)Dubai,,72,RESTAURANT,,https://www.tripadvisor.com/Restaurant_Review-g295424-d3920100-Reviews-Palm_Garden-Dubai_Emirate_of_Dubai.html
"RESTAURANTThe Palm Court at the Ritz-Carlton4.14.1 of 5 bubbles(128 reviews)Montreal, Quebec, Canada",Quebec,4.14.1 of 5 bubbles(128 reviews)Montreal,,128,RESTAURANT,,https://www.tripadvisor.com/Restaurant_Review-g155032-d7247184-Reviews-The_Palm_Court_at_the_Ritz_Carlton-Montreal_Quebec.html
"RESTAURANTThe Palm - Charlotte4.44.4 of 5 bubbles(278 reviews)Charlotte, North Carolina",4.44.4 of 5 bubbles(278 reviews)Charlotte,4.44.4 of 5 bubbles(278 reviews)Charlotte,,278,RESTAURANT,,https://www.tripadvisor.com/Restaurant_Review-g49022-d398679-Reviews-The_Palm_Charlotte-Charlotte_North_Carolina.html
"RESTAURANTThe Palm - Washington, D.C.4.34.3 of 5 bubbles(479 reviews)Washington DC, District of Columbia",4.34.3 of 5 bubbles(479 reviews)Washington DC,4.34.3 of 5 bubbles(479 reviews)Washington DC,,479,RESTAURANT,,https://www.tripadvisor.com/Restaurant_Review-g28970-d450655-Reviews-The_Palm_Washington_D_C-Washington_DC_District_of_Columbia.html
"RESTAURANTThe Palm - East Hampton4.34.3 of 5 bubbles(304 reviews)East Hampton, New York",4.34.3 of 5 bubbles(304 reviews)East Hampton,4.34.3 of 5 bubbles(304 reviews)East Hampton,,304,RESTAURANT,,https://www.tripadvisor.com/Restaurant_Review-g47629-d602870-Reviews-The_Palm_East_Hampton-East_Hampton_Long_Island_New_York.html
"RESTAURANTThe Palm - Tysons4.14.1 of 5 bubbles(308 reviews)McLean, Virginia",4.14.1 of 5 bubbles(308 reviews)McLean,4.14.1 of 5 bubbles(308 reviews)McLean,,308,RESTAURANT,,https://www.tripadvisor.com/Restaurant_Review-g60726-d492840-Reviews-The_Palm_Tysons-McLean_Fairfax_County_Virginia.html
"RESTAURANTISMA Restaurant Dubai Marina5.05 of 5 bubbles(284 reviews)Dubai, United Arab Emirates60 mentions of Dubai Marina""…Amazing breakfast with a breathtaking view of Dubai Marina The panorama…""",5.05 of 5 bubbles(284 reviews)Dubai,5.05 of 5 bubbles(284 reviews)Dubai,,284,RESTAURANT,,https://www.tripadvisor.com/Restaurant_Review-g295424-d33862766-Reviews-ISMA_Restaurant_Dubai_Marina-Dubai_Emirate_of_Dubai.html
"RESTAURANTAbd El Wahab, Dubai Marina4.14.1 of 5 bubbles(370 reviews)Dubai, United Arab Emirates52 mentions of Dubai Marina""…A Lebanese restaurant in the heart of the Dubai Marina.…""",4.14.1 of 5 bubbles(370 reviews)Dubai,4.14.1 of 5 bubbles(370 reviews)Dubai,,370,RESTAURANT,,https://www.tripadvisor.com/Restaurant_Review-g295424-d5502552-Reviews-Abd_El_Wahab_Dubai_Marina-Dubai_Emirate_of_Dubai.html
"RESTAURANTCarluccio's Dubai Marina Mall4.04 of 5 bubbles(380 reviews)Dubai, United Arab Emirates37 mentions of Dubai Marina""…:) Cheers to Carluccios Dubai Marina Mall!…""",4.04 of 5 bubbles(380 reviews)Dubai,4.04 of 5 bubbles(380 reviews)Dubai,,380,RESTAURANT,,https://www.tripadvisor.com/Restaurant_Review-g295424-d3925267-Reviews-Carluccio_s_Dubai_Marina_Mall-Dubai_Emirate_of_Dubai.html
"RESTAURANTBlume Dubai Marina4.94.9 of 5 bubbles(83 reviews)Dubai, United Arab Emirates20 mentions of Dubai Marina""…The atmosphere is really stunning, the location of dubai marina, the decoration…""",4.94.9 of 5 bubbles(83 reviews)Dubai,4.94.9 of 5 bubbles(83 reviews)Dubai,,83,RESTAURANT,,https://www.tripadvisor.com/Restaurant_Review-g295424-d33099913-Reviews-Blume_Dubai_Marina-Dubai_Emirate_of_Dubai.html
"RESTAURANTThe Blacksmith Bar & Eatery, Dubai Marina4.94.9 of 5 bubbles(1,236 reviews)Dubai, United Arab Emirates54 mentions of Dubai Marina""…A truly atmospheric spot in Dubai Marina.…""",236 reviews)Dubai,4.94.9 of 5 bubbles(1,,1236,RESTAURANT,,https://www.tripadvisor.com/Restaurant_Review-g295424-d13497489-Reviews-The_Blacksmith_Bar_Eatery_Dubai_Marina-Dubai_Emirate_of_Dubai.html
"RESTAURANTThe Address Dubai Marina4.24.2 of 5 bubbles(149 reviews)Dubai, United Arab Emirates30 mentions of Dubai Marina""…Good place in iconic Dubai Marina.…""",4.24.2 of 5 bubbles(149 reviews)Dubai,4.24.2 of 5 bubbles(149 reviews)Dubai,,149,RESTAURANT,,https://www.tripadvisor.com/Restaurant_Review-g295424-d10188650-Reviews-The_Address_Dubai_Marina-Dubai_Emirate_of_Dubai.html
"RESTAURANTAsia Asia Pier 74.44.4 of 5 bubbles(2,442 reviews)Dubai, United Arab Emirates257 mentions of Dubai Marina""…We visited Asia Asia while in Dubai Marina and couldn’t recommend it enough…""",442 reviews)Dubai,4.44.4 of 5 bubbles(2,,2442,RESTAURANT,,https://www.tripadvisor.com/Restaurant_Review-g295424-d6956894-Reviews-Asia_Asia_Pier_7-Dubai_Emirate_of_Dubai.html
"RESTAURANTOrange Chameleon Restaurant and Lounge5.05 of 5 bubbles(2,256 reviews)Dubai, United Arab Emirates76 mentions of Dubai Marina""…Very cozy and atmospheric place with a beautiful open view of Dubai Marina…""",256 reviews)Dubai,5.05 of 5 bubbles(2,,2256,RESTAURANT,,https://www.tripadvisor.com/Restaurant_Review-g295424-d23140994-Reviews-Orange_Chameleon_Restaurant_and_Lounge-Dubai_Emirate_of_Dubai.html
"RESTAURANTRisen Cafe And Artisanal Bakery - Dubai Marina5.05 of 5 bubbles(398 reviews)Dubai, United Arab Emirates10 mentions of Dubai Marina""…A must-visit in Dubai Marina!…""",5.05 of 5 bubbles(398 reviews)Dubai,5.05 of 5 bubbles(398 reviews)Dubai,,398,RESTAURANT,,https://www.tripadvisor.com/Restaurant_Review-g295424-d23802185-Reviews-Risen_Cafe_And_Artisanal_Bakery_Dubai_Marina-Dubai_Emirate_of_Dubai.html
"RESTAURANTWANE by Somiya4.74.7 of 5 bubbles(686 reviews)Dubai, United Arab Emirates66 mentions of Dubai Marina""…Lovely place to enjoy brunch, great DJ and amazing pool above Dubai Marina…""",4.74.7 of 5 bubbles(686 reviews)Dubai,4.74.7 of 5 bubbles(686 reviews)Dubai,,686,RESTAURANT,,https://www.tripadvisor.com/Restaurant_Review-g295424-d21409142-Reviews-WANE_by_Somiya-Dubai_Emirate_of_Dubai.html
"RESTAURANTMama Zonia4.94.9 of 5 bubbles(2,584 reviews)Dubai, United Arab Emirates110 mentions of Dubai Marina""…1 of the best place in Dubai marina, There food ,drinks and service top…""",584 reviews)Dubai,4.94.9 of 5 bubbles(2,,2584,RESTAURANT,,https://www.tripadvisor.com/Restaurant_Review-g295424-d15617202-Reviews-Mama_Zonia-Dubai_Emirate_of_Dubai.html
"RESTAURANTBarasti Beach Bar4.24.2 of 5 bubbles(3,425 reviews)Dubai, United Arab Emirates86 mentions of Dubai Marina""…✅ Great beachfront location with views and easy access from Dubai Marina.…""",425 reviews)Dubai,4.24.2 of 5 bubbles(3,,3425,RESTAURANT,,https://www.tripadvisor.com/Restaurant_Review-g295424-d945659-Reviews-Barasti_Beach_Bar-Dubai_Emirate_of_Dubai.html
"RESTAURANTCargo Restaurant4.34.3 of 5 bubbles(925 reviews)Dubai, United Arab Emirates97 mentions of Dubai Marina""…First time visiting Cargo Restaurant at Pier 7, Dubai Marina — what an…""",4.34.3 of 5 bubbles(925 reviews)Dubai,4.34.3 of 5 bubbles(925 reviews)Dubai,,925,RESTAURANT,,https://www.tripadvisor.com/Restaurant_Review-g295424-d6419963-Reviews-Cargo_Restaurant-Dubai_Emirate_of_Dubai.html
"RESTAURANTMaiden Shanghai4.94.9 of 5 bubbles(2,318 reviews)Dubai, United Arab Emirates21 mentions of Dubai Marina""…You see the sea and Dubai Marina right in front of you — it’s one of those…""",318 reviews)Dubai,4.94.9 of 5 bubbles(2,,2318,RESTAURANT,,https://www.tripadvisor.com/Restaurant_Review-g295424-d12399372-Reviews-Maiden_Shanghai-Dubai_Emirate_of_Dubai.html
"RESTAURANTHabib Beirut Dubai Marina4.14.1 of 5 bubbles(107 reviews)Dubai, United Arab Emirates11 mentions of Dubai Marina""…We visited Habib Beirut in Dubai Marina and had a great experience from…""",4.14.1 of 5 bubbles(107 reviews)Dubai,4.14.1 of 5 bubbles(107 reviews)Dubai,,107,RESTAURANT,,https://www.tripadvisor.com/Restaurant_Review-g295424-d23728797-Reviews-Habib_Beirut_Dubai_Marina-Dubai_Emirate_of_Dubai.html
"RESTAURANT800 Pizza Dubai Marina Promenade3.93.9 of 5 bubbles(208 reviews)Dubai, United Arab Emirates11 mentions of Dubai Marina""…Visited 800 Pizza at Dubai Marina Promenade and had a really good experience…""",3.93.9 of 5 bubbles(208 reviews)Dubai,3.93.9 of 5 bubbles(208 reviews)Dubai,,208,RESTAURANT,,https://www.tripadvisor.com/Restaurant_Review-g295424-d1506779-Reviews-800_Pizza_Dubai_Marina_Promenade-Dubai_Emirate_of_Dubai.html
"RESTAURANTOregano, Dubai Marina4.74.7 of 5 bubbles(32 reviews)Dubai, United Arab Emirates7 mentions of Dubai Marina""…Oregano in Dubai Marina is a fantastic spot for anyone who loves authentic…""",4.74.7 of 5 bubbles(32 reviews)Dubai,4.74.7 of 5 bubbles(32 reviews)Dubai,,32,RESTAURANT,,https://www.tripadvisor.com/Restaurant_Review-g295424-d33417600-Reviews-Oregano_Dubai_Marina-Dubai_Emirate_of_Dubai.html
"RESTAURANTMassimo's Italian Restaurant4.64.6 of 5 bubbles(1,214 reviews)Dubai, United Arab Emirates109 mentions of Dubai MarinaItalian restaurant and pizzeria in the heart of Dubai Marina, 150 seats in a lovely atmosphere in front of the water.",214 reviews)Dubai,4.64.6 of 5 bubbles(1,,1214,RESTAURANT,,https://www.tripadvisor.com/Restaurant_Review-g295424-d4455905-Reviews-Massimo_s_Italian_Restaurant-Dubai_Emirate_of_Dubai.html
"RESTAURANTAtelier M Restaurant4.14.1 of 5 bubbles(723 reviews)Dubai, United Arab Emirates108 mentions of Dubai Marina""…Superb rooftop bar with amazing views of Dubai marina.…""",4.14.1 of 5 bubbles(723 reviews)Dubai,4.14.1 of 5 bubbles(723 reviews)Dubai,,723,RESTAURANT,,https://www.tripadvisor.com/Restaurant_Review-g295424-d6407115-Reviews-Atelier_M_Restaurant-Dubai_Emirate_of_Dubai.html
"RESTAURANTDRIFT Dubai4.64.6 of 5 bubbles(617 reviews)Dubai, United Arab Emirates11 mentions of Dubai Marina""…Marina skyline.…""",4.64.6 of 5 bubbles(617 reviews)Dubai,4.64.6 of 5 bubbles(617 reviews)Dubai,,617,RESTAURANT,,https://www.tripadvisor.com/Restaurant_Review-g295424-d13170475-Reviews-DRIFT_Dubai-Dubai_Emirate_of_Dubai.html
"RESTAURANTElaia Dubai5.05 of 5 bubbles(368 reviews)Dubai, United Arab Emirates71 mentions of Dubai Marina""…Friendly staff, awsome Dubai marina views, delicious food and wine.…""",5.05 of 5 bubbles(368 reviews)Dubai,5.05 of 5 bubbles(368 reviews)Dubai,,368,RESTAURANT,,https://www.tripadvisor.com/Restaurant_Review-g295424-d33037534-Reviews-Elaia_Dubai-Dubai_Emirate_of_Dubai.html
"RESTAURANTTrader Vics at Dubai Marina4.14.1 of 5 bubbles(144 reviews)Dubai, United Arab Emirates8 mentions of Dubai MarinaTrader Vic's Mai Tai Lounge is a balance between the classic Trader Vic's and the innovative modern lounge with inventive sharing cuisine and world-famous Mai Tai cocktails, created by the Trader himself. This venue offers fusion international cuisine with the finest ingredients from around the world along with a cocktail menu boasting an array of 38 different cocktails from the world famous Tiki Puka Puka to more classical cocktails and Martinis, as well as a wide selection of brews and grapes.",4.14.1 of 5 bubbles(144 reviews)Dubai,4.14.1 of 5 bubbles(144 reviews)Dubai,,144,RESTAURANT,,https://www.tripadvisor.com/Restaurant_Review-g295424-d3531090-Reviews-Trader_Vics_at_Dubai_Marina-Dubai_Emirate_of_Dubai.html
"RESTAURANTMiramin Marina4.44.4 of 5 bubbles(240 reviews)Dubai, United Arab Emirates32 mentions of Dubai Marina""…Great location in Dubai Marina No alcohol as outdoor restaurants cannot…""",4.44.4 of 5 bubbles(240 reviews)Dubai,4.44.4 of 5 bubbles(240 reviews)Dubai,,240,RESTAURANT,,https://www.tripadvisor.com/Restaurant_Review-g295424-d8741185-Reviews-Miramin_Marina-Dubai_Emirate_of_Dubai.html
"RESTAURANTCharm Thai4.84.8 of 5 bubbles(453 reviews)Dubai, United Arab Emirates57 mentions of Dubai Marina""…Marina.…""",4.84.8 of 5 bubbles(453 reviews)Dubai,4.84.8 of 5 bubbles(453 reviews)Dubai,,453,RESTAURANT,,https://www.tripadvisor.com/Restaurant_Review-g295424-d20034757-Reviews-Charm_Thai-Dubai_Emirate_of_Dubai.html
"RESTAURANTFish Beach Taverna4.64.6 of 5 bubbles(1,559 reviews)Dubai, United Arab Emirates16 mentions of Dubai Marina""…The restaurant is still a name in Dubai Marina but unfortunately the quality…""",559 reviews)Dubai,4.64.6 of 5 bubbles(1,,1559,RESTAURANT,,https://www.tripadvisor.com/Restaurant_Review-g295424-d11671475-Reviews-Fish_Beach_Taverna-Dubai_Emirate_of_Dubai.html
"RESTAURANTBistro Des Arts4.34.3 of 5 bubbles(544 reviews)Dubai, United Arab Emirates53 mentions of Dubai Marina""…The bistro is next to Dubai Marina Shopping mall, and walk.…""",4.34.3 of 5 bubbles(544 reviews)Dubai,4.34.3 of 5 bubbles(544 reviews)Dubai,,544,RESTAURANT,,https://www.tripadvisor.com/Restaurant_Review-g295424-d8750026-Reviews-Bistro_Des_Arts-Dubai_Emirate_of_Dubai.html
"RESTAURANTSloane's4.74.7 of 5 bubbles(724 reviews)Dubai, United Arab Emirates20 mentions of Dubai Marina""…We visited Sloans for breakfast as the views over Dubai Marina are amazing…""",4.74.7 of 5 bubbles(724 reviews)Dubai,4.74.7 of 5 bubbles(724 reviews)Dubai,,724,RESTAURANT,,https://www.tripadvisor.com/Restaurant_Review-g295424-d2374272-Reviews-Sloane_s-Dubai_Emirate_of_Dubai.html
"RESTAURANTHurricane's Grill & Bar The Beach4.94.9 of 5 bubbles(2,006 reviews)Dubai, United Arab Emirates14 mentions of Dubai Marina""…A really good choice for a meal in Dubai Marina.…""",006 reviews)Dubai,4.94.9 of 5 bubbles(2,,2006,RESTAURANT,,https://www.tripadvisor.com/Restaurant_Review-g295424-d23917106-Reviews-Hurricane_s_Grill_Bar_The_Beach-Dubai_Emirate_of_Dubai.html
"RESTAURANTBuddha-Bar4.64.6 of 5 bubbles(1,904 reviews)Dubai, United Arab Emirates61 mentions of Dubai Marina""…Recommend this restaurant in Dubai Marina.…""",904 reviews)Dubai,4.64.6 of 5 bubbles(1,,1904,RESTAURANT,,https://www.tripadvisor.com/Restaurant_Review-g295424-d1510514-Reviews-Buddha_Bar-Dubai_Emirate_of_Dubai.html
"RESTAURANTTerra Mia Dubai Italian Restaurant & Pizzeria4.74.7 of 5 bubbles(327 reviews)Dubai, United Arab Emirates50 mentions of Dubai Marina""…Terra Mia is a charming spot on the Dubai Marina Walk, with beautiful waterfront…""",4.74.7 of 5 bubbles(327 reviews)Dubai,4.74.7 of 5 bubbles(327 reviews)Dubai,,327,RESTAURANT,,https://www.tripadvisor.com/Restaurant_Review-g295424-d25296147-Reviews-Terra_Mia_Dubai_Italian_Restaurant_Pizzeria-Dubai_Emirate_of_Dubai.html
"RESTAURANTThe Tap House, Downtown4.94.9 of 5 bubbles(2,690 reviews)Dubai, United Arab Emirates22 mentions of Downtown Dubai""…We had a fantastic evening at Tap House Downtown Dubai!…""",690 reviews)Dubai,4.94.9 of 5 bubbles(2,,2690,RESTAURANT,,https://www.tripadvisor.com/Restaurant_Review-g295424-d25192984-Reviews-The_Tap_House_Downtown-Dubai_Emirate_of_Dubai.html
"RESTAURANTDoors Dubai Mall5.05 of 5 bubbles(3,014 reviews)Dubai, United Arab Emirates21 mentions of Downtown Dubai""…It’s a very nice restaurant in Dubai mall downtown Dubai I had sushi which…""",014 reviews)Dubai,5.05 of 5 bubbles(3,,3014,RESTAURANT,,https://www.tripadvisor.com/Restaurant_Review-g295424-d26969519-Reviews-Doors_Dubai_Mall-Dubai_Emirate_of_Dubai.html
"RESTAURANTThe Banc Dubai5.05 of 5 bubbles(1,471 reviews)Dubai, United Arab Emirates9 mentions of Downtown Dubai""…A must-visit vibey dinner spot in Dubai near Downtown Dubai!…""",471 reviews)Dubai,5.05 of 5 bubbles(1,,1471,RESTAURANT,,https://www.tripadvisor.com/Restaurant_Review-g295424-d32976128-Reviews-The_Banc_Dubai-Dubai_Emirate_of_Dubai.html
"RESTAURANTCouqley Downtown Dubai4.94.9 of 5 bubbles(168 reviews)Dubai, United Arab Emirates8 mentions of Downtown Dubai""…**Couqley Restaurant Review (Downtown Dubai)** ✔ **Location:** Downtown…""",4.94.9 of 5 bubbles(168 reviews)Dubai,4.94.9 of 5 bubbles(168 reviews)Dubai,,168,RESTAURANT,,https://www.tripadvisor.com/Restaurant_Review-g295424-d25106865-Reviews-Couqley_Downtown_Dubai-Dubai_Emirate_of_Dubai.html
"RESTAURANTReef & Beef5.05 of 5 bubbles(768 reviews)Dubai, United Arab Emirates36 mentions of Downtown Dubai""…A highly rated steak & seafood restaurant in Downtown Dubai, praised for…""",5.05 of 5 bubbles(768 reviews)Dubai,5.05 of 5 bubbles(768 reviews)Dubai,,768,RESTAURANT,,https://www.tripadvisor.com/Restaurant_Review-g295424-d25577396-Reviews-Reef_Beef-Dubai_Emirate_of_Dubai.html
"RESTAURANTHuqqabaz Souk Al Bahar5.05 of 5 bubbles(712 reviews)Dubai, United Arab Emirates38 mentions of Downtown Dubai""…Huqqabaz Souk Al Bahar is one of my favorite spots in Downtown Dubai.…""",5.05 of 5 bubbles(712 reviews)Dubai,5.05 of 5 bubbles(712 reviews)Dubai,,712,RESTAURANT,,https://www.tripadvisor.com/Restaurant_Review-g295424-d33239902-Reviews-Huqqabaz_Souk_Al_Bahar-Dubai_Emirate_of_Dubai.html
"RESTAURANTHuqqa Dubai4.44.4 of 5 bubbles(1,076 reviews)Dubai, United Arab Emirates17 mentions of Downtown Dubai""…A great spot to enjoy the moment and the scenery in Downtown Dubai.…""",076 reviews)Dubai,4.44.4 of 5 bubbles(1,,1076,RESTAURANT,,https://www.tripadvisor.com/Restaurant_Review-g295424-d13974920-Reviews-Huqqa_Dubai-Dubai_Emirate_of_Dubai.html
"RESTAURANTChaplin Dubai4.94.9 of 5 bubbles(493 reviews)Dubai, United Arab Emirates42 mentions of Downtown Dubai""…We had such a great experience at Chaplin in Downtown Dubai.…""",4.94.9 of 5 bubbles(493 reviews)Dubai,4.94.9 of 5 bubbles(493 reviews)Dubai,,493,RESTAURANT,,https://www.tripadvisor.com/Restaurant_Review-g295424-d22995246-Reviews-Chaplin_Dubai-Dubai_Emirate_of_Dubai.html
"RESTAURANTBombay Brasserie4.94.9 of 5 bubbles(2,735 reviews)Dubai, United Arab Emirates18 mentions of Downtown Dubai""…We had such a lovely evening at Bombay Brasserie in Taj Downtown Dubai.…""",735 reviews)Dubai,4.94.9 of 5 bubbles(2,,2735,RESTAURANT,,https://www.tripadvisor.com/Restaurant_Review-g295424-d8091861-Reviews-Bombay_Brasserie-Dubai_Emirate_of_Dubai.html
"RESTAURANTArmani/Hashi4.74.7 of 5 bubbles(880 reviews)Dubai, United Arab Emirates9 mentions of Downtown Dubai""…Amazing food, ambience is one of the best in downtown Dubai.…""",4.74.7 of 5 bubbles(880 reviews)Dubai,4.74.7 of 5 bubbles(880 reviews)Dubai,,880,RESTAURANT,,https://www.tripadvisor.com/Restaurant_Review-g295424-d1770448-Reviews-Armani_Hashi-Dubai_Emirate_of_Dubai.html
"RESTAURANTBelcanto Restaurant5.05 of 5 bubbles(683 reviews)Dubai, United Arab Emirates6 mentions of Downtown Dubai""…Belcanto is truly one of the most beautiful restaurants in Downtown Dubai.…""",5.05 of 5 bubbles(683 reviews)Dubai,5.05 of 5 bubbles(683 reviews)Dubai,,683,RESTAURANT,,https://www.tripadvisor.com/Restaurant_Review-g295424-d23755875-Reviews-Belcanto_Restaurant-Dubai_Emirate_of_Dubai.html
"RESTAURANTTang Dubai Downtown4.94.9 of 5 bubbles(113 reviews)Dubai, United Arab Emirates7 mentions of Downtown Dubai""…Excellent upscale and fancy restaurant next to the Palace Downtown Dubai…""",4.94.9 of 5 bubbles(113 reviews)Dubai,4.94.9 of 5 bubbles(113 reviews)Dubai,,113,RESTAURANT,,https://www.tripadvisor.com/Restaurant_Review-g295424-d32866486-Reviews-Tang_Dubai_Downtown-Dubai_Emirate_of_Dubai.html
"RESTAURANTNido Tapas Restaurant & Bar4.94.9 of 5 bubbles(1,204 reviews)Dubai, United Arab Emirates8 mentions of Downtown Dubai""…Nido in Downtown Dubai is a restaurant that really impressed me.…""",204 reviews)Dubai,4.94.9 of 5 bubbles(1,,1204,RESTAURANT,,https://www.tripadvisor.com/Restaurant_Review-g295424-d19463460-Reviews-Nido_Tapas_Restaurant_Bar-Dubai_Emirate_of_Dubai.html
"RESTAURANTJospereno Steakhouse & Restaurant5.05 of 5 bubbles(423 reviews)Dubai, United Arab Emirates4 mentions of Downtown Dubai""…Definitely a great spot for steak in Downtown Dubai.…""",5.05 of 5 bubbles(423 reviews)Dubai,5.05 of 5 bubbles(423 reviews)Dubai,,423,RESTAURANT,,https://www.tripadvisor.com/Restaurant_Review-g295424-d28863123-Reviews-Jospereno_Steakhouse_Restaurant-Dubai_Emirate_of_Dubai.html
"RESTAURANTAbd El Wahab, Souk Al Bahar4.14.1 of 5 bubbles(1,351 reviews)Dubai, United Arab Emirates",351 reviews)Dubai,4.14.1 of 5 bubbles(1,,1351,RESTAURANT,,https://www.tripadvisor.com/Restaurant_Review-g295424-d3896841-Reviews-Abd_El_Wahab_Souk_Al_Bahar-Dubai_Emirate_of_Dubai.html
"RESTAURANTLa Serre4.34.3 of 5 bubbles(1,391 reviews)Dubai, United Arab Emirates66 mentions of Downtown DubaiIn Modern Comfort Food, the Culinary Team of La Serre shares legion of French dishes that will feed your deepest cravings. Many of them are inspired by childhood favorites-using only the best French ingredients. After a decade of delivering you the best viennoiseries and freshly baked baguette in town, and serving your favorites such as tarte flambé, Dover Sole and many more French delicacies, it is time to relocate and refresh La Serre with a brand new look and feel in upcoming locations in Dubai Design District, Mall of The Emirates, Galleria Mall and Yas Mall in Abu Dhabi.",391 reviews)Dubai,4.34.3 of 5 bubbles(1,,1391,RESTAURANT,,https://www.tripadvisor.com/Restaurant_Review-g295424-d4690476-Reviews-La_Serre-Dubai_Emirate_of_Dubai.html
"RESTAURANTBirds Dubai5.05 of 5 bubbles(211 reviews)Dubai, United Arab Emirates20 mentions of Downtown Dubai""…Hands down the best restaurant in Downtown Dubai to enjoy a delicious meal…""",5.05 of 5 bubbles(211 reviews)Dubai,5.05 of 5 bubbles(211 reviews)Dubai,,211,RESTAURANT,,https://www.tripadvisor.com/Restaurant_Review-g295424-d27424821-Reviews-Birds_Dubai-Dubai_Emirate_of_Dubai.html
"RESTAURANTTreehouse Dubai4.74.7 of 5 bubbles(835 reviews)Dubai, United Arab Emirates22 mentions of Downtown Dubai""…We visited Treehouse at the Taj Downtown Dubai and had the chance to experience…""",4.74.7 of 5 bubbles(835 reviews)Dubai,4.74.7 of 5 bubbles(835 reviews)Dubai,,835,RESTAURANT,,https://www.tripadvisor.com/Restaurant_Review-g295424-d9728803-Reviews-Treehouse_Dubai-Dubai_Emirate_of_Dubai.html
"RESTAURANTDouble Decker4.84.8 of 5 bubbles(2,017 reviews)Dubai, United Arab Emirates29 mentions of Downtown Dubai""…Overall, it’s the perfect spot in Downtown Dubai for good food, great drinks…""",017 reviews)Dubai,4.84.8 of 5 bubbles(2,,2017,RESTAURANT,,https://www.tripadvisor.com/Restaurant_Review-g295424-d2419994-Reviews-Double_Decker-Dubai_Emirate_of_Dubai.html
"RESTAURANTCoco Grill & Lounge5.05 of 5 bubbles(285 reviews)Dubai, United Arab Emirates11 mentions of Downtown Dubai""…if you’re looking for a lively dinner in Downtown Dubai.…""",5.05 of 5 bubbles(285 reviews)Dubai,5.05 of 5 bubbles(285 reviews)Dubai,,285,RESTAURANT,,https://www.tripadvisor.com/Restaurant_Review-g295424-d32974541-Reviews-Coco_Grill_Lounge-Dubai_Emirate_of_Dubai.html
"RESTAURANTEntrecôte Café de Paris - The Dubai Mall4.74.7 of 5 bubbles(1,059 reviews)Dubai, United Arab Emirates3 mentions of Downtown Dubai""…PS ; The Relais de l’Entrecôte - Paris did open last decade in Dubai Downtown…""",059 reviews)Dubai,4.74.7 of 5 bubbles(1,,1059,RESTAURANT,,https://www.tripadvisor.com/Restaurant_Review-g295424-d3456759-Reviews-Entrecote_Cafe_de_Paris_The_Dubai_Mall-Dubai_Emirate_of_Dubai.html
"RESTAURANTSTK Downtown4.24.2 of 5 bubbles(172 reviews)Dubai, United Arab Emirates10 mentions of Downtown DubaiThe second STK in Dubai is now open at the Address Hotel Downtown Dubai, in the heart of the city’s dining and entertainment district. This second site promises a garden terrace with unobstructed views of The Dubai Fountain and the iconic Burj Khalifa, along with beautiful interiors featuring the brand’s signature décor. Boasting exquisite food with the superior quality of a traditional steakhouse, impeccable service and a high-energy atmosphere in a stylish lounge setting, STK offers a dynamic and vibrant experience that is a cut above the rest. Internationally acclaimed steakhouse bringing an all new experience to Dubai, truly a cut above the rest.",4.24.2 of 5 bubbles(172 reviews)Dubai,4.24.2 of 5 bubbles(172 reviews)Dubai,,172,RESTAURANT,,https://www.tripadvisor.com/Restaurant_Review-g295424-d14875155-Reviews-STK_Downtown-Dubai_Emirate_of_Dubai.html
"RESTAURANTGAL Restaurant Dubai4.34.3 of 5 bubbles(561 reviews)Dubai, United Arab Emirates14 mentions of Downtown Dubai""…Dubai.…""",4.34.3 of 5 bubbles(561 reviews)Dubai,4.34.3 of 5 bubbles(561 reviews)Dubai,,561,RESTAURANT,,https://www.tripadvisor.com/Restaurant_Review-g295424-d15095576-Reviews-GAL_Restaurant_Dubai-Dubai_Emirate_of_Dubai.html
"RESTAURANTThe Boardwalk4.54.5 of 5 bubbles(1,391 reviews)Dubai, United Arab Emirates17 mentions of Downtown Dubai""…. 🙏 The view of Downtown Dubai and the Creek is so peaceful.…""",391 reviews)Dubai,4.54.5 of 5 bubbles(1,,1391,RESTAURANT,,https://www.tripadvisor.com/Restaurant_Review-g295424-d1977882-Reviews-The_Boardwalk-Dubai_Emirate_of_Dubai.html
"RESTAURANT3BK Restaurant4.94.9 of 5 bubbles(1,462 reviews)Dubai, United Arab Emirates31 mentions of Downtown Dubai""…Great vibe, beautiful crowd, and amazing views of Downtown Dubai.…""",462 reviews)Dubai,4.94.9 of 5 bubbles(1,,1462,RESTAURANT,,https://www.tripadvisor.com/Restaurant_Review-g295424-d20147433-Reviews-3BK_Restaurant-Dubai_Emirate_of_Dubai.html
"RESTAURANTHuqqabaz Downtown5.05 of 5 bubbles(47 reviews)Dubai, United Arab Emirates3 mentions of Downtown Dubai""…Visited HuQQabaz in Downtown Dubai and overall had a great experience.…""",5.05 of 5 bubbles(47 reviews)Dubai,5.05 of 5 bubbles(47 reviews)Dubai,,47,RESTAURANT,,https://www.tripadvisor.com/Restaurant_Review-g295424-d33043938-Reviews-Huqqabaz_Downtown-Dubai_Emirate_of_Dubai.html
"RESTAURANTLavang5.05 of 5 bubbles(64 reviews)Dubai, United Arab Emirates15 mentions of Downtown Dubai""…Dubai.…""",5.05 of 5 bubbles(64 reviews)Dubai,5.05 of 5 bubbles(64 reviews)Dubai,,64,RESTAURANT,,https://www.tripadvisor.com/Restaurant_Review-g295424-d33160648-Reviews-Lavang-Dubai_Emirate_of_Dubai.html
"RESTAURANTLa Piscina5.05 of 5 bubbles(2,248 reviews)Dubai, United Arab Emirates1 mention of Downtown Dubai""…dubai, love this place!…""",248 reviews)Dubai,5.05 of 5 bubbles(2,,2248,RESTAURANT,,https://www.tripadvisor.com/Restaurant_Review-g295424-d21058559-Reviews-La_Piscina-Dubai_Emirate_of_Dubai.html
"RESTAURANTROKA Dubai4.64.6 of 5 bubbles(184 reviews)Dubai, United Arab Emirates8 mentions of Downtown Dubai""…The outdoor terrace offers superb views of Downtown Dubai and the interior…""",4.64.6 of 5 bubbles(184 reviews)Dubai,4.64.6 of 5 bubbles(184 reviews)Dubai,,184,RESTAURANT,,https://www.tripadvisor.com/Restaurant_Review-g295424-d19903800-Reviews-ROKA_Dubai-Dubai_Emirate_of_Dubai.html
"RESTAURANTAl Hamidieh4.34.3 of 5 bubbles(114 reviews)Dubai, United Arab Emirates10 mentions of Downtown Dubai""…Dubai.…""",4.34.3 of 5 bubbles(114 reviews)Dubai,4.34.3 of 5 bubbles(114 reviews)Dubai,,114,RESTAURANT,,https://www.tripadvisor.com/Restaurant_Review-g295424-d7788321-Reviews-Al_Hamidieh-Dubai_Emirate_of_Dubai.html
"RESTAURANTAsia Asia Business Bay4.94.9 of 5 bubbles(621 reviews)Dubai, United Arab Emirates87 mentions of Business Bay""…Business bay was an amazing brunch experience.…""",4.94.9 of 5 bubbles(621 reviews)Dubai,4.94.9 of 5 bubbles(621 reviews)Dubai,,621,RESTAURANT,,https://www.tripadvisor.com/Restaurant_Review-g295424-d24888689-Reviews-Asia_Asia_Business_Bay-Dubai_Emirate_of_Dubai.html
"RESTAURANTOCCO Restaurant - Business Bay5.05 of 5 bubbles(384 reviews)Dubai, United Arab Emirates77 mentions of Business Bay""…OCCO Dubai in Business Bay offers a vibrant dining experience that blends…""",5.05 of 5 bubbles(384 reviews)Dubai,5.05 of 5 bubbles(384 reviews)Dubai,,384,RESTAURANT,,https://www.tripadvisor.com/Restaurant_Review-g295424-d33320602-Reviews-OCCO_Restaurant_Business_Bay-Dubai_Emirate_of_Dubai.html
"RESTAURANTLock, Stock & Barrel Business Bay4.84.8 of 5 bubbles(406 reviews)Dubai, United Arab Emirates57 mentions of Business Bay""…I have a great night in lock stock and barrel business bay nice dj sweet…""",4.84.8 of 5 bubbles(406 reviews)Dubai,4.84.8 of 5 bubbles(406 reviews)Dubai,,406,RESTAURANT,,https://www.tripadvisor.com/Restaurant_Review-g295424-d23528319-Reviews-Lock_Stock_Barrel_Business_Bay-Dubai_Emirate_of_Dubai.html
"RESTAURANTThe Blacksmith Bar & Eatery, Business Bay4.84.8 of 5 bubbles(435 reviews)Dubai, United Arab Emirates30 mentions of Business Bay""…Bay.…""",4.84.8 of 5 bubbles(435 reviews)Dubai,4.84.8 of 5 bubbles(435 reviews)Dubai,,435,RESTAURANT,,https://www.tripadvisor.com/Restaurant_Review-g295424-d24146118-Reviews-The_Blacksmith_Bar_Eatery_Business_Bay-Dubai_Emirate_of_Dubai.html
"RESTAURANTBay City Cafe4.94.9 of 5 bubbles(858 reviews)Pasay, Philippines4 mentions of Business BayConceptualized to compliment the vibrant, fast, and fun lifestyle of the Citadines brand. Executed with the direction of the restaurant focusing on quality and affordable home-cooked meals for our guests and followers. In terms of the cuisine served in the restaurant, it’s a play of both local and international cuisine. An ideal place to go to for grab and go and comfortable dining.",4.94.9 of 5 bubbles(858 reviews)Pasay,4.94.9 of 5 bubbles(858 reviews)Pasay,,858,RESTAURANT,,https://www.tripadvisor.com/Restaurant_Review-g298452-d21334362-Reviews-Bay_City_Cafe-Pasay_Metro_Manila_Luzon.html
"RESTAURANTMatilda Bay Restaurant4.24.2 of 5 bubbles(773 reviews)Crawley, Western Australia, Australia",Western Australia,4.24.2 of 5 bubbles(773 reviews)Crawley,,773,RESTAURANT,,https://www.tripadvisor.com/Restaurant_Review-g12497842-d727086-Reviews-Matilda_Bay_Restaurant-Crawley_Greater_Perth_Western_Australia.html
"RESTAURANTOuzo Bay4.34.3 of 5 bubbles(470 reviews)Baltimore, Maryland9 mentions of Business BayLocated in Harbor East, Ouzo Bay focuses on authentic Greek cuisine, emphasizing the freshest seafood and responsible cuisine. The opulent space offers a full service bar and lounge, as well as an extensive patio with outdoor seating during the Spring and Summer months. The dining room has beautiful views of the Inner Harbor and Baltimore cityscape.",4.34.3 of 5 bubbles(470 reviews)Baltimore,4.34.3 of 5 bubbles(470 reviews)Baltimore,,470,RESTAURANT,,https://www.tripadvisor.com/Restaurant_Review-g60811-d3515017-Reviews-Ouzo_Bay-Baltimore_Maryland.html
"RESTAURANTBay Cafe French Restaurant4.44.4 of 5 bubbles(387 reviews)Fort Walton Beach, Florida",4.44.4 of 5 bubbles(387 reviews)Fort Walton Beach,4.44.4 of 5 bubbles(387 reviews)Fort Walton Beach,,387,RESTAURANT,,https://www.tripadvisor.com/Restaurant_Review-g34234-d1379346-Reviews-Bay_Cafe_French_Restaurant-Fort_Walton_Beach_Florida.html
"RESTAURANTBay Cities Italian Deli4.34.3 of 5 bubbles(349 reviews)Santa Monica, California",4.34.3 of 5 bubbles(349 reviews)Santa Monica,4.34.3 of 5 bubbles(349 reviews)Santa Monica,,349,RESTAURANT,,https://www.tripadvisor.com/Restaurant_Review-g33052-d350092-Reviews-Bay_Cities_Italian_Deli-Santa_Monica_California.html
"RESTAURANTLombardi's On The Bay3.63.6 of 5 bubbles(323 reviews)Patchogue, New York3 mentions of Business BayExperience fine dining with stunning waterfront views at Lombardi's on the Bay. Serving exceptional cuisine and elegant events for over 40 years, this Long Island gem offers unforgettable dining, weddings, and catering with legendary service.",3.63.6 of 5 bubbles(323 reviews)Patchogue,3.63.6 of 5 bubbles(323 reviews)Patchogue,,323,RESTAURANT,,https://www.tripadvisor.com/Restaurant_Review-g60803-d1641829-Reviews-Lombardi_s_On_The_Bay-Patchogue_Long_Island_New_York.html
"RESTAURANTSabai Fine Thai on the Bay4.14.1 of 5 bubbles(287 reviews)Singapore, Singapore",4.14.1 of 5 bubbles(287 reviews)Singapore,4.14.1 of 5 bubbles(287 reviews)Singapore,,287,RESTAURANT,,https://www.tripadvisor.com/Restaurant_Review-g294265-d796817-Reviews-Sabai_Fine_Thai_on_the_Bay-Singapore.html
"RESTAURANTHula Bay Club3.83.8 of 5 bubbles(408 reviews)Tampa, Florida6 mentions of Business BayHula Bay Waterfront Restaurant and Dukes Retired Surfers Bar is located in Tampa, Florida and has been specializing in serving Hawaiian style cuisine for over 17 years. Located directly on the water in the Port 32 Marina, the restaurant features indoor and outdoor seating, two full servers bars, and boat docking. <br /><br />Hula Bay serves lunch and dinner daily and features a wide assortment of menu options for diners to choose from, including a raw bar selections, sushi, appetizers, salads, burgers, sliders, grouper sandwiches, beach tacos, bowls, poke, seafood, chicken and steak entrées and desserts. Featured entrées include smothered fish, kicked up seafood pasta, whole snapper, and a great selection of bowls and poke. Sushi options include speciality rolls like the paradise, hawaiian breeze and king salmon and classic rolls like california, spicy tuna shrimp and tempura rolls. Enjoy the same menu along with live music and great entertainment at Dukes Retired surfers bar down stairs.<br />",3.83.8 of 5 bubbles(408 reviews)Tampa,3.83.8 of 5 bubbles(408 reviews)Tampa,,408,RESTAURANT,,https://www.tripadvisor.com/Restaurant_Review-g34678-d1418995-Reviews-Hula_Bay_Club-Tampa_Florida.html
"RESTAURANTPrickly Bay Marina3.63.6 of 5 bubbles(299 reviews)Grenada, Caribbean3 mentions of Business BayPrickly bay marina is a very busy ,indoor/ outdoor restaurant/bar scene very lively,real mix of locals,cruisers, tourist,and ex-pats. Open 7 days per week 7.30Am until 11pm with later nights.At weekends,live entertainment most nights,see our web site for current events ,or facebook.",3.63.6 of 5 bubbles(299 reviews)Grenada,3.63.6 of 5 bubbles(299 reviews)Grenada,,299,RESTAURANT,,https://www.tripadvisor.com/Restaurant_Review-g147295-d2244558-Reviews-Prickly_Bay_Marina-Grenada.html
"RESTAURANTBlue Sky Bistro4.24.2 of 5 bubbles(438 reviews)Morro Bay, California4 mentions of Business BayBlue Sky Bistro is a waterfront seafood restaurant in San Luis Obispo County's Morro Bay, CA, serving fresh local catches for breakfast, lunch, and dinner. Enjoy casual coastal dining with stunning bay views at Marina Square on the Embarcadero.",4.24.2 of 5 bubbles(438 reviews)Morro Bay,4.24.2 of 5 bubbles(438 reviews)Morro Bay,,438,RESTAURANT,,https://www.tripadvisor.com/Restaurant_Review-g32746-d838615-Reviews-Blue_Sky_Bistro-Morro_Bay_San_Luis_Obispo_County_California.html
"RESTAURANTBay Funktion4.54.5 of 5 bubbles(172 reviews)Streaky Bay, South Australia, Australia",South Australia,4.54.5 of 5 bubbles(172 reviews)Streaky Bay,,172,RESTAURANT,,https://www.tripadvisor.com/Restaurant_Review-g499731-d7368913-Reviews-Bay_Funktion-Streaky_Bay_South_Australia.html
"RESTAURANTCJ's Beach House3.63.6 of 5 bubbles(308 reviews)Birch Bay, Washington",3.63.6 of 5 bubbles(308 reviews)Birch Bay,3.63.6 of 5 bubbles(308 reviews)Birch Bay,,308,RESTAURANT,,https://www.tripadvisor.com/Restaurant_Review-g2156340-d3863187-Reviews-CJ_s_Beach_House-Birch_Bay_Washington.html
"RESTAURANTTurtle Bay Manchester Oxford Rd4.44.4 of 5 bubbles(3,343 reviews)Manchester, Greater Manchester, England8 mentions of Business BayAt Turtle Bay, we bring people together over great Caribbean food, rum, and good energy. Savour bold, fresh dishes inspired by the islands, from warming curries to vibrant small plates bursting with flavour. Our iconic jerk pit is where fresh ingredients are marinated for 24 hours in our signature jerk rub, then expertly flame-grilled for that irresistible smoky taste. Whether you're here for a relaxed meal, laid back lunch, or Beach Brunch, every dish is packed with Caribbean spirit. Pair it with our handcrafted rum cocktails - your passport to tropical shores. Step inside and soak up the Caribbean soul.",Greater Manchester,"4.44.4 of 5 bubbles(3, 343 reviews)Manchester",,3343,RESTAURANT,,https://www.tripadvisor.com/Restaurant_Review-g187069-d6648909-Reviews-Turtle_Bay_Manchester_Oxford_Rd-Manchester_Greater_Manchester_England.html
"RESTAURANTCow Bay Marine Pub3.93.9 of 5 bubbles(212 reviews)Cowichan Bay, British Columbia, Canada",British Columbia,3.93.9 of 5 bubbles(212 reviews)Cowichan Bay,,212,RESTAURANT,,https://www.tripadvisor.com/Restaurant_Review-g184844-d2351006-Reviews-Cow_Bay_Marine_Pub-Cowichan_Bay_Cowichan_Valley_Regional_District_Vancouver_Islan.html
"RESTAURANTSammy's Pizza & Italian Restaurant4.24.2 of 5 bubbles(206 reviews)Green Bay, Wisconsin4 mentions of Business BayDiscover a taste of tradition at Sammy's Pizza of Green Bay, a family-owned Italian restaurant serving the community since 1958. Our beloved hometown spot offers a delectable array of pizzas, pastas, and sandwiches. Our timeless recipes and handcrafted approach ensure an authentic experience. Enjoy 14 specialty pizzas, 30 toppings, and the finest Wisconsin-made mozzarella cheese. Join us for a memorable meal where each bite reflects our passion for quality. Visit us today at Sammy's Pizza of Green Bay.",4.24.2 of 5 bubbles(206 reviews)Green Bay,4.24.2 of 5 bubbles(206 reviews)Green Bay,,206,RESTAURANT,,https://www.tripadvisor.com/Restaurant_Review-g59929-d471719-Reviews-Sammy_s_Pizza_Italian_Restaurant-Green_Bay_Wisconsin.html
"RESTAURANTCable Bay Vineyards - Must-Visit Waiheke Winery & Restaurant4.04 of 5 bubbles(1,546 reviews)Oneroa, New Zealand11 mentions of Business BayCable Bay Vineyards is home to the best restaurant on Waiheke Island and one of the island’s top-rated wine tasting experiences. Just 35 minutes from Auckland, we offer award-winning New Zealand wines, exceptional service, and breathtaking views from our vineyard restaurant, where seasonal dishes are crafted using ingredients from our organic gardens, orchards, olive groves, and beehives. Our cellar door provides one of the best wine tastings on Waiheke, where guests can explore our handcrafted wine range in a relaxed, welcoming setting. Whether you're visiting for a long lunch, a romantic escape, or a Waiheke wine tour, Cable Bay is a must-visit destination for food, wine, and views. #BestWaihekeWinery #WaihekeWineTasting #BestRestaurantWaiheke #CableBayVineyards #WaihekeIslandWineries #NZWine #WaihekeWineTour",546 reviews)Oneroa,4.04 of 5 bubbles(1,,1546,RESTAURANT,,https://www.tripadvisor.com/Restaurant_Review-g2630531-d786837-Reviews-Cable_Bay_Vineyards_Must_Visit_Waiheke_Winery_Restaurant-Oneroa_Waiheke_Island_No.html
"RESTAURANTRisen Cafe and Artisanal Bakery - Business Bay4.94.9 of 5 bubbles(63 reviews)Dubai, United Arab Emirates3 mentions of Business Bay""…Bay…""",4.94.9 of 5 bubbles(63 reviews)Dubai,4.94.9 of 5 bubbles(63 reviews)Dubai,,63,RESTAURANT,,https://www.tripadvisor.com/Restaurant_Review-g295424-d24987356-Reviews-Risen_Cafe_and_Artisanal_Bakery_Business_Bay-Dubai_Emirate_of_Dubai.html
"RESTAURANTThe Bay House Restaurant4.24.2 of 5 bubbles(1,111 reviews)Naples, Florida8 mentions of Business BayThe Bay House Restaurant is one of Naples' hidden gems. Located directly on the Cocohatchee River in North Naples, the restaurant offers spectacular waterfront dining and unparalleled views of the Cocohatchee wildlife preserve. Come experience gracious hospitality in an intimate setting exuding Old Florida charm. Outdoor seating is available on the waterfront deck and around the fire pit on the front patio. The cuisine ranges from all types of seafood to Southern-influenced dishes and regional fare. Many of The Bay House's signature dishes include locally-grown and locally-sourced ingredients. Join us for brunch on Sundays, and nightly dinner with live music in the Tavern seven nights a week.",111 reviews)Naples,4.24.2 of 5 bubbles(1,,1111,RESTAURANT,,https://www.tripadvisor.com/Restaurant_Review-g34467-d951137-Reviews-The_Bay_House_Restaurant-Naples_Florida.html
"RESTAURANTTomales Bay Oyster Co.4.54.5 of 5 bubbles(117 reviews)Marshall, California4 mentions of Business BayEst. 1909 California's oldest continuously operating shellfish farm. Tomales Bay Oyster Co. farms and sells Pacific Oysters, Bay Mussels and Manila Clams from Tomales Bay and the Pacific Northwest at our farm-stand location on the shore of Tomales Bay in Marshall CA. Oysters are sold by the dozen or in bags of 50, bring your cooler or re-usable bag to transport the shellfish, ice is included with purchase. TBOC also sells various oyster related sundries like shucking knives, gloves, hot sauce and fresh citrus. Check our website for information on where to go and picnic near our farm. Farm to Table, Sustainable Seafood, Oysters, Clams and Mussels are listed as Best Choices by The Monterey Bay Aquarium Seafood Watch. Why Sustainable Seafood Matters, 70 percent of the Earth's surface is water, yet only about 7 percent of protein consumed by humans comes from the sea. Shellfish are a more sustainable protein source when compared to land based farms. Be happy, eat more shellfish!",4.54.5 of 5 bubbles(117 reviews)Marshall,4.54.5 of 5 bubbles(117 reviews)Marshall,,117,RESTAURANT,,https://www.tripadvisor.com/Restaurant_Review-g32687-d6787211-Reviews-Tomales_Bay_Oyster_Co-Marshall_Marin_County_California.html
"RESTAURANTWidemouth Bay Cafe4.44.4 of 5 bubbles(481 reviews)Bude, Cornwall, England",Cornwall,4.44.4 of 5 bubbles(481 reviews)Bude,,481,RESTAURANT,,https://www.tripadvisor.com/Restaurant_Review-g190804-d5317332-Reviews-Widemouth_Bay_Cafe-Bude_Bude_Stratton_Cornwall_England.html
"RESTAURANTThe Bay4.64.6 of 5 bubbles(140 reviews)Dubai, United Arab Emirates",4.64.6 of 5 bubbles(140 reviews)Dubai,4.64.6 of 5 bubbles(140 reviews)Dubai,,140,RESTAURANT,,https://www.tripadvisor.com/Restaurant_Review-g295424-d15266905-Reviews-The_Bay-Dubai_Emirate_of_Dubai.html
"RESTAURANTThe Bay4.84.8 of 5 bubbles(283 reviews)Ras Al Khaimah, United Arab Emirates",4.84.8 of 5 bubbles(283 reviews)Ras Al Khaimah,4.84.8 of 5 bubbles(283 reviews)Ras Al Khaimah,,283,RESTAURANT,,https://www.tripadvisor.com/Restaurant_Review-g298063-d10617496-Reviews-The_Bay-Ras_Al_Khaimah_Emirate_of_Ras_Al_Khaimah.html
"RESTAURANTBay 13 Brewery And Kitchen4.54.5 of 5 bubbles(47 reviews)Coral Gables, Florida3 mentions of Business BayBay 13 Brewery is an Aussie style brewpub based in our home, the beautiful Coral Gables. Bay 13 is focused on a comfortable environment serving quality beer brewed in-house, quality food with friendly, professional service in a relaxed atmosphere. The beer menu changes regularly showcasing a global offering of beer styles, and including Southern Hemisphere style beers and hops. We also have the largest Australian wine list in the US and a rare and high quality back bar pairing with rotating house cocktails.",4.54.5 of 5 bubbles(47 reviews)Coral Gables,4.54.5 of 5 bubbles(47 reviews)Coral Gables,,47,RESTAURANT,,https://www.tripadvisor.com/Restaurant_Review-g34152-d21074294-Reviews-Bay_13_Brewery_And_Kitchen-Coral_Gables_Florida.html
"RESTAURANTSatori4.24.2 of 5 bubbles(534 reviews)Kalk Bay, South Africa",4.24.2 of 5 bubbles(534 reviews)Kalk Bay,4.24.2 of 5 bubbles(534 reviews)Kalk Bay,,534,RESTAURANT,,https://www.tripadvisor.com/Restaurant_Review-g1788356-d2560612-Reviews-Satori-Kalk_Bay_Western_Cape.html
"RESTAURANTMortimers Restaurant4.84.8 of 5 bubbles(556 reviews)Herne Bay, Kent, England7 mentions of Business BayFacebook: Mortimers Restaurant Instagram:@mortimersrestaurant We are trying to encourage our customers to please book tables in the light of less seating due to recent government guidelines. We appreciate your patience during the Civid-19 pandemic",Kent,4.84.8 of 5 bubbles(556 reviews)Herne Bay,,556,RESTAURANT,,https://www.tripadvisor.com/Restaurant_Review-g503907-d1952947-Reviews-Mortimers_Restaurant-Herne_Bay_Kent_England.html
"RESTAURANTInn At Bay Pointe4.04 of 5 bubbles(283 reviews)Quincy, Massachusetts",4.04 of 5 bubbles(283 reviews)Quincy,4.04 of 5 bubbles(283 reviews)Quincy,,283,RESTAURANT,,https://www.tripadvisor.com/Restaurant_Review-g60710-d467557-Reviews-Inn_At_Bay_Pointe-Quincy_Massachusetts.html
"RESTAURANTYara Jumeirah5.05 of 5 bubbles(2,881 reviews)Dubai, United Arab Emirates445 mentions of Jumeirah""…⭐⭐⭐⭐⭐ Had such a lovely experience at Yara Jumeirah!…""",881 reviews)Dubai,5.05 of 5 bubbles(2,,2881,RESTAURANT,,https://www.tripadvisor.com/Restaurant_Review-g295424-d26551270-Reviews-Yara_Jumeirah-Dubai_Emirate_of_Dubai.html
"RESTAURANTMado Jumeirah4.84.8 of 5 bubbles(562 reviews)Dubai, United Arab Emirates38 mentions of Jumeirah""…I am not being too generous in praising and praising Mado Jumeirah and…""",4.84.8 of 5 bubbles(562 reviews)Dubai,4.84.8 of 5 bubbles(562 reviews)Dubai,,562,RESTAURANT,,https://www.tripadvisor.com/Restaurant_Review-g295424-d10876691-Reviews-Mado_Jumeirah-Dubai_Emirate_of_Dubai.html
"RESTAURANTtashas Jumeirah4.04 of 5 bubbles(274 reviews)Dubai, United Arab Emirates8 mentions of Jumeirah""…I was in Tashas Jumeirah for breakfast and it was amazing, the service…""",4.04 of 5 bubbles(274 reviews)Dubai,4.04 of 5 bubbles(274 reviews)Dubai,,274,RESTAURANT,,https://www.tripadvisor.com/Restaurant_Review-g295424-d7154807-Reviews-Tashas_Jumeirah-Dubai_Emirate_of_Dubai.html
"RESTAURANTAl Nafoorah - Jumeirah Al Qasr4.94.9 of 5 bubbles(911 reviews)Dubai, United Arab Emirates34 mentions of Jumeirah""…Amazing experience at Al Nafoorah - Jumeirah Al Qasr.…""",4.94.9 of 5 bubbles(911 reviews)Dubai,4.94.9 of 5 bubbles(911 reviews)Dubai,,911,RESTAURANT,,https://www.tripadvisor.com/Restaurant_Review-g295424-d23817537-Reviews-Al_Nafoorah_Jumeirah_Al_Qasr-Dubai_Emirate_of_Dubai.html
"RESTAURANTAkasa Jumeirah Bali4.94.9 of 5 bubbles(566 reviews)Pecatu, Indonesia35 mentions of Jumeirah""…We had really great experience on akasa ( jumeirah ) start with very warm…""",4.94.9 of 5 bubbles(566 reviews)Pecatu,4.94.9 of 5 bubbles(566 reviews)Pecatu,,566,RESTAURANT,,https://www.tripadvisor.com/Restaurant_Review-g1380108-d25181518-Reviews-Akasa_Jumeirah_Bali-Pecatu_Bukit_Peninsula_Bali.html
"RESTAURANTAl Nafoorah - Jumeirah Zabeel Saray4.64.6 of 5 bubbles(1,759 reviews)Dubai, United Arab Emirates89 mentions of Jumeirah""…I recommend this lace when you are at Palm Jumeirah.…""",759 reviews)Dubai,4.64.6 of 5 bubbles(1,,1759,RESTAURANT,,https://www.tripadvisor.com/Restaurant_Review-g295424-d2199988-Reviews-Al_Nafoorah_Jumeirah_Zabeel_Saray-Dubai_Emirate_of_Dubai.html
"RESTAURANTThe Hamptons Cafe - Jumeirah Road4.24.2 of 5 bubbles(389 reviews)Dubai, United Arab Emirates33 mentions of Jumeirah""…I planned a baby shower at Hamptons Cafe Jumeirah Island.…""",4.24.2 of 5 bubbles(389 reviews)Dubai,4.24.2 of 5 bubbles(389 reviews)Dubai,,389,RESTAURANT,,https://www.tripadvisor.com/Restaurant_Review-g295424-d6639030-Reviews-The_Hamptons_Cafe_Jumeirah_Road-Dubai_Emirate_of_Dubai.html
"RESTAURANTTrader Vic's Palm Jumeirah4.94.9 of 5 bubbles(490 reviews)Dubai, United Arab Emirates26 mentions of Jumeirah""…First time in Palm Jumeirah branch.…""",4.94.9 of 5 bubbles(490 reviews)Dubai,4.94.9 of 5 bubbles(490 reviews)Dubai,,490,RESTAURANT,,https://www.tripadvisor.com/Restaurant_Review-g295424-d24995393-Reviews-Trader_Vic_s_Palm_Jumeirah-Dubai_Emirate_of_Dubai.html
"RESTAURANTMakifornia - Jumeirah4.94.9 of 5 bubbles(79 reviews)Dubai, United Arab Emirates14 mentions of Jumeirah""…experience to visit this beautiful Asian fusion restaurant located on Jumeirah…""",4.94.9 of 5 bubbles(79 reviews)Dubai,4.94.9 of 5 bubbles(79 reviews)Dubai,,79,RESTAURANT,,https://www.tripadvisor.com/Restaurant_Review-g295424-d26972017-Reviews-Makifornia_Jumeirah-Dubai_Emirate_of_Dubai.html
"RESTAURANTJumeirah Islands Clubhouse4.24.2 of 5 bubbles(101 reviews)Dubai, United Arab Emirates9 mentions of Jumeirah""…some improvement, however the short ribs and Greek salad we had at the Jumeirah…""",4.24.2 of 5 bubbles(101 reviews)Dubai,4.24.2 of 5 bubbles(101 reviews)Dubai,,101,RESTAURANT,,https://www.tripadvisor.com/Restaurant_Review-g295424-d6518109-Reviews-Jumeirah_Islands_Clubhouse-Dubai_Emirate_of_Dubai.html
"RESTAURANTThe Tap House, Palm Jumeirah4.04 of 5 bubbles(263 reviews)Dubai, United Arab Emirates15 mentions of Jumeirah""…Had a delightful dinner at The Tap House, Palm Jumeirah, and it made walking…""",4.04 of 5 bubbles(263 reviews)Dubai,4.04 of 5 bubbles(263 reviews)Dubai,,263,RESTAURANT,,https://www.tripadvisor.com/Restaurant_Review-g295424-d11769311-Reviews-The_Tap_House_Palm_Jumeirah-Dubai_Emirate_of_Dubai.html
"RESTAURANTTent Jumeirah Restaurant3.43.4 of 5 bubbles(105 reviews)Dubai, United Arab Emirates11 mentions of Jumeirah""…seafood above excellent, I recommend everyone to visit this place on Jumeirah…""",3.43.4 of 5 bubbles(105 reviews)Dubai,3.43.4 of 5 bubbles(105 reviews)Dubai,,105,RESTAURANT,,https://www.tripadvisor.com/Restaurant_Review-g295424-d10745692-Reviews-Tent_Jumeirah_Restaurant-Dubai_Emirate_of_Dubai.html
"RESTAURANTBosporus Turkish Cuisine - Jumeirah4.14.1 of 5 bubbles(319 reviews)Dubai, United Arab Emirates23 mentions of Jumeirah""…Good food and friendly service.popped in for something light while in Jumeirah…""",4.14.1 of 5 bubbles(319 reviews)Dubai,4.14.1 of 5 bubbles(319 reviews)Dubai,,319,RESTAURANT,,https://www.tripadvisor.com/Restaurant_Review-g295424-d2536010-Reviews-Bosporus_Turkish_Cuisine_Jumeirah-Dubai_Emirate_of_Dubai.html
"RESTAURANTTimes of Arabia Restaurant - Souk Madinat Jumeirah3.63.6 of 5 bubbles(401 reviews)Dubai, United Arab Emirates28 mentions of Jumeirah""…The restaurant is licensed, serves shisha and boasts views over Madinat Jumeirah.…""",3.63.6 of 5 bubbles(401 reviews)Dubai,3.63.6 of 5 bubbles(401 reviews)Dubai,,401,RESTAURANT,,https://www.tripadvisor.com/Restaurant_Review-g295424-d2192401-Reviews-Times_of_Arabia_Restaurant_Souk_Madinat_Jumeirah-Dubai_Emirate_of_Dubai.html
"RESTAURANTArabian Tea House - Jumeirah Archaeological Site4.94.9 of 5 bubbles(148 reviews)Dubai, United Arab Emirates10 mentions of Jumeirah""…I had dinner with friends at Arabian Tea House in Jumeirah.…""",4.94.9 of 5 bubbles(148 reviews)Dubai,4.94.9 of 5 bubbles(148 reviews)Dubai,,148,RESTAURANT,,https://www.tripadvisor.com/Restaurant_Review-g295424-d20141422-Reviews-Arabian_Tea_House_Jumeirah_Archaeological_Site-Dubai_Emirate_of_Dubai.html
"RESTAURANTBussola at Jumeirah Golf Estates4.74.7 of 5 bubbles(67 reviews)Dubai, United Arab Emirates3 mentions of Jumeirah""…I'm a regular customer at Bussola in Jumeirah Golf Estates.…""",4.74.7 of 5 bubbles(67 reviews)Dubai,4.74.7 of 5 bubbles(67 reviews)Dubai,,67,RESTAURANT,,https://www.tripadvisor.com/Restaurant_Review-g295424-d24176234-Reviews-Bussola_at_Jumeirah_Golf_Estates-Dubai_Emirate_of_Dubai.html
"RESTAURANTAfternoon Tea At Jumeirah Carlton Tower4.94.9 of 5 bubbles(141 reviews)London, England6 mentions of Jumeirah""…Overall, Jumeirah afternoon tea is a winner.…""",4.94.9 of 5 bubbles(141 reviews)London,4.94.9 of 5 bubbles(141 reviews)London,,141,RESTAURANT,,https://www.tripadvisor.com/Restaurant_Review-g186338-d25106994-Reviews-Afternoon_Tea_At_Jumeirah_Carlton_Tower-London_England.html
"RESTAURANTWingstop Jumeirah3.93.9 of 5 bubbles(53 reviews)Dubai, United Arab Emirates2 mentions of Jumeirah""…Jumeirah branch is small but has extended their seats inside a small mall…""",3.93.9 of 5 bubbles(53 reviews)Dubai,3.93.9 of 5 bubbles(53 reviews)Dubai,,53,RESTAURANT,,https://www.tripadvisor.com/Restaurant_Review-g295424-d8299228-Reviews-Wingstop_Jumeirah-Dubai_Emirate_of_Dubai.html
"RESTAURANTThe Noodle House - Palm Jumeirah Mall4.94.9 of 5 bubbles(1,889 reviews)Dubai, United Arab Emirates8 mentions of Jumeirah""…had a great experience at The Noodle House at Palm Jumeirah.…""",889 reviews)Dubai,4.94.9 of 5 bubbles(1,,1889,RESTAURANT,,https://www.tripadvisor.com/Restaurant_Review-g295424-d19315629-Reviews-The_Noodle_House_Palm_Jumeirah_Mall-Dubai_Emirate_of_Dubai.html
"RESTAURANTJumeirah Restaurants4.74.7 of 5 bubbles(13 reviews)Dubai, United Arab Emirates6 mentions of Jumeirah""…We stayed at Jumeirah Zabeel Saray on a half board basis.…""",4.74.7 of 5 bubbles(13 reviews)Dubai,4.74.7 of 5 bubbles(13 reviews)Dubai,,13,RESTAURANT,,https://www.tripadvisor.com/Restaurant_Review-g295424-d8740639-Reviews-Jumeirah_Restaurants-Dubai_Emirate_of_Dubai.html
"RESTAURANTMcCafferty's Jumeirah Village4.74.7 of 5 bubbles(207 reviews)Dubai, United Arab Emirates2 mentions of Jumeirah""…Terrible experience at McCafferty’s Pub Jumeirah Village.…""",4.74.7 of 5 bubbles(207 reviews)Dubai,4.74.7 of 5 bubbles(207 reviews)Dubai,,207,RESTAURANT,,https://www.tripadvisor.com/Restaurant_Review-g295424-d23631944-Reviews-McCafferty_s_Jumeirah_Village-Dubai_Emirate_of_Dubai.html
"RESTAURANTmiyabi sushi Palm Jumeirah4.24.2 of 5 bubbles(61 reviews)Dubai, United Arab Emirates2 mentions of Jumeirah""…Miyabi at the palm jumeirah is my second favourite place as you might have…""",4.24.2 of 5 bubbles(61 reviews)Dubai,4.24.2 of 5 bubbles(61 reviews)Dubai,,61,RESTAURANT,,https://www.tripadvisor.com/Restaurant_Review-g295424-d12266533-Reviews-Miyabi_sushi_Palm_Jumeirah-Dubai_Emirate_of_Dubai.html
"RESTAURANTCircle Café (Jumeirah Islands Pavillion)4.44.4 of 5 bubbles(52 reviews)Dubai, United Arab Emirates2 mentions of Jumeirah""…We ventured to the Circle Cafe Jumeirah Islands branch after a morning…""",4.44.4 of 5 bubbles(52 reviews)Dubai,4.44.4 of 5 bubbles(52 reviews)Dubai,,52,RESTAURANT,,https://www.tripadvisor.com/Restaurant_Review-g295424-d21309007-Reviews-Circle_Cafe_Jumeirah_Islands_Pavillion-Dubai_Emirate_of_Dubai.html
"RESTAURANTThe Jumeirah - Beckton4.54.5 of 5 bubbles(18 reviews)London, England4 mentions of Jumeirah""…I’ve dined at Jumeirah a few times now, and it continues to impress every…""",4.54.5 of 5 bubbles(18 reviews)London,4.54.5 of 5 bubbles(18 reviews)London,,18,RESTAURANT,,https://www.tripadvisor.com/Restaurant_Review-g186338-d29174878-Reviews-The_Jumeirah_Beckton-London_England.html
"RESTAURANTLittle Bangkok Urban Thai Cuisine3.83.8 of 5 bubbles(154 reviews)Dubai, United Arab Emirates3 mentions of Jumeirah""…outside of the restaurant, the beautiful night with the wonderful view of Jumeirah…""",3.83.8 of 5 bubbles(154 reviews)Dubai,3.83.8 of 5 bubbles(154 reviews)Dubai,,154,RESTAURANT,,https://www.tripadvisor.com/Restaurant_Review-g295424-d8740974-Reviews-Little_Bangkok_Urban_Thai_Cuisine-Dubai_Emirate_of_Dubai.html
"RESTAURANTHafız Mustafa 1864 Souk Madinat Jumeirah5.05 of 5 bubbles(25 reviews)Dubai, United Arab Emirates2 mentions of Jumeirah""…Visited Hafiz Mustafa at Souk Madinat Jumeirah — amazing experience!…""",5.05 of 5 bubbles(25 reviews)Dubai,5.05 of 5 bubbles(25 reviews)Dubai,,25,RESTAURANT,,https://www.tripadvisor.com/Restaurant_Review-g295424-d33265337-Reviews-HafIz_Mustafa_1864_Souk_Madinat_Jumeirah-Dubai_Emirate_of_Dubai.html
"RESTAURANTArabian Tea House Restaurant & Cafe - Jumeirah Public Beach4.94.9 of 5 bubbles(19 reviews)Dubai, United Arab Emirates2 mentions of Jumeirah""…beachside shack, it boasts some of the best views (in my opinion) of Jumeirah…""",4.94.9 of 5 bubbles(19 reviews)Dubai,4.94.9 of 5 bubbles(19 reviews)Dubai,,19,RESTAURANT,,https://www.tripadvisor.com/Restaurant_Review-g295424-d23911004-Reviews-Arabian_Tea_House_Restaurant_Cafe_Jumeirah_Public_Beach-Dubai_Emirate_of_Dubai.html
"RESTAURANTBakemart Gourmet Restaurant & Cake Shop, Jumeirah4.34.3 of 5 bubbles(53 reviews)Dubai, United Arab Emirates5 mentions of Jumeirah""…I am a regular to Bakemart, Jumeirah Brunch, usually I am going there…""",4.34.3 of 5 bubbles(53 reviews)Dubai,4.34.3 of 5 bubbles(53 reviews)Dubai,,53,RESTAURANT,,https://www.tripadvisor.com/Restaurant_Review-g295424-d13668695-Reviews-Bakemart_Gourmet_Restaurant_Cake_Shop_Jumeirah-Dubai_Emirate_of_Dubai.html
"RESTAURANTBrunch & Cake Jumeirah Islands4.44.4 of 5 bubbles(52 reviews)Dubai, United Arab Emirates3 mentions of Jumeirah""…Visited Jumeirah islands branch today and had the worst experience ever…""",4.44.4 of 5 bubbles(52 reviews)Dubai,4.44.4 of 5 bubbles(52 reviews)Dubai,,52,RESTAURANT,,https://www.tripadvisor.com/Restaurant_Review-g295424-d23790050-Reviews-Brunch_Cake_Jumeirah_Islands-Dubai_Emirate_of_Dubai.html
"RESTAURANTJust Vegan Jumeirah4.44.4 of 5 bubbles(20 reviews)Dubai, United Arab Emirates2 mentions of Jumeirah""…Visited Just Vegan a hidden gem located in Jumeirah and couldn’t believe…""",4.44.4 of 5 bubbles(20 reviews)Dubai,4.44.4 of 5 bubbles(20 reviews)Dubai,,20,RESTAURANT,,https://www.tripadvisor.com/Restaurant_Review-g295424-d23614784-Reviews-Just_Vegan_Jumeirah-Dubai_Emirate_of_Dubai.html
(9 reviews),Yas Island,,,9,,,https://www.tripadvisor.com/Restaurant_Review-g294013-d25147582-Reviews-Entrecote_Cafe_de_Paris_YAS_Mall-Abu_Dhabi_Emirate_of_Abu_Dhabi.html#REVIEWS
(303 reviews),Yas Island,,,303,,,https://www.tripadvisor.com/Restaurant_Review-g294013-d23929894-Reviews-The_Directors_Club-Abu_Dhabi_Emirate_of_Abu_Dhabi.html#REVIEWS
"(1,809 reviews)",(1,(1,,1809,,,https://www.tripadvisor.com/Restaurant_Review-g294013-d1815043-Reviews-Filini-Abu_Dhabi_Emirate_of_Abu_Dhabi.html#REVIEWS
"(1,279 reviews)",(1,(1,,1279,,,https://www.tripadvisor.com/Restaurant_Review-g294013-d1787335-Reviews-Jing_Asia-Abu_Dhabi_Emirate_of_Abu_Dhabi.html#REVIEWS
(818 reviews),Yas Island,,,818,,,https://www.tripadvisor.com/Restaurant_Review-g294013-d2339080-Reviews-Blue_Grill-Abu_Dhabi_Emirate_of_Abu_Dhabi.html#REVIEWS
(500 reviews),Yas Island,,,500,,,https://www.tripadvisor.com/Restaurant_Review-g294013-d1770498-Reviews-Amici-Abu_Dhabi_Emirate_of_Abu_Dhabi.html#REVIEWS
(331 reviews),Yas Island,,,331,,,https://www.tripadvisor.com/Restaurant_Review-g294013-d2652523-Reviews-Villa_Selene_Restaurant-Abu_Dhabi_Emirate_of_Abu_Dhabi.html#REVIEWS
(349 reviews),Yas Island,,,349,,,https://www.tripadvisor.com/Restaurant_Review-g294013-d2194161-Reviews-Cipriani_Yas_Island-Abu_Dhabi_Emirate_of_Abu_Dhabi.html#REVIEWS
"(1,654 reviews)",(1,(1,,1654,,,https://www.tripadvisor.com/Restaurant_Review-g294013-d2022416-Reviews-Amerigos_Mexican_Bar_Restaurant-Abu_Dhabi_Emirate_of_Abu_Dhabi.html#REVIEWS
"(1,681 reviews)",(1,(1,,1681,,,https://www.tripadvisor.com/Restaurant_Review-g294013-d2454174-Reviews-Y_Bar-Abu_Dhabi_Emirate_of_Abu_Dhabi.html#REVIEWS
"(1,007 reviews)",(1,(1,,1007,,,https://www.tripadvisor.com/Restaurant_Review-g294013-d1600163-Reviews-Choices-Abu_Dhabi_Emirate_of_Abu_Dhabi.html#REVIEWS
(259 reviews),Yas Island,,,259,,,https://www.tripadvisor.com/Restaurant_Review-g294013-d6696390-Reviews-Diablito-Abu_Dhabi_Emirate_of_Abu_Dhabi.html#REVIEWS
"(1,286 reviews)",(1,(1,,1286,,,https://www.tripadvisor.com/Restaurant_Review-g294013-d2337930-Reviews-Stars_N_Bars-Abu_Dhabi_Emirate_of_Abu_Dhabi.html#REVIEWS
(564 reviews),Yas Island,,,564,,,https://www.tripadvisor.com/Restaurant_Review-g294013-d5443815-Reviews-Aquarium_Restaurant_Yas_Marina-Abu_Dhabi_Emirate_of_Abu_Dhabi.html#REVIEWS
(315 reviews),Yas Island,,,315,,,https://www.tripadvisor.com/Restaurant_Review-g294013-d2426424-Reviews-Barouk-Abu_Dhabi_Emirate_of_Abu_Dhabi.html#REVIEWS
(147 reviews),Yas Island,,,147,,,https://www.tripadvisor.com/Restaurant_Review-g294013-d2622700-Reviews-Assymetri-Abu_Dhabi_Emirate_of_Abu_Dhabi.html#REVIEWS
(84 reviews),Yas Island,,,84,,,https://www.tripadvisor.com/Restaurant_Review-g294013-d2386419-Reviews-Il_Podio_at_Ferrari_World-Abu_Dhabi_Emirate_of_Abu_Dhabi.html#REVIEWS
(19 reviews),Yas Island,,,19,,,https://www.tripadvisor.com/Restaurant_Review-g294013-d2167055-Reviews-Mint_Restaurant-Abu_Dhabi_Emirate_of_Abu_Dhabi.html#REVIEWS
(55 reviews),Yas Island,,,55,,,https://www.tripadvisor.com/Restaurant_Review-g294013-d3916858-Reviews-Grid_Kitchen-Abu_Dhabi_Emirate_of_Abu_Dhabi.html#REVIEWS
(135 reviews),Yas Island,,,135,,,https://www.tripadvisor.com/Restaurant_Review-g294013-d3785171-Reviews-Johnny_Rockets-Abu_Dhabi_Emirate_of_Abu_Dhabi.html#REVIEWS
(39 reviews),Yas Island,,,39,,,https://www.tripadvisor.com/Restaurant_Review-g294013-d3917598-Reviews-Vienna_Plaza-Abu_Dhabi_Emirate_of_Abu_Dhabi.html#REVIEWS
(83 reviews),Yas Island,,,83,,,https://www.tripadvisor.com/Restaurant_Review-g294013-d5292564-Reviews-Rozanah_Restaurant-Abu_Dhabi_Emirate_of_Abu_Dhabi.html#REVIEWS
(28 reviews),Yas Island,,,28,,,https://www.tripadvisor.com/Restaurant_Review-g294013-d3916760-Reviews-Aquarius-Abu_Dhabi_Emirate_of_Abu_Dhabi.html#REVIEWS
(30 reviews),Yas Island,,,30,,,https://www.tripadvisor.com/Restaurant_Review-g294013-d3916893-Reviews-Pitstop_Bar-Abu_Dhabi_Emirate_of_Abu_Dhabi.html#REVIEWS
(22 reviews),Yas Island,,,22,,,https://www.tripadvisor.com/Restaurant_Review-g294013-d3917476-Reviews-Shams_Pool_Bar-Abu_Dhabi_Emirate_of_Abu_Dhabi.html#REVIEWS
(18 reviews),Yas Island,,,18,,,https://www.tripadvisor.com/Restaurant_Review-g294013-d3917175-Reviews-Island_Cafe-Abu_Dhabi_Emirate_of_Abu_Dhabi.html#REVIEWS
(13 reviews),Yas Island,,,13,,,https://www.tripadvisor.com/Restaurant_Review-g294013-d3916874-Reviews-Fast_Lane-Abu_Dhabi_Emirate_of_Abu_Dhabi.html#REVIEWS
(4 reviews),Yas Island,,,4,,,https://www.tripadvisor.com/Restaurant_Review-g294013-d3917601-Reviews-Views_Lobby_Lounge-Abu_Dhabi_Emirate_of_Abu_Dhabi.html#REVIEWS
(4 reviews),Yas Island,,,4,,,https://www.tripadvisor.com/Restaurant_Review-g294013-d3924666-Reviews-Pit_Stop-Abu_Dhabi_Emirate_of_Abu_Dhabi.html#REVIEWS
"RESTAURANTSAL Saadiyat Island5.05 of 5 bubbles(480 reviews)Abu Dhabi, United Arab Emirates44 mentions of Saadiyat Island""…We visited SAL Saadiyat Island in February and had a really lovely experience…""",5.05 of 5 bubbles(480 reviews)Abu Dhabi,5.05 of 5 bubbles(480 reviews)Abu Dhabi,,480,RESTAURANT,,https://www.tripadvisor.com/Restaurant_Review-g294013-d27501604-Reviews-SAL_Saadiyat_Island-Abu_Dhabi_Emirate_of_Abu_Dhabi.html
"RESTAURANTCafé Ginori Saadiyat Island4.94.9 of 5 bubbles(42 reviews)Abu Dhabi, United Arab Emirates3 mentions of Saadiyat Island""…island.…""",4.94.9 of 5 bubbles(42 reviews)Abu Dhabi,4.94.9 of 5 bubbles(42 reviews)Abu Dhabi,,42,RESTAURANT,,https://www.tripadvisor.com/Restaurant_Review-g294013-d33218905-Reviews-Cafe_Ginori_Saadiyat_Island-Abu_Dhabi_Emirate_of_Abu_Dhabi.html
"RESTAURANTAbd El Wahab, Saadiyat Island3.83.8 of 5 bubbles(31 reviews)Abu Dhabi, United Arab Emirates3 mentions of Saadiyat Island""…Regis, Saadiyat Island, meaning that you need your own transport to get…""",3.83.8 of 5 bubbles(31 reviews)Abu Dhabi,3.83.8 of 5 bubbles(31 reviews)Abu Dhabi,,31,RESTAURANT,,https://www.tripadvisor.com/Restaurant_Review-g294013-d8547153-Reviews-Abd_El_Wahab_Saadiyat_Island-Abu_Dhabi_Emirate_of_Abu_Dhabi.html
"RESTAURANTNurai Island4.54.5 of 5 bubbles(66 reviews)Abu Dhabi, United Arab Emirates",4.54.5 of 5 bubbles(66 reviews)Abu Dhabi,4.54.5 of 5 bubbles(66 reviews)Abu Dhabi,,66,RESTAURANT,,https://www.tripadvisor.com/Restaurant_Review-g294013-d7616186-Reviews-Nurai_Island-Abu_Dhabi_Emirate_of_Abu_Dhabi.html
"RESTAURANTMajlis Saadiyat3.83.8 of 5 bubbles(17 reviews)Abu Dhabi, United Arab Emirates",3.83.8 of 5 bubbles(17 reviews)Abu Dhabi,3.83.8 of 5 bubbles(17 reviews)Abu Dhabi,,17,RESTAURANT,,https://www.tripadvisor.com/Restaurant_Review-g294013-d15199148-Reviews-Majlis_Saadiyat-Abu_Dhabi_Emirate_of_Abu_Dhabi.html
"RESTAURANTMediterraneo Dine & Wine4.94.9 of 5 bubbles(1,026 reviews)Hvar, Croatia",026 reviews)Hvar,4.94.9 of 5 bubbles(1,,1026,RESTAURANT,,https://www.tripadvisor.com/Restaurant_Review-g303808-d23411829-Reviews-Mediterraneo_Dine_Wine-Hvar_Hvar_Island_Split_Dalmatia_County_Dalmatia.html
"RESTAURANTMr. Wong4.44.4 of 5 bubbles(4,422 reviews)Sydney, New South Wales, Australia",New South Wales,"4.44.4 of 5 bubbles(4, 422 reviews)Sydney",,4422,RESTAURANT,,https://www.tripadvisor.com/Restaurant_Review-g255060-d3294245-Reviews-Mr_Wong-Sydney_New_South_Wales.html
"RESTAURANTLimoncello4.54.5 of 5 bubbles(3,001 reviews)Costa Adeje, Tenerife, Spain",Tenerife,"4.54.5 of 5 bubbles(3, 001 reviews)Costa Adeje",,3001,RESTAURANT,,https://www.tripadvisor.com/Restaurant_Review-g662606-d13145326-Reviews-Limoncello-Costa_Adeje_Adeje_Tenerife_Canary_Islands.html
"RESTAURANTNour4.84.8 of 5 bubbles(1,228 reviews)Sydney, New South Wales, Australia",New South Wales,"4.84.8 of 5 bubbles(1, 228 reviews)Sydney",,1228,RESTAURANT,,https://www.tripadvisor.com/Restaurant_Review-g255060-d11686953-Reviews-Nour-Sydney_New_South_Wales.html
"RESTAURANTLOA4.84.8 of 5 bubbles(2,922 reviews)St. Paul's Bay, Malta",922 reviews)St. Paul's Bay,4.84.8 of 5 bubbles(2,,2922,RESTAURANT,,https://www.tripadvisor.com/Restaurant_Review-g608946-d23967516-Reviews-LOA-St_Paul_s_Bay_Island_of_Malta.html
"RESTAURANTSails Restaurant4.84.8 of 5 bubbles(2,305 reviews)Auckland Central, New Zealand",305 reviews)Auckland Central,4.84.8 of 5 bubbles(2,,2305,RESTAURANT,,https://www.tripadvisor.com/Restaurant_Review-g255106-d725114-Reviews-Sails_Restaurant-Auckland_Central_North_Island.html
"RESTAURANTLa Yola Restaurant4.84.8 of 5 bubbles(2,410 reviews)Punta Cana, Dominican Republic",410 reviews)Punta Cana,4.84.8 of 5 bubbles(2,,2410,RESTAURANT,,https://www.tripadvisor.com/Restaurant_Review-g147293-d1050063-Reviews-La_Yola_Restaurant-Punta_Cana_La_Altagracia_Province_Dominican_Republic.html
"RESTAURANTCa's Patro March3.83.8 of 5 bubbles(1,234 reviews)Deia, Majorca, Spain",Majorca,"3.83.8 of 5 bubbles(1, 234 reviews)Deia",,1234,RESTAURANT,,https://www.tripadvisor.com/Restaurant_Review-g580297-d2272640-Reviews-Ca_s_Patro_March-Deia_Majorca_Balearic_Islands.html
"RESTAURANTAki4.84.8 of 5 bubbles(5,645 reviews)Valletta, Malta",645 reviews)Valletta,4.84.8 of 5 bubbles(5,,5645,RESTAURANT,,https://www.tripadvisor.com/Restaurant_Review-g190328-d19980894-Reviews-Aki-Valletta_Island_of_Malta.html
"RESTAURANTFinn’s Seafood Chops & Cocktails4.54.5 of 5 bubbles(941 reviews)Victoria, British Columbia, Canada",British Columbia,4.54.5 of 5 bubbles(941 reviews)Victoria,,941,RESTAURANT,,https://www.tripadvisor.com/Restaurant_Review-g154945-d12722769-Reviews-Finn_s_Seafood_Chops_Cocktails-Victoria_Victoria_Capital_Regional_District_Vanco.html
"RESTAURANTHarvest Buffet Sydney4.54.5 of 5 bubbles(1,646 reviews)Sydney, New South Wales, Australia",New South Wales,"4.54.5 of 5 bubbles(1, 646 reviews)Sydney",,1646,RESTAURANT,,https://www.tripadvisor.com/Restaurant_Review-g255060-d947527-Reviews-Harvest_Buffet_Sydney-Sydney_New_South_Wales.html
"RESTAURANTJoe's Stone Crab4.34.3 of 5 bubbles(8,574 reviews)Miami Beach, Florida",574 reviews)Miami Beach,4.34.3 of 5 bubbles(8,,8574,RESTAURANT,,https://www.tripadvisor.com/Restaurant_Review-g34439-d465680-Reviews-Joe_s_Stone_Crab-Miami_Beach_Florida.html
"RESTAURANTFifty Nine Republic4.74.7 of 5 bubbles(1,685 reviews)Valletta, Malta",685 reviews)Valletta,4.74.7 of 5 bubbles(1,,1685,RESTAURANT,,https://www.tripadvisor.com/Restaurant_Review-g190328-d13218881-Reviews-Fifty_Nine_Republic-Valletta_Island_of_Malta.html
"RESTAURANTIL Terrazzo Ristorante4.64.6 of 5 bubbles(4,524 reviews)Victoria, British Columbia, Canada",British Columbia,"4.64.6 of 5 bubbles(4, 524 reviews)Victoria",,4524,RESTAURANT,,https://www.tripadvisor.com/Restaurant_Review-g154945-d947775-Reviews-IL_Terrazzo_Ristorante-Victoria_Victoria_Capital_Regional_District_Vancouver_Islan.html
"RESTAURANTThe Mooring Seafood Kitchen & Bar4.44.4 of 5 bubbles(3,807 reviews)Newport, Rhode Island",807 reviews)Newport,4.44.4 of 5 bubbles(3,,3807,RESTAURANT,,https://www.tripadvisor.com/Restaurant_Review-g60978-d443165-Reviews-The_Mooring_Seafood_Kitchen_Bar-Newport_Rhode_Island.html
"RESTAURANTFergburger4.44.4 of 5 bubbles(15,390 reviews)Queenstown, New Zealand",390 reviews)Queenstown,4.44.4 of 5 bubbles(15,,15390,RESTAURANT,,https://www.tripadvisor.com/Restaurant_Review-g255122-d1102295-Reviews-Fergburger-Queenstown_Otago_Region_South_Island.html
"RESTAURANTMassimo Restaurant4.64.6 of 5 bubbles(766 reviews)Providence, Rhode Island",4.64.6 of 5 bubbles(766 reviews)Providence,4.64.6 of 5 bubbles(766 reviews)Providence,,766,RESTAURANT,,https://www.tripadvisor.com/Restaurant_Review-g60946-d10319224-Reviews-Massimo_Restaurant-Providence_Rhode_Island.html
"RESTAURANTGenghis Khan Grill4.84.8 of 5 bubbles(1,088 reviews)La Caleta, Tenerife, Spain",Tenerife,"4.84.8 of 5 bubbles(1, 088 reviews)La Caleta",,1088,RESTAURANT,,https://www.tripadvisor.com/Restaurant_Review-g796999-d24156227-Reviews-Genghis_Khan_Grill-La_Caleta_Costa_Adeje_Adeje_Tenerife_Canary_Islands.html
"RESTAURANTCaffe Milano Miami Beach4.34.3 of 5 bubbles(1,995 reviews)Miami Beach, Florida",995 reviews)Miami Beach,4.34.3 of 5 bubbles(1,,1995,RESTAURANT,,https://www.tripadvisor.com/Restaurant_Review-g34439-d466628-Reviews-Caffe_Milano_Miami_Beach-Miami_Beach_Florida.html
"RESTAURANTGalyn's4.34.3 of 5 bubbles(3,293 reviews)Bar Harbor, Maine",293 reviews)Bar Harbor,4.34.3 of 5 bubbles(3,,3293,RESTAURANT,,https://www.tripadvisor.com/Restaurant_Review-g60709-d401663-Reviews-Galyn_s-Bar_Harbor_Mount_Desert_Island_Maine.html
"RESTAURANTLa Sandwicherie Miami Beach4.54.5 of 5 bubbles(2,496 reviews)Miami Beach, Florida",496 reviews)Miami Beach,4.54.5 of 5 bubbles(2,,2496,RESTAURANT,,https://www.tripadvisor.com/Restaurant_Review-g34439-d493706-Reviews-La_Sandwicherie_Miami_Beach-Miami_Beach_Florida.html
"RESTAURANTFish At The Rocks4.54.5 of 5 bubbles(1,693 reviews)Sydney, New South Wales, Australia",New South Wales,"4.54.5 of 5 bubbles(1, 693 reviews)Sydney",,1693,RESTAURANT,,https://www.tripadvisor.com/Restaurant_Review-g255060-d757102-Reviews-Fish_At_The_Rocks-Sydney_New_South_Wales.html
"RESTAURANTWaterman Grille4.64.6 of 5 bubbles(755 reviews)Providence, Rhode Island",4.64.6 of 5 bubbles(755 reviews)Providence,4.64.6 of 5 bubbles(755 reviews)Providence,,755,RESTAURANT,,https://www.tripadvisor.com/Restaurant_Review-g60946-d385329-Reviews-Waterman_Grille-Providence_Rhode_Island.html
"RESTAURANTShed 5 Restaurant & Bar4.44.4 of 5 bubbles(1,629 reviews)Wellington, New Zealand",629 reviews)Wellington,4.44.4 of 5 bubbles(1,,1629,RESTAURANT,,https://www.tripadvisor.com/Restaurant_Review-g255115-d725371-Reviews-Shed_5_Restaurant_Bar-Wellington_Greater_Wellington_North_Island.html
"RESTAURANTAsteras Greek Taverna4.64.6 of 5 bubbles(1,388 reviews)Nanaimo, British Columbia, Canada",British Columbia,"4.64.6 of 5 bubbles(1, 388 reviews)Nanaimo",,1388,RESTAURANT,,https://www.tripadvisor.com/Restaurant_Review-g154935-d1188633-Reviews-Asteras_Greek_Taverna-Nanaimo_Vancouver_Island_British_Columbia.html
(208 reviews),Ajman,,,208,,,https://www.tripadvisor.com/Restaurant_Review-g298060-d26859011-Reviews-Souryana_Restaurant_And_Cafe-Ajman_Emirate_of_Ajman.html#REVIEWS
(596 reviews),Ajman,,,596,,,https://www.tripadvisor.com/Restaurant_Review-g298060-d23686972-Reviews-Viking_Restaurant-Ajman_Emirate_of_Ajman.html#REVIEWS
(526 reviews),Ajman,,,526,,,https://www.tripadvisor.com/Restaurant_Review-g298060-d14020040-Reviews-Seascape_Restaurant-Ajman_Emirate_of_Ajman.html#REVIEWS
(207 reviews),Ajman,,,207,,,https://www.tripadvisor.com/Restaurant_Review-g298060-d2451949-Reviews-Cafe_Naseem-Ajman_Emirate_of_Ajman.html#REVIEWS
(402 reviews),Ajman,,,402,,,https://www.tripadvisor.com/Restaurant_Review-g298060-d1866415-Reviews-Bukhara-Ajman_Emirate_of_Ajman.html#REVIEWS
(30 reviews),Ajman,,,30,,,https://www.tripadvisor.com/Restaurant_Review-g298060-d27979744-Reviews-Tandoori_Flames_Restaurant_And_Cafe-Ajman_Emirate_of_Ajman.html#REVIEWS
(235 reviews),Ajman,,,235,,,https://www.tripadvisor.com/Restaurant_Review-g298060-d4340103-Reviews-King_s_Grill-Ajman_Emirate_of_Ajman.html#REVIEWS
(65 reviews),Ajman,,,65,,,https://www.tripadvisor.com/Restaurant_Review-g298060-d10468574-Reviews-Kiyi_Restaurant-Ajman_Emirate_of_Ajman.html#REVIEWS
(30 reviews),Ajman,,,30,,,https://www.tripadvisor.com/Restaurant_Review-g298060-d14106542-Reviews-Vinesse_Restaurant-Ajman_Emirate_of_Ajman.html#REVIEWS
(16 reviews),Ajman,,,16,,,https://www.tripadvisor.com/Restaurant_Review-g298060-d17420501-Reviews-Aquario-Ajman_Emirate_of_Ajman.html#REVIEWS
(10 reviews),Ajman,,,10,,,https://www.tripadvisor.com/Restaurant_Review-g298060-d15080026-Reviews-The_Deck_Pool_Bar_Grill-Ajman_Emirate_of_Ajman.html#REVIEWS
(1 review),Ajman,,,1,,,https://www.tripadvisor.com/Restaurant_Review-g298060-d34293663-Reviews-Aihlaa_Mahashi_Cafeteria-Ajman_Emirate_of_Ajman.html#REVIEWS
(6 reviews),Ajman,,,6,,,https://www.tripadvisor.com/Restaurant_Review-g298060-d13008509-Reviews-Thanani-Ajman_Emirate_of_Ajman.html#REVIEWS
(1 review),Ajman,,,1,,,https://www.tripadvisor.com/Restaurant_Review-g298060-d14006566-Reviews-Delhi_Nihari_Restaurant-Ajman_Emirate_of_Ajman.html#REVIEWS
(139 reviews),Ajman,,,139,,,https://www.tripadvisor.com/Restaurant_Review-g298060-d17326399-Reviews-Mazaj_Bar_Shisha_Lounge-Ajman_Emirate_of_Ajman.html#REVIEWS
(378 reviews),Ajman,,,378,,,https://www.tripadvisor.com/Restaurant_Review-g298060-d5308442-Reviews-Dragon_s_Place-Ajman_Emirate_of_Ajman.html#REVIEWS
(258 reviews),Ajman,,,258,,,https://www.tripadvisor.com/Restaurant_Review-g298060-d3917940-Reviews-Zanzi_Bar-Ajman_Emirate_of_Ajman.html#REVIEWS
(60 reviews),Ajman,,,60,,,https://www.tripadvisor.com/Restaurant_Review-g298060-d8742787-Reviews-Danial_Restaurant-Ajman_Emirate_of_Ajman.html#REVIEWS
(40 reviews),Ajman,,,40,,,https://www.tripadvisor.com/Restaurant_Review-g298060-d16788070-Reviews-The_Grove-Ajman_Emirate_of_Ajman.html#REVIEWS
(387 reviews),Ajman,,,387,,,https://www.tripadvisor.com/Restaurant_Review-g298060-d7622954-Reviews-Themar_Al_Bahar_Restaurant-Ajman_Emirate_of_Ajman.html#REVIEWS
(95 reviews),Ajman,,,95,,,https://www.tripadvisor.com/Restaurant_Review-g298060-d7675600-Reviews-Mejhana-Ajman_Emirate_of_Ajman.html#REVIEWS
(28 reviews),Ajman,,,28,,,https://www.tripadvisor.com/Restaurant_Review-g298060-d3917730-Reviews-Cafe_On_First-Ajman_Emirate_of_Ajman.html#REVIEWS
(5 reviews),Ajman,,,5,,,https://www.tripadvisor.com/Restaurant_Review-g298060-d25449570-Reviews-Gerard_Cafe_Marsa_Ajman-Ajman_Emirate_of_Ajman.html#REVIEWS
(7 reviews),Ajman,,,7,,,https://www.tripadvisor.com/Restaurant_Review-g298060-d17755931-Reviews-Malabar_Thattukada-Ajman_Emirate_of_Ajman.html#REVIEWS
(227 reviews),Ajman,,,227,,,https://www.tripadvisor.com/Restaurant_Review-g298060-d7282977-Reviews-Sultan_Saray-Ajman_Emirate_of_Ajman.html#REVIEWS
(129 reviews),Ajman,,,129,,,https://www.tripadvisor.com/Restaurant_Review-g298060-d8652088-Reviews-Bab_Al_Bahr-Ajman_Emirate_of_Ajman.html#REVIEWS
(16 reviews),Ajman,,,16,,,https://www.tripadvisor.com/Restaurant_Review-g298060-d14171753-Reviews-71oz_Steakhouse-Ajman_Emirate_of_Ajman.html#REVIEWS
(39 reviews),Ajman,,,39,,,https://www.tripadvisor.com/Restaurant_Review-g298060-d3917866-Reviews-Orchid_Restaurant-Ajman_Emirate_of_Ajman.html#REVIEWS
(52 reviews),Ajman,,,52,,,https://www.tripadvisor.com/Restaurant_Review-g298060-d11778394-Reviews-Al_Roof_Restaurant_and_Cafe-Ajman_Emirate_of_Ajman.html#REVIEWS
(110 reviews),Ajman,,,110,,,https://www.tripadvisor.com/Restaurant_Review-g298060-d15078053-Reviews-Filini_Bar_Restaurant-Ajman_Emirate_of_Ajman.html#REVIEWS
(53 reviews),Ajman,,,53,,,https://www.tripadvisor.com/Restaurant_Review-g298060-d15213610-Reviews-Larder_Restaurant-Ajman_Emirate_of_Ajman.html#REVIEWS
(20 reviews),Ajman,,,20,,,https://www.tripadvisor.com/Restaurant_Review-g298060-d7255716-Reviews-The_Avenue_Bowling-Ajman_Emirate_of_Ajman.html#REVIEWS
(36 reviews),Ajman,,,36,,,https://www.tripadvisor.com/Restaurant_Review-g298060-d3917809-Reviews-India_House_Restaurant-Ajman_Emirate_of_Ajman.html#REVIEWS
(35 reviews),Ajman,,,35,,,https://www.tripadvisor.com/Restaurant_Review-g298060-d15072571-Reviews-Skazka_Al_Saha_Restaurant-Ajman_Emirate_of_Ajman.html#REVIEWS
(4 reviews),Ajman,,,4,,,https://www.tripadvisor.com/Restaurant_Review-g298060-d23707896-Reviews-Mizuki_Foodbox_Restaurant-Ajman_Emirate_of_Ajman.html#REVIEWS
(23 reviews),Ajman,,,23,,,https://www.tripadvisor.com/Restaurant_Review-g298060-d15697037-Reviews-Xolo_Sports_Bar-Ajman_Emirate_of_Ajman.html#REVIEWS
(11 reviews),Ajman,,,11,,,https://www.tripadvisor.com/Restaurant_Review-g298060-d12298916-Reviews-Sindh_Shahbaz_Restaurant-Ajman_Emirate_of_Ajman.html#REVIEWS
(39 reviews),Ajman,,,39,,,https://www.tripadvisor.com/Restaurant_Review-g298060-d10304009-Reviews-Impero_restaurant-Ajman_Emirate_of_Ajman.html#REVIEWS
(141 reviews),Ajman,,,141,,,https://www.tripadvisor.com/Restaurant_Review-g298060-d8000259-Reviews-Safi_Steakhouse-Ajman_Emirate_of_Ajman.html#REVIEWS
"(2,057 reviews)",(2,(2,,2057,,,https://www.tripadvisor.com/Restaurant_Review-g298063-d4610687-Reviews-Lexington_Grill_Bar-Ras_Al_Khaimah_Emirate_of_Ras_Al_Khaimah.html#REVIEWS
"(1,298 reviews)",(1,(1,,1298,,,https://www.tripadvisor.com/Restaurant_Review-g298063-d23509344-Reviews-Claw_Bbq_Rak-Ras_Al_Khaimah_Emirate_of_Ras_Al_Khaimah.html#REVIEWS
(910 reviews),Ras Al Khaimah,,,910,,,https://www.tripadvisor.com/Restaurant_Review-g298063-d23785141-Reviews-Karma_by_Buddha_Bar_RAK-Ras_Al_Khaimah_Emirate_of_Ras_Al_Khaimah.html#REVIEWS
"(1,260 reviews)",(1,(1,,1260,,,https://www.tripadvisor.com/Restaurant_Review-g298063-d24132155-Reviews-Ula_Beach_RAK-Ras_Al_Khaimah_Emirate_of_Ras_Al_Khaimah.html#REVIEWS
"(1,495 reviews)",(1,(1,,1495,,,https://www.tripadvisor.com/Restaurant_Review-g298063-d3724104-Reviews-Basilico-Ras_Al_Khaimah_Emirate_of_Ras_Al_Khaimah.html#REVIEWS
"(1,696 reviews)",(1,(1,,1696,,,https://www.tripadvisor.com/Restaurant_Review-g298063-d12701848-Reviews-Sanchaya-Ras_Al_Khaimah_Emirate_of_Ras_Al_Khaimah.html#REVIEWS
"(1,179 reviews)",(1,(1,,1179,,,https://www.tripadvisor.com/Restaurant_Review-g298063-d7028345-Reviews-Umi-Ras_Al_Khaimah_Emirate_of_Ras_Al_Khaimah.html#REVIEWS
(240 reviews),Ras Al Khaimah,,,240,,,https://www.tripadvisor.com/Restaurant_Review-g298063-d23774080-Reviews-Vida_Churascaria_Bar-Ras_Al_Khaimah_Emirate_of_Ras_Al_Khaimah.html#REVIEWS
(255 reviews),Ras Al Khaimah,,,255,,,https://www.tripadvisor.com/Restaurant_Review-g298063-d13891035-Reviews-Shore_House-Ras_Al_Khaimah_Emirate_of_Ras_Al_Khaimah.html#REVIEWS
"(1,019 reviews)",(1,(1,,1019,,,https://www.tripadvisor.com/Restaurant_Review-g298063-d23761234-Reviews-Levant_Nar-Ras_Al_Khaimah_Emirate_of_Ras_Al_Khaimah.html#REVIEWS
(942 reviews),Ras Al Khaimah,,,942,,,https://www.tripadvisor.com/Restaurant_Review-g298063-d23761279-Reviews-Saffar_Restaurant-Ras_Al_Khaimah_Emirate_of_Ras_Al_Khaimah.html#REVIEWS
"(1,077 reviews)",(1,(1,,1077,,,https://www.tripadvisor.com/Restaurant_Review-g298063-d3920265-Reviews-Azure-Ras_Al_Khaimah_Emirate_of_Ras_Al_Khaimah.html#REVIEWS
(296 reviews),Ras Al Khaimah,,,296,,,https://www.tripadvisor.com/Restaurant_Review-g298063-d8552829-Reviews-Camelia-Ras_Al_Khaimah_Emirate_of_Ras_Al_Khaimah.html#REVIEWS
(714 reviews),Ras Al Khaimah,,,714,,,https://www.tripadvisor.com/Restaurant_Review-g298063-d3926929-Reviews-Breeze-Ras_Al_Khaimah_Emirate_of_Ras_Al_Khaimah.html#REVIEWS
"(1,773 reviews)",(1,(1,,1773,,,https://www.tripadvisor.com/Restaurant_Review-g298063-d7619379-Reviews-Zaitouna-Ras_Al_Khaimah_Emirate_of_Ras_Al_Khaimah.html#REVIEWS
(403 reviews),Ras Al Khaimah,,,403,,,https://www.tripadvisor.com/Restaurant_Review-g298063-d13223620-Reviews-Farmhouse_By_Syrco-Ras_Al_Khaimah_Emirate_of_Ras_Al_Khaimah.html#REVIEWS
"(1,121 reviews)",(1,(1,,1121,,,https://www.tripadvisor.com/Restaurant_Review-g298063-d2530842-Reviews-Piaceri_Da_Gustare-Ras_Al_Khaimah_Emirate_of_Ras_Al_Khaimah.html#REVIEWS
(595 reviews),Ras Al Khaimah,,,595,,,https://www.tripadvisor.com/Restaurant_Review-g298063-d6558627-Reviews-Brasserie-Ras_Al_Khaimah_Emirate_of_Ras_Al_Khaimah.html#REVIEWS
(236 reviews),Ras Al Khaimah,,,236,,,https://www.tripadvisor.com/Restaurant_Review-g298063-d8361048-Reviews-Meat_Point-Ras_Al_Khaimah_Emirate_of_Ras_Al_Khaimah.html#REVIEWS
(37 reviews),Ras Al Khaimah,,,37,,,https://www.tripadvisor.com/Restaurant_Review-g298063-d30766651-Reviews-Le_Bistro_Restaurant-Ras_Al_Khaimah_Emirate_of_Ras_Al_Khaimah.html#REVIEWS
"(1,081 reviews)",(1,(1,,1081,,,https://www.tripadvisor.com/Restaurant_Review-g298063-d12825527-Reviews-Meze-Ras_Al_Khaimah_Emirate_of_Ras_Al_Khaimah.html#REVIEWS
(567 reviews),Ras Al Khaimah,,,567,,,https://www.tripadvisor.com/Restaurant_Review-g298063-d13482233-Reviews-SOL_Beach_Lounge_Bar-Ras_Al_Khaimah_Emirate_of_Ras_Al_Khaimah.html#REVIEWS
(283 reviews),Ras Al Khaimah,,,283,,,https://www.tripadvisor.com/Restaurant_Review-g298063-d10617496-Reviews-The_Bay-Ras_Al_Khaimah_Emirate_of_Ras_Al_Khaimah.html#REVIEWS
"(1,020 reviews)",(1,(1,,1020,,,https://www.tripadvisor.com/Restaurant_Review-g298063-d6486992-Reviews-Al_Marjan_Restaurant-Ras_Al_Khaimah_Emirate_of_Ras_Al_Khaimah.html#REVIEWS
(532 reviews),Ras Al Khaimah,,,532,,,https://www.tripadvisor.com/Restaurant_Review-g298063-d25286509-Reviews-Boons_Brasserie_Bar-Ras_Al_Khaimah_Emirate_of_Ras_Al_Khaimah.html#REVIEWS
(548 reviews),Ras Al Khaimah,,,548,,,https://www.tripadvisor.com/Restaurant_Review-g298063-d3926927-Reviews-Breakers_Beach_Bar_Lounge-Ras_Al_Khaimah_Emirate_of_Ras_Al_Khaimah.html#REVIEWS
(165 reviews),Ras Al Khaimah,,,165,,,https://www.tripadvisor.com/Restaurant_Review-g298063-d6676986-Reviews-Al_Liwan-Ras_Al_Khaimah_Emirate_of_Ras_Al_Khaimah.html#REVIEWS
(262 reviews),Ras Al Khaimah,,,262,,,https://www.tripadvisor.com/Restaurant_Review-g298063-d8297865-Reviews-Seven_Heights-Ras_Al_Khaimah_Emirate_of_Ras_Al_Khaimah.html#REVIEWS
(161 reviews),Ras Al Khaimah,,,161,,,https://www.tripadvisor.com/Restaurant_Review-g298063-d24022643-Reviews-Sunset_Beach_Lounge-Ras_Al_Khaimah_Emirate_of_Ras_Al_Khaimah.html#REVIEWS
"(1,530 reviews)",(1,(1,,1530,,,https://www.tripadvisor.com/Restaurant_Review-g298063-d21284938-Reviews-1484_By_Puro-Ras_Al_Khaimah_Emirate_of_Ras_Al_Khaimah.html#REVIEWS
(256 reviews),Ras Al Khaimah,,,256,,,https://www.tripadvisor.com/Restaurant_Review-g298063-d33027131-Reviews-Orda_Restaurant_Grill_Ras_Al_khaimah-Ras_Al_Khaimah_Emirate_of_Ras_Al_Khaimah.html#REVIEWS
"(1,041 reviews)",(1,(1,,1041,,,https://www.tripadvisor.com/Restaurant_Review-g298063-d6558628-Reviews-Vespa_Ristorante-Ras_Al_Khaimah_Emirate_of_Ras_Al_Khaimah.html#REVIEWS
"(1,146 reviews)",(1,(1,,1146,,,https://www.tripadvisor.com/Restaurant_Review-g298063-d3418310-Reviews-Cinnamon_Restaurant-Ras_Al_Khaimah_Emirate_of_Ras_Al_Khaimah.html#REVIEWS
(656 reviews),Ras Al Khaimah,,,656,,,https://www.tripadvisor.com/Restaurant_Review-g298063-d3927077-Reviews-Sunset_Bar-Ras_Al_Khaimah_Emirate_of_Ras_Al_Khaimah.html#REVIEWS
(284 reviews),Ras Al Khaimah,,,284,,,https://www.tripadvisor.com/Restaurant_Review-g298063-d21335809-Reviews-Thai_Gate-Ras_Al_Khaimah_Emirate_of_Ras_Al_Khaimah.html#REVIEWS
(126 reviews),Ras Al Khaimah,,,126,,,https://www.tripadvisor.com/Restaurant_Review-g298063-d25286512-Reviews-Neo_Sky_Bar-Ras_Al_Khaimah_Emirate_of_Ras_Al_Khaimah.html#REVIEWS
(426 reviews),Ras Al Khaimah,,,426,,,https://www.tripadvisor.com/Restaurant_Review-g298063-d23761245-Reviews-Noho_Bar_Grill-Ras_Al_Khaimah_Emirate_of_Ras_Al_Khaimah.html#REVIEWS
Cafteria Felafel Abu Naeem,Ras Al Khaimah,,,0,,,https://www.tripadvisor.com/Restaurant_Review-g298063-d6681537-Reviews-Cafteria_Felafel_Abu_Naeem-Ras_Al_Khaimah_Emirate_of_Ras_Al_Khaimah.html
(270 reviews),Fujairah,,,270,,,https://www.tripadvisor.com/Restaurant_Review-g311321-d23591385-Reviews-Steki-Fujairah_Emirate_of_Fujairah.html#REVIEWS
(248 reviews),Fujairah,,,248,,,https://www.tripadvisor.com/Restaurant_Review-g311321-d2562714-Reviews-Alnouman_Restaurant-Fujairah_Emirate_of_Fujairah.html#REVIEWS
(277 reviews),Fujairah,,,277,,,https://www.tripadvisor.com/Restaurant_Review-g311321-d17434182-Reviews-Bahari_Bar_grill-Fujairah_Emirate_of_Fujairah.html#REVIEWS
(439 reviews),Fujairah,,,439,,,https://www.tripadvisor.com/Restaurant_Review-g311321-d3921164-Reviews-Gonu_Bar_Grill-Fujairah_Emirate_of_Fujairah.html#REVIEWS
(44 reviews),Fujairah,,,44,,,https://www.tripadvisor.com/Restaurant_Review-g311321-d28641452-Reviews-L_Atelier-Fujairah_Emirate_of_Fujairah.html#REVIEWS
(127 reviews),Fujairah,,,127,,,https://www.tripadvisor.com/Restaurant_Review-g311321-d12434157-Reviews-THE_BOOKSTORE_FUJAIRAH-Fujairah_Emirate_of_Fujairah.html#REVIEWS
(111 reviews),Fujairah,,,111,,,https://www.tripadvisor.com/Restaurant_Review-g311321-d19796557-Reviews-The_Orangery-Fujairah_Emirate_of_Fujairah.html#REVIEWS
(241 reviews),Fujairah,,,241,,,https://www.tripadvisor.com/Restaurant_Review-g311321-d10165625-Reviews-Sensasia_Miramar_Al_Aqah_Beach_Resort-Fujairah_Emirate_of_Fujairah.html#REVIEWS
(75 reviews),Fujairah,,,75,,,https://www.tripadvisor.com/Restaurant_Review-g311321-d25569184-Reviews-SALiA_Seafood_Grill-Fujairah_Emirate_of_Fujairah.html#REVIEWS
(3 reviews),Fujairah,,,3,,,https://www.tripadvisor.com/Restaurant_Review-g311321-d10040419-Reviews-Patatello_Cafe-Fujairah_Emirate_of_Fujairah.html#REVIEWS
(220 reviews),Fujairah,,,220,,,https://www.tripadvisor.com/Restaurant_Review-g311321-d3505446-Reviews-Taste_Indo_Thai_Restaurant-Fujairah_Emirate_of_Fujairah.html#REVIEWS
(58 reviews),Fujairah,,,58,,,https://www.tripadvisor.com/Restaurant_Review-g311321-d21056856-Reviews-Estacoza-Fujairah_Emirate_of_Fujairah.html#REVIEWS
(285 reviews),Fujairah,,,285,,,https://www.tripadvisor.com/Restaurant_Review-g311321-d1891614-Reviews-Al_Meshwar_Restaurant-Fujairah_Emirate_of_Fujairah.html#REVIEWS
(23 reviews),Fujairah,,,23,,,https://www.tripadvisor.com/Restaurant_Review-g311321-d17720885-Reviews-Emirates_Sea_Restaurant_Khorfakkan_Beach-Fujairah_Emirate_of_Fujairah.html#REVIEWS
(8 reviews),Fujairah,,,8,,,https://www.tripadvisor.com/Restaurant_Review-g311321-d23967565-Reviews-Golden_Fork_Lulu_Mall_Fujairah-Fujairah_Emirate_of_Fujairah.html#REVIEWS
(29 reviews),Fujairah,,,29,,,https://www.tripadvisor.com/Restaurant_Review-g311321-d16814751-Reviews-Asmak_AlBahar_Fish_Restaurant-Fujairah_Emirate_of_Fujairah.html#REVIEWS
(58 reviews),Fujairah,,,58,,,https://www.tripadvisor.com/Restaurant_Review-g311321-d3921143-Reviews-Caliente_Cafe-Fujairah_Emirate_of_Fujairah.html#REVIEWS
(67 reviews),Fujairah,,,67,,,https://www.tripadvisor.com/Restaurant_Review-g311321-d2457295-Reviews-Sadaf_Restaurant_Fujairah-Fujairah_Emirate_of_Fujairah.html#REVIEWS
(33 reviews),Fujairah,,,33,,,https://www.tripadvisor.com/Restaurant_Review-g311321-d27155160-Reviews-Naseem_Beirut_Restaurant-Fujairah_Emirate_of_Fujairah.html#REVIEWS
(91 reviews),Fujairah,,,91,,,https://www.tripadvisor.com/Restaurant_Review-g311321-d7294521-Reviews-McGettigan_s_FJR-Fujairah_Emirate_of_Fujairah.html#REVIEWS
(41 reviews),Fujairah,,,41,,,https://www.tripadvisor.com/Restaurant_Review-g311321-d16696906-Reviews-The_Sailors_Restaurant-Fujairah_Emirate_of_Fujairah.html#REVIEWS
(327 reviews),Fujairah,,,327,,,https://www.tripadvisor.com/Restaurant_Review-g311321-d2490570-Reviews-Sapore-Fujairah_Emirate_of_Fujairah.html#REVIEWS
(155 reviews),Fujairah,,,155,,,https://www.tripadvisor.com/Restaurant_Review-g311321-d3921128-Reviews-Baywatch_Pool_Bar-Fujairah_Emirate_of_Fujairah.html#REVIEWS
(12 reviews),Fujairah,,,12,,,https://www.tripadvisor.com/Restaurant_Review-g311321-d33155583-Reviews-Al_Barari_Restaurant_Fujairah-Fujairah_Emirate_of_Fujairah.html#REVIEWS
(19 reviews),Fujairah,,,19,,,https://www.tripadvisor.com/Restaurant_Review-g311321-d26687159-Reviews-Amwa_Restaurant-Fujairah_Emirate_of_Fujairah.html#REVIEWS
(8 reviews),Fujairah,,,8,,,https://www.tripadvisor.com/Restaurant_Review-g311321-d12861352-Reviews-Shan_E_Pakistan-Fujairah_Emirate_of_Fujairah.html#REVIEWS
(38 reviews),Fujairah,,,38,,,https://www.tripadvisor.com/Restaurant_Review-g311321-d7060687-Reviews-Sports_Lounge-Fujairah_Emirate_of_Fujairah.html#REVIEWS
(139 reviews),Fujairah,,,139,,,https://www.tripadvisor.com/Restaurant_Review-g311321-d3921255-Reviews-Views_Restaurant-Fujairah_Emirate_of_Fujairah.html#REVIEWS
(40 reviews),Fujairah,,,40,,,https://www.tripadvisor.com/Restaurant_Review-g311321-d13199675-Reviews-Mado_Fujairah-Fujairah_Emirate_of_Fujairah.html#REVIEWS
(33 reviews),Fujairah,,,33,,,https://www.tripadvisor.com/Restaurant_Review-g311321-d3921097-Reviews-Al_Majlis-Fujairah_Emirate_of_Fujairah.html#REVIEWS
(41 reviews),Fujairah,,,41,,,https://www.tripadvisor.com/Restaurant_Review-g311321-d3921106-Reviews-Masala-Fujairah_Emirate_of_Fujairah.html#REVIEWS
(2 reviews),Fujairah,,,2,,,https://www.tripadvisor.com/Restaurant_Review-g311321-d23765714-Reviews-The_Bar-Fujairah_Emirate_of_Fujairah.html#REVIEWS
(5 reviews),Fujairah,,,5,,,https://www.tripadvisor.com/Restaurant_Review-g311321-d16759086-Reviews-The_Salad_Bar-Fujairah_Emirate_of_Fujairah.html#REVIEWS
(240 reviews),Khor Fakkan,,,240,,,https://www.tripadvisor.com/Restaurant_Review-g3814830-d27515405-Reviews-Thai_Gate_Khorfakkan-Khor_Fakkan_Emirate_of_Sharjah.html#REVIEWS
(6 reviews),Khor Fakkan,,,6,,,https://www.tripadvisor.com/Restaurant_Review-g3814830-d23115982-Reviews-Shi_Cafe-Khor_Fakkan_Emirate_of_Sharjah.html#REVIEWS
(1 review),Khor Fakkan,,,1,,,https://www.tripadvisor.com/Restaurant_Review-g3814830-d32809629-Reviews-Chefchaouen_Restaurant_Bakery-Khor_Fakkan_Emirate_of_Sharjah.html#REVIEWS
(3 reviews),Khor Fakkan,,,3,,,https://www.tripadvisor.com/Restaurant_Review-g3814830-d32980300-Reviews-Huff_Puff_Burger-Khor_Fakkan_Emirate_of_Sharjah.html#REVIEWS
(4 reviews),Khor Fakkan,,,4,,,https://www.tripadvisor.com/Restaurant_Review-g3814830-d23082441-Reviews-Eastern_Lantern_REST-Khor_Fakkan_Emirate_of_Sharjah.html#REVIEWS
(10 reviews),Khor Fakkan,,,10,,,https://www.tripadvisor.com/Restaurant_Review-g3814830-d23574973-Reviews-Babu_Town_Restaurant-Khor_Fakkan_Emirate_of_Sharjah.html#REVIEWS
(1 review),Khor Fakkan,,,1,,,https://www.tripadvisor.com/Restaurant_Review-g3814830-d23707373-Reviews-Bahaar_Cafe-Khor_Fakkan_Emirate_of_Sharjah.html#REVIEWS
(1 review),Khor Fakkan,,,1,,,https://www.tripadvisor.com/Restaurant_Review-g3814830-d23622948-Reviews-Starbucks-Khor_Fakkan_Emirate_of_Sharjah.html#REVIEWS
(0 reviews),Khor Fakkan,,,0,,,https://www.tripadvisor.com/Restaurant_Review-g3814830-d23908866-Reviews-Sushi_Station_Cafe-Khor_Fakkan_Emirate_of_Sharjah.html#REVIEWS
(0 reviews),Khor Fakkan,,,0,,,https://www.tripadvisor.com/Restaurant_Review-g3814830-d22952221-Reviews-Omar_Basa_Turkish_Restaurant-Khor_Fakkan_Emirate_of_Sharjah.html#REVIEWS
(0 reviews),Khor Fakkan,,,0,,,https://www.tripadvisor.com/Restaurant_Review-g3814830-d33960294-Reviews-Wishi_restaurant_Najd_Almaqsar_hotel-Khor_Fakkan_Emirate_of_Sharjah.html#REVIEWS
(0 reviews),Khor Fakkan,,,0,,,https://www.tripadvisor.com/Restaurant_Review-g3814830-d18379928-Reviews-Kullaj_Omar_UAE-Khor_Fakkan_Emirate_of_Sharjah.html#REVIEWS
(0 reviews),Khor Fakkan,,,0,,,https://www.tripadvisor.com/Restaurant_Review-g3814830-d26356657-Reviews-Sweet_Roll-Khor_Fakkan_Emirate_of_Sharjah.html#REVIEWS
(15 reviews),Jebel Ali,,,15,,,https://www.tripadvisor.com/Restaurant_Review-g672742-d25175488-Reviews-Masha_and_the_Bear-Jebel_Ali_Emirate_of_Dubai.html#REVIEWS
(37 reviews),Jebel Ali,,,37,,,https://www.tripadvisor.com/Restaurant_Review-g672742-d23631744-Reviews-McCafferty_s_Al_Furjan-Jebel_Ali_Emirate_of_Dubai.html#REVIEWS
(27 reviews),Jebel Ali,,,27,,,https://www.tripadvisor.com/Restaurant_Review-g672742-d25342603-Reviews-JA_TAMR_La_Terrace-Jebel_Ali_Emirate_of_Dubai.html#REVIEWS
(3 reviews),Jebel Ali,,,3,,,https://www.tripadvisor.com/Restaurant_Review-g672742-d32999047-Reviews-Exotic_Shoreline_Restaurant-Jebel_Ali_Emirate_of_Dubai.html#REVIEWS
(5 reviews),Jebel Ali,,,5,,,https://www.tripadvisor.com/Restaurant_Review-g672742-d9715632-Reviews-McDonald_s-Jebel_Ali_Emirate_of_Dubai.html#REVIEWS
(12 reviews),Jebel Ali,,,12,,,https://www.tripadvisor.com/Restaurant_Review-g672742-d23755541-Reviews-Tiki_Parrilla-Jebel_Ali_Emirate_of_Dubai.html#REVIEWS
(2 reviews),Jebel Ali,,,2,,,https://www.tripadvisor.com/Restaurant_Review-g672742-d19913775-Reviews-Hot_Plate-Jebel_Ali_Emirate_of_Dubai.html#REVIEWS
(3 reviews),Jebel Ali,,,3,,,https://www.tripadvisor.com/Restaurant_Review-g672742-d15095590-Reviews-Gabbar_s_Grill-Jebel_Ali_Emirate_of_Dubai.html#REVIEWS
(2 reviews),Jebel Ali,,,2,,,https://www.tripadvisor.com/Restaurant_Review-g672742-d23757893-Reviews-Tiki_Parrilla-Jebel_Ali_Emirate_of_Dubai.html#REVIEWS
(0 reviews),Jebel Ali,,,0,,,https://www.tripadvisor.com/Restaurant_Review-g672742-d20313491-Reviews-Ship_s_Wheel-Jebel_Ali_Emirate_of_Dubai.html#REVIEWS
"(1,476 reviews)",(1,(1,,1476,,,https://www.tripadvisor.com/Restaurant_Review-g1940497-d7841569-Reviews-Bait_Al_Luban-Muscat_Muscat_Governorate.html#REVIEWS
"(1,122 reviews)",(1,(1,,1122,,,https://www.tripadvisor.com/Restaurant_Review-g1940497-d19979571-Reviews-Ba_Ban-Muscat_Muscat_Governorate.html#REVIEWS
(401 reviews),Mussafah,,,401,,,https://www.tripadvisor.com/Restaurant_Review-g1940497-d2025936-Reviews-Al_Jood-Muscat_Muscat_Governorate.html#REVIEWS
"(1,354 reviews)",(1,(1,,1354,,,https://www.tripadvisor.com/Restaurant_Review-g1940497-d17424878-Reviews-Wet_Deck-Muscat_Muscat_Governorate.html#REVIEWS
"(1,008 reviews)",(1,(1,,1008,,,https://www.tripadvisor.com/Restaurant_Review-g1940497-d3912651-Reviews-Al_Khiran_Kitchen-Muscat_Muscat_Governorate.html#REVIEWS
"(1,629 reviews)",(1,(1,,1629,,,https://www.tripadvisor.com/Restaurant_Review-g1940497-d11816922-Reviews-Courtyard-Muscat_Muscat_Governorate.html#REVIEWS
"(1,262 reviews)",(1,(1,,1262,,,https://www.tripadvisor.com/Restaurant_Review-g1940497-d17579187-Reviews-CHAR-Muscat_Muscat_Governorate.html#REVIEWS
(408 reviews),Mussafah,,,408,,,https://www.tripadvisor.com/Restaurant_Review-g1940497-d13497004-Reviews-Takara-Muscat_Muscat_Governorate.html#REVIEWS
(285 reviews),Mussafah,,,285,,,https://www.tripadvisor.com/Restaurant_Review-g1940497-d13503938-Reviews-Mosaic_At_Crowne_Plaza_Muscat_Ocec-Muscat_Muscat_Governorate.html#REVIEWS
(549 reviews),Mussafah,,,549,,,https://www.tripadvisor.com/Restaurant_Review-g1940497-d32888059-Reviews-Shiraz_Restaurant_Crowne_Plaza_Muscat-Muscat_Muscat_Governorate.html#REVIEWS
(371 reviews),Mussafah,,,371,,,https://www.tripadvisor.com/Restaurant_Review-g1940497-d5503516-Reviews-The_Restaurant-Muscat_Muscat_Governorate.html#REVIEWS
"(1,477 reviews)",(1,(1,,1477,,,https://www.tripadvisor.com/Restaurant_Review-g1940497-d2460392-Reviews-Trader_Vic_s_at_InterContinental_Muscat-Muscat_Muscat_Governorate.html#REVIEWS
(654 reviews),Mussafah,,,654,,,https://www.tripadvisor.com/Restaurant_Review-g1940497-d4039698-Reviews-Tomato_Restaurant_InterContinental_Muscat-Muscat_Muscat_Governorate.html#REVIEWS
(102 reviews),Mussafah,,,102,,,https://www.tripadvisor.com/Restaurant_Review-g1940497-d17612801-Reviews-Le_Petit_Belge_at_Crowne_Plaza_Muscat_OCEC-Muscat_Muscat_Governorate.html#REVIEWS
(194 reviews),Mussafah,,,194,,,https://www.tripadvisor.com/Restaurant_Review-g1940497-d4238865-Reviews-Al_Ghazal_Pub-Muscat_Muscat_Governorate.html#REVIEWS
(136 reviews),Mussafah,,,136,,,https://www.tripadvisor.com/Restaurant_Review-g1940497-d7766222-Reviews-Omede_Restaurant_Lounge-Muscat_Muscat_Governorate.html#REVIEWS
(195 reviews),Mussafah,,,195,,,https://www.tripadvisor.com/Restaurant_Review-g1940497-d20057207-Reviews-Kitchen_7-Muscat_Muscat_Governorate.html#REVIEWS
(155 reviews),Mussafah,,,155,,,https://www.tripadvisor.com/Restaurant_Review-g1940497-d19268488-Reviews-Rozna_Restaurant-Muscat_Muscat_Governorate.html#REVIEWS
"(1,018 reviews)",(1,(1,,1018,,,https://www.tripadvisor.com/Restaurant_Review-g1940497-d4731723-Reviews-The_Pavilion-Muscat_Muscat_Governorate.html#REVIEWS
(484 reviews),Mussafah,,,484,,,https://www.tripadvisor.com/Restaurant_Review-g1940497-d20057198-Reviews-Butter_Buns-Muscat_Muscat_Governorate.html#REVIEWS
(907 reviews),Mussafah,,,907,,,https://www.tripadvisor.com/Restaurant_Review-g1940497-d11816900-Reviews-Asado_South_American_Steakhouse-Muscat_Muscat_Governorate.html#REVIEWS
(593 reviews),Mussafah,,,593,,,https://www.tripadvisor.com/Restaurant_Review-g1940497-d5503511-Reviews-Come_Prima-Muscat_Muscat_Governorate.html#REVIEWS
(98 reviews),Mussafah,,,98,,,https://www.tripadvisor.com/Restaurant_Review-g1940497-d27981636-Reviews-Sawa_Lounge-Muscat_Muscat_Governorate.html#REVIEWS
(403 reviews),Mussafah,,,403,,,https://www.tripadvisor.com/Restaurant_Review-g1940497-d1791195-Reviews-China_Mood-Muscat_Muscat_Governorate.html#REVIEWS
(402 reviews),Mussafah,,,402,,,https://www.tripadvisor.com/Restaurant_Review-g1940497-d23424090-Reviews-Ramssa_Restaurant-Muscat_Muscat_Governorate.html#REVIEWS
(956 reviews),Mussafah,,,956,,,https://www.tripadvisor.com/Restaurant_Review-g1940497-d5503515-Reviews-Duke_s-Muscat_Muscat_Governorate.html#REVIEWS
"(1,056 reviews)",(1,(1,,1056,,,https://www.tripadvisor.com/Restaurant_Review-g1940497-d17424863-Reviews-Siddharta_Lounge_by_Buddha_Bar-Muscat_Muscat_Governorate.html#REVIEWS
(444 reviews),Mussafah,,,444,,,https://www.tripadvisor.com/Restaurant_Review-g1940497-d3458809-Reviews-Sultanah-Muscat_Muscat_Governorate.html#REVIEWS
(205 reviews),Mussafah,,,205,,,https://www.tripadvisor.com/Restaurant_Review-g1940497-d23819500-Reviews-Cowboy_Steakhouse_18th_November_St-Muscat_Muscat_Governorate.html#REVIEWS
(706 reviews),Mussafah,,,706,,,https://www.tripadvisor.com/Restaurant_Review-g1940497-d1453269-Reviews-Ubhar-Muscat_Muscat_Governorate.html#REVIEWS
(719 reviews),Mussafah,,,719,,,https://www.tripadvisor.com/Restaurant_Review-g1940497-d3958283-Reviews-Al_Tanoor-Muscat_Muscat_Governorate.html#REVIEWS
(612 reviews),Mussafah,,,612,,,https://www.tripadvisor.com/Restaurant_Review-g1940497-d3599596-Reviews-Bait_Al_Bahr-Muscat_Muscat_Governorate.html#REVIEWS
(254 reviews),Mussafah,,,254,,,https://www.tripadvisor.com/Restaurant_Review-g1940497-d10895111-Reviews-Twins_Turkish_Cuisine-Muscat_Muscat_Governorate.html#REVIEWS
(103 reviews),Mussafah,,,103,,,https://www.tripadvisor.com/Restaurant_Review-g1940497-d27714544-Reviews-Zorba-Muscat_Muscat_Governorate.html#REVIEWS
(93 reviews),Mussafah,,,93,,,https://www.tripadvisor.com/Restaurant_Review-g1940497-d28659972-Reviews-Em_Sherif_Oman-Muscat_Muscat_Governorate.html#REVIEWS
(669 reviews),Mussafah,,,669,,,https://www.tripadvisor.com/Restaurant_Review-g1940497-d15338801-Reviews-BLU_Pool_Garden_Bar-Muscat_Muscat_Governorate.html#REVIEWS
(505 reviews),Mussafah,,,505,,,https://www.tripadvisor.com/Restaurant_Review-g1940497-d14027796-Reviews-Bukhara_Restaurant-Muscat_Muscat_Governorate.html#REVIEWS
(332 reviews),Mussafah,,,332,,,https://www.tripadvisor.com/Restaurant_Review-g1940497-d19094936-Reviews-Huqqa-Muscat_Muscat_Governorate.html#REVIEWS
(238 reviews),Mussafah,,,238,,,https://www.tripadvisor.com/Restaurant_Review-g1940497-d19398836-Reviews-The_Kitchen-Muscat_Muscat_Governorate.html#REVIEWS
"(1,023 reviews)",(1,(1,,1023,,,https://www.tripadvisor.com/Restaurant_Review-g1940497-d17424874-Reviews-Harvest-Muscat_Muscat_Governorate.html#REVIEWS
(438 reviews),Mussafah,,,438,,,https://www.tripadvisor.com/Restaurant_Review-g1940497-d7615803-Reviews-The_Edge-Muscat_Muscat_Governorate.html#REVIEWS
(231 reviews),Mussafah,,,231,,,https://www.tripadvisor.com/Restaurant_Review-g1940497-d23964199-Reviews-Cowboy_Steakhouse_Mall_Of_Oman-Muscat_Muscat_Governorate.html#REVIEWS
(833 reviews),Mussafah,,,833,,,https://www.tripadvisor.com/Restaurant_Review-g1940497-d17424886-Reviews-Living_Room-Muscat_Muscat_Governorate.html#REVIEWS
(128 reviews),Mussafah,,,128,,,https://www.tripadvisor.com/Restaurant_Review-g1940497-d27994309-Reviews-Essenza-Muscat_Muscat_Governorate.html#REVIEWS
(357 reviews),Mussafah,,,357,,,https://www.tripadvisor.com/Restaurant_Review-g1940497-d2256965-Reviews-Tokyo_Taro_Restaurant-Muscat_Muscat_Governorate.html#REVIEWS
(43 reviews),Mussafah,,,43,,,https://www.tripadvisor.com/Restaurant_Review-g1940497-d24064777-Reviews-Akiko-Muscat_Muscat_Governorate.html#REVIEWS
The Atrium Tea Lounge,Mussafah,,,0,,,https://www.tripadvisor.com/Restaurant_Review-g1940497-d23505879-Reviews-The_Atrium_Tea_Lounge-Muscat_Muscat_Governorate.html
(10 reviews),Kalba,,,10,,,https://www.tripadvisor.com/Restaurant_Review-g1137990-d27419127-Reviews-Two_In_One_Restaurant-Kalba_Emirate_of_Sharjah.html#REVIEWS
(16 reviews),Kalba,,,16,,,https://www.tripadvisor.com/Restaurant_Review-g1137990-d9808343-Reviews-Fen_Cafe_Restaurant-Kalba_Emirate_of_Sharjah.html#REVIEWS
(10 reviews),Kalba,,,10,,,https://www.tripadvisor.com/Restaurant_Review-g1137990-d25048762-Reviews-Karak_Snack-Kalba_Emirate_of_Sharjah.html#REVIEWS
(1 review),Kalba,,,1,,,https://www.tripadvisor.com/Restaurant_Review-g1137990-d27951959-Reviews-Simuli_Restaurant-Kalba_Emirate_of_Sharjah.html#REVIEWS
(8 reviews),Kalba,,,8,,,https://www.tripadvisor.com/Restaurant_Review-g1137990-d17700559-Reviews-Falafel_Al_Nile_Kalba-Kalba_Emirate_of_Sharjah.html#REVIEWS
(5 reviews),Kalba,,,5,,,https://www.tripadvisor.com/Restaurant_Review-g1137990-d13478615-Reviews-Saraya_Coffee_Roasters-Kalba_Emirate_of_Sharjah.html#REVIEWS
(1 review),Kalba,,,1,,,https://www.tripadvisor.com/Restaurant_Review-g1137990-d25454916-Reviews-Tara_Cafe_Restaurant-Kalba_Emirate_of_Sharjah.html#REVIEWS
(0 reviews),Kalba,,,0,,,https://www.tripadvisor.com/Restaurant_Review-g1137990-d17701446-Reviews-Falafel_Al_Nile-Kalba_Emirate_of_Sharjah.html#REVIEWS
(7 reviews),Kalba,,,7,,,https://www.tripadvisor.com/Restaurant_Review-g1137990-d25232686-Reviews-Minibox_Restaurant-Kalba_Emirate_of_Sharjah.html#REVIEWS
(1 review),Kalba,,,1,,,https://www.tripadvisor.com/Restaurant_Review-g1137990-d29016143-Reviews-Al_Fay_Cafe-Kalba_Emirate_of_Sharjah.html#REVIEWS
(0 reviews),Kalba,,,0,,,https://www.tripadvisor.com/Restaurant_Review-g1137990-d21084173-Reviews-Al_Yaqoot_Restaurant_Kalba-Kalba_Emirate_of_Sharjah.html#REVIEWS
(1 review),Kalba,,,1,,,https://www.tripadvisor.com/Restaurant_Review-g1137990-d12067765-Reviews-Food_Corner_Restaurant_Al_Nahda-Kalba_Emirate_of_Sharjah.html#REVIEWS
(0 reviews),Kalba,,,0,,,https://www.tripadvisor.com/Restaurant_Review-g1137990-d25317587-Reviews-TammCafe_restaurant-Kalba_Emirate_of_Sharjah.html#REVIEWS
(0 reviews),Kalba,,,0,,,https://www.tripadvisor.com/Restaurant_Review-g1137990-d25215452-Reviews-Mini_Box_Restaurant_Kalba-Kalba_Emirate_of_Sharjah.html#REVIEWS
(0 reviews),Kalba,,,0,,,https://www.tripadvisor.com/Restaurant_Review-g1137990-d10640026-Reviews-Zaleej_icepops-Kalba_Emirate_of_Sharjah.html#REVIEWS
(0 reviews),Kalba,,,0,,,https://www.tripadvisor.com/Restaurant_Review-g1137990-d34087006-Reviews-Wahat_alzafran_nuts-Kalba_Emirate_of_Sharjah.html#REVIEWS
(289 reviews),Dibba Al Fujairah,,,289,,,https://www.tripadvisor.com/Restaurant_Review-g1028283-d21320003-Reviews-Turtle_Beach_Restaurant_Bar-Dibba_Al_Fujairah_Emirate_of_Fujairah.html#REVIEWS
(73 reviews),Dibba Al Fujairah,,,73,,,https://www.tripadvisor.com/Restaurant_Review-g1028283-d10802096-Reviews-Al_Nuaman_Restaurant_L_L_C_1-Dibba_Al_Fujairah_Emirate_of_Fujairah.html#REVIEWS
(161 reviews),Dibba Al Fujairah,,,161,,,https://www.tripadvisor.com/Restaurant_Review-g1028283-d12310835-Reviews-The_Copper_Lobster-Dibba_Al_Fujairah_Emirate_of_Fujairah.html#REVIEWS
(30 reviews),Dibba Al Fujairah,,,30,,,https://www.tripadvisor.com/Restaurant_Review-g1028283-d23293705-Reviews-Lava_Dining-Dibba_Al_Fujairah_Emirate_of_Fujairah.html#REVIEWS
(73 reviews),Dibba Al Fujairah,,,73,,,https://www.tripadvisor.com/Restaurant_Review-g1028283-d15336339-Reviews-Canvas-Dibba_Al_Fujairah_Emirate_of_Fujairah.html#REVIEWS
(7 reviews),Dibba Al Fujairah,,,7,,,https://www.tripadvisor.com/Restaurant_Review-g1028283-d18191158-Reviews-Sushi_Saito_Restaurant-Dibba_Al_Fujairah_Emirate_of_Fujairah.html#REVIEWS
(6 reviews),Dibba Al Fujairah,,,6,,,https://www.tripadvisor.com/Restaurant_Review-g1028283-d32896129-Reviews-Al_Zahara_Traditional_Kitchen_L_l_c-Dibba_Al_Fujairah_Emirate_of_Fujairah.html#REVIEWS
(7 reviews),Dibba Al Fujairah,,,7,,,https://www.tripadvisor.com/Restaurant_Review-g1028283-d20982055-Reviews-Press_Cafe-Dibba_Al_Fujairah_Emirate_of_Fujairah.html#REVIEWS
(13 reviews),Dibba Al Fujairah,,,13,,,https://www.tripadvisor.com/Restaurant_Review-g1028283-d15759433-Reviews-Wave_Cafe-Dibba_Al_Fujairah_Emirate_of_Fujairah.html#REVIEWS
(28 reviews),Dibba Al Fujairah,,,28,,,https://www.tripadvisor.com/Restaurant_Review-g1028283-d8001278-Reviews-Marina_Restaurant_and_Cafe-Dibba_Al_Fujairah_Emirate_of_Fujairah.html#REVIEWS
(5 reviews),Dibba Al Fujairah,,,5,,,https://www.tripadvisor.com/Restaurant_Review-g1028283-d19638346-Reviews-Priority_Cafe-Dibba_Al_Fujairah_Emirate_of_Fujairah.html#REVIEWS
(7 reviews),Dibba Al Fujairah,,,7,,,https://www.tripadvisor.com/Restaurant_Review-g1028283-d9607819-Reviews-Sky_Burger-Dibba_Al_Fujairah_Emirate_of_Fujairah.html#REVIEWS
(7 reviews),Dibba Al Fujairah,,,7,,,https://www.tripadvisor.com/Restaurant_Review-g1028283-d10044238-Reviews-DR_Cafe-Dibba_Al_Fujairah_Emirate_of_Fujairah.html#REVIEWS
(3 reviews),Dibba Al Fujairah,,,3,,,https://www.tripadvisor.com/Restaurant_Review-g1028283-d15010433-Reviews-Foodtown-Dibba_Al_Fujairah_Emirate_of_Fujairah.html#REVIEWS
(3 reviews),Dibba Al Fujairah,,,3,,,https://www.tripadvisor.com/Restaurant_Review-g1028283-d12831198-Reviews-Kanthari_Chilly-Dibba_Al_Fujairah_Emirate_of_Fujairah.html#REVIEWS
(1 review),Dibba Al Fujairah,,,1,,,https://www.tripadvisor.com/Restaurant_Review-g1028283-d21172450-Reviews-Bab_Al_Bahar_Restaurant-Dibba_Al_Fujairah_Emirate_of_Fujairah.html#REVIEWS
(2 reviews),Dibba Al Fujairah,,,2,,,https://www.tripadvisor.com/Restaurant_Review-g1028283-d4603149-Reviews-Rabee_e_Al_Sham_Pastries-Dibba_Al_Fujairah_Emirate_of_Fujairah.html#REVIEWS
(3 reviews),Dibba Al Fujairah,,,3,,,https://www.tripadvisor.com/Restaurant_Review-g1028283-d1892779-Reviews-The_Gramercy-Dibba_Al_Fujairah_Emirate_of_Fujairah.html#REVIEWS
(0 reviews),Dibba Al Fujairah,,,0,,,https://www.tripadvisor.com/Restaurant_Review-g1028283-d23347633-Reviews-Levelup_Healthy_Food_Restaurant-Dibba_Al_Fujairah_Emirate_of_Fujairah.html#REVIEWS
(0 reviews),Dibba Al Fujairah,,,0,,,https://www.tripadvisor.com/Restaurant_Review-g1028283-d25094781-Reviews-Itlano_Pizza_Pasta_Llc_Dibba_Branch-Dibba_Al_Fujairah_Emirate_of_Fujairah.html#REVIEWS
(0 reviews),Dibba Al Fujairah,,,0,,,https://www.tripadvisor.com/Restaurant_Review-g1028283-d29323708-Reviews-3d_Bites_Restaurant-Dibba_Al_Fujairah_Emirate_of_Fujairah.html#REVIEWS
(0 reviews),Dibba Al Fujairah,,,0,,,https://www.tripadvisor.com/Restaurant_Review-g1028283-d26847431-Reviews-Sushi_Boat_Restaurant-Dibba_Al_Fujairah_Emirate_of_Fujairah.html#REVIEWS
(1 review),Dibba Al Fujairah,,,1,,,https://www.tripadvisor.com/Restaurant_Review-g1028283-d10338518-Reviews-Wadi_Mai_Restaurant-Dibba_Al_Fujairah_Emirate_of_Fujairah.html#REVIEWS
(0 reviews),Dibba Al Fujairah,,,0,,,https://www.tripadvisor.com/Restaurant_Review-g1028283-d23448935-Reviews-Kawai_Uae-Dibba_Al_Fujairah_Emirate_of_Fujairah.html#REVIEWS
(0 reviews),Dibba Al Fujairah,,,0,,,https://www.tripadvisor.com/Restaurant_Review-g1028283-d33441845-Reviews-Al_Nouman_Restaurant_Catering-Dibba_Al_Fujairah_Emirate_of_Fujairah.html#REVIEWS
(0 reviews),Dibba Al Fujairah,,,0,,,https://www.tripadvisor.com/Restaurant_Review-g1028283-d26640236-Reviews-Debonairs_Pizza-Dibba_Al_Fujairah_Emirate_of_Fujairah.html#REVIEWS
(0 reviews),Dibba Al Fujairah,,,0,,,https://www.tripadvisor.com/Restaurant_Review-g1028283-d25367639-Reviews-Seafood_by_Mirage-Dibba_Al_Fujairah_Emirate_of_Fujairah.html#REVIEWS
(0 reviews),Dibba Al Fujairah,,,0,,,https://www.tripadvisor.com/Restaurant_Review-g1028283-d34052625-Reviews-The_Arteasan_Lobby_Lounge-Dibba_Al_Fujairah_Emirate_of_Fujairah.html#REVIEWS
(0 reviews),Dibba Al Fujairah,,,0,,,https://www.tripadvisor.com/Restaurant_Review-g1028283-d20137962-Reviews-Big_Burger-Dibba_Al_Fujairah_Emirate_of_Fujairah.html#REVIEWS
(0 reviews),Dibba Al Fujairah,,,0,,,https://www.tripadvisor.com/Restaurant_Review-g1028283-d34299307-Reviews-Wave_Cafe_Restaurant-Dibba_Al_Fujairah_Emirate_of_Fujairah.html#REVIEWS
(0 reviews),Dibba Al Fujairah,,,0,,,https://www.tripadvisor.com/Restaurant_Review-g1028283-d25284293-Reviews-Popular_Kitchen_Atayb-Dibba_Al_Fujairah_Emirate_of_Fujairah.html#REVIEWS
(0 reviews),Dibba Al Fujairah,,,0,,,https://www.tripadvisor.com/Restaurant_Review-g1028283-d19463799-Reviews-Burger_House-Dibba_Al_Fujairah_Emirate_of_Fujairah.html#REVIEWS
(56 reviews),Hatta,,,56,,,https://www.tripadvisor.com/Restaurant_Review-g736302-d23239200-Reviews-Alhajarain_Restaurant-Hatta_Emirate_of_Dubai.html#REVIEWS
(17 reviews),Hatta,,,17,,,https://www.tripadvisor.com/Restaurant_Review-g736302-d14010678-Reviews-Tanoor_Lahm_Restaurant-Hatta_Emirate_of_Dubai.html#REVIEWS
(83 reviews),Hatta,,,83,,,https://www.tripadvisor.com/Restaurant_Review-g736302-d2663059-Reviews-Cafe_Gazebo-Hatta_Emirate_of_Dubai.html#REVIEWS
(26 reviews),Hatta,,,26,,,https://www.tripadvisor.com/Restaurant_Review-g736302-d23969069-Reviews-Janam_Restaurant-Hatta_Emirate_of_Dubai.html#REVIEWS
(5 reviews),Hatta,,,5,,,https://www.tripadvisor.com/Restaurant_Review-g736302-d25195317-Reviews-Janam_Restaurant_Cafe-Hatta_Emirate_of_Dubai.html#REVIEWS
(13 reviews),Hatta,,,13,,,https://www.tripadvisor.com/Restaurant_Review-g736302-d16708392-Reviews-Afghan_Bukhari_Restaurant-Hatta_Emirate_of_Dubai.html#REVIEWS
(1 review),Hatta,,,1,,,https://www.tripadvisor.com/Restaurant_Review-g736302-d21242590-Reviews-Mountain_Burger-Hatta_Emirate_of_Dubai.html#REVIEWS
(1 review),Hatta,,,1,,,https://www.tripadvisor.com/Restaurant_Review-g736302-d27774535-Reviews-Kebab_Jhany-Hatta_Emirate_of_Dubai.html#REVIEWS
(8 reviews),Hatta,,,8,,,https://www.tripadvisor.com/Restaurant_Review-g736302-d23171663-Reviews-Hatta_Wild_Cafe-Hatta_Emirate_of_Dubai.html#REVIEWS
(2 reviews),Hatta,,,2,,,https://www.tripadvisor.com/Restaurant_Review-g736302-d21389233-Reviews-Seabass-Hatta_Emirate_of_Dubai.html#REVIEWS
(0 reviews),Hatta,,,0,,,https://www.tripadvisor.com/Restaurant_Review-g736302-d23474091-Reviews-Ola_Shisha_Coffee_Shop-Hatta_Emirate_of_Dubai.html#REVIEWS
(1 review),Hatta,,,1,,,https://www.tripadvisor.com/Restaurant_Review-g736302-d21445172-Reviews-Seabass_Sea_Food_Restaurant-Hatta_Emirate_of_Dubai.html#REVIEWS
(0 reviews),Hatta,,,0,,,https://www.tripadvisor.com/Restaurant_Review-g736302-d20481610-Reviews-Black_Rose_Cafe-Hatta_Emirate_of_Dubai.html#REVIEWS
(0 reviews),Hatta,,,0,,,https://www.tripadvisor.com/Restaurant_Review-g736302-d28144151-Reviews-Stones-Hatta_Emirate_of_Dubai.html#REVIEWS
(0 reviews),Hatta,,,0,,,https://www.tripadvisor.com/Restaurant_Review-g736302-d21297550-Reviews-Bite_Custom_Meal-Hatta_Emirate_of_Dubai.html#REVIEWS
(0 reviews),Hatta,,,0,,,https://www.tripadvisor.com/Restaurant_Review-g736302-d23717700-Reviews-Saad_Broasted-Hatta_Emirate_of_Dubai.html#REVIEWS
(0 reviews),Hatta,,,0,,,https://www.tripadvisor.com/Restaurant_Review-g736302-d23242834-Reviews-Alberi_Cafe-Hatta_Emirate_of_Dubai.html#REVIEWS
(1 review),Al Ruwais,,,1,,,https://www.tripadvisor.com/Restaurant_Review-g33087123-d33084304-Reviews-New_Tandoori_Restaurant-Al_Ruwais_Madinat_Ash_Shamal.html#REVIEWS
(43 reviews),Madinat Zayed,,,43,,,https://www.tripadvisor.com/Restaurant_Review-g1602834-d10062825-Reviews-Hot_Palayok_Restaurant_Grill-Madinat_Zayed_Emirate_of_Abu_Dhabi.html#REVIEWS
(43 reviews),Madinat Zayed,,,43,,,https://www.tripadvisor.com/Restaurant_Review-g1602834-d3905729-Reviews-Garlic_Restaurant-Madinat_Zayed_Emirate_of_Abu_Dhabi.html#REVIEWS
(1 review),Madinat Zayed,,,1,,,https://www.tripadvisor.com/Restaurant_Review-g1602834-d26843441-Reviews-Mohamed_saeed_alqubaisi_restaurant-Madinat_Zayed_Emirate_of_Abu_Dhabi.html#REVIEWS
(2 reviews),Madinat Zayed,,,2,,,https://www.tripadvisor.com/Restaurant_Review-g1602834-d13357143-Reviews-Latte_Cafe-Madinat_Zayed_Emirate_of_Abu_Dhabi.html#REVIEWS
(1 review),Madinat Zayed,,,1,,,https://www.tripadvisor.com/Restaurant_Review-g1602834-d23214832-Reviews-Las_Tapas_Restaurant-Madinat_Zayed_Emirate_of_Abu_Dhabi.html#REVIEWS
(1 review),Madinat Zayed,,,1,,,https://www.tripadvisor.com/Restaurant_Review-g1602834-d20930757-Reviews-Starbucks-Madinat_Zayed_Emirate_of_Abu_Dhabi.html#REVIEWS
(1 review),Madinat Zayed,,,1,,,https://www.tripadvisor.com/Restaurant_Review-g1602834-d15581678-Reviews-Twin_Tavern-Madinat_Zayed_Emirate_of_Abu_Dhabi.html#REVIEWS
(0 reviews),Madinat Zayed,,,0,,,https://www.tripadvisor.com/Restaurant_Review-g1602834-d23093375-Reviews-Ivory_Cafe-Madinat_Zayed_Emirate_of_Abu_Dhabi.html#REVIEWS
(0 reviews),Madinat Zayed,,,0,,,https://www.tripadvisor.com/Restaurant_Review-g1602834-d26356159-Reviews-Tolmitto_Cafe-Madinat_Zayed_Emirate_of_Abu_Dhabi.html#REVIEWS
(0 reviews),Madinat Zayed,,,0,,,https://www.tripadvisor.com/Restaurant_Review-g1602834-d34191279-Reviews-Wayback_Burgers-Madinat_Zayed_Emirate_of_Abu_Dhabi.html#REVIEWS
(0 reviews),Madinat Zayed,,,0,,,https://www.tripadvisor.com/Restaurant_Review-g1602834-d10466970-Reviews-Eastern_Palace_Restaurant-Madinat_Zayed_Emirate_of_Abu_Dhabi.html#REVIEWS
(5 reviews),Al Dhaid,,,5,,,https://www.tripadvisor.com/Restaurant_Review-g13370406-d17621389-Reviews-Khayber_Darbar-Al_Dhaid_Emirate_of_Sharjah.html#REVIEWS
(0 reviews),Al Dhaid,,,0,,,https://www.tripadvisor.com/Restaurant_Review-g13370406-d15273110-Reviews-Rice_and_Salads_Restaurant-Al_Dhaid_Emirate_of_Sharjah.html#REVIEWS
(0 reviews),Al Dhaid,,,0,,,https://www.tripadvisor.com/Restaurant_Review-g13370406-d26813953-Reviews-Falafel_Kebdah_Cafeteria-Al_Dhaid_Emirate_of_Sharjah.html#REVIEWS
(0 reviews),Al Dhaid,,,0,,,https://www.tripadvisor.com/Restaurant_Review-g13370406-d23792160-Reviews-Healthy_Balance-Al_Dhaid_Emirate_of_Sharjah.html#REVIEWS
(0 reviews),Al Dhaid,,,0,,,https://www.tripadvisor.com/Restaurant_Review-g13370406-d32704746-Reviews-Starbucks-Al_Dhaid_Emirate_of_Sharjah.html#REVIEWS
"RESTAURANTMadam4.14.1 of 5 bubbles(95 reviews)Targu Jiu, Romania",4.14.1 of 5 bubbles(95 reviews)Targu Jiu,4.14.1 of 5 bubbles(95 reviews)Targu Jiu,,95,RESTAURANT,,https://www.tripadvisor.com/Restaurant_Review-g1598788-d12219826-Reviews-Madam-Targu_Jiu_Gorj_County_Southwest_Romania.html
"RESTAURANTMadam Kwan's Pavilion3.73.7 of 5 bubbles(574 reviews)Kuala Lumpur, Malaysia",3.73.7 of 5 bubbles(574 reviews)Kuala Lumpur,3.73.7 of 5 bubbles(574 reviews)Kuala Lumpur,,574,RESTAURANT,,https://www.tripadvisor.com/Restaurant_Review-g298570-d810551-Reviews-Madam_Kwan_s_Pavilion-Kuala_Lumpur_Wilayah_Persekutuan.html
"RESTAURANTMadam Tusan3.93.9 of 5 bubbles(1,101 reviews)Lima, Peru",101 reviews)Lima,3.93.9 of 5 bubbles(1,,1101,RESTAURANT,,https://www.tripadvisor.com/Restaurant_Review-g294316-d2262122-Reviews-Madam_Tusan-Lima_Lima_Region.html
"RESTAURANTMadam Mam's3.63.6 of 5 bubbles(61 reviews)Austin, Texas",3.63.6 of 5 bubbles(61 reviews)Austin,3.63.6 of 5 bubbles(61 reviews)Austin,,61,RESTAURANT,,https://www.tripadvisor.com/Restaurant_Review-g30196-d2074319-Reviews-Madam_Mam_s-Austin_Texas.html
"RESTAURANTAl Liwan4.64.6 of 5 bubbles(165 reviews)Ras Al Khaimah, United Arab Emirates",4.64.6 of 5 bubbles(165 reviews)Ras Al Khaimah,4.64.6 of 5 bubbles(165 reviews)Ras Al Khaimah,,165,RESTAURANT,,https://www.tripadvisor.com/Restaurant_Review-g298063-d6676986-Reviews-Al_Liwan-Ras_Al_Khaimah_Emirate_of_Ras_Al_Khaimah.html
"RESTAURANTAl Madam Restaurant5.05 of 5 bubbles(1 review)Al Madam, United Arab Emirates",5.05 of 5 bubbles(1 review)Al Madam,5.05 of 5 bubbles(1 review)Al Madam,,1,RESTAURANT,,https://www.tripadvisor.com/Restaurant_Review-g23400437-d34015563-Reviews-Al_Madam_Restaurant-Al_Madam_Emirate_of_Sharjah.html
"RESTAURANTAl Samar Lounge4.64.6 of 5 bubbles(189 reviews)Dubai, United Arab Emirates",4.64.6 of 5 bubbles(189 reviews)Dubai,4.64.6 of 5 bubbles(189 reviews)Dubai,,189,RESTAURANT,,https://www.tripadvisor.com/Restaurant_Review-g295424-d5989461-Reviews-Al_Samar_Lounge-Dubai_Emirate_of_Dubai.html
"RESTAURANTAhwet Al Madam3.03 of 5 bubbles(4 reviews)Amman, Jordan",3.03 of 5 bubbles(4 reviews)Amman,3.03 of 5 bubbles(4 reviews)Amman,,4,RESTAURANT,,https://www.tripadvisor.com/Restaurant_Review-g293986-d15153287-Reviews-Ahwet_Al_Madam-Amman_Amman_Governorate.html
"RESTAURANTAl Fogher4.44.4 of 5 bubbles(538 reviews)Piazza Armerina, Italy",4.44.4 of 5 bubbles(538 reviews)Piazza Armerina,4.44.4 of 5 bubbles(538 reviews)Piazza Armerina,,538,RESTAURANT,,https://www.tripadvisor.com/Restaurant_Review-g580232-d1914817-Reviews-Al_Fogher-Piazza_Armerina_Province_of_Enna_Sicily.html
"RESTAURANTAl Nafourah Garden4.94.9 of 5 bubbles(2,412 reviews)Doha, Qatar1 mention of Al MadamEscape the buzz of the city, and relax with a light refreshment and hubbly bubbly at Al Nafourah Garden, our stunning outdoor venue that is also famous for its delicious range of hot and cold Middle Eastern light bites and refreshing blended beverages. It is the perfect location to chill out and enjoy a snack or cool drink after a busy day exploring everything Doha has to offer.",412 reviews)Doha,4.94.9 of 5 bubbles(2,,2412,RESTAURANT,,https://www.tripadvisor.com/Restaurant_Review-g294009-d3205228-Reviews-Al_Nafourah_Garden-Doha.html
"RESTAURANTAl Kalha Avenues3.63.6 of 5 bubbles(22 reviews)Kuwait City, Kuwait",3.63.6 of 5 bubbles(22 reviews)Kuwait City,3.63.6 of 5 bubbles(22 reviews)Kuwait City,,22,RESTAURANT,,https://www.tripadvisor.com/Restaurant_Review-g294003-d8801176-Reviews-Al_Kalha_Avenues-Kuwait_City.html
"RESTAURANTMani's Gourmet Cafe4.34.3 of 5 bubbles(119 reviews)Muscat, Oman",4.34.3 of 5 bubbles(119 reviews)Muscat,4.34.3 of 5 bubbles(119 reviews)Muscat,,119,RESTAURANT,,https://www.tripadvisor.com/Restaurant_Review-g1940497-d3775485-Reviews-Mani_s_Gourmet_Cafe-Muscat_Muscat_Governorate.html
"RESTAURANTAl Bosco4.14.1 of 5 bubbles(222 reviews)Bury, Greater Manchester, England",Greater Manchester,4.14.1 of 5 bubbles(222 reviews)Bury,,222,RESTAURANT,,https://www.tripadvisor.com/Restaurant_Review-g528789-d3580786-Reviews-Al_Bosco-Bury_Greater_Manchester_England.html
"RESTAURANTAl Madina Group1.81.8 of 5 bubbles(8 reviews)Dubai, United Arab Emirates",1.81.8 of 5 bubbles(8 reviews)Dubai,1.81.8 of 5 bubbles(8 reviews)Dubai,,8,RESTAURANT,,https://www.tripadvisor.com/Restaurant_Review-g295424-d8740746-Reviews-Al_Madina_Group-Dubai_Emirate_of_Dubai.html
"RESTAURANTAl Nasseem Pool Bar4.74.7 of 5 bubbles(65 reviews)Abu Dhabi, United Arab Emirates",4.74.7 of 5 bubbles(65 reviews)Abu Dhabi,4.74.7 of 5 bubbles(65 reviews)Abu Dhabi,,65,RESTAURANT,,https://www.tripadvisor.com/Restaurant_Review-g294013-d6600097-Reviews-Al_Nasseem_Pool_Bar-Abu_Dhabi_Emirate_of_Abu_Dhabi.html
"RESTAURANTNando's Al Zeina4.84.8 of 5 bubbles(56 reviews)Abu Dhabi, United Arab Emirates",4.84.8 of 5 bubbles(56 reviews)Abu Dhabi,4.84.8 of 5 bubbles(56 reviews)Abu Dhabi,,56,RESTAURANT,,https://www.tripadvisor.com/Restaurant_Review-g294013-d9711459-Reviews-Nando_s_Al_Zeina-Abu_Dhabi_Emirate_of_Abu_Dhabi.html
"RESTAURANTAl Giardino4.44.4 of 5 bubbles(1,343 reviews)Taormina, Italy",343 reviews)Taormina,4.44.4 of 5 bubbles(1,,1343,RESTAURANT,,https://www.tripadvisor.com/Restaurant_Review-g187892-d1144119-Reviews-Al_Giardino-Taormina_Province_of_Messina_Sicily.html
"RESTAURANTAl Monastero3.93.9 of 5 bubbles(285 reviews)Engelberg, Canton of Obwalden, Switzerland",Canton of Obwalden,3.93.9 of 5 bubbles(285 reviews)Engelberg,,285,RESTAURANT,,https://www.tripadvisor.com/Restaurant_Review-g188063-d3747861-Reviews-Al_Monastero-Engelberg_Canton_of_Obwalden.html
"RESTAURANTAl Barmaki4.04 of 5 bubbles(328 reviews)Brussels, Belgium",4.04 of 5 bubbles(328 reviews)Brussels,4.04 of 5 bubbles(328 reviews)Brussels,,328,RESTAURANT,,https://www.tripadvisor.com/Restaurant_Review-g188644-d694643-Reviews-Al_Barmaki-Brussels.html
"RESTAURANTThe Crepe Cafe3.73.7 of 5 bubbles(73 reviews)Muscat, Oman",3.73.7 of 5 bubbles(73 reviews)Muscat,3.73.7 of 5 bubbles(73 reviews)Muscat,,73,RESTAURANT,,https://www.tripadvisor.com/Restaurant_Review-g1940497-d7313402-Reviews-The_Crepe_Cafe-Muscat_Muscat_Governorate.html
"RESTAURANTAl Soffiador Restaurant3.13.1 of 5 bubbles(329 reviews)Murano, Veneto, Italy",Veneto,3.13.1 of 5 bubbles(329 reviews)Murano,,329,RESTAURANT,,https://www.tripadvisor.com/Restaurant_Review-g681249-d1891780-Reviews-Al_Soffiador_Restaurant-Murano_Veneto.html
"RESTAURANTThai Gate, Al Qana Abu Dhabi4.94.9 of 5 bubbles(481 reviews)Abu Dhabi, United Arab Emirates",4.94.9 of 5 bubbles(481 reviews)Abu Dhabi,4.94.9 of 5 bubbles(481 reviews)Abu Dhabi,,481,RESTAURANT,,https://www.tripadvisor.com/Restaurant_Review-g294013-d26768237-Reviews-Thai_Gate_Al_Qana_Abu_Dhabi-Abu_Dhabi_Emirate_of_Abu_Dhabi.html
"RESTAURANTGinger4.84.8 of 5 bubbles(352 reviews)Muscat, Oman1 mention of Al MadamTake a culinary tour of the world at Ginger, a contemporary all day dining restaurant offering international buffet complemented by an a la carte menu. Open for breakfast lunch and dinner offers indoor and outdoor seating.",4.84.8 of 5 bubbles(352 reviews)Muscat,4.84.8 of 5 bubbles(352 reviews)Muscat,,352,RESTAURANT,,https://www.tripadvisor.com/Restaurant_Review-g1940497-d12997066-Reviews-Ginger-Muscat_Muscat_Governorate.html
"RESTAURANTAl Medina3.13.1 of 5 bubbles(699 reviews)Alicante, Valencian Community, Spain",Valencian Community,3.13.1 of 5 bubbles(699 reviews)Alicante,,699,RESTAURANT,,https://www.tripadvisor.com/Restaurant_Review-g1064230-d1821129-Reviews-Al_Medina-Alicante_Costa_Blanca_Province_of_Alicante_Valencian_Community.html
"RESTAURANTPizza Hut2.72.7 of 5 bubbles(28 reviews)Muscat, Oman",2.72.7 of 5 bubbles(28 reviews)Muscat,2.72.7 of 5 bubbles(28 reviews)Muscat,,28,RESTAURANT,,https://www.tripadvisor.com/Restaurant_Review-g1940497-d13113520-Reviews-Pizza_Hut-Muscat_Muscat_Governorate.html
"RESTAURANTCaribou Coffee4.44.4 of 5 bubbles(14 reviews)Manama, Bahrain",4.44.4 of 5 bubbles(14 reviews)Manama,4.44.4 of 5 bubbles(14 reviews)Manama,,14,RESTAURANT,,https://www.tripadvisor.com/Restaurant_Review-g293997-d12327519-Reviews-Caribou_Coffee-Manama.html
"RESTAURANTRistorante Al Theatro3.33.3 of 5 bubbles(901 reviews)Venice, Veneto, Italy",Veneto,3.33.3 of 5 bubbles(901 reviews)Venice,,901,RESTAURANT,,https://www.tripadvisor.com/Restaurant_Review-g187870-d1320406-Reviews-Ristorante_Al_Theatro-Venice_Veneto.html
"RESTAURANTMosaic At Crowne Plaza Muscat Ocec4.84.8 of 5 bubbles(285 reviews)Muscat, Oman",4.84.8 of 5 bubbles(285 reviews)Muscat,4.84.8 of 5 bubbles(285 reviews)Muscat,,285,RESTAURANT,,https://www.tripadvisor.com/Restaurant_Review-g1940497-d13503938-Reviews-Mosaic_At_Crowne_Plaza_Muscat_Ocec-Muscat_Muscat_Governorate.html
"RESTAURANTPink Salt4.94.9 of 5 bubbles(95 reviews)Muscat, Oman",4.94.9 of 5 bubbles(95 reviews)Muscat,4.94.9 of 5 bubbles(95 reviews)Muscat,,95,RESTAURANT,,https://www.tripadvisor.com/Restaurant_Review-g1940497-d21391615-Reviews-Pink_Salt-Muscat_Muscat_Governorate.html
"RESTAURANTShandiz4.74.7 of 5 bubbles(92 reviews)Muscat, Oman",4.74.7 of 5 bubbles(92 reviews)Muscat,4.74.7 of 5 bubbles(92 reviews)Muscat,,92,RESTAURANT,,https://www.tripadvisor.com/Restaurant_Review-g1940497-d11949338-Reviews-Shandiz-Muscat_Muscat_Governorate.html
"RESTAURANTSushiArt Masdar City Center4.84.8 of 5 bubbles(4 reviews)Abu Dhabi, United Arab Emirates",4.84.8 of 5 bubbles(4 reviews)Abu Dhabi,4.84.8 of 5 bubbles(4 reviews)Abu Dhabi,,4,RESTAURANT,,https://www.tripadvisor.com/Restaurant_Review-g294013-d23037914-Reviews-SushiArt_Masdar_City_Center-Abu_Dhabi_Emirate_of_Abu_Dhabi.html
"RESTAURANTGerman Doner Kebab - Masdar City Center5.05 of 5 bubbles(2 reviews)Abu Dhabi, United Arab Emirates",5.05 of 5 bubbles(2 reviews)Abu Dhabi,5.05 of 5 bubbles(2 reviews)Abu Dhabi,,2,RESTAURANT,,https://www.tripadvisor.com/Restaurant_Review-g294013-d33219459-Reviews-German_Doner_Kebab_Masdar_City_Center-Abu_Dhabi_Emirate_of_Abu_Dhabi.html
"RESTAURANTCircolo Popolare4.24.2 of 5 bubbles(2,749 reviews)London, England",749 reviews)London,4.24.2 of 5 bubbles(2,,2749,RESTAURANT,,https://www.tripadvisor.com/Restaurant_Review-g186338-d17581691-Reviews-Circolo_Popolare-London_England.html
"RESTAURANTThe Modern4.64.6 of 5 bubbles(2,204 reviews)New York City, New York",204 reviews)New York City,4.64.6 of 5 bubbles(2,,2204,RESTAURANT,,https://www.tripadvisor.com/Restaurant_Review-g60763-d549201-Reviews-The_Modern-New_York_City_New_York.html
"RESTAURANTDaniel4.74.7 of 5 bubbles(3,445 reviews)New York City, New York",445 reviews)New York City,4.74.7 of 5 bubbles(3,,3445,RESTAURANT,,https://www.tripadvisor.com/Restaurant_Review-g60763-d457808-Reviews-Daniel-New_York_City_New_York.html
"RESTAURANTOsteria Vecchio Cancello4.84.8 of 5 bubbles(3,583 reviews)Florence, Tuscany, Italy",Tuscany,"4.84.8 of 5 bubbles(3, 583 reviews)Florence",,3583,RESTAURANT,,https://www.tripadvisor.com/Restaurant_Review-g187895-d8322795-Reviews-Osteria_Vecchio_Cancello-Florence_Tuscany.html
"RESTAURANTPetite Boucherie4.84.8 of 5 bubbles(1,007 reviews)New York City, New York",007 reviews)New York City,4.84.8 of 5 bubbles(1,,1007,RESTAURANT,,https://www.tripadvisor.com/Restaurant_Review-g60763-d10145683-Reviews-Petite_Boucherie-New_York_City_New_York.html
"RESTAURANTTavern on the Green4.04 of 5 bubbles(3,701 reviews)New York City, New York",701 reviews)New York City,4.04 of 5 bubbles(3,,3701,RESTAURANT,,https://www.tripadvisor.com/Restaurant_Review-g60763-d6579189-Reviews-Tavern_on_the_Green-New_York_City_New_York.html
"RESTAURANTTrattoria Za Za4.34.3 of 5 bubbles(16,675 reviews)Florence, Tuscany, Italy",Tuscany,"4.34.3 of 5 bubbles(16, 675 reviews)Florence",,16675,RESTAURANT,,https://www.tripadvisor.com/Restaurant_Review-g187895-d1102359-Reviews-Trattoria_Za_Za-Florence_Tuscany.html
"RESTAURANTDishoom Covent Garden4.44.4 of 5 bubbles(7,940 reviews)London, England",940 reviews)London,4.44.4 of 5 bubbles(7,,7940,RESTAURANT,,https://www.tripadvisor.com/Restaurant_Review-g186338-d1863498-Reviews-Dishoom_Covent_Garden-London_England.html
"RESTAURANTOlio E Più4.74.7 of 5 bubbles(4,030 reviews)New York City, New York",030 reviews)New York City,4.74.7 of 5 bubbles(4,,4030,RESTAURANT,,https://www.tripadvisor.com/Restaurant_Review-g60763-d1878682-Reviews-Olio_E_Piu-New_York_City_New_York.html
"RESTAURANTBoucherie Union Square4.84.8 of 5 bubbles(1,890 reviews)New York City, New York",890 reviews)New York City,4.84.8 of 5 bubbles(1,,1890,RESTAURANT,,https://www.tripadvisor.com/Restaurant_Review-g60763-d13504265-Reviews-Boucherie_Union_Square-New_York_City_New_York.html
"RESTAURANTAlinea4.64.6 of 5 bubbles(1,639 reviews)Chicago, Illinois",639 reviews)Chicago,4.64.6 of 5 bubbles(1,,1639,RESTAURANT,,https://www.tripadvisor.com/Restaurant_Review-g35805-d570063-Reviews-Alinea-Chicago_Illinois.html
"RESTAURANTTimes Square Diner4.44.4 of 5 bubbles(2,540 reviews)New York City, New York",540 reviews)New York City,4.44.4 of 5 bubbles(2,,2540,RESTAURANT,,https://www.tripadvisor.com/Restaurant_Review-g60763-d6892205-Reviews-Times_Square_Diner-New_York_City_New_York.html
"RESTAURANTRistorante Campo Santa Maria Formosa4.64.6 of 5 bubbles(1,809 reviews)Venice, Veneto, Italy",Veneto,"4.64.6 of 5 bubbles(1, 809 reviews)Venice",,1809,RESTAURANT,,https://www.tripadvisor.com/Restaurant_Review-g187870-d16853813-Reviews-Ristorante_Campo_Santa_Maria_Formosa-Venice_Veneto.html
"RESTAURANTSeven Corners4.84.8 of 5 bubbles(2,235 reviews)Quezon City, Philippines",235 reviews)Quezon City,4.84.8 of 5 bubbles(2,,2235,RESTAURANT,,https://www.tripadvisor.com/Restaurant_Review-g298574-d1853494-Reviews-Seven_Corners-Quezon_City_Metro_Manila_Luzon.html
"RESTAURANTWildberry Pancakes and Cafe4.64.6 of 5 bubbles(5,072 reviews)Chicago, Illinois",072 reviews)Chicago,4.64.6 of 5 bubbles(5,,5072,RESTAURANT,,https://www.tripadvisor.com/Restaurant_Review-g35805-d2407503-Reviews-Wildberry_Pancakes_and_Cafe-Chicago_Illinois.html
"RESTAURANTTrattoria Sostanza4.34.3 of 5 bubbles(1,541 reviews)Florence, Tuscany, Italy",Tuscany,"4.34.3 of 5 bubbles(1, 541 reviews)Florence",,1541,RESTAURANT,,https://www.tripadvisor.com/Restaurant_Review-g187895-d743678-Reviews-Trattoria_Sostanza-Florence_Tuscany.html
"RESTAURANTLa Giostra4.34.3 of 5 bubbles(3,677 reviews)Florence, Tuscany, Italy",Tuscany,"4.34.3 of 5 bubbles(3, 677 reviews)Florence",,3677,RESTAURANT,,https://www.tripadvisor.com/Restaurant_Review-g187895-d716283-Reviews-La_Giostra-Florence_Tuscany.html
"RESTAURANTEleven Madison Park4.44.4 of 5 bubbles(2,782 reviews)New York City, New York",782 reviews)New York City,4.44.4 of 5 bubbles(2,,2782,RESTAURANT,,https://www.tripadvisor.com/Restaurant_Review-g60763-d479020-Reviews-Eleven_Madison_Park-New_York_City_New_York.html
"RESTAURANTJubran5.05 of 5 bubbles(4,170 reviews)Amman, Jordan",170 reviews)Amman,5.05 of 5 bubbles(4,,4170,RESTAURANT,,https://www.tripadvisor.com/Restaurant_Review-g293986-d8368378-Reviews-Jubran-Amman_Amman_Governorate.html
"RESTAURANTSexy Fish Mayfair3.83.8 of 5 bubbles(3,526 reviews)London, England",526 reviews)London,3.83.8 of 5 bubbles(3,,3526,RESTAURANT,,https://www.tripadvisor.com/Restaurant_Review-g186338-d8664620-Reviews-Sexy_Fish_Mayfair-London_England.html
"RESTAURANTRistorante La Piazza Venezia4.64.6 of 5 bubbles(3,557 reviews)Venice, Veneto, Italy",Veneto,"4.64.6 of 5 bubbles(3, 557 reviews)Venice",,3557,RESTAURANT,,https://www.tripadvisor.com/Restaurant_Review-g187870-d19876242-Reviews-Ristorante_La_Piazza_Venezia-Venice_Veneto.html
"RESTAURANTOsteria Pastella4.54.5 of 5 bubbles(2,384 reviews)Florence, Tuscany, Italy",Tuscany,"4.54.5 of 5 bubbles(2, 384 reviews)Florence",,2384,RESTAURANT,,https://www.tripadvisor.com/Restaurant_Review-g187895-d5993177-Reviews-Osteria_Pastella-Florence_Tuscany.html
"RESTAURANTTrattoria Dall'Oste Alamanni4.54.5 of 5 bubbles(7,885 reviews)Florence, Tuscany, Italy",Tuscany,"4.54.5 of 5 bubbles(7, 885 reviews)Florence",,7885,RESTAURANT,,https://www.tripadvisor.com/Restaurant_Review-g187895-d1801863-Reviews-Trattoria_Dall_Oste_Alamanni-Florence_Tuscany.html
"RESTAURANTSketch The Gallery4.04 of 5 bubbles(3,538 reviews)London, England",538 reviews)London,4.04 of 5 bubbles(3,,3538,RESTAURANT,,https://www.tripadvisor.com/Restaurant_Review-g186338-d2033622-Reviews-Sketch_The_Gallery-London_England.html
"RESTAURANTOsteria Fanal Del Codega4.84.8 of 5 bubbles(5,110 reviews)Venice, Veneto, Italy",Veneto,"4.84.8 of 5 bubbles(5, 110 reviews)Venice",,5110,RESTAURANT,,https://www.tripadvisor.com/Restaurant_Review-g187870-d19118056-Reviews-Osteria_Fanal_Del_Codega-Venice_Veneto.html
"RESTAURANTThe Purple Pig4.54.5 of 5 bubbles(6,329 reviews)Chicago, Illinois",329 reviews)Chicago,4.54.5 of 5 bubbles(6,,6329,RESTAURANT,,https://www.tripadvisor.com/Restaurant_Review-g35805-d1647641-Reviews-The_Purple_Pig-Chicago_Illinois.html
"RESTAURANTBonoo Indian Tapas Hampstead4.94.9 of 5 bubbles(3,960 reviews)London, England",960 reviews)London,4.94.9 of 5 bubbles(3,,3960,RESTAURANT,,https://www.tripadvisor.com/Restaurant_Review-g186338-d10460592-Reviews-Bonoo_Indian_Tapas_Hampstead-London_England.html
"RESTAURANTAl Grill4.84.8 of 5 bubbles(1,307 reviews)Venice, Veneto, Italy",Veneto,"4.84.8 of 5 bubbles(1, 307 reviews)Venice",,1307,RESTAURANT,,https://www.tripadvisor.com/Restaurant_Review-g187870-d17577217-Reviews-Al_Grill-Venice_Veneto.html
"RESTAURANTOregano, Dubai Silicon Oasis4.24.2 of 5 bubbles(59 reviews)Dubai, United Arab Emirates4 mentions of Dubai Silicon Oasis""…A lovely Italian experience in Dubai Silicon Oasis!…""",4.24.2 of 5 bubbles(59 reviews)Dubai,4.24.2 of 5 bubbles(59 reviews)Dubai,,59,RESTAURANT,,https://www.tripadvisor.com/Restaurant_Review-g295424-d8740680-Reviews-Oregano_Dubai_Silicon_Oasis-Dubai_Emirate_of_Dubai.html
"RESTAURANTJones The Grocer - Radisson RED Dubai Silicon Oasis4.94.9 of 5 bubbles(417 reviews)Dubai, United Arab Emirates14 mentions of Dubai Silicon Oasis""…During our long-weekend staycation at Radisson RED Dubai Silicon Oasis,…""",4.94.9 of 5 bubbles(417 reviews)Dubai,4.94.9 of 5 bubbles(417 reviews)Dubai,,417,RESTAURANT,,https://www.tripadvisor.com/Restaurant_Review-g295424-d23958093-Reviews-Jones_The_Grocer_Radisson_RED_Dubai_Silicon_Oasis-Dubai_Emirate_of_Dubai.html
"RESTAURANTLittle Bangkok - Dubai Silicon Oasis4.44.4 of 5 bubbles(25 reviews)Dubai, United Arab Emirates1 mention of Dubai Silicon Oasis""…Today I went LITTLE BANGKOK in DUBAI SILICON OASIS , When i’m coming staff…""",4.44.4 of 5 bubbles(25 reviews)Dubai,4.44.4 of 5 bubbles(25 reviews)Dubai,,25,RESTAURANT,,https://www.tripadvisor.com/Restaurant_Review-g295424-d14803900-Reviews-Little_Bangkok_Dubai_Silicon_Oasis-Dubai_Emirate_of_Dubai.html
"RESTAURANTAryaas Silicon Oasis3.03 of 5 bubbles(2 reviews)Dubai, United Arab Emirates",3.03 of 5 bubbles(2 reviews)Dubai,3.03 of 5 bubbles(2 reviews)Dubai,,2,RESTAURANT,,https://www.tripadvisor.com/Restaurant_Review-g295424-d21308617-Reviews-Aryaas_Silicon_Oasis-Dubai_Emirate_of_Dubai.html
"RESTAURANTMoshi- Silicon Oasis5.05 of 5 bubbles(1 review)Dubai, United Arab Emirates",5.05 of 5 bubbles(1 review)Dubai,5.05 of 5 bubbles(1 review)Dubai,,1,RESTAURANT,,https://www.tripadvisor.com/Restaurant_Review-g295424-d33251387-Reviews-Moshi_Silicon_Oasis-Dubai_Emirate_of_Dubai.html
"RESTAURANTNoodle District By Little Bangkok4.04 of 5 bubbles(658 reviews)Dubai, United Arab Emirates1 mention of Dubai Silicon OasisNoodle District was created by a passionate team of Thai chefs in Dubai, with one mission: to bring bold, authentic Thai street food to life. After months of research and perfecting recipes, we proudly serve 100% authentic Thai noodle soups—rich, complex, and made to impress even the most seasoned Thai food lovers. And now, we proudly serve the 5-time Michelin-awarded Khao Soi Mae Manee — flown in from Thailand and available exclusively at Noodle District for a limited time only. Beyond noodles, our menu includes rice dishes, street-style favorites, refreshing Thai drinks, and traditional desserts—all crafted with true authenticity. We fly in key ingredients from Thailand to ensure every bowl tastes just as it should. At Noodle District, we don't just serve food—we bring the streets of Thailand to your table. Authentic. No shortcuts. No compromises. Noodle District was created from the passion and dedication of a team of Thai chefs in Dubai, who share the same goal: to bring the",4.04 of 5 bubbles(658 reviews)Dubai,4.04 of 5 bubbles(658 reviews)Dubai,,658,RESTAURANT,,https://www.tripadvisor.com/Restaurant_Review-g295424-d4751416-Reviews-Noodle_District_By_Little_Bangkok-Dubai_Emirate_of_Dubai.html
"RESTAURANTMiyabi Sushi Silicon Oasis5.05 of 5 bubbles(12 reviews)Dubai, United Arab Emirates",5.05 of 5 bubbles(12 reviews)Dubai,5.05 of 5 bubbles(12 reviews)Dubai,,12,RESTAURANT,,https://www.tripadvisor.com/Restaurant_Review-g295424-d23459248-Reviews-Miyabi_Sushi_Silicon_Oasis-Dubai_Emirate_of_Dubai.html
"RESTAURANTAlien Burger Silicon Oasis4.04 of 5 bubbles(18 reviews)Dubai, United Arab Emirates",4.04 of 5 bubbles(18 reviews)Dubai,4.04 of 5 bubbles(18 reviews)Dubai,,18,RESTAURANT,,https://www.tripadvisor.com/Restaurant_Review-g295424-d21202199-Reviews-Alien_Burger_Silicon_Oasis-Dubai_Emirate_of_Dubai.html
"RESTAURANTChoco Fondue - Dubai Silicon OasisDubai, United Arab Emirates",Dubai,Dubai,,0,RESTAURANT,,https://www.tripadvisor.com/Restaurant_Review-g295424-d23502607-Reviews-Choco_Fondue_Dubai_Silicon_Oasis-Dubai_Emirate_of_Dubai.html
"RESTAURANTGolden Fork Dubai Silicon OasisDubai, United Arab Emirates",Dubai,Dubai,,0,RESTAURANT,,https://www.tripadvisor.com/Restaurant_Review-g295424-d23686733-Reviews-Golden_Fork_Dubai_Silicon_Oasis-Dubai_Emirate_of_Dubai.html
"RESTAURANTThe Monk3.63.6 of 5 bubbles(50 reviews)Dubai, United Arab Emirates",3.63.6 of 5 bubbles(50 reviews)Dubai,3.63.6 of 5 bubbles(50 reviews)Dubai,,50,RESTAURANT,,https://www.tripadvisor.com/Restaurant_Review-g295424-d6618278-Reviews-The_Monk-Dubai_Emirate_of_Dubai.html
"RESTAURANTIl Forno Silicon Central Mall4.94.9 of 5 bubbles(16 reviews)Dubai, United Arab Emirates",4.94.9 of 5 bubbles(16 reviews)Dubai,4.94.9 of 5 bubbles(16 reviews)Dubai,,16,RESTAURANT,,https://www.tripadvisor.com/Restaurant_Review-g295424-d23919380-Reviews-Il_Forno_Silicon_Central_Mall-Dubai_Emirate_of_Dubai.html
"RESTAURANTWok Boyz4.54.5 of 5 bubbles(208 reviews)Dubai, United Arab Emirates3 mentions of Dubai Silicon OasisWOK BOYZ is the brainchild of a food fanatic, aiming to bring the authentic flavors from the streets of the Far East, infusing them with an urban environment. Placing freedom and power of wok customization in the hands of the customer, foodies and wok fanatics alike can take charge and create their own experience. From base, freshly sourced vegetables, protein, sauces and toppings – no one visit will ever have to be the same! WOK BOYZ is a dream which brings a ‘hip’ and ‘cool’ vibe to its diners with everything from an ‘instagrammable’ graffiti mural, to pumping beats playing out by the venue’s terrace.",4.54.5 of 5 bubbles(208 reviews)Dubai,4.54.5 of 5 bubbles(208 reviews)Dubai,,208,RESTAURANT,,https://www.tripadvisor.com/Restaurant_Review-g295424-d13073857-Reviews-Wok_Boyz-Dubai_Emirate_of_Dubai.html
"RESTAURANTNando's Dubai Silicon Oasis - Delivery OnlyDubai, United Arab Emirates",Dubai,Dubai,,0,RESTAURANT,,https://www.tripadvisor.com/Restaurant_Review-g295424-d34228654-Reviews-Nando_s_Dubai_Silicon_Oasis_Delivery_Only-Dubai_Emirate_of_Dubai.html
"RESTAURANTAl Humsani Restaurant4.04 of 5 bubbles(14 reviews)Dubai, United Arab Emirates6 mentions of Dubai Silicon Oasis""…Silicon Oasis @alhumsani Cheers x Sakeeina @theaquarianstar 29/07/2021…""",4.04 of 5 bubbles(14 reviews)Dubai,4.04 of 5 bubbles(14 reviews)Dubai,,14,RESTAURANT,,https://www.tripadvisor.com/Restaurant_Review-g295424-d14251153-Reviews-Al_Humsani_Restaurant-Dubai_Emirate_of_Dubai.html
"RESTAURANTOlab Coffee Shop Silicon OasisDubai, United Arab Emirates",Dubai,Dubai,,0,RESTAURANT,,https://www.tripadvisor.com/Restaurant_Review-g295424-d32815729-Reviews-Olab_Coffee_Shop_Silicon_Oasis-Dubai_Emirate_of_Dubai.html
"RESTAURANTBaofriend Dubai5.05 of 5 bubbles(50 reviews)Dubai, United Arab Emirates2 mentions of Dubai Silicon Oasis""…Visit them in Dubai Silicon Oasis.…""",5.05 of 5 bubbles(50 reviews)Dubai,5.05 of 5 bubbles(50 reviews)Dubai,,50,RESTAURANT,,https://www.tripadvisor.com/Restaurant_Review-g295424-d24889454-Reviews-Baofriend_Dubai-Dubai_Emirate_of_Dubai.html
"RESTAURANTThe Monk4.04 of 5 bubbles(28 reviews)Dubai, United Arab Emirates1 mention of Dubai Silicon OasisMid Sized, Casual Dining Restaurant, with seating capacity of 40-45 covers. Cuisine served - Contemporary Chinese and Far East Asian. Signature dish - Crispy Spinach Chicken Other Recommendations - Prawn Celery Chilly Crispy Shredded Lamb Stir Fried Beef With Basil Baby Pot Rice (Veg / Non Veg / Sea Food) Clay Pot Noodles (Veg / Non Veg / Sea Food) Our Location - Karama, Opposite Bikanerwala Restaurant. Dubai Silicon Oasis - SIT Tower, Main Round About. Meadows - ENOC Green Petrol Station.",4.04 of 5 bubbles(28 reviews)Dubai,4.04 of 5 bubbles(28 reviews)Dubai,,28,RESTAURANT,,https://www.tripadvisor.com/Restaurant_Review-g295424-d12077448-Reviews-The_Monk-Dubai_Emirate_of_Dubai.html
"RESTAURANTCha Cha Chai3.53.5 of 5 bubbles(23 reviews)Dubai, United Arab Emirates3 mentions of Dubai Silicon Oasis""…This outlet at Dubai Silicon oasis is perhaps the best place for Karak…""",3.53.5 of 5 bubbles(23 reviews)Dubai,3.53.5 of 5 bubbles(23 reviews)Dubai,,23,RESTAURANT,,https://www.tripadvisor.com/Restaurant_Review-g295424-d6989050-Reviews-Cha_Cha_Chai-Dubai_Emirate_of_Dubai.html
"RESTAURANTClove Tree Restaurant5.05 of 5 bubbles(17 reviews)Dubai, United Arab Emirates1 mention of Dubai Silicon Oasis""…Central, Dubai Silicon Oasis…""",5.05 of 5 bubbles(17 reviews)Dubai,5.05 of 5 bubbles(17 reviews)Dubai,,17,RESTAURANT,,https://www.tripadvisor.com/Restaurant_Review-g295424-d27099036-Reviews-Clove_Tree_Restaurant-Dubai_Emirate_of_Dubai.html
"RESTAURANTMudpot Restaurant and Cafeteria4.44.4 of 5 bubbles(14 reviews)Dubai, United Arab Emirates2 mentions of Dubai Silicon Oasis""…This restaurant is in Dubai Silicon Oasis area.…""",4.44.4 of 5 bubbles(14 reviews)Dubai,4.44.4 of 5 bubbles(14 reviews)Dubai,,14,RESTAURANT,,https://www.tripadvisor.com/Restaurant_Review-g295424-d12506733-Reviews-Mudpot_Restaurant_and_Cafeteria-Dubai_Emirate_of_Dubai.html
"RESTAURANTAryaas Vegetarian Restaurant4.14.1 of 5 bubbles(43 reviews)Dubai, United Arab Emirates",4.14.1 of 5 bubbles(43 reviews)Dubai,4.14.1 of 5 bubbles(43 reviews)Dubai,,43,RESTAURANT,,https://www.tripadvisor.com/Restaurant_Review-g295424-d3925071-Reviews-Aryaas_Vegetarian_Restaurant-Dubai_Emirate_of_Dubai.html
"RESTAURANTMr Toad's Pub & Kitchen4.04 of 5 bubbles(180 reviews)Dubai, United Arab Emirates2 mentions of Dubai Silicon OasisMr. Toad’s is a friendly pub and kitchen catering to the local community and beyond, extending a warm welcome to all. The menu caters to tastes across the culinary spectrum, with promotional evenings and themed events that create a vibrant atmosphere. Mr Toad’s Pub & Kitchen has a casual, comfortable atmosphere with a relaxed interior and family-friendly playgrounds. Perfect for an after-work",4.04 of 5 bubbles(180 reviews)Dubai,4.04 of 5 bubbles(180 reviews)Dubai,,180,RESTAURANT,,https://www.tripadvisor.com/Restaurant_Review-g295424-d9711862-Reviews-Mr_Toad_s_Pub_Kitchen-Dubai_Emirate_of_Dubai.html
"RESTAURANTOregano Restaurant3.93.9 of 5 bubbles(84 reviews)Dubai, United Arab Emirates2 mentions of Dubai Silicon OasisOregano Restaurants – 20 Years of Italian Food Made with Love For 20 years, Oregano has been serving Dubai the real taste of Italy, inspired by the flavors of Liguria – the beautiful coastal region famous for its pesto, seafood, and fresh pastas. Our menu is full of hearty pizzas, handmade pastas, and comforting Italian classics, all cooked with care and passion. Whether you’re here for a quick bite, a family meal, or a celebration with friends, Oregano’s cozy and friendly atmosphere makes everyone feel at home. After two decades in Dubai, we’re proud to still be the neighborhood spot for authentic Italian food made with love.",3.93.9 of 5 bubbles(84 reviews)Dubai,3.93.9 of 5 bubbles(84 reviews)Dubai,,84,RESTAURANT,,https://www.tripadvisor.com/Restaurant_Review-g295424-d3984259-Reviews-Oregano_Restaurant-Dubai_Emirate_of_Dubai.html
"RESTAURANTVietnamese Snack Food Cafe Restaurant5.05 of 5 bubbles(2 reviews)Dubai, United Arab Emirates1 mention of Dubai Silicon Oasis""…The best Vietnamese restaurant in Dubai Silicon Oasis!…""",5.05 of 5 bubbles(2 reviews)Dubai,5.05 of 5 bubbles(2 reviews)Dubai,,2,RESTAURANT,,https://www.tripadvisor.com/Restaurant_Review-g295424-d32710745-Reviews-Vietnamese_Snack_Food_Cafe_Restaurant-Dubai_Emirate_of_Dubai.html
"RESTAURANTOUIBar + Terrace4.94.9 of 5 bubbles(9 reviews)Dubai, United Arab Emirates1 mention of Dubai Silicon Oasis""…Most probably the best place to go out in Dubai Silicon Oasis…""",4.94.9 of 5 bubbles(9 reviews)Dubai,4.94.9 of 5 bubbles(9 reviews)Dubai,,9,RESTAURANT,,https://www.tripadvisor.com/Restaurant_Review-g295424-d20323886-Reviews-OUIBar_Terrace-Dubai_Emirate_of_Dubai.html
"RESTAURANTOh! Chai Cafe5.05 of 5 bubbles(4 reviews)Dubai, United Arab Emirates1 mention of Dubai Silicon Oasis""…Silicon Oasis.…""",5.05 of 5 bubbles(4 reviews)Dubai,5.05 of 5 bubbles(4 reviews)Dubai,,4,RESTAURANT,,https://www.tripadvisor.com/Restaurant_Review-g295424-d33285977-Reviews-Oh_Chai_Cafe-Dubai_Emirate_of_Dubai.html
"RESTAURANTThe Kana Cafe3.43.4 of 5 bubbles(128 reviews)Dubai, United Arab Emirates",3.43.4 of 5 bubbles(128 reviews)Dubai,3.43.4 of 5 bubbles(128 reviews)Dubai,,128,RESTAURANT,,https://www.tripadvisor.com/Restaurant_Review-g295424-d8741012-Reviews-The_Kana_Cafe-Dubai_Emirate_of_Dubai.html
"RESTAURANTRED Roof4.74.7 of 5 bubbles(19 reviews)Dubai, United Arab Emirates",4.74.7 of 5 bubbles(19 reviews)Dubai,4.74.7 of 5 bubbles(19 reviews)Dubai,,19,RESTAURANT,,https://www.tripadvisor.com/Restaurant_Review-g295424-d20323888-Reviews-RED_Roof-Dubai_Emirate_of_Dubai.html
"RESTAURANTMr.Toad's Pub & Kitchen4.14.1 of 5 bubbles(26 reviews)Dubai, United Arab Emirates1 mention of Dubai Silicon OasisMr. Toad's is a friendly pub and kitchen catering to the local community and beyond, extending a warm welcome to all. The menu caters to tastes across the culinary spectrum, with promotional evenings and themed events that create a vibrant atmosphere. Mr Toad's Pub & Kitchen has a casual, comfortable atmosphere with a relaxed interior and family-friendly playgrounds. Perfect for an after-work",4.14.1 of 5 bubbles(26 reviews)Dubai,4.14.1 of 5 bubbles(26 reviews)Dubai,,26,RESTAURANT,,https://www.tripadvisor.com/Restaurant_Review-g295424-d12629993-Reviews-Mr_Toad_s_Pub_Kitchen-Dubai_Emirate_of_Dubai.html
(208 reviews),Umm Al Quwain,,,208,,,https://www.tripadvisor.com/Restaurant_Review-g298060-d26859011-Reviews-Souryana_Restaurant_And_Cafe-Ajman_Emirate_of_Ajman.html#REVIEWS
(31 reviews),Umm Al Quwain,,,31,,,https://www.tripadvisor.com/Restaurant_Review-g312739-d33090540-Reviews-The_Copper_Table_Bistro_Uaq-Umm_Al_Quwain_Emirate_of_Umm_Al_Quwain.html#REVIEWS
(9 reviews),Umm Al Quwain,,,9,,,https://www.tripadvisor.com/Restaurant_Review-g312739-d21339643-Reviews-Crab_And_Crack-Umm_Al_Quwain_Emirate_of_Umm_Al_Quwain.html#REVIEWS
(75 reviews),Umm Al Quwain,,,75,,,https://www.tripadvisor.com/Restaurant_Review-g312739-d26843895-Reviews-Palma_Saray_Restaurant_Cafe-Umm_Al_Quwain_Emirate_of_Umm_Al_Quwain.html#REVIEWS
(19 reviews),Umm Al Quwain,,,19,,,https://www.tripadvisor.com/Restaurant_Review-g312739-d23048363-Reviews-Barako_Grill_Barbeque-Umm_Al_Quwain_Emirate_of_Umm_Al_Quwain.html#REVIEWS
(140 reviews),Umm Al Quwain,,,140,,,https://www.tripadvisor.com/Restaurant_Review-g312739-d12220503-Reviews-Thunder_Road_Pizza_Grill_Barracuda-Umm_Al_Quwain_Emirate_of_Umm_Al_Quwain.html#REVIEWS
(39 reviews),Umm Al Quwain,,,39,,,https://www.tripadvisor.com/Restaurant_Review-g312739-d3922362-Reviews-Umm_Al_Quwain_Beach_Restaurant-Umm_Al_Quwain_Emirate_of_Umm_Al_Quwain.html#REVIEWS
(16 reviews),Umm Al Quwain,,,16,,,https://www.tripadvisor.com/Restaurant_Review-g312739-d23831911-Reviews-Little_Bavaria_Beach_Garten-Umm_Al_Quwain_Emirate_of_Umm_Al_Quwain.html#REVIEWS
(135 reviews),Umm Al Quwain,,,135,,,https://www.tripadvisor.com/Restaurant_Review-g312739-d13797198-Reviews-Kitesurf_Beach_Center_Restaurant_Cafe-Umm_Al_Quwain_Emirate_of_Umm_Al_Quwain.html#REVIEWS
(17 reviews),Umm Al Quwain,,,17,,,https://www.tripadvisor.com/Restaurant_Review-g312739-d13113047-Reviews-Sikkat_Beirut-Umm_Al_Quwain_Emirate_of_Umm_Al_Quwain.html#REVIEWS
(20 reviews),Umm Al Quwain,,,20,,,https://www.tripadvisor.com/Restaurant_Review-g312739-d3922364-Reviews-Wady_Al_Neel_Restaurant-Umm_Al_Quwain_Emirate_of_Umm_Al_Quwain.html#REVIEWS
(12 reviews),Umm Al Quwain,,,12,,,https://www.tripadvisor.com/Restaurant_Review-g312739-d3926841-Reviews-Indian_Palace_Restaurant-Umm_Al_Quwain_Emirate_of_Umm_Al_Quwain.html#REVIEWS
(6 reviews),Umm Al Quwain,,,6,,,https://www.tripadvisor.com/Restaurant_Review-g312739-d12379344-Reviews-Bait_al_mandi-Umm_Al_Quwain_Emirate_of_Umm_Al_Quwain.html#REVIEWS
(2 reviews),Umm Al Quwain,,,2,,,https://www.tripadvisor.com/Restaurant_Review-g312739-d21174247-Reviews-Rehan_Al_Madina_Restaurant-Umm_Al_Quwain_Emirate_of_Umm_Al_Quwain.html#REVIEWS
(29 reviews),Umm Al Quwain,,,29,,,https://www.tripadvisor.com/Restaurant_Review-g312739-d24041553-Reviews-Mikoko_Tourism-Umm_Al_Quwain_Emirate_of_Umm_Al_Quwain.html#REVIEWS
(14 reviews),Umm Al Quwain,,,14,,,https://www.tripadvisor.com/Restaurant_Review-g312739-d3922320-Reviews-Al_Ayaam_Restaurant_Grilling-Umm_Al_Quwain_Emirate_of_Umm_Al_Quwain.html#REVIEWS
(6 reviews),Umm Al Quwain,,,6,,,https://www.tripadvisor.com/Restaurant_Review-g312739-d9694646-Reviews-Arab_Sea_Restaurant-Umm_Al_Quwain_Emirate_of_Umm_Al_Quwain.html#REVIEWS
(7 reviews),Umm Al Quwain,,,7,,,https://www.tripadvisor.com/Restaurant_Review-g312739-d15582069-Reviews-Thalassery_Restaurant-Umm_Al_Quwain_Emirate_of_Umm_Al_Quwain.html#REVIEWS
(1 review),Umm Al Quwain,,,1,,,https://www.tripadvisor.com/Restaurant_Review-g312739-d24192823-Reviews-Maamsu_Restaurant-Umm_Al_Quwain_Emirate_of_Umm_Al_Quwain.html#REVIEWS
(3 reviews),Umm Al Quwain,,,3,,,https://www.tripadvisor.com/Restaurant_Review-g312739-d23961595-Reviews-Shakespeare_Co-Umm_Al_Quwain_Emirate_of_Umm_Al_Quwain.html#REVIEWS
(2 reviews),Umm Al Quwain,,,2,,,https://www.tripadvisor.com/Restaurant_Review-g312739-d2422418-Reviews-Taiba_Restuarant_Grill-Umm_Al_Quwain_Emirate_of_Umm_Al_Quwain.html#REVIEWS
(2 reviews),Umm Al Quwain,,,2,,,https://www.tripadvisor.com/Restaurant_Review-g312739-d21349905-Reviews-Chola_Nadu_Restaurant-Umm_Al_Quwain_Emirate_of_Umm_Al_Quwain.html#REVIEWS
(2 reviews),Umm Al Quwain,,,2,,,https://www.tripadvisor.com/Restaurant_Review-g312739-d8873303-Reviews-Pizza_Hut-Umm_Al_Quwain_Emirate_of_Umm_Al_Quwain.html#REVIEWS
(2 reviews),Umm Al Quwain,,,2,,,https://www.tripadvisor.com/Restaurant_Review-g312739-d13335956-Reviews-Racing_Of_Taste_Cafe-Umm_Al_Quwain_Emirate_of_Umm_Al_Quwain.html#REVIEWS
(1 review),Umm Al Quwain,,,1,,,https://www.tripadvisor.com/Restaurant_Review-g312739-d24193425-Reviews-Maamsu_Restaurant_And_Coffee-Umm_Al_Quwain_Emirate_of_Umm_Al_Quwain.html#REVIEWS
(0 reviews),Umm Al Quwain,,,0,,,https://www.tripadvisor.com/Restaurant_Review-g312739-d25019370-Reviews-The_Blue_Corner_Bar_And_Lounge_Uaq-Umm_Al_Quwain_Emirate_of_Umm_Al_Quwain.html#REVIEWS
(8 reviews),Umm Al Quwain,,,8,,,https://www.tripadvisor.com/Restaurant_Review-g312739-d3922363-Reviews-Taiba_Restaurant_Grill-Umm_Al_Quwain_Emirate_of_Umm_Al_Quwain.html#REVIEWS
(1 review),Umm Al Quwain,,,1,,,https://www.tripadvisor.com/Restaurant_Review-g312739-d16787479-Reviews-Madras_Cafe-Umm_Al_Quwain_Emirate_of_Umm_Al_Quwain.html#REVIEWS
(0 reviews),Umm Al Quwain,,,0,,,https://www.tripadvisor.com/Restaurant_Review-g312739-d28101414-Reviews-Quick_Diet-Umm_Al_Quwain_Emirate_of_Umm_Al_Quwain.html#REVIEWS
(0 reviews),Umm Al Quwain,,,0,,,https://www.tripadvisor.com/Restaurant_Review-g312739-d33955090-Reviews-The_Urban_Table_Restaurant-Umm_Al_Quwain_Emirate_of_Umm_Al_Quwain.html#REVIEWS
(0 reviews),Umm Al Quwain,,,0,,,https://www.tripadvisor.com/Restaurant_Review-g312739-d34317686-Reviews-Umm_Al_Quwain_Emirate_of_Umm_Al_Quwain.html#REVIEWS
(1 review),Umm Al Quwain,,,1,,,https://www.tripadvisor.com/Restaurant_Review-g312739-d3922332-Reviews-Cardoba_Restaurant-Umm_Al_Quwain_Emirate_of_Umm_Al_Quwain.html#REVIEWS
Caffeine,Umm Al Quwain,,,0,,,https://www.tripadvisor.com/Restaurant_Review-g312739-d13447966-Reviews-Caffeine-Umm_Al_Quwain_Emirate_of_Umm_Al_Quwain.html
"RESTAURANTLiwa's Restaurant5.05 of 5 bubbles(30 reviews)Laatzen, Lower Saxony, Germany",Lower Saxony,5.05 of 5 bubbles(30 reviews)Laatzen,,30,RESTAURANT,,https://www.tripadvisor.com/Restaurant_Review-g642022-d24080499-Reviews-Liwa_s_Restaurant-Laatzen_Hannover_Lower_Saxony.html
"RESTAURANTOasis Cafe4.34.3 of 5 bubbles(302 reviews)Stillwater, Minnesota",4.34.3 of 5 bubbles(302 reviews)Stillwater,4.34.3 of 5 bubbles(302 reviews)Stillwater,,302,RESTAURANT,,https://www.tripadvisor.com/Restaurant_Review-g43552-d2185320-Reviews-Oasis_Cafe-Stillwater_Minnesota.html
"RESTAURANTOasis Ocean Club4.54.5 of 5 bubbles(462 reviews)Manzanillo, Colima, Mexico",Colima,4.54.5 of 5 bubbles(462 reviews)Manzanillo,,462,RESTAURANT,,https://www.tripadvisor.com/Restaurant_Review-g150791-d1367902-Reviews-Oasis_Ocean_Club-Manzanillo_Pacific_Coast.html
"RESTAURANTOasis Lounge Bar and Restaurant4.84.8 of 5 bubbles(130 reviews)Tamale, Ghana",4.84.8 of 5 bubbles(130 reviews)Tamale,4.84.8 of 5 bubbles(130 reviews)Tamale,,130,RESTAURANT,,https://www.tripadvisor.com/Restaurant_Review-g479205-d11910605-Reviews-Oasis_Lounge_Bar_and_Restaurant-Tamale_Northern_Region.html
"RESTAURANTOasis4.74.7 of 5 bubbles(111 reviews)Kalkan, Türkiye",4.74.7 of 5 bubbles(111 reviews)Kalkan,4.74.7 of 5 bubbles(111 reviews)Kalkan,,111,RESTAURANT,,https://www.tripadvisor.com/Restaurant_Review-g297964-d3386961-Reviews-Oasis-Kalkan_Turkish_Mediterranean_Coast.html
"RESTAURANTOasis Club Salalah4.44.4 of 5 bubbles(452 reviews)Salalah, Oman",4.44.4 of 5 bubbles(452 reviews)Salalah,4.44.4 of 5 bubbles(452 reviews)Salalah,,452,RESTAURANT,,https://www.tripadvisor.com/Restaurant_Review-g298419-d2243251-Reviews-Oasis_Club_Salalah-Salalah_Dhofar_Governorate.html
"RESTAURANTOasis Cafe4.54.5 of 5 bubbles(118 reviews)Luxor, Egypt",4.54.5 of 5 bubbles(118 reviews)Luxor,4.54.5 of 5 bubbles(118 reviews)Luxor,,118,RESTAURANT,,https://www.tripadvisor.com/Restaurant_Review-g294205-d1498083-Reviews-Oasis_Cafe-Luxor_Nile_River_Valley.html
"RESTAURANTOasis on the Beach4.24.2 of 5 bubbles(1,385 reviews)Kapaa, Hawaii",385 reviews)Kapaa,4.24.2 of 5 bubbles(1,,1385,RESTAURANT,,https://www.tripadvisor.com/Restaurant_Review-g60616-d1847210-Reviews-Oasis_on_the_Beach-Kapaa_Kauai_Hawaii.html
"RESTAURANTThe Oasis on Lake Travis3.73.7 of 5 bubbles(3,767 reviews)Austin, Texas",767 reviews)Austin,3.73.7 of 5 bubbles(3,,3767,RESTAURANT,,https://www.tripadvisor.com/Restaurant_Review-g30196-d469869-Reviews-The_Oasis_on_Lake_Travis-Austin_Texas.html
"RESTAURANTOasis4.34.3 of 5 bubbles(295 reviews)Tel Aviv, Israel",4.34.3 of 5 bubbles(295 reviews)Tel Aviv,4.34.3 of 5 bubbles(295 reviews)Tel Aviv,,295,RESTAURANT,,https://www.tripadvisor.com/Restaurant_Review-g293984-d2696146-Reviews-Oasis-Tel_Aviv_Tel_Aviv_District.html
"RESTAURANTOasis Taverna4.54.5 of 5 bubbles(309 reviews)Frangokastello, Chania Prefecture, Greece",Chania Prefecture,4.54.5 of 5 bubbles(309 reviews)Frangokastello,,309,RESTAURANT,,https://www.tripadvisor.com/Restaurant_Review-g1184871-d3512575-Reviews-Oasis_Taverna-Frangokastello_Sfakia_Chania_Prefecture_Crete.html
"RESTAURANTOasis Falafel4.64.6 of 5 bubbles(220 reviews)Iowa City, Iowa",4.64.6 of 5 bubbles(220 reviews)Iowa City,4.64.6 of 5 bubbles(220 reviews)Iowa City,,220,RESTAURANT,,https://www.tripadvisor.com/Restaurant_Review-g38020-d1538847-Reviews-Oasis_Falafel-Iowa_City_Iowa.html
"RESTAURANTOasis Cafe4.84.8 of 5 bubbles(255 reviews)Costa del Silencio, Tenerife, Spain",Tenerife,4.84.8 of 5 bubbles(255 reviews)Costa del Silencio,,255,RESTAURANT,,https://www.tripadvisor.com/Restaurant_Review-g1193637-d1874112-Reviews-Oasis_Cafe-Costa_del_Silencio_Arona_Tenerife_Canary_Islands.html
"RESTAURANTOasis Restaurant & Bar4.84.8 of 5 bubbles(687 reviews)Marmaris, Türkiye",4.84.8 of 5 bubbles(687 reviews)Marmaris,4.84.8 of 5 bubbles(687 reviews)Marmaris,,687,RESTAURANT,,https://www.tripadvisor.com/Restaurant_Review-g298033-d1514869-Reviews-Oasis_Restaurant_Bar-Marmaris_Marmaris_District_Mugla_Province_Turkish_Aegean_Coa.html
"RESTAURANTOasis Taverna & Beach Bar4.74.7 of 5 bubbles(119 reviews)Alykanas, Zakynthos, Greece",Zakynthos,4.74.7 of 5 bubbles(119 reviews)Alykanas,,119,RESTAURANT,,https://www.tripadvisor.com/Restaurant_Review-g1191028-d14891878-Reviews-Oasis_Taverna_Beach_Bar-Alykanas_Zakynthos_Ionian_Islands.html
"RESTAURANTOasis Bar4.64.6 of 5 bubbles(110 reviews)Patong, Thailand",4.64.6 of 5 bubbles(110 reviews)Patong,4.64.6 of 5 bubbles(110 reviews)Patong,,110,RESTAURANT,,https://www.tripadvisor.com/Restaurant_Review-g297930-d4040765-Reviews-Oasis_Bar-Patong_Kathu_Phuket.html
"RESTAURANTChiringuito Oasis Fuengirola4.54.5 of 5 bubbles(451 reviews)Fuengirola, Costa del Sol, Spain",Costa del Sol,4.54.5 of 5 bubbles(451 reviews)Fuengirola,,451,RESTAURANT,,https://www.tripadvisor.com/Restaurant_Review-g315915-d4588255-Reviews-Chiringuito_Oasis_Fuengirola-Fuengirola_Costa_del_Sol_Province_of_Malaga_Andaluci.html
"RESTAURANTRoatan Oasis4.84.8 of 5 bubbles(1,108 reviews)West End, Honduras",108 reviews)West End,4.84.8 of 5 bubbles(1,,1108,RESTAURANT,,https://www.tripadvisor.com/Restaurant_Review-g303875-d3749360-Reviews-Roatan_Oasis-West_End_Roatan_Bay_Islands.html
"RESTAURANTOasis Lounge4.84.8 of 5 bubbles(529 reviews)London, England",4.84.8 of 5 bubbles(529 reviews)London,4.84.8 of 5 bubbles(529 reviews)London,,529,RESTAURANT,,https://www.tripadvisor.com/Restaurant_Review-g186338-d8774534-Reviews-Oasis_Lounge-London_England.html
"RESTAURANTOasis Pool & Bar4.94.9 of 5 bubbles(161 reviews)Dubai, United Arab Emirates",4.94.9 of 5 bubbles(161 reviews)Dubai,4.94.9 of 5 bubbles(161 reviews)Dubai,,161,RESTAURANT,,https://www.tripadvisor.com/Restaurant_Review-g295424-d8796420-Reviews-Oasis_Pool_Bar-Dubai_Emirate_of_Dubai.html
"RESTAURANTThe Oasis Cocktail Bar5.05 of 5 bubbles(137 reviews)Tsilivi (Planos), Zakynthos, Greece",Zakynthos,5.05 of 5 bubbles(137 reviews)Tsilivi (Planos),,137,RESTAURANT,,https://www.tripadvisor.com/Restaurant_Review-g775851-d24180546-Reviews-The_Oasis_Cocktail_Bar-Tsilivi_Planos_Zakynthos_Ionian_Islands.html
"RESTAURANTOasis Tavern4.84.8 of 5 bubbles(2,321 reviews)Poros, Attica, Greece",Attica,"4.84.8 of 5 bubbles(2, 321 reviews)Poros",,2321,RESTAURANT,,https://www.tripadvisor.com/Restaurant_Review-g189494-d2493278-Reviews-Oasis_Tavern-Poros_Saronic_Gulf_Islands_Attica.html
"RESTAURANTOasis Beach Bar and Gastro Entertainment4.74.7 of 5 bubbles(218 reviews)Pefkari, Thásos, Greece",Thásos,4.74.7 of 5 bubbles(218 reviews)Pefkari,,218,RESTAURANT,,https://www.tripadvisor.com/Restaurant_Review-g1161316-d12590007-Reviews-Oasis_Beach_Bar_and_Gastro_Entertainment-Pefkari_Thasos_Northeast_Aegean_Island.html
"RESTAURANTOasis Mediterranean Restaurant4.74.7 of 5 bubbles(121 reviews)Gallup, New Mexico",4.74.7 of 5 bubbles(121 reviews)Gallup,4.74.7 of 5 bubbles(121 reviews)Gallup,,121,RESTAURANT,,https://www.tripadvisor.com/Restaurant_Review-g47042-d13549951-Reviews-Oasis_Mediterranean_Restaurant-Gallup_New_Mexico.html
"RESTAURANTThe View at Oasis4.84.8 of 5 bubbles(178 reviews)Bluff Beach, Panama",4.84.8 of 5 bubbles(178 reviews)Bluff Beach,4.84.8 of 5 bubbles(178 reviews)Bluff Beach,,178,RESTAURANT,,https://www.tripadvisor.com/Restaurant_Review-g12198669-d13224362-Reviews-The_View_at_Oasis-Bluff_Beach_Isla_Colon_Bocas_del_Toro_Province.html
"RESTAURANTOasis Shaved Ice4.94.9 of 5 bubbles(264 reviews)Cocoa Beach, Florida",4.94.9 of 5 bubbles(264 reviews)Cocoa Beach,4.94.9 of 5 bubbles(264 reviews)Cocoa Beach,,264,RESTAURANT,,https://www.tripadvisor.com/Restaurant_Review-g34145-d2471524-Reviews-Oasis_Shaved_Ice-Cocoa_Beach_Brevard_County_Florida.html
"RESTAURANTOasis Bar & Restaurant4.34.3 of 5 bubbles(76 reviews)Hue, Vietnam",4.34.3 of 5 bubbles(76 reviews)Hue,4.34.3 of 5 bubbles(76 reviews)Hue,,76,RESTAURANT,,https://www.tripadvisor.com/Restaurant_Review-g293926-d4583588-Reviews-Oasis_Bar_Restaurant-Hue_Thua_Thien_Hue_Province.html
"RESTAURANTOasis Restaurant4.54.5 of 5 bubbles(704 reviews)Oyster Pond, St Martin / St Maarten",4.54.5 of 5 bubbles(704 reviews)Oyster Pond,4.54.5 of 5 bubbles(704 reviews)Oyster Pond,,704,RESTAURANT,,https://www.tripadvisor.com/Restaurant_Review-g1723175-d1636477-Reviews-Oasis_Restaurant-Oyster_Pond_Sint_Maarten_St_Martin_St_Maarten.html
"RESTAURANTOasis Palace4.74.7 of 5 bubbles(204 reviews)Luxor, Egypt",4.74.7 of 5 bubbles(204 reviews)Luxor,4.74.7 of 5 bubbles(204 reviews)Luxor,,204,RESTAURANT,,https://www.tripadvisor.com/Restaurant_Review-g294205-d2239004-Reviews-Oasis_Palace-Luxor_Nile_River_Valley.html
"RESTAURANTOasis Garden Cafe4.84.8 of 5 bubbles(262 reviews)Paranaque, Philippines",4.84.8 of 5 bubbles(262 reviews)Paranaque,4.84.8 of 5 bubbles(262 reviews)Paranaque,,262,RESTAURANT,,https://www.tripadvisor.com/Restaurant_Review-g312693-d7383324-Reviews-Oasis_Garden_Cafe-Paranaque_Metro_Manila_Luzon.html
(4 reviews),Ghantoot,,,4,,,https://www.tripadvisor.com/Restaurant_Review-g6207107-d8380938-Reviews-Ghantoot_Royal_Restaurant-Ghantoot_Emirate_of_Abu_Dhabi.html#REVIEWS
(2 reviews),Al Mirfa,,,2,,,https://www.tripadvisor.com/Restaurant_Review-g674605-d23930920-Reviews-Al_Snyar_Cafe_Restaurant-Mirfa_Emirate_of_Abu_Dhabi.html#REVIEWS
(0 reviews),Al Mirfa,,,0,,,https://www.tripadvisor.com/Restaurant_Review-g674605-d32765349-Reviews-Sea_Waves_Restaurant-Mirfa_Emirate_of_Abu_Dhabi.html#REVIEWS
(14 reviews),Ruwais Industrial City,,,14,,,https://www.tripadvisor.com/Restaurant_Review-g2144859-d2724087-Reviews-Zaitoun-Ruwais_Emirate_of_Abu_Dhabi.html#REVIEWS
(5 reviews),Ruwais Industrial City,,,5,,,https://www.tripadvisor.com/Restaurant_Review-g2144859-d13966631-Reviews-Danat_Bainuna_Restaurant-Ruwais_Emirate_of_Abu_Dhabi.html#REVIEWS
(3 reviews),Ruwais Industrial City,,,3,,,https://www.tripadvisor.com/Restaurant_Review-g2144859-d25076274-Reviews-Nells_Restaurant-Ruwais_Emirate_of_Abu_Dhabi.html#REVIEWS
(1 review),Ruwais Industrial City,,,1,,,https://www.tripadvisor.com/Restaurant_Review-g2144859-d34116792-Reviews-Jazzine_Shalalath_Restaurant_and_Grills-Ruwais_Emirate_of_Abu_Dhabi.html#REVIEWS
(5 reviews),Ruwais Industrial City,,,5,,,https://www.tripadvisor.com/Restaurant_Review-g2144859-d18314263-Reviews-Low_Calories_Restaurant-Ruwais_Emirate_of_Abu_Dhabi.html#REVIEWS
(7 reviews),Ruwais Industrial City,,,7,,,https://www.tripadvisor.com/Restaurant_Review-g2144859-d8492240-Reviews-Pizza_Hut-Ruwais_Emirate_of_Abu_Dhabi.html#REVIEWS
(10 reviews),Ruwais Industrial City,,,10,,,https://www.tripadvisor.com/Restaurant_Review-g2144859-d14074718-Reviews-4Gamers-Ruwais_Emirate_of_Abu_Dhabi.html#REVIEWS
(3 reviews),Ruwais Industrial City,,,3,,,https://www.tripadvisor.com/Restaurant_Review-g2144859-d13344671-Reviews-KFC-Ruwais_Emirate_of_Abu_Dhabi.html#REVIEWS
"RESTAURANTAl Fassia Gueliz Restaurant4.34.3 of 5 bubbles(379 reviews)Marrakech, Morocco1 mention of Al Faqa""…ghzal, faqas, and ghriba.…""",4.34.3 of 5 bubbles(379 reviews)Marrakech,4.34.3 of 5 bubbles(379 reviews)Marrakech,,379,RESTAURANT,,https://www.tripadvisor.com/Restaurant_Review-g293734-d16693818-Reviews-Al_Fassia_Gueliz_Restaurant-Marrakech_Marrakech_Safi.html
"RESTAURANTTrattoria Al Gazzettino4.54.5 of 5 bubbles(17,738 reviews)Venice, Veneto, Italy",Veneto,"4.54.5 of 5 bubbles(17, 738 reviews)Venice",,17738,RESTAURANT,,https://www.tripadvisor.com/Restaurant_Review-g187870-d1510422-Reviews-Trattoria_Al_Gazzettino-Venice_Veneto.html
"RESTAURANTDa Enzo Al 294.34.3 of 5 bubbles(5,556 reviews)Rome, Lazio, Italy",Lazio,"4.34.3 of 5 bubbles(5, 556 reviews)Rome",,5556,RESTAURANT,,https://www.tripadvisor.com/Restaurant_Review-g187791-d2231399-Reviews-Da_Enzo_Al_29-Rome_Lazio.html
"RESTAURANTAl Khal Egyptian Restaurant4.94.9 of 5 bubbles(3,365 reviews)Cairo, Egypt",365 reviews)Cairo,4.94.9 of 5 bubbles(3,,3365,RESTAURANT,,https://www.tripadvisor.com/Restaurant_Review-g294201-d2715802-Reviews-Al_Khal_Egyptian_Restaurant-Cairo_Cairo_Governorate.html
"RESTAURANTL'Ancora Della Tortuga4.44.4 of 5 bubbles(1,875 reviews)Monterosso al Mare, Italian Riviera, Italy",Italian Riviera,"4.44.4 of 5 bubbles(1, 875 reviews)Monterosso al Mare",,1875,RESTAURANT,,https://www.tripadvisor.com/Restaurant_Review-g187820-d1111538-Reviews-L_Ancora_Della_Tortuga-Monterosso_al_Mare_Cinque_Terre_Italian_Riviera_Liguria.html
"RESTAURANTZaitouna4.94.9 of 5 bubbles(1,773 reviews)Ras Al Khaimah, United Arab Emirates",773 reviews)Ras Al Khaimah,4.94.9 of 5 bubbles(1,,1773,RESTAURANT,,https://www.tripadvisor.com/Restaurant_Review-g298063-d7619379-Reviews-Zaitouna-Ras_Al_Khaimah_Emirate_of_Ras_Al_Khaimah.html
"RESTAURANTFish River Grill4.54.5 of 5 bubbles(981 reviews)Gulf Shores, Alabama",4.54.5 of 5 bubbles(981 reviews)Gulf Shores,4.54.5 of 5 bubbles(981 reviews)Gulf Shores,,981,RESTAURANT,,https://www.tripadvisor.com/Restaurant_Review-g30582-d8002427-Reviews-Fish_River_Grill-Gulf_Shores_Alabama.html
"RESTAURANTGambino's Italian Grill4.84.8 of 5 bubbles(2,572 reviews)Fairhope, Alabama",572 reviews)Fairhope,4.84.8 of 5 bubbles(2,,2572,RESTAURANT,,https://www.tripadvisor.com/Restaurant_Review-g30521-d3599403-Reviews-Gambino_s_Italian_Grill-Fairhope_Alabama.html
"RESTAURANTMosaic Restaurant - Al Muroor4.94.9 of 5 bubbles(1,563 reviews)Abu Dhabi, United Arab Emirates",563 reviews)Abu Dhabi,4.94.9 of 5 bubbles(1,,1563,RESTAURANT,,https://www.tripadvisor.com/Restaurant_Review-g294013-d10430119-Reviews-Mosaic_Restaurant_Al_Muroor-Abu_Dhabi_Emirate_of_Abu_Dhabi.html
"RESTAURANTBahama Bob's Beach Side Cafe4.34.3 of 5 bubbles(2,412 reviews)Gulf Shores, Alabama",412 reviews)Gulf Shores,4.34.3 of 5 bubbles(2,,2412,RESTAURANT,,https://www.tripadvisor.com/Restaurant_Review-g30582-d655775-Reviews-Bahama_Bob_s_Beach_Side_Cafe-Gulf_Shores_Alabama.html
"RESTAURANTRistorante Miky4.44.4 of 5 bubbles(2,546 reviews)Monterosso al Mare, Italian Riviera, Italy",Italian Riviera,"4.44.4 of 5 bubbles(2, 546 reviews)Monterosso al Mare",,2546,RESTAURANT,,https://www.tripadvisor.com/Restaurant_Review-g187820-d1111550-Reviews-Ristorante_Miky-Monterosso_al_Mare_Cinque_Terre_Italian_Riviera_Liguria.html
"RESTAURANTAl Khayma Heritage Restaurant & Cafe4.94.9 of 5 bubbles(1,653 reviews)Dubai, United Arab Emirates",653 reviews)Dubai,4.94.9 of 5 bubbles(1,,1653,RESTAURANT,,https://www.tripadvisor.com/Restaurant_Review-g295424-d23007236-Reviews-Al_Khayma_Heritage_Restaurant_Cafe-Dubai_Emirate_of_Dubai.html
"RESTAURANTAlbaik4.34.3 of 5 bubbles(1,685 reviews)Mecca, Saudi Arabia",685 reviews)Mecca,4.34.3 of 5 bubbles(1,,1685,RESTAURANT,,https://www.tripadvisor.com/Restaurant_Review-g293993-d788527-Reviews-Albaik-Mecca_Makkah_Province.html
"RESTAURANTAl Baik4.44.4 of 5 bubbles(2,396 reviews)Jeddah, Saudi Arabia",396 reviews)Jeddah,4.44.4 of 5 bubbles(2,,2396,RESTAURANT,,https://www.tripadvisor.com/Restaurant_Review-g295419-d806681-Reviews-Al_Baik-Jeddah_Makkah_Province.html
"RESTAURANTThe Rooms Restaurant4.74.7 of 5 bubbles(927 reviews)Tirana, Albania",4.74.7 of 5 bubbles(927 reviews)Tirana,4.74.7 of 5 bubbles(927 reviews)Tirana,,927,RESTAURANT,,https://www.tripadvisor.com/Restaurant_Review-g294446-d8867438-Reviews-The_Rooms_Restaurant-Tirana_Tirana_County.html
"RESTAURANTAl Wadi Restaurant4.84.8 of 5 bubbles(5,630 reviews)Petra - Wadi Musa, Jordan",630 reviews)Petra - Wadi Musa,4.84.8 of 5 bubbles(5,,5630,RESTAURANT,,https://www.tripadvisor.com/Restaurant_Review-g318895-d1191095-Reviews-Al_Wadi_Restaurant-Petra_Wadi_Musa_Ma_an_Governorate.html
"RESTAURANTBurj Al Hamam4.94.9 of 5 bubbles(2,859 reviews)Amman, Jordan",859 reviews)Amman,4.94.9 of 5 bubbles(2,,2859,RESTAURANT,,https://www.tripadvisor.com/Restaurant_Review-g293986-d1181235-Reviews-Burj_Al_Hamam-Amman_Amman_Governorate.html
"RESTAURANTAl Nafoura Lebanese Restaurant4.84.8 of 5 bubbles(1,192 reviews)Jakarta, Indonesia",192 reviews)Jakarta,4.84.8 of 5 bubbles(1,,1192,RESTAURANT,,https://www.tripadvisor.com/Restaurant_Review-g294229-d862663-Reviews-Al_Nafoura_Lebanese_Restaurant-Jakarta_Java.html
"RESTAURANTRistorante Pizzeria Al Saraceno4.54.5 of 5 bubbles(2,025 reviews)Taormina, Italy",025 reviews)Taormina,4.54.5 of 5 bubbles(2,,2025,RESTAURANT,,https://www.tripadvisor.com/Restaurant_Review-g187892-d1023273-Reviews-Ristorante_Pizzeria_Al_Saraceno-Taormina_Province_of_Messina_Sicily.html
"RESTAURANTAl Boom Steak & Seafood Restaurant4.54.5 of 5 bubbles(217 reviews)Kuwait City, Kuwait",4.54.5 of 5 bubbles(217 reviews)Kuwait City,4.54.5 of 5 bubbles(217 reviews)Kuwait City,,217,RESTAURANT,,https://www.tripadvisor.com/Restaurant_Review-g294003-d1101363-Reviews-Al_Boom_Steak_Seafood_Restaurant-Kuwait_City.html
"RESTAURANTAl Punt4.64.6 of 5 bubbles(2,125 reviews)Cambrils, Costa Dorada, Spain",Costa Dorada,"4.64.6 of 5 bubbles(2, 125 reviews)Cambrils",,2125,RESTAURANT,,https://www.tripadvisor.com/Restaurant_Review-g580328-d7258963-Reviews-Al_Punt-Cambrils_Baix_Camp_Costa_Dorada_Province_of_Tarragona_Catalonia.html
"RESTAURANTAl Faro di Portofino Lounge Bar4.44.4 of 5 bubbles(782 reviews)Portofino, Italian Riviera, Italy",Italian Riviera,4.44.4 of 5 bubbles(782 reviews)Portofino,,782,RESTAURANT,,https://www.tripadvisor.com/Restaurant_Review-g187825-d5861871-Reviews-Al_Faro_di_Portofino_Lounge_Bar-Portofino_Italian_Riviera_Liguria.html
"RESTAURANTAl Frio y Al Fuego4.34.3 of 5 bubbles(1,468 reviews)Iquitos, Peru",468 reviews)Iquitos,4.34.3 of 5 bubbles(1,,1468,RESTAURANT,,https://www.tripadvisor.com/Restaurant_Review-g294315-d2182172-Reviews-Al_Frio_y_Al_Fuego-Iquitos_Loreto_Region.html
"RESTAURANTMataam Al Sharq4.84.8 of 5 bubbles(141 reviews)Jeddah, Saudi Arabia",4.84.8 of 5 bubbles(141 reviews)Jeddah,4.84.8 of 5 bubbles(141 reviews)Jeddah,,141,RESTAURANT,,https://www.tripadvisor.com/Restaurant_Review-g295419-d7812156-Reviews-Mataam_Al_Sharq-Jeddah_Makkah_Province.html
"RESTAURANTAl-Sanbok Restaurant4.54.5 of 5 bubbles(941 reviews)Al Khobar, Saudi Arabia",4.54.5 of 5 bubbles(941 reviews)Al Khobar,4.54.5 of 5 bubbles(941 reviews)Al Khobar,,941,RESTAURANT,,https://www.tripadvisor.com/Restaurant_Review-g298545-d1576305-Reviews-Al_Sanbok_Restaurant-Al_Khobar_Eastern_Province.html
"RESTAURANTIntercontinental Al Ferdaus4.74.7 of 5 bubbles(80 reviews)Jeddah, Saudi Arabia",4.74.7 of 5 bubbles(80 reviews)Jeddah,4.74.7 of 5 bubbles(80 reviews)Jeddah,,80,RESTAURANT,,https://www.tripadvisor.com/Restaurant_Review-g295419-d2186966-Reviews-Intercontinental_Al_Ferdaus-Jeddah_Makkah_Province.html
"RESTAURANTAl Dawaar Revolving Restaurant4.84.8 of 5 bubbles(3,579 reviews)Dubai, United Arab Emirates",579 reviews)Dubai,4.84.8 of 5 bubbles(3,,3579,RESTAURANT,,https://www.tripadvisor.com/Restaurant_Review-g295424-d814928-Reviews-Al_Dawaar_Revolving_Restaurant-Dubai_Emirate_of_Dubai.html
"RESTAURANTAl Sangiovese4.54.5 of 5 bubbles(2,455 reviews)Bologna, Emilia-Romagna, Italy",Emilia-Romagna,"4.54.5 of 5 bubbles(2, 455 reviews)Bologna",,2455,RESTAURANT,,https://www.tripadvisor.com/Restaurant_Review-g187801-d1550805-Reviews-Al_Sangiovese-Bologna_Province_of_Bologna_Emilia_Romagna.html
"RESTAURANTAl's Finger Licking Good Bar-B-Que4.64.6 of 5 bubbles(314 reviews)Tampa, Florida",4.64.6 of 5 bubbles(314 reviews)Tampa,4.64.6 of 5 bubbles(314 reviews)Tampa,,314,RESTAURANT,,https://www.tripadvisor.com/Restaurant_Review-g34678-d1983995-Reviews-Al_s_Finger_Licking_Good_Bar_B_Que-Tampa_Florida.html
(6 reviews),Al Hamriyah,,,6,,,https://www.tripadvisor.com/Restaurant_Review-g3195921-d33332650-Reviews-Urth_Caffe_Al_Liwan-Al_Hamala.html#REVIEWS
(6 reviews),Al Hamriyah,,,6,,,https://www.tripadvisor.com/Restaurant_Review-g3195921-d26792406-Reviews-Brunch_Cake_Al_liwan-Al_Hamala.html#REVIEWS
(5 reviews),Al Hamriyah,,,5,,,https://www.tripadvisor.com/Restaurant_Review-g3195921-d12944773-Reviews-Memah_Me-Al_Hamala.html#REVIEWS
(6 reviews),Al Hamriyah,,,6,,,https://www.tripadvisor.com/Restaurant_Review-g3195921-d24562346-Reviews-Gyuto-Al_Hamala.html#REVIEWS
(2 reviews),Al Hamriyah,,,2,,,https://www.tripadvisor.com/Restaurant_Review-g3195921-d26561293-Reviews-Rasmalai-Al_Hamala.html#REVIEWS
(27 reviews),Al Hamriyah,,,27,,,https://www.tripadvisor.com/Restaurant_Review-g3195921-d4830152-Reviews-Sage_Sirloin-Al_Hamala.html#REVIEWS
(2 reviews),Al Hamriyah,,,2,,,https://www.tripadvisor.com/Restaurant_Review-g3195921-d25235504-Reviews-Cast_Iron_Steakhouse-Al_Hamala.html#REVIEWS
(48 reviews),Al Hamriyah,,,48,,,https://www.tripadvisor.com/Restaurant_Review-g3195921-d8403617-Reviews-The_Grub_Shack-Al_Hamala.html#REVIEWS
(11 reviews),Al Hamriyah,,,11,,,https://www.tripadvisor.com/Restaurant_Review-g3195921-d17264924-Reviews-Poke_Kafe-Al_Hamala.html#REVIEWS
(1 review),Al Hamriyah,,,1,,,https://www.tripadvisor.com/Restaurant_Review-g3195921-d15758937-Reviews-Southside_Restaurant-Al_Hamala.html#REVIEWS
(7 reviews),Al Hamriyah,,,7,,,https://www.tripadvisor.com/Restaurant_Review-g3195921-d27111840-Reviews-Anarestan_Iranian_Resturant-Al_Hamala.html#REVIEWS
(9 reviews),Al Hamriyah,,,9,,,https://www.tripadvisor.com/Restaurant_Review-g3195921-d8377666-Reviews-Wrapiola-Al_Hamala.html#REVIEWS
(1 review),Al Hamriyah,,,1,,,https://www.tripadvisor.com/Restaurant_Review-g3195921-d26616790-Reviews-Al_Abraaj_Restaurant_Hamala-Al_Hamala.html#REVIEWS
(1 review),Al Hamriyah,,,1,,,https://www.tripadvisor.com/Restaurant_Review-g3195921-d15756829-Reviews-Tao_Downtown-Al_Hamala.html#REVIEWS
(7 reviews),Al Hamriyah,,,7,,,https://www.tripadvisor.com/Restaurant_Review-g3195921-d7097622-Reviews-Napule_Pizzeria_Ristorante-Al_Hamala.html#REVIEWS
(3 reviews),Al Hamriyah,,,3,,,https://www.tripadvisor.com/Restaurant_Review-g3195921-d8401572-Reviews-Jena-Al_Hamala.html#REVIEWS
(0 reviews),Al Hamriyah,,,0,,,https://www.tripadvisor.com/Restaurant_Review-g3195921-d33332607-Reviews-Chocomelt-Al_Hamala.html#REVIEWS
(0 reviews),Al Hamriyah,,,0,,,https://www.tripadvisor.com/Restaurant_Review-g3195921-d23803527-Reviews-Chef_s_Table_Bistro-Al_Hamala.html#REVIEWS
(0 reviews),Al Hamriyah,,,0,,,https://www.tripadvisor.com/Restaurant_Review-g3195921-d25549885-Reviews-Sun_Moon_Cafeteria-Al_Hamala.html#REVIEWS
(0 reviews),Al Hamriyah,,,0,,,https://www.tripadvisor.com/Restaurant_Review-g3195921-d25224264-Reviews-Cast_Iron_Steakhouse-Al_Hamala.html#REVIEWS
(0 reviews),Al Hamriyah,,,0,,,https://www.tripadvisor.com/Restaurant_Review-g3195921-d21330497-Reviews-Dairy_Queen_Hamala-Al_Hamala.html#REVIEWS
(0 reviews),Al Hamriyah,,,0,,,https://www.tripadvisor.com/Restaurant_Review-g3195921-d33075714-Reviews-Rasmalai_Balti_Cuisine-Al_Hamala.html#REVIEWS
(0 reviews),Al Hamriyah,,,0,,,https://www.tripadvisor.com/Restaurant_Review-g3195921-d33074098-Reviews-Rasmalai_Balti_Cuisine-Al_Hamala.html#REVIEWS
(0 reviews),Al Hamriyah,,,0,,,https://www.tripadvisor.com/Restaurant_Review-g3195921-d23753310-Reviews-Papa_Johns_Pizza-Al_Hamala.html#REVIEWS
(0 reviews),Al Hamriyah,,,0,,,https://www.tripadvisor.com/Restaurant_Review-g3195921-d34267157-Reviews-Five_Guys-Al_Hamala.html#REVIEWS
Arika Home,Al Hamriyah,,,0,,,https://www.tripadvisor.com/Restaurant_Review-g3195921-d33440171-Reviews-Arika_Home-Al_Hamala.html
(30 reviews),Al Jazirah Al Hamra,,,30,,,https://www.tripadvisor.com/Restaurant_Review-g2085520-d26446761-Reviews-The_Frisky_Fox-Al_Jazirat_Al_Hamra_Emirate_of_Ras_Al_Khaimah.html#REVIEWS
(50 reviews),Al Jazirah Al Hamra,,,50,,,https://www.tripadvisor.com/Restaurant_Review-g2085520-d23176059-Reviews-Clubhouse-Al_Jazirat_Al_Hamra_Emirate_of_Ras_Al_Khaimah.html#REVIEWS
(3 reviews),Al Jazirah Al Hamra,,,3,,,https://www.tripadvisor.com/Restaurant_Review-g2085520-d18894000-Reviews-Al_Walaem_Restaurant_Roasting-Al_Jazirat_Al_Hamra_Emirate_of_Ras_Al_Khaimah.html#REVIEWS
(27 reviews),Al Jazirah Al Hamra,,,27,,,https://www.tripadvisor.com/Restaurant_Review-g2085520-d7759849-Reviews-Al_Hamra_Marina_and_Yacht_Club_Restaurant-Al_Jazirat_Al_Hamra_Emirate_of_Ras_Al_.html#REVIEWS
(6 reviews),Al Jazirah Al Hamra,,,6,,,https://www.tripadvisor.com/Restaurant_Review-g2085520-d24168514-Reviews-Masala_Street_Restaurant-Al_Jazirat_Al_Hamra_Emirate_of_Ras_Al_Khaimah.html#REVIEWS
(1 review),Al Jazirah Al Hamra,,,1,,,https://www.tripadvisor.com/Restaurant_Review-g2085520-d28215311-Reviews-Ru_Foods-Al_Jazirat_Al_Hamra_Emirate_of_Ras_Al_Khaimah.html#REVIEWS
(6 reviews),Al Jazirah Al Hamra,,,6,,,https://www.tripadvisor.com/Restaurant_Review-g2085520-d8735473-Reviews-Lebanese_Restaurant-Al_Jazirat_Al_Hamra_Emirate_of_Ras_Al_Khaimah.html#REVIEWS
(2 reviews),Al Jazirah Al Hamra,,,2,,,https://www.tripadvisor.com/Restaurant_Review-g2085520-d25397383-Reviews-Club_Cloud_Nine-Al_Jazirat_Al_Hamra_Emirate_of_Ras_Al_Khaimah.html#REVIEWS
(2 reviews),Al Jazirah Al Hamra,,,2,,,https://www.tripadvisor.com/Restaurant_Review-g2085520-d19244739-Reviews-Dishierto-Al_Jazirat_Al_Hamra_Emirate_of_Ras_Al_Khaimah.html#REVIEWS
(1 review),Al Jazirah Al Hamra,,,1,,,https://www.tripadvisor.com/Restaurant_Review-g2085520-d26449134-Reviews-Social_Kitchen-Al_Jazirat_Al_Hamra_Emirate_of_Ras_Al_Khaimah.html#REVIEWS
(5 reviews),Al Jazirah Al Hamra,,,5,,,https://www.tripadvisor.com/Restaurant_Review-g2085520-d11658683-Reviews-Crepe_De_Paris_Al_Marjan-Al_Jazirat_Al_Hamra_Emirate_of_Ras_Al_Khaimah.html#REVIEWS
(1 review),Al Jazirah Al Hamra,,,1,,,https://www.tripadvisor.com/Restaurant_Review-g2085520-d23131126-Reviews-Cobel_s_Delights_Of_Africa-Al_Jazirat_Al_Hamra_Emirate_of_Ras_Al_Khaimah.html#REVIEWS
(2 reviews),Al Jazirah Al Hamra,,,2,,,https://www.tripadvisor.com/Restaurant_Review-g2085520-d26449140-Reviews-Fresca_Pool_Bar-Al_Jazirat_Al_Hamra_Emirate_of_Ras_Al_Khaimah.html#REVIEWS
(0 reviews),Al Jazirah Al Hamra,,,0,,,https://www.tripadvisor.com/Restaurant_Review-g2085520-d28054592-Reviews-The_Noodle_Room_Express-Al_Jazirat_Al_Hamra_Emirate_of_Ras_Al_Khaimah.html#REVIEWS
(0 reviews),Al Jazirah Al Hamra,,,0,,,https://www.tripadvisor.com/Restaurant_Review-g2085520-d28048173-Reviews-Al_Jazeera_Al_Hamra_Restaurant-Al_Jazirat_Al_Hamra_Emirate_of_Ras_Al_Khaimah.html#REVIEWS
"RESTAURANTThe Wrinkly Rams4.34.3 of 5 bubbles(543 reviews)Ōmārama, New Zealand1 mention of Al RamsThe Wrinkly Rams café is the place to stop for weary travellers seeking refreshment. With clean toilets, espresso coffee, and fresh homemade food you can enjoy a break from your travels. We have Free Wi-Fi available for customers and there's hot chocolates, milkshakes and ice creams for the kids. We welcome your next visit.",4.34.3 of 5 bubbles(543 reviews)Ōmārama,4.34.3 of 5 bubbles(543 reviews)Ōmārama,,543,RESTAURANT,,https://www.tripadvisor.com/Restaurant_Review-g609166-d1576406-Reviews-The_Wrinkly_Rams-Omarama_Canterbury_Region_South_Island.html
"RESTAURANTYoung's - Chelsea Ram4.34.3 of 5 bubbles(206 reviews)London, England",4.34.3 of 5 bubbles(206 reviews)London,4.34.3 of 5 bubbles(206 reviews)London,,206,RESTAURANT,,https://www.tripadvisor.com/Restaurant_Review-g186338-d1018769-Reviews-Young_s_Chelsea_Ram-London_England.html
"RESTAURANTFocus Restaurant - Hyatt Place Dubai Al Rigga4.74.7 of 5 bubbles(73 reviews)Dubai, United Arab Emirates2 mentions of Al RamsFocus Restaurant offers freshly prepared meal options from lunch till dinner – and anything in between. Savor a mouth-watering selection of appetizers, main courses and local favorites. For guests looking at a lighter bite, enjoy our selection of salads or simply order in from Room Service. Plus do look out for the Space Place kids menu that offers favourites like Fish Fingers, Chicken Nuggets, Spaghetti with a choice of sauces and more.",4.74.7 of 5 bubbles(73 reviews)Dubai,4.74.7 of 5 bubbles(73 reviews)Dubai,,73,RESTAURANT,,https://www.tripadvisor.com/Restaurant_Review-g295424-d12940860-Reviews-Focus_Restaurant_Hyatt_Place_Dubai_Al_Rigga-Dubai_Emirate_of_Dubai.html
"RESTAURANTRams Head Dockside4.24.2 of 5 bubbles(59 reviews)Glen Burnie, Maryland",4.24.2 of 5 bubbles(59 reviews)Glen Burnie,4.24.2 of 5 bubbles(59 reviews)Glen Burnie,,59,RESTAURANT,,https://www.tripadvisor.com/Restaurant_Review-g41166-d10712197-Reviews-Rams_Head_Dockside-Glen_Burnie_Maryland.html
"RESTAURANTRams Head4.24.2 of 5 bubbles(467 reviews)Longton, Lancashire, England",Lancashire,4.24.2 of 5 bubbles(467 reviews)Longton,,467,RESTAURANT,,https://www.tripadvisor.com/Restaurant_Review-g2144143-d5483424-Reviews-Rams_Head-Longton_Lancashire_England.html
"RESTAURANTRams Head Inn Restaurant4.14.1 of 5 bubbles(99 reviews)Shelter Island Heights, New York1 mention of Al RamsThe Ram's Head Inn is an inviting seaside getaway on Shelter Island with a relaxing atmosphere, gracious country accommodations, quality dining and warm hospitality. Executive chef Adam West coastal- American menu boasts fresh local produce, game and seafood, accompanied by harvests from the inn's garden. Guests can enjoy the beachfront without worry of heavy currents while enjoying a spectacular sunset.",4.14.1 of 5 bubbles(99 reviews)Shelter Island Heights,4.14.1 of 5 bubbles(99 reviews)Shelter Island Heights,,99,RESTAURANT,,https://www.tripadvisor.com/Restaurant_Review-g8065098-d518517-Reviews-Rams_Head_Inn_Restaurant-Shelter_Island_Heights_Shelter_Island_Long_Island_New_Yo.html
"RESTAURANTRam Restaurant & Brewery3.73.7 of 5 bubbles(186 reviews)Tulalip, Washington",3.73.7 of 5 bubbles(186 reviews)Tulalip,3.73.7 of 5 bubbles(186 reviews)Tulalip,,186,RESTAURANT,,https://www.tripadvisor.com/Restaurant_Review-g7106558-d3792649-Reviews-Ram_Restaurant_Brewery-Tulalip_Washington.html
"RESTAURANTRam Restaurant & Brewery3.53.5 of 5 bubbles(81 reviews)Medford, Oregon",3.53.5 of 5 bubbles(81 reviews)Medford,3.53.5 of 5 bubbles(81 reviews)Medford,,81,RESTAURANT,,https://www.tripadvisor.com/Restaurant_Review-g51965-d11963157-Reviews-Ram_Restaurant_Brewery-Medford_Oregon.html
"RESTAURANTRau Ram Cafe4.24.2 of 5 bubbles(78 reviews)Bacolod, Philippines",4.24.2 of 5 bubbles(78 reviews)Bacolod,4.24.2 of 5 bubbles(78 reviews)Bacolod,,78,RESTAURANT,,https://www.tripadvisor.com/Restaurant_Review-g298464-d4063649-Reviews-Rau_Ram_Cafe-Bacolod_Negros_Occidental_Negros_Island_Visayas.html
"RESTAURANTThe Ram3.93.9 of 5 bubbles(343 reviews)Kingston upon Thames, Greater London, England1 mention of Al RamsRight on the riverside in Kingston, The Ram is a lively pub that brings together great food, a buzzing atmosphere, and beautiful views. Whether you're soaking up the sun on the outdoor terrace or getting cosy inside, there's always a spot to make yourself at home. It's a welcoming space for casual drinks, relaxed dining, or catching up with friends by the water. With a warm vibe and prime location, there's no better place to unwind. Come and enjoy the best of Kingston with us today.",Greater London,3.93.9 of 5 bubbles(343 reviews)Kingston upon Thames,,343,RESTAURANT,,https://www.tripadvisor.com/Restaurant_Review-g504175-d1903793-Reviews-The_Ram-Kingston_upon_Thames_Greater_London_England.html
"RESTAURANTThe Ram Inn3.33.3 of 5 bubbles(599 reviews)West Firle, East Sussex, England",East Sussex,3.33.3 of 5 bubbles(599 reviews)West Firle,,599,RESTAURANT,,https://www.tripadvisor.com/Restaurant_Review-g4559718-d2267899-Reviews-The_Ram_Inn-West_Firle_East_Sussex_England.html
"RESTAURANTAl's Restaurant3.53.5 of 5 bubbles(86 reviews)Saint Louis, Missouri2 mentions of Al RamsAl's has defined fine-dining in St. Louis for 100 years; a beloved landmark that earned its reputation as one of the top restaurants in the U.S. Featuring award-winning steaks, lobster, seafood and pasta, Al's creates the total dining experience. Fresh menu presentation, elegant tableside service, beautiful ambiance, generous portions and excellent wine list are the standard. Traditional offerings plus signature dishes like, ""Beef Romano"". Bananas Foster is a must for a rich after dinner indulgence, or perhaps one of our coffee specialties. 3rd &amp; 4th generations of the Barroni family invite you to join us for a nightly celebration of outstanding food, wine and ambiance.<br /><br />Al's Restaurant is a City of St. Louis Historical Landmark (#130) &amp; EMMY award recipient. We are in close proximity to entertainment and sports venues, city attractions, beautiful hotels &amp; casinos. Reservations are required with credit card to hold - refer to www.alsrestaurant.net or 314-421-6399 for more information.",3.53.5 of 5 bubbles(86 reviews)Saint Louis,3.53.5 of 5 bubbles(86 reviews)Saint Louis,,86,RESTAURANT,,https://www.tripadvisor.com/Restaurant_Review-g44881-d486332-Reviews-Al_s_Restaurant-Saint_Louis_Missouri.html
"RESTAURANTThe Rams Head Inn3.83.8 of 5 bubbles(539 reviews)Denshaw, Greater Manchester, England",Greater Manchester,3.83.8 of 5 bubbles(539 reviews)Denshaw,,539,RESTAURANT,,https://www.tripadvisor.com/Restaurant_Review-g944385-d2071994-Reviews-The_Rams_Head_Inn-Denshaw_Oldham_Greater_Manchester_England.html
"RESTAURANTSalt & Pepper Restaurant4.94.9 of 5 bubbles(451 reviews)Muscat, Oman",4.94.9 of 5 bubbles(451 reviews)Muscat,4.94.9 of 5 bubbles(451 reviews)Muscat,,451,RESTAURANT,,https://www.tripadvisor.com/Restaurant_Review-g1940497-d19298624-Reviews-Salt_Pepper_Restaurant-Muscat_Muscat_Governorate.html
"RESTAURANTAl Khan4.84.8 of 5 bubbles(204 reviews)Sharjah, United Arab Emirates",4.84.8 of 5 bubbles(204 reviews)Sharjah,4.84.8 of 5 bubbles(204 reviews)Sharjah,,204,RESTAURANT,,https://www.tripadvisor.com/Restaurant_Review-g298064-d21249786-Reviews-Al_Khan-Sharjah_Emirate_of_Sharjah.html
"RESTAURANTJarnen at Souq Al Wakra Hotel Qatar By Tivoli4.74.7 of 5 bubbles(177 reviews)Al Wakrah, Qatar",4.74.7 of 5 bubbles(177 reviews)Al Wakrah,4.74.7 of 5 bubbles(177 reviews)Al Wakrah,,177,RESTAURANT,,https://www.tripadvisor.com/Restaurant_Review-g3221436-d14983750-Reviews-Jarnen_at_Souq_Al_Wakra_Hotel_Qatar_By_Tivoli-Al_Wakrah.html
"RESTAURANTNando's Al Ain Mall4.74.7 of 5 bubbles(120 reviews)Al Ain, United Arab Emirates",4.74.7 of 5 bubbles(120 reviews)Al Ain,4.74.7 of 5 bubbles(120 reviews)Al Ain,,120,RESTAURANT,,https://www.tripadvisor.com/Restaurant_Review-g298061-d3918178-Reviews-Nando_s_Al_Ain_Mall-Al_Ain_Emirate_of_Abu_Dhabi.html
"RESTAURANTAl Liwan Restaurant4.84.8 of 5 bubbles(482 reviews)Doha, Qatar",4.84.8 of 5 bubbles(482 reviews)Doha,4.84.8 of 5 bubbles(482 reviews)Doha,,482,RESTAURANT,,https://www.tripadvisor.com/Restaurant_Review-g294009-d8814441-Reviews-Al_Liwan_Restaurant-Doha.html
"RESTAURANTCardenal Ram4.14.1 of 5 bubbles(355 reviews)Morella, Valencian Community, Spain",Valencian Community,4.14.1 of 5 bubbles(355 reviews)Morella,,355,RESTAURANT,,https://www.tripadvisor.com/Restaurant_Review-g947011-d993632-Reviews-Cardenal_Ram-Morella_Province_of_Castellon_Valencian_Community.html
"RESTAURANTKamat Vegetarian Restaurant4.04 of 5 bubbles(88 reviews)Muscat, Oman",4.04 of 5 bubbles(88 reviews)Muscat,4.04 of 5 bubbles(88 reviews)Muscat,,88,RESTAURANT,,https://www.tripadvisor.com/Restaurant_Review-g1940497-d1094180-Reviews-Kamat_Vegetarian_Restaurant-Muscat_Muscat_Governorate.html
"RESTAURANTAl Fresco - The American Bistro4.74.7 of 5 bubbles(14 reviews)Mumbai, India1 mention of Al Rams“The Alfresco” - An open air Bistro is designed to supersede the taste buds of all you Food Lovers. It boasts of crafted Chef’s signature dishes from Grilled Norwegian Salmon to Japanese Frito Misto & Mexican Quesadillas. Menu also features few classics like Risotto , Hand rolled thin crust Pizzas, Turkish pastrami & Barbequed American wings.",4.74.7 of 5 bubbles(14 reviews)Mumbai,4.74.7 of 5 bubbles(14 reviews)Mumbai,,14,RESTAURANT,,https://www.tripadvisor.com/Restaurant_Review-g304554-d15598550-Reviews-Al_Fresco_The_American_Bistro-Mumbai_Maharashtra.html
"RESTAURANTCafe Chic Sofitel Al Khobar4.54.5 of 5 bubbles(79 reviews)Al Khobar, Saudi Arabia",4.54.5 of 5 bubbles(79 reviews)Al Khobar,4.54.5 of 5 bubbles(79 reviews)Al Khobar,,79,RESTAURANT,,https://www.tripadvisor.com/Restaurant_Review-g298545-d5041837-Reviews-Cafe_Chic_Sofitel_Al_Khobar-Al_Khobar_Eastern_Province.html
"RESTAURANTZale Beach Club & Lounge4.44.4 of 5 bubbles(164 reviews)Muscat, Oman",4.44.4 of 5 bubbles(164 reviews)Muscat,4.44.4 of 5 bubbles(164 reviews)Muscat,,164,RESTAURANT,,https://www.tripadvisor.com/Restaurant_Review-g1940497-d14048342-Reviews-Zale_Beach_Club_Lounge-Muscat_Muscat_Governorate.html
"RESTAURANTMeat Point4.74.7 of 5 bubbles(236 reviews)Ras Al Khaimah, United Arab Emirates",4.74.7 of 5 bubbles(236 reviews)Ras Al Khaimah,4.74.7 of 5 bubbles(236 reviews)Ras Al Khaimah,,236,RESTAURANT,,https://www.tripadvisor.com/Restaurant_Review-g298063-d8361048-Reviews-Meat_Point-Ras_Al_Khaimah_Emirate_of_Ras_Al_Khaimah.html
"RESTAURANTLalezar4.84.8 of 5 bubbles(38 reviews)Ras Al Khaimah, United Arab Emirates",4.84.8 of 5 bubbles(38 reviews)Ras Al Khaimah,4.84.8 of 5 bubbles(38 reviews)Ras Al Khaimah,,38,RESTAURANT,,https://www.tripadvisor.com/Restaurant_Review-g298063-d17332021-Reviews-Lalezar-Ras_Al_Khaimah_Emirate_of_Ras_Al_Khaimah.html
"RESTAURANTClaw Bbq Rak4.94.9 of 5 bubbles(1,298 reviews)Ras Al Khaimah, United Arab Emirates",298 reviews)Ras Al Khaimah,4.94.9 of 5 bubbles(1,,1298,RESTAURANT,,https://www.tripadvisor.com/Restaurant_Review-g298063-d23509344-Reviews-Claw_Bbq_Rak-Ras_Al_Khaimah_Emirate_of_Ras_Al_Khaimah.html
"RESTAURANTBarbeque Nation - Al Khuwair, Muscat4.84.8 of 5 bubbles(31 reviews)Muscat, Oman",4.84.8 of 5 bubbles(31 reviews)Muscat,4.84.8 of 5 bubbles(31 reviews)Muscat,,31,RESTAURANT,,https://www.tripadvisor.com/Restaurant_Review-g1940497-d17440614-Reviews-Barbeque_Nation_Al_Khuwair_Muscat-Muscat_Muscat_Governorate.html
"RESTAURANTSamba4.84.8 of 5 bubbles(634 reviews)Muscat, Oman",4.84.8 of 5 bubbles(634 reviews)Muscat,4.84.8 of 5 bubbles(634 reviews)Muscat,,634,RESTAURANT,,https://www.tripadvisor.com/Restaurant_Review-g1940497-d2310354-Reviews-Samba-Muscat_Muscat_Governorate.html
"RESTAURANTHigh So Al Barsha4.04 of 5 bubbles(104 reviews)Dubai, United Arab Emirates",4.04 of 5 bubbles(104 reviews)Dubai,4.04 of 5 bubbles(104 reviews)Dubai,,104,RESTAURANT,,https://www.tripadvisor.com/Restaurant_Review-g295424-d7166216-Reviews-High_So_Al_Barsha-Dubai_Emirate_of_Dubai.html
"RESTAURANTRam's Head Bar4.04 of 5 bubbles(345 reviews)Timberline Lodge, Oregon",4.04 of 5 bubbles(345 reviews)Timberline Lodge,4.04 of 5 bubbles(345 reviews)Timberline Lodge,,345,RESTAURANT,,https://www.tripadvisor.com/Restaurant_Review-g52100-d1453549-Reviews-Ram_s_Head_Bar-Timberline_Lodge_Clackamas_County_Oregon.html
(48 reviews),Digdaga,,,48,,,https://www.tripadvisor.com/Restaurant_Review-g1162533-d10701502-Reviews-The_Bite-Digha_East_Midnapore_District_West_Bengal.html#REVIEWS
(23 reviews),Digdaga,,,23,,,https://www.tripadvisor.com/Restaurant_Review-g1162533-d14131558-Reviews-Restaurant_Bhorpet-Digha_East_Midnapore_District_West_Bengal.html#REVIEWS
(18 reviews),Digdaga,,,18,,,https://www.tripadvisor.com/Restaurant_Review-g1162533-d16880928-Reviews-Mahabhoj_Restauraunt-Digha_East_Midnapore_District_West_Bengal.html#REVIEWS
(4 reviews),Digdaga,,,4,,,https://www.tripadvisor.com/Restaurant_Review-g1162533-d27523760-Reviews-Swade_Alhade-Digha_East_Midnapore_District_West_Bengal.html#REVIEWS
(34 reviews),Digdaga,,,34,,,https://www.tripadvisor.com/Restaurant_Review-g1162533-d10265192-Reviews-Hotel_Purbasha_Restaurant-Digha_East_Midnapore_District_West_Bengal.html#REVIEWS
(2 reviews),Digdaga,,,2,,,https://www.tripadvisor.com/Restaurant_Review-g1162533-d33675099-Reviews-The_Petuk-Digha_East_Midnapore_District_West_Bengal.html#REVIEWS
(4 reviews),Digdaga,,,4,,,https://www.tripadvisor.com/Restaurant_Review-g1162533-d27719199-Reviews-Bong_Pizza_Old_Digha-Digha_East_Midnapore_District_West_Bengal.html#REVIEWS
(96 reviews),Digdaga,,,96,,,https://www.tripadvisor.com/Restaurant_Review-g1162533-d9812952-Reviews-Wow_Momo-Digha_East_Midnapore_District_West_Bengal.html#REVIEWS
(12 reviews),Digdaga,,,12,,,https://www.tripadvisor.com/Restaurant_Review-g1162533-d11912608-Reviews-Nabaratno_Restaurant-Digha_East_Midnapore_District_West_Bengal.html#REVIEWS
(26 reviews),Digdaga,,,26,,,https://www.tripadvisor.com/Restaurant_Review-g1162533-d9776963-Reviews-Wow_Momo-Digha_East_Midnapore_District_West_Bengal.html#REVIEWS
(12 reviews),Digdaga,,,12,,,https://www.tripadvisor.com/Restaurant_Review-g1162533-d12036037-Reviews-Pabitra_Hotel_Restaurent-Digha_East_Midnapore_District_West_Bengal.html#REVIEWS
(8 reviews),Digdaga,,,8,,,https://www.tripadvisor.com/Restaurant_Review-g1162533-d15003099-Reviews-Aqua_blues-Digha_East_Midnapore_District_West_Bengal.html#REVIEWS
(9 reviews),Digdaga,,,9,,,https://www.tripadvisor.com/Restaurant_Review-g1162533-d20967987-Reviews-Piu_r_Rannaghar-Digha_East_Midnapore_District_West_Bengal.html#REVIEWS
(4 reviews),Digdaga,,,4,,,https://www.tripadvisor.com/Restaurant_Review-g1162533-d17375241-Reviews-Digha_Dhaba_Restaurant-Digha_East_Midnapore_District_West_Bengal.html#REVIEWS
(11 reviews),Digdaga,,,11,,,https://www.tripadvisor.com/Restaurant_Review-g1162533-d11645416-Reviews-Maa_Tarini_Restaurant-Digha_East_Midnapore_District_West_Bengal.html#REVIEWS
(3 reviews),Digdaga,,,3,,,https://www.tripadvisor.com/Restaurant_Review-g1162533-d17695526-Reviews-Nimantran_Restaurant-Digha_East_Midnapore_District_West_Bengal.html#REVIEWS
(1 review),Digdaga,,,1,,,https://www.tripadvisor.com/Restaurant_Review-g1162533-d27657147-Reviews-Mio_Amore_The_Cake_Shop_Old_Digha-Digha_East_Midnapore_District_West_Bengal.html#REVIEWS
(8 reviews),Digdaga,,,8,,,https://www.tripadvisor.com/Restaurant_Review-g1162533-d10696503-Reviews-Canteen_Hotel_Restaurant-Digha_East_Midnapore_District_West_Bengal.html#REVIEWS
(0 reviews),Digdaga,,,0,,,https://www.tripadvisor.com/Restaurant_Review-g1162533-d28157585-Reviews-Omilipi_Kitchen-Digha_East_Midnapore_District_West_Bengal.html#REVIEWS
(0 reviews),Digdaga,,,0,,,https://www.tripadvisor.com/Restaurant_Review-g1162533-d27657138-Reviews-Cafe_By_The_Sea_Digha-Digha_East_Midnapore_District_West_Bengal.html#REVIEWS
(0 reviews),Digdaga,,,0,,,https://www.tripadvisor.com/Restaurant_Review-g1162533-d27657145-Reviews-Aditya_International_Restaurant-Digha_East_Midnapore_District_West_Bengal.html#REVIEWS
(0 reviews),Digdaga,,,0,,,https://www.tripadvisor.com/Restaurant_Review-g1162533-d27657153-Reviews-Kanupayra_Market-Digha_East_Midnapore_District_West_Bengal.html#REVIEWS
(0 reviews),Shamal,,,0,,,https://www.tripadvisor.com/Restaurant_Review-g21346024-d27679812-Reviews-Breakpoint_Restaurant-Shamli_Shamli_District_Uttar_Pradesh.html#REVIEWS
(0 reviews),Shamal,,,0,,,https://www.tripadvisor.com/Restaurant_Review-g21346024-d27679792-Reviews-King_Pizza_Cafe_Shamli-Shamli_Shamli_District_Uttar_Pradesh.html#REVIEWS
(0 reviews),Shamal,,,0,,,https://www.tripadvisor.com/Restaurant_Review-g21346024-d27679795-Reviews-The_Pizza_Dine-Shamli_Shamli_District_Uttar_Pradesh.html#REVIEWS
(0 reviews),Shamal,,,0,,,https://www.tripadvisor.com/Restaurant_Review-g21346024-d27679784-Reviews-Happy_Hours_Cafe-Shamli_Shamli_District_Uttar_Pradesh.html#REVIEWS
(0 reviews),Shamal,,,0,,,https://www.tripadvisor.com/Restaurant_Review-g21346024-d27679804-Reviews-Riders_Pizza_Shamli-Shamli_Shamli_District_Uttar_Pradesh.html#REVIEWS
(0 reviews),Shamal,,,0,,,https://www.tripadvisor.com/Restaurant_Review-g21346024-d27679789-Reviews-Biggies_Pizza_Shamli-Shamli_Shamli_District_Uttar_Pradesh.html#REVIEWS
(0 reviews),Shamal,,,0,,,https://www.tripadvisor.com/Restaurant_Review-g21346024-d27679799-Reviews-Malik_Restaurant-Shamli_Shamli_District_Uttar_Pradesh.html#REVIEWS
(0 reviews),Shamal,,,0,,,https://www.tripadvisor.com/Restaurant_Review-g21346024-d27590417-Reviews-Maa_Bhagwati_Jyotish_Centre-Shamli_Shamli_District_Uttar_Pradesh.html#REVIEWS
(796 reviews),Al Aqah,,,796,,,https://www.tripadvisor.com/Restaurant_Review-g8838574-d17144822-Reviews-NAMA-Al_Aqah_Emirate_of_Fujairah.html#REVIEWS
(665 reviews),Al Aqah,,,665,,,https://www.tripadvisor.com/Restaurant_Review-g8838574-d17154533-Reviews-DRiFT-Al_Aqah_Emirate_of_Fujairah.html#REVIEWS
(266 reviews),Al Aqah,,,266,,,https://www.tripadvisor.com/Restaurant_Review-g8838574-d15360926-Reviews-La_Cucina-Al_Aqah_Emirate_of_Fujairah.html#REVIEWS
(252 reviews),Al Aqah,,,252,,,https://www.tripadvisor.com/Restaurant_Review-g8838574-d17145905-Reviews-Horizon_Lounge_Bar-Al_Aqah_Emirate_of_Fujairah.html#REVIEWS
(111 reviews),Al Aqah,,,111,,,https://www.tripadvisor.com/Restaurant_Review-g8838574-d23280462-Reviews-The_Restaurant_at_Address_Beach_Resort_Fujairah-Al_Aqah_Emirate_of_Fujairah.html#REVIEWS
(139 reviews),Al Aqah,,,139,,,https://www.tripadvisor.com/Restaurant_Review-g8838574-d3921241-Reviews-Waves_Beach_Restaurant-Al_Aqah_Emirate_of_Fujairah.html#REVIEWS
(7 reviews),Al Aqah,,,7,,,https://www.tripadvisor.com/Restaurant_Review-g8838574-d26106229-Reviews-Nautilus_Seafood_Restaurant-Al_Aqah_Emirate_of_Fujairah.html#REVIEWS
(144 reviews),Al Aqah,,,144,,,https://www.tripadvisor.com/Restaurant_Review-g8838574-d3921236-Reviews-Sharkeys_Bar-Al_Aqah_Emirate_of_Fujairah.html#REVIEWS
(39 reviews),Al Aqah,,,39,,,https://www.tripadvisor.com/Restaurant_Review-g8838574-d3921251-Reviews-Tropicana_Pool_Bar-Al_Aqah_Emirate_of_Fujairah.html#REVIEWS
(94 reviews),Al Aqah,,,94,,,https://www.tripadvisor.com/Restaurant_Review-g8838574-d3921201-Reviews-Mozaique_All_Day_Dining-Al_Aqah_Emirate_of_Fujairah.html#REVIEWS
(15 reviews),Al Aqah,,,15,,,https://www.tripadvisor.com/Restaurant_Review-g8838574-d3921105-Reviews-Al_Falaj_Lobby_Cafe-Al_Aqah_Emirate_of_Fujairah.html#REVIEWS
(4 reviews),Al Aqah,,,4,,,https://www.tripadvisor.com/Restaurant_Review-g8838574-d23814654-Reviews-Kebab_Albastakiah-Al_Aqah_Emirate_of_Fujairah.html#REVIEWS
(15 reviews),Al Aqah,,,15,,,https://www.tripadvisor.com/Restaurant_Review-g8838574-d12434513-Reviews-Bar_Muda-Al_Aqah_Emirate_of_Fujairah.html#REVIEWS
(1 review),Dibba Al Hisn,,,1,,,https://www.tripadvisor.com/Restaurant_Review-g2630267-d33068324-Reviews-Wave_Cafe_Restaurant-Dibba_Al_Hisn_Emirate_of_Sharjah.html#REVIEWS
(1 review),Dibba Al Hisn,,,1,,,https://www.tripadvisor.com/Restaurant_Review-g2630267-d25378584-Reviews-One_Love-Dibba_Al_Hisn_Emirate_of_Sharjah.html#REVIEWS
(0 reviews),Dibba Al Hisn,,,0,,,https://www.tripadvisor.com/Restaurant_Review-g2630267-d25215478-Reviews-Falafel_Al_Nile_Dibba-Dibba_Al_Hisn_Emirate_of_Sharjah.html#REVIEWS
(0 reviews),Dibba Al Hisn,,,0,,,https://www.tripadvisor.com/Restaurant_Review-g2630267-d23470003-Reviews-LOZ_Cafe-Dibba_Al_Hisn_Emirate_of_Sharjah.html#REVIEWS
One Love,Dibba Al Hisn,,,0,,,https://www.tripadvisor.com/Restaurant_Review-g2630267-d23717474-Reviews-One_Love-Dibba_Al_Hisn_Emirate_of_Sharjah.html
"RESTAURANTWide Range Jumeirah Beach3.33.3 of 5 bubbles(12 reviews)Dubai, United Arab Emirates",3.33.3 of 5 bubbles(12 reviews)Dubai,3.33.3 of 5 bubbles(12 reviews)Dubai,,12,RESTAURANT,,https://www.tripadvisor.com/Restaurant_Review-g295424-d10799686-Reviews-Wide_Range_Jumeirah_Beach-Dubai_Emirate_of_Dubai.html
"RESTAURANTNuska Beach4.54.5 of 5 bubbles(190 reviews)Dubai, United Arab Emirates",4.54.5 of 5 bubbles(190 reviews)Dubai,4.54.5 of 5 bubbles(190 reviews)Dubai,,190,RESTAURANT,,https://www.tripadvisor.com/Restaurant_Review-g295424-d25091659-Reviews-Nuska_Beach-Dubai_Emirate_of_Dubai.html
"RESTAURANTBeach Lounge4.74.7 of 5 bubbles(110 reviews)Dubai, United Arab Emirates",4.74.7 of 5 bubbles(110 reviews)Dubai,4.74.7 of 5 bubbles(110 reviews)Dubai,,110,RESTAURANT,,https://www.tripadvisor.com/Restaurant_Review-g295424-d8659358-Reviews-Beach_Lounge-Dubai_Emirate_of_Dubai.html
"RESTAURANTYara Jumeirah5.05 of 5 bubbles(2,881 reviews)Dubai, United Arab Emirates",881 reviews)Dubai,5.05 of 5 bubbles(2,,2881,RESTAURANT,,https://www.tripadvisor.com/Restaurant_Review-g295424-d26551270-Reviews-Yara_Jumeirah-Dubai_Emirate_of_Dubai.html
"RESTAURANTBeach By FIVE4.94.9 of 5 bubbles(498 reviews)Dubai, United Arab Emirates",4.94.9 of 5 bubbles(498 reviews)Dubai,4.94.9 of 5 bubbles(498 reviews)Dubai,,498,RESTAURANT,,https://www.tripadvisor.com/Restaurant_Review-g295424-d24164824-Reviews-Beach_By_FIVE-Dubai_Emirate_of_Dubai.html
"RESTAURANTVilla Beach Restaurant4.54.5 of 5 bubbles(616 reviews)Dubai, United Arab Emirates",4.54.5 of 5 bubbles(616 reviews)Dubai,4.54.5 of 5 bubbles(616 reviews)Dubai,,616,RESTAURANT,,https://www.tripadvisor.com/Restaurant_Review-g295424-d967340-Reviews-Villa_Beach_Restaurant-Dubai_Emirate_of_Dubai.html
"RESTAURANTShimmers4.54.5 of 5 bubbles(1,990 reviews)Dubai, United Arab Emirates",990 reviews)Dubai,4.54.5 of 5 bubbles(1,,1990,RESTAURANT,,https://www.tripadvisor.com/Restaurant_Review-g295424-d3379568-Reviews-Shimmers-Dubai_Emirate_of_Dubai.html
"RESTAURANTEauzone4.44.4 of 5 bubbles(592 reviews)Dubai, United Arab Emirates",4.44.4 of 5 bubbles(592 reviews)Dubai,4.44.4 of 5 bubbles(592 reviews)Dubai,,592,RESTAURANT,,https://www.tripadvisor.com/Restaurant_Review-g295424-d941816-Reviews-Eauzone-Dubai_Emirate_of_Dubai.html
"RESTAURANTMakifornia - Jumeirah4.94.9 of 5 bubbles(79 reviews)Dubai, United Arab Emirates",4.94.9 of 5 bubbles(79 reviews)Dubai,4.94.9 of 5 bubbles(79 reviews)Dubai,,79,RESTAURANT,,https://www.tripadvisor.com/Restaurant_Review-g295424-d26972017-Reviews-Makifornia_Jumeirah-Dubai_Emirate_of_Dubai.html
"RESTAURANTAkasa Jumeirah Bali4.94.9 of 5 bubbles(566 reviews)Pecatu, Indonesia",4.94.9 of 5 bubbles(566 reviews)Pecatu,4.94.9 of 5 bubbles(566 reviews)Pecatu,,566,RESTAURANT,,https://www.tripadvisor.com/Restaurant_Review-g1380108-d25181518-Reviews-Akasa_Jumeirah_Bali-Pecatu_Bukit_Peninsula_Bali.html
"RESTAURANTBosporus Turkish Cuisine - Jumeirah4.14.1 of 5 bubbles(319 reviews)Dubai, United Arab Emirates",4.14.1 of 5 bubbles(319 reviews)Dubai,4.14.1 of 5 bubbles(319 reviews)Dubai,,319,RESTAURANT,,https://www.tripadvisor.com/Restaurant_Review-g295424-d2536010-Reviews-Bosporus_Turkish_Cuisine_Jumeirah-Dubai_Emirate_of_Dubai.html
"RESTAURANTKoko Bay4.54.5 of 5 bubbles(573 reviews)Dubai, United Arab Emirates",4.54.5 of 5 bubbles(573 reviews)Dubai,4.54.5 of 5 bubbles(573 reviews)Dubai,,573,RESTAURANT,,https://www.tripadvisor.com/Restaurant_Review-g295424-d21351306-Reviews-Koko_Bay-Dubai_Emirate_of_Dubai.html
"RESTAURANTAmmoudi Fish Tavern4.14.1 of 5 bubbles(3,616 reviews)Oia, South Aegean, Greece",South Aegean,"4.14.1 of 5 bubbles(3, 616 reviews)Oia",,3616,RESTAURANT,,https://www.tripadvisor.com/Restaurant_Review-g482941-d4548072-Reviews-Ammoudi_Fish_Tavern-Oia_Santorini_Cyclades_South_Aegean.html
"RESTAURANTSunset Grille4.54.5 of 5 bubbles(2,249 reviews)Ocean City, Maryland",249 reviews)Ocean City,4.54.5 of 5 bubbles(2,,2249,RESTAURANT,,https://www.tripadvisor.com/Restaurant_Review-g41298-d666003-Reviews-Sunset_Grille-Ocean_City_Maryland.html
"RESTAURANTMadame Janette4.44.4 of 5 bubbles(8,294 reviews)Palm - Eagle Beach, Aruba",294 reviews)Palm - Eagle Beach,4.44.4 of 5 bubbles(8,,8294,RESTAURANT,,https://www.tripadvisor.com/Restaurant_Review-g147249-d1060191-Reviews-Madame_Janette-Palm_Eagle_Beach_Aruba.html
"RESTAURANTRosa Negra Tulum4.74.7 of 5 bubbles(3,944 reviews)Tulum Beach, Quintana Roo, Mexico",Quintana Roo,"4.74.7 of 5 bubbles(3, 944 reviews)Tulum Beach",,3944,RESTAURANT,,https://www.tripadvisor.com/Restaurant_Review-g23240074-d13202496-Reviews-Rosa_Negra_Tulum-Tulum_Beach_Tulum_Yucatan_Peninsula.html
"RESTAURANTAcme Lowcountry Kitchen4.74.7 of 5 bubbles(4,284 reviews)Isle of Palms, South Carolina",284 reviews)Isle of Palms,4.74.7 of 5 bubbles(4,,4284,RESTAURANT,,https://www.tripadvisor.com/Restaurant_Review-g54283-d476160-Reviews-Acme_Lowcountry_Kitchen-Isle_of_Palms_South_Carolina.html
"RESTAURANTOlde Nola Cookery4.74.7 of 5 bubbles(4,673 reviews)New Orleans, Louisiana",673 reviews)New Orleans,4.74.7 of 5 bubbles(4,,4673,RESTAURANT,,https://www.tripadvisor.com/Restaurant_Review-g60864-d2333058-Reviews-Olde_Nola_Cookery-New_Orleans_Louisiana.html
"RESTAURANTOceana Coastal Kitchen4.74.7 of 5 bubbles(1,246 reviews)San Diego, California",246 reviews)San Diego,4.74.7 of 5 bubbles(1,,1246,RESTAURANT,,https://www.tripadvisor.com/Restaurant_Review-g60750-d7379443-Reviews-Oceana_Coastal_Kitchen-San_Diego_California.html
"RESTAURANTGianni's Ristorante Italiano4.44.4 of 5 bubbles(10,283 reviews)Palm - Eagle Beach, Aruba",283 reviews)Palm - Eagle Beach,4.44.4 of 5 bubbles(10,,10283,RESTAURANT,,https://www.tripadvisor.com/Restaurant_Review-g147249-d941846-Reviews-Gianni_s_Ristorante_Italiano-Palm_Eagle_Beach_Aruba.html
"RESTAURANTBademiya3.83.8 of 5 bubbles(2,231 reviews)Mumbai, India",231 reviews)Mumbai,3.83.8 of 5 bubbles(2,,2231,RESTAURANT,,https://www.tripadvisor.com/Restaurant_Review-g304554-d779818-Reviews-Bademiya-Mumbai_Maharashtra.html
"RESTAURANTChao Leh Kitchen4.94.9 of 5 bubbles(1,429 reviews)Patong, Thailand",429 reviews)Patong,4.94.9 of 5 bubbles(1,,1429,RESTAURANT,,https://www.tripadvisor.com/Restaurant_Review-g297930-d20981433-Reviews-Chao_Leh_Kitchen-Patong_Kathu_Phuket.html
"RESTAURANTBoy'N'Cow4.94.9 of 5 bubbles(6,113 reviews)Seminyak, Indonesia",113 reviews)Seminyak,4.94.9 of 5 bubbles(6,,6113,RESTAURANT,,https://www.tripadvisor.com/Restaurant_Review-g469404-d12730186-Reviews-Boy_N_Cow-Seminyak_Kuta_District_Bali.html
"RESTAURANTSummersalt Beach Club4.54.5 of 5 bubbles(423 reviews)Dubai, United Arab Emirates",4.54.5 of 5 bubbles(423 reviews)Dubai,4.54.5 of 5 bubbles(423 reviews)Dubai,,423,RESTAURANT,,https://www.tripadvisor.com/Restaurant_Review-g295424-d12144259-Reviews-Summersalt_Beach_Club-Dubai_Emirate_of_Dubai.html
"RESTAURANTNikki Beach Dubai4.84.8 of 5 bubbles(2,699 reviews)Dubai, United Arab Emirates1 mention of Jumeirah Beach ResidenceNikki Beach Dubai pampers its guests with extravagant and plush sunbeds, a unique menu filled with globally-inspired cuisine, lavish parties, exceptional entertainment, and stunning waterfront views of the Persian Gulf. Guests will be able to enjoy our Restaurant, oversized leisure pool, swim-up bar, enclosed and open cabanas, ultimate VIP cabanas, and 4-tier VIP terrace- from day to night!",699 reviews)Dubai,4.84.8 of 5 bubbles(2,,2699,RESTAURANT,,https://www.tripadvisor.com/Restaurant_Review-g295424-d9858600-Reviews-Nikki_Beach_Dubai-Dubai_Emirate_of_Dubai.html
"RESTAURANTRIVA Beach Club4.84.8 of 5 bubbles(1,769 reviews)Dubai, United Arab Emirates",769 reviews)Dubai,4.84.8 of 5 bubbles(1,,1769,RESTAURANT,,https://www.tripadvisor.com/Restaurant_Review-g295424-d3812296-Reviews-RIVA_Beach_Club-Dubai_Emirate_of_Dubai.html
"RESTAURANTKrishna Vaishno Dhaba4.14.1 of 5 bubbles(931 reviews)Srinagar, Kashmir, India",Kashmir,4.14.1 of 5 bubbles(931 reviews)Srinagar,,931,RESTAURANT,,https://www.tripadvisor.com/Restaurant_Review-g297623-d3519339-Reviews-Krishna_Vaishno_Dhaba-Srinagar_Srinagar_District_Kashmir_Jammu_and_Kashmir.html
"RESTAURANTPelekanos4.54.5 of 5 bubbles(2,088 reviews)Oia, South Aegean, Greece",South Aegean,"4.54.5 of 5 bubbles(2, 088 reviews)Oia",,2088,RESTAURANT,,https://www.tripadvisor.com/Restaurant_Review-g482941-d1212265-Reviews-Pelekanos-Oia_Santorini_Cyclades_South_Aegean.html
"RESTAURANTBak' | Fire Steakhouse4.84.8 of 5 bubbles(1,430 reviews)Tulum Beach, Quintana Roo, Mexico",Quintana Roo,"4.84.8 of 5 bubbles(1, 430 reviews)Tulum Beach",,1430,RESTAURANT,,https://www.tripadvisor.com/Restaurant_Review-g23240074-d19376968-Reviews-Bak_Fire_Steakhouse-Tulum_Beach_Tulum_Yucatan_Peninsula.html
(37 reviews),Bluewaters Island,,,37,,,https://www.tripadvisor.com/Restaurant_Review-g35692-d915951-Reviews-Mario_s_Tacos-Blue_Island_Illinois.html#REVIEWS
(8 reviews),Bluewaters Island,,,8,,,https://www.tripadvisor.com/Restaurant_Review-g35692-d15685320-Reviews-La_Vieja_Castilla_Restaurant-Blue_Island_Illinois.html#REVIEWS
(3 reviews),Bluewaters Island,,,3,,,https://www.tripadvisor.com/Restaurant_Review-g35692-d428558-Reviews-Pollo_Locuas-Blue_Island_Illinois.html#REVIEWS
(21 reviews),Bluewaters Island,,,21,,,https://www.tripadvisor.com/Restaurant_Review-g35692-d428383-Reviews-Beggars_Pizza-Blue_Island_Illinois.html#REVIEWS
(6 reviews),Bluewaters Island,,,6,,,https://www.tripadvisor.com/Restaurant_Review-g35692-d458623-Reviews-Frank_s_Pizza_House-Blue_Island_Illinois.html#REVIEWS
(2 reviews),Bluewaters Island,,,2,,,https://www.tripadvisor.com/Restaurant_Review-g35692-d26907345-Reviews-Blue_Island_Seafood-Blue_Island_Illinois.html#REVIEWS
(6 reviews),Bluewaters Island,,,6,,,https://www.tripadvisor.com/Restaurant_Review-g35692-d428530-Reviews-DE_Mar_s_Coffee_Shop_Restaurant-Blue_Island_Illinois.html#REVIEWS
(25 reviews),Bluewaters Island,,,25,,,https://www.tripadvisor.com/Restaurant_Review-g35692-d428537-Reviews-Beggars_Pizza-Blue_Island_Illinois.html#REVIEWS
(4 reviews),Bluewaters Island,,,4,,,https://www.tripadvisor.com/Restaurant_Review-g35692-d15253680-Reviews-Love_On_The_Blu-Blue_Island_Illinois.html#REVIEWS
(2 reviews),Bluewaters Island,,,2,,,https://www.tripadvisor.com/Restaurant_Review-g35692-d26553867-Reviews-Pilich_Station_Grill-Blue_Island_Illinois.html#REVIEWS
(4 reviews),Bluewaters Island,,,4,,,https://www.tripadvisor.com/Restaurant_Review-g35692-d5086633-Reviews-Harry_s_Long_Bar-Blue_Island_Illinois.html#REVIEWS
(3 reviews),Bluewaters Island,,,3,,,https://www.tripadvisor.com/Restaurant_Review-g35692-d4854284-Reviews-La_Finka_Mexican_Family_Restaurant-Blue_Island_Illinois.html#REVIEWS
(4 reviews),Bluewaters Island,,,4,,,https://www.tripadvisor.com/Restaurant_Review-g35692-d5084471-Reviews-Raven_s_Place-Blue_Island_Illinois.html#REVIEWS
(7 reviews),Bluewaters Island,,,7,,,https://www.tripadvisor.com/Restaurant_Review-g35692-d4370236-Reviews-Taqueria_Jalisco-Blue_Island_Illinois.html#REVIEWS
(1 review),Bluewaters Island,,,1,,,https://www.tripadvisor.com/Restaurant_Review-g35692-d19678606-Reviews-Burr_Oak_Bowl-Blue_Island_Illinois.html#REVIEWS
(5 reviews),Bluewaters Island,,,5,,,https://www.tripadvisor.com/Restaurant_Review-g35692-d428538-Reviews-Giuseppe_s_Pizza-Blue_Island_Illinois.html#REVIEWS
(1 review),Bluewaters Island,,,1,,,https://www.tripadvisor.com/Restaurant_Review-g35692-d26978605-Reviews-Natural_Law-Blue_Island_Illinois.html#REVIEWS
(3 reviews),Bluewaters Island,,,3,,,https://www.tripadvisor.com/Restaurant_Review-g35692-d4417714-Reviews-Mr_Chop_Suey-Blue_Island_Illinois.html#REVIEWS
(6 reviews),Bluewaters Island,,,6,,,https://www.tripadvisor.com/Restaurant_Review-g35692-d4204643-Reviews-Korbakes_Liquors-Blue_Island_Illinois.html#REVIEWS
(2 reviews),Bluewaters Island,,,2,,,https://www.tripadvisor.com/Restaurant_Review-g35692-d4875312-Reviews-Popeyes_Louisiana_Kitchen-Blue_Island_Illinois.html#REVIEWS
(3 reviews),Bluewaters Island,,,3,,,https://www.tripadvisor.com/Restaurant_Review-g35692-d5010518-Reviews-Pizza_Hut-Blue_Island_Illinois.html#REVIEWS
(4 reviews),Bluewaters Island,,,4,,,https://www.tripadvisor.com/Restaurant_Review-g35692-d4637066-Reviews-McDonald_s-Blue_Island_Illinois.html#REVIEWS
(1 review),Bluewaters Island,,,1,,,https://www.tripadvisor.com/Restaurant_Review-g35692-d539633-Reviews-Geno_s_Place-Blue_Island_Illinois.html#REVIEWS
(2 reviews),Bluewaters Island,,,2,,,https://www.tripadvisor.com/Restaurant_Review-g35692-d12697426-Reviews-Dunkin-Blue_Island_Illinois.html#REVIEWS
(0 reviews),Bluewaters Island,,,0,,,https://www.tripadvisor.com/Restaurant_Review-g35692-d27753231-Reviews-Carnitas_Taqueria_Michoacan-Blue_Island_Illinois.html#REVIEWS
(0 reviews),Bluewaters Island,,,0,,,https://www.tripadvisor.com/Restaurant_Review-g35692-d25544348-Reviews-Birrieria_loreto_zac-Blue_Island_Illinois.html#REVIEWS
(0 reviews),Bluewaters Island,,,0,,,https://www.tripadvisor.com/Restaurant_Review-g35692-d26988586-Reviews-Taqueria_Durango_Restaurant-Blue_Island_Illinois.html#REVIEWS
(0 reviews),Bluewaters Island,,,0,,,https://www.tripadvisor.com/Restaurant_Review-g35692-d26879568-Reviews-San_Marcos_Mexican_Restaurant-Blue_Island_Illinois.html#REVIEWS
(0 reviews),Bluewaters Island,,,0,,,https://www.tripadvisor.com/Restaurant_Review-g35692-d26904481-Reviews-Taqueria_Eden_Y_Alex_Pizza-Blue_Island_Illinois.html#REVIEWS
(0 reviews),Bluewaters Island,,,0,,,https://www.tripadvisor.com/Restaurant_Review-g35692-d15693349-Reviews-Domino_s_Pizza-Blue_Island_Illinois.html#REVIEWS
"RESTAURANTThe Courtyard, Vida Creek Harbour4.94.9 of 5 bubbles(374 reviews)Dubai, United Arab Emirates7 mentions of Dubai Creek Harbour""…This is a decent bar in The Vida hotel, Dubai Creek Harbour.…""",4.94.9 of 5 bubbles(374 reviews)Dubai,4.94.9 of 5 bubbles(374 reviews)Dubai,,374,RESTAURANT,,https://www.tripadvisor.com/Restaurant_Review-g295424-d19368271-Reviews-The_Courtyard_Vida_Creek_Harbour-Dubai_Emirate_of_Dubai.html
"RESTAURANTThe Tap House, Dubai Creek Harbour5.05 of 5 bubbles(22 reviews)Dubai, United Arab Emirates2 mentions of Dubai Creek Harbour""…We live in Dubai Creek Harbour and so visit The Tap House frequently for…""",5.05 of 5 bubbles(22 reviews)Dubai,5.05 of 5 bubbles(22 reviews)Dubai,,22,RESTAURANT,,https://www.tripadvisor.com/Restaurant_Review-g295424-d34065071-Reviews-The_Tap_House_Dubai_Creek_Harbour-Dubai_Emirate_of_Dubai.html
"RESTAURANTAl Bayt at Palace Dubai Creek Harbour5.05 of 5 bubbles(33 reviews)Dubai, United Arab Emirates2 mentions of Dubai Creek Harbour""…in Dubai Creek Harbour was outstanding in every way.…""",5.05 of 5 bubbles(33 reviews)Dubai,5.05 of 5 bubbles(33 reviews)Dubai,,33,RESTAURANT,,https://www.tripadvisor.com/Restaurant_Review-g295424-d27137941-Reviews-Al_Bayt_at_Palace_Dubai_Creek_Harbour-Dubai_Emirate_of_Dubai.html
"RESTAURANTEge Restaurant Dubai5.05 of 5 bubbles(620 reviews)Dubai, United Arab Emirates16 mentions of Dubai Creek Harbour""…A vibrant greek dining experience in dubai creek harbour EGE is a Greek…""",5.05 of 5 bubbles(620 reviews)Dubai,5.05 of 5 bubbles(620 reviews)Dubai,,620,RESTAURANT,,https://www.tripadvisor.com/Restaurant_Review-g295424-d32977402-Reviews-Ege_Restaurant_Dubai-Dubai_Emirate_of_Dubai.html
"RESTAURANTThe Taphouse, Vida Creek Harbour5.05 of 5 bubbles(4 reviews)Dubai, United Arab Emirates1 mention of Dubai Creek Harbour""…The location at Dubai Creek Harbour makes it perfect for a casual evening…""",5.05 of 5 bubbles(4 reviews)Dubai,5.05 of 5 bubbles(4 reviews)Dubai,,4,RESTAURANT,,https://www.tripadvisor.com/Restaurant_Review-g295424-d34094410-Reviews-The_Taphouse_Vida_Creek_Harbour-Dubai_Emirate_of_Dubai.html
"RESTAURANTMondoux Creek4.54.5 of 5 bubbles(99 reviews)Dubai, United Arab Emirates16 mentions of Dubai Creek Harbour""…We visited Mondoux Creek Café at Dubai Creek Harbour in February.…""",4.54.5 of 5 bubbles(99 reviews)Dubai,4.54.5 of 5 bubbles(99 reviews)Dubai,,99,RESTAURANT,,https://www.tripadvisor.com/Restaurant_Review-g295424-d19425274-Reviews-Mondoux_Creek-Dubai_Emirate_of_Dubai.html
"RESTAURANTBayt Al Wakeel4.04 of 5 bubbles(704 reviews)Dubai, United Arab Emirates1 mention of Dubai Creek HarbourBayt Al Wakeel-a building where each intriguing corner holds some history of Dubai.Bayt Al Wakeel was the first location of Dubai imports and exports and the hub of significant activity during the early years of development. the building has been preserved by the heritage department and is a showcase for Dubai. in 1981 Gray Mackenzie and company was appointed as the licensed shipping agents in Dubai. the company contributed to the development of the UAE by providing services to trading,shipping,insurance and transportation and was later entrusted with the task of operating the port complex at port Rashid. Bayt Al Wakeel Means ""Agent Home"" in Arabic. was was originally built as shipping office in 1935 on the Creek.",4.04 of 5 bubbles(704 reviews)Dubai,4.04 of 5 bubbles(704 reviews)Dubai,,704,RESTAURANT,,https://www.tripadvisor.com/Restaurant_Review-g295424-d1808949-Reviews-Bayt_Al_Wakeel-Dubai_Emirate_of_Dubai.html
"RESTAURANTRoasters Specialty Coffee House4.94.9 of 5 bubbles(357 reviews)Dubai, United Arab Emirates4 mentions of Dubai Creek Harbour""…. 💫 dubai creek harbour branch ….. And the sunsbistuan was good…""",4.94.9 of 5 bubbles(357 reviews)Dubai,4.94.9 of 5 bubbles(357 reviews)Dubai,,357,RESTAURANT,,https://www.tripadvisor.com/Restaurant_Review-g295424-d23966632-Reviews-Roasters_Specialty_Coffee_House-Dubai_Emirate_of_Dubai.html
"RESTAURANTSoulgreen Dubai4.84.8 of 5 bubbles(120 reviews)Dubai, United Arab Emirates4 mentions of Dubai Creek HarbourSoulgreen Dubai is a social dining and contemporary food concept which brings together passion for the environment with delicious & innovative plant-based cuisine. Serving dairy-free and gluten-free dishes, our menu also consists of some fish items, all of which are sustainably sourced & traceable. We are located in the heart of the Dubai Creek Harbour with fantastic views of the Burj Khalifa and",4.84.8 of 5 bubbles(120 reviews)Dubai,4.84.8 of 5 bubbles(120 reviews)Dubai,,120,RESTAURANT,,https://www.tripadvisor.com/Restaurant_Review-g295424-d20285865-Reviews-Soulgreen_Dubai-Dubai_Emirate_of_Dubai.html
"RESTAURANTThe Restaurant At Address Grand Creek Harbour4.64.6 of 5 bubbles(11 reviews)Dubai, United Arab Emirates2 mentions of Dubai Creek HarbourDistinctively designed as a luxury home, the signature dining concept by Address Hotels + Resorts features a variety of dining areas. An unrivalled highlight of this venue is its lavishly appointed bar. Offering timeless culinary classics and innovative cocktails, The Restaurant is sure to take you on a journey of senses while you admire the majestic views of Dubai Creek.",4.64.6 of 5 bubbles(11 reviews)Dubai,4.64.6 of 5 bubbles(11 reviews)Dubai,,11,RESTAURANT,,https://www.tripadvisor.com/Restaurant_Review-g295424-d25235434-Reviews-The_Restaurant_At_Address_Grand_Creek_Harbour-Dubai_Emirate_of_Dubai.html
"RESTAURANTFai Lounge5.05 of 5 bubbles(141 reviews)Dubai, United Arab Emirates1 mention of Dubai Creek HarbourFai Lounge is a refined rooftop lounge set at Palace Dubai Creek Harbour, where fresh seafood delicacies and vibrant ceviches offer an exquisite culinary experience. This elegant seafood restaurant blends Asian dining in a tranquil and glamorous setting. By day, the ambience is relaxed and breezy by the serene pool; by night, it transforms into a chic destination with breathtaking canal vistas and serene Dubai Creek Harbour views. Whether you choose to unwind indoors or embrace the open-air terrace, the atmosphere is effortlessly sophisticated, with signature cocktails and curated drinks enhancing every moment. Seating options include stylish poolside loungers and plush indoor settings, making Fai Lounge perfect for both casual afternoons and memorable evenings.",5.05 of 5 bubbles(141 reviews)Dubai,5.05 of 5 bubbles(141 reviews)Dubai,,141,RESTAURANT,,https://www.tripadvisor.com/Restaurant_Review-g295424-d27134037-Reviews-Fai_Lounge-Dubai_Emirate_of_Dubai.html
"RESTAURANTCat Cafe Vibrissae - Dubai Creek Harbour5.05 of 5 bubbles(2 reviews)Dubai, United Arab Emirates",5.05 of 5 bubbles(2 reviews)Dubai,5.05 of 5 bubbles(2 reviews)Dubai,,2,RESTAURANT,,https://www.tripadvisor.com/Restaurant_Review-g295424-d33085306-Reviews-Cat_Cafe_Vibrissae_Dubai_Creek_Harbour-Dubai_Emirate_of_Dubai.html
"RESTAURANTArgentina Grill5.05 of 5 bubbles(66 reviews)Dubai, United Arab Emirates1 mention of Dubai Creek Harbour✒️ Who told that Argentina is famous only for tango, asado, and football? If you think so, you probably just didn’t know its soul, its culture. Argentina Grill at Creek is not just a restaurant, it’s an art object that represents the true essence of Argentina. A licensed restaurant with beautiful views over Dubai skyline at Creek Harbour Marina. The heart – kitchen. It’s friendly opened, noisy and full of action! The soul – atmosphere. It’s unforgettable. You just can’t miss all that. And from Monday to Friday we have SUMMMER HAPPY HOUR offer: - 50% off the entire food menu (excluding alcoholic beverages) until 6 PM. Nos vemos, amigo!",5.05 of 5 bubbles(66 reviews)Dubai,5.05 of 5 bubbles(66 reviews)Dubai,,66,RESTAURANT,,https://www.tripadvisor.com/Restaurant_Review-g295424-d26992996-Reviews-Argentina_Grill-Dubai_Emirate_of_Dubai.html
"RESTAURANTAmici Miei4.44.4 of 5 bubbles(17 reviews)Dubai, United Arab Emirates1 mention of Dubai Creek Harbour""…Amici Miei is a hidden gem in Dubai Creek Harbour, offering an authentic…""",4.44.4 of 5 bubbles(17 reviews)Dubai,4.44.4 of 5 bubbles(17 reviews)Dubai,,17,RESTAURANT,,https://www.tripadvisor.com/Restaurant_Review-g295424-d25316752-Reviews-Amici_Miei-Dubai_Emirate_of_Dubai.html
"RESTAURANTLe Flamant Rose Restaurant & Cafe5.05 of 5 bubbles(12 reviews)Dubai, United Arab Emirates1 mention of Dubai Creek Harbour""…Fantastic food and lovely setting at Dubai Creek Harbour.…""",5.05 of 5 bubbles(12 reviews)Dubai,5.05 of 5 bubbles(12 reviews)Dubai,,12,RESTAURANT,,https://www.tripadvisor.com/Restaurant_Review-g295424-d27433368-Reviews-Le_Flamant_Rose_Restaurant_Cafe-Dubai_Emirate_of_Dubai.html
"RESTAURANTVietnamese Foodies4.84.8 of 5 bubbles(45 reviews)Dubai, United Arab Emirates",4.84.8 of 5 bubbles(45 reviews)Dubai,4.84.8 of 5 bubbles(45 reviews)Dubai,,45,RESTAURANT,,https://www.tripadvisor.com/Restaurant_Review-g295424-d23410814-Reviews-Vietnamese_Foodies-Dubai_Emirate_of_Dubai.html
"RESTAURANTRuby Ru By Iris4.94.9 of 5 bubbles(114 reviews)Dubai, United Arab Emirates2 mentions of Dubai Creek Harbour""…The views overlooking Dubai Creek Harbour are absolutely stunning - perfect…""",4.94.9 of 5 bubbles(114 reviews)Dubai,4.94.9 of 5 bubbles(114 reviews)Dubai,,114,RESTAURANT,,https://www.tripadvisor.com/Restaurant_Review-g295424-d33124403-Reviews-Ruby_Ru_By_Iris-Dubai_Emirate_of_Dubai.html
"RESTAURANTNirvana Hub4.04 of 5 bubbles(2 reviews)Dubai, United Arab Emirates2 mentions of Dubai Creek Harbour""…This is a very nicely fitted out cafe on the waterfront at Dubai Creek…""",4.04 of 5 bubbles(2 reviews)Dubai,4.04 of 5 bubbles(2 reviews)Dubai,,2,RESTAURANT,,https://www.tripadvisor.com/Restaurant_Review-g295424-d29116834-Reviews-Nirvana_Hub-Dubai_Emirate_of_Dubai.html
"RESTAURANTNext Door Kitchen, Creek Harbour3.83.8 of 5 bubbles(6 reviews)Dubai, United Arab Emirates",3.83.8 of 5 bubbles(6 reviews)Dubai,3.83.8 of 5 bubbles(6 reviews)Dubai,,6,RESTAURANT,,https://www.tripadvisor.com/Restaurant_Review-g295424-d28100160-Reviews-Next_Door_Kitchen_Creek_Harbour-Dubai_Emirate_of_Dubai.html
"RESTAURANTThe Boardwalk4.54.5 of 5 bubbles(1,391 reviews)Dubai, United Arab Emirates3 mentions of Dubai Creek Harbour""…We had a beautiful business lunch at Boardwalk Creek Harbour Dubai.…""",391 reviews)Dubai,4.54.5 of 5 bubbles(1,,1391,RESTAURANT,,https://www.tripadvisor.com/Restaurant_Review-g295424-d1977882-Reviews-The_Boardwalk-Dubai_Emirate_of_Dubai.html
"RESTAURANTGazebo Restaurant4.14.1 of 5 bubbles(128 reviews)Dubai, United Arab Emirates1 mention of Dubai Creek Harbour""…Creek Harbour.…""",4.14.1 of 5 bubbles(128 reviews)Dubai,4.14.1 of 5 bubbles(128 reviews)Dubai,,128,RESTAURANT,,https://www.tripadvisor.com/Restaurant_Review-g295424-d3919279-Reviews-Gazebo_Restaurant-Dubai_Emirate_of_Dubai.html
"RESTAURANTBarjeel Al Arab Restaurant4.34.3 of 5 bubbles(129 reviews)Dubai, United Arab Emirates",4.34.3 of 5 bubbles(129 reviews)Dubai,4.34.3 of 5 bubbles(129 reviews)Dubai,,129,RESTAURANT,,https://www.tripadvisor.com/Restaurant_Review-g295424-d4889644-Reviews-Barjeel_Al_Arab_Restaurant-Dubai_Emirate_of_Dubai.html
"RESTAURANTBlue Barjeel3.83.8 of 5 bubbles(90 reviews)Dubai, United Arab Emirates",3.83.8 of 5 bubbles(90 reviews)Dubai,3.83.8 of 5 bubbles(90 reviews)Dubai,,90,RESTAURANT,,https://www.tripadvisor.com/Restaurant_Review-g295424-d3199121-Reviews-Blue_Barjeel-Dubai_Emirate_of_Dubai.html
"RESTAURANTDoors Freestyle Grill - Steakhouse4.94.9 of 5 bubbles(2,716 reviews)Dubai, United Arab Emirates",716 reviews)Dubai,4.94.9 of 5 bubbles(2,,2716,RESTAURANT,,https://www.tripadvisor.com/Restaurant_Review-g295424-d15293945-Reviews-Doors_Freestyle_Grill_Steakhouse-Dubai_Emirate_of_Dubai.html
"RESTAURANTPierre's TT4.94.9 of 5 bubbles(415 reviews)Dubai, United Arab Emirates",4.94.9 of 5 bubbles(415 reviews)Dubai,4.94.9 of 5 bubbles(415 reviews)Dubai,,415,RESTAURANT,,https://www.tripadvisor.com/Restaurant_Review-g295424-d13989511-Reviews-Pierre_s_TT-Dubai_Emirate_of_Dubai.html
"RESTAURANTKailash Parbat3.73.7 of 5 bubbles(105 reviews)Dubai, United Arab Emirates1 mention of Dubai Creek HarbourKailash Parbat is a legendary brand , now open at the Dubai creek.. For a soul satisfying and gratifying experince head to our restaurant.",3.73.7 of 5 bubbles(105 reviews)Dubai,3.73.7 of 5 bubbles(105 reviews)Dubai,,105,RESTAURANT,,https://www.tripadvisor.com/Restaurant_Review-g295424-d10452198-Reviews-Kailash_Parbat-Dubai_Emirate_of_Dubai.html
"RESTAURANTUp on the 10th4.34.3 of 5 bubbles(55 reviews)Dubai, United Arab Emirates",4.34.3 of 5 bubbles(55 reviews)Dubai,4.34.3 of 5 bubbles(55 reviews)Dubai,,55,RESTAURANT,,https://www.tripadvisor.com/Restaurant_Review-g295424-d3920973-Reviews-Up_on_the_10th-Dubai_Emirate_of_Dubai.html
"RESTAURANTVista Restaurant & Terrace4.84.8 of 5 bubbles(345 reviews)Dubai, United Arab Emirates",4.84.8 of 5 bubbles(345 reviews)Dubai,4.84.8 of 5 bubbles(345 reviews)Dubai,,345,RESTAURANT,,https://www.tripadvisor.com/Restaurant_Review-g295424-d1915760-Reviews-Vista_Restaurant_Terrace-Dubai_Emirate_of_Dubai.html
"RESTAURANTKris With a View4.24.2 of 5 bubbles(174 reviews)Dubai, United Arab Emirates1 mention of Dubai Creek Harbour""…cityscape and creek harbour.…""",4.24.2 of 5 bubbles(174 reviews)Dubai,4.24.2 of 5 bubbles(174 reviews)Dubai,,174,RESTAURANT,,https://www.tripadvisor.com/Restaurant_Review-g295424-d3653320-Reviews-Kris_With_a_View-Dubai_Emirate_of_Dubai.html
"RESTAURANTThe Thai Kitchen4.54.5 of 5 bubbles(788 reviews)Dubai, United Arab Emirates",4.54.5 of 5 bubbles(788 reviews)Dubai,4.54.5 of 5 bubbles(788 reviews)Dubai,,788,RESTAURANT,,https://www.tripadvisor.com/Restaurant_Review-g295424-d1371559-Reviews-The_Thai_Kitchen-Dubai_Emirate_of_Dubai.html
"RESTAURANTCafe Chill4.74.7 of 5 bubbles(17,365 reviews)Ella, Sri Lanka6 mentions of International CityCafe Chill is nestled in the heart of Ella and offers declicious international cuisine, while chill music is enjoyed day and night, this restaurant presents an ambience that mellows the soul and even offers a chill out space on the third floor to relax and take in positive Ella vibes. Cafe Chill is open for breakfast from 8.30am, lunch and dinner. The kitchen closes at 10pm meanwhile the bar is closes at 12:30am.",365 reviews)Ella,4.74.7 of 5 bubbles(17,,17365,RESTAURANT,,https://www.tripadvisor.com/Restaurant_Review-g616035-d2051648-Reviews-Cafe_Chill-Ella_Uva_Province.html
"RESTAURANTFresh International Buffet | Solaire Resort Entertainment City4.94.9 of 5 bubbles(2,714 reviews)Paranaque, Philippines2 mentions of International City""…Buffet at Solaire Resort Entertainment City for the warm hospitality and…""",714 reviews)Paranaque,4.94.9 of 5 bubbles(2,,2714,RESTAURANT,,https://www.tripadvisor.com/Restaurant_Review-g312693-d6959701-Reviews-Fresh_International_Buffet_Solaire_Resort_Entertainment_City-Paranaque_Metro_Mani.html
"RESTAURANTSeasonal Tastes4.94.9 of 5 bubbles(1,935 reviews)Dhaka City, Bangladesh1 mention of International CitySample the tempting variety of Pan Asian food at our inviting restaurant. Choose from our bountiful buffet or our a la carte menu featuring your choice of comfort foods, Eat Well offerings and freshly squeezed juice.",935 reviews)Dhaka City,4.94.9 of 5 bubbles(1,,1935,RESTAURANT,,https://www.tripadvisor.com/Restaurant_Review-g293936-d3195821-Reviews-Seasonal_Tastes-Dhaka_City_Dhaka_Division.html
"RESTAURANTSoy To Chutney - International City4.04 of 5 bubbles(30 reviews)Dubai, United Arab Emirates3 mentions of International City""…Soy to Chutney is located in Greece cluster of International city.…""",4.04 of 5 bubbles(30 reviews)Dubai,4.04 of 5 bubbles(30 reviews)Dubai,,30,RESTAURANT,,https://www.tripadvisor.com/Restaurant_Review-g295424-d1776341-Reviews-Soy_To_Chutney_International_City-Dubai_Emirate_of_Dubai.html
"RESTAURANTBalti International4.24.2 of 5 bubbles(373 reviews)Derby, Derbyshire, England",Derbyshire,4.24.2 of 5 bubbles(373 reviews)Derby,,373,RESTAURANT,,https://www.tripadvisor.com/Restaurant_Review-g187048-d1026828-Reviews-Balti_International-Derby_Derbyshire_England.html
"RESTAURANTBalta4.94.9 of 5 bubbles(3,043 reviews)Mexico City, Mexico",043 reviews)Mexico City,4.94.9 of 5 bubbles(3,,3043,RESTAURANT,,https://www.tripadvisor.com/Restaurant_Review-g150800-d19338104-Reviews-Balta-Mexico_City_Central_Mexico_and_Gulf_Coast.html
"RESTAURANTBanana Mama Rooftop Bar & Kitchen4.94.9 of 5 bubbles(1,191 reviews)Ho Chi Minh City, Vietnam1 mention of International City""…Chi Minh City!…""",191 reviews)Ho Chi Minh City,4.94.9 of 5 bubbles(1,,1191,RESTAURANT,,https://www.tripadvisor.com/Restaurant_Review-g293925-d17662928-Reviews-Banana_Mama_Rooftop_Bar_Kitchen-Ho_Chi_Minh_City.html
"RESTAURANT24th St. World Street Food4.94.9 of 5 bubbles(2,398 reviews)Dubai, United Arab Emirates",398 reviews)Dubai,4.94.9 of 5 bubbles(2,,2398,RESTAURANT,,https://www.tripadvisor.com/Restaurant_Review-g295424-d15191936-Reviews-24th_St_World_Street_Food-Dubai_Emirate_of_Dubai.html
"RESTAURANTRestaurant Légende4.74.7 of 5 bubbles(1,197 reviews)Quebec City, Quebec, Canada",Quebec,"4.74.7 of 5 bubbles(1, 197 reviews)Quebec City",,1197,RESTAURANT,,https://www.tripadvisor.com/Restaurant_Review-g155033-d6541169-Reviews-Restaurant_Legende-Quebec_City_Quebec.html
"RESTAURANTFull City Coffee House4.54.5 of 5 bubbles(468 reviews)Buenos Aires, Argentina2 mentions of International CityFull City Coffee House is the place in Buenos Aires to enjoy 100% Colombian coffee as well as great food in a friendly environment. We roast our own varieties of Colombian coffees locally for a fresher bean and a quality cup and offer it in bags of 250g for you to enjoy it at home. Come and discover us.",4.54.5 of 5 bubbles(468 reviews)Buenos Aires,4.54.5 of 5 bubbles(468 reviews)Buenos Aires,,468,RESTAURANT,,https://www.tripadvisor.com/Restaurant_Review-g312741-d2424768-Reviews-Full_City_Coffee_House-Buenos_Aires_Capital_Federal_District.html
"RESTAURANTHigh Street Cafe4.84.8 of 5 bubbles(2,637 reviews)Taguig City, Philippines",637 reviews)Taguig City,4.84.8 of 5 bubbles(2,,2637,RESTAURANT,,https://www.tripadvisor.com/Restaurant_Review-g1758900-d9993670-Reviews-High_Street_Cafe-Taguig_City_Metro_Manila_Luzon.html
"RESTAURANTBahar5.05 of 5 bubbles(1,018 reviews)Dhaka City, Bangladesh",018 reviews)Dhaka City,5.05 of 5 bubbles(1,,1018,RESTAURANT,,https://www.tripadvisor.com/Restaurant_Review-g293936-d20346111-Reviews-Bahar-Dhaka_City_Dhaka_Division.html
"RESTAURANTAttitude Restaurant5.05 of 5 bubbles(554 reviews)Dhaka City, Bangladesh",5.05 of 5 bubbles(554 reviews)Dhaka City,5.05 of 5 bubbles(554 reviews)Dhaka City,,554,RESTAURANT,,https://www.tripadvisor.com/Restaurant_Review-g293936-d24828735-Reviews-Attitude_Restaurant-Dhaka_City_Dhaka_Division.html
"RESTAURANTSaks Polanco4.14.1 of 5 bubbles(645 reviews)Mexico City, Mexico",4.14.1 of 5 bubbles(645 reviews)Mexico City,4.14.1 of 5 bubbles(645 reviews)Mexico City,,645,RESTAURANT,,https://www.tripadvisor.com/Restaurant_Review-g150800-d2463927-Reviews-Saks_Polanco-Mexico_City_Central_Mexico_and_Gulf_Coast.html
"RESTAURANTCiao Bella District 14.44.4 of 5 bubbles(1,952 reviews)Ho Chi Minh City, Vietnam1 mention of International CityNew York Italian. Warm casual eatery",952 reviews)Ho Chi Minh City,4.44.4 of 5 bubbles(1,,1952,RESTAURANT,,https://www.tripadvisor.com/Restaurant_Review-g293925-d2351312-Reviews-Ciao_Bella_District_1-Ho_Chi_Minh_City.html
"RESTAURANTInternational City4.14.1 of 5 bubbles(7 reviews)Daegu, South Korea2 mentions of International City""…I absolutely looooove International City.…""",4.14.1 of 5 bubbles(7 reviews)Daegu,4.14.1 of 5 bubbles(7 reviews)Daegu,,7,RESTAURANT,,https://www.tripadvisor.com/Restaurant_Review-g297886-d5561604-Reviews-International_City-Daegu.html
"RESTAURANTGrandiose Restaurant4.94.9 of 5 bubbles(265 reviews)Dhaka City, Bangladesh2 mentions of International City""…Located conveniently in the heart of the city, this hotel's dining options…""",4.94.9 of 5 bubbles(265 reviews)Dhaka City,4.94.9 of 5 bubbles(265 reviews)Dhaka City,,265,RESTAURANT,,https://www.tripadvisor.com/Restaurant_Review-g293936-d8494310-Reviews-Grandiose_Restaurant-Dhaka_City_Dhaka_Division.html
"RESTAURANTHarvest Buffet Sydney4.54.5 of 5 bubbles(1,646 reviews)Sydney, New South Wales, Australia1 mention of International CityAn abundance of delicious, seasonal cuisine awaits you at our brand new Harvest Buffet. Offering a feast for the senses, Harvest Buffet features five food stations with an array of delicious international cuisine. From Peking duck to naan bread, dim sum to stone fired pizzas, there is something to tantalise everyone's taste buds. We will also be offering more seafood than ever with a spectacular spread featuring sushi, fresh oysters, prawns, crab, mussels, clams, fish dishes and more. Our dessert station features three large chocolate fountains, a self-serve soft ice cream machine and a variety of condiments, cakes and pastries.",New South Wales,"4.54.5 of 5 bubbles(1, 646 reviews)Sydney",,1646,RESTAURANT,,https://www.tripadvisor.com/Restaurant_Review-g255060-d947527-Reviews-Harvest_Buffet_Sydney-Sydney_New_South_Wales.html
"RESTAURANTPuso Bistro & Bar4.44.4 of 5 bubbles(255 reviews)Cebu City, Philippines",4.44.4 of 5 bubbles(255 reviews)Cebu City,4.44.4 of 5 bubbles(255 reviews)Cebu City,,255,RESTAURANT,,https://www.tripadvisor.com/Restaurant_Review-g298460-d3773970-Reviews-Puso_Bistro_Bar-Cebu_City_Cebu_Island_Visayas.html
"RESTAURANTCity Pub Hurghada5.05 of 5 bubbles(335 reviews)Hurghada, Egypt",5.05 of 5 bubbles(335 reviews)Hurghada,5.05 of 5 bubbles(335 reviews)Hurghada,,335,RESTAURANT,,https://www.tripadvisor.com/Restaurant_Review-g297549-d25107923-Reviews-City_Pub_Hurghada-Hurghada_Red_Sea_and_Sinai.html
"RESTAURANTZest International Restaurant4.44.4 of 5 bubbles(225 reviews)Al Ain, United Arab Emirates",4.44.4 of 5 bubbles(225 reviews)Al Ain,4.44.4 of 5 bubbles(225 reviews)Al Ain,,225,RESTAURANT,,https://www.tripadvisor.com/Restaurant_Review-g298061-d3918173-Reviews-Zest_International_Restaurant-Al_Ain_Emirate_of_Abu_Dhabi.html
"RESTAURANTCity Wine Shop4.34.3 of 5 bubbles(257 reviews)Melbourne, Victoria, Australia1 mention of International CityThe City Wine Shop is a bottle shop, wine bar and Bistrot in an iconic Melbourne venue perched on Spring St. It offers a wide range of local and imported wines at all prices and a European-influenced food menu.",Victoria,4.34.3 of 5 bubbles(257 reviews)Melbourne,,257,RESTAURANT,,https://www.tripadvisor.com/Restaurant_Review-g255100-d1111265-Reviews-City_Wine_Shop-Melbourne_Victoria.html
"RESTAURANTLa Guarida4.44.4 of 5 bubbles(4,927 reviews)Havana, Cuba3 mentions of International City""It's the most famous of Havana's Paladares"" New York Times, August 2002. ""The greatest and most magical is La Guarida, so magical that it is temting to protect it by witholding its address"" The Guardian, February 2001. ""The city's best restaurant....La Guarida is the hardest table to reserve on the island this remains the hippest best restaurant in Havana"" Cigar Aficionado, June 2001.",927 reviews)Havana,4.44.4 of 5 bubbles(4,,4927,RESTAURANT,,https://www.tripadvisor.com/Restaurant_Review-g147271-d1965867-Reviews-La_Guarida-Havana_Ciudad_de_la_Habana_Province_Cuba.html
"RESTAURANTSelect City Walk4.34.3 of 5 bubbles(133 reviews)New Delhi, India",4.34.3 of 5 bubbles(133 reviews)New Delhi,4.34.3 of 5 bubbles(133 reviews)New Delhi,,133,RESTAURANT,,https://www.tripadvisor.com/Restaurant_Review-g304551-d7210991-Reviews-Select_City_Walk-New_Delhi_National_Capital_Territory_of_Delhi.html
"RESTAURANTHoi An Sense - Central Vietnamese Cuisine4.14.1 of 5 bubbles(299 reviews)Ho Chi Minh City, Vietnam",4.14.1 of 5 bubbles(299 reviews)Ho Chi Minh City,4.14.1 of 5 bubbles(299 reviews)Ho Chi Minh City,,299,RESTAURANT,,https://www.tripadvisor.com/Restaurant_Review-g293925-d810797-Reviews-Hoi_An_Sense_Central_Vietnamese_Cuisine-Ho_Chi_Minh_City.html
"RESTAURANTAmbia4.54.5 of 5 bubbles(203 reviews)Guatemala City, Guatemala",4.54.5 of 5 bubbles(203 reviews)Guatemala City,4.54.5 of 5 bubbles(203 reviews)Guatemala City,,203,RESTAURANT,,https://www.tripadvisor.com/Restaurant_Review-g292006-d2459220-Reviews-Ambia-Guatemala_City_Guatemala_Department.html
"RESTAURANTAkasha Restaurant4.14.1 of 5 bubbles(213 reviews)Culver City, California",4.14.1 of 5 bubbles(213 reviews)Culver City,4.14.1 of 5 bubbles(213 reviews)Culver City,,213,RESTAURANT,,https://www.tripadvisor.com/Restaurant_Review-g32272-d1011898-Reviews-Akasha_Restaurant-Culver_City_California.html
"RESTAURANTCity Wok Denver International Airport2.92.9 of 5 bubbles(170 reviews)Denver, Colorado",2.92.9 of 5 bubbles(170 reviews)Denver,2.92.9 of 5 bubbles(170 reviews)Denver,,170,RESTAURANT,,https://www.tripadvisor.com/Restaurant_Review-g33388-d4136829-Reviews-City_Wok_Denver_International_Airport-Denver_Colorado.html
"RESTAURANTBeef & Liberty, Hong Kong International Airport3.83.8 of 5 bubbles(226 reviews)Hong Kong, China",3.83.8 of 5 bubbles(226 reviews)Hong Kong,3.83.8 of 5 bubbles(226 reviews)Hong Kong,,226,RESTAURANT,,https://www.tripadvisor.com/Restaurant_Review-g294217-d13980307-Reviews-Beef_Liberty_Hong_Kong_International_Airport-Hong_Kong.html
"RESTAURANTL'Artusi4.54.5 of 5 bubbles(561 reviews)New York City, New York",4.54.5 of 5 bubbles(561 reviews)New York City,4.54.5 of 5 bubbles(561 reviews)New York City,,561,RESTAURANT,,https://www.tripadvisor.com/Restaurant_Review-g60763-d1368175-Reviews-L_Artusi-New_York_City_New_York.html
"RESTAURANTBarbeque Nation - Al Barsha, Dubai4.44.4 of 5 bubbles(191 reviews)Dubai, United Arab Emirates11 mentions of Al BarshaPioneers of Live Grill Concept in India. A place known for any celebrations. Best Barbecues/kebabs & Starters. Unlimited Food including Starters, Main Course, Desserts, Kulfi's.",4.44.4 of 5 bubbles(191 reviews)Dubai,4.44.4 of 5 bubbles(191 reviews)Dubai,,191,RESTAURANT,,https://www.tripadvisor.com/Restaurant_Review-g295424-d11816623-Reviews-Barbeque_Nation_Al_Barsha_Dubai-Dubai_Emirate_of_Dubai.html
"RESTAURANTMcG's By McGettigan's Al Barsha4.94.9 of 5 bubbles(109 reviews)Dubai, United Arab Emirates6 mentions of Al Barsha""…Always a great time at McG’s Al Barsha! Great service!…""",4.94.9 of 5 bubbles(109 reviews)Dubai,4.94.9 of 5 bubbles(109 reviews)Dubai,,109,RESTAURANT,,https://www.tripadvisor.com/Restaurant_Review-g295424-d34098926-Reviews-McG_s_By_McGettigan_s_Al_Barsha-Dubai_Emirate_of_Dubai.html
"RESTAURANTHigh So Al Barsha4.04 of 5 bubbles(104 reviews)Dubai, United Arab Emirates6 mentions of Al Barsha""…What an unforgettable night at Maxx Bar Al Barsha!…""",4.04 of 5 bubbles(104 reviews)Dubai,4.04 of 5 bubbles(104 reviews)Dubai,,104,RESTAURANT,,https://www.tripadvisor.com/Restaurant_Review-g295424-d7166216-Reviews-High_So_Al_Barsha-Dubai_Emirate_of_Dubai.html
"RESTAURANTtashas Al Barsha4.74.7 of 5 bubbles(30 reviews)Dubai, United Arab Emirates2 mentions of Al Barsha""…but Al Barsha is the best.…""",4.74.7 of 5 bubbles(30 reviews)Dubai,4.74.7 of 5 bubbles(30 reviews)Dubai,,30,RESTAURANT,,https://www.tripadvisor.com/Restaurant_Review-g295424-d21007587-Reviews-Tashas_Al_Barsha-Dubai_Emirate_of_Dubai.html
"RESTAURANTBritbalti Restauarant Al Barsha3.33.3 of 5 bubbles(14 reviews)Dubai, United Arab Emirates3 mentions of Al Barsha""…A true hidden gem in al barsha, that you need to visit.…""",3.33.3 of 5 bubbles(14 reviews)Dubai,3.33.3 of 5 bubbles(14 reviews)Dubai,,14,RESTAURANT,,https://www.tripadvisor.com/Restaurant_Review-g295424-d6654255-Reviews-Britbalti_Restauarant_Al_Barsha-Dubai_Emirate_of_Dubai.html
"RESTAURANTAl Fanar Seafood Restaurant - Al Barsha4.74.7 of 5 bubbles(138 reviews)Dubai, United Arab Emirates4 mentions of Al BarshaAl Fanar Restaurant, founded in 2011 as the First and Only Emirati restaurant, showcases our cultural heritage and exquisite cuisine. We offer our diners a unique experience into our heritage as every corner has a story to tell about our humble yet rich history paired with architectural character influenced by eastern traditions. In 1960s, the sea was a haven for Dubai as it was a central point for trading goods such as spices, pearls, and mineral goods. Dependent on the Arabian Gulf as it provided the local people with delicious fresh seafood such as the orange-spotted grouper fish, shrimp and squid. The traditional homes are made out of mud bricks, coral and wood accompanied with its trademark of a Kerosene lamp (meaning ‘Al Fanar’ in Arabic) which resembles our rustic theme.",4.74.7 of 5 bubbles(138 reviews)Dubai,4.74.7 of 5 bubbles(138 reviews)Dubai,,138,RESTAURANT,,https://www.tripadvisor.com/Restaurant_Review-g295424-d21231507-Reviews-Al_Fanar_Seafood_Restaurant_Al_Barsha-Dubai_Emirate_of_Dubai.html
"RESTAURANTMoshi4.04 of 5 bubbles(99 reviews)Dubai, United Arab Emirates9 mentions of Al BarshaMoshi is a homegrown concept that opened its doors in the UAE in 2015. Moshi comes from the amalgamation of flavors and cultures thriving in the heart of Dubai. Moshi brings together the best of Asia on a plate. From fusion-style sushi and cheesy momos to in house creations like Cheesy Chips Oman sushi rolls and Falafel Hummus sushi rolls, each dish tells a story of flavor and culture.",4.04 of 5 bubbles(99 reviews)Dubai,4.04 of 5 bubbles(99 reviews)Dubai,,99,RESTAURANT,,https://www.tripadvisor.com/Restaurant_Review-g295424-d8553529-Reviews-Moshi-Dubai_Emirate_of_Dubai.html
"RESTAURANTBait Al Mandi Restaurant -- Al Barsha location3.93.9 of 5 bubbles(48 reviews)Dubai, United Arab Emirates3 mentions of Al BarshaBait Al Mandi, is a home-grown Yemeni concept, that was created and developed entirely in Dubai, United Arab Emirates in 2001. The Founder felt the need for a restaurant that specializes in Mandi in the Middle East, where people can experience authentic Yemeni-Arabic food in a modern environment. Literally piece-by-piece, they created a unique image that conjures not only Yemeni heritage and cooking, but also Arabic.",3.93.9 of 5 bubbles(48 reviews)Dubai,3.93.9 of 5 bubbles(48 reviews)Dubai,,48,RESTAURANT,,https://www.tripadvisor.com/Restaurant_Review-g295424-d11674995-Reviews-Bait_Al_Mandi_Restaurant_Al_Barsha_location-Dubai_Emirate_of_Dubai.html
"RESTAURANTDaily Express Restaurant - Al Barsha3.93.9 of 5 bubbles(30 reviews)Dubai, United Arab Emirates2 mentions of Al Barsha""…Ive been at Al Barsha Daily resturant, and relly felt in love with chicken…""",3.93.9 of 5 bubbles(30 reviews)Dubai,3.93.9 of 5 bubbles(30 reviews)Dubai,,30,RESTAURANT,,https://www.tripadvisor.com/Restaurant_Review-g295424-d3925390-Reviews-Daily_Express_Restaurant_Al_Barsha-Dubai_Emirate_of_Dubai.html
"RESTAURANTOn The Wood Al Barsha4.14.1 of 5 bubbles(34 reviews)Dubai, United Arab Emirates3 mentions of Al Barsha""…Ive been in Al Barsha location.…""",4.14.1 of 5 bubbles(34 reviews)Dubai,4.14.1 of 5 bubbles(34 reviews)Dubai,,34,RESTAURANT,,https://www.tripadvisor.com/Restaurant_Review-g295424-d12146194-Reviews-On_The_Wood_Al_Barsha-Dubai_Emirate_of_Dubai.html
"RESTAURANTChin Chin - Al Barsha3.53.5 of 5 bubbles(24 reviews)Dubai, United Arab Emirates1 mention of Al Barsha""…We went to the small restaurant in Al Barsha, it was our first time to…""",3.53.5 of 5 bubbles(24 reviews)Dubai,3.53.5 of 5 bubbles(24 reviews)Dubai,,24,RESTAURANT,,https://www.tripadvisor.com/Restaurant_Review-g295424-d8783611-Reviews-Chin_Chin_Al_Barsha-Dubai_Emirate_of_Dubai.html
"RESTAURANTHelal Al Barsha Restaurant2.92.9 of 5 bubbles(21 reviews)Dubai, United Arab Emirates1 mention of Al Barsha""…barsha…""",2.92.9 of 5 bubbles(21 reviews)Dubai,2.92.9 of 5 bubbles(21 reviews)Dubai,,21,RESTAURANT,,https://www.tripadvisor.com/Restaurant_Review-g295424-d8740713-Reviews-Helal_Al_Barsha_Restaurant-Dubai_Emirate_of_Dubai.html
"RESTAURANTLaffah Restaurant (al Barsha)3.83.8 of 5 bubbles(11 reviews)Dubai, United Arab Emirates1 mention of Al Barsha""…I tried to call them back for feedback but the al Barsha branch didnt answer…""",3.83.8 of 5 bubbles(11 reviews)Dubai,3.83.8 of 5 bubbles(11 reviews)Dubai,,11,RESTAURANT,,https://www.tripadvisor.com/Restaurant_Review-g295424-d23161662-Reviews-Laffah_Restaurant_al_Barsha-Dubai_Emirate_of_Dubai.html
"RESTAURANTJaffer Bhais Al Barsha-the Biryani King Of Mumbai4.64.6 of 5 bubbles(65 reviews)Dubai, United Arab Emirates4 mentions of Al Barsha""…If you find yourself hungry somewhere near Al Barsha 1, please consider…""",4.64.6 of 5 bubbles(65 reviews)Dubai,4.64.6 of 5 bubbles(65 reviews)Dubai,,65,RESTAURANT,,https://www.tripadvisor.com/Restaurant_Review-g295424-d21326437-Reviews-Jaffer_Bhais_Al_Barsha_the_Biryani_King_Of_Mumbai-Dubai_Emirate_of_Dubai.html
"RESTAURANTChina Bistro - Al Barsha4.84.8 of 5 bubbles(4 reviews)Dubai, United Arab Emirates2 mentions of Al Barsha""…Saw it amongst other restaurants in Al Barsha.…""",4.84.8 of 5 bubbles(4 reviews)Dubai,4.84.8 of 5 bubbles(4 reviews)Dubai,,4,RESTAURANT,,https://www.tripadvisor.com/Restaurant_Review-g295424-d25170310-Reviews-China_Bistro_Al_Barsha-Dubai_Emirate_of_Dubai.html
"RESTAURANTMogiya Authentic Japanese Restaurant - 2nd Branch Al Barsha 14.54.5 of 5 bubbles(61 reviews)Dubai, United Arab Emirates4 mentions of Al Barsha""…I didn’t expect to find a place like this in the Al Barsha area.…""",4.54.5 of 5 bubbles(61 reviews)Dubai,4.54.5 of 5 bubbles(61 reviews)Dubai,,61,RESTAURANT,,https://www.tripadvisor.com/Restaurant_Review-g295424-d26432884-Reviews-Mogiya_Authentic_Japanese_Restaurant_2nd_Branch_Al_Barsha_1-Dubai_Emirate_of_Dub.html
"RESTAURANTAl Fanar Restaurant & Cafe - DFC4.44.4 of 5 bubbles(321 reviews)Dubai, United Arab Emirates2 mentions of Al BarshaAl Fanar Restaurant, founded in 2011 as the First and Only Emirati restaurant, showcases our cultural heritage and exquisite cuisine. We offer our diners a unique experience into our heritage as every corner has a story to tell about our humble yet rich history paired with architectural character influenced by eastern traditions. In 1960s, the sea was a haven for Dubai as it was a central point for trading goods such as spices, pearls, and mineral goods. Dependent on the Arabian Gulf as it provided the local people with delicious fresh seafood such as the orange-spotted grouper fish, shrimp and squid. The traditional homes are made out of mud bricks, coral and wood accompanied with its trademark of a Kerosene lamp (meaning ‘Al Fanar’ in Arabic) which resembles our rustic theme.",4.44.4 of 5 bubbles(321 reviews)Dubai,4.44.4 of 5 bubbles(321 reviews)Dubai,,321,RESTAURANT,,https://www.tripadvisor.com/Restaurant_Review-g295424-d2469650-Reviews-Al_Fanar_Restaurant_Cafe_DFC-Dubai_Emirate_of_Dubai.html
"RESTAURANTStudent Biryani - Barsha4.24.2 of 5 bubbles(22 reviews)Dubai, United Arab Emirates2 mentions of Al Barsha""…Barsha branch from the last 10 years, such a nice guy.…""",4.24.2 of 5 bubbles(22 reviews)Dubai,4.24.2 of 5 bubbles(22 reviews)Dubai,,22,RESTAURANT,,https://www.tripadvisor.com/Restaurant_Review-g295424-d24056766-Reviews-Student_Biryani_Barsha-Dubai_Emirate_of_Dubai.html
"RESTAURANTDelhi Darbar Restaurant, Barsha4.04 of 5 bubbles(36 reviews)Dubai, United Arab Emirates1 mention of Al BarshaMumbai's Best Biryani ...",4.04 of 5 bubbles(36 reviews)Dubai,4.04 of 5 bubbles(36 reviews)Dubai,,36,RESTAURANT,,https://www.tripadvisor.com/Restaurant_Review-g295424-d10622630-Reviews-Delhi_Darbar_Restaurant_Barsha-Dubai_Emirate_of_Dubai.html
"RESTAURANTMr Toad's Pub & Kitchen - Barsha Heights4.84.8 of 5 bubbles(118 reviews)Dubai, United Arab Emirates2 mentions of Al Barsha""…Had a great experience at Todd’s Kitchen in Al Barsha!…""",4.84.8 of 5 bubbles(118 reviews)Dubai,4.84.8 of 5 bubbles(118 reviews)Dubai,,118,RESTAURANT,,https://www.tripadvisor.com/Restaurant_Review-g295424-d24038692-Reviews-Mr_Toad_s_Pub_Kitchen_Barsha_Heights-Dubai_Emirate_of_Dubai.html
"RESTAURANTMuhammad Iqbal Restaurant - Barsha4.64.6 of 5 bubbles(19 reviews)Dubai, United Arab Emirates1 mention of Al Barsha""…It is certainly popular among the residents in the al Barsha area.…""",4.64.6 of 5 bubbles(19 reviews)Dubai,4.64.6 of 5 bubbles(19 reviews)Dubai,,19,RESTAURANT,,https://www.tripadvisor.com/Restaurant_Review-g295424-d2490650-Reviews-Muhammad_Iqbal_Restaurant_Barsha-Dubai_Emirate_of_Dubai.html
"RESTAURANT77 Asia, Al Barsha5.05 of 5 bubbles(15 reviews)Dubai, United Arab Emirates",5.05 of 5 bubbles(15 reviews)Dubai,5.05 of 5 bubbles(15 reviews)Dubai,,15,RESTAURANT,,https://www.tripadvisor.com/Restaurant_Review-g295424-d26852277-Reviews-77_Asia_Al_Barsha-Dubai_Emirate_of_Dubai.html
"RESTAURANTAl amoor resturant3.93.9 of 5 bubbles(118 reviews)Dubai, United Arab Emirates5 mentions of Al Barsha""…a new none Egyptian management runs the restaurants sheikh zayed and Al…""",3.93.9 of 5 bubbles(118 reviews)Dubai,3.93.9 of 5 bubbles(118 reviews)Dubai,,118,RESTAURANT,,https://www.tripadvisor.com/Restaurant_Review-g295424-d7340242-Reviews-Al_amoor_resturant-Dubai_Emirate_of_Dubai.html
"RESTAURANTNoho Bar & Grill4.94.9 of 5 bubbles(426 reviews)Ras Al Khaimah, United Arab Emirates",4.94.9 of 5 bubbles(426 reviews)Ras Al Khaimah,4.94.9 of 5 bubbles(426 reviews)Ras Al Khaimah,,426,RESTAURANT,,https://www.tripadvisor.com/Restaurant_Review-g298063-d23761245-Reviews-Noho_Bar_Grill-Ras_Al_Khaimah_Emirate_of_Ras_Al_Khaimah.html
"RESTAURANTAffordabowls - Al Barsha2.72.7 of 5 bubbles(3 reviews)Dubai, United Arab Emirates",2.72.7 of 5 bubbles(3 reviews)Dubai,2.72.7 of 5 bubbles(3 reviews)Dubai,,3,RESTAURANT,,https://www.tripadvisor.com/Restaurant_Review-g295424-d23256162-Reviews-Affordabowls_Al_Barsha-Dubai_Emirate_of_Dubai.html
"RESTAURANTBurgerFuel Al Barsha Mall4.14.1 of 5 bubbles(16 reviews)Dubai, United Arab Emirates",4.14.1 of 5 bubbles(16 reviews)Dubai,4.14.1 of 5 bubbles(16 reviews)Dubai,,16,RESTAURANT,,https://www.tripadvisor.com/Restaurant_Review-g295424-d3918683-Reviews-BurgerFuel_Al_Barsha_Mall-Dubai_Emirate_of_Dubai.html
"RESTAURANTLovabowls - Al Barsha3.03 of 5 bubbles(2 reviews)Dubai, United Arab Emirates",3.03 of 5 bubbles(2 reviews)Dubai,3.03 of 5 bubbles(2 reviews)Dubai,,2,RESTAURANT,,https://www.tripadvisor.com/Restaurant_Review-g295424-d23261462-Reviews-Lovabowls_Al_Barsha-Dubai_Emirate_of_Dubai.html
"RESTAURANTRisen Café And Artisanal Bakery - Barsha Heights5.05 of 5 bubbles(618 reviews)Dubai, United Arab Emirates4 mentions of Al Barsha""…Risen Al Barsha is one of our favourite spots.…""",5.05 of 5 bubbles(618 reviews)Dubai,5.05 of 5 bubbles(618 reviews)Dubai,,618,RESTAURANT,,https://www.tripadvisor.com/Restaurant_Review-g295424-d24921542-Reviews-Risen_Cafe_And_Artisanal_Bakery_Barsha_Heights-Dubai_Emirate_of_Dubai.html
"RESTAURANTAl Romansiah Mandi4.14.1 of 5 bubbles(44 reviews)Dubai, United Arab Emirates4 mentions of Al Barsha""…This is a hidden gem in Al Barsha.…""",4.14.1 of 5 bubbles(44 reviews)Dubai,4.14.1 of 5 bubbles(44 reviews)Dubai,,44,RESTAURANT,,https://www.tripadvisor.com/Restaurant_Review-g295424-d8740888-Reviews-Al_Romansiah_Mandi-Dubai_Emirate_of_Dubai.html
"RESTAURANTAl Mashawi Al Halabya3.63.6 of 5 bubbles(20 reviews)Dubai, United Arab Emirates2 mentions of Al Barsha""…barsha branch , the Filipino girl received us I told here I need to seat…""",3.63.6 of 5 bubbles(20 reviews)Dubai,3.63.6 of 5 bubbles(20 reviews)Dubai,,20,RESTAURANT,,https://www.tripadvisor.com/Restaurant_Review-g295424-d23683897-Reviews-Al_Mashawi_Al_Halabya-Dubai_Emirate_of_Dubai.html
"RESTAURANTNando's City Centre Deira5.05 of 5 bubbles(506 reviews)Dubai, United Arab Emirates45 mentions of Deira""…That's why it is our favorite restuarant to go here in Deira.…""",5.05 of 5 bubbles(506 reviews)Dubai,5.05 of 5 bubbles(506 reviews)Dubai,,506,RESTAURANT,,https://www.tripadvisor.com/Restaurant_Review-g295424-d24109845-Reviews-Nando_s_City_Centre_Deira-Dubai_Emirate_of_Dubai.html
"RESTAURANTDeira Restaurant5.05 of 5 bubbles(45 reviews)Daegu, South Korea20 mentions of Deira""…Deira Restaurant is a hidden gem for those craving a diverse culinary experience…""",5.05 of 5 bubbles(45 reviews)Daegu,5.05 of 5 bubbles(45 reviews)Daegu,,45,RESTAURANT,,https://www.tripadvisor.com/Restaurant_Review-g297886-d10218361-Reviews-Deira_Restaurant-Daegu.html
"RESTAURANTSpice Island4.74.7 of 5 bubbles(1,438 reviews)Dubai, United Arab Emirates59 mentions of Deira""…celebrated my Dad’s 67th birthday with the whole family at Crowne Plaza Deira…""",438 reviews)Dubai,4.74.7 of 5 bubbles(1,,1438,RESTAURANT,,https://www.tripadvisor.com/Restaurant_Review-g295424-d790226-Reviews-Spice_Island-Dubai_Emirate_of_Dubai.html
"RESTAURANTBoulvar - Radisson Blu Dubai Deira Creek4.64.6 of 5 bubbles(189 reviews)Dubai, United Arab Emirates19 mentions of Deira""…I decided to lodge at Radissom Blu Deira in Dubai during my business trip.The…""",4.64.6 of 5 bubbles(189 reviews)Dubai,4.64.6 of 5 bubbles(189 reviews)Dubai,,189,RESTAURANT,,https://www.tripadvisor.com/Restaurant_Review-g295424-d2253704-Reviews-Boulvar_Radisson_Blu_Dubai_Deira_Creek-Dubai_Emirate_of_Dubai.html
"RESTAURANTColors Cafe4.44.4 of 5 bubbles(128 reviews)Dubai, United Arab Emirates35 mentions of Deira""…This is my absolute favorite restaurant in Deira City center and I'm glad…""",4.44.4 of 5 bubbles(128 reviews)Dubai,4.44.4 of 5 bubbles(128 reviews)Dubai,,128,RESTAURANT,,https://www.tripadvisor.com/Restaurant_Review-g295424-d4179843-Reviews-Colors_Cafe-Dubai_Emirate_of_Dubai.html
"RESTAURANTMagnum Deira4.74.7 of 5 bubbles(237 reviews)Dubai, United Arab Emirates9 mentions of Deira""…Harrys Bar is one of the best bars in Deira.…""",4.74.7 of 5 bubbles(237 reviews)Dubai,4.74.7 of 5 bubbles(237 reviews)Dubai,,237,RESTAURANT,,https://www.tripadvisor.com/Restaurant_Review-g295424-d1419684-Reviews-Magnum_Deira-Dubai_Emirate_of_Dubai.html
"RESTAURANTAroos Damascus4.44.4 of 5 bubbles(673 reviews)Dubai, United Arab Emirates28 mentions of Deira""…Great find in Deira - portions are huge and selection is wide - prices…""",4.44.4 of 5 bubbles(673 reviews)Dubai,4.44.4 of 5 bubbles(673 reviews)Dubai,,673,RESTAURANT,,https://www.tripadvisor.com/Restaurant_Review-g295424-d1064808-Reviews-Aroos_Damascus-Dubai_Emirate_of_Dubai.html
"RESTAURANTAbsolute Barbecues4.54.5 of 5 bubbles(527 reviews)Dubai, United Arab Emirates38 mentions of Deira""…This is just a review for absolute barbecues deira branch of the staff…""",4.54.5 of 5 bubbles(527 reviews)Dubai,4.54.5 of 5 bubbles(527 reviews)Dubai,,527,RESTAURANT,,https://www.tripadvisor.com/Restaurant_Review-g295424-d7318681-Reviews-Absolute_Barbecues-Dubai_Emirate_of_Dubai.html
"RESTAURANTDampa Seafood Grill - Dubai4.44.4 of 5 bubbles(357 reviews)Dubai, United Arab Emirates23 mentions of Deira""…and original Cajun Seafood in Dubai will always be Dampa Seafood Grill Deira…""",4.44.4 of 5 bubbles(357 reviews)Dubai,4.44.4 of 5 bubbles(357 reviews)Dubai,,357,RESTAURANT,,https://www.tripadvisor.com/Restaurant_Review-g295424-d8019050-Reviews-Dampa_Seafood_Grill_Dubai-Dubai_Emirate_of_Dubai.html
"RESTAURANTFish Market4.64.6 of 5 bubbles(1,147 reviews)Dubai, United Arab Emirates47 mentions of Deira""…It was my first time to dine in Fish Market Radisson Blu Creek Deira and…""",147 reviews)Dubai,4.64.6 of 5 bubbles(1,,1147,RESTAURANT,,https://www.tripadvisor.com/Restaurant_Review-g295424-d1062228-Reviews-Fish_Market-Dubai_Emirate_of_Dubai.html
"RESTAURANTYum!4.84.8 of 5 bubbles(577 reviews)Dubai, United Arab Emirates33 mentions of Deira""…If you are In Dubai ( deira area ) looking for amazing Asian- Thai - noodle…""",4.84.8 of 5 bubbles(577 reviews)Dubai,4.84.8 of 5 bubbles(577 reviews)Dubai,,577,RESTAURANT,,https://www.tripadvisor.com/Restaurant_Review-g295424-d1454214-Reviews-Yum-Dubai_Emirate_of_Dubai.html
"RESTAURANTMukbang Shows Restaurant Korean BBQ and Seafood4.84.8 of 5 bubbles(216 reviews)Dubai, United Arab Emirates8 mentions of Deira""…Thank you Mukbang Deira. ❣️❣️ We will definitely visit them next time.…""",4.84.8 of 5 bubbles(216 reviews)Dubai,4.84.8 of 5 bubbles(216 reviews)Dubai,,216,RESTAURANT,,https://www.tripadvisor.com/Restaurant_Review-g295424-d25547996-Reviews-Mukbang_Shows_Restaurant_Korean_BBQ_and_Seafood-Dubai_Emirate_of_Dubai.html
"RESTAURANTDesi Deira3.93.9 of 5 bubbles(43 reviews)Dubai, United Arab Emirates9 mentions of Deira""…We were told to visit Desi Deira at Meena bazar.…""",3.93.9 of 5 bubbles(43 reviews)Dubai,3.93.9 of 5 bubbles(43 reviews)Dubai,,43,RESTAURANT,,https://www.tripadvisor.com/Restaurant_Review-g295424-d8758017-Reviews-Desi_Deira-Dubai_Emirate_of_Dubai.html
"RESTAURANTThe t-Lounge By Dilmah4.94.9 of 5 bubbles(122 reviews)Dubai, United Arab Emirates18 mentions of Deira""…It’s a very nice setup tea lounge at Pullman Deira city center hotel, and…""",4.94.9 of 5 bubbles(122 reviews)Dubai,4.94.9 of 5 bubbles(122 reviews)Dubai,,122,RESTAURANT,,https://www.tripadvisor.com/Restaurant_Review-g295424-d3925783-Reviews-The_t_Lounge_By_Dilmah-Dubai_Emirate_of_Dubai.html
"RESTAURANTThe Choco Monarch4.74.7 of 5 bubbles(265 reviews)Dubai, United Arab Emirates7 mentions of Deira""…Must visit in Deira. Lovely sevice. Al ghrair mall…""",4.74.7 of 5 bubbles(265 reviews)Dubai,4.74.7 of 5 bubbles(265 reviews)Dubai,,265,RESTAURANT,,https://www.tripadvisor.com/Restaurant_Review-g295424-d14198677-Reviews-The_Choco_Monarch-Dubai_Emirate_of_Dubai.html
"RESTAURANTJuice World4.54.5 of 5 bubbles(236 reviews)Dubai, United Arab Emirates8 mentions of Deira""…If ever in Deira you must try this place as it’s best place to enjoy with…""",4.54.5 of 5 bubbles(236 reviews)Dubai,4.54.5 of 5 bubbles(236 reviews)Dubai,,236,RESTAURANT,,https://www.tripadvisor.com/Restaurant_Review-g295424-d6678730-Reviews-Juice_World-Dubai_Emirate_of_Dubai.html
"RESTAURANTThe Canteen Bowl & Co.4.84.8 of 5 bubbles(228 reviews)Dubai, United Arab Emirates10 mentions of Deira""…Had a great breakfast at The Canteen in Aloft Deira City Centre.…""",4.84.8 of 5 bubbles(228 reviews)Dubai,4.84.8 of 5 bubbles(228 reviews)Dubai,,228,RESTAURANT,,https://www.tripadvisor.com/Restaurant_Review-g295424-d14203242-Reviews-The_Canteen_Bowl_Co-Dubai_Emirate_of_Dubai.html
"RESTAURANTLa Fabrique Sports Bar4.64.6 of 5 bubbles(182 reviews)Dubai, United Arab Emirates10 mentions of Deira""…I am often visiting pullmen deira city center hotel.…""",4.64.6 of 5 bubbles(182 reviews)Dubai,4.64.6 of 5 bubbles(182 reviews)Dubai,,182,RESTAURANT,,https://www.tripadvisor.com/Restaurant_Review-g295424-d5487652-Reviews-La_Fabrique_Sports_Bar-Dubai_Emirate_of_Dubai.html
"RESTAURANTHotel ibis Deira City Centre Restaurant4.14.1 of 5 bubbles(44 reviews)Dubai, United Arab Emirates12 mentions of Deira""…IBIS of Deira City Center is the beautiful pearl of Dubai; however your…""",4.14.1 of 5 bubbles(44 reviews)Dubai,4.14.1 of 5 bubbles(44 reviews)Dubai,,44,RESTAURANT,,https://www.tripadvisor.com/Restaurant_Review-g295424-d6665597-Reviews-Hotel_ibis_Deira_City_Centre_Restaurant-Dubai_Emirate_of_Dubai.html
"RESTAURANTChelsea Arms4.54.5 of 5 bubbles(228 reviews)Dubai, United Arab Emirates4 mentions of Deira""…Draconian Covid measures in Abu Dhabi I found myself spending a fortnight in Deira…""",4.54.5 of 5 bubbles(228 reviews)Dubai,4.54.5 of 5 bubbles(228 reviews)Dubai,,228,RESTAURANT,,https://www.tripadvisor.com/Restaurant_Review-g295424-d3918843-Reviews-Chelsea_Arms-Dubai_Emirate_of_Dubai.html
"RESTAURANTMcG's by McGettigan's Deira5.05 of 5 bubbles(22 reviews)Dubai, United Arab Emirates5 mentions of Deira""…McGettigan’s Deira is a lively pub with a fun atmosphere and great vibes…""",5.05 of 5 bubbles(22 reviews)Dubai,5.05 of 5 bubbles(22 reviews)Dubai,,22,RESTAURANT,,https://www.tripadvisor.com/Restaurant_Review-g295424-d33988695-Reviews-McG_s_by_McGettigan_s_Deira-Dubai_Emirate_of_Dubai.html
"RESTAURANTBistro Domino Restaurant4.84.8 of 5 bubbles(176 reviews)Dubai, United Arab Emirates9 mentions of Deira""…and Jerald for their outstanding service at Bistro Domino - Ibis Hotel Deira…""",4.84.8 of 5 bubbles(176 reviews)Dubai,4.84.8 of 5 bubbles(176 reviews)Dubai,,176,RESTAURANT,,https://www.tripadvisor.com/Restaurant_Review-g295424-d3925164-Reviews-Bistro_Domino_Restaurant-Dubai_Emirate_of_Dubai.html
"RESTAURANTZam Zam Mandi Restaurant4.54.5 of 5 bubbles(123 reviews)Dubai, United Arab Emirates8 mentions of Deira""…I’ve been a loyal customer of Zam Zam Restaurant in Deira for over four…""",4.54.5 of 5 bubbles(123 reviews)Dubai,4.54.5 of 5 bubbles(123 reviews)Dubai,,123,RESTAURANT,,https://www.tripadvisor.com/Restaurant_Review-g295424-d8493836-Reviews-Zam_Zam_Mandi_Restaurant-Dubai_Emirate_of_Dubai.html
"RESTAURANTGlow Ice Creams4.54.5 of 5 bubbles(18 reviews)Dubai, United Arab Emirates9 mentions of Deira""…Visited Glow Ice cream kiosk at deira city center the ice creams are a…""",4.54.5 of 5 bubbles(18 reviews)Dubai,4.54.5 of 5 bubbles(18 reviews)Dubai,,18,RESTAURANT,,https://www.tripadvisor.com/Restaurant_Review-g295424-d21277825-Reviews-Glow_Ice_Creams-Dubai_Emirate_of_Dubai.html
"RESTAURANTThe Spicery4.84.8 of 5 bubbles(49 reviews)Dubai, United Arab Emirates6 mentions of Deira""…Amazing experience with Wyndham hotel Deira we most like the breakfast…""",4.84.8 of 5 bubbles(49 reviews)Dubai,4.84.8 of 5 bubbles(49 reviews)Dubai,,49,RESTAURANT,,https://www.tripadvisor.com/Restaurant_Review-g295424-d23755376-Reviews-The_Spicery-Dubai_Emirate_of_Dubai.html
"RESTAURANTThe Acai Spot4.74.7 of 5 bubbles(126 reviews)Dubai, United Arab Emirates11 mentions of Deira""…Relaxed outdoor sit ting area in Deira Branch.…""",4.74.7 of 5 bubbles(126 reviews)Dubai,4.74.7 of 5 bubbles(126 reviews)Dubai,,126,RESTAURANT,,https://www.tripadvisor.com/Restaurant_Review-g295424-d7995195-Reviews-The_Acai_Spot-Dubai_Emirate_of_Dubai.html
"RESTAURANTLittle Lamb Hot Pot4.44.4 of 5 bubbles(124 reviews)Dubai, United Arab Emirates7 mentions of Deira""…We visited the Deira branch. It's on the main road.…""",4.44.4 of 5 bubbles(124 reviews)Dubai,4.44.4 of 5 bubbles(124 reviews)Dubai,,124,RESTAURANT,,https://www.tripadvisor.com/Restaurant_Review-g295424-d2084839-Reviews-Little_Lamb_Hot_Pot-Dubai_Emirate_of_Dubai.html
"RESTAURANTGazebo Restaurant4.14.1 of 5 bubbles(128 reviews)Dubai, United Arab Emirates13 mentions of Deira""…The restaurant Gazebo in the Deira shopping mall is our favorite, only…""",4.14.1 of 5 bubbles(128 reviews)Dubai,4.14.1 of 5 bubbles(128 reviews)Dubai,,128,RESTAURANT,,https://www.tripadvisor.com/Restaurant_Review-g295424-d3919279-Reviews-Gazebo_Restaurant-Dubai_Emirate_of_Dubai.html
"RESTAURANTSonamu - Korean BBQ Restaurant4.94.9 of 5 bubbles(686 reviews)Dubai, United Arab Emirates13 mentions of Deira""…Highly recommended restaurant in the heart of Deira…""",4.94.9 of 5 bubbles(686 reviews)Dubai,4.94.9 of 5 bubbles(686 reviews)Dubai,,686,RESTAURANT,,https://www.tripadvisor.com/Restaurant_Review-g295424-d2224758-Reviews-Sonamu_Korean_BBQ_Restaurant-Dubai_Emirate_of_Dubai.html
"RESTAURANTKitchen 354.84.8 of 5 bubbles(5 reviews)Dubai, United Arab Emirates4 mentions of Deira""…Based at the 2nd food court of Deira City Centre where limited cafes are…""",4.84.8 of 5 bubbles(5 reviews)Dubai,4.84.8 of 5 bubbles(5 reviews)Dubai,,5,RESTAURANT,,https://www.tripadvisor.com/Restaurant_Review-g295424-d21139910-Reviews-Kitchen_35-Dubai_Emirate_of_Dubai.html
"RESTAURANTArabian Tea House Restaurant & Cafe - Al Fahidi4.74.7 of 5 bubbles(2,268 reviews)Dubai, United Arab Emirates30 mentions of Bur Dubai""…Lovely Arabian Tea House in Bur Dubai.…""",268 reviews)Dubai,4.74.7 of 5 bubbles(2,,2268,RESTAURANT,,https://www.tripadvisor.com/Restaurant_Review-g295424-d940601-Reviews-Arabian_Tea_House_Restaurant_Cafe_Al_Fahidi-Dubai_Emirate_of_Dubai.html
"RESTAURANTSizzling Wok - Citymax Hotel Bur Dubai4.34.3 of 5 bubbles(87 reviews)Dubai, United Arab Emirates7 mentions of Bur DubaiWok and roll! Tantalize your taste buds with the best Asian food in town. Watch our chefs get to work and conjure up a feast of mouth-watering Asian specialities using the finest fresh ingredients bringing alive the vibrant flavours of Thailand, Vietnam, China, and Singapore. Affordable casual dining with a flair of the East awaits you at Sizzling Wok.",4.34.3 of 5 bubbles(87 reviews)Dubai,4.34.3 of 5 bubbles(87 reviews)Dubai,,87,RESTAURANT,,https://www.tripadvisor.com/Restaurant_Review-g295424-d2569119-Reviews-Sizzling_Wok_Citymax_Hotel_Bur_Dubai-Dubai_Emirate_of_Dubai.html
"RESTAURANTTiffin Wala Bur5.05 of 5 bubbles(2 reviews)Dubai, United Arab Emirates1 mention of Bur Dubai""…dubai…""",5.05 of 5 bubbles(2 reviews)Dubai,5.05 of 5 bubbles(2 reviews)Dubai,,2,RESTAURANT,,https://www.tripadvisor.com/Restaurant_Review-g295424-d26220294-Reviews-Tiffin_Wala_Bur-Dubai_Emirate_of_Dubai.html
"RESTAURANTBayt Al Wakeel4.04 of 5 bubbles(704 reviews)Dubai, United Arab Emirates21 mentions of Bur Dubai""…Brilliant restaurant to stop for lunch, if visiting Bur Dubai / Deira and…""",4.04 of 5 bubbles(704 reviews)Dubai,4.04 of 5 bubbles(704 reviews)Dubai,,704,RESTAURANT,,https://www.tripadvisor.com/Restaurant_Review-g295424-d1808949-Reviews-Bayt_Al_Wakeel-Dubai_Emirate_of_Dubai.html
"RESTAURANTMumbai Masti Juice Centre4.44.4 of 5 bubbles(88 reviews)Dubai, United Arab Emirates5 mentions of Bur Dubai""…The best Indian fast food joint in Bur Dubai.…""",4.44.4 of 5 bubbles(88 reviews)Dubai,4.44.4 of 5 bubbles(88 reviews)Dubai,,88,RESTAURANT,,https://www.tripadvisor.com/Restaurant_Review-g295424-d3568551-Reviews-Mumbai_Masti_Juice_Centre-Dubai_Emirate_of_Dubai.html
"RESTAURANTMazmi Cafe and More4.44.4 of 5 bubbles(98 reviews)Dubai, United Arab Emirates6 mentions of Bur Dubai""…This is a wonderful cafe on the Bur Dubai side of the Creek.…""",4.44.4 of 5 bubbles(98 reviews)Dubai,4.44.4 of 5 bubbles(98 reviews)Dubai,,98,RESTAURANT,,https://www.tripadvisor.com/Restaurant_Review-g295424-d13490899-Reviews-Mazmi_Cafe_and_More-Dubai_Emirate_of_Dubai.html
"RESTAURANTRavi's4.34.3 of 5 bubbles(1,096 reviews)Dubai, United Arab Emirates",096 reviews)Dubai,4.34.3 of 5 bubbles(1,,1096,RESTAURANT,,https://www.tripadvisor.com/Restaurant_Review-g295424-d817364-Reviews-Ravi_s-Dubai_Emirate_of_Dubai.html
"RESTAURANTSind Punjab Restaurant4.34.3 of 5 bubbles(142 reviews)Dubai, United Arab Emirates",4.34.3 of 5 bubbles(142 reviews)Dubai,4.34.3 of 5 bubbles(142 reviews)Dubai,,142,RESTAURANT,,https://www.tripadvisor.com/Restaurant_Review-g295424-d3920509-Reviews-Sind_Punjab_Restaurant-Dubai_Emirate_of_Dubai.html
"RESTAURANTVeganesha4.54.5 of 5 bubbles(41 reviews)Dubai, United Arab Emirates7 mentions of Bur Dubai""…Veganesha is tucked away in the busy Meena Bazar area of Bur Dubai.…""",4.54.5 of 5 bubbles(41 reviews)Dubai,4.54.5 of 5 bubbles(41 reviews)Dubai,,41,RESTAURANT,,https://www.tripadvisor.com/Restaurant_Review-g295424-d23822450-Reviews-Veganesha-Dubai_Emirate_of_Dubai.html
"RESTAURANTTipsy Tikka4.84.8 of 5 bubbles(322 reviews)Dubai, United Arab Emirates16 mentions of Bur Dubai""…Best place in Bur dubai , good food , best beer and.…""",4.84.8 of 5 bubbles(322 reviews)Dubai,4.84.8 of 5 bubbles(322 reviews)Dubai,,322,RESTAURANT,,https://www.tripadvisor.com/Restaurant_Review-g295424-d3400409-Reviews-Tipsy_Tikka-Dubai_Emirate_of_Dubai.html
"RESTAURANTPurani Dilli4.84.8 of 5 bubbles(4,160 reviews)Dubai, United Arab Emirates28 mentions of Bur Dubai""…Had a wonderful stay at four point by Sheraton bur Dubai.…""",160 reviews)Dubai,4.84.8 of 5 bubbles(4,,4160,RESTAURANT,,https://www.tripadvisor.com/Restaurant_Review-g295424-d16810811-Reviews-Purani_Dilli-Dubai_Emirate_of_Dubai.html
"RESTAURANTPuranmal4.04 of 5 bubbles(136 reviews)Dubai, United Arab Emirates11 mentions of Bur DubaiTelephone number is 04-3513893. Located near Arabian Courtyard Hotel. (Chain restaurant-11 of them?)",4.04 of 5 bubbles(136 reviews)Dubai,4.04 of 5 bubbles(136 reviews)Dubai,,136,RESTAURANT,,https://www.tripadvisor.com/Restaurant_Review-g295424-d2081622-Reviews-Puranmal-Dubai_Emirate_of_Dubai.html
"RESTAURANTFisherman's Hub Arabian Courtyard Hotel4.74.7 of 5 bubbles(126 reviews)Dubai, United Arab Emirates3 mentions of Bur DubaiWelcome the good times, at Arabian Courtyard in Burdubai. Fisherman's Hub is a great place located next to the historical Dubai Museum. A place to enjoy delicious seafood , Chinese, Continental and Indian cuisine with variety of draught beer, spirits, cocktails & wines. You can also watch your favorite sports live on big screen. FISHERMANS HUB RESTRO BAR - BUR DUBAI",4.74.7 of 5 bubbles(126 reviews)Dubai,4.74.7 of 5 bubbles(126 reviews)Dubai,,126,RESTAURANT,,https://www.tripadvisor.com/Restaurant_Review-g295424-d11925074-Reviews-Fisherman_s_Hub_Arabian_Courtyard_Hotel-Dubai_Emirate_of_Dubai.html
"RESTAURANTXVA Cafe4.44.4 of 5 bubbles(261 reviews)Dubai, United Arab Emirates7 mentions of Bur Dubai""…No visit to Bur Dubai is complete without a visit to the XVA, the lemon…""",4.44.4 of 5 bubbles(261 reviews)Dubai,4.44.4 of 5 bubbles(261 reviews)Dubai,,261,RESTAURANT,,https://www.tripadvisor.com/Restaurant_Review-g295424-d3921057-Reviews-XVA_Cafe-Dubai_Emirate_of_Dubai.html
"RESTAURANTAl Ustad Special Kabab4.44.4 of 5 bubbles(382 reviews)Dubai, United Arab Emirates33 mentions of Bur Dubai""…Must visit when you come to Bur Dubai.…""",4.44.4 of 5 bubbles(382 reviews)Dubai,4.44.4 of 5 bubbles(382 reviews)Dubai,,382,RESTAURANT,,https://www.tripadvisor.com/Restaurant_Review-g295424-d3225840-Reviews-Al_Ustad_Special_Kabab-Dubai_Emirate_of_Dubai.html
"RESTAURANTAl Ustad Special Kabab4.34.3 of 5 bubbles(244 reviews)Dubai, United Arab Emirates",4.34.3 of 5 bubbles(244 reviews)Dubai,4.34.3 of 5 bubbles(244 reviews)Dubai,,244,RESTAURANT,,https://www.tripadvisor.com/Restaurant_Review-g295424-d12676251-Reviews-Al_Ustad_Special_Kabab-Dubai_Emirate_of_Dubai.html
"RESTAURANTBlue Barjeel3.83.8 of 5 bubbles(90 reviews)Dubai, United Arab Emirates6 mentions of Bur Dubai""…This restaurant is located on the edge of Bur Dubai & one can go across…""",3.83.8 of 5 bubbles(90 reviews)Dubai,3.83.8 of 5 bubbles(90 reviews)Dubai,,90,RESTAURANT,,https://www.tripadvisor.com/Restaurant_Review-g295424-d3199121-Reviews-Blue_Barjeel-Dubai_Emirate_of_Dubai.html
"RESTAURANTVeg World4.14.1 of 5 bubbles(69 reviews)Dubai, United Arab Emirates7 mentions of Bur Dubai""…Located in Meena Bazaar in Bur Dubai where the food is always fresh.…""",4.14.1 of 5 bubbles(69 reviews)Dubai,4.14.1 of 5 bubbles(69 reviews)Dubai,,69,RESTAURANT,,https://www.tripadvisor.com/Restaurant_Review-g295424-d2538181-Reviews-Veg_World-Dubai_Emirate_of_Dubai.html
"RESTAURANTBombay Bites Cafe3.93.9 of 5 bubbles(77 reviews)Dubai, United Arab Emirates",3.93.9 of 5 bubbles(77 reviews)Dubai,3.93.9 of 5 bubbles(77 reviews)Dubai,,77,RESTAURANT,,https://www.tripadvisor.com/Restaurant_Review-g295424-d3918626-Reviews-Bombay_Bites_Cafe-Dubai_Emirate_of_Dubai.html
"RESTAURANTKobe Sizzlers Dubai4.24.2 of 5 bubbles(60 reviews)Dubai, United Arab Emirates3 mentions of Bur DubaiKobe Sizzlers is a brand specializing in the creation of high quality sizzlers. Our philosophy is really very simple: Good food and a warm, welcoming atmosphere. At the very heart of our existence are the sizzlers. We strive, every day to improve and improvise on what we have been passionate about, since the time the very first sizzler, billowing aromatic steam, was dished out in 1975. We have a near obsessive dedication to quality and hygiene and take pride in being pioneers of sizzlers in every country where we opened up. Our sizzlers are made using the best possible, fresh, locally sourced ingredients, while staying true to the authentic taste. It is for this reason all our signature sauces (pepper, garlic, mushroom, szechwan and sweet ’n’ sour) are specially prepared in house. Our philosophy is what continues to drive us, to keep serving you with scrumptious sizzlers, each time.",4.24.2 of 5 bubbles(60 reviews)Dubai,4.24.2 of 5 bubbles(60 reviews)Dubai,,60,RESTAURANT,,https://www.tripadvisor.com/Restaurant_Review-g295424-d2282571-Reviews-Kobe_Sizzlers_Dubai-Dubai_Emirate_of_Dubai.html
"RESTAURANTSukh Sagar3.93.9 of 5 bubbles(135 reviews)Dubai, United Arab Emirates",3.93.9 of 5 bubbles(135 reviews)Dubai,3.93.9 of 5 bubbles(135 reviews)Dubai,,135,RESTAURANT,,https://www.tripadvisor.com/Restaurant_Review-g295424-d3920682-Reviews-Sukh_Sagar-Dubai_Emirate_of_Dubai.html
"RESTAURANTKarachi Darbar4.04 of 5 bubbles(283 reviews)Dubai, United Arab Emirates11 mentions of Bur DubaiIt is a group of restaurants.",4.04 of 5 bubbles(283 reviews)Dubai,4.04 of 5 bubbles(283 reviews)Dubai,,283,RESTAURANT,,https://www.tripadvisor.com/Restaurant_Review-g295424-d1860604-Reviews-Karachi_Darbar-Dubai_Emirate_of_Dubai.html
"RESTAURANTFisherman's Hub4.84.8 of 5 bubbles(163 reviews)Dubai, United Arab Emirates4 mentions of Bur Dubai""…Best fine dining place in Bur Dubai particularly if you are a fan of Manglorian…""",4.84.8 of 5 bubbles(163 reviews)Dubai,4.84.8 of 5 bubbles(163 reviews)Dubai,,163,RESTAURANT,,https://www.tripadvisor.com/Restaurant_Review-g295424-d23191024-Reviews-Fisherman_s_Hub-Dubai_Emirate_of_Dubai.html
"RESTAURANTChutney's Restaurant4.64.6 of 5 bubbles(453 reviews)Dubai, United Arab Emirates15 mentions of Bur DubaiExperience the incredible Nawabi flavours of the northern and frontier regions of India at Chutney's Restaurant, where aromas from two tandoor ovens permeate the surroundings. Thick curries, biryanis and kebabs are all on the menu, along with desserts such as pistachio and saffron dumplings smothered in honey syrup. Live entertainment every Friday, Saturday and Sunday. *** Chef's Silver Thali *** - AED 90 (veggie) - AED 99 (non-veggie)",4.64.6 of 5 bubbles(453 reviews)Dubai,4.64.6 of 5 bubbles(453 reviews)Dubai,,453,RESTAURANT,,https://www.tripadvisor.com/Restaurant_Review-g295424-d3918908-Reviews-Chutney_s_Restaurant-Dubai_Emirate_of_Dubai.html
"RESTAURANTChina Bistro4.44.4 of 5 bubbles(65 reviews)Dubai, United Arab Emirates3 mentions of Bur DubaiChina Bistro is the culinary venture of Food Link Restaurants Pvt. Ltd., the passionate dream of Sanjay Vazirani, an alumnus of the prestigious Cornell-Nanyang Institute of Hospitality Management, Singapore. His grand vision is to create exceptional global dining experiences in a contemporary ambiance with exemplary customer service, all at value for money. Our journey began in 2012",4.44.4 of 5 bubbles(65 reviews)Dubai,4.44.4 of 5 bubbles(65 reviews)Dubai,,65,RESTAURANT,,https://www.tripadvisor.com/Restaurant_Review-g295424-d17271190-Reviews-China_Bistro-Dubai_Emirate_of_Dubai.html
"RESTAURANTCreek City Restaurant4.94.9 of 5 bubbles(146 reviews)Dubai, United Arab Emirates3 mentions of Bur Dubai""…I recently dined at creek city restaurant in bur dubai and was thoroughly…""",4.94.9 of 5 bubbles(146 reviews)Dubai,4.94.9 of 5 bubbles(146 reviews)Dubai,,146,RESTAURANT,,https://www.tripadvisor.com/Restaurant_Review-g295424-d25285247-Reviews-Creek_City_Restaurant-Dubai_Emirate_of_Dubai.html
"RESTAURANTFilli Cafe4.14.1 of 5 bubbles(119 reviews)Dubai, United Arab Emirates4 mentions of Bur DubaiExperience at FiLLi is fun, cool and relaxing. We believe in making your day special. FiLLi uplifts your mood by offering space that suits best for work and friendly settings.",4.14.1 of 5 bubbles(119 reviews)Dubai,4.14.1 of 5 bubbles(119 reviews)Dubai,,119,RESTAURANT,,https://www.tripadvisor.com/Restaurant_Review-g295424-d4090955-Reviews-Filli_Cafe-Dubai_Emirate_of_Dubai.html
"RESTAURANTRavi Restaurant4.14.1 of 5 bubbles(129 reviews)Dubai, United Arab Emirates",4.14.1 of 5 bubbles(129 reviews)Dubai,4.14.1 of 5 bubbles(129 reviews)Dubai,,129,RESTAURANT,,https://www.tripadvisor.com/Restaurant_Review-g295424-d6620183-Reviews-Ravi_Restaurant-Dubai_Emirate_of_Dubai.html
"RESTAURANTKailash Parbat3.73.7 of 5 bubbles(105 reviews)Dubai, United Arab Emirates3 mentions of Bur DubaiKailash Parbat is a legendary brand , now open at the Dubai creek.. For a soul satisfying and gratifying experince head to our restaurant.",3.73.7 of 5 bubbles(105 reviews)Dubai,3.73.7 of 5 bubbles(105 reviews)Dubai,,105,RESTAURANT,,https://www.tripadvisor.com/Restaurant_Review-g295424-d10452198-Reviews-Kailash_Parbat-Dubai_Emirate_of_Dubai.html
