source,osm_type,osm_id,restaurant_id,name,brand,operator,country,city,district,address,postcode,latitude,longitude,phone,website,email,opening_hours,cuisine_type,services,price_range,rating,review_count,facebook,instagram,twitter,payment,internet_access,smoking,reservation,photos,google_maps_url,created_at,raw_tags
OpenStreetMap,node,485854079,osm_node_485854079,Rick's Cafe,,,Morocco,Casablanca,,Boulevard Sour Jdid شارع السور الجديد,,33.6049697,-7.6203619,+212522274207,https://www.rickscafe.ma/,,,[],[],,,,,,,,,yes,,,,2026-07-14T15:14:39.495319,"{'addr:housenumber': '248', 'addr:street': 'Boulevard Sour Jdid شارع السور الجديد', 'amenity': 'bar', 'drink:wine': 'served', 'name': ""Rick's Cafe"", 'phone': '+212 5 22 27 42 07', 'smoking': 'yes', 'website': 'https://www.rickscafe.ma/'}"
OpenStreetMap,node,516618709,osm_node_516618709,La Bodega,,,Morocco,Casablanca,,Rue Allal Ben Abdellah,,33.5952195,-7.6115725,,https://restopro.ma/bodega,,,['tapas'],[],,,,,,,,,,,,,2026-07-14T15:14:39.495509,"{'addr:city': 'Casablanca', 'addr:housenumber': '129', 'addr:street': 'Rue Allal Ben Abdellah', 'amenity': 'restaurant', 'cuisine': 'tapas', 'name': 'La Bodega', 'website': 'https://restopro.ma/bodega'}"
OpenStreetMap,node,516618742,osm_node_516618742,La Sqala,,,Morocco,Casablanca,,Boulevard des Almohades,,33.6028481,-7.619212,,https://restopro.ma/sqala,,,['moroccan'],['Wheelchair Accessible'],,,,,,,,wlan,,,,,2026-07-14T15:14:39.495613,"{'addr:city': 'Casablanca', 'addr:street': 'Boulevard des Almohades', 'amenity': 'restaurant', 'cuisine': 'moroccan', 'internet_access': 'wlan', 'name': 'La Sqala', 'website': 'https://restopro.ma/sqala', 'wheelchair': 'yes'}"
OpenStreetMap,node,516618748,osm_node_516618748,Pizza Hut,Pizza Hut,,Morocco,Casablanca,,,,33.5928474,-7.597267,,,,,['pizza'],[],,,,,,,,,,,,,2026-07-14T15:14:39.495661,"{'amenity': 'restaurant', 'brand': 'Pizza Hut', 'brand:fr': 'Pizza Hut', 'brand:wikidata': 'Q191615', 'brand:wikipedia': 'fr:Pizza Hut', 'cuisine': 'pizza', 'name': 'Pizza Hut', 'name:fr': 'Pizza Hut'}"
OpenStreetMap,node,566450742,osm_node_566450742,,,,Morocco,Casablanca,,,,33.5947799,-7.6129688,,,,,[],[],,,,,,,,,,,,,2026-07-14T15:14:39.495694,{'amenity': 'pub'}
OpenStreetMap,node,566450810,osm_node_566450810,,,,Morocco,Casablanca,,,,33.5896864,-7.6265742,,,,,['italian'],[],,,,,,,,,,,,,2026-07-14T15:14:39.495725,"{'amenity': 'restaurant', 'cuisine': 'italian'}"
OpenStreetMap,node,770274905,osm_node_770274905,Chez Pépé,,,Morocco,Casablanca,,,,33.595533,-7.6454829,,,,,[],[],,,,,,,,,,,,,2026-07-14T15:14:39.495759,"{'amenity': 'restaurant', 'name': 'Chez Pépé'}"
OpenStreetMap,node,1246675535,osm_node_1246675535,,,,Morocco,Casablanca,,,,33.5999101,-7.6174265,,,,,[],[],,,,,,,,,,,,,2026-07-14T15:14:39.495788,{'amenity': 'restaurant'}
OpenStreetMap,node,1284530297,osm_node_1284530297,Au 19 Heure,,,Morocco,Casablanca,,,,33.5827625,-7.6112767,,,,,[],[],,,,,,,,,,,,,2026-07-14T15:14:39.495821,"{'amenity': 'cafe', 'name': 'Au 19 Heure'}"
OpenStreetMap,node,1339080540,osm_node_1339080540,Maeva,,,Morocco,Casablanca,,,,33.5957256,-7.5933532,,,,,['coffee_shop'],[],,,,,,,,wlan,,,,,2026-07-14T15:14:39.495861,"{'amenity': 'cafe', 'cuisine': 'coffee_shop', 'internet_access': 'wlan', 'internet_access:fee': 'no', 'name': 'Maeva'}"
OpenStreetMap,node,1464269335,osm_node_1464269335,,,,Morocco,Casablanca,,,,33.5923152,-7.5921842,,,,,[],[],,,,,,,,,,,,,2026-07-14T15:14:39.495889,{'amenity': 'bar'}
OpenStreetMap,node,1464269339,osm_node_1464269339,,,,Morocco,Casablanca,,,,33.5924515,-7.5954887,,,,,[],[],,,,,,,,,,,,,2026-07-14T15:14:39.495918,{'amenity': 'cafe'}
OpenStreetMap,node,1464269345,osm_node_1464269345,,,,Morocco,Casablanca,,,,33.5923666,-7.595596,,,,,[],[],,,,,,,,,,,,,2026-07-14T15:14:39.495944,{'amenity': 'cafe'}
OpenStreetMap,node,1464269346,osm_node_1464269346,,,,Morocco,Casablanca,,,,33.594621,-7.5934475,,,,,[],[],,,,,,,,,,,,,2026-07-14T15:14:39.495970,{'amenity': 'cafe'}
OpenStreetMap,node,1464269358,osm_node_1464269358,Sampione,,,Morocco,Casablanca,,,,33.5928563,-7.5971409,,,,Mo-Su 08:00-22:00,[],[],,,,,,,,wlan,,,,,2026-07-14T15:14:39.496010,"{'amenity': 'cafe', 'internet_access': 'wlan', 'name': 'Sampione', 'name:fr': 'Sampione', 'opening_hours': 'Mo-Su 08:00-22:00', 'wifi': 'no'}"
OpenStreetMap,node,1464269362,osm_node_1464269362,,,,Morocco,Casablanca,,,,33.5926705,-7.5961807,,,,,[],[],,,,,,,,,,,,,2026-07-14T15:14:39.496037,{'amenity': 'cafe'}
OpenStreetMap,node,1464269368,osm_node_1464269368,Mahboub محبوب,,,Morocco,Casablanca,,,,33.5921991,-7.5923586,,,,Mo-Su 09:00-18:00,"['sandwich', 'kebab', 'pizza', 'chicken', 'sausage']",[],,,,,,,,,,,,,2026-07-14T15:14:39.496088,"{'amenity': 'fast_food', 'cuisine': 'sandwich;kebab;pizza;chicken;sausage', 'name': 'Mahboub محبوب', 'name:ar': 'محبوب', 'name:en': 'mahboub', 'name:fr': 'Mahboub', 'opening_hours': 'Mo-Su 09:00-18:00'}"
OpenStreetMap,node,1464269385,osm_node_1464269385,Snack Essaada,,,Morocco,Casablanca,,Boulevard Émile Zola,,33.5936543,-7.5974637,,,,Mo-Su 09:00-21:00,"['international', 'sandwich', 'kebab']",[],,,,,,,,,,,,,2026-07-14T15:14:39.496142,"{'addr:city': 'Casablanca', 'addr:street': 'Boulevard Émile Zola', 'addr:street:fr': 'Boulevard Émile Zola', 'amenity': 'fast_food', 'cuisine': 'international;sandwich;kebab', 'drive_through': 'no', 'name': 'Snack Essaada', 'name:fr': 'Snack Essaada', 'opening_hours': 'Mo-Su 09:00-21:00'}"
OpenStreetMap,node,1464269393,osm_node_1464269393,Paradisio,,,Morocco,Casablanca,,Boulevard Émile Zola,,33.5938278,-7.5969183,,,,,['international'],[],,,,,,,,,,,,,2026-07-14T15:14:39.496182,"{'addr:street': 'Boulevard Émile Zola', 'amenity': 'restaurant', 'cuisine': 'international', 'name': 'Paradisio', 'name:fr': 'Paradisio'}"
OpenStreetMap,node,1464276479,osm_node_1464276479,,,,Morocco,Casablanca,,,,33.5920315,-7.5973448,,,,,[],[],,,,,,,,,,,,,2026-07-14T15:14:39.496209,{'amenity': 'cafe'}
OpenStreetMap,node,1464276497,osm_node_1464276497,,,,Morocco,Casablanca,,,,33.592036,-7.5975808,,,,,[],[],,,,,,,,,,,,,2026-07-14T15:14:39.496234,{'amenity': 'cafe'}
OpenStreetMap,node,1464579525,osm_node_1464579525,,,,Morocco,Casablanca,,,,33.5916786,-7.5917569,,,,,[],[],,,,,,,,,,,,,2026-07-14T15:14:39.496260,{'amenity': 'cafe'}
OpenStreetMap,node,1464579526,osm_node_1464579526,Zanzi bar,,,Morocco,Casablanca,,,,33.5901771,-7.6041272,,,,,[],[],,,,,,,,,,,,,2026-07-14T15:14:39.496290,"{'amenity': 'bar', 'name': 'Zanzi bar', 'name:it': 'Zanzi Bar'}"
OpenStreetMap,node,1464579534,osm_node_1464579534,,,,Morocco,Casablanca,,,,33.5921344,-7.6002863,,,,,[],[],,,,,,,,,,,,,2026-07-14T15:14:39.496317,{'amenity': 'cafe'}
OpenStreetMap,node,1464579544,osm_node_1464579544,,,,Morocco,Casablanca,,,,33.5905168,-7.5955656,,,,,[],[],,,,,,,,,,,,,2026-07-14T15:14:39.496343,{'amenity': 'fast_food'}
OpenStreetMap,node,1464579550,osm_node_1464579550,,,,Morocco,Casablanca,,,,33.5909904,-7.5975933,,,,,[],[],,,,,,,,,,,,,2026-07-14T15:14:39.496369,{'amenity': 'cafe'}
OpenStreetMap,node,1464579551,osm_node_1464579551,,,,Morocco,Casablanca,,,,33.5915356,-7.5918427,,,,,[],[],,,,,,,,,,,,,2026-07-14T15:14:39.496395,{'amenity': 'cafe'}
OpenStreetMap,node,1464579556,osm_node_1464579556,,,,Morocco,Casablanca,,,,33.5914194,-7.59195,,,,,[],[],,,,,,,,,,,,,2026-07-14T15:14:39.496421,{'amenity': 'cafe'}
OpenStreetMap,node,1464579558,osm_node_1464579558,Venezia Ice,,,Morocco,Casablanca,,,,33.5944312,-7.5954315,,,,,['ice_cream'],[],,,,,,,,,,,,,2026-07-14T15:14:39.496456,"{'amenity': 'cafe', 'cuisine': 'ice_cream', 'name': 'Venezia Ice'}"
OpenStreetMap,node,1464579567,osm_node_1464579567,,,,Morocco,Casablanca,,,,33.5906061,-7.595469,,,,,[],[],,,,,,,,,,,,,2026-07-14T15:14:39.496490,{'amenity': 'cafe'}
OpenStreetMap,node,1464579570,osm_node_1464579570,,,,Morocco,Casablanca,,,,33.5910262,-7.5924971,,,,,[],[],,,,,,,,,,,,,2026-07-14T15:14:39.496517,{'amenity': 'cafe'}
OpenStreetMap,node,1464579583,osm_node_1464579583,Alhana,,,Morocco,Casablanca,,,,33.5900564,-7.5931006,,,,,[],[],,,,,,,,,,,,,2026-07-14T15:14:39.496559,"{'amenity': 'cafe', 'name': 'Alhana'}"
OpenStreetMap,node,1464579585,osm_node_1464579585,Tabaris,,,Morocco,Casablanca,,,,33.5942837,-7.5963622,,,,,[],[],,,,,,,,,,,,,2026-07-14T15:14:39.496604,"{'amenity': 'bar', 'name': 'Tabaris'}"
OpenStreetMap,node,1464579591,osm_node_1464579591,Café de la gare,,,Morocco,Casablanca,,,,33.5899952,-7.5905952,,,,,[],[],,,,,,,,,,,,,2026-07-14T15:14:39.497014,"{'amenity': 'cafe', 'name': 'Café de la gare'}"
OpenStreetMap,node,1464579592,osm_node_1464579592,,,,Morocco,Casablanca,,,,33.5909815,-7.591435,,,,,[],[],,,,,,,,,,,,,2026-07-14T15:14:39.497072,{'amenity': 'cafe'}
OpenStreetMap,node,1464579600,osm_node_1464579600,,,,Morocco,Casablanca,,,,33.5908564,-7.5913384,,,,,[],[],,,,,,,,,,,,,2026-07-14T15:14:39.497126,{'amenity': 'bar'}
OpenStreetMap,node,1464579602,osm_node_1464579602,Bellevue,,,Morocco,Casablanca,,,,33.5906508,-7.5928083,,,,,[],[],,,,,,,,,,,,,2026-07-14T15:14:39.497178,"{'amenity': 'cafe', 'name': 'Bellevue'}"
OpenStreetMap,node,1512083777,osm_node_1512083777,,,,Morocco,Casablanca,,,,33.5627991,-7.6436279,,,,,[],[],,,,,,,,,,,,,2026-07-14T15:14:39.497221,{'amenity': 'bar'}
OpenStreetMap,node,1746921486,osm_node_1746921486,Jus Bordeaux,,,Morocco,Casablanca,,,,33.5969487,-7.6279619,,,,,['coffee_shop'],[],,,,,,,,,,,,,2026-07-14T15:14:39.497283,"{'amenity': 'cafe', 'cuisine': 'coffee_shop', 'name': 'Jus Bordeaux', 'wifi': 'no'}"
OpenStreetMap,node,1746921504,osm_node_1746921504,Monsieur Brochette,,,Morocco,Casablanca,,,,33.5949185,-7.6271531,,,,,['regional'],[],,,,,,,,,,,,,2026-07-14T15:14:39.497416,"{'amenity': 'fast_food', 'cuisine': 'regional', 'name': 'Monsieur Brochette'}"
OpenStreetMap,node,1746923046,osm_node_1746923046,,,,Morocco,Casablanca,,,,33.5952889,-7.6255045,,,,,[],[],,,,,,,,,,,,,2026-07-14T15:14:39.498195,{'amenity': 'bar'}
OpenStreetMap,node,1746925524,osm_node_1746925524,Mamelouk Café,,,Morocco,Casablanca,,,,33.5962988,-7.6304773,,,,,['international'],[],,,,,,,,,,,,,2026-07-14T15:14:39.498315,"{'amenity': 'restaurant', 'cuisine': 'international', 'name': 'Mamelouk Café'}"
OpenStreetMap,node,1746934346,osm_node_1746934346,Café Splendeur,,,Morocco,Casablanca,,Boulevard Ziraoui شارع الزيراوي,,33.5962469,-7.6313052,,,,,[],[],,,,,,,,,,,,,2026-07-14T15:14:39.498388,"{'addr:housenumber': '214', 'addr:street': 'Boulevard Ziraoui شارع الزيراوي', 'amenity': 'cafe', 'name': 'Café Splendeur'}"
OpenStreetMap,node,1867119561,osm_node_1867119561,Luigi,,,Morocco,Casablanca,,Rue Ibnou Yaala Al Ifrani زنقة ابن يعلى الإفراني,,33.5882356,-7.6398452,+212522390271,https://luigi.ma/,contact@luigi.ma,,['italian'],['Outdoor Seating'],,,,,,,,,,,,,2026-07-14T15:14:39.499404,"{'addr:street': 'Rue Ibnou Yaala Al Ifrani زنقة ابن يعلى الإفراني', 'amenity': 'restaurant', 'branch': 'Maârif', 'check_date': '2025-03-31', 'cuisine': 'italian', 'diet:halal': 'yes', 'email': 'contact@luigi.ma', 'name': 'Luigi', 'outdoor_seating': 'yes', 'payment:apple_pay': 'yes', 'payment:cards': 'yes', 'payment:cash': 'yes', 'payment:contactless': 'yes', 'phone': '+212 5 22 39 02 71', 'website': 'https://luigi.ma/'}"
OpenStreetMap,node,1875063746,osm_node_1875063746,Restaurant grillades au top,,,Morocco,Casablanca,,,,33.5111856,-7.6105369,,,,,[],[],,,,,,,,,,,,,2026-07-14T15:14:39.499531,"{'amenity': 'cafe', 'name': 'Restaurant grillades au top'}"
OpenStreetMap,node,1875063812,osm_node_1875063812,,,,Morocco,Casablanca,,,,33.5109396,-7.6103706,,,,,[],[],,,,,,,,,,,,,2026-07-14T15:14:39.499600,{'amenity': 'restaurant'}
OpenStreetMap,node,2009477167,osm_node_2009477167,Alba Fast Food,,,Morocco,Casablanca,,,,33.5930113,-7.6171532,,,,,[],[],,,,,,,,,,,,,2026-07-14T15:14:39.499652,"{'amenity': 'fast_food', 'name': 'Alba Fast Food'}"
OpenStreetMap,node,2009477168,osm_node_2009477168,Cafe Black Stone,,,Morocco,Casablanca,,,,33.5951697,-7.610295,,,,,[],[],,,,,,,,,,,,,2026-07-14T15:14:39.499703,"{'amenity': 'cafe', 'name': 'Cafe Black Stone'}"
OpenStreetMap,node,2038386855,osm_node_2038386855,Café Ghandi,,,Morocco,Casablanca,,,,33.5656336,-7.6379599,,,,,[],[],,,,,,,,,,,,,2026-07-14T15:14:39.499756,"{'amenity': 'cafe', 'name': 'Café Ghandi'}"
OpenStreetMap,node,2102250048,osm_node_2102250048,Don Camilo,,,Morocco,Casablanca,,Rue Abou Rakrak,,33.587649,-7.612959,,,,,['spanish'],['Wheelchair Accessible'],,,,,,,,,yes,,,,2026-07-14T15:14:39.499840,"{'addr:city': 'Casablanca', 'addr:street': 'Rue Abou Rakrak', 'amenity': 'restaurant', 'cuisine': 'spanish', 'name': 'Don Camilo', 'outdoor_seating': 'no', 'smoking': 'yes', 'wheelchair': 'yes'}"
OpenStreetMap,node,2119486596,osm_node_2119486596,Rick's Cafe,,,Morocco,Casablanca,,Boulevard Sour Jdid,,33.604995,-7.620406,+212522274207,https://www.rickscafe.ma/,,"Mo-Su 12:00-15:00,18:30-01:00",['mediterranean'],[],,,,,,,,wlan,yes,,,,2026-07-14T15:14:39.500012,"{'addr:city': 'Casablanca', 'addr:housenumber': '248', 'addr:street': 'Boulevard Sour Jdid', 'amenity': 'restaurant', 'contact:email': 'booking.rickscafe@gmail.com', 'cuisine': 'mediterranean', 'delivery': 'no', 'drink:wine': 'served', 'internet_access': 'wlan', 'name': ""Rick's Cafe"", 'opening_hours': 'Mo-Su 12:00-15:00,18:30-01:00', 'outdoor_seating': 'no', 'phone': '+212 522 27 42 07', 'smoking': 'yes', 'takeaway': 'no', 'website': 'https://www.rickscafe.ma/', 'wikidata': 'Q5857561', 'wikimedia_commons': ""Category:Rick's Café"", 'wikipedia': ""en:Rick's Café Casablanca""}"
OpenStreetMap,node,2140790077,osm_node_2140790077,,,,Morocco,Casablanca,,,,33.5954856,-7.6257183,,,,,[],[],,,,,,,,,,,,,2026-07-14T15:14:39.500064,{'amenity': 'bar'}
OpenStreetMap,node,2140790129,osm_node_2140790129,Malaga,,,Morocco,Casablanca,,,,33.5952443,-7.6251765,,,,,[],[],,,,,,,,,,,,,2026-07-14T15:14:39.500117,"{'amenity': 'bar', 'name': 'Malaga'}"
OpenStreetMap,node,2140793927,osm_node_2140793927,ماكدونالدز,ماكدونالدز,,Morocco,Casablanca,,Boulevard Ziraoui,,33.594793,-7.6331748,,,,,['burger'],['Takeaway'],,,,,,,,,,,,,2026-07-14T15:14:39.500200,"{'addr:city': 'Casablanca', 'addr:street': 'Boulevard Ziraoui', 'amenity': 'fast_food', 'brand': 'ماكدونالدز', 'brand:ar': 'ماكدونالدز', 'brand:en': ""McDonald's"", 'brand:wikidata': 'Q38076', 'cuisine': 'burger', 'name': 'ماكدونالدز', 'name:ar': 'ماكدونالدز', 'name:en': ""McDonald's"", 'payment:credit_cards': 'yes', 'payment:debit_cards': 'yes', 'source': 'Kaart Ground Survey 2018', 'takeaway': 'yes'}"
OpenStreetMap,node,2250923969,osm_node_2250923969,Restaurant du Port,,,Morocco,Casablanca,,,,33.6015279,-7.6144679,,,,,['fish'],[],,,,,,,,,,,,,2026-07-14T15:14:39.500267,"{'amenity': 'restaurant', 'cuisine': 'fish', 'name': 'Restaurant du Port', 'name:es': 'Restaurante del Puerto', 'name:fr': 'Restaurant du Port'}"
OpenStreetMap,node,2382656390,osm_node_2382656390,Lugano Glacier,,,Morocco,Casablanca,,,,33.5942402,-7.6376222,,,,,[],[],,,,,,,,,,,,,2026-07-14T15:14:39.500326,"{'amenity': 'cafe', 'name': 'Lugano Glacier'}"
OpenStreetMap,node,2382672194,osm_node_2382672194,Café Galatina,,,Morocco,Casablanca,,,,33.5100873,-7.6507181,,,,,[],[],,,,,,,,,,,,,2026-07-14T15:14:39.500382,"{'amenity': 'cafe', 'name': 'Café Galatina'}"
OpenStreetMap,node,2395470993,osm_node_2395470993,caffé Grandi,,,Morocco,Casablanca,,,,33.5200648,-7.651763,,,,,[],[],,,,,,,,,,,,,2026-07-14T15:14:39.500443,"{'amenity': 'cafe', 'name': 'caffé Grandi'}"
OpenStreetMap,node,2396749934,osm_node_2396749934,Valencia,,,Morocco,Casablanca,,,,33.5289904,-7.6487632,,,,,[],[],,,,,,,,,,,,,2026-07-14T15:14:39.500510,"{'amenity': 'cafe', 'name': 'Valencia'}"
OpenStreetMap,node,2396749935,osm_node_2396749935,Havana,,,Morocco,Casablanca,,,,33.5285902,-7.6489134,,,,,[],[],,,,,,,,,,,,,2026-07-14T15:14:39.500560,"{'amenity': 'cafe', 'name': 'Havana'}"
OpenStreetMap,node,2429582824,osm_node_2429582824,Restaurant Ostrea,,,Morocco,Casablanca,,,,33.6018149,-7.614031,,,,,['fish'],[],,,,,,,,,,,,,2026-07-14T15:14:39.500637,"{'amenity': 'restaurant', 'cuisine': 'fish', 'name': 'Restaurant Ostrea', 'name:es': 'Restaurante Ostrea', 'name:fr': 'Restaurant Ostrea', 'name:it': 'Ristorante Ostrea'}"
OpenStreetMap,node,2429583929,osm_node_2429583929,,,,Morocco,Casablanca,,,,33.6076996,-7.6555825,,,,,['regional'],[],,,,,,,,,,,,,2026-07-14T15:14:39.500689,"{'amenity': 'restaurant', 'cuisine': 'regional'}"
OpenStreetMap,node,2429583956,osm_node_2429583956,Le Cabestan,,,Morocco,Casablanca,,,,33.6080257,-7.6553304,,,,,['regional'],[],,,,,,,,,,,,,2026-07-14T15:14:39.500798,"{'amenity': 'restaurant', 'cuisine': 'regional', 'name': 'Le Cabestan'}"
OpenStreetMap,node,2429590656,osm_node_2429590656,,,,Morocco,Casablanca,,,,33.6014266,-7.6604266,,,,,[],[],,,,,,,,,,,,,2026-07-14T15:14:39.501078,{'amenity': 'restaurant'}
OpenStreetMap,node,2429590661,osm_node_2429590661,Lebanese Restaurant,,,Morocco,Casablanca,,,,33.6007855,-7.6603997,,,,,[],[],,,,,,,,,,,,,2026-07-14T15:14:39.501177,"{'amenity': 'restaurant', 'name': 'Lebanese Restaurant'}"
OpenStreetMap,node,2528191377,osm_node_2528191377,Café Domani,,,Morocco,Casablanca,,,,33.5620309,-7.5591609,,,,,[],[],,,,,,,,no,,,,,2026-07-14T15:14:39.501228,"{'amenity': 'cafe', 'internet_access': 'no', 'name': 'Café Domani'}"
OpenStreetMap,node,2582305746,osm_node_2582305746,Café Ghurub الغروب,,,Morocco,Casablanca,,,,33.5936334,-7.6790181,,,,,[],[],,,,,,,,no,,,,,2026-07-14T15:14:39.501271,"{'amenity': 'cafe', 'internet_access': 'no', 'name': 'Café Ghurub الغروب', 'name:ar': 'الغروب', 'name:fr': 'Café Ghurub'}"
OpenStreetMap,node,2582305772,osm_node_2582305772,Luigi,,,Morocco,Casablanca,,,,33.5966434,-7.6750589,,,,,[],[],,,,,,,,,,,,,2026-07-14T15:14:39.501302,"{'amenity': 'restaurant', 'name': 'Luigi'}"
OpenStreetMap,node,2582305777,osm_node_2582305777,Sijilmassa سجلماسة,,,Morocco,Casablanca,,,,33.5909207,-7.6791755,,,,,[],[],,,,,,,,,,,,,2026-07-14T15:14:39.501334,"{'amenity': 'restaurant', 'name': 'Sijilmassa سجلماسة', 'name:ar': 'سجلماسة', 'name:fr': 'Sijilmassa'}"
OpenStreetMap,node,2582305778,osm_node_2582305778,Nzaha,,,Morocco,Casablanca,,,,33.589095,-7.6818777,,,,,[],[],,,,,,,,,,,,,2026-07-14T15:14:39.501362,"{'amenity': 'cafe', 'name': 'Nzaha'}"
OpenStreetMap,node,2582305779,osm_node_2582305779,O'palm,,,Morocco,Casablanca,,,,33.5886958,-7.6831655,,,,,[],[],,,,,,,,,,,,,2026-07-14T15:14:39.501390,"{'amenity': 'cafe', 'name': ""O'palm""}"
OpenStreetMap,node,2640314819,osm_node_2640314819,Caffè Vernagno 1882,,,Morocco,Casablanca,,Rue Attabari زنقة الطبري,,33.5766221,-7.6481068,,,,,[],['Outdoor Seating'],,,,,,,,yes,,,,,2026-07-14T15:14:39.501440,"{'addr:housenumber': '54', 'addr:street': 'Rue Attabari زنقة الطبري', 'amenity': 'cafe', 'check_date': '2025-06-17', 'internet_access': 'yes', 'name': 'Caffè Vernagno 1882', 'outdoor_seating': 'yes'}"
OpenStreetMap,node,2640991897,osm_node_2640991897,Caniada,,,Morocco,Casablanca,,,,33.5835055,-7.6421257,,,,,[],[],,,,,,,,,,,,,2026-07-14T15:14:39.501469,"{'amenity': 'cafe', 'name': 'Caniada'}"
OpenStreetMap,node,2640991899,osm_node_2640991899,La Grillardière,La Grillardière,,Morocco,Casablanca,,Boulevard Bir Anzarane شارع بئر أنزران,,33.5832948,-7.6418718,,,,,[],[],,,,,,,,,,,,,2026-07-14T15:14:39.501532,"{'addr:street': 'Boulevard Bir Anzarane شارع بئر أنزران', 'amenity': 'restaurant', 'branch': 'Bir Anzarane', 'brand': 'La Grillardière', 'name': 'La Grillardière'}"
OpenStreetMap,node,2640991913,osm_node_2640991913,Café Arije,,,Morocco,Casablanca,,,,33.5819086,-7.6432771,,,,,[],[],,,,,,,,,,,,,2026-07-14T15:14:39.501562,"{'amenity': 'cafe', 'name': 'Café Arije'}"
OpenStreetMap,node,2640991921,osm_node_2640991921,Café les familles,,,Morocco,Casablanca,,,,33.5819412,-7.6431848,,,,,[],[],,,,,,,,,,,,,2026-07-14T15:14:39.501594,"{'amenity': 'cafe', 'name': 'Café les familles'}"
OpenStreetMap,node,2640991957,osm_node_2640991957,ماكدونالدز,ماكدونالدز,,Morocco,Casablanca,,,,33.5857794,-7.6349372,+212522981373,https://www.mcdonalds.ma/nos-restaurants/r%C3%A9seau-maroc/casablanca-maarif,,,['burger'],"['Delivery', 'Takeaway']",,,,,,,,,,,,,2026-07-14T15:14:39.501699,"{'amenity': 'fast_food', 'branch': 'Maârif', 'brand': 'ماكدونالدز', 'brand:ar': 'ماكدونالدز', 'brand:en': ""McDonald's"", 'brand:wikidata': 'Q38076', 'check_date': '2026-06-17', 'cuisine': 'burger', 'delivery': 'yes', 'diet:halal': 'yes', 'drive_through': 'no', 'fax': '+212 5 22 98 13 73', 'name': 'ماكدونالدز', 'name:ar': 'ماكدونالدز', 'name:en': ""McDonald's"", 'payment:apple_pay': 'yes', 'payment:cash': 'yes', 'payment:contactless': 'yes', 'payment:credit_cards': 'yes', 'payment:debit_cards': 'yes', 'phone': '+212 5 22 98 13 73', 'takeaway': 'yes', 'website': 'https://www.mcdonalds.ma/nos-restaurants/r%C3%A9seau-maroc/casablanca-maarif'}"
OpenStreetMap,node,2641044304,osm_node_2641044304,Café le Bateau,,,Morocco,Casablanca,,,,33.5798896,-7.6370591,,,,,[],[],,,,,,,,yes,,,,,2026-07-14T15:14:39.501742,"{'amenity': 'cafe', 'internet_access': 'yes', 'name': 'Café le Bateau'}"
OpenStreetMap,node,2641044308,osm_node_2641044308,pizzeria italian,,,Morocco,Casablanca,,,,33.5810317,-7.6370564,,,,,['pizza'],[],,,,,,,,,,,,,2026-07-14T15:14:39.501776,"{'amenity': 'restaurant', 'cuisine': 'pizza', 'name': 'pizzeria italian'}"
OpenStreetMap,node,2692755048,osm_node_2692755048,Class'dish,,,Morocco,Casablanca,,,,33.5900333,-7.6303903,,,,,['international'],[],,,,,,,,,,,,,2026-07-14T15:14:39.501808,"{'amenity': 'fast_food', 'cuisine': 'international', 'name': ""Class'dish"", 'payment:credit_cards': 'yes', 'payment:debit_cards': 'yes', 'source': 'survey'}"
OpenStreetMap,node,2710721812,osm_node_2710721812,Glacier Oliveri,,,Morocco,Casablanca,,,,33.5848346,-7.622941,,,,,['ice_cream'],[],,,,,,,,,,,,,2026-07-14T15:14:39.501842,"{'amenity': 'cafe', 'cuisine': 'ice_cream', 'name': 'Glacier Oliveri'}"
OpenStreetMap,node,2711741031,osm_node_2711741031,Café Agoustine,,,Morocco,Casablanca,,Rue Al Ghadfa,,33.5785797,-7.6401447,,,,,[],[],,,,,,,,,,,,,2026-07-14T15:14:39.501879,"{'addr:street': 'Rue Al Ghadfa', 'amenity': 'cafe', 'name': 'Café Agoustine'}"
OpenStreetMap,node,2711741034,osm_node_2711741034,Café Caldo,,,Morocco,Casablanca,,Rue Al Fourat,,33.579835,-7.640015,,,,,[],[],,,,,,,,yes,,,,,2026-07-14T15:14:39.501917,"{'addr:street': 'Rue Al Fourat', 'amenity': 'cafe', 'internet_access': 'yes', 'name': 'Café Caldo'}"
OpenStreetMap,node,2711741035,osm_node_2711741035,Moumni,,,Morocco,Casablanca,,Rue Bussang,,33.5806288,-7.6385468,,,,,[],[],,,,,,,,,,,,,2026-07-14T15:14:39.501950,"{'addr:street': 'Rue Bussang', 'amenity': 'fast_food', 'name': 'Moumni'}"
OpenStreetMap,node,2711741039,osm_node_2711741039,Café Céleste,,,Morocco,Casablanca,,Rue Al Mansour Al Abidi زنقة المنصور العابدي,,33.5804839,-7.6412073,,,,,[],['Outdoor Seating'],,,,,,,,wlan,,,,,2026-07-14T15:14:39.501999,"{'addr:housenumber': '54', 'addr:street': 'Rue Al Mansour Al Abidi زنقة المنصور العابدي', 'amenity': 'cafe', 'internet_access': 'wlan', 'internet_access:fee': 'customers', 'name': 'Café Céleste', 'outdoor_seating': 'yes'}"
OpenStreetMap,node,2711741040,osm_node_2711741040,CAP 3000,,,Morocco,Casablanca,,Rue Al Fourate زنقة الفرات,,33.5806609,-7.6410259,,,,,[],[],,,,,,,,,,,,,2026-07-14T15:14:39.502037,"{'addr:street': 'Rue Al Fourate زنقة الفرات', 'amenity': 'cafe', 'check_date': '2024-11-07', 'name': 'CAP 3000'}"
OpenStreetMap,node,2714699179,osm_node_2714699179,Café au Petit 'Maroc مقهى إلى المغرب الصغير,,,Morocco,Casablanca,,,,33.5978903,-7.6344273,,,,,['coffee_shop'],[],,,,,,,,yes,,,,,2026-07-14T15:14:39.502083,"{'amenity': 'cafe', 'cuisine': 'coffee_shop', 'internet_access': 'yes', 'name': ""Café au Petit 'Maroc مقهى إلى المغرب الصغير"", 'name:ar': 'مقهى إلى المغرب الصغير', 'name:fr': ""Café au Petit 'Maroc"", 'wheelchair': 'no'}"
OpenStreetMap,node,2714699180,osm_node_2714699180,Café Bidawa,,,Morocco,Casablanca,,,,33.5985843,-7.6326802,,,,,[],[],,,,,,,,yes,,,,,2026-07-14T15:14:39.502115,"{'amenity': 'cafe', 'internet_access': 'yes', 'name': 'Café Bidawa'}"
OpenStreetMap,node,2714802291,osm_node_2714802291,Diwan,,,Morocco,Casablanca,,,,33.5916481,-7.6351298,,,,,[],[],,,,,,,,,,,,,2026-07-14T15:14:39.502144,"{'amenity': 'cafe', 'name': 'Diwan', 'payment:credit_cards': 'yes', 'payment:debit_cards': 'yes'}"
OpenStreetMap,node,2714827220,osm_node_2714827220,Patisserie&Traiteur TAZI,,,Morocco,Casablanca,,,,33.595696,-7.6301959,,,,,[],[],,,,,,,,,,,,,2026-07-14T15:14:39.502174,"{'amenity': 'cafe', 'name': 'Patisserie&Traiteur TAZI'}"
OpenStreetMap,node,2714951122,osm_node_2714951122,Segafredo,Segafredo,,Morocco,Casablanca,,,,33.5922407,-7.6336602,,,,,['coffee_shop'],['Takeaway'],,,,,,,,,,,,,2026-07-14T15:14:39.502210,"{'amenity': 'cafe', 'brand': 'Segafredo', 'brand:wikidata': 'Q21282762', 'cuisine': 'coffee_shop', 'name': 'Segafredo', 'takeaway': 'yes'}"
OpenStreetMap,node,2714951123,osm_node_2714951123,jardin de Rome,,,Morocco,Casablanca,,,,33.5923237,-7.6319383,,,,,[],[],,,,,,,,,,,,,2026-07-14T15:14:39.502240,"{'amenity': 'cafe', 'name': 'jardin de Rome'}"
OpenStreetMap,node,2714951124,osm_node_2714951124,Le Red's,,,Morocco,Casablanca,,,,33.5929027,-7.62923,,,,,[],[],,,,,,,,,,,,,2026-07-14T15:14:39.502268,"{'amenity': 'cafe', 'name': ""Le Red's""}"
OpenStreetMap,node,2714951125,osm_node_2714951125,Le Noble,,,Morocco,Casablanca,,Rue Abou Abdellah Nafii,,33.5860329,-7.6342615,+212522988080,,,,[],['Outdoor Seating'],,,,,,,,,,,,,2026-07-14T15:14:39.502958,"{'addr:city': 'Casablanca ⵜⴰⴷⴷⴰⵔⵜ ⵜⵓⵎⵍⵉⵍⵜ الدار البيضاء', 'addr:housenumber': '120', 'addr:street': 'Rue Abou Abdellah Nafii', 'amenity': 'cafe', 'check_date': '2025-02-14', 'name': 'Le Noble', 'outdoor_seating': 'yes', 'payment:cash': 'yes', 'payment:credit_cards': 'no', 'payment:debit_cards': 'no', 'phone': '+212 5 22 98 80 80'}"
OpenStreetMap,node,2777458157,osm_node_2777458157,Garibaldi,,,Morocco,Casablanca,,,,33.601513,-7.6330486,,,,,[],['Wheelchair Accessible'],,,,,,,,yes,yes,,,,2026-07-14T15:14:39.502999,"{'amenity': 'cafe', 'internet_access': 'yes', 'internet_access:fee': 'no', 'name': 'Garibaldi', 'smoking': 'yes', 'source': 'Visite sur les lieux', 'wheelchair': 'yes'}"
OpenStreetMap,node,2815126356,osm_node_2815126356,Chawarma Nour esham شاورما نور الشام,,,Morocco,Casablanca,,,,33.6011445,-7.634303,,,,Mo-Su 12:00-24:00,['turkish'],['Wheelchair Accessible'],,,,,,,,no,separated,,,,2026-07-14T15:14:39.503058,"{'amenity': 'restaurant', 'cuisine': 'turkish', 'internet_access': 'no', 'name': 'Chawarma Nour esham شاورما نور الشام', 'name:ar': 'شاورما نور الشام', 'name:en': 'Chawarma Nour Cham شاورما نور الشام', 'name:fr': 'Chawarma Nour esham', 'opening_hours': 'Mo-Su 12:00-24:00', 'smoking': 'separated', 'wheelchair': 'yes'}"
OpenStreetMap,node,2824650951,osm_node_2824650951,Venezia Ice,,Venezia Ice,Morocco,Casablanca,,,,33.5866466,-7.6335102,,,,,[],['Outdoor Seating'],,,,,,,,wlan,,,,,2026-07-14T15:14:39.503104,"{'amenity': 'cafe', 'check_date': '2024-12-10', 'internet_access': 'wlan', 'internet_access:fee': 'customers', 'name': 'Venezia Ice', 'operator': 'Venezia Ice', 'outdoor_seating': 'yes', 'payment:cash': 'yes', 'payment:credit_cards': 'yes', 'payment:debit_cards': 'yes'}"
OpenStreetMap,node,2836511415,osm_node_2836511415,ماكدونالدز,ماكدونالدز,,Morocco,Casablanca,,,,33.544386,-7.6403574,,,,,['burger'],['Takeaway'],,,,,,,,,,,,,2026-07-14T15:14:39.503148,"{'amenity': 'fast_food', 'brand': 'ماكدونالدز', 'brand:ar': 'ماكدونالدز', 'brand:en': ""McDonald's"", 'brand:wikidata': 'Q38076', 'brand:wikipedia': ""en:McDonald's"", 'cuisine': 'burger', 'name': 'ماكدونالدز', 'name:ar': 'ماكدونالدز', 'name:en': ""McDonald's"", 'takeaway': 'yes'}"
OpenStreetMap,node,2836515135,osm_node_2836515135,Pizza Hut,Pizza Hut,,Morocco,Casablanca,,,,33.5443065,-7.6413493,,,,,['pizza'],[],,,,,,,,,,,,,2026-07-14T15:14:39.503187,"{'amenity': 'restaurant', 'brand': 'Pizza Hut', 'brand:wikidata': 'Q191615', 'brand:wikipedia': 'en:Pizza Hut', 'cuisine': 'pizza', 'name': 'Pizza Hut'}"
OpenStreetMap,node,2855080444,osm_node_2855080444,potchi,,,Morocco,Casablanca,,Bordeaux,,33.5973488,-7.6273398,,,,,['french'],[],,,,,,,,,,,,,2026-07-14T15:14:39.503225,"{'addr:street': 'Bordeaux', 'amenity': 'restaurant', 'cuisine': 'french', 'name': 'potchi'}"
OpenStreetMap,node,2879158743,osm_node_2879158743,Meet Up Coffee Pool,,,Morocco,Casablanca,,Rue Michel Ange زنقة ميشبل أنج,,33.5917023,-7.6383239,,,,,[],['Outdoor Seating'],,,,,https://www.instagram.com/meetupcoffeepool/,,,,,,,,2026-07-14T15:14:39.503298,"{'addr:housenumber': '10', 'addr:street': 'Rue Michel Ange زنقة ميشبل أنج', 'amenity': 'cafe', 'check_date': '2025-04-03', 'contact:instagram': 'https://www.instagram.com/meetupcoffeepool/', 'name': 'Meet Up Coffee Pool', 'outdoor_seating': 'yes'}"
OpenStreetMap,node,2879158748,osm_node_2879158748,India Palace,,,Morocco,Casablanca,,Rue Ahmed El Mokri زنقة أحمد المقري,,33.5917889,-7.6391526,,,,,['indian'],[],,,,,,,,,,,,,2026-07-14T15:14:39.503345,"{'addr:housenumber': '23-25', 'addr:street': 'Rue Ahmed El Mokri زنقة أحمد المقري', 'amenity': 'restaurant', 'cuisine': 'indian', 'level': '0', 'name': 'India Palace'}"
OpenStreetMap,node,2879158751,osm_node_2879158751,La Flèche d’Anfa,,,Morocco,Casablanca,,Boulevard d'Anfa شارع أنفا,,33.5904217,-7.6380902,+212522942380,,,,[],['Outdoor Seating'],,,,,,,,,,,,,2026-07-14T15:14:39.503414,"{'addr:housenumber': '158', 'addr:street': ""Boulevard d'Anfa شارع أنفا"", 'amenity': 'cafe', 'name': 'La Flèche d’Anfa', 'outdoor_seating': 'yes', 'phone': '+212 5 22 94 23 80'}"
OpenStreetMap,node,2880332314,osm_node_2880332314,Petrom بتروم,بتروم,بتروم,Morocco,Casablanca,,,,33.5093888,-7.6308528,,,,,[],[],,,,,,,,,,,,,2026-07-14T15:14:39.503451,"{'amenity': 'cafe', 'brand': 'بتروم', 'brand:ar': 'بتروم', 'brand:wikidata': 'Q1755034', 'brand:wikipedia': 'ar:بتروم', 'name': 'Petrom بتروم', 'name:ar': 'بتروم', 'name:en': 'Petrom', 'name:fr': 'Petrom', 'operator': 'بتروم', 'operator:ar': 'بتروم', 'operator:wikidata': 'Q1755034'}"
OpenStreetMap,node,2880448396,osm_node_2880448396,La Passion,,,Morocco,Casablanca,,,,33.6117108,-7.4821246,,,,,[],[],,,,,,,,,,,,,2026-07-14T15:14:39.503482,"{'amenity': 'cafe', 'name': 'La Passion'}"
OpenStreetMap,node,2880485804,osm_node_2880485804,Casa Bianca,,,Morocco,Casablanca,,,,33.6144212,-7.4864283,,,,,[],[],,,,,,,,wlan,yes,,,,2026-07-14T15:14:39.503518,"{'amenity': 'cafe', 'internet_access': 'wlan', 'internet_access:fee': 'no', 'name': 'Casa Bianca', 'smoking': 'yes'}"
OpenStreetMap,node,2880485807,osm_node_2880485807,Golf Sud,,,Morocco,Casablanca,,,,33.6142458,-7.48762,,,,,[],[],,,,,,,,,,,,,2026-07-14T15:14:39.503547,"{'amenity': 'cafe', 'name': 'Golf Sud'}"
OpenStreetMap,node,2880485808,osm_node_2880485808,Le Rital,,,Morocco,Casablanca,,,,33.614251,-7.4876961,,,,,[],[],,,,,,,,,,,,,2026-07-14T15:14:39.503575,"{'amenity': 'cafe', 'name': 'Le Rital'}"
OpenStreetMap,node,2880503244,osm_node_2880503244,New Town,,,Morocco,Casablanca,,,,33.6117795,-7.4808035,,,,,[],[],,,,,,,,,,,,,2026-07-14T15:14:39.503602,"{'amenity': 'cafe', 'name': 'New Town'}"
OpenStreetMap,node,2887382056,osm_node_2887382056,Chez Omar,,,Morocco,Casablanca,,,,33.5974462,-7.635698,,,,,['sandwich'],[],,,,,,,,,yes,,,,2026-07-14T15:14:39.503640,"{'amenity': 'restaurant', 'cuisine': 'sandwich', 'name': 'Chez Omar', 'smoking': 'yes'}"
OpenStreetMap,node,2887426107,osm_node_2887426107,Seven 7 Days,,,Morocco,Casablanca,,Boulevard Mohamed Zerktouni,20220,33.5970619,-7.6382193,+212522430300,,,Mo-Su 07:00-01:00,"['coffee_shop', 'crepe', 'italian', 'moroccan', 'breakfast', 'pizza', 'pasta', 'soba', 'sandwich', 'tea', 'chicken', 'fish', 'kebab', 'italian_pizza', 'burger', 'cake', 'seafood', 'savory_pancakes', 'deli']",[],,,,,,,,wlan,outside,,,,2026-07-14T15:14:39.503713,"{'addr:housenumber': '348', 'addr:postcode': '20220', 'addr:street': 'Boulevard Mohamed Zerktouni', 'amenity': 'restaurant', 'cuisine': 'coffee_shop;crepe;italian;moroccan;breakfast;pizza;pasta;soba;sandwich;tea;chicken;fish;kebab;italian_pizza;burger;cake;seafood;savory_pancakes;deli', 'internet_access': 'wlan', 'name': 'Seven 7 Days', 'opening_hours': 'Mo-Su 07:00-01:00', 'phone': '+212 5 22 43 03 00', 'smoking': 'outside'}"
OpenStreetMap,node,2892070130,osm_node_2892070130,La Toscana,,,Morocco,Casablanca,,Rue Ibnou Yaala Al Ifrani زنقة ابن يعلى الإفراني,20100,33.5885888,-7.6385756,,,,,['italian'],[],,,,,,,,,,,,,2026-07-14T15:14:39.503760,"{'addr:housenumber': '7', 'addr:postcode': '20100', 'addr:street': 'Rue Ibnou Yaala Al Ifrani زنقة ابن يعلى الإفراني', 'amenity': 'restaurant', 'cuisine': 'italian', 'diet:halal': 'yes', 'name': 'La Toscana'}"
OpenStreetMap,node,2894489074,osm_node_2894489074,Pomme de Pain,,,Morocco,Casablanca,,Rue Ibnou Yaala Al Ifrani زنقة ابن يعلى الإفراني,,33.588034,-7.6401077,,,,,[],[],,,,,,,,,,,,,2026-07-14T15:14:39.503799,"{'addr:street': 'Rue Ibnou Yaala Al Ifrani زنقة ابن يعلى الإفراني', 'amenity': 'restaurant', 'name': 'Pomme de Pain'}"
OpenStreetMap,node,2898341902,osm_node_2898341902,KFC,KFC,,Morocco,Casablanca,,Rue El Kadi Iass زنقة القاضي إياس,,33.5861117,-7.6368073,,,,,['chicken'],['Takeaway'],,,,,,,,,outside,,,,2026-07-14T15:14:39.503847,"{'addr:city': 'Casablanca ⵜⴰⴷⴷⴰⵔⵜ ⵜⵓⵎⵍⵉⵍⵜ الدار البيضاء', 'addr:street': 'Rue El Kadi Iass زنقة القاضي إياس', 'alt_name:fr': 'PFK;Poulet Frit Kentucky', 'amenity': 'fast_food', 'brand': 'KFC', 'brand:ar': 'دجاج كنتاكي', 'brand:en': 'KFC', 'brand:fr': 'KFC', 'brand:wikidata': 'Q524757', 'brand:wikipedia': 'fr:Kentucky Fried Chicken', 'check_date': '2024-10-03', 'cuisine': 'chicken', 'drive_through': 'no', 'name': 'KFC', 'name:ar': 'دجاج كنتاكي', 'name:en': 'KFC', 'name:fr': 'KFC', 'smoking': 'outside', 'takeaway': 'yes'}"
OpenStreetMap,node,2901956590,osm_node_2901956590,Café Pasteur,,,Morocco,Casablanca,,,,33.5737657,-7.6245966,,,,,[],[],,,,,,,,,,,,,2026-07-14T15:14:39.503876,"{'amenity': 'cafe', 'name': 'Café Pasteur'}"
OpenStreetMap,node,2902105735,osm_node_2902105735,café Etoile Plazza,,,Morocco,Casablanca,,,,33.5740365,-7.6250894,,,,,[],[],,,,,,,,,,,,,2026-07-14T15:14:39.503907,"{'amenity': 'cafe', 'name': 'café Etoile Plazza'}"
OpenStreetMap,node,2902105736,osm_node_2902105736,café Alice,,,Morocco,Casablanca,,,,33.5740455,-7.6252611,,,,,[],[],,,,,,,,,,,,,2026-07-14T15:14:39.503942,"{'amenity': 'cafe', 'name': 'café Alice'}"
OpenStreetMap,node,2902105737,osm_node_2902105737,café Gigi,,,Morocco,Casablanca,,,,33.57405,-7.6253952,,,,,[],[],,,,,,,,,,,,,2026-07-14T15:14:39.503971,"{'amenity': 'cafe', 'name': 'café Gigi'}"
OpenStreetMap,node,2902579702,osm_node_2902579702,café Vesal,,,Morocco,Casablanca,,,,33.5728315,-7.6205101,,,,,[],[],,,,,,,,,,,,,2026-07-14T15:14:39.504000,"{'amenity': 'cafe', 'name': 'café Vesal'}"
OpenStreetMap,node,2903103365,osm_node_2903103365,Kaiten,,,Morocco,Casablanca,,Rue Oumayma Essayeh زنقة أميمة السايح,20100,33.5881181,-7.638915,,,,,[],[],,,,,,,,,,,,,2026-07-14T15:14:39.504039,"{'addr:housenumber': '18', 'addr:postcode': '20100', 'addr:street': 'Rue Oumayma Essayeh زنقة أميمة السايح', 'amenity': 'bar', 'name': 'Kaiten'}"
OpenStreetMap,node,2903251740,osm_node_2903251740,Cannelle,,,Morocco,Casablanca,,,,33.572472,-7.6571393,,,,,[],[],,,,,,,,,,,,,2026-07-14T15:14:39.504070,"{'amenity': 'cafe', 'name': 'Cannelle'}"
OpenStreetMap,node,2903614163,osm_node_2903614163,Long Champ,,,Morocco,Casablanca,,,,33.5727133,-7.6568925,,,,,[],[],,,,,,,,,,,,,2026-07-14T15:14:39.504108,"{'amenity': 'bar', 'name': 'Long Champ'}"
OpenStreetMap,node,2903614169,osm_node_2903614169,"Nori, Restaurent Japonais",,,Morocco,Casablanca,,,,33.5731692,-7.6567852,,,,,[],[],,,,,,,,,,,,,2026-07-14T15:14:39.504138,"{'amenity': 'restaurant', 'name': 'Nori, Restaurent Japonais'}"
OpenStreetMap,node,2903614193,osm_node_2903614193,Espace Coffee,,,Morocco,Casablanca,,,,33.5711177,-7.6517212,,,,,[],[],,,,,,,,,,,,,2026-07-14T15:14:39.504167,"{'amenity': 'cafe', 'name': 'Espace Coffee'}"
OpenStreetMap,node,2903627411,osm_node_2903627411,Café Lily White,,,Morocco,Casablanca,,,,33.5715053,-7.6241079,,,,,[],[],,,,,,,,,,,,,2026-07-14T15:14:39.504197,"{'amenity': 'cafe', 'name': 'Café Lily White', 'name:fr': 'Café Lily White'}"
OpenStreetMap,node,2903627412,osm_node_2903627412,Café Soraya,,,Morocco,Casablanca,,,,33.5715156,-7.6244653,,,,,[],[],,,,,,,,,,,,,2026-07-14T15:14:39.504226,"{'amenity': 'cafe', 'name': 'Café Soraya', 'name:fr': 'Café Soraya'}"
OpenStreetMap,node,2903627421,osm_node_2903627421,La Brioche Dorée,,,Morocco,Casablanca,,,,33.5693746,-7.6255745,,,,,[],[],,,,,,,,,,,,,2026-07-14T15:14:39.504255,"{'amenity': 'cafe', 'name': 'La Brioche Dorée'}"
OpenStreetMap,node,2905788944,osm_node_2905788944,Gelatino,,,Morocco,Casablanca,,Rue Nationale,,33.5936482,-7.6162016,,,,,[],[],,,,,,,,wlan,,,,,2026-07-14T15:14:39.504290,"{'addr:housenumber': '26', 'addr:street': 'Rue Nationale', 'amenity': 'cafe', 'internet_access': 'wlan', 'name': 'Gelatino'}"
OpenStreetMap,node,2916714195,osm_node_2916714195,Belhaj Fast Food,,,Morocco,Casablanca,,,,33.5911922,-7.6260147,,,,,[],[],,,,,,,,,,,,,2026-07-14T15:14:39.504319,"{'amenity': 'fast_food', 'name': 'Belhaj Fast Food'}"
OpenStreetMap,node,2916714196,osm_node_2916714196,La grotte du pêcheur,,,Morocco,Casablanca,,,,33.5918245,-7.6266906,,,,,['fish_and_chips'],[],,,,,,,,,,,,,2026-07-14T15:14:39.504356,"{'amenity': 'restaurant', 'cuisine': 'fish_and_chips', 'name': 'La grotte du pêcheur'}"
OpenStreetMap,node,2916714199,osm_node_2916714199,Nouaima,,,Morocco,Casablanca,,,,33.592001,-7.626468,,,,,[],[],,,,,,,,,,,,,2026-07-14T15:14:39.504385,"{'amenity': 'cafe', 'name': 'Nouaima'}"
OpenStreetMap,node,2916728402,osm_node_2916728402,Keykos,,,Morocco,Casablanca,,,,33.5924545,-7.6270366,,,,,[],[],,,,,,,,,,,,,2026-07-14T15:14:39.504412,"{'amenity': 'restaurant', 'name': 'Keykos'}"
OpenStreetMap,node,2916737107,osm_node_2916737107,Snack Bir Anzarane,,,Morocco,Casablanca,,,,33.5805691,-7.6372398,,,,,[],[],,,,,,,,,,,,,2026-07-14T15:14:39.504443,"{'amenity': 'fast_food', 'name': 'Snack Bir Anzarane'}"
OpenStreetMap,node,2916737108,osm_node_2916737108,Snack Khatib,,,Morocco,Casablanca,,,,33.5808187,-7.6376854,,,,,[],[],,,,,,,,,,,,,2026-07-14T15:14:39.504472,"{'amenity': 'fast_food', 'name': 'Snack Khatib'}"
OpenStreetMap,node,2916737109,osm_node_2916737109,Snack Tahiri,,,Morocco,Casablanca,,,,33.5808991,-7.637798,,,,,[],[],,,,,,,,,,,,,2026-07-14T15:14:39.504500,"{'amenity': 'fast_food', 'name': 'Snack Tahiri'}"
OpenStreetMap,node,2916737110,osm_node_2916737110,Snack Moumni,,,Morocco,Casablanca,,,,33.5809483,-7.6377229,,,,,[],[],,,,,,,,,,,,,2026-07-14T15:14:39.504530,"{'amenity': 'fast_food', 'name': 'Snack Moumni'}"
OpenStreetMap,node,2916737112,osm_node_2916737112,Café Anfa,,,Morocco,Casablanca,,,,33.5813192,-7.6383988,,,,,[],[],,,,,,,,,,,,,2026-07-14T15:14:39.504559,"{'amenity': 'cafe', 'name': 'Café Anfa'}"
OpenStreetMap,node,2916737113,osm_node_2916737113,Café O'kfé,,,Morocco,Casablanca,,,,33.5816678,-7.6389138,,,,,[],[],,,,,,,,,,,,,2026-07-14T15:14:39.504588,"{'amenity': 'cafe', 'name': ""Café O'kfé""}"
OpenStreetMap,node,2935946001,osm_node_2935946001,Baleno,,,Morocco,Casablanca,,,,33.5824231,-7.6148676,,,,,[],[],,,,,,,,,,,,,2026-07-14T15:14:39.504615,"{'amenity': 'restaurant', 'name': 'Baleno'}"
OpenStreetMap,node,2970393167,osm_node_2970393167,Tex Mex,,,Morocco,Casablanca,,Boulevard Al Massira Al Khadra شارع المسيرة الخضراء,,33.5876523,-7.6434531,,,,,['mexican'],[],,,,,,,,,,,,,2026-07-14T15:14:39.504658,"{'addr:housenumber': '181', 'addr:street': 'Boulevard Al Massira Al Khadra شارع المسيرة الخضراء', 'amenity': 'fast_food', 'cuisine': 'mexican', 'drive_through': 'no', 'name': 'Tex Mex'}"
OpenStreetMap,node,3014635406,osm_node_3014635406,Café Mandela,,,Morocco,Casablanca,,,,33.6014368,-7.6336494,,,,,[],[],,,,,,,,wlan,,,,,2026-07-14T15:14:39.504691,"{'amenity': 'cafe', 'internet_access': 'wlan', 'internet_access:fee': 'no', 'name': 'Café Mandela'}"
OpenStreetMap,node,3015533903,osm_node_3015533903,Cups,,,Morocco,Casablanca,,,,33.5926384,-7.6295335,,,,,[],[],,,,,,,,,,,,,2026-07-14T15:14:39.504719,"{'amenity': 'cafe', 'name': 'Cups'}"
OpenStreetMap,node,3018430921,osm_node_3018430921,Marjonel,,,Morocco,Casablanca,,,,33.5583463,-7.5604482,,,,,[],[],,,,,,,,,,,,,2026-07-14T15:14:39.504746,"{'amenity': 'cafe', 'name': 'Marjonel'}"
OpenStreetMap,node,3094231185,osm_node_3094231185,,,,Morocco,Casablanca,,,,33.601239,-7.6360079,,,,,['mexican'],[],,,,,,,,,,,,,2026-07-14T15:14:39.504774,"{'amenity': 'restaurant', 'cuisine': 'mexican'}"
OpenStreetMap,node,3114995987,osm_node_3114995987,ماكدونالدز,ماكدونالدز,,Morocco,Casablanca,,,,33.5993306,-7.6126219,,,,,['burger'],['Takeaway'],,,,,,,,,,,,,2026-07-14T15:14:39.504810,"{'amenity': 'fast_food', 'brand': 'ماكدونالدز', 'brand:ar': 'ماكدونالدز', 'brand:en': ""McDonald's"", 'brand:fr': ""McDonald's"", 'brand:wikidata': 'Q38076', 'brand:wikipedia': ""fr:McDonald's"", 'cuisine': 'burger', 'name': 'ماكدونالدز', 'name:ar': 'ماكدونالدز', 'name:en': ""McDonald's"", 'name:fr': ""McDonald's"", 'takeaway': 'yes'}"
OpenStreetMap,node,3114995989,osm_node_3114995989,ستاربكس,ستاربكس,,Morocco,Casablanca,,,,33.5995419,-7.6123798,,,,,['coffee_shop'],['Takeaway'],,,,,,,,,,,,,2026-07-14T15:14:39.504847,"{'amenity': 'cafe', 'branch': 'Cofee', 'brand': 'ستاربكس', 'brand:ar': 'ستاربكس', 'brand:en': 'Starbucks', 'brand:fr': 'Starbucks', 'brand:wikidata': 'Q37158', 'brand:wikipedia': 'fr:Starbucks', 'cuisine': 'coffee_shop', 'name': 'ستاربكس', 'name:ar': 'ستاربكس', 'name:en': 'Starbucks', 'name:fr': 'Starbucks', 'name:it': 'Starbucks', 'official_name': 'ستاربكس كافية', 'official_name:ar': 'ستاربكس كافية', 'official_name:en': 'Starbucks Coffee', 'official_name:fr': 'Café Starbucks', 'takeaway': 'yes'}"
OpenStreetMap,node,3118805797,osm_node_3118805797,Astoria,,,Morocco,Casablanca,,,,33.5941874,-7.5873723,,,,,[],[],,,,,,,,,,,,,2026-07-14T15:14:39.504874,"{'amenity': 'cafe', 'name': 'Astoria'}"
OpenStreetMap,node,3118805799,osm_node_3118805799,,,,Morocco,Casablanca,,,,33.5938761,-7.581693,,,,,[],[],,,,,,,,,,,,,2026-07-14T15:14:39.504900,{'amenity': 'restaurant'}
OpenStreetMap,node,3118805800,osm_node_3118805800,Snack Lachgar,,,Morocco,Casablanca,,,,33.594038,-7.5812324,,,,,[],[],,,,,,,,,,,,,2026-07-14T15:14:39.504929,"{'amenity': 'fast_food', 'name': 'Snack Lachgar'}"
OpenStreetMap,node,3120506230,osm_node_3120506230,Café Iligh,,,Morocco,Casablanca,,,,33.5908419,-7.5907101,,,,,[],[],,,,,,,,,,,,,2026-07-14T15:14:39.504958,"{'amenity': 'cafe', 'name': 'Café Iligh'}"
OpenStreetMap,node,3122596372,osm_node_3122596372,Snack chez Mostapha,,,Morocco,Casablanca,,,,33.5940513,-7.5811487,,,,,[],[],,,,,,,,,,,,,2026-07-14T15:14:39.504987,"{'amenity': 'fast_food', 'name': 'Snack chez Mostapha'}"
OpenStreetMap,node,3122596373,osm_node_3122596373,Chez Taha,,,Morocco,Casablanca,,,,33.5940283,-7.5812601,,,,,[],[],,,,,,,,,,,,,2026-07-14T15:14:39.505018,"{'amenity': 'fast_food', 'name': 'Chez Taha'}"
OpenStreetMap,node,3122596374,osm_node_3122596374,Snack Rajawi,,,Morocco,Casablanca,,,,33.5940221,-7.58131,,,,,[],[],,,,,,,,,,,,,2026-07-14T15:14:39.505046,"{'amenity': 'fast_food', 'name': 'Snack Rajawi'}"
OpenStreetMap,node,3122596375,osm_node_3122596375,Chez Ali,,,Morocco,Casablanca,,,,33.5939994,-7.581368,,,,,[],[],,,,,,,,,,,,,2026-07-14T15:14:39.505074,"{'amenity': 'fast_food', 'name': 'Chez Ali'}"
OpenStreetMap,node,3122596376,osm_node_3122596376,Achkid,,,Morocco,Casablanca,,,,33.5940125,-7.5813312,,,,,[],[],,,,,,,,,,,,,2026-07-14T15:14:39.505104,"{'amenity': 'fast_food', 'name': 'Achkid'}"
OpenStreetMap,node,3122596377,osm_node_3122596377,Ait agadir,,,Morocco,Casablanca,,,,33.5939487,-7.5815033,,,,,[],[],,,,,,,,,,,,,2026-07-14T15:14:39.505134,"{'amenity': 'fast_food', 'name': 'Ait agadir'}"
OpenStreetMap,node,3122596378,osm_node_3122596378,Ait toufawt,,,Morocco,Casablanca,,,,33.5939034,-7.5816157,,,,,[],[],,,,,,,,,,,,,2026-07-14T15:14:39.505163,"{'amenity': 'restaurant', 'name': 'Ait toufawt'}"
OpenStreetMap,node,3122596379,osm_node_3122596379,,,,Morocco,Casablanca,,,,33.593421,-7.5820873,,,,,[],[],,,,,,,,,,,,,2026-07-14T15:14:39.505187,{'amenity': 'cafe'}
OpenStreetMap,node,3123832579,osm_node_3123832579,Wardane,,,Morocco,Casablanca,,Boulevard Oued Oum Rbia,,33.5569778,-7.6827368,,,,,[],[],,,,,,,,wlan,,,,,2026-07-14T15:14:39.505225,"{'addr:street': 'Boulevard Oued Oum Rbia', 'amenity': 'cafe', 'internet_access': 'wlan', 'name': 'Wardane', 'name:ar': 'ورضان'}"
OpenStreetMap,node,3123881048,osm_node_3123881048,Babel,,,Morocco,Casablanca,,,,33.5557009,-7.6827946,,,,,[],[],,,,,,,,yes,,,,,2026-07-14T15:14:39.505255,"{'amenity': 'cafe', 'internet_access': 'yes', 'name': 'Babel'}"
OpenStreetMap,node,3124571557,osm_node_3124571557,Snack Farah Behja,,,Morocco,Casablanca,,,,33.5940156,-7.5808973,,,,,[],[],,,,,,,,,,,,,2026-07-14T15:14:39.505285,"{'amenity': 'fast_food', 'name': 'Snack Farah Behja'}"
OpenStreetMap,node,3124724391,osm_node_3124724391,Vertigo,,,Morocco,Casablanca,,,,33.5923836,-7.6144696,,,,,[],[],,,,,,,,,,,,,2026-07-14T15:14:39.505312,"{'amenity': 'bar', 'name': 'Vertigo', 'name:fr': 'Vertigo'}"
OpenStreetMap,node,3125732943,osm_node_3125732943,La Grillardiere,,,Morocco,Casablanca,,,,33.5887094,-7.628123,,,,,[],[],,,,,,,,,,,,,2026-07-14T15:14:39.505341,"{'amenity': 'restaurant', 'name': 'La Grillardiere', 'payment:credit_cards': 'yes', 'payment:debit_cards': 'yes'}"
OpenStreetMap,node,3136602728,osm_node_3136602728,BlueBerry,,,Morocco,Casablanca,,,,33.5996574,-7.6122203,,,,,[],[],,,,,,,,,,,,,2026-07-14T15:14:39.505369,"{'amenity': 'cafe', 'name': 'BlueBerry', 'name:fr': 'BlueBerry'}"
OpenStreetMap,node,3136604729,osm_node_3136604729,Caféino,,,Morocco,Casablanca,,,,33.5994386,-7.6125072,,,,,[],[],,,,,,,,,,,,,2026-07-14T15:14:39.505396,"{'amenity': 'cafe', 'name': 'Caféino', 'name:fr': 'Caféino'}"
OpenStreetMap,node,3136604730,osm_node_3136604730,Segafredo,Segafredo,,Morocco,Casablanca,,,,33.5992366,-7.6127376,,,,,['coffee_shop'],['Takeaway'],,,,,,,,,,,,,2026-07-14T15:14:39.505435,"{'amenity': 'cafe', 'brand': 'Segafredo', 'brand:es': 'Segafredo', 'brand:fr': 'Segafredo', 'brand:wikidata': 'Q21282762', 'cuisine': 'coffee_shop', 'name': 'Segafredo', 'name:es': 'Segafredo', 'name:fr': 'Segafredo', 'takeaway': 'yes'}"
OpenStreetMap,node,3207439276,osm_node_3207439276,Segafredo,Segafredo,,Morocco,Casablanca,,,,33.5917771,-7.627272,,,,,['coffee_shop'],['Takeaway'],,,,,,,,,,,,,2026-07-14T15:14:39.505469,"{'amenity': 'cafe', 'brand': 'Segafredo', 'brand:wikidata': 'Q21282762', 'cuisine': 'coffee_shop', 'name': 'Segafredo', 'payment:credit_cards': 'yes', 'payment:debit_cards': 'yes', 'takeaway': 'yes'}"
OpenStreetMap,node,3207439277,osm_node_3207439277,Fratelli,,,Morocco,Casablanca,,,,33.5930227,-7.627037,,,,,[],[],,,,,,,,,,,,,2026-07-14T15:14:39.505496,"{'amenity': 'restaurant', 'name': 'Fratelli'}"
OpenStreetMap,node,3207857677,osm_node_3207857677,La perle du liban,,,Morocco,Casablanca,,,,33.5947844,-7.6282046,,,,,[],[],,,,,,,,,,,,,2026-07-14T15:14:39.505526,"{'amenity': 'restaurant', 'name': 'La perle du liban'}"
OpenStreetMap,node,3207860830,osm_node_3207860830,Brasserie Olympis,,,Morocco,Casablanca,,,,33.5953459,-7.6260218,,,,,[],[],,,,,,,,,,,,,2026-07-14T15:14:39.505554,"{'amenity': 'bar', 'name': 'Brasserie Olympis'}"
OpenStreetMap,node,3207874976,osm_node_3207874976,Café Glacier Rachidi,,,Morocco,Casablanca,,,,33.5938662,-7.6283156,,,,,['ice_cream'],[],,,,,,,,,,,,,2026-07-14T15:14:39.505587,"{'amenity': 'cafe', 'cuisine': 'ice_cream', 'name': 'Café Glacier Rachidi'}"
OpenStreetMap,node,3207891880,osm_node_3207891880,Café Glacier de l'Oize,,,Morocco,Casablanca,,,,33.594726,-7.6274061,,,,,[],[],,,,,,,,,,,,,2026-07-14T15:14:39.505616,"{'amenity': 'cafe', 'name': ""Café Glacier de l'Oize""}"
OpenStreetMap,node,3207892236,osm_node_3207892236,Monsieur Brochettes,,,Morocco,Casablanca,,,,33.5948135,-7.6274321,,,,,[],[],,,,,,,,,,,,,2026-07-14T15:14:39.505645,"{'amenity': 'restaurant', 'name': 'Monsieur Brochettes'}"
OpenStreetMap,node,3207893715,osm_node_3207893715,Café glacier Casa Anfa,,,Morocco,Casablanca,,,,33.5953965,-7.6263675,,,,,[],[],,,,,,,,,,,,,2026-07-14T15:14:39.505676,"{'amenity': 'cafe', 'name': 'Café glacier Casa Anfa'}"
OpenStreetMap,node,3207896771,osm_node_3207896771,Café La cabane,,,Morocco,Casablanca,,,,33.5955168,-7.6265613,,,,,[],[],,,,,,,,,,,,,2026-07-14T15:14:39.505705,"{'amenity': 'cafe', 'name': 'Café La cabane'}"
OpenStreetMap,node,3207896772,osm_node_3207896772,Restaurant King Burger,,,Morocco,Casablanca,,,,33.5953217,-7.6256267,,,,,[],[],,,,,,,,,,,,,2026-07-14T15:14:39.505734,"{'amenity': 'restaurant', 'name': 'Restaurant King Burger'}"
OpenStreetMap,node,3207898878,osm_node_3207898878,Café Madrid,,,Morocco,Casablanca,,,,33.5954404,-7.6264835,,,,,[],[],,,,,,,,,,,,,2026-07-14T15:14:39.505762,"{'amenity': 'cafe', 'name': 'Café Madrid'}"
OpenStreetMap,node,3228625028,osm_node_3228625028,Alegria,,,Morocco,Casablanca,,Boulevard Hassan Alaoui,,33.5838531,-7.5813298,,,,,[],[],,,,,,,,wlan,separated,,,,2026-07-14T15:14:39.505801,"{'addr:city': 'Casablanca', 'addr:street': 'Boulevard Hassan Alaoui', 'amenity': 'cafe', 'internet_access': 'wlan', 'name': 'Alegria', 'smoking': 'separated'}"
OpenStreetMap,node,3228678355,osm_node_3228678355,Boulangerie-Pâtisserie Amanouz,,,Morocco,Casablanca,,,,33.5846642,-7.5804276,,,,,[],[],,,,,,,,,,,,,2026-07-14T15:14:39.505832,"{'amenity': 'cafe', 'name': 'Boulangerie-Pâtisserie Amanouz'}"
OpenStreetMap,node,3228678357,osm_node_3228678357,Essalam Juice,,,Morocco,Casablanca,,,,33.5852765,-7.5809747,,,,,"['burger', 'pizza', 'pasta', 'sandwich', 'juice']",[],,,,,,,,wlan,outside,,,,2026-07-14T15:14:39.505877,"{'amenity': 'cafe', 'cuisine': 'burger;pizza;pasta;sandwich;juice', 'internet_access': 'wlan', 'name': 'Essalam Juice', 'smoking': 'outside'}"
OpenStreetMap,node,3228699705,osm_node_3228699705,Clivia Ice,,,Morocco,Casablanca,,,,33.5853413,-7.581302,,,,,[],[],,,,,,,,wlan,outside,,,,2026-07-14T15:14:39.505913,"{'amenity': 'cafe', 'internet_access': 'wlan', 'name': 'Clivia Ice', 'smoking': 'outside'}"
OpenStreetMap,node,3228858219,osm_node_3228858219,Sunset,,,Morocco,Casablanca,,,,33.5941228,-7.6443566,,,,,[],['Outdoor Seating'],,,,,,,,yes,separated,,,,2026-07-14T15:14:39.505949,"{'amenity': 'cafe', 'internet_access': 'yes', 'name': 'Sunset', 'outdoor_seating': 'yes', 'smoking': 'separated'}"
OpenStreetMap,node,3228861115,osm_node_3228861115,Le Local,,,Morocco,Casablanca,,,,33.5942483,-7.6434224,,,,,[],[],,,,,,,,yes,yes,,,,2026-07-14T15:14:39.505983,"{'amenity': 'cafe', 'internet_access': 'yes', 'name': 'Le Local', 'smoking': 'yes'}"
OpenStreetMap,node,3228876931,osm_node_3228876931,Domino's,Domino's,,Morocco,Casablanca,,,,33.5734363,-7.6116139,,,,,['pizza'],['Takeaway'],,,,,,,,,,,,,2026-07-14T15:14:39.506018,"{'amenity': 'fast_food', 'brand': ""Domino's"", 'brand:wikidata': 'Q839466', 'cuisine': 'pizza', 'name': ""Domino's"", 'takeaway': 'yes'}"
OpenStreetMap,node,3228876933,osm_node_3228876933,Amiga,,,Morocco,Casablanca,,,,33.5741004,-7.6148563,,,,,[],[],,,,,,,,yes,,,,,2026-07-14T15:14:39.506049,"{'amenity': 'cafe', 'internet_access': 'yes', 'name': 'Amiga'}"
OpenStreetMap,node,3229636313,osm_node_3229636313,Café Karibo,,,Morocco,Casablanca,,Boulevard Rachidi شارع الراشدي,,33.5924741,-7.6254288,,,,,[],[],,,,,,,,,,,,,2026-07-14T15:14:39.506085,"{'addr:street': 'Boulevard Rachidi شارع الراشدي', 'amenity': 'cafe', 'name': 'Café Karibo'}"
OpenStreetMap,node,3229705901,osm_node_3229705901,Le passage,,,Morocco,Casablanca,,,,33.5941743,-7.6252608,,,,,[],[],,,,,,,,,,,,,2026-07-14T15:14:39.506113,"{'amenity': 'cafe', 'name': 'Le passage'}"
OpenStreetMap,node,3229708545,osm_node_3229708545,café le mirage,,,Morocco,Casablanca,,,,33.5938975,-7.6283639,,,,,[],[],,,,,,,,,,,,,2026-07-14T15:14:39.506143,"{'amenity': 'cafe', 'name': 'café le mirage'}"
OpenStreetMap,node,3229722225,osm_node_3229722225,San mimoun,,,Morocco,Casablanca,,Boulevard Rachidi,,33.5936871,-7.628102,,,,,[],[],,,,,,,,,,,,,2026-07-14T15:14:39.506176,"{'addr:housenumber': '58', 'addr:street': 'Boulevard Rachidi', 'amenity': 'cafe', 'name': 'San mimoun'}"
OpenStreetMap,node,3232071361,osm_node_3232071361,Café saphir bleu,,,Morocco,Casablanca,,,,33.5945113,-7.6281082,,,,,[],[],,,,,,,,,,,,,2026-07-14T15:14:39.506205,"{'amenity': 'cafe', 'name': 'Café saphir bleu'}"
OpenStreetMap,node,3232074797,osm_node_3232074797,Lora Café Restaurant,,,Morocco,Casablanca,,,,33.5943442,-7.6286229,,,,,[],[],,,,,,,,,,,,,2026-07-14T15:14:39.506235,"{'amenity': 'cafe', 'name': 'Lora Café Restaurant'}"
OpenStreetMap,node,3302460932,osm_node_3302460932,Restaurant West Atlantic,,,Morocco,Casablanca,,,,33.5675139,-7.7095158,,,,,[],[],,,,,,,,,,,,,2026-07-14T15:14:39.506264,"{'amenity': 'restaurant', 'name': 'Restaurant West Atlantic'}"
OpenStreetMap,node,3345682103,osm_node_3345682103,ماكدونالدز,ماكدونالدز,,Morocco,Casablanca,,,,33.5994718,-7.6127794,,,,,['burger'],['Takeaway'],,,,,,,,,,,,,2026-07-14T15:14:39.506299,"{'amenity': 'fast_food', 'brand': 'ماكدونالدز', 'brand:ar': 'ماكدونالدز', 'brand:en': ""McDonald's"", 'brand:fr': ""McDonald's"", 'brand:wikidata': 'Q38076', 'brand:wikipedia': ""fr:McDonald's"", 'cuisine': 'burger', 'name': 'ماكدونالدز', 'name:ar': 'ماكدونالدز', 'name:en': ""McDonald's"", 'name:fr': ""McDonald's"", 'takeaway': 'yes'}"
OpenStreetMap,node,3346714116,osm_node_3346714116,,,,Morocco,Casablanca,,,,33.5927762,-7.6258481,,,,,[],[],,,,,,,,,,,,,2026-07-14T15:14:39.506328,{'amenity': 'restaurant'}
OpenStreetMap,node,3346762456,osm_node_3346762456,Gaugan,,,Morocco,Casablanca,,,,33.5927658,-7.6242626,,,,,['pizza'],[],,,,,,,,,,,,,2026-07-14T15:14:39.506389,"{'amenity': 'cafe', 'cuisine': 'pizza', 'name': 'Gaugan'}"
OpenStreetMap,node,3346778855,osm_node_3346778855,,,,Morocco,Casablanca,,,,33.5930787,-7.6231024,,,,,['moroccan'],[],,,,,,,,,,,,,2026-07-14T15:14:39.506420,"{'amenity': 'restaurant', 'cuisine': 'moroccan'}"
OpenStreetMap,node,3346778856,osm_node_3346778856,Restaurant Rouget de l'Isle,,,Morocco,Casablanca,,,,33.5926824,-7.6228688,,,,,[],[],,,,,,,,,,,,,2026-07-14T15:14:39.506451,"{'amenity': 'restaurant', 'name': ""Restaurant Rouget de l'Isle""}"
OpenStreetMap,node,3359688591,osm_node_3359688591,Alae,,,Morocco,Casablanca,,Rue d'Alger,,33.5934314,-7.6240699,,,,,[],[],,,,,,,,,,,,,2026-07-14T15:14:39.506483,"{'addr:street': ""Rue d'Alger"", 'amenity': 'restaurant', 'name': 'Alae', 'source': 'Kaart Ground Survey 2018'}"
OpenStreetMap,node,3359700068,osm_node_3359700068,Faraj,,,Morocco,Casablanca,,,,33.593897,-7.6251899,,,,,[],[],,,,,,,,,,,,,2026-07-14T15:14:39.506530,"{'amenity': 'cafe', 'name': 'Faraj'}"
OpenStreetMap,node,3359700945,osm_node_3359700945,Kalinka,,,Morocco,Casablanca,,,,33.5942124,-7.6249351,,,,,[],[],,,,,,,,,,,,,2026-07-14T15:14:39.506555,"{'amenity': 'restaurant', 'name': 'Kalinka'}"
OpenStreetMap,node,3359763591,osm_node_3359763591,12 Cool,,,Morocco,Casablanca,,,,33.5930752,-7.6271159,,,,,[],[],,,,,,,,,,,,,2026-07-14T15:14:39.506581,"{'amenity': 'restaurant', 'name': '12 Cool'}"
OpenStreetMap,node,3359785189,osm_node_3359785189,Bistronome,,,Morocco,Casablanca,,,,33.5930876,-7.6267545,,,,,[],[],,,,,,,,,,,,,2026-07-14T15:14:39.506608,"{'amenity': 'restaurant', 'name': 'Bistronome'}"
OpenStreetMap,node,3359789893,osm_node_3359789893,Rachidi,,,Morocco,Casablanca,,,,33.5930352,-7.6266798,,,,,[],[],,,,,,,,,,,,,2026-07-14T15:14:39.506634,"{'amenity': 'cafe', 'name': 'Rachidi'}"
OpenStreetMap,node,3362739422,osm_node_3362739422,Café Lkarma,,,Morocco,Casablanca,,,,33.5148297,-7.6557369,,,,,[],[],,,,,,,,yes,,,,,2026-07-14T15:14:39.506663,"{'amenity': 'cafe', 'internet_access': 'yes', 'name': 'Café Lkarma'}"
OpenStreetMap,node,3391107993,osm_node_3391107993,Oukaimeden,,,Morocco,Casablanca,,Boulevard du 11 Janvier,,33.5911393,-7.6150735,,,,,[],[],,,,,,,,,,,,,2026-07-14T15:14:39.506694,"{'addr:street': 'Boulevard du 11 Janvier', 'amenity': 'restaurant', 'name': 'Oukaimeden', 'source': 'Kaart Ground Survey 2018'}"
OpenStreetMap,node,3472810370,osm_node_3472810370,Café De France,,,Morocco,Casablanca,,,,33.5954385,-7.617482,,,,,[],[],,,,,,,,,,,,,2026-07-14T15:14:39.506721,"{'amenity': 'cafe', 'name': 'Café De France'}"
OpenStreetMap,node,3472843949,osm_node_3472843949,ماكدونالدز,ماكدونالدز,,Morocco,Casablanca,,,,33.5955437,-7.6173451,,,,,['burger'],['Takeaway'],,,,,,,,wlan,,,,,2026-07-14T15:14:39.506756,"{'amenity': 'fast_food', 'brand': 'ماكدونالدز', 'brand:ar': 'ماكدونالدز', 'brand:en': ""McDonald's"", 'brand:wikidata': 'Q38076', 'cuisine': 'burger', 'internet_access': 'wlan', 'name': 'ماكدونالدز', 'name:ar': 'ماكدونالدز', 'name:en': ""McDonald's"", 'takeaway': 'yes'}"
OpenStreetMap,node,3472843950,osm_node_3472843950,KFC,KFC,,Morocco,Casablanca,,,,33.595602,-7.6174129,,,,Mo-Su 11:00-01:00,['chicken'],['Takeaway'],,,,,,,,,,,,,2026-07-14T15:14:39.506790,"{'addr:housenumber': '5', 'alt_name': 'PFK;Poulet Frit Kentucky', 'alt_name:fr': 'PFK;Poulet Frit Kentucky', 'amenity': 'fast_food', 'brand': 'KFC', 'brand:ar': 'دجاج كنتاكي', 'brand:en': 'KFC', 'brand:fr': 'KFC', 'brand:wikidata': 'Q524757', 'brand:wikipedia': 'fr:Kentucky Fried Chicken', 'cuisine': 'chicken', 'name': 'KFC', 'name:ar': 'دجاج كنتاكي', 'name:en': 'KFC', 'name:fr': 'KFC', 'opening_hours': 'Mo-Su 11:00-01:00', 'takeaway': 'yes'}"
OpenStreetMap,node,3472846043,osm_node_3472846043,Le Cardinal,,,Morocco,Casablanca,,,,33.5956364,-7.6171591,,,,,[],[],,,,,,,,,,,,,2026-07-14T15:14:39.506819,"{'amenity': 'restaurant', 'name': 'Le Cardinal'}"
OpenStreetMap,node,3484648826,osm_node_3484648826,Snack Addou Maddou,,,Morocco,Casablanca,,,,33.5932039,-7.6186518,,,,,[],[],,,,,,,,,,,,,2026-07-14T15:14:39.506846,"{'amenity': 'restaurant', 'name': 'Snack Addou Maddou'}"
OpenStreetMap,node,3484648827,osm_node_3484648827,Restaurant les Arcades,,,Morocco,Casablanca,,,,33.5935525,-7.6185955,,,,,[],[],,,,,,,,,,,,,2026-07-14T15:14:39.506874,"{'amenity': 'restaurant', 'name': 'Restaurant les Arcades', 'name:it': 'Les Arcades'}"
OpenStreetMap,node,3484702219,osm_node_3484702219,Café Odissea,,,Morocco,Casablanca,,,,33.5940836,-7.6183033,,,,,[],[],,,,,,,,,,,,,2026-07-14T15:14:39.506900,"{'amenity': 'cafe', 'name': 'Café Odissea'}"
OpenStreetMap,node,3484738836,osm_node_3484738836,Café Vogue,,,Morocco,Casablanca,,,,33.5945042,-7.6183755,,,,,[],[],,,,,,,,,,,,,2026-07-14T15:14:39.506927,"{'amenity': 'cafe', 'name': 'Café Vogue'}"
OpenStreetMap,node,3506036268,osm_node_3506036268,Euro Snack,,,Morocco,Casablanca,,,,33.5944851,-7.6183927,,,,,[],[],,,,,,,,,,,,,2026-07-14T15:14:39.506952,"{'amenity': 'fast_food', 'name': 'Euro Snack'}"
OpenStreetMap,node,3519550285,osm_node_3519550285,La Taverne du Dauphin,,,Morocco,Casablanca,,,,33.598736,-7.6151053,,,,,[],[],,,,,,,,,,,,,2026-07-14T15:14:39.506980,"{'amenity': 'restaurant', 'name': 'La Taverne du Dauphin', 'name:fr': 'La Taverne du Dauphin'}"
OpenStreetMap,node,3534468102,osm_node_3534468102,Total طوطال,طوطال,طوطال,Morocco,Casablanca,,,,33.5152721,-7.6553456,,,,,['pizza'],[],,,,,,,,,,,,,2026-07-14T15:14:39.507016,"{'alt_name:ar': 'توتال', 'amenity': 'cafe', 'brand': 'طوطال', 'brand:ar': 'طوطال', 'brand:fr': 'Total', 'brand:wikidata': 'Q154037', 'brand:wikipedia': 'fr:TotalEnergies', 'cuisine': 'pizza', 'name': 'Total طوطال', 'name:ar': 'طوطال', 'name:en': 'Total', 'name:fr': 'Total', 'operator': 'طوطال', 'operator:ar': 'طوطال', 'operator:wikidata': 'Q154037', 'operator:wikipedia': 'fr:TotalEnergies'}"
OpenStreetMap,node,3590402951,osm_node_3590402951,الخيمة,,,Morocco,Casablanca,,,,33.5501035,-7.5808439,,,,,['pizza'],[],,,,,,,,,,,,,2026-07-14T15:14:39.507044,"{'amenity': 'fast_food', 'cuisine': 'pizza', 'name': 'الخيمة', 'name:ar': 'الخيمة'}"
OpenStreetMap,node,3590412054,osm_node_3590412054,,,,Morocco,Casablanca,,,,33.5516288,-7.5880864,,,,,[],[],,,,,,,,,,,,,2026-07-14T15:14:39.507068,{'amenity': 'cafe'}
OpenStreetMap,node,3633688599,osm_node_3633688599,Little Barton's,,,Morocco,Casablanca,,,,33.5997377,-7.6650484,,,,,['american'],[],,,,,,,,,,,,,2026-07-14T15:14:39.507096,"{'amenity': 'restaurant', 'cuisine': 'american', 'name': ""Little Barton's""}"
OpenStreetMap,node,3659545533,osm_node_3659545533,Shawarmer,,,Morocco,Casablanca,,,,33.5814102,-7.6392523,,,,,[],[],,,,,,,,,,,,,2026-07-14T15:14:39.507121,"{'amenity': 'fast_food', 'name': 'Shawarmer'}"
OpenStreetMap,node,3770735160,osm_node_3770735160,L'étudiant,,,Morocco,Casablanca,,,,33.5664433,-7.5429261,,,,,[],[],,,,,,,,,,,,,2026-07-14T15:14:39.507146,"{'amenity': 'cafe', 'name': ""L'étudiant""}"
OpenStreetMap,node,3770737158,osm_node_3770737158,Casa José,,,Morocco,Casablanca,,,,33.5978725,-7.615386,,,,,['regional'],[],,,,,,,,,yes,,,,2026-07-14T15:14:39.507178,"{'amenity': 'restaurant', 'cuisine': 'regional', 'name': 'Casa José', 'name:es': 'Casa José', 'smoking': 'yes', 'takeaway': 'no'}"
OpenStreetMap,node,3907189069,osm_node_3907189069,Landoud Madjine ⵍⵓⵏⴹⵓⵏ ⵎⵥⵥⵉⵏ لنضون مجين,,,Morocco,Casablanca,,,,33.5609838,-7.6704245,,,,,"['soft_drinks', 'coffee_shop', 'tea']",[],,,,,,,,no,,,,,2026-07-14T15:14:39.507220,"{'amenity': 'cafe', 'cuisine': 'soft_drinks;coffee_shop;tea', 'internet_access': 'no', 'name': 'Landoud Madjine ⵍⵓⵏⴹⵓⵏ ⵎⵥⵥⵉⵏ لنضون مجين', 'name:ar': 'لنضون مجين', 'name:ber': 'ⵍⵓⵏⴹⵓⵏ ⵎⵥⵥⵉⵏ', 'name:fr': 'Landoud Madjine', 'name:zgh': 'ⵍⵓⵏⴹⵓⵏ ⵎⵥⵥⵉⵏ'}"
OpenStreetMap,node,3907190258,osm_node_3907190258,Café Kasmou ⴽⵓⵚⵎⵓ مقهى كصمو,,,Morocco,Casablanca,,,,33.5602328,-7.670564,,,,,[],[],,,,,,,,yes,,,,,2026-07-14T15:14:39.507253,"{'amenity': 'cafe', 'internet_access': 'yes', 'name': 'Café Kasmou ⴽⵓⵚⵎⵓ مقهى كصمو', 'name:ar': 'مقهى كصمو', 'name:ber': 'ⴽⵓⵚⵎⵓ', 'name:fr': 'Café Kasmou', 'name:zgh': 'ⴽⵓⵚⵎⵓ'}"
OpenStreetMap,node,3907197006,osm_node_3907197006,Porte Mansour ⴱⴰⴱ ⵎⵏⵚⵓⵕ باب منصور,,,Morocco,Casablanca,,,,33.5592404,-7.6699846,,,,,[],[],,,,,,,,,,,,,2026-07-14T15:14:39.507286,"{'alt_name:ar': 'باب المنصور', 'amenity': 'restaurant', 'name': 'Porte Mansour ⴱⴰⴱ ⵎⵏⵚⵓⵕ باب منصور', 'name:ar': 'باب منصور', 'name:ber': 'ⴱⴰⴱ ⵎⵏⵚⵓⵕ', 'name:fr': 'Porte Mansour', 'name:zgh': 'ⴱⴰⴱ ⵎⵏⵚⵓⵕ'}"
OpenStreetMap,node,3960660005,osm_node_3960660005,Le Lys,,,Morocco,Casablanca,,,,33.5914444,-7.594961,,,,Mo-Su 07:00-23:00,[],[],,,,,,,,wlan,yes,,,,2026-07-14T15:14:39.507322,"{'amenity': 'cafe', 'internet_access': 'wlan', 'name': 'Le Lys', 'opening_hours': 'Mo-Su 07:00-23:00', 'smoking': 'yes'}"
OpenStreetMap,node,3980994158,osm_node_3980994158,Tacos de Lyon,,,Morocco,Casablanca,,,,33.6007185,-7.6341062,,,,,['burger'],['Takeaway'],,,,,,,,,,,,,2026-07-14T15:14:39.507365,"{'amenity': 'restaurant', 'cuisine': 'burger', 'name': 'Tacos de Lyon', 'takeaway': 'yes'}"
OpenStreetMap,node,3982848837,osm_node_3982848837,Face Cafe,,,Morocco,Casablanca,,,,33.6006767,-7.635819,,,,,[],[],,,,,,,,,,,,,2026-07-14T15:14:39.507391,"{'amenity': 'cafe', 'name': 'Face Cafe'}"
OpenStreetMap,node,3982848838,osm_node_3982848838,,,,Morocco,Casablanca,,,,33.6010327,-7.6359116,,,,,[],[],,,,,,,,,,,,,2026-07-14T15:14:39.507414,{'amenity': 'fast_food'}
OpenStreetMap,node,3984458480,osm_node_3984458480,The voice,,,Morocco,Casablanca,,,,33.5635411,-7.5568378,,,,,[],[],,,,,,,,,,,,,2026-07-14T15:14:39.507440,"{'amenity': 'cafe', 'name': 'The voice'}"
OpenStreetMap,node,4069200421,osm_node_4069200421,,,,Morocco,Casablanca,,,,33.5970886,-7.635439,,,,,[],[],,,,,,,,,,,,,2026-07-14T15:14:39.507462,{'amenity': 'cafe'}
OpenStreetMap,node,4100233490,osm_node_4100233490,Bistrot Chic,,,Morocco,Casablanca,,,,33.5884913,-7.6273923,,,,,[],[],,,,,,,,,,,,,2026-07-14T15:14:39.507488,"{'amenity': 'restaurant', 'name': 'Bistrot Chic'}"
OpenStreetMap,node,4100238890,osm_node_4100238890,Belle d'Anfa,,,Morocco,Casablanca,,,,33.5896085,-7.6276965,,,,"PH,Mo-Su 07:00-22:00",[],[],,,,,,,,,yes,,,,2026-07-14T15:14:39.507521,"{'air_conditioning': 'yes', 'amenity': 'cafe', 'diet:halal': 'yes', 'diet:vegan': 'yes', 'diet:vegetarian': 'yes', 'indoor_seating': 'yes', 'name': ""Belle d'Anfa"", 'opening_hours': 'PH,Mo-Su 07:00-22:00', 'outdoor_seating': 'terrace', 'payment:credit_cards': 'yes', 'payment:debit_cards': 'yes', 'smoking': 'yes'}"
OpenStreetMap,node,4100238989,osm_node_4100238989,Salsa,,,Morocco,Casablanca,,Rue Taha Hussein,,33.5887791,-7.6282292,,,,,['mexican'],[],,,,,,,,wlan,,,,,2026-07-14T15:14:39.507558,"{'addr:street': 'Rue Taha Hussein', 'amenity': 'fast_food', 'cuisine': 'mexican', 'internet_access': 'wlan', 'name': 'Salsa'}"
OpenStreetMap,node,4100239189,osm_node_4100239189,Sojou,,,Morocco,Casablanca,,,,33.589095,-7.6297476,,https://sojou.ma,,,['sandwich'],[],,,,,,,,wlan,,,,,2026-07-14T15:14:39.507630,"{'amenity': 'restaurant', 'cuisine': 'sandwich', 'internet_access': 'wlan', 'name': 'Sojou', 'website': 'https://sojou.ma'}"
OpenStreetMap,node,4100382627,osm_node_4100382627,L'Artiste,,,Morocco,Casablanca,,,,33.5903665,-7.6287154,,,,,[],[],,,,,,,,,,,,,2026-07-14T15:14:39.507656,"{'amenity': 'bar', 'name': ""L'Artiste""}"
OpenStreetMap,node,4100382628,osm_node_4100382628,Blend,,,Morocco,Casablanca,,Rue Théophile Gauthier,,33.5886833,-7.6319196,+212522491122,,,,['burger'],['Outdoor Seating'],,,,,,,,,,,,,2026-07-14T15:14:39.507703,"{'addr:city': 'Casablanca', 'addr:housenumber': '9', 'addr:street': 'Rue Théophile Gauthier', 'amenity': 'restaurant', 'cuisine': 'burger', 'name': 'Blend', 'outdoor_seating': 'yes', 'payment:credit_cards': 'yes', 'payment:debit_cards': 'yes', 'phone': '+212 5 22 49 11 22'}"
OpenStreetMap,node,4100382708,osm_node_4100382708,Le Yeel's,,,Morocco,Casablanca,,,,33.5900878,-7.6303874,,,,,[],[],,,,,,,,,,,,,2026-07-14T15:14:39.507729,"{'amenity': 'cafe', 'name': ""Le Yeel's""}"
OpenStreetMap,node,4106115790,osm_node_4106115790,,,,Morocco,Casablanca,,,,33.5926821,-7.594293,,,,Mo-Su 07:00-22:00,[],[],,,,,,,,,,,,,2026-07-14T15:14:39.507759,"{'amenity': 'fast_food', 'opening_hours': 'Mo-Su 07:00-22:00'}"
OpenStreetMap,node,4190920174,osm_node_4190920174,Khos,,,Morocco,Casablanca,,Rue Saad Ben Abi Waqqas,,33.5840347,-7.6205679,,,,,[],[],,,,,,,,,,,,,2026-07-14T15:14:39.507791,"{'addr:street': 'Rue Saad Ben Abi Waqqas', 'amenity': 'restaurant', 'name': 'Khos', 'source': 'Kaart Ground Survey 2018'}"
OpenStreetMap,node,4193490393,osm_node_4193490393,astoria,,,Morocco,Casablanca,,,,33.5962813,-7.6168974,,,,,[],[],,,,,,,,,,,,,2026-07-14T15:14:39.507816,"{'amenity': 'cafe', 'name': 'astoria'}"
OpenStreetMap,node,4193523916,osm_node_4193523916,Chez Moi,,,Morocco,Casablanca,,,,33.5948807,-7.6152623,,,,,"['burger', 'kebab']",[],,,,,,,,,,,,,2026-07-14T15:14:39.507846,"{'amenity': 'fast_food', 'cuisine': 'burger;kebab', 'name': 'Chez Moi', 'name:fr': 'Chez Moi'}"
OpenStreetMap,node,4193531501,osm_node_4193531501,,,,Morocco,Casablanca,,,,33.5974687,-7.6162533,+212522267498,,,,[],[],,,,,,,,,,,,,2026-07-14T15:14:39.507876,"{'amenity': 'fast_food', 'phone': '+212 5 22 26 74 98'}"
OpenStreetMap,node,4193540594,osm_node_4193540594,brasserie san jose,,,Morocco,Casablanca,,,,33.5978396,-7.6155008,,,,,[],[],,,,,,,,,,,,,2026-07-14T15:14:39.507902,"{'amenity': 'restaurant', 'name': 'brasserie san jose'}"
OpenStreetMap,node,4193546290,osm_node_4193546290,La Chope,,,Morocco,Casablanca,,,,33.5942999,-7.6164602,,,,,[],[],,,,,,,,,,,,,2026-07-14T15:14:39.507928,"{'amenity': 'cafe', 'name': 'La Chope'}"
OpenStreetMap,node,4193547789,osm_node_4193547789,Don Quichotte,,,Morocco,Casablanca,,,,33.5970492,-7.6163612,,,,,[],[],,,,,,,,,,,,,2026-07-14T15:14:39.507953,"{'amenity': 'cafe', 'name': 'Don Quichotte', 'name:fr': 'Don Quichotte'}"
OpenStreetMap,node,4193550289,osm_node_4193550289,isis,,,Morocco,Casablanca,,,,33.5950092,-7.6173804,,,,,[],[],,,,,,,,,,,,,2026-07-14T15:14:39.507979,"{'amenity': 'cafe', 'name': 'isis'}"
OpenStreetMap,node,4193550589,osm_node_4193550589,Pita Mix,,,Morocco,Casablanca,,,,33.5948491,-7.617455,,,,,['burger'],[],,,,,,,,,,,,,2026-07-14T15:14:39.508009,"{'amenity': 'fast_food', 'cuisine': 'burger', 'name': 'Pita Mix'}"
OpenStreetMap,node,4193550689,osm_node_4193550689,Eden Ice,,,Morocco,Casablanca,,,,33.5947705,-7.6170384,,,,,[],[],,,,,,,,,,,,,2026-07-14T15:14:39.508034,"{'amenity': 'cafe', 'name': 'Eden Ice'}"
OpenStreetMap,node,4193560494,osm_node_4193560494,bazar touristes,,,Morocco,Casablanca,,,,33.598505,-7.6151557,,,,,[],[],,,,,,,,,,,,,2026-07-14T15:14:39.508063,"{'amenity': 'fast_food', 'name': 'bazar touristes', 'shop': 'gift'}"
OpenStreetMap,node,4193561094,osm_node_4193561094,Le Maroc,,,Morocco,Casablanca,,,,33.5999428,-7.6140803,,,,,[],[],,,,,,,,,,,,,2026-07-14T15:14:39.508090,"{'amenity': 'cafe', 'name': 'Le Maroc', 'name:ar': 'المغرب', 'name:es': 'Le Maroc', 'name:fr': 'Le Maroc'}"
OpenStreetMap,node,4193564102,osm_node_4193564102,Montréal,,,Morocco,Casablanca,,,,33.5945485,-7.6155381,,,,,[],[],,,,,,,,,,,,,2026-07-14T15:14:39.508116,"{'amenity': 'cafe', 'name': 'Montréal', 'name:fr': 'Montréal'}"
OpenStreetMap,node,4193565496,osm_node_4193565496,Poulet AFC,,,Morocco,Casablanca,,,,33.5942483,-7.6156179,,,,,[],[],,,,,,,,,,,,,2026-07-14T15:14:39.508142,"{'amenity': 'fast_food', 'name': 'Poulet AFC', 'name:fr': 'Poulet AFC'}"
OpenStreetMap,node,4193565597,osm_node_4193565597,Nasma,,,Morocco,Casablanca,,,,33.5945946,-7.6157947,,,,,[],[],,,,,,,,,,,,,2026-07-14T15:14:39.508167,"{'amenity': 'cafe', 'name': 'Nasma', 'name:fr': 'Nasma'}"
OpenStreetMap,node,4193565894,osm_node_4193565894,La Petite Perle,,,Morocco,Casablanca,,,,33.594108,-7.6156948,,,,,[],[],,,,,,,,,,,,,2026-07-14T15:14:39.508193,"{'amenity': 'cafe', 'name': 'La Petite Perle', 'name:fr': 'La Petite Perle', 'name:it': 'La Petite Perle'}"
OpenStreetMap,node,4193565968,osm_node_4193565968,Au Clair de Lune,,,Morocco,Casablanca,,,,33.5944909,-7.6134185,,,,,[],[],,,,,,,,,,,,,2026-07-14T15:14:39.508221,"{'amenity': 'cafe', 'name': 'Au Clair de Lune', 'name:fr': 'Au Clair de Lune', 'name:it': 'Au Clair de Lune'}"
OpenStreetMap,node,4193588837,osm_node_4193588837,Asia,,,Morocco,Casablanca,,,,33.5991745,-7.6130528,,,,,[],[],,,,,,,,,,,,,2026-07-14T15:14:39.508246,"{'amenity': 'restaurant', 'name': 'Asia', 'name:fr': 'Asia'}"
OpenStreetMap,node,4193588838,osm_node_4193588838,Caza Ameal,,,Morocco,Casablanca,,,,33.5952468,-7.616121,,,,,[],[],,,,,,,,,,,,,2026-07-14T15:14:39.508272,"{'amenity': 'cafe', 'name': 'Caza Ameal'}"
OpenStreetMap,node,4193589236,osm_node_4193589236,Ôgi Souchi,,,Morocco,Casablanca,,,,33.599424,-7.6141726,,,,,[],[],,,,,,,,,,,,,2026-07-14T15:14:39.508298,"{'amenity': 'restaurant', 'name': 'Ôgi Souchi', 'name:fr': 'Ôgi Souchi'}"
OpenStreetMap,node,4193590348,osm_node_4193590348,El Barocco Time,,,Morocco,Casablanca,,,,33.5954492,-7.6163427,,,,,[],[],,,,,,,,,,,,,2026-07-14T15:14:39.508325,"{'addr:housenumber': '32', 'amenity': 'restaurant', 'name': 'El Barocco Time'}"
OpenStreetMap,node,4193590413,osm_node_4193590413,agarta,,,Morocco,Casablanca,,,,33.5987015,-7.6149462,,,,,[],[],,,,,,,,,,,,,2026-07-14T15:14:39.508350,"{'amenity': 'cafe', 'name': 'agarta'}"
OpenStreetMap,node,4193591015,osm_node_4193591015,Big Star,,,Morocco,Casablanca,,,,33.5951835,-7.6150805,,,,,[],[],,,,,,,,,,,,,2026-07-14T15:14:39.508376,"{'amenity': 'fast_food', 'name': 'Big Star', 'name:fr': 'Big Star'}"
OpenStreetMap,node,4193618217,osm_node_4193618217,Café Lurizia,,,Morocco,Casablanca,,,,33.5635742,-7.674377,,,,,[],[],,,,,,,,,,,,,2026-07-14T15:14:39.508404,"{'amenity': 'cafe', 'name': 'Café Lurizia'}"
OpenStreetMap,node,4193668389,osm_node_4193668389,Petit Poucet,,,Morocco,Casablanca,,,,33.5948276,-7.6141823,,,,,[],[],,,,,,,,,,,,,2026-07-14T15:14:39.508436,"{'amenity': 'bar', 'name': 'Petit Poucet', 'name:fr': 'Petit Poucet'}"
OpenStreetMap,node,4194213367,osm_node_4194213367,Café Glacier EGO,,,Morocco,Casablanca,,Rue Zerhoune,,33.5849588,-7.61423,,,,,[],[],,,,,,,,,,,,,2026-07-14T15:14:39.508469,"{'addr:street': 'Rue Zerhoune', 'amenity': 'cafe', 'name': 'Café Glacier EGO', 'source': 'Kaart Ground Survey 2018'}"
OpenStreetMap,node,4202029389,osm_node_4202029389,Le Pilotis,,,Morocco,Casablanca,,Boulevard de la Corniche,,33.596662,-7.6734143,,,,,[],[],,,,,,,,,,,,,2026-07-14T15:14:39.508503,"{'addr:street': 'Boulevard de la Corniche', 'amenity': 'restaurant', 'name': 'Le Pilotis'}"
OpenStreetMap,node,4202641897,osm_node_4202641897,Café Bybal,,,Morocco,Casablanca,,Zanqat 12,,33.5646373,-7.6741411,,,,,[],[],,,,,,,,wlan,,,,,2026-07-14T15:14:39.508555,"{'addr:street': 'Zanqat 12', 'amenity': 'cafe', 'internet_access': 'wlan', 'name': 'Café Bybal', 'source': 'Kaart Ground Survey 2018'}"
OpenStreetMap,node,4202642493,osm_node_4202642493,Café Free Times,,,Morocco,Casablanca,,,,33.5669433,-7.6729512,,,,,[],[],,,,,,,,,,,,,2026-07-14T15:14:39.508585,"{'amenity': 'cafe', 'name': 'Café Free Times'}"
OpenStreetMap,node,4205782255,osm_node_4205782255,Cafe May,,,Morocco,Casablanca,,Rue d'Arcachon,,33.5859992,-7.6045843,,,,,[],[],,,,,,,,,,,,,2026-07-14T15:14:39.508619,"{'addr:street': ""Rue d'Arcachon"", 'amenity': 'cafe', 'name': 'Cafe May', 'source': 'Kaart Ground Survey 2018'}"
OpenStreetMap,node,4221347649,osm_node_4221347649,Café de l'Arrivée,,,Morocco,Casablanca,,,,33.5896275,-7.5920967,,,,,[],[],,,,,,,,,,,,,2026-07-14T15:14:39.508652,"{'amenity': 'cafe', 'name': ""Café de l'Arrivée""}"
OpenStreetMap,node,4221347653,osm_node_4221347653,Restaurant de la Place / Le Voyageur,,,Morocco,Casablanca,,,,33.5897214,-7.592208,,,,,[],[],,,,,,,,,,,,,2026-07-14T15:14:39.508689,"{'amenity': 'restaurant', 'name': 'Restaurant de la Place / Le Voyageur'}"
OpenStreetMap,node,4221347654,osm_node_4221347654,Snack Le Départ,,,Morocco,Casablanca,,,,33.5896722,-7.5921423,,,,,[],[],,,,,,,,,,,,,2026-07-14T15:14:39.508721,"{'amenity': 'fast_food', 'name': 'Snack Le Départ'}"
OpenStreetMap,node,4225325199,osm_node_4225325199,Brasserie St-Georges,,,Morocco,Casablanca,,Rue Hadj Omar Riffi,,33.5860215,-7.6143611,,,,,[],[],,,,,,,,,,,,,2026-07-14T15:14:39.508757,"{'addr:street': 'Rue Hadj Omar Riffi', 'amenity': 'bar', 'name': 'Brasserie St-Georges'}"
OpenStreetMap,node,4225325200,osm_node_4225325200,Café Dubois,,,Morocco,Casablanca,,Rue Nouakchout,,33.5876158,-7.6138836,,,,,[],[],,,,,,,,,,,,,2026-07-14T15:14:39.508793,"{'addr:street': 'Rue Nouakchout', 'amenity': 'cafe', 'name': 'Café Dubois'}"
OpenStreetMap,node,4225325201,osm_node_4225325201,Café Yasmina,,,Morocco,Casablanca,,Boulevard d'Alsace,,33.5856704,-7.6133866,,,,,[],[],,,,,,,,,,,,,2026-07-14T15:14:39.508828,"{'addr:street': ""Boulevard d'Alsace"", 'amenity': 'cafe', 'name': 'Café Yasmina', 'source': 'Kaart Ground Survey 2018'}"
OpenStreetMap,node,4225325211,osm_node_4225325211,Jus Rosenheim,,,Morocco,Casablanca,,,,33.5857277,-7.6119478,,,,,[],[],,,,,,,,,,,,,2026-07-14T15:14:39.508956,"{'amenity': 'cafe', 'name': 'Jus Rosenheim', 'vending': 'drinks'}"
OpenStreetMap,node,4225325212,osm_node_4225325212,L'Auto,,,Morocco,Casablanca,,,,33.5894328,-7.6151456,,,,,[],[],,,,,,,,,,,,,2026-07-14T15:14:39.509041,"{'amenity': 'bar', 'name': ""L'Auto""}"
OpenStreetMap,node,4225325213,osm_node_4225325213,La Colina,,,Morocco,Casablanca,,,,33.588729,-7.6162319,,,,,[],[],,,,,,,,,,,,,2026-07-14T15:14:39.509113,"{'amenity': 'cafe', 'name': 'La Colina'}"
OpenStreetMap,node,4225325214,osm_node_4225325214,La Ferme Blanche,,,Morocco,Casablanca,,Rue Nouakchout,,33.5859735,-7.6133847,,,,,[],[],,,,,,,,,,,,,2026-07-14T15:14:39.509171,"{'addr:street': 'Rue Nouakchout', 'amenity': 'bar', 'name': 'La Ferme Blanche'}"
OpenStreetMap,node,4225325216,osm_node_4225325216,La Perle Blanche,,,Morocco,Casablanca,,Boulevard de la Liberté,,33.5860749,-7.6114696,,,,,[],[],,,,,,,,,,,,,2026-07-14T15:14:39.509241,"{'addr:street': 'Boulevard de la Liberté', 'amenity': 'cafe', 'name': 'La Perle Blanche'}"
OpenStreetMap,node,4225325219,osm_node_4225325219,Les Gémaux,,,Morocco,Casablanca,,Boulevard de la Liberté,,33.5871751,-7.6120277,,,,,[],[],,,,,,,,wlan,,,,,2026-07-14T15:14:39.509299,"{'addr:street': 'Boulevard de la Liberté', 'amenity': 'cafe', 'internet_access': 'wlan', 'name': 'Les Gémaux', 'source': 'Kaart Ground Survey 2018'}"
OpenStreetMap,node,4225325221,osm_node_4225325221,Ma Touraine,,,Morocco,Casablanca,,Rue Hadj Omar Riffi,,33.5864349,-7.6150545,,,,,[],[],,,,,,,,,,,,,2026-07-14T15:14:39.509353,"{'addr:street': 'Rue Hadj Omar Riffi', 'amenity': 'bar', 'name': 'Ma Touraine'}"
OpenStreetMap,node,4225325229,osm_node_4225325229,Puerto Rico,,,Morocco,Casablanca,,,,33.5896015,-7.6149002,,,,,[],[],,,,,,,,,,,,,2026-07-14T15:14:39.509383,"{'amenity': 'restaurant', 'name': 'Puerto Rico'}"
OpenStreetMap,node,4225325238,osm_node_4225325238,,,,Morocco,Casablanca,,Boulevard de la Liberté,,33.584881,-7.6109069,,,,,['kebab'],[],,,,,,,,,,,,,2026-07-14T15:14:39.509424,"{'addr:street': 'Boulevard de la Liberté', 'amenity': 'fast_food', 'cuisine': 'kebab'}"
OpenStreetMap,node,4225325239,osm_node_4225325239,,,,Morocco,Casablanca,,Boulevard de la Liberté,,33.5849083,-7.6109257,,,,,[],[],,,,,,,,,,,,,2026-07-14T15:14:39.509458,"{'addr:street': 'Boulevard de la Liberté', 'amenity': 'cafe'}"
OpenStreetMap,node,4225325248,osm_node_4225325248,,,,Morocco,Casablanca,,Boulevard d'Alsace,,33.5857233,-7.611442,,,,,[],[],,,,,,,,,,,,,2026-07-14T15:14:39.509488,"{'addr:street': ""Boulevard d'Alsace"", 'amenity': 'fast_food'}"
OpenStreetMap,node,4225325249,osm_node_4225325249,,,,Morocco,Casablanca,,Boulevard d'Alsace,,33.5857267,-7.6113568,,,,,[],[],,,,,,,,,,,,,2026-07-14T15:14:39.509527,"{'addr:street': ""Boulevard d'Alsace"", 'amenity': 'fast_food'}"
OpenStreetMap,node,4225325265,osm_node_4225325265,,,,Morocco,Casablanca,,Boulevard d'Alsace,,33.5858704,-7.6114546,,,,,[],[],,,,,,,,,,,,,2026-07-14T15:14:39.509575,"{'addr:street': ""Boulevard d'Alsace"", 'amenity': 'cafe'}"
OpenStreetMap,node,4225325269,osm_node_4225325269,Paseo Pizza & Grill,,,Morocco,Casablanca,,Boulevard de la Liberté,,33.5872685,-7.6120735,,,,,[],[],,,,,,,,,,,,,2026-07-14T15:14:39.509611,"{'addr:street': 'Boulevard de la Liberté', 'amenity': 'fast_food', 'name': 'Paseo Pizza & Grill', 'source': 'Kaart Ground Survey 2018'}"
OpenStreetMap,node,4225325270,osm_node_4225325270,,,,Morocco,Casablanca,,Boulevard de la Liberté,,33.5875331,-7.6122448,,,,,[],[],,,,,,,,,,,,,2026-07-14T15:14:39.509643,"{'addr:street': 'Boulevard de la Liberté', 'amenity': 'cafe'}"
OpenStreetMap,node,4225325271,osm_node_4225325271,,,,Morocco,Casablanca,,,,33.5880598,-7.615788,,,,,[],[],,,,,,,,,,,,,2026-07-14T15:14:39.509668,{'amenity': 'bar'}
OpenStreetMap,node,4225325276,osm_node_4225325276,,,,Morocco,Casablanca,,Boulevard du 11 Janvier,,33.5884774,-7.6127839,,,,,[],[],,,,,,,,,,,,,2026-07-14T15:14:39.509699,"{'addr:street': 'Boulevard du 11 Janvier', 'amenity': 'cafe', 'drink': 'juice'}"
OpenStreetMap,node,4225325280,osm_node_4225325280,Angad Restaurant & Bar,,,Morocco,Casablanca,,Boulevard du 11 Janvier شارع 11 يناير,,33.5888647,-7.6132024,,,,,[],[],,,,,,,,,,,,,2026-07-14T15:14:39.509743,"{'addr:housenumber': '132', 'addr:street': 'Boulevard du 11 Janvier شارع 11 يناير', 'amenity': 'bar', 'name': 'Angad Restaurant & Bar', 'source': 'Kaart Ground Survey 2018'}"
OpenStreetMap,node,4231057789,osm_node_4231057789,Martello,,,Morocco,Casablanca,,Boulevard Mohamed Zerktouni,,33.5827185,-7.6174892,+212522470828,,,,[],[],,,,,,,,wlan,,,,,2026-07-14T15:14:39.509789,"{'addr:housenumber': '15', 'addr:street': 'Boulevard Mohamed Zerktouni', 'amenity': 'cafe', 'internet_access': 'wlan', 'name': 'Martello', 'phone': '+212 5 22 47 08 28'}"
OpenStreetMap,node,4232899411,osm_node_4232899411,Awafi,,,Morocco,Casablanca,,Boulevard de Paris,,33.5916822,-7.6149169,,,,,[],[],,,,,,,,,,,,,2026-07-14T15:14:39.509821,"{'addr:street': 'Boulevard de Paris', 'amenity': 'restaurant', 'name': 'Awafi'}"
OpenStreetMap,node,4232899414,osm_node_4232899414,Café O'Joe,,,Morocco,Casablanca,,,,33.594084,-7.6131607,,,,,[],[],,,,,,,,,,,,,2026-07-14T15:14:39.509849,"{'amenity': 'cafe', 'name': ""Café O'Joe"", 'name:it': ""O'Joe""}"
OpenStreetMap,node,4232899417,osm_node_4232899417,,,,Morocco,Casablanca,,,,33.5942571,-7.6124982,,,,,[],[],,,,,,,,,,,,,2026-07-14T15:14:39.509873,{'amenity': 'cafe'}
OpenStreetMap,node,4232903232,osm_node_4232903232,Café Jasmine,,,Morocco,Casablanca,,Rue de Karachi,,33.592787,-7.6062993,,,,,[],[],,,,,,,,,,,,,2026-07-14T15:14:39.509907,"{'addr:street': 'Rue de Karachi', 'amenity': 'cafe', 'name': 'Café Jasmine', 'name:fr': 'Café Jasmine'}"
OpenStreetMap,node,4239813391,osm_node_4239813391,Pomme de Pain Ziraoui,,,Morocco,Casablanca,,,,33.5936551,-7.6352553,,,,,"['french', 'coffee_shop', 'bagel', 'ice_cream', 'crepe']",[],,,,,,,,wlan,,,,,2026-07-14T15:14:39.509964,"{'amenity': 'restaurant', 'cuisine': 'french;coffee_shop;bagel;ice_cream;crepe', 'internet_access': 'wlan', 'name': 'Pomme de Pain Ziraoui'}"
OpenStreetMap,node,4265807606,osm_node_4265807606,La Bavaroise,,,Morocco,Casablanca,,,,33.5952135,-7.6113257,,,,,[],[],,,,,,,,,,,,,2026-07-14T15:14:39.509993,"{'amenity': 'restaurant', 'name': 'La Bavaroise'}"
OpenStreetMap,node,4303094793,osm_node_4303094793,Al Anbar العنبر,,,Morocco,Casablanca,,Avenue Mohamed Taib Naciri,,33.5489722,-7.67964,,,,Mo-Su 06:00-22:00,[],[],,,,,,,,wlan,,,,,2026-07-14T15:14:39.510042,"{'addr:street': 'Avenue Mohamed Taib Naciri', 'amenity': 'cafe', 'internet_access': 'wlan', 'name': 'Al Anbar العنبر', 'name:ar': 'العنبر', 'name:fr': 'Al Anbar', 'opening_hours': 'Mo-Su 06:00-22:00'}"
OpenStreetMap,node,4320672213,osm_node_4320672213,Restaurant Le Nouveau Dragon,,,Morocco,Casablanca,,Rue de la Chaouia,20250,33.5956652,-7.6125814,+212522450896,,,Mo-Su 10:00-22:00,['chinese'],[],,,,,,,,,,,,,2026-07-14T15:14:39.510096,"{'addr:housenumber': '8-10', 'addr:postcode': '20250', 'addr:street': 'Rue de la Chaouia', 'amenity': 'restaurant', 'cuisine': 'chinese', 'diet:vegan': 'yes', 'diet:vegetarian': 'yes', 'name': 'Restaurant Le Nouveau Dragon', 'name:fr': 'Restaurant Le Nouveau Dragon', 'name:zh': '新龙门饭店', 'opening_hours': 'Mo-Su 10:00-22:00', 'phone': '+212 5 22 45 08 96'}"
OpenStreetMap,node,4326915254,osm_node_4326915254,Café Bravo,,,Morocco,Casablanca,,,,33.6143776,-7.4888131,,,,,[],[],,,,,,,,wlan,,,,,2026-07-14T15:14:39.510131,"{'addr:city': 'Casablanca', 'amenity': 'cafe', 'internet_access': 'wlan', 'name': 'Café Bravo'}"
OpenStreetMap,node,4326922063,osm_node_4326922063,Snack Pizzeria Bella Maria,,,Morocco,Casablanca,,,,33.6155331,-7.4843667,,,,,['pizza'],['Takeaway'],,,,,,,,,,,,,2026-07-14T15:14:39.510168,"{'addr:city': 'Casablanca', 'amenity': 'restaurant', 'cuisine': 'pizza', 'name': 'Snack Pizzeria Bella Maria', 'takeaway': 'yes'}"
OpenStreetMap,node,4326939034,osm_node_4326939034,Café Africana,,,Morocco,Casablanca,,,,33.6202172,-7.4872601,,,,,[],[],,,,,,,,wlan,,,,,2026-07-14T15:14:39.510200,"{'addr:city': 'Casablanca', 'amenity': 'cafe', 'internet_access': 'wlan', 'name': 'Café Africana'}"
OpenStreetMap,node,4345781503,osm_node_4345781503,PA-NOS,,PANOS,Morocco,Casablanca,,"Rue El KASR, Maarif",20250,33.5860673,-7.6311157,,,,,"['regional', 'pizza', 'burger', 'cafe', 'snack']","['Delivery', 'Drive Through']",,,,,,,,,separated,,,,2026-07-14T15:14:39.510253,"{'addr:city': 'Casablanca', 'addr:housenumber': 'N7', 'addr:postcode': '20250', 'addr:street': 'Rue El KASR, Maarif', 'amenity': 'fast_food', 'cuisine': 'regional;pizza;burger;cafe;snack', 'delivery': 'yes', 'drive_through': 'yes', 'name': 'PA-NOS', 'operator': 'PANOS', 'smoking': 'separated'}"
OpenStreetMap,node,4347753998,osm_node_4347753998,Ghiwan,,,Morocco,Casablanca,,,,33.538861,-7.6796506,,,,Mo-Su 07:00-22:00,[],[],,,,,,,,wlan,,,,,2026-07-14T15:14:39.510290,"{'amenity': 'cafe', 'internet_access': 'wlan', 'name': 'Ghiwan', 'opening_hours': 'Mo-Su 07:00-22:00'}"
OpenStreetMap,node,4347921689,osm_node_4347921689,Café Auriga,,,Morocco,Casablanca,,,,33.5837539,-7.6437214,,,,Mo-Su 07:00-22:00,[],[],,,,,,,,wlan,,,,,2026-07-14T15:14:39.510328,"{'amenity': 'cafe', 'internet_access': 'wlan', 'name': 'Café Auriga', 'opening_hours': 'Mo-Su 07:00-22:00'}"
OpenStreetMap,node,4353998489,osm_node_4353998489,Misbah Salam,,,Morocco,Casablanca,,,,33.5918899,-7.6159496,,,,,"['cake', 'local', 'sandwich', 'moroccan', 'breakfast', 'bagel', 'pizza']",[],,,,,,,,,,,,,2026-07-14T15:14:39.510363,"{'amenity': 'fast_food', 'cuisine': 'cake;local;sandwich;moroccan;breakfast;bagel;pizza', 'name': 'Misbah Salam'}"
OpenStreetMap,node,4355971289,osm_node_4355971289,,,,Morocco,Casablanca,,Boulevard Mohamed Zerktouni,,33.5835849,-7.62396,,,,,[],[],,,,,,,,,,,,,2026-07-14T15:14:39.510398,"{'addr:street': 'Boulevard Mohamed Zerktouni', 'amenity': 'restaurant', 'source': 'Kaart Ground Survey 2018'}"
OpenStreetMap,node,4359910090,osm_node_4359910090,leopardi ليوباردي,,,Morocco,Casablanca,,Boulevard Oued Sebou,,33.551528,-7.6817191,,,,Mo-Su 08:00-23:00,[],[],,,,,,,,wlan,,,,,2026-07-14T15:14:39.510440,"{'addr:street': 'Boulevard Oued Sebou', 'amenity': 'cafe', 'internet_access': 'wlan', 'name': 'leopardi ليوباردي', 'name:ar': 'ليوباردي', 'name:fr': 'leopardi', 'opening_hours': 'Mo-Su 08:00-23:00'}"
OpenStreetMap,node,4363244491,osm_node_4363244491,snack aljanoub سناك الجنوب,,,Morocco,Casablanca,,,,33.5508438,-7.6840863,,,,Mo-Su 11:00-24:00,"['turkish', 'burger', 'hot_dog', 'kebab', 'sandwich', 'sausage']",[],,,,,,,,,,,,,2026-07-14T15:14:39.510483,"{'amenity': 'fast_food', 'cuisine': 'turkish;burger;hot_dog;kebab;sandwich;sausage', 'name': 'snack aljanoub سناك الجنوب', 'name:ar': 'سناك الجنوب', 'name:fr': 'snack aljanoub', 'opening_hours': 'Mo-Su 11:00-24:00'}"
OpenStreetMap,node,4367045889,osm_node_4367045889,Burger King,Burger King,Burger king,Morocco,Casablanca,,Rue Abou Assalt Andaloussi زنقة أبو السلط الأندلسي,,33.5858234,-7.6369238,,,,Mo-Su 10:00-22:00,['burger'],['Takeaway'],,,,,,,,wlan,,,,,2026-07-14T15:14:39.510544,"{'addr:housenumber': '98', 'addr:street': 'Rue Abou Assalt Andaloussi زنقة أبو السلط الأندلسي', 'amenity': 'fast_food', 'branch': 'Maârif', 'brand': 'Burger King', 'brand:wikidata': 'Q177054', 'check_date': '2024-09-26', 'cuisine': 'burger', 'drive_through': 'no', 'internet_access': 'wlan', 'name': 'Burger King', 'name:ar': 'برگر كينغ', 'name:fr': 'burger king', 'opening_hours': 'Mo-Su 10:00-22:00', 'operator': 'Burger king', 'takeaway': 'yes'}"
OpenStreetMap,node,4368517198,osm_node_4368517198,nafoura النافورة,,,Morocco,Casablanca,,,,33.5467357,-7.6815776,,,,Mo-Su 07:00-23:00,[],[],,,,,,,,wlan,,,,,2026-07-14T15:14:39.510582,"{'amenity': 'cafe', 'internet_access': 'wlan', 'name': 'nafoura النافورة', 'name:ar': 'النافورة', 'name:fr': 'nafoura', 'opening_hours': 'Mo-Su 07:00-23:00'}"
OpenStreetMap,node,4368562693,osm_node_4368562693,pizzeria chahdia بيتزيريا الشهدية,,,Morocco,Casablanca,,,,33.5469052,-7.6818002,,,,Mo-Su 10:00-23:00,"['pizza', 'sandwich']",[],,,,,,,,,,,,,2026-07-14T15:14:39.510622,"{'amenity': 'fast_food', 'cuisine': 'pizza;sandwich', 'name': 'pizzeria chahdia بيتزيريا الشهدية', 'name:ar': 'بيتزيريا الشهدية', 'name:fr': 'pizzeria chahdia', 'opening_hours': 'Mo-Su 10:00-23:00'}"
OpenStreetMap,node,4368562695,osm_node_4368562695,amira أميرة,,,Morocco,Casablanca,,,,33.5465427,-7.6818691,,,,,[],[],,,,,,,,,,,,,2026-07-14T15:14:39.510652,"{'amenity': 'fast_food', 'name': 'amira أميرة', 'name:ar': 'أميرة', 'name:fr': 'amira'}"
OpenStreetMap,node,4368839694,osm_node_4368839694,McDonald's,McDonald's,,Morocco,Casablanca,,Boulevard Mohamed VI,,33.5623474,-7.5941062,,,,,['burger'],['Takeaway'],,,,,,,,wlan,,,,,2026-07-14T15:14:39.510696,"{'addr:street': 'Boulevard Mohamed VI', 'addr:street:fr': 'Boulevard Mohamed VI', 'amenity': 'fast_food', 'branch': 'Marjane Derb Sultan', 'branch:ar': 'مرجان درب السلطان', 'branch:fr': 'Marjane Derb Sultan', 'brand': ""McDonald's"", 'brand:ar': 'مكدونالدز', 'brand:es': ""McDonald's"", 'brand:fr': ""McDonald's"", 'brand:wikidata': 'Q38076', 'brand:wikipedia': ""fr:McDonald's"", 'check_date': '2025-02-03', 'cuisine': 'burger', 'internet_access': 'wlan', 'name': ""McDonald's"", 'name:ar': 'مكدونالدز', 'name:es': ""McDonald's"", 'name:fr': ""McDonald's"", 'takeaway': 'yes'}"
OpenStreetMap,node,4385036679,osm_node_4385036679,Carrefour des Saveurs,,,Morocco,Casablanca,,,,33.595159,-7.5913872,,,,,[],[],,,,,,,,,,,,,2026-07-14T15:14:39.510725,"{'amenity': 'restaurant', 'name': 'Carrefour des Saveurs'}"
OpenStreetMap,node,4387012191,osm_node_4387012191,,,,Morocco,Casablanca,,,,33.589393,-7.6315688,,,,,[],[],,,,,,,,,,,,,2026-07-14T15:14:39.510750,"{'amenity': 'restaurant', 'name:it': 'dolce e salato'}"
OpenStreetMap,node,4387433586,osm_node_4387433586,,,,Morocco,Casablanca,,,,33.6001046,-7.6344252,,,,,[],[],,,,,,,,,,,,,2026-07-14T15:14:39.510774,{'amenity': 'cafe'}
OpenStreetMap,node,4395791989,osm_node_4395791989,Espace Tifawine,,,Morocco,Casablanca,,,,33.5861039,-7.6489235,,,,Mo-Su 06:00-23:00,[],[],,,,,,,,wlan,,,,,2026-07-14T15:14:39.510811,"{'amenity': 'restaurant', 'internet_access': 'wlan', 'name': 'Espace Tifawine', 'opening_hours': 'Mo-Su 06:00-23:00'}"
OpenStreetMap,node,4424918399,osm_node_4424918399,Café Romantique,,,Morocco,Casablanca,,,,33.5740209,-7.5819074,,,,,[],[],,,,,,,,,,,,,2026-07-14T15:14:39.510839,"{'amenity': 'cafe', 'name': 'Café Romantique', 'name:fr': 'Café Romantique'}"
OpenStreetMap,node,4425377492,osm_node_4425377492,Pizzeria starpate,,,Morocco,Casablanca,,,,33.6042711,-7.4918255,,,,,[],[],,,,,,,,,,,,,2026-07-14T15:14:39.510868,"{'amenity': 'fast_food', 'name': 'Pizzeria starpate', 'name:fr': 'Pizzeria starpate'}"
OpenStreetMap,node,4434535428,osm_node_4434535428,Zineb,,,Morocco,Casablanca,,,,33.6007115,-7.6332406,,,,,[],[],,,,,,,,,,,,,2026-07-14T15:14:39.510895,"{'amenity': 'cafe', 'name': 'Zineb'}"
OpenStreetMap,node,4438781291,osm_node_4438781291,ستاربكس,ستاربكس,,Morocco,Casablanca,,Boulevard de la Corniche,,33.5981399,-7.6647762,,,,,['coffee_shop'],['Takeaway'],,,,,,,,,,,,,2026-07-14T15:14:39.510936,"{'addr:street': 'Boulevard de la Corniche', 'amenity': 'cafe', 'brand': 'ستاربكس', 'brand:ar': 'ستاربكس', 'brand:en': 'Starbucks', 'brand:wikidata': 'Q37158', 'cuisine': 'coffee_shop', 'name': 'ستاربكس', 'name:ar': 'ستاربكس', 'name:en': 'Starbucks', 'official_name': 'ستاربكس كافية', 'official_name:ar': 'ستاربكس كافية', 'official_name:en': 'Starbucks Coffee', 'takeaway': 'yes'}"
OpenStreetMap,node,4438842189,osm_node_4438842189,ستاربكس,ستاربكس,,Morocco,Casablanca,,,,33.576784,-7.7059305,,,,,['coffee_shop'],"['Takeaway', 'Wheelchair Accessible']",,,,,,,,,,,,,2026-07-14T15:14:39.510973,"{'amenity': 'cafe', 'brand': 'ستاربكس', 'brand:ar': 'ستاربكس', 'brand:en': 'Starbucks', 'brand:fr': 'Starbucks', 'brand:wikidata': 'Q37158', 'brand:wikipedia': 'fr:Starbucks', 'cuisine': 'coffee_shop', 'name': 'ستاربكس', 'name:ar': 'ستاربكس', 'name:en': 'Starbucks', 'name:fr': 'Starbucks', 'official_name': 'ستاربكس كافية', 'official_name:ar': 'ستاربكس كافية', 'official_name:en': 'Starbucks Coffee', 'official_name:fr': 'Café Starbucks', 'takeaway': 'yes', 'toilets:wheelchair': 'yes', 'wheelchair': 'yes'}"
OpenStreetMap,node,4438876139,osm_node_4438876139,La Storia,,,Morocco,Casablanca,,Boulevard Kennedy شارع كينيدي,,33.5946859,-7.6679576,,,,,[],[],,,,,,,,,,,,,2026-07-14T15:14:39.511009,"{'addr:street': 'Boulevard Kennedy شارع كينيدي', 'amenity': 'restaurant', 'name': 'La Storia'}"
OpenStreetMap,node,4440218989,osm_node_4440218989,Paul,Paul,,Morocco,Casablanca,,Boulevard de la Corniche شارع الكورنيش,,33.598856,-7.6644368,,,,,[],[],,,,,,,,,,,,,2026-07-14T15:14:39.511049,"{'addr:street': 'Boulevard de la Corniche شارع الكورنيش', 'amenity': 'cafe', 'brand': 'Paul', 'brand:wikidata': 'Q3370417', 'name': 'Paul', 'name:en': 'Paul', 'shop': 'bakery'}"
OpenStreetMap,node,4440218990,osm_node_4440218990,Costa,Costa,,Morocco,Casablanca,,Boulevard de la Corniche,,33.5984634,-7.6645137,,,,,['coffee_shop'],['Takeaway'],,,,,,,,,,,,,2026-07-14T15:14:39.511089,"{'addr:street': 'Boulevard de la Corniche', 'amenity': 'cafe', 'brand': 'Costa', 'brand:wikidata': 'Q608845', 'cuisine': 'coffee_shop', 'name': 'Costa', 'name:en': 'Costa Coffee', 'takeaway': 'yes'}"
OpenStreetMap,node,4441379090,osm_node_4441379090,La bel blanc,,IAM,Morocco,Casablanca,,Rue oulad teima,20040,33.5973686,-7.6363743,+212667313995,,labelblanc@yahoo.fr,Mo-Sa 10:00-23:00; Su,['sandwich'],[],,,,,,,,wlan,,,,,2026-07-14T15:14:39.511187,"{'addr:housenumber': '47', 'addr:postcode': '20040', 'addr:street': 'Rue oulad teima', 'amenity': 'fast_food', 'cuisine': 'sandwich', 'email': 'labelblanc@yahoo.fr', 'internet_access': 'wlan', 'name': 'La bel blanc', 'name:fr': 'La bel blanc', 'opening_hours': 'Mo-Sa 10:00-23:00; Su', 'operator': 'IAM', 'phone': '+212 6 67 31 39 95'}"
OpenStreetMap,node,4467489591,osm_node_4467489591,Diamant bleu الجوهرة الزرقاء,,,Morocco,Casablanca,,Boulevard Oued Sebou,20200,33.5514099,-7.6821065,+212522899134,,diamantbleu.oulfa@gmail.com,24/7,"['tea', 'soba', 'pancake', 'coffee_shop']",[],,,,,,,,wlan,,,,,2026-07-14T15:14:39.511249,"{'addr:housenumber': '502', 'addr:postcode': '20200', 'addr:street': 'Boulevard Oued Sebou', 'amenity': 'cafe', 'cuisine': 'tea;soba;pancake;coffee_shop', 'email': 'diamantbleu.oulfa@gmail.com', 'internet_access': 'wlan', 'name': 'Diamant bleu الجوهرة الزرقاء', 'name:ar': 'الجوهرة الزرقاء', 'name:fr': 'Diamant bleu', 'opening_hours': '24/7', 'phone': '+212 5 22 89 91 34'}"
OpenStreetMap,node,4469841890,osm_node_4469841890,O'lichi,,,Morocco,Casablanca,,Boulevard d'Anfa,,33.591863,-7.6345249,,,,,['asian'],[],,,,,,,,,,,,,2026-07-14T15:14:39.511285,"{'addr:street': ""Boulevard d'Anfa"", 'amenity': 'restaurant', 'cuisine': 'asian', 'name': ""O'lichi"", 'name:fr': ""O'lichi""}"
OpenStreetMap,node,4497659489,osm_node_4497659489,Al-Mounia,,,Morocco,Casablanca,,,,33.5909223,-7.6164407,,,,,['moroccan'],['Outdoor Seating'],,,,,,,,,,yes,,,2026-07-14T15:14:39.511321,"{'addr:housenumber': '95', 'amenity': 'restaurant', 'brewery': 'various', 'check_date': '2025-11-15', 'cuisine': 'moroccan', 'diet:vegetarian': 'yes', 'name': 'Al-Mounia', 'outdoor_seating': 'yes', 'payment:cash': 'only', 'reservation': 'yes', 'toilets': 'yes', 'toilets:wheelchair': 'no', 'wheelchair': 'no'}"
OpenStreetMap,node,4497664315,osm_node_4497664315,,,,Morocco,Casablanca,,,,33.6011409,-7.6602991,,,,,[],[],,,,,,,,,,,,,2026-07-14T15:14:39.511347,"{'amenity': 'restaurant', 'name:en': 'Le Relais de Paris'}"
OpenStreetMap,node,4501916393,osm_node_4501916393,,,,Morocco,Casablanca,,,,33.6014699,-7.6605284,,,,,[],[],,,,,,,,,,,,,2026-07-14T15:14:39.511371,"{'amenity': 'cafe', 'name:en': 'Cafe Bianca'}"
OpenStreetMap,node,4511695590,osm_node_4511695590,La Cantine de Charlotte,,,Morocco,Casablanca,,Rue Abou Hadil Allaf,20000,33.5921096,-7.6288039,,,,,[],[],,,,,,,,wlan,,,,,2026-07-14T15:14:39.511413,"{'addr:housenumber': '3', 'addr:postcode': '20000', 'addr:street': 'Rue Abou Hadil Allaf', 'amenity': 'restaurant', 'internet_access': 'wlan', 'name': 'La Cantine de Charlotte', 'name:fr': 'La Cantine de Charlotte'}"
OpenStreetMap,node,4514031190,osm_node_4514031190,Emilia,,,Morocco,Casablanca,,Avenue Mohamed Taib Naciri,20200,33.5481455,-7.6808525,+212628990808,,,Mo-Su 07:00-23:00,[],[],,,,,,,,wlan,,,,,2026-07-14T15:14:39.511463,"{'addr:housenumber': '16', 'addr:postcode': '20200', 'addr:street': 'Avenue Mohamed Taib Naciri', 'amenity': 'cafe', 'internet_access': 'wlan', 'name': 'Emilia', 'name:fr': 'Emilia', 'opening_hours': 'Mo-Su 07:00-23:00', 'phone': '+212 6 28 99 08 08'}"
OpenStreetMap,node,4540851789,osm_node_4540851789,Rouge et Blanc أحمر و ابيض,,,Morocco,Casablanca,,Avenue Lalla Yacout,20000,33.5915512,-7.615164,+212679793649,,snack.lalla.yacout@gmail.com,24/7,['barbecue'],[],,,,,,,,,,,,,2026-07-14T15:14:39.511518,"{'addr:housenumber': '16', 'addr:postcode': '20000', 'addr:street': 'Avenue Lalla Yacout', 'amenity': 'restaurant', 'cuisine': 'barbecue', 'email': 'snack.lalla.yacout@gmail.com', 'name': 'Rouge et Blanc أحمر و ابيض', 'name:ar': 'أحمر و ابيض', 'name:fr': 'Rouge et Blanc', 'opening_hours': '24/7', 'phone': '+212 679793649'}"
OpenStreetMap,node,4553971889,osm_node_4553971889,Route 66,,,Morocco,Casablanca,,,,33.5728964,-7.6552882,,,,,[],[],,,,,,,,,,,,,2026-07-14T15:14:39.511549,"{'amenity': 'restaurant', 'name': 'Route 66'}"
OpenStreetMap,node,4557148590,osm_node_4557148590,Cosa Mia,,,Morocco,Casablanca,,,,33.585652,-7.6355809,,,,,[],[],,,,,,,,,,,,,2026-07-14T15:14:39.511578,"{'amenity': 'restaurant', 'name': 'Cosa Mia'}"
OpenStreetMap,node,4575672894,osm_node_4575672894,la lambra العنبرة,,,Morocco,Casablanca,,,,33.5993093,-7.5205074,,,,,[],[],,,,,,,,wlan,,,,,2026-07-14T15:14:39.511613,"{'amenity': 'cafe', 'internet_access': 'wlan', 'name': 'la lambra العنبرة', 'name:ar': 'العنبرة', 'name:fr': 'la lambra'}"
OpenStreetMap,node,4581255590,osm_node_4581255590,very ڤيري,,,Morocco,Casablanca,,,,33.603415,-7.6425831,,,,Mo-Su 08:00-22:00,[],[],,,,,,,,wlan,,,,,2026-07-14T15:14:39.511651,"{'amenity': 'cafe', 'internet_access': 'wlan', 'name': 'very ڤيري', 'name:ar': 'ڤيري', 'name:en': 'very', 'name:fr': 'very', 'opening_hours': 'Mo-Su 08:00-22:00'}"
OpenStreetMap,node,4584173699,osm_node_4584173699,Fadaa bladi فضاء بلادي,,,Morocco,Casablanca,,Route Haj Fateh,,33.5442269,-7.6787862,,,,,[],[],,,,,,,,,,,,,2026-07-14T15:14:39.511690,"{'addr:street': 'Route Haj Fateh', 'amenity': 'cafe', 'name': 'Fadaa bladi فضاء بلادي', 'name:ar': 'فضاء بلادي', 'name:fr': 'Fadaa bladi'}"
OpenStreetMap,node,4589036349,osm_node_4589036349,Pizza Hut,Pizza Hut,,Morocco,Casablanca,,,,33.5962863,-7.6144369,,,,,['pizza'],[],,,,,,,,,,,,,2026-07-14T15:14:39.511726,"{'amenity': 'restaurant', 'brand': 'Pizza Hut', 'brand:fr': 'Pizza Hut', 'brand:wikidata': 'Q191615', 'brand:wikipedia': 'fr:Pizza Hut', 'cuisine': 'pizza', 'name': 'Pizza Hut', 'name:fr': 'Pizza Hut'}"
OpenStreetMap,node,4590448491,osm_node_4590448491,les Fleurs,,,Morocco,Casablanca,,,,33.5966374,-7.6149916,,,,,[],[],,,,,,,,,,,,,2026-07-14T15:14:39.511757,"{'amenity': 'restaurant', 'name': 'les Fleurs'}"
OpenStreetMap,node,4599762890,osm_node_4599762890,le Châtelet,,,Morocco,Casablanca,,,,33.586116,-7.6350081,,,,,[],[],,,,,,,,,,,,,2026-07-14T15:14:39.511788,"{'amenity': 'cafe', 'name': 'le Châtelet'}"
OpenStreetMap,node,4674572890,osm_node_4674572890,Midway,,,Morocco,Casablanca,,,,33.588864,-7.628391,,,,,[],[],,,,,,,,,,,,,2026-07-14T15:14:39.511815,"{'amenity': 'restaurant', 'name': 'Midway'}"
OpenStreetMap,node,4696518892,osm_node_4696518892,Café Fairplay,,,Morocco,Casablanca,,Boulevard Mohamed Zerktouni,20100,33.5973188,-7.6382518,,,sablujouda@gmail.com,Mo-Su 06:00-23:00,"['tea', 'breakfast', 'coffee_shop']",[],,,,,,,,wlan,,,,,2026-07-14T15:14:39.511868,"{'addr:housenumber': '354', 'addr:postcode': '20100', 'addr:street': 'Boulevard Mohamed Zerktouni', 'amenity': 'cafe', 'cuisine': 'tea;breakfast;coffee_shop', 'email': 'sablujouda@gmail.com', 'internet_access': 'wlan', 'name': 'Café Fairplay', 'opening_hours': 'Mo-Su 06:00-23:00'}"
OpenStreetMap,node,4713278692,osm_node_4713278692,Yo Ti Tam,Yo Ti Tam,,Morocco,Casablanca,,Rue jounaid,,33.5759859,-7.6476182,+212522261262,,,,['asian'],['Takeaway'],,,,,,,,wlan,,,,,2026-07-14T15:14:39.511920,"{'addr:housenumber': '124', 'addr:street': 'Rue jounaid', 'amenity': 'restaurant', 'branch': 'Les Princesses', 'brand': 'Yo Ti Tam', 'cuisine': 'asian', 'internet_access': 'wlan', 'name': 'Yo Ti Tam', 'phone': '+212 5 22 26 12 62', 'takeaway': 'yes'}"
OpenStreetMap,node,4735312121,osm_node_4735312121,,,,Morocco,Casablanca,,Boulevard d'Anfa,20000,33.5926388,-7.6319683,+212522470345,https://www.moodcafe.ma/,,24/7,[],[],,,,,,,,,,,,,2026-07-14T15:14:39.512012,"{'addr:housenumber': '75', 'addr:postcode': '20000', 'addr:street': ""Boulevard d'Anfa"", 'amenity': 'cafe', 'name:en': 'Mood Cafe', 'opening_hours': '24/7', 'phone': '+212 5 22 47 03 45', 'website': 'https://www.moodcafe.ma/'}"
OpenStreetMap,node,4742853822,osm_node_4742853822,,,,Morocco,Casablanca,,,,33.6094191,-7.5333793,,,,,[],[],,,,,,,,,,,,,2026-07-14T15:14:39.512041,{'amenity': 'cafe'}
OpenStreetMap,node,4749586921,osm_node_4749586921,Café Karima مقهى كريمة,,,Morocco,Casablanca,,Rue Amr Ben Asse,,33.5996177,-7.5824027,,,,,[],[],,,,,,,,,,,,,2026-07-14T15:14:39.512083,"{'addr:street': 'Rue Amr Ben Asse', 'amenity': 'cafe', 'name': 'Café Karima مقهى كريمة', 'name:ar': 'مقهى كريمة', 'name:fr': 'Café Karima', 'source': 'Kaart Ground Survey 2018'}"
OpenStreetMap,node,4750308922,osm_node_4750308922,Croc Pizza كروك بيتزا,,,Morocco,Casablanca,,,,33.619789,-7.5326657,,,,,[],[],,,,,,,,,,,,,2026-07-14T15:14:39.512118,"{'amenity': 'restaurant', 'name': 'Croc Pizza كروك بيتزا', 'name:ar': 'كروك بيتزا', 'name:fr': 'Croc Pizza'}"
OpenStreetMap,node,4750308923,osm_node_4750308923,محطة إستراحة أفريقيا,,,Morocco,Casablanca,,,,33.5110136,-7.6105863,,,,,[],[],,,,,,,,,,,,,2026-07-14T15:14:39.512154,"{'amenity': 'cafe', 'name': 'محطة إستراحة أفريقيا', 'name:ar': 'محطة إستراحة أفريقيا', 'name:de': 'Oasis Café Tafernout', 'name:en': 'Oasis Café Tafernout', 'name:fr': 'Oasis Café Tafernout'}"
OpenStreetMap,node,4752753123,osm_node_4752753123,H & B Food,,,Morocco,Casablanca,,,,33.5713686,-7.6450329,+212540085480,,,,['moroccan'],[],,,,,,,,wlan,,,,,2026-07-14T15:14:39.512201,"{'amenity': 'restaurant', 'cuisine': 'moroccan', 'internet_access': 'wlan', 'name': 'H & B Food', 'phone': '+212 540085480'}"
OpenStreetMap,node,4782537123,osm_node_4782537123,Chez Marny,,,Morocco,Casablanca,,,,33.5609277,-7.6467836,,,,,[],[],,,,,,,,,,,,,2026-07-14T15:14:39.512232,"{'amenity': 'restaurant', 'name': 'Chez Marny'}"
OpenStreetMap,node,4784572923,osm_node_4784572923,Beverly Bakery & Cafe,,,Morocco,Casablanca,,,,33.5961331,-7.6416036,,,,,[],[],,,,,,,,,,,,,2026-07-14T15:14:39.512290,"{'amenity': 'cafe', 'name': 'Beverly Bakery & Cafe'}"
OpenStreetMap,node,4786274153,osm_node_4786274153,Yammy,,,Morocco,Casablanca,,Boulevard Rahal El Meskini,,33.5885241,-7.611296,,,,,['asian'],[],,,,,,,,,,,,,2026-07-14T15:14:39.512327,"{'addr:street': 'Boulevard Rahal El Meskini', 'amenity': 'restaurant', 'cuisine': 'asian', 'name': 'Yammy', 'source': 'Kaart Ground Survey 2018'}"
OpenStreetMap,node,4850592421,osm_node_4850592421,Boca Chica,,,Morocco,Casablanca,,,,33.6090023,-7.6505619,,,,,[],[],,,,,,,,,,,,,2026-07-14T15:14:39.512355,"{'amenity': 'cafe', 'name': 'Boca Chica'}"
OpenStreetMap,node,4880604721,osm_node_4880604721,Tacos de Lyon,,,Morocco,Casablanca,,,,33.5840551,-7.6423246,,,,,['french_tacos'],[],,,,,,,,,,,,,2026-07-14T15:14:39.512388,"{'amenity': 'fast_food', 'cuisine': 'french_tacos', 'drive_through': 'no', 'name': 'Tacos de Lyon'}"
OpenStreetMap,node,4881665024,osm_node_4881665024,,,,Morocco,Casablanca,,,,33.5961015,-7.6767353,,,,,[],[],,,,,,,,,,,,,2026-07-14T15:14:39.512414,"{'amenity': 'cafe', 'name:en': 'Tropicana Space', 'toilets:wheelchair': 'yes', 'wheelchair': 'limited'}"
OpenStreetMap,node,4929296521,osm_node_4929296521,,,,Morocco,Casablanca,,,,33.5959788,-7.6133174,,,,,[],[],,,,,,,,,,,,,2026-07-14T15:14:39.512439,{'amenity': 'restaurant'}
OpenStreetMap,node,4929397821,osm_node_4929397821,Le Petit Rocher,,,Morocco,Casablanca,,,,33.6096729,-7.6514204,,,,,[],[],,,,,,,,,,,,,2026-07-14T15:14:39.512468,"{'amenity': 'bar', 'name': 'Le Petit Rocher', 'name:fr': 'Le Petit Rocher'}"
OpenStreetMap,node,4937330722,osm_node_4937330722,,,,Morocco,Casablanca,,,,33.5926963,-7.6172792,,,,,[],[],,,,,,,,,,,,,2026-07-14T15:14:39.512518,"{'amenity': 'restaurant', 'name:en': 'Ifrane'}"
OpenStreetMap,node,4987050041,osm_node_4987050041,Café Charles Dego,,,Morocco,Casablanca,,,,33.5436554,-7.5682412,,,,,[],[],,,,,,,,,,,,,2026-07-14T15:14:39.512546,"{'amenity': 'cafe', 'name': 'Café Charles Dego'}"
OpenStreetMap,node,4994852422,osm_node_4994852422,Snack amine,,,Morocco,Casablanca,,,,33.5766703,-7.6334533,,,,,[],[],,,,,,,,,,,,,2026-07-14T15:14:39.512572,"{'amenity': 'restaurant', 'name': 'Snack amine', 'name:fr': 'Snack amine'}"
OpenStreetMap,node,5011004926,osm_node_5011004926,Cosa Mia,Cosa Mia,,Morocco,Casablanca,,Boulevard Ain Taoujtate عين تاوجطات,,33.5942298,-7.6435836,+212522207893,,,Mo-Su 09:30-22:00,[],[],,,,,,,,,,,,,2026-07-14T15:14:39.512619,"{'addr:housenumber': '45', 'addr:street': 'Boulevard Ain Taoujtate عين تاوجطات', 'amenity': 'restaurant', 'branch': 'Bourgogne', 'brand': 'Cosa Mia', 'check_date': '2025-04-04', 'name': 'Cosa Mia', 'opening_hours': 'Mo-Su 09:30-22:00', 'phone': '+212 5 22 20 78 93'}"
OpenStreetMap,node,5033634962,osm_node_5033634962,Gzoum كَزّوم,,,Morocco,Casablanca,,,,33.5677841,-7.5995875,,,,,[],[],,,,,,,,,,,,,2026-07-14T15:14:39.512647,"{'amenity': 'restaurant', 'name': 'Gzoum كَزّوم', 'name:ar': 'كَزّوم', 'name:fr': 'Gzoum'}"
OpenStreetMap,node,5040047777,osm_node_5040047777,Café Kyoto,,,Morocco,Casablanca,,Avenue 2 Mars,,33.5396601,-7.5997898,,,,,[],[],,,,,,,,,,,,,2026-07-14T15:14:39.512677,"{'addr:street': 'Avenue 2 Mars', 'amenity': 'cafe', 'name': 'Café Kyoto', 'source': 'Kaart Ground Survey 2018'}"
OpenStreetMap,node,5055279721,osm_node_5055279721,,,,Morocco,Casablanca,,,,33.5937929,-7.6325707,,,,,[],[],,,,,,,,,,,,,2026-07-14T15:14:39.512700,"{'amenity': 'restaurant', 'name:en': 'Churrascaria Marius'}"
OpenStreetMap,node,5078277365,osm_node_5078277365,Café Azhar,,,Morocco,Casablanca,,,,33.5430671,-7.6879747,,,,,[],[],,,,,,,,,,,,,2026-07-14T15:14:39.512725,"{'amenity': 'cafe', 'name': 'Café Azhar'}"
OpenStreetMap,node,5078850006,osm_node_5078850006,Café Poco Loco,,,Morocco,Casablanca,,,,33.5733956,-7.7072231,,,,,[],[],,,,,,,,,,,,,2026-07-14T15:14:39.512752,"{'amenity': 'cafe', 'name': 'Café Poco Loco'}"
OpenStreetMap,node,5080964661,osm_node_5080964661,Café Kairaouan,,,Morocco,Casablanca,,,,33.5602694,-7.6753643,,,,,[],[],,,,,,,,,,,,,2026-07-14T15:14:39.512778,"{'amenity': 'cafe', 'name': 'Café Kairaouan'}"
OpenStreetMap,node,5083566360,osm_node_5083566360,Café One Love,,,Morocco,Casablanca,,Boulevard du 9 Avril,,33.5825944,-7.6280953,+212522231616,,,,[],[],,,,,,,,wlan,,,,,2026-07-14T15:14:39.512818,"{'addr:city': 'Casablanca ⵜⴰⴷⴷⴰⵔⵜ ⵜⵓⵎⵍⵉⵍⵜ الدار البيضاء', 'addr:street': 'Boulevard du 9 Avril', 'amenity': 'cafe', 'internet_access': 'wlan', 'name': 'Café One Love', 'phone': '+212 522 23 1616', 'source': 'Kaart Ground Survey 2018'}"
OpenStreetMap,node,5084135457,osm_node_5084135457,Burger King,Burger King,,Morocco,Casablanca,,Rue Ibn Rochd,,33.595289,-7.6253802,,,,,['burger'],['Takeaway'],,,,,,,,,,,,,2026-07-14T15:14:39.512856,"{'addr:city': 'Casablanca ⵜⴰⴷⴷⴰⵔⵜ ⵜⵓⵎⵍⵉⵍⵜ الدار البيضاء', 'addr:housenumber': '3', 'addr:street': 'Rue Ibn Rochd', 'amenity': 'fast_food', 'brand': 'Burger King', 'brand:wikidata': 'Q177054', 'brand:wikipedia': 'en:Burger King', 'cuisine': 'burger', 'name': 'Burger King', 'takeaway': 'yes'}"
OpenStreetMap,node,5104880328,osm_node_5104880328,Every Day,,,Morocco,Casablanca,,Boulevard Oued Sebou,,33.552273,-7.6788347,,,,,[],[],,,,,,,,wlan,,,,,2026-07-14T15:14:39.512891,"{'addr:street': 'Boulevard Oued Sebou', 'amenity': 'cafe', 'internet_access': 'wlan', 'name': 'Every Day', 'source': 'Kaart Ground Survey 2018'}"
OpenStreetMap,node,5104880329,osm_node_5104880329,,,,Morocco,Casablanca,,,,33.5521599,-7.6800534,,,,,[],[],,,,,,,,,,,,,2026-07-14T15:14:39.512915,{'amenity': 'cafe'}
OpenStreetMap,node,5104919923,osm_node_5104919923,,,,Morocco,Casablanca,,,,33.5529753,-7.6798787,,,,,['fish'],[],,,,,,,,,,,,,2026-07-14T15:14:39.512940,"{'amenity': 'fast_food', 'cuisine': 'fish'}"
OpenStreetMap,node,5104933922,osm_node_5104933922,San Diego,,,Morocco,Casablanca,,Boulevard Oued Sebou,,33.55244,-7.6782792,,,,,[],[],,,,,,,,wlan,,,,,2026-07-14T15:14:39.512974,"{'addr:street': 'Boulevard Oued Sebou', 'amenity': 'cafe', 'internet_access': 'wlan', 'name': 'San Diego', 'source': 'Kaart Ground Survey 2018'}"
OpenStreetMap,node,5104934122,osm_node_5104934122,,,,Morocco,Casablanca,,,,33.5522882,-7.6800779,,,,,"['steak_house', 'grill']",[],,,,,,,,,,,,,2026-07-14T15:14:39.513000,"{'amenity': 'restaurant', 'cuisine': 'steak_house;grill'}"
OpenStreetMap,node,5104934421,osm_node_5104934421,,,,Morocco,Casablanca,,Boulevard Oued Sebou,,33.55217,-7.6790707,,,,,[],[],,,,,,,,,,,,,2026-07-14T15:14:39.513028,"{'addr:street': 'Boulevard Oued Sebou', 'amenity': 'fast_food'}"
OpenStreetMap,node,5105342622,osm_node_5105342622,Salsa,,,Morocco,Casablanca,,,,33.5925128,-7.6166956,,,,,[],[],,,,,,,,,,,,,2026-07-14T15:14:39.513053,"{'amenity': 'restaurant', 'name': 'Salsa'}"
OpenStreetMap,node,5109328004,osm_node_5109328004,Café Basma,,,Morocco,Casablanca,,,,33.5389745,-7.5561869,,,,,[],[],,,,,,,,,,,,,2026-07-14T15:14:39.513079,"{'amenity': 'cafe', 'name': 'Café Basma'}"
OpenStreetMap,node,5111051121,osm_node_5111051121,Casaforme,,,Morocco,Casablanca,,Boulevard Modibo Keita,,33.5616595,-7.6119677,,,,24/7,"['tea', 'coffee_shop']",[],,,,,,,,wlan,,,,,2026-07-14T15:14:39.513117,"{'addr:street': 'Boulevard Modibo Keita', 'amenity': 'cafe', 'cuisine': 'tea;coffee_shop', 'internet_access': 'wlan', 'name': 'Casaforme', 'opening_hours': '24/7'}"
OpenStreetMap,node,5116286524,osm_node_5116286524,Kenzi Tower Hotel Sky 28,,,Morocco,Casablanca,,,,33.5730513,-7.58981,,,,,[],[],,,,,,,,,,,,,2026-07-14T15:14:39.513145,"{'amenity': 'bar', 'name': 'Kenzi Tower Hotel Sky 28'}"
OpenStreetMap,node,5139379923,osm_node_5139379923,La grillardiere,,,Morocco,Casablanca,,Allée des Pêchers,,33.6071887,-7.5437586,,,,,[],[],,,,,,,,,,,,,2026-07-14T15:14:39.513178,"{'addr:street': 'Allée des Pêchers', 'amenity': 'restaurant', 'name': 'La grillardiere', 'name:en': 'La grillardiere', 'name:fr': 'La grillardiere'}"
OpenStreetMap,node,5157299823,osm_node_5157299823,Blanca بلانكا,,,Morocco,Casablanca,,Avenue Mohamed Taib Naciri,,33.5485459,-7.6806587,,,,Mo-Su 07:00-23:00,[],[],,,,,,,,wlan,,,,,2026-07-14T15:14:39.513219,"{'addr:street': 'Avenue Mohamed Taib Naciri', 'amenity': 'cafe', 'internet_access': 'wlan', 'name': 'Blanca بلانكا', 'name:ar': 'بلانكا', 'name:en': 'Blanca', 'name:fr': 'Blanca', 'opening_hours': 'Mo-Su 07:00-23:00'}"
OpenStreetMap,node,5159127122,osm_node_5159127122,سناك دعاء,,,Morocco,Casablanca,,Avenue du Commandant Driss Harti,,33.5474032,-7.5746211,,,,Mo-Su 12:00-01:00,[],[],,,,,,,,,,,,,2026-07-14T15:14:39.513259,"{'addr:street': 'Avenue du Commandant Driss Harti', 'amenity': 'restaurant', 'name': 'سناك دعاء', 'name:ar': 'سناك دعاء', 'name:en': 'Snack Doaa', 'opening_hours': 'Mo-Su 12:00-01:00'}"
OpenStreetMap,node,5197907674,osm_node_5197907674,park stadium,,,Morocco,Casablanca,,Boulevard Chefchaouni,,33.6073661,-7.53687,,,,,[],[],,,,,,,,,,,,,2026-07-14T15:14:39.513579,"{'addr:street': 'Boulevard Chefchaouni', 'amenity': 'cafe', 'name': 'park stadium', 'name:fr': 'park stadium'}"
OpenStreetMap,node,5197907675,osm_node_5197907675,chefchaouni,,,Morocco,Casablanca,,Boulevard Chefchaouni,,33.6069768,-7.5381815,,,,,[],[],,,,,,,,,,,,,2026-07-14T15:14:39.513675,"{'addr:street': 'Boulevard Chefchaouni', 'amenity': 'cafe', 'name': 'chefchaouni', 'name:fr': 'chefchaouni'}"
OpenStreetMap,node,5198393435,osm_node_5198393435,source d'or,,,Morocco,Casablanca,,,,33.6057064,-7.5385639,,,,,[],[],,,,,,,,,,,,,2026-07-14T15:14:39.513721,"{'amenity': 'cafe', 'name': ""source d'or"", 'name:fr': ""source d'or""}"
OpenStreetMap,node,5216977822,osm_node_5216977822,Class Dish Coffee Shop,,,Morocco,Casablanca,,,,33.5901754,-7.630709,,,,,[],[],,,,,,,,,,,,,2026-07-14T15:14:39.513767,"{'amenity': 'restaurant', 'name': 'Class Dish Coffee Shop', 'payment:credit_cards': 'yes', 'payment:debit_cards': 'yes'}"
OpenStreetMap,node,5217695610,osm_node_5217695610,Le Crepuscule,,,Morocco,Casablanca,,,,33.5933207,-7.6791,,,,,[],['Outdoor Seating'],,,,,,,,,yes,no,,,2026-07-14T15:14:39.513827,"{'amenity': 'cafe', 'indoor_seating': 'yes', 'name': 'Le Crepuscule', 'outdoor_seating': 'yes', 'payment:cards': 'no', 'payment:cash': 'yes', 'payment:qr_code': 'no', 'reservation': 'no', 'smoking': 'yes'}"
OpenStreetMap,node,5260725357,osm_node_5260725357,Restaurant Etoile Centrale,,,Morocco,Casablanca,,Rue Allal Ben Abdellah,,33.5953324,-7.6121111,+212527018625,https://www.etoilecentrale.com,,,[],[],,,,,,,,,,,,,2026-07-14T15:14:39.513941,"{'addr:housenumber': '107', 'addr:street': 'Rue Allal Ben Abdellah', 'amenity': 'restaurant', 'description': 'Reasonably priced restaurant serving Moroccan food in authentic ambience', 'name': 'Restaurant Etoile Centrale', 'phone': '+212 5 27 01 86 25', 'website': 'https://www.etoilecentrale.com'}"
OpenStreetMap,node,5268378366,osm_node_5268378366,Food stall,,,Morocco,Casablanca,,,,33.6002212,-7.6297534,,,,,[],[],,,,,,,,,,,,,2026-07-14T15:14:39.513988,"{'amenity': 'fast_food', 'description': 'Fast food joint packed with locals', 'name': 'Food stall'}"
OpenStreetMap,node,5314561322,osm_node_5314561322,,,,Morocco,Casablanca,,,,33.5993502,-7.6058794,,,,,[],[],,,,,,,,,,,,,2026-07-14T15:14:39.514023,{'amenity': 'cafe'}
OpenStreetMap,node,5314907622,osm_node_5314907622,,,,Morocco,Casablanca,,,,33.6003791,-7.6169643,,,,,[],[],,,,,,,,,,,,,2026-07-14T15:14:39.514056,"{'amenity': 'cafe', 'name:en': 'Cafe du Port'}"
OpenStreetMap,node,5314907623,osm_node_5314907623,,,,Morocco,Casablanca,,,,33.6001875,-7.6173776,,,,,[],[],,,,,,,,,,,,,2026-07-14T15:14:39.514089,"{'amenity': 'restaurant', 'name:en': 'Casa Fish'}"
OpenStreetMap,node,5314907626,osm_node_5314907626,,,,Morocco,Casablanca,,,,33.601745,-7.6201855,,,,,[],[],,,,,,,,,,,,,2026-07-14T15:14:39.514126,{'amenity': 'cafe'}
OpenStreetMap,node,5314907629,osm_node_5314907629,,,,Morocco,Casablanca,,,,33.608568,-7.629199,,,,,[],[],,,,,,,,,,,,,2026-07-14T15:14:39.514162,"{'amenity': 'restaurant', 'name:en': 'Cappadocia'}"
OpenStreetMap,node,5314907635,osm_node_5314907635,,,,Morocco,Casablanca,,,,33.5927272,-7.6167396,,,,,[],[],,,,,,,,,,,,,2026-07-14T15:14:39.514199,"{'amenity': 'pub', 'name:en': 'Light'}"
OpenStreetMap,node,5407132537,osm_node_5407132537,côté d'or,,,Morocco,Casablanca,,Boulevard Abdelmoumen,,33.5771392,-7.625501,,,,,[],[],,,,,,,,wlan,,,,,2026-07-14T15:14:39.514262,"{'addr:street': 'Boulevard Abdelmoumen', 'amenity': 'cafe', 'internet_access': 'wlan', 'name': ""côté d'or"", 'name:fr': ""côté d'or""}"
OpenStreetMap,node,5420554822,osm_node_5420554822,espace imossak,,,Morocco,Casablanca,,Route Alwahda,,33.6098867,-7.5427429,,,,,[],[],,,,,,,,,,,,,2026-07-14T15:14:39.514317,"{'addr:street': 'Route Alwahda', 'amenity': 'cafe', 'name': 'espace imossak', 'name:fr': 'espace imossak'}"
OpenStreetMap,node,5420576524,osm_node_5420576524,le monde des grillades,,,Morocco,Casablanca,,,,33.6093994,-7.541983,,,,,[],[],,,,,,,,,,,,,2026-07-14T15:14:39.514362,"{'amenity': 'fast_food', 'name': 'le monde des grillades', 'name:fr': 'le monde des grillades'}"
OpenStreetMap,node,5420577822,osm_node_5420577822,la paela mar,,,Morocco,Casablanca,,,,33.6090344,-7.5417347,,,,,[],[],,,,,,,,wlan,,,,,2026-07-14T15:14:39.514412,"{'amenity': 'cafe', 'internet_access': 'wlan', 'name': 'la paela mar', 'name:fr': 'la paela mar'}"
OpenStreetMap,node,5420577827,osm_node_5420577827,tizi ousli,,,Morocco,Casablanca,,,,33.6065582,-7.5386788,,,,,[],[],,,,,,,,,,,,,2026-07-14T15:14:39.514455,"{'amenity': 'cafe', 'name': 'tizi ousli', 'name:fr': 'tizi ousli'}"
OpenStreetMap,node,5420578023,osm_node_5420578023,snack al Amal,,,Morocco,Casablanca,,,,33.6077499,-7.5410675,,,,,[],[],,,,,,,,,,,,,2026-07-14T15:14:39.514500,"{'amenity': 'fast_food', 'name': 'snack al Amal', 'name:fr': 'snack al Amal'}"
OpenStreetMap,node,5420578721,osm_node_5420578721,adwak اذواق,,,Morocco,Casablanca,,,,33.6096078,-7.5421005,,,,,[],[],,,,,,,,,,,,,2026-07-14T15:14:39.514548,"{'amenity': 'restaurant', 'name': 'adwak اذواق', 'name:ar': 'اذواق', 'name:fr': 'adwak'}"
OpenStreetMap,node,5422276821,osm_node_5422276821,café mouad,,,Morocco,Casablanca,,Rue Soumaya,,33.5773541,-7.6268773,,,,,[],[],,,,,,,,,,,,,2026-07-14T15:14:39.514621,"{'addr:street': 'Rue Soumaya', 'amenity': 'cafe', 'name': 'café mouad', 'name:fr': 'café mouad'}"
OpenStreetMap,node,5422740636,osm_node_5422740636,La Cantine,,,Morocco,Casablanca,,,,33.5352248,-7.6400077,,,,,[],[],,,,,,,,,,,,,2026-07-14T15:14:39.514665,"{'amenity': 'restaurant', 'name': 'La Cantine'}"
OpenStreetMap,node,5424355721,osm_node_5424355721,taxi,,,Morocco,Casablanca,,Rue Soumaya,,33.5774261,-7.6267262,,,,,[],[],,,,,,,,,,,,,2026-07-14T15:14:39.514710,"{'addr:street': 'Rue Soumaya', 'amenity': 'fast_food', 'name': 'taxi', 'name:fr': 'taxi'}"
OpenStreetMap,node,5427254223,osm_node_5427254223,riad bladi رياض بلادي,,,Morocco,Casablanca,,Boulevard Oued Daoura,,33.5410743,-7.6770261,,,,,[],[],,,,,,,,,,,,,2026-07-14T15:14:39.514765,"{'addr:street': 'Boulevard Oued Daoura', 'amenity': 'cafe', 'name': 'riad bladi رياض بلادي', 'name:ar': 'رياض بلادي', 'name:fr': 'riad bladi', 'source': 'Kaart Ground Survey 2018'}"
OpenStreetMap,node,5427302023,osm_node_5427302023,bella festa,,,Morocco,Casablanca,,,,33.5412067,-7.6768273,,,,,[],[],,,,,,,,,,,,,2026-07-14T15:14:39.514810,"{'amenity': 'cafe', 'name': 'bella festa', 'name:fr': 'bella festa'}"
OpenStreetMap,node,5429240281,osm_node_5429240281,Café ambar,,,Morocco,Casablanca,,,,33.5432244,-7.6797457,,,,,[],[],,,,,,,,,,,,,2026-07-14T15:14:39.514852,"{'amenity': 'cafe', 'name': 'Café ambar'}"
OpenStreetMap,node,5467116462,osm_node_5467116462,,,,Morocco,Casablanca,,,,33.5586653,-7.6937245,,,,,[],[],,,,,,,,,,,,,2026-07-14T15:14:39.514889,{'amenity': 'cafe'}
OpenStreetMap,node,5467116464,osm_node_5467116464,,,,Morocco,Casablanca,,,,33.5602465,-7.6909179,,,,,[],[],,,,,,,,,,,,,2026-07-14T15:14:39.514926,{'amenity': 'cafe'}
OpenStreetMap,node,5467116465,osm_node_5467116465,,,,Morocco,Casablanca,,,,33.5600168,-7.6909908,,,,,[],[],,,,,,,,,,,,,2026-07-14T15:14:39.514971,{'amenity': 'cafe'}
OpenStreetMap,node,5467116470,osm_node_5467116470,,,,Morocco,Casablanca,,,,33.5615795,-7.6922167,,,,,[],[],,,,,,,,,,,,,2026-07-14T15:14:39.515006,{'amenity': 'restaurant'}
OpenStreetMap,node,5467116471,osm_node_5467116471,café rabii,,,Morocco,Casablanca,,,,33.5595686,-7.6903551,,,,,[],[],,,,,,,,,,,,,2026-07-14T15:14:39.515053,"{'amenity': 'cafe', 'name': 'café rabii'}"
OpenStreetMap,node,5493739822,osm_node_5493739822,Osteria,,,Morocco,Casablanca,,,,33.6128314,-7.530422,,,,,"['italian', 'french']",[],,,,,,,,,,,,,2026-07-14T15:14:39.515111,"{'amenity': 'restaurant', 'cuisine': 'italian;french', 'name': 'Osteria'}"
OpenStreetMap,node,5548276072,osm_node_5548276072,,,,Morocco,Casablanca,,Boulevard D'El Hank,,33.6038507,-7.6340267,,,,,"['moroccan', 'italian']",[],,,,,,,,,,,,,2026-07-14T15:14:39.515254,"{'addr:street': ""Boulevard D'El Hank"", 'amenity': 'restaurant', 'cuisine': 'moroccan;italian', 'name:en': 'Chez Reda'}"
OpenStreetMap,node,5548276527,osm_node_5548276527,,,,Morocco,Casablanca,,Boulevard D'El Hank,,33.6037476,-7.6342259,,,,,['turkish'],[],,,,,,,,,,,,,2026-07-14T15:14:39.515319,"{'addr:street': ""Boulevard D'El Hank"", 'amenity': 'restaurant', 'cuisine': 'turkish', 'name:en': 'Orient'}"
OpenStreetMap,node,5561911027,osm_node_5561911027,KFC,KFC,,Morocco,Casablanca,,,,33.5928524,-7.6318233,,,,,['chicken'],['Takeaway'],,,,,,,,,,,,,2026-07-14T15:14:39.515397,"{'alt_name': 'PFK;Poulet Frit Kentucky', 'alt_name:fr': 'PFK;Poulet Frit Kentucky', 'amenity': 'fast_food', 'brand': 'KFC', 'brand:ar': 'دجاج كنتاكي', 'brand:fr': 'KFC', 'brand:wikidata': 'Q524757', 'brand:wikipedia': 'fr:Kentucky Fried Chicken', 'cuisine': 'chicken', 'name': 'KFC', 'name:ar': 'دجاج كنتاكي', 'name:fr': 'KFC', 'takeaway': 'yes'}"
OpenStreetMap,node,5576311440,osm_node_5576311440,La Sala,,,Morocco,Casablanca,,Rue Aït Ba Amrane,,33.593796,-7.6009733,,,,,[],[],,,,,,,,,,,,,2026-07-14T15:14:39.515434,"{'addr:street': 'Rue Aït Ba Amrane', 'amenity': 'restaurant', 'name': 'La Sala', 'source': 'Kaart Ground Survey 2018'}"
OpenStreetMap,node,5577332921,osm_node_5577332921,,,,Morocco,Casablanca,,,,33.5988308,-7.6193111,,,,,[],[],,,,,,,,,,,,,2026-07-14T15:14:39.515470,"{'amenity': 'cafe', 'name:en': 'Cafe El Houchima'}"
OpenStreetMap,node,5579366273,osm_node_5579366273,City Palace,,,Morocco,Casablanca,,Boulevard Mohamed V,,33.5936446,-7.6022226,,,,,[],[],,,,,,,,,,,,,2026-07-14T15:14:39.515503,"{'addr:street': 'Boulevard Mohamed V', 'amenity': 'restaurant', 'name': 'City Palace', 'source': 'Kaart Ground Survey 2018'}"
OpenStreetMap,node,5579479090,osm_node_5579479090,Adib Food,,,Morocco,Casablanca,,Boulevard de la Résistance,,33.5906473,-7.6035677,,,,,[],[],,,,,,,,,,,,,2026-07-14T15:14:39.515537,"{'addr:street': 'Boulevard de la Résistance', 'amenity': 'restaurant', 'name': 'Adib Food', 'source': 'Kaart Ground Survey 2018'}"
OpenStreetMap,node,5579479112,osm_node_5579479112,Dragon Bleu,,,Morocco,Casablanca,,Rue Pierre Parent,,33.5946578,-7.6043656,,,,,[],[],,,,,,,,,,,,,2026-07-14T15:14:39.515573,"{'addr:street': 'Rue Pierre Parent', 'amenity': 'restaurant', 'name': 'Dragon Bleu', 'source': 'Kaart Ground Survey 2018'}"
OpenStreetMap,node,5579516427,osm_node_5579516427,KFC,KFC,,Morocco,Casablanca,,Avenue 2 Mars,,33.5753667,-7.6156108,,,,,['chicken'],['Takeaway'],,,,,,,,,,,,,2026-07-14T15:14:39.515647,"{'addr:street': 'Avenue 2 Mars', 'alt_name': 'PFK;Poulet Frit Kentucky', 'alt_name:fr': 'PFK;Poulet Frit Kentucky', 'amenity': 'fast_food', 'brand': 'KFC', 'brand:ar': 'دجاج كنتاكي', 'brand:fr': 'KFC', 'brand:wikidata': 'Q524757', 'brand:wikipedia': 'fr:Kentucky Fried Chicken', 'cuisine': 'chicken', 'name': 'KFC', 'name:ar': 'دجاج كنتاكي', 'name:fr': 'KFC', 'takeaway': 'yes'}"
OpenStreetMap,node,5579516436,osm_node_5579516436,Café,,,Morocco,Casablanca,,Avenue 2 Mars,,33.5771471,-7.615869,,,,,[],[],,,,,,,,,,,,,2026-07-14T15:14:39.515705,"{'addr:street': 'Avenue 2 Mars', 'amenity': 'cafe', 'fixme': 'complete name', 'name': 'Café', 'source': 'Kaart Ground Survey 2018'}"
OpenStreetMap,node,5579551208,osm_node_5579551208,Café Restaurant Tarfaya,,,Morocco,Casablanca,,Boulevard Bahmad,,33.5894727,-7.5921448,,,,,[],[],,,,,,,,,,,,,2026-07-14T15:14:39.515754,"{'addr:street': 'Boulevard Bahmad', 'amenity': 'restaurant', 'name': 'Café Restaurant Tarfaya', 'source': 'Kaart Ground Survey 2018'}"
OpenStreetMap,node,5579637513,osm_node_5579637513,Cafe 2 Mars,,,Morocco,Casablanca,,Avenue 2 Mars,,33.5661039,-7.6093338,,,,,[],[],,,,,,,,,,,,,2026-07-14T15:14:39.515804,"{'addr:street': 'Avenue 2 Mars', 'amenity': 'cafe', 'name': 'Cafe 2 Mars', 'source': 'Kaart Ground Survey 2018'}"
OpenStreetMap,node,5579637830,osm_node_5579637830,Tacos de Lyon,,,Morocco,Casablanca,,Avenue 2 Mars,,33.5718335,-7.6138768,,,,,[],[],,,,,,,,,,,,,2026-07-14T15:14:39.515839,"{'addr:street': 'Avenue 2 Mars', 'amenity': 'fast_food', 'name': 'Tacos de Lyon', 'source': 'Kaart Ground Survey 2018'}"
OpenStreetMap,node,5581263529,osm_node_5581263529,Cafe Clacier Dubai,,,Morocco,Casablanca,,Boulevard Mohammed VI,,33.578465,-7.6001546,,,,,[],[],,,,,,,,,,,,,2026-07-14T15:14:39.515871,"{'addr:street': 'Boulevard Mohammed VI', 'amenity': 'restaurant', 'name': 'Cafe Clacier Dubai', 'source': 'Kaart Ground Survey 2018'}"
OpenStreetMap,node,5581425912,osm_node_5581425912,ماكدونالدز,ماكدونالدز,,Morocco,Casablanca,,Avenue 2 Mars,,33.5759477,-7.6153091,,,,,['burger'],['Takeaway'],,,,,,,,,,,,,2026-07-14T15:14:39.515916,"{'addr:street': 'Avenue 2 Mars', 'amenity': 'fast_food', 'brand': 'ماكدونالدز', 'brand:ar': 'ماكدونالدز', 'brand:en': ""McDonald's"", 'brand:wikidata': 'Q38076', 'cuisine': 'burger', 'name': 'ماكدونالدز', 'name:ar': 'ماكدونالدز', 'name:en': ""McDonald's"", 'source': 'Kaart Ground Survey 2018', 'takeaway': 'yes'}"
OpenStreetMap,node,5581426027,osm_node_5581426027,Tacos Avenue,,,Morocco,Casablanca,,Avenue 2 Mars,,33.5713977,-7.6131754,,,,,[],[],,,,,,,,,,,,,2026-07-14T15:14:39.515947,"{'addr:street': 'Avenue 2 Mars', 'amenity': 'restaurant', 'name': 'Tacos Avenue', 'source': 'Kaart Ground Survey 2018'}"
OpenStreetMap,node,5581426028,osm_node_5581426028,Mondial,,,Morocco,Casablanca,,Avenue 2 Mars,,33.5711485,-7.6130091,,,,,[],[],,,,,,,,,,,,,2026-07-14T15:14:39.515977,"{'addr:street': 'Avenue 2 Mars', 'amenity': 'cafe', 'name': 'Mondial', 'source': 'Kaart Ground Survey 2018'}"
OpenStreetMap,node,5581426029,osm_node_5581426029,Zén,,,Morocco,Casablanca,,Avenue 2 Mars,,33.5703496,-7.6124807,,,,,[],[],,,,,,,,,,,,,2026-07-14T15:14:39.516007,"{'addr:street': 'Avenue 2 Mars', 'amenity': 'restaurant', 'name': 'Zén', 'source': 'Kaart Ground Survey 2018'}"
OpenStreetMap,node,5581612578,osm_node_5581612578,Boudad,,,Morocco,Casablanca,,Rue Magellan,,33.5908082,-7.6049423,,,,,[],[],,,,,,,,,,,,,2026-07-14T15:14:39.516036,"{'addr:street': 'Rue Magellan', 'amenity': 'cafe', 'name': 'Boudad', 'source': 'Kaart Ground Survey 2018'}"
OpenStreetMap,node,5582923387,osm_node_5582923387,Le 5 Palmiers,,,Morocco,Casablanca,,Boulevard Tah,,33.5322685,-7.5849699,,,,,[],[],,,,,,,,,,,,,2026-07-14T15:14:39.516067,"{'addr:street': 'Boulevard Tah', 'amenity': 'cafe', 'name': 'Le 5 Palmiers', 'source': 'Kaart Ground Survey 2018'}"
OpenStreetMap,node,5582923394,osm_node_5582923394,Zounhours,,,Morocco,Casablanca,,Boulevard Tah,,33.5312563,-7.5880645,,,,,[],[],,,,,,,,,,,,,2026-07-14T15:14:39.516097,"{'addr:street': 'Boulevard Tah', 'amenity': 'cafe', 'name': 'Zounhours', 'source': 'Kaart Ground Survey 2018'}"
OpenStreetMap,node,5582923417,osm_node_5582923417,Clip Cafe,,,Morocco,Casablanca,,Avenue 2 Mars,,33.5397459,-7.5998991,,,,,[],[],,,,,,,,,,,,,2026-07-14T15:14:39.516131,"{'addr:street': 'Avenue 2 Mars', 'amenity': 'cafe', 'name': 'Clip Cafe', 'source': 'Kaart Ground Survey 2018'}"
OpenStreetMap,node,5583467931,osm_node_5583467931,Café La Source,,,Morocco,Casablanca,,Avenue 2 Mars,,33.5478561,-7.6020569,,,,,[],[],,,,,,,,,,,,,2026-07-14T15:14:39.516162,"{'addr:street': 'Avenue 2 Mars', 'amenity': 'cafe', 'name': 'Café La Source', 'source': 'Kaart Ground Survey 2018'}"
OpenStreetMap,node,5583467944,osm_node_5583467944,Café Syntia,,,Morocco,Casablanca,,Avenue 2 Mars,,33.5461983,-7.6020982,,,,,[],[],,,,,,,,,,,,,2026-07-14T15:14:39.516192,"{'addr:street': 'Avenue 2 Mars', 'amenity': 'cafe', 'name': 'Café Syntia', 'source': 'Kaart Ground Survey 2018'}"
OpenStreetMap,node,5583467945,osm_node_5583467945,El Baouraoui Café,,,Morocco,Casablanca,,Avenue 2 Mars,,33.5462575,-7.6021096,,,,,[],[],,,,,,,,,,,,,2026-07-14T15:14:39.516223,"{'addr:street': 'Avenue 2 Mars', 'amenity': 'cafe', 'name': 'El Baouraoui Café', 'source': 'Kaart Ground Survey 2018'}"
OpenStreetMap,node,5583467962,osm_node_5583467962,Palais Amira,,,Morocco,Casablanca,,Avenue 2 Mars,,33.5355652,-7.5957638,,,,,[],[],,,,,,,,,,,,,2026-07-14T15:14:39.516253,"{'addr:street': 'Avenue 2 Mars', 'amenity': 'cafe', 'name': 'Palais Amira', 'source': 'Kaart Ground Survey 2018'}"
OpenStreetMap,node,5583468018,osm_node_5583468018,Ixia,,,Morocco,Casablanca,,Rue 13,,33.539469,-7.5791851,,,,,[],[],,,,,,,,,,,,,2026-07-14T15:14:39.516282,"{'addr:street': 'Rue 13', 'amenity': 'cafe', 'name': 'Ixia', 'source': 'Kaart Ground Survey 2018'}"
OpenStreetMap,node,5583468023,osm_node_5583468023,Crèmerie Achkid,,,Morocco,Casablanca,,Boulevard d'Amgala,,33.5406446,-7.5801185,,,,,[],[],,,,,,,,,,,,,2026-07-14T15:14:39.516312,"{'addr:street': ""Boulevard d'Amgala"", 'amenity': 'restaurant', 'name': 'Crèmerie Achkid', 'source': 'Kaart Ground Survey 2018'}"
OpenStreetMap,node,5587128825,osm_node_5587128825,Kamar lebnan,,,Morocco,Casablanca,,Rue Théophile Gauthier,,33.5881278,-7.6310701,,,,,[],[],,,,,,,,,,,,,2026-07-14T15:14:39.516346,"{'addr:housenumber': '2', 'addr:street': 'Rue Théophile Gauthier', 'amenity': 'restaurant', 'name': 'Kamar lebnan', 'name:ar': 'قمر لبنان', 'name:fr': 'Kamar lebnan', 'payment:credit_cards': 'yes', 'payment:debit_cards': 'yes'}"
OpenStreetMap,node,5587129130,osm_node_5587129130,,,,Morocco,Casablanca,,Rue Sebou,,33.5891426,-7.6317809,,,,Mo-Su 10:00-21:00,[],[],,,,,,,,,,,,,2026-07-14T15:14:39.516377,"{'addr:housenumber': '31', 'addr:street': 'Rue Sebou', 'amenity': 'cafe', 'name:en': 'Bondi coffee kithcen', 'opening_hours': 'Mo-Su 10:00-21:00'}"
OpenStreetMap,node,5588876000,osm_node_5588876000,Cafe Rosage,,,Morocco,Casablanca,,Rue 194,,33.5423571,-7.5856224,,,,,[],[],,,,,,,,,,,,,2026-07-14T15:14:39.516407,"{'addr:street': 'Rue 194', 'amenity': 'cafe', 'name': 'Cafe Rosage', 'source': 'Kaart Ground Survey 2018'}"
OpenStreetMap,node,5589013053,osm_node_5589013053,Skybury Café,,,Morocco,Casablanca,,Boulevard d'Amgala,,33.5375745,-7.5853535,,,,,[],[],,,,,,,,,,,,,2026-07-14T15:14:39.516438,"{'addr:street': ""Boulevard d'Amgala"", 'amenity': 'cafe', 'name': 'Skybury Café', 'source': 'Kaart Ground Survey 2018'}"
OpenStreetMap,node,5589013069,osm_node_5589013069,Espace La Parisien,,,Morocco,Casablanca,,Boulevard d'Amgala,,33.5369536,-7.5863788,,,,,[],[],,,,,,,,,,,,,2026-07-14T15:14:39.516469,"{'addr:street': ""Boulevard d'Amgala"", 'amenity': 'cafe', 'name': 'Espace La Parisien', 'source': 'Kaart Ground Survey 2018'}"
OpenStreetMap,node,5589013070,osm_node_5589013070,Cafe El Osra,,,Morocco,Casablanca,,Boulevard d'Amgala,,33.5367993,-7.5866456,,,,,[],[],,,,,,,,,,,,,2026-07-14T15:14:39.516502,"{'addr:street': ""Boulevard d'Amgala"", 'amenity': 'cafe', 'name': 'Cafe El Osra', 'source': 'Kaart Ground Survey 2018'}"
OpenStreetMap,node,5589013071,osm_node_5589013071,Espace Al Mouatine,,,Morocco,Casablanca,,Boulevard de Smara,,33.5353707,-7.5861213,,,,,[],[],,,,,,,,,,,,,2026-07-14T15:14:39.516534,"{'addr:street': 'Boulevard de Smara', 'amenity': 'cafe', 'name': 'Espace Al Mouatine', 'source': 'Kaart Ground Survey 2018'}"
OpenStreetMap,node,5589013076,osm_node_5589013076,Espace Palma,,,Morocco,Casablanca,,Boulevard de Smara,,33.5344037,-7.585955,,,,,[],[],,,,,,,,,,,,,2026-07-14T15:14:39.516564,"{'addr:street': 'Boulevard de Smara', 'amenity': 'cafe', 'name': 'Espace Palma', 'source': 'Kaart Ground Survey 2018'}"
OpenStreetMap,node,5589013094,osm_node_5589013094,Cafe Di Latorre,,,Morocco,Casablanca,,Boulevard d'Amgala,,33.5377182,-7.5857055,,,,,[],[],,,,,,,,,,,,,2026-07-14T15:14:39.516599,"{'addr:street': ""Boulevard d'Amgala"", 'amenity': 'cafe', 'name': 'Cafe Di Latorre', 'source': 'Kaart Ground Survey 2018'}"
OpenStreetMap,node,5589013095,osm_node_5589013095,Adana d'or,,,Morocco,Casablanca,,Boulevard d'Amgala,,33.5381005,-7.5850551,,,,,[],[],,,,,,,,,,,,,2026-07-14T15:14:39.516633,"{'addr:street': ""Boulevard d'Amgala"", 'amenity': 'cafe', 'name': ""Adana d'or"", 'source': 'Kaart Ground Survey 2018'}"
OpenStreetMap,node,5589013100,osm_node_5589013100,Al Turkia,,,Morocco,Casablanca,,Boulevard d'Amgala,,33.5388293,-7.5838058,,,,,[],[],,,,,,,,,,,,,2026-07-14T15:14:39.516663,"{'addr:street': ""Boulevard d'Amgala"", 'amenity': 'cafe', 'name': 'Al Turkia', 'source': 'Kaart Ground Survey 2018'}"
OpenStreetMap,node,5589310379,osm_node_5589310379,Espace Laghlimi,,,Morocco,Casablanca,,,,33.5409129,-7.5927289,,,,,[],[],,,,,,,,,,,,,2026-07-14T15:14:39.516691,"{'amenity': 'cafe', 'fixme': 'add street name', 'name': 'Espace Laghlimi', 'source': 'Kaart Ground Survey 2018'}"
OpenStreetMap,node,5589310384,osm_node_5589310384,Flamengo,,,Morocco,Casablanca,,,,33.5408045,-7.5931285,,,,,[],[],,,,,,,,,,,,,2026-07-14T15:14:39.516716,"{'amenity': 'fast_food', 'fixme': 'add street name', 'name': 'Flamengo', 'source': 'Kaart Ground Survey 2018'}"
OpenStreetMap,node,5589310410,osm_node_5589310410,Espace El Gharbia,,,Morocco,Casablanca,,Boulevard d'Amgala,,33.5373169,-7.5864244,,,,,[],[],,,,,,,,,,,,,2026-07-14T15:14:39.516747,"{'addr:street': ""Boulevard d'Amgala"", 'amenity': 'cafe', 'name': 'Espace El Gharbia', 'source': 'Kaart Ground Survey 2018'}"
OpenStreetMap,node,5589310827,osm_node_5589310827,Cafe Al Amal,,,Morocco,Casablanca,,Boulevard Tah,,33.5324429,-7.5846836,,,,,[],[],,,,,,,,,,,,,2026-07-14T15:14:39.516777,"{'addr:street': 'Boulevard Tah', 'amenity': 'cafe', 'name': 'Cafe Al Amal', 'source': 'Kaart Ground Survey 2018'}"
OpenStreetMap,node,5589599883,osm_node_5589599883,Salon de Thé,,,Morocco,Casablanca,,Boulevard Abdellah Senhaji,,33.5650026,-7.5882496,,,,,[],[],,,,,,,,,,,,,2026-07-14T15:14:39.516817,"{'addr:street': 'Boulevard Abdellah Senhaji', 'amenity': 'restaurant', 'name': 'Salon de Thé', 'source': 'Kaart Ground Survey 2018'}"
OpenStreetMap,node,5589601434,osm_node_5589601434,Café Imdioune,,,Morocco,Casablanca,,Boulevard Bouchaib Doukkali,,33.5691305,-7.5839634,,,,,[],[],,,,,,,,,,,,,2026-07-14T15:14:39.517016,"{'addr:street': 'Boulevard Bouchaib Doukkali', 'amenity': 'restaurant', 'name': 'Café Imdioune', 'source': 'Kaart Ground Survey 2018'}"
OpenStreetMap,node,5589601461,osm_node_5589601461,Linati,,,Morocco,Casablanca,,Boulevard du Golan,,33.5716212,-7.5806791,,,,,[],[],,,,,,,,,,,,,2026-07-14T15:14:39.517091,"{'addr:street': 'Boulevard du Golan', 'amenity': 'restaurant', 'name': 'Linati', 'source': 'Kaart Ground Survey 2018'}"
OpenStreetMap,node,5590929519,osm_node_5590929519,Argana,,,Morocco,Casablanca,,Rue 60,,33.5647444,-7.5915889,,,,,[],[],,,,,,,,,,,,,2026-07-14T15:14:39.517139,"{'addr:street': 'Rue 60', 'amenity': 'cafe', 'name': 'Argana', 'source': 'Kaart Ground Survey 2018'}"
OpenStreetMap,node,5591121934,osm_node_5591121934,Espace Al Fath,,,Morocco,Casablanca,,Rue 8,,33.5698484,-7.5946172,,,,,[],[],,,,,,,,,,,,,2026-07-14T15:14:39.517278,"{'addr:street': 'Rue 8', 'amenity': 'restaurant', 'name': 'Espace Al Fath', 'source': 'Kaart Ground Survey 2018'}"
OpenStreetMap,node,5591121963,osm_node_5591121963,La Qualité,,,Morocco,Casablanca,,Rue 42,,33.5655066,-7.5923198,,,,,[],[],,,,,,,,,,,,,2026-07-14T15:14:39.517354,"{'addr:street': 'Rue 42', 'amenity': 'cafe', 'name': 'La Qualité', 'source': 'Kaart Ground Survey 2018'}"
OpenStreetMap,node,5591121965,osm_node_5591121965,Argana,,,Morocco,Casablanca,,Rue 55,,33.5651087,-7.5919417,,,,,[],[],,,,,,,,,,,,,2026-07-14T15:14:39.517389,"{'addr:street': 'Rue 55', 'amenity': 'cafe', 'name': 'Argana', 'source': 'Kaart Ground Survey 2018'}"
OpenStreetMap,node,5593488469,osm_node_5593488469,Golden Space,,,Morocco,Casablanca,,Boulevard de la Gironde,,33.5832101,-7.5988175,,,,,[],[],,,,,,,,,,,,,2026-07-14T15:14:39.517422,"{'addr:street': 'Boulevard de la Gironde', 'amenity': 'cafe', 'name': 'Golden Space', 'source': 'Kaart Ground Survey 2018'}"
OpenStreetMap,node,5593488474,osm_node_5593488474,Cafe du Pont,,,Morocco,Casablanca,,Boulevard de la Gironde,,33.5826297,-7.5984453,,,,,[],[],,,,,,,,,,,,,2026-07-14T15:14:39.517454,"{'addr:street': 'Boulevard de la Gironde', 'amenity': 'cafe', 'name': 'Cafe du Pont', 'source': 'Kaart Ground Survey 2018'}"
OpenStreetMap,node,5593488795,osm_node_5593488795,Café Sbaï,,,Morocco,Casablanca,,Boulevard Abdellah Senhaji,,33.5667425,-7.5894016,,,,,[],[],,,,,,,,,,,,,2026-07-14T15:14:39.517491,"{'addr:street': 'Boulevard Abdellah Senhaji', 'amenity': 'cafe', 'name': 'Café Sbaï', 'source': 'Kaart Ground Survey 2018'}"
OpenStreetMap,node,5595534180,osm_node_5595534180,Café Aswan,,,Morocco,Casablanca,,Boulevard du Golan شارع الجولان,,33.5500951,-7.5677656,,,,,[],[],,,,,,,,,,,,,2026-07-14T15:14:39.517530,"{'addr:street': 'Boulevard du Golan شارع الجولان', 'amenity': 'restaurant', 'name': 'Café Aswan', 'source': 'Kaart Ground Survey 2018'}"
OpenStreetMap,node,5595616130,osm_node_5595616130,Cafe Zodiaque,,,Morocco,Casablanca,,Avenue d'Oued Eddahab,,33.5418954,-7.5712685,,,,,[],[],,,,,,,,,,,,,2026-07-14T15:14:39.517561,"{'addr:street': ""Avenue d'Oued Eddahab"", 'amenity': 'cafe', 'name': 'Cafe Zodiaque', 'source': 'Kaart Ground Survey 2018'}"
OpenStreetMap,node,5595616134,osm_node_5595616134,Rainbow Cafe,,,Morocco,Casablanca,,Avenue d'Oued Eddahab,,33.5401886,-7.5741479,,,,,[],[],,,,,,,,,,,,,2026-07-14T15:14:39.517592,"{'addr:street': ""Avenue d'Oued Eddahab"", 'amenity': 'restaurant', 'name': 'Rainbow Cafe', 'source': 'Kaart Ground Survey 2018'}"
OpenStreetMap,node,5595616189,osm_node_5595616189,Espace Changuai,,,Morocco,Casablanca,,Avenue Mekdad Lahrizi,,33.5372811,-7.5734632,,,,,[],[],,,,,,,,,,,,,2026-07-14T15:14:39.517622,"{'addr:street': 'Avenue Mekdad Lahrizi', 'amenity': 'restaurant', 'name': 'Espace Changuai', 'source': 'Kaart Ground Survey 2018'}"
OpenStreetMap,node,5595616202,osm_node_5595616202,Ramada,,,Morocco,Casablanca,,Rue 188,,33.539538,-7.573873,,,,,[],[],,,,,,,,,,,,,2026-07-14T15:14:39.517651,"{'addr:street': 'Rue 188', 'amenity': 'restaurant', 'name': 'Ramada', 'source': 'Kaart Ground Survey 2018'}"
OpenStreetMap,node,5603003313,osm_node_5603003313,Cafe La Liga,,,Morocco,Casablanca,,Avenue de Dakhla,,33.5468661,-7.57153,,,,,[],[],,,,,,,,,,,,,2026-07-14T15:14:39.517690,"{'addr:street': 'Avenue de Dakhla', 'amenity': 'cafe', 'name': 'Cafe La Liga', 'source': 'Kaart Ground Survey 2018'}"
OpenStreetMap,node,5603003314,osm_node_5603003314,Nescafe,,,Morocco,Casablanca,,Avenue de Dakhla,,33.5468069,-7.5716347,,,,,[],[],,,,,,,,,,,,,2026-07-14T15:14:39.517720,"{'addr:street': 'Avenue de Dakhla', 'amenity': 'cafe', 'name': 'Nescafe', 'source': 'Kaart Ground Survey 2018'}"
OpenStreetMap,node,5603300492,osm_node_5603300492,Golden Cup,,,Morocco,Casablanca,,Rue 145,,33.5430099,-7.5732386,,,,,[],[],,,,,,,,,,,,,2026-07-14T15:14:39.517750,"{'addr:street': 'Rue 145', 'amenity': 'cafe', 'name': 'Golden Cup', 'source': 'Kaart Ground Survey 2018'}"
OpenStreetMap,node,5605662906,osm_node_5605662906,Café Anas,,,Morocco,Casablanca,,Avenue du 6 Novembre 1975,,33.5466593,-7.5770688,,,,,[],[],,,,,,,,,,,,,2026-07-14T15:14:39.517783,"{'addr:street': 'Avenue du 6 Novembre 1975', 'amenity': 'cafe', 'name': 'Café Anas', 'source': 'Kaart Ground Survey 2018'}"
OpenStreetMap,node,5607695572,osm_node_5607695572,Verona Cafe,,,Morocco,Casablanca,,Avenue 6 Novembre 1975,,33.5522891,-7.5823005,,,,,[],[],,,,,,,,,,,,,2026-07-14T15:14:39.517815,"{'addr:street': 'Avenue 6 Novembre 1975', 'amenity': 'cafe', 'name': 'Verona Cafe', 'source': 'Kaart Ground Survey 2018'}"
OpenStreetMap,node,5608045977,osm_node_5608045977,Café Agadir,,,Morocco,Casablanca,,Avenue du Commandant Driss Harti,,33.5488254,-7.572265,,,,,[],[],,,,,,,,,,,,,2026-07-14T15:14:39.517847,"{'addr:street': 'Avenue du Commandant Driss Harti', 'amenity': 'restaurant', 'name': 'Café Agadir', 'source': 'Kaart Ground Survey 2018'}"
OpenStreetMap,node,5608200153,osm_node_5608200153,Cafe Rania,,,Morocco,Casablanca,,Avenue Lahraouine,,33.550901,-7.57429,,,,,[],[],,,,,,,,,,,,,2026-07-14T15:14:39.517880,"{'addr:street': 'Avenue Lahraouine', 'amenity': 'cafe', 'name': 'Cafe Rania', 'source': 'Kaart Ground Survey 2018'}"
OpenStreetMap,node,5610101865,osm_node_5610101865,La Revanche,,,Morocco,Casablanca,,Rue de Dax,,33.5995316,-7.5874275,,,,,[],[],,,,,,,,,,,,,2026-07-14T15:14:39.517912,"{'addr:street': 'Rue de Dax', 'amenity': 'restaurant', 'name': 'La Revanche', 'source': 'Kaart Ground Survey 2018'}"
OpenStreetMap,node,5610131614,osm_node_5610131614,Moody's,,,Morocco,Casablanca,,Boulevard Moulay Ismail,,33.598514,-7.5804283,,,,,[],[],,,,,,,,,,,,,2026-07-14T15:14:39.517947,"{'addr:street': 'Boulevard Moulay Ismail', 'amenity': 'cafe', 'name': ""Moody's"", 'source': 'Kaart Ground Survey 2018'}"
OpenStreetMap,node,5610371351,osm_node_5610371351,Canova,,,Morocco,Casablanca,,Rue Saint Saëns,,33.595432,-7.5874154,,,,,[],[],,,,,,,,,,,,,2026-07-14T15:14:39.517980,"{'addr:street': 'Rue Saint Saëns', 'amenity': 'cafe', 'name': 'Canova', 'source': 'Kaart Ground Survey 2018'}"
OpenStreetMap,node,5610371352,osm_node_5610371352,Chami Bacha,,,Morocco,Casablanca,,Rue Sijlmassa,,33.5914595,-7.5915232,,,,,[],[],,,,,,,,,,,,,2026-07-14T15:14:39.518011,"{'addr:street': 'Rue Sijlmassa', 'amenity': 'restaurant', 'name': 'Chami Bacha', 'source': 'Kaart Ground Survey 2018'}"
OpenStreetMap,node,5611821639,osm_node_5611821639,Friend's Space,,,Morocco,Casablanca,,Boulevard Emile Zola,,33.5963614,-7.592572,,,,,[],[],,,,,,,,,,,,,2026-07-14T15:14:39.518043,"{'addr:street': 'Boulevard Emile Zola', 'amenity': 'restaurant', 'name': ""Friend's Space"", 'source': 'Kaart Ground Survey 2018'}"
OpenStreetMap,node,5612459287,osm_node_5612459287,Wisley Gardens,,,Morocco,Casablanca,,Rue Vimy,,33.5962274,-7.5905161,,,,,[],[],,,,,,,,,,,,,2026-07-14T15:14:39.518078,"{'addr:street': 'Rue Vimy', 'amenity': 'restaurant', 'name': 'Wisley Gardens', 'source': 'Kaart Ground Survey 2018'}"
OpenStreetMap,node,5618306059,osm_node_5618306059,Espace Yasmine,,,Morocco,Casablanca,,Boulevard Mohamed Al Bakkali,,33.5937954,-7.5178684,,,,,[],[],,,,,,,,,,,,,2026-07-14T15:14:39.518110,"{'addr:street': 'Boulevard Mohamed Al Bakkali', 'amenity': 'restaurant', 'name': 'Espace Yasmine', 'source': 'Kaart Ground Survey 2018'}"
OpenStreetMap,node,5618466580,osm_node_5618466580,Cafe Glacier,,,Morocco,Casablanca,,Route Al Jamiaa,,33.567276,-7.6445413,,,,,[],[],,,,,,,,,,,,,2026-07-14T15:14:39.518140,"{'addr:street': 'Route Al Jamiaa', 'amenity': 'cafe', 'name': 'Cafe Glacier', 'source': 'Kaart Ground Survey 2018'}"
OpenStreetMap,node,5618469867,osm_node_5618469867,Cafe Barcelona,,,Morocco,Casablanca,,Boulevard de la Grande Ceinture,,33.5831677,-7.5543948,,,,,[],[],,,,,,,,,,,,,2026-07-14T15:14:39.518172,"{'addr:street': 'Boulevard de la Grande Ceinture', 'amenity': 'cafe', 'name': 'Cafe Barcelona', 'source': 'Kaart Ground Survey 2018'}"
OpenStreetMap,node,5620066619,osm_node_5620066619,Porta Biella,,,Morocco,Casablanca,,Boulevard Mohamed Zefzaf,,33.5795879,-7.5127602,,,,,[],[],,,,,,,,,,,,,2026-07-14T15:14:39.518203,"{'addr:street': 'Boulevard Mohamed Zefzaf', 'amenity': 'restaurant', 'name': 'Porta Biella', 'source': 'Kaart Ground Survey 2018'}"
OpenStreetMap,node,5620066620,osm_node_5620066620,Bice Coffee,,,Morocco,Casablanca,,Boulevard Mohamed Zefzaf,,33.5786259,-7.5140946,,,,,[],[],,,,,,,,,,,,,2026-07-14T15:14:39.518233,"{'addr:street': 'Boulevard Mohamed Zefzaf', 'amenity': 'cafe', 'name': 'Bice Coffee', 'source': 'Kaart Ground Survey 2018'}"
OpenStreetMap,node,5622585463,osm_node_5622585463,Café Napoli,,,Morocco,Casablanca,,Boulevard du Nil,,33.5620155,-7.5628182,,,,,[],[],,,,,,,,,,,,,2026-07-14T15:14:39.518264,"{'addr:street': 'Boulevard du Nil', 'amenity': 'cafe', 'name': 'Café Napoli', 'source': 'Kaart Ground Survey 2018'}"
OpenStreetMap,node,5622911048,osm_node_5622911048,The Coffee Break,,,Morocco,Casablanca,,Boulevard Ahmed Mekouar,,33.6144205,-7.5353886,,,,,[],[],,,,,,,,,,,,,2026-07-14T15:14:39.518295,"{'addr:street': 'Boulevard Ahmed Mekouar', 'amenity': 'cafe', 'name': 'The Coffee Break', 'source': 'Kaart Ground Survey 2018'}"
OpenStreetMap,node,5623096368,osm_node_5623096368,Siciliano Cafe,,,Morocco,Casablanca,,,,33.6129663,-7.5457084,,,,,[],[],,,,,,,,,,,,,2026-07-14T15:14:39.518322,"{'amenity': 'cafe', 'name': 'Siciliano Cafe', 'source': 'Kaart Ground Survey 2018'}"
OpenStreetMap,node,5625575274,osm_node_5625575274,Cafe L'Albatros,,,Morocco,Casablanca,,Rue Hadj Omar Riffi,,33.5851173,-7.6131231,,,,,[],[],,,,,,,,,,,,,2026-07-14T15:14:39.518354,"{'addr:street': 'Rue Hadj Omar Riffi', 'amenity': 'cafe', 'name': ""Cafe L'Albatros"", 'source': 'Kaart Ground Survey 2018'}"
OpenStreetMap,node,5627298930,osm_node_5627298930,Café Aloha,,,Morocco,Casablanca,,Rue Zerhoune,,33.5848954,-7.6147637,,,,,[],[],,,,,,,,,,,,,2026-07-14T15:14:39.518386,"{'addr:street': 'Rue Zerhoune', 'amenity': 'cafe', 'name': 'Café Aloha', 'name:fr': 'Café Aloha', 'source': 'Kaart Ground Survey 2018'}"
OpenStreetMap,node,5627299125,osm_node_5627299125,Pizzeria Coin Four,,,Morocco,Casablanca,,Rue Ichbilia,,33.5865805,-7.6126799,,,,,[],[],,,,,,,,,,,,,2026-07-14T15:14:39.518416,"{'addr:street': 'Rue Ichbilia', 'amenity': 'fast_food', 'name': 'Pizzeria Coin Four', 'source': 'Kaart Ground Survey 2018'}"
OpenStreetMap,node,5627564259,osm_node_5627564259,Café Lucca El Ghazali,,,Morocco,Casablanca,,Rue 58,,33.5677929,-7.5606577,,,,,[],[],,,,,,,,,,,,,2026-07-14T15:14:39.518454,"{'addr:street': 'Rue 58', 'amenity': 'cafe', 'name': 'Café Lucca El Ghazali', 'source': 'Kaart Ground Survey 2018'}"
OpenStreetMap,node,5632885416,osm_node_5632885416,Café La Canyada,,,Morocco,Casablanca,,,,33.5743744,-7.5580466,,,,,[],[],,,,,,,,,,,,,2026-07-14T15:14:39.518482,"{'amenity': 'cafe', 'name': 'Café La Canyada', 'source': 'Kaart Ground Survey 2018'}"
OpenStreetMap,node,5632885417,osm_node_5632885417,Mister Tacos,,,Morocco,Casablanca,,,,33.5732368,-7.5600154,,,,,[],[],,,,,,,,,,,,,2026-07-14T15:14:39.518508,"{'amenity': 'restaurant', 'name': 'Mister Tacos', 'source': 'Kaart Ground Survey 2018'}"
OpenStreetMap,node,5632888433,osm_node_5632888433,Café Oum Erabia,,,Morocco,Casablanca,,,,33.5698423,-7.5575115,,,,,['moroccan'],[],,,,,,,,wlan,,,,,2026-07-14T15:14:39.518549,"{'amenity': 'cafe', 'cuisine': 'moroccan', 'internet_access': 'wlan', 'name': 'Café Oum Erabia', 'name:ar': 'مقهى ام الربيع', 'source': 'Kaart Ground Survey 2018'}"
OpenStreetMap,node,5633081279,osm_node_5633081279,Café Canarias,,,Morocco,Casablanca,,,,33.5629184,-7.539475,,,,,[],[],,,,,,,,,,,,,2026-07-14T15:14:39.518589,"{'amenity': 'cafe', 'name': 'Café Canarias', 'source': 'Kaart Ground Survey 2018'}"
OpenStreetMap,node,5633081283,osm_node_5633081283,Café Du Capitan,,,Morocco,Casablanca,,,,33.5617942,-7.5413981,,,,,[],[],,,,,,,,,,,,,2026-07-14T15:14:39.518616,"{'amenity': 'cafe', 'name': 'Café Du Capitan', 'source': 'Kaart Ground Survey 2018'}"
OpenStreetMap,node,5633081292,osm_node_5633081292,Café Rojayne,,,Morocco,Casablanca,,,,33.558598,-7.5465936,,,,,[],[],,,,,,,,,,,,,2026-07-14T15:14:39.518642,"{'amenity': 'cafe', 'name': 'Café Rojayne', 'source': 'Kaart Ground Survey 2018'}"
OpenStreetMap,node,5633523470,osm_node_5633523470,Café Monsieur,,,Morocco,Casablanca,,Boulevard Rahal El Meskini,,33.5877075,-7.6142021,,,,,[],[],,,,,,,,,,,,,2026-07-14T15:14:39.518674,"{'addr:street': 'Boulevard Rahal El Meskini', 'amenity': 'cafe', 'name': 'Café Monsieur', 'source': 'Kaart Ground Survey 2018'}"
OpenStreetMap,node,5633592496,osm_node_5633592496,Café Al Horia,,,Morocco,Casablanca,,Avenue du 10 Mars 1982,,33.5640158,-7.5694406,,,,,[],[],,,,,,,,,,,,,2026-07-14T15:14:39.518706,"{'addr:street': 'Avenue du 10 Mars 1982', 'amenity': 'cafe', 'name': 'Café Al Horia', 'source': 'Kaart Ground Survey 2018'}"
OpenStreetMap,node,5633594729,osm_node_5633594729,Café Chabab,,,Morocco,Casablanca,,Avenue du 10 Mars 1982,,33.5618099,-7.5656694,,,,,[],[],,,,,,,,,,,,,2026-07-14T15:14:39.518744,"{'addr:street': 'Avenue du 10 Mars 1982', 'amenity': 'restaurant', 'name': 'Café Chabab', 'source': 'Kaart Ground Survey 2018'}"
OpenStreetMap,node,5633748066,osm_node_5633748066,Café Rostou,,,Morocco,Casablanca,,Boulevard Abou Horaira,,33.5619356,-7.5719364,,,,,[],[],,,,,,,,,,,,,2026-07-14T15:14:39.518773,"{'addr:street': 'Boulevard Abou Horaira', 'amenity': 'cafe', 'name': 'Café Rostou', 'source': 'Kaart Ground Survey 2018'}"
OpenStreetMap,node,5633938187,osm_node_5633938187,Café Les Alpes,,,Morocco,Casablanca,,Boulevard de la Liberté,,33.5869275,-7.6119141,,,,,[],[],,,,,,,,,,,,,2026-07-14T15:14:39.518806,"{'addr:street': 'Boulevard de la Liberté', 'amenity': 'cafe', 'name': 'Café Les Alpes', 'source': 'Kaart Ground Survey 2018'}"
OpenStreetMap,node,5635916015,osm_node_5635916015,Cafe Le 13,,,Morocco,Casablanca,,Rue 1,,33.5553235,-7.6269016,,,,,[],[],,,,,,,,,,,,,2026-07-14T15:14:39.518836,"{'addr:street': 'Rue 1', 'amenity': 'cafe', 'name': 'Cafe Le 13', 'source': 'Kaart Ground Survey 2018'}"
OpenStreetMap,node,5636025115,osm_node_5636025115,L'Araignee,,,Morocco,Casablanca,,Boulevard Hassan Alaoui,,33.5783371,-7.5884742,,,,,[],[],,,,,,,,,,,,,2026-07-14T15:14:39.518867,"{'addr:street': 'Boulevard Hassan Alaoui', 'amenity': 'restaurant', 'name': ""L'Araignee"", 'source': 'Kaart Ground Survey 2018'}"
OpenStreetMap,node,5636182959,osm_node_5636182959,Pizza Hut,,,Morocco,Casablanca,,Boulevard Taddart,,33.5559918,-7.6280361,,,,,[],[],,,,,,,,,,,,,2026-07-14T15:14:39.518900,"{'addr:street': 'Boulevard Taddart', 'amenity': 'restaurant', 'name': 'Pizza Hut', 'source': 'Kaart Ground Survey 2018'}"
OpenStreetMap,node,5636182968,osm_node_5636182968,Restaurant Sushing,,,Morocco,Casablanca,,Route de Taddart,,33.5552927,-7.6239109,,,,,[],[],,,,,,,,,,,,,2026-07-14T15:14:39.518930,"{'addr:street': 'Route de Taddart', 'amenity': 'restaurant', 'name': 'Restaurant Sushing', 'source': 'Kaart Ground Survey 2018'}"
OpenStreetMap,node,5636182970,osm_node_5636182970,La Goyave,,,Morocco,Casablanca,,Route de Taddart,,33.5543439,-7.6237741,,,,,[],[],,,,,,,,,,,,,2026-07-14T15:14:39.518960,"{'addr:street': 'Route de Taddart', 'amenity': 'cafe', 'name': 'La Goyave', 'source': 'Kaart Ground Survey 2018'}"
OpenStreetMap,node,5636200693,osm_node_5636200693,Café Al Amana,,,Morocco,Casablanca,,Rue Ibnou Bouraid,,33.583915,-7.6283175,,,,,[],[],,,,,,,,,,,,,2026-07-14T15:14:39.518992,"{'addr:street': 'Rue Ibnou Bouraid', 'amenity': 'cafe', 'name': 'Café Al Amana', 'source': 'Kaart Ground Survey 2018'}"
OpenStreetMap,node,5636200705,osm_node_5636200705,Café Club,,,Morocco,Casablanca,,,,33.5828766,-7.6294366,,,,,[],['Outdoor Seating'],,,,,,,,,,,,,2026-07-14T15:14:39.519022,"{'amenity': 'cafe', 'name': 'Café Club', 'outdoor_seating': 'yes', 'source': 'Kaart Ground Survey 2018'}"
OpenStreetMap,node,5636207647,osm_node_5636207647,Cremerie Cadillac,,,Morocco,Casablanca,,Boulevard de Paris,,33.593863,-7.6215278,,,,,[],[],,,,,,,,,,,,,2026-07-14T15:14:39.519057,"{'addr:street': 'Boulevard de Paris', 'amenity': 'restaurant', 'name': 'Cremerie Cadillac', 'source': 'KaartGroundSurvey2018'}"
OpenStreetMap,node,5636207683,osm_node_5636207683,Espace Café,,,Morocco,Casablanca,,Rue Al Woroud,,33.5845274,-7.6211093,,,,,[],[],,,,,,,,,,,,,2026-07-14T15:14:39.519089,"{'addr:street': 'Rue Al Woroud', 'amenity': 'cafe', 'name': 'Espace Café', 'source': 'Kaart Ground Survey 2018'}"
OpenStreetMap,node,5636207684,osm_node_5636207684,Dragon Rouge,,,Morocco,Casablanca,,Rue Mostafa Al Maani,,33.5866702,-7.6195295,,,,,['chinese'],[],,,,,,,,,,,,,2026-07-14T15:14:39.519127,"{'addr:street': 'Rue Mostafa Al Maani', 'amenity': 'restaurant', 'cuisine': 'chinese', 'name': 'Dragon Rouge', 'source': 'Kaart Ground Survey 2018'}"
OpenStreetMap,node,5636207685,osm_node_5636207685,Café Élite,,,Morocco,Casablanca,,Rue Mostafa Al Maani,,33.5867395,-7.6191245,,,,,[],[],,,,,,,,,,,,,2026-07-14T15:14:39.519162,"{'addr:street': 'Rue Mostafa Al Maani', 'amenity': 'cafe', 'name': 'Café Élite', 'name:fr': 'Café Élite', 'source': 'Kaart Ground Survey 2018'}"
OpenStreetMap,node,5636207686,osm_node_5636207686,Glacier Cafeteria Tasman,,,Morocco,Casablanca,,Rue Omarslaoui,,33.5871897,-7.6202121,,,,,[],[],,,,,,,,,,,,,2026-07-14T15:14:39.519193,"{'addr:street': 'Rue Omarslaoui', 'amenity': 'cafe', 'name': 'Glacier Cafeteria Tasman', 'source': 'Kaart Ground Survey 2018'}"
OpenStreetMap,node,5636207687,osm_node_5636207687,Tacos Paco's,,,Morocco,Casablanca,,Rue Omarslaoui,,33.5873919,-7.6200056,,,,,[],[],,,,,,,,,,,,,2026-07-14T15:14:39.519222,"{'addr:street': 'Rue Omarslaoui', 'amenity': 'restaurant', 'name': ""Tacos Paco's"", 'source': 'Kaart Ground Survey 2018'}"
OpenStreetMap,node,5636207689,osm_node_5636207689,ماكدونالدز,ماكدونالدز,,Morocco,Casablanca,,Avenue Mers Sultan,,33.5881192,-7.6175943,,,,,['burger'],['Takeaway'],,,,,,,,,,,,,2026-07-14T15:14:39.519267,"{'addr:street': 'Avenue Mers Sultan', 'amenity': 'fast_food', 'brand': 'ماكدونالدز', 'brand:ar': 'ماكدونالدز', 'brand:en': ""McDonald's"", 'brand:es': ""McDonald's"", 'brand:fr': ""McDonald's"", 'brand:wikidata': 'Q38076', 'brand:wikipedia': ""fr:McDonald's"", 'cuisine': 'burger', 'name': 'ماكدونالدز', 'name:ar': 'ماكدونالدز', 'name:en': ""McDonald's"", 'name:es': ""McDonald's"", 'name:fr': ""McDonald's"", 'takeaway': 'yes'}"
OpenStreetMap,node,5636207695,osm_node_5636207695,Brasserie Soleil,,,Morocco,Casablanca,,Rue Tarrablous,,33.5877405,-7.6189394,,,,,['pizza'],[],,,,,,,,,,,,,2026-07-14T15:14:39.519366,"{'addr:street': 'Rue Tarrablous', 'amenity': 'cafe', 'cuisine': 'pizza', 'name': 'Brasserie Soleil', 'source': 'Kaart Ground Survey 2018'}"
OpenStreetMap,node,5636207699,osm_node_5636207699,Restaurant Anfa,,,Morocco,Casablanca,,Rue Allal Al Fassi,20032,33.587965,-7.6181281,,,,Mo-Su 12:00-02:00,['moroccan'],[],,,,,,,,,,,,,2026-07-14T15:14:39.519407,"{'addr:housenumber': '73', 'addr:postcode': '20032', 'addr:street': 'Rue Allal Al Fassi', 'amenity': 'restaurant', 'cuisine': 'moroccan', 'name': 'Restaurant Anfa', 'opening_hours': 'Mo-Su 12:00-02:00', 'source': 'Kaart Ground Survey 2018'}"
OpenStreetMap,node,5636207700,osm_node_5636207700,Café Faracha,,,Morocco,Casablanca,,Rue Allal Al Fassi,,33.5879583,-7.6182568,,,,,[],[],,,,,,,,,,,,,2026-07-14T15:14:39.519439,"{'addr:street': 'Rue Allal Al Fassi', 'amenity': 'cafe', 'name': 'Café Faracha', 'source': 'Kaart Ground Survey 2018'}"
OpenStreetMap,node,5636207701,osm_node_5636207701,Café la Palmerale,,,Morocco,Casablanca,,Rue Allal Al Fassi,,33.5879494,-7.6185545,,,,,[],[],,,,,,,,,,,,,2026-07-14T15:14:39.519470,"{'addr:street': 'Rue Allal Al Fassi', 'amenity': 'cafe', 'name': 'Café la Palmerale', 'source': 'Kaart Ground Survey 2018'}"
OpenStreetMap,node,5636207702,osm_node_5636207702,Chawarmati,,,Morocco,Casablanca,,Rue Allal Al Fassi,,33.5879293,-7.6187316,,,,,[],[],,,,,,,,,,,,,2026-07-14T15:14:39.519500,"{'addr:street': 'Rue Allal Al Fassi', 'amenity': 'restaurant', 'name': 'Chawarmati', 'source': 'Kaart Ground Survey 2018'}"
OpenStreetMap,node,5636207703,osm_node_5636207703,Le Triangle,,,Morocco,Casablanca,,Rue Allal Al Fassi,,33.5879136,-7.6188844,,,,,['pizza'],[],,,,,,,,,,,,,2026-07-14T15:14:39.519534,"{'addr:street': 'Rue Allal Al Fassi', 'amenity': 'restaurant', 'cuisine': 'pizza', 'name': 'Le Triangle', 'source': 'Kaart Ground Survey 2018'}"
OpenStreetMap,node,5636207704,osm_node_5636207704,Café Le Capitole,,,Morocco,Casablanca,,Rue Allal Al Fassi,,33.5879025,-7.6191325,,,,,[],[],,,,,,,,,,,,,2026-07-14T15:14:39.519565,"{'addr:street': 'Rue Allal Al Fassi', 'amenity': 'cafe', 'name': 'Café Le Capitole', 'source': 'Kaart Ground Survey 2018'}"
OpenStreetMap,node,5636207706,osm_node_5636207706,Midi Grill,,,Morocco,Casablanca,,Rue Omarslaoui,,33.5882734,-7.6191768,,,,,[],[],,,,,,,,,,,,,2026-07-14T15:14:39.519595,"{'addr:street': 'Rue Omarslaoui', 'amenity': 'restaurant', 'name': 'Midi Grill', 'source': 'Kaart Ground Survey 2018'}"
OpenStreetMap,node,5636207716,osm_node_5636207716,Génial,,,Morocco,Casablanca,,Boulevard de Paris,,33.5939764,-7.6212837,,,,,[],[],,,,,,,,,,,,,2026-07-14T15:14:39.519624,"{'addr:street': 'Boulevard de Paris', 'amenity': 'restaurant', 'name': 'Génial', 'source': 'Kaart Ground Survey 2018'}"
OpenStreetMap,node,5636207735,osm_node_5636207735,Fish,,,Morocco,Casablanca,,Rue Omarslaoui,,33.5884516,-7.6189864,,,,,[],[],,,,,,,,,,,,,2026-07-14T15:14:39.519652,"{'addr:street': 'Rue Omarslaoui', 'amenity': 'restaurant', 'name': 'Fish', 'source': 'Kaart Ground Survey 2018'}"
OpenStreetMap,node,5636207737,osm_node_5636207737,VIP Ole Cafe,,,Morocco,Casablanca,,Rue Lieutenent Berger,,33.5885756,-7.6196589,,,,,[],[],,,,,,,,,,,,,2026-07-14T15:14:39.519684,"{'addr:street': 'Rue Lieutenent Berger', 'amenity': 'cafe', 'name': 'VIP Ole Cafe', 'source': 'Kaart Ground Survey 2018'}"
OpenStreetMap,node,5636207738,osm_node_5636207738,Cafe Nadif,,,Morocco,Casablanca,,Rue Lieutenent Berger,,33.588751,-7.619964,,,,,[],[],,,,,,,,,,,,,2026-07-14T15:14:39.519718,"{'addr:street': 'Rue Lieutenent Berger', 'amenity': 'cafe', 'name': 'Cafe Nadif', 'source': 'Kaart Ground Survey 2018'}"
OpenStreetMap,node,5636207746,osm_node_5636207746,Woody Chay Pizza,,,Morocco,Casablanca,,Rue Omarslaoui,,33.58644,-7.6212743,,,,,[],[],,,,,,,,,,,,,2026-07-14T15:14:39.519751,"{'addr:street': 'Rue Omarslaoui', 'amenity': 'restaurant', 'name': 'Woody Chay Pizza', 'source': 'Kaart Ground Survey 2018'}"
OpenStreetMap,node,5636207747,osm_node_5636207747,Sushi Kiosque,,,Morocco,Casablanca,,Rue Omarslaoui,,33.5863831,-7.6213648,,,,,[],[],,,,,,,,,,,,,2026-07-14T15:14:39.519780,"{'addr:street': 'Rue Omarslaoui', 'amenity': 'restaurant', 'name': 'Sushi Kiosque', 'source': 'Kaart Ground Survey 2018'}"
OpenStreetMap,node,5636207748,osm_node_5636207748,Café Fiori,,,Morocco,Casablanca,,Avenue Hassan II,,33.5862713,-7.6216806,,,,,[],[],,,,,,,,,,,,,2026-07-14T15:14:39.519811,"{'addr:street': 'Avenue Hassan II', 'amenity': 'cafe', 'name': 'Café Fiori', 'source': 'Kaart Ground Survey 2018'}"
OpenStreetMap,node,5636207783,osm_node_5636207783,La Rotonde,,,Morocco,Casablanca,,Boulevard Mohamed Zerktouni,,33.5835632,-7.6231066,,,,,[],[],,,,,,,,,,,,,2026-07-14T15:14:39.519842,"{'addr:street': 'Boulevard Mohamed Zerktouni', 'amenity': 'restaurant', 'name': 'La Rotonde', 'source': 'KaartGroundSurvey2018'}"
OpenStreetMap,node,5636207785,osm_node_5636207785,Red Coffee,,,Morocco,Casablanca,,Boulevard Mohamed Zerktouni,,33.583428,-7.6228702,,,,,"['italian_pizza', 'chicken', 'burger', 'noodles', 'pasta', 'moroccan', 'breakfast', 'coffee_shop', 'local']",[],,,,,,,,,,,,,2026-07-14T15:14:39.519881,"{'addr:street': 'Boulevard Mohamed Zerktouni', 'amenity': 'cafe', 'cuisine': 'italian_pizza;chicken;burger;noodles;pasta;moroccan;breakfast;coffee_shop;local', 'name': 'Red Coffee', 'source': 'KaartGroundSurvey2018'}"
OpenStreetMap,node,5636207786,osm_node_5636207786,Pizzaria le Drapeau,,,Morocco,Casablanca,,Rue Errommene,,33.5837218,-7.6222828,,,,,['pizza'],[],,,,,,,,,,,,,2026-07-14T15:14:39.519914,"{'addr:street': 'Rue Errommene', 'amenity': 'restaurant', 'cuisine': 'pizza', 'name': 'Pizzaria le Drapeau', 'source': 'Kaart Ground Survey 2018'}"
OpenStreetMap,node,5636207793,osm_node_5636207793,El Presto,,,Morocco,Casablanca,,Rue Mostafa Al Maani,,33.5853457,-7.6211469,,,,,[],[],,,,,,,,,,,,,2026-07-14T15:14:39.519945,"{'addr:street': 'Rue Mostafa Al Maani', 'amenity': 'cafe', 'name': 'El Presto', 'source': 'Kaart Ground Survey 2018'}"
OpenStreetMap,node,5636207794,osm_node_5636207794,Café Icarus,,,Morocco,Casablanca,,Rue Mostafa Al Maani,,33.585291,-7.6211999,,,,,[],[],,,,,,,,,,,,,2026-07-14T15:14:39.519977,"{'addr:street': 'Rue Mostafa Al Maani', 'amenity': 'cafe', 'name': 'Café Icarus', 'name:fr': 'Café Icarus', 'source': 'Kaart Ground Survey 2018'}"
OpenStreetMap,node,5636207795,osm_node_5636207795,Café Panam,,,Morocco,Casablanca,,Rue Al Woroud,,33.5851156,-7.6208572,,,,,[],[],,,,,,,,,,,,,2026-07-14T15:14:39.520008,"{'addr:street': 'Rue Al Woroud', 'amenity': 'cafe', 'name': 'Café Panam', 'name:fr': 'Café Panam', 'source': 'Kaart Ground Survey 2018'}"
OpenStreetMap,node,5636207796,osm_node_5636207796,La Fontaine à Jus,,,Morocco,Casablanca,,Rue Al Woroud,,33.5850083,-7.6209129,,,,,[],[],,,,,,,,,,,,,2026-07-14T15:14:39.520041,"{'addr:street': 'Rue Al Woroud', 'amenity': 'cafe', 'name': 'La Fontaine à Jus', 'source': 'Kaart Ground Survey 2018'}"
OpenStreetMap,node,5636207801,osm_node_5636207801,Cafétéria Tassili,,,Morocco,Casablanca,,Rue Saad Ben Abi Waqqas,,33.5844994,-7.6213132,,,,,[],[],,,,,,,,,,,,,2026-07-14T15:14:39.520077,"{'addr:street': 'Rue Saad Ben Abi Waqqas', 'amenity': 'cafe', 'name': 'Cafétéria Tassili', 'name:fr': 'Cafétéria Tassili', 'source': 'Kaart Ground Survey 2018'}"
OpenStreetMap,node,5636207803,osm_node_5636207803,Meson Asador,,,Morocco,Casablanca,,Rue Al Woroud,20000,33.5847519,-7.6210168,+212522261818,https://m.facebook.com/mesonasadorcasa/,,Mo-Su 12:00-24:00,[],[],,,,,,,,wlan,,,,,2026-07-14T15:14:39.520196,"{'addr:postcode': '20000', 'addr:street': 'Rue Al Woroud', 'amenity': 'restaurant', 'internet_access': 'wlan', 'name': 'Meson Asador', 'opening_hours': 'Mo-Su 12:00-24:00', 'phone': '+212 5 22 26 18 18', 'source': 'Kaart Ground Survey 2018', 'website': 'https://m.facebook.com/mesonasadorcasa/'}"
OpenStreetMap,node,5636207804,osm_node_5636207804,Los Olivos,,,Morocco,Casablanca,,Rue El Haman,,33.5846997,-7.6204271,,,,,[],[],,,,,,,,,,,,,2026-07-14T15:14:39.520230,"{'addr:street': 'Rue El Haman', 'amenity': 'restaurant', 'name': 'Los Olivos', 'source': 'Kaart Ground Survey 2018'}"
OpenStreetMap,node,5636207807,osm_node_5636207807,Ballon Ovale,,,Morocco,Casablanca,,Rue Agadir,,33.5836123,-7.6196985,,,,,[],[],,,,,,,,,,,,,2026-07-14T15:14:39.520261,"{'addr:street': 'Rue Agadir', 'amenity': 'cafe', 'name': 'Ballon Ovale', 'source': 'Kaart Ground Survey 2018'}"
OpenStreetMap,node,5638347783,osm_node_5638347783,Café Bleu-Blanc,,,Morocco,Casablanca,,Rue Al Mortada,,33.5829219,-7.6307144,,,,,[],[],,,,,,,,,,,,,2026-07-14T15:14:39.520293,"{'addr:street': 'Rue Al Mortada', 'amenity': 'cafe', 'name': 'Café Bleu-Blanc', 'name:fr': 'Café Bleu-Blanc', 'source': 'Kaart Ground Survey 2018'}"
OpenStreetMap,node,5638347795,osm_node_5638347795,Speedy Pizza,,,Morocco,Casablanca,,Boulevard Ibrahim Roudani,,33.5829487,-7.6325181,,,,,['pizza'],[],,,,,,,,,,,,,2026-07-14T15:14:39.520328,"{'addr:street': 'Boulevard Ibrahim Roudani', 'amenity': 'restaurant', 'cuisine': 'pizza', 'name': 'Speedy Pizza', 'source': 'Kaart Ground Survey 2018'}"
OpenStreetMap,node,5638347843,osm_node_5638347843,Treff Restaurant,,,Morocco,Casablanca,,Boulevard Ibrahim Roudani,,33.5852524,-7.6301752,,,,,[],[],,,,,,,,,,,,,2026-07-14T15:14:39.520359,"{'addr:street': 'Boulevard Ibrahim Roudani', 'amenity': 'restaurant', 'name': 'Treff Restaurant', 'source': 'KaartGroundSurvey2018'}"
OpenStreetMap,node,5638347921,osm_node_5638347921,Glacier Missouri,,,Morocco,Casablanca,,Rue Mohamed Bahi,,33.5802013,-7.6334944,,,,,[],[],,,,,,,,,,,,,2026-07-14T15:14:39.520390,"{'addr:street': 'Rue Mohamed Bahi', 'amenity': 'cafe', 'name': 'Glacier Missouri', 'source': 'Kaart Ground Survey 2018'}"
OpenStreetMap,node,5638347926,osm_node_5638347926,Café de Nono,,,Morocco,Casablanca,,Rue Mohamed Bahi,,33.5798063,-7.6346713,,,,,[],[],,,,,,,,,,,,,2026-07-14T15:14:39.520421,"{'addr:street': 'Rue Mohamed Bahi', 'amenity': 'cafe', 'name': 'Café de Nono', 'name:fr': 'Café de Nono', 'source': 'Kaart Ground Survey 2018'}"
OpenStreetMap,node,5638347965,osm_node_5638347965,Bio Ice,,,Morocco,Casablanca,,Boulevard du 9 Avril شارع 9 أبريل,,33.580976,-7.6322449,,,,,[],[],,,,,,,,,,,,,2026-07-14T15:14:39.520459,"{'addr:street': 'Boulevard du 9 Avril شارع 9 أبريل', 'amenity': 'bar', 'name': 'Bio Ice'}"
OpenStreetMap,node,5638523772,osm_node_5638523772,Café Palmier,,,Morocco,Casablanca,,Rue Jabir Al Ansari,,33.5783147,-7.630255,,,,,[],[],,,,,,,,,,,,,2026-07-14T15:14:39.520498,"{'addr:street': 'Rue Jabir Al Ansari', 'amenity': 'cafe', 'name': 'Café Palmier', 'name:fr': 'Café Palmier', 'source': 'Kaart Ground Survey 2018'}"
OpenStreetMap,node,5640034522,osm_node_5640034522,Clic Resto,,,Morocco,Casablanca,,,,33.5692119,-7.6464826,,,,,[],[],,,,,,,,,,,,,2026-07-14T15:14:39.520525,"{'amenity': 'restaurant', 'name': 'Clic Resto'}"
OpenStreetMap,node,5640034523,osm_node_5640034523,Snack Wassila,,,Morocco,Casablanca,,,,33.572345,-7.6488023,,,,,[],[],,,,,,,,,,,,,2026-07-14T15:14:39.520554,"{'amenity': 'fast_food', 'name': 'Snack Wassila'}"
OpenStreetMap,node,5640034524,osm_node_5640034524,Pizza Hut,Pizza Hut,,Morocco,Casablanca,,Boulevard Ghandi شارع غاندي,,33.5705845,-7.6461728,,,,,['pizza'],[],,,,,,,,,,,,,2026-07-14T15:14:39.520593,"{'addr:housenumber': '142', 'addr:street': 'Boulevard Ghandi شارع غاندي', 'amenity': 'restaurant', 'brand': 'Pizza Hut', 'brand:wikidata': 'Q191615', 'cuisine': 'pizza', 'name': 'Pizza Hut'}"
OpenStreetMap,node,5640191728,osm_node_5640191728,Café Snack Al Hadaf,,,Morocco,Casablanca,,,,33.5725732,-7.6305762,,,,,[],[],,,,,,,,,,,,,2026-07-14T15:14:39.520622,"{'amenity': 'cafe', 'fixme': 'addr:street', 'name': 'Café Snack Al Hadaf', 'source': 'Kaart Ground Survey 2018'}"
OpenStreetMap,node,5640191735,osm_node_5640191735,Salon Thé,,,Morocco,Casablanca,,Zanqat 93,,33.5725537,-7.6294597,,,,,[],[],,,,,,,,,,,,,2026-07-14T15:14:39.520653,"{'addr:street': 'Zanqat 93', 'amenity': 'cafe', 'name': 'Salon Thé', 'source': 'Kaart Ground Survey 2018'}"
OpenStreetMap,node,5640192181,osm_node_5640192181,Fuego,,,Morocco,Casablanca,,Zanqat 93,,33.5739174,-7.6309879,,,,,[],[],,,,,,,,,,,,,2026-07-14T15:14:39.520681,"{'addr:street': 'Zanqat 93', 'amenity': 'cafe', 'name': 'Fuego', 'source': 'Kaart Ground Survey 2018'}"
OpenStreetMap,node,5640192221,osm_node_5640192221,Les Amis,,,Morocco,Casablanca,,Boulevard Abdelmoumen,,33.5751555,-7.6260312,,,,,[],[],,,,,,,,,,,,,2026-07-14T15:14:39.520711,"{'addr:street': 'Boulevard Abdelmoumen', 'amenity': 'cafe', 'name': 'Les Amis', 'source': 'Kaart Ground Survey 2018'}"
OpenStreetMap,node,5640192231,osm_node_5640192231,Café Abd El Moumen,,,Morocco,Casablanca,,Boulevard Abdelmoumen,,33.5748985,-7.6260272,,,,,[],[],,,,,,,,,,,,,2026-07-14T15:14:39.520742,"{'addr:street': 'Boulevard Abdelmoumen', 'amenity': 'cafe', 'name': 'Café Abd El Moumen', 'source': 'Kaart Ground Survey 2018'}"
OpenStreetMap,node,5640584128,osm_node_5640584128,Clay Oven,,,Morocco,Casablanca,,Boulevard Gandhi,,33.5689908,-7.6432429,,,,,[],[],,,,,,,,,,,,,2026-07-14T15:14:39.520773,"{'addr:street': 'Boulevard Gandhi', 'amenity': 'restaurant', 'name': 'Clay Oven', 'source': 'Kaart Ground Survey 2018'}"
OpenStreetMap,node,5640584196,osm_node_5640584196,Ifri,,,Morocco,Casablanca,,Boulevard Ibrahim Roudani,,33.5745655,-7.6403026,,,,,[],[],,,,,,,,,,,,,2026-07-14T15:14:39.520802,"{'addr:street': 'Boulevard Ibrahim Roudani', 'amenity': 'cafe', 'name': 'Ifri', 'source': 'Kaart Ground Survey 2018'}"
OpenStreetMap,node,5640584424,osm_node_5640584424,Château de Jus,,,Morocco,Casablanca,,Boulevard Ibrahim Roudani,,33.5796337,-7.6357582,,,,,[],[],,,,,,,,,,,,,2026-07-14T15:14:39.520834,"{'addr:street': 'Boulevard Ibrahim Roudani', 'amenity': 'restaurant', 'name': 'Château de Jus', 'name:fr': 'Château de Jus', 'source': 'Kaart Ground Survey 2018'}"
OpenStreetMap,node,5640584526,osm_node_5640584526,Café Arcadie,,,Morocco,Casablanca,,Boulevard Ibrahim Roudani,,33.5704211,-7.643538,,,,,[],[],,,,,,,,,,,,,2026-07-14T15:14:39.520867,"{'addr:street': 'Boulevard Ibrahim Roudani', 'amenity': 'cafe', 'name': 'Café Arcadie', 'source': 'Kaart Ground Survey 2018'}"
OpenStreetMap,node,5640731981,osm_node_5640731981,Real Time Coffee,,,Morocco,Casablanca,,,,33.5729262,-7.6383609,,,,,[],[],,,,,,,,,,,,,2026-07-14T15:14:39.520894,"{'amenity': 'cafe', 'name': 'Real Time Coffee', 'source': 'Kaart Ground Survey 2018'}"
OpenStreetMap,node,5640732011,osm_node_5640732011,Le Brunch Gourmet,,,Morocco,Casablanca,,Rue Le Titien,,33.575946,-7.6357397,,,,,[],[],,,,,,,,,,,,,2026-07-14T15:14:39.520925,"{'addr:street': 'Rue Le Titien', 'amenity': 'restaurant', 'name': 'Le Brunch Gourmet', 'source': 'Kaart Ground Survey 2018'}"
OpenStreetMap,node,5649874876,osm_node_5649874876,Phuket's,,,Morocco,Casablanca,,Rue Le Titien,,33.5757584,-7.636172,,,,,[],[],,,,,,,,,,,,,2026-07-14T15:14:39.520956,"{'addr:street': 'Rue Le Titien', 'amenity': 'cafe', 'name': ""Phuket's"", 'source': 'Kaart Ground Survey 2018'}"
OpenStreetMap,node,5649874898,osm_node_5649874898,Lopez,,,Morocco,Casablanca,,,,33.572937,-7.6387234,,,,,"['pizza', 'kebab']",[],,,,,,,,,,,,,2026-07-14T15:14:39.520987,"{'amenity': 'fast_food', 'cuisine': 'pizza;kebab', 'drive_through': 'no', 'name': 'Lopez', 'source': 'Kaart Ground Survey 2018'}"
OpenStreetMap,node,5649875030,osm_node_5649875030,Ambre,,,Morocco,Casablanca,,Rue Al Bachir Laalaj,,33.572219,-7.6378034,,,,,[],[],,,,,,,,,,,,,2026-07-14T15:14:39.521017,"{'addr:street': 'Rue Al Bachir Laalaj', 'amenity': 'restaurant', 'name': 'Ambre', 'source': 'Kaart Ground Survey 2018'}"
OpenStreetMap,node,5649875034,osm_node_5649875034,Mira Fiori,,,Morocco,Casablanca,,,,33.5744069,-7.6377277,,,,,[],['Outdoor Seating'],,,,,,,,,,,,,2026-07-14T15:14:39.521046,"{'amenity': 'cafe', 'name': 'Mira Fiori', 'outdoor_seating': 'yes', 'source': 'Kaart Ground Survey 2018'}"
OpenStreetMap,node,5649914770,osm_node_5649914770,Café Majorelle,,,Morocco,Casablanca,,Boulevard Chefchaoui,,33.6135058,-7.5274158,,,,,[],[],,,,,,,,,,,,,2026-07-14T15:14:39.521077,"{'addr:street': 'Boulevard Chefchaoui', 'amenity': 'cafe', 'name': 'Café Majorelle', 'source': 'Kaart Ground Survey 2018'}"
OpenStreetMap,node,5652341952,osm_node_5652341952,Cafe Agouz Harbala,,,Morocco,Casablanca,,Zanqat 3,,33.5382832,-7.5869816,,,,,[],[],,,,,,,,,,,,,2026-07-14T15:14:39.521106,"{'addr:street': 'Zanqat 3', 'amenity': 'cafe', 'name': 'Cafe Agouz Harbala', 'source': 'Kaart Ground Survey 2018'}"
OpenStreetMap,node,5652654437,osm_node_5652654437,La Seine,,,Morocco,Casablanca,,Boulevard Abdelmoumen,,33.5689662,-7.62583,,,,,[],[],,,,,,,,,,,,,2026-07-14T15:14:39.521136,"{'addr:street': 'Boulevard Abdelmoumen', 'amenity': 'cafe', 'name': 'La Seine', 'source': 'Kaart Ground Survey 2018'}"
OpenStreetMap,node,5652698671,osm_node_5652698671,Cafe Roma!,,,Morocco,Casablanca,,Rue 1,,33.5343869,-7.5896323,,,,,[],[],,,,,,,,,,,,,2026-07-14T15:14:39.521164,"{'addr:street': 'Rue 1', 'amenity': 'cafe', 'name': 'Cafe Roma!', 'source': 'Kaart Ground Survey 2018'}"
OpenStreetMap,node,5652698714,osm_node_5652698714,Cafe El Mamouina,,,Morocco,Casablanca,,Boulevard de Smara,,33.5405574,-7.5940479,,,,,[],[],,,,,,,,,,,,,2026-07-14T15:14:39.521195,"{'addr:street': 'Boulevard de Smara', 'amenity': 'cafe', 'name': 'Cafe El Mamouina', 'source': 'Kaart Ground Survey 2018'}"
OpenStreetMap,node,5653925587,osm_node_5653925587,Cafe 7iLES,,,Morocco,Casablanca,,Boulevard de Tiflet,,33.5379205,-7.5953695,,,,,[],[],,,,,,,,,,,,,2026-07-14T15:14:39.521225,"{'addr:street': 'Boulevard de Tiflet', 'amenity': 'cafe', 'name': 'Cafe 7iLES', 'source': 'Kaart Ground Survey 2018'}"
OpenStreetMap,node,5653995948,osm_node_5653995948,Milk House,,,Morocco,Casablanca,,Avenue 2 Mars,,33.5393329,-7.599079,,,,,[],[],,,,,,,,,,,,,2026-07-14T15:14:39.521255,"{'addr:street': 'Avenue 2 Mars', 'amenity': 'cafe', 'name': 'Milk House', 'source': 'Kaart Ground Survey 2018'}"
OpenStreetMap,node,5653995956,osm_node_5653995956,Cafe Galactica,,,Morocco,Casablanca,,Avenue 2 Mars,,33.5391445,-7.5989114,,,,,[],[],,,,,,,,,,,,,2026-07-14T15:14:39.521312,"{'addr:street': 'Avenue 2 Mars', 'amenity': 'cafe', 'name': 'Cafe Galactica', 'source': 'Kaart Ground Survey 2018'}"
OpenStreetMap,node,5654105797,osm_node_5654105797,Massilya Cafe,,,Morocco,Casablanca,,Boulevard d'Anoual,,33.5695909,-7.6257804,,,,,[],[],,,,,,,,,,,,,2026-07-14T15:14:39.521342,"{'addr:street': ""Boulevard d'Anoual"", 'amenity': 'cafe', 'name': 'Massilya Cafe', 'source': 'Kaart Ground Survey 2018'}"
OpenStreetMap,node,5654314143,osm_node_5654314143,Café Essannara,,,Morocco,Casablanca,,40 Zanqat,,33.570073,-7.6076353,,,,,[],[],,,,,,,,,,,,,2026-07-14T15:14:39.521372,"{'addr:street': '40 Zanqat', 'amenity': 'cafe', 'name': 'Café Essannara', 'source': 'Kaart Ground Survey 2018'}"
OpenStreetMap,node,5654314218,osm_node_5654314218,Cafe Riscatto,,,Morocco,Casablanca,,40 Zanqat,,33.5701161,-7.6066791,,,,,[],[],,,,,,,,,,,,,2026-07-14T15:14:39.521402,"{'addr:street': '40 Zanqat', 'amenity': 'cafe', 'name': 'Cafe Riscatto', 'source': 'Kaart Ground Survey 2018'}"
OpenStreetMap,node,5654640885,osm_node_5654640885,Espace Essaha,,,Morocco,Casablanca,,Rue 29,,33.5695652,-7.604255,,,,,[],[],,,,,,,,,,,,,2026-07-14T15:14:39.521431,"{'addr:street': 'Rue 29', 'amenity': 'restaurant', 'name': 'Espace Essaha', 'source': 'Kaart Ground Survey 2018'}"
OpenStreetMap,node,5654641157,osm_node_5654641157,Espace El Mitre,,,Morocco,Casablanca,,Rue 10,,33.5666319,-7.6085828,,,,,[],[],,,,,,,,,,,,,2026-07-14T15:14:39.521461,"{'addr:street': 'Rue 10', 'amenity': 'restaurant', 'name': 'Espace El Mitre', 'source': 'Kaart Ground Survey 2018'}"
OpenStreetMap,node,5654641158,osm_node_5654641158,Espace Bruxellois,,,Morocco,Casablanca,,Rue 10,,33.566647,-7.6085942,,,,,[],[],,,,,,,,,,,,,2026-07-14T15:14:39.521490,"{'addr:street': 'Rue 10', 'amenity': 'restaurant', 'name': 'Espace Bruxellois', 'source': 'Kaart Ground Survey 2018'}"
OpenStreetMap,node,5654832269,osm_node_5654832269,Cafe Holton,,,Morocco,Casablanca,,Rue 46,,33.5709295,-7.6044327,,,,,[],[],,,,,,,,,,,,,2026-07-14T15:14:39.521522,"{'addr:street': 'Rue 46', 'amenity': 'cafe', 'name': 'Cafe Holton', 'source': 'Kaart Ground Survey 2018'}"
OpenStreetMap,node,5654832280,osm_node_5654832280,Belma Juice,,,Morocco,Casablanca,,Boulevard el Fida,,33.568982,-7.6035224,,,,,[],[],,,,,,,,,,,,,2026-07-14T15:14:39.521552,"{'addr:street': 'Boulevard el Fida', 'amenity': 'restaurant', 'name': 'Belma Juice', 'source': 'Kaart Ground Survey 2018'}"
OpenStreetMap,node,5655194935,osm_node_5655194935,Espace Lano,,,Morocco,Casablanca,,Boulevard de Tiflet,,33.5363583,-7.5958724,,,,,[],[],,,,,,,,,,,,,2026-07-14T15:14:39.521582,"{'addr:street': 'Boulevard de Tiflet', 'amenity': 'restaurant', 'name': 'Espace Lano', 'source': 'Kaart Ground Survey 2018'}"
OpenStreetMap,node,5656626918,osm_node_5656626918,Cafe Mogador,,,Morocco,Casablanca,,Rue de Beni M'guild,,33.570701,-7.6038694,,,,,[],[],,,,,,,,,,,,,2026-07-14T15:14:39.521621,"{'addr:street': ""Rue de Beni M'guild"", 'amenity': 'cafe', 'name': 'Cafe Mogador', 'source': 'Kaart Ground Survey 2018'}"
OpenStreetMap,node,5656714924,osm_node_5656714924,Chrono Pizza,,,Morocco,Casablanca,,Boulevard Ghandi,,33.5723922,-7.6487508,,,,,['pizza'],[],,,,,,,,,,,,,2026-07-14T15:14:39.521655,"{'addr:street': 'Boulevard Ghandi', 'amenity': 'restaurant', 'cuisine': 'pizza', 'name': 'Chrono Pizza', 'source': 'Kaart Ground Survey 2018'}"
OpenStreetMap,node,5656714927,osm_node_5656714927,Café Caribou,,,Morocco,Casablanca,,Boulevard Ghandi شارع غاندي,,33.57504,-7.6515428,,,,,[],[],,,,,,,,,,,,,2026-07-14T15:14:39.521692,"{'addr:street': 'Boulevard Ghandi شارع غاندي', 'amenity': 'cafe', 'name': 'Café Caribou'}"
OpenStreetMap,node,5656714929,osm_node_5656714929,Restaurant Otkali,,,Morocco,Casablanca,,Boulevard Ghandi,,33.5761041,-7.6528935,,,,,[],[],,,,,,,,,,,,,2026-07-14T15:14:39.521724,"{'addr:street': 'Boulevard Ghandi', 'amenity': 'restaurant', 'name': 'Restaurant Otkali', 'source': 'Kaart Ground Survey 2018'}"
OpenStreetMap,node,5657167237,osm_node_5657167237,Café Versailles,,,Morocco,Casablanca,,Boulevard Lahcen Ouidder,,33.5879416,-7.6121977,,,,,[],[],,,,,,,,,,,,,2026-07-14T15:14:39.521757,"{'addr:street': 'Boulevard Lahcen Ouidder', 'amenity': 'cafe', 'name': 'Café Versailles', 'source': 'Kaart Ground Survey 2018'}"
OpenStreetMap,node,5657167240,osm_node_5657167240,Atlas Ifrane,,,Morocco,Casablanca,,Boulevard Rahal El Meskini,,33.587898,-7.6135576,,,,,[],[],,,,,,,,,,,,,2026-07-14T15:14:39.521789,"{'addr:street': 'Boulevard Rahal El Meskini', 'amenity': 'restaurant', 'name': 'Atlas Ifrane', 'source': 'Kaart Ground Survey 2018'}"
OpenStreetMap,node,5657167241,osm_node_5657167241,Au Petit Port,,,Morocco,Casablanca,,Boulevard Rahal El Meskini,,33.5879985,-7.6132518,,,,,[],[],,,,,,,,,,,,,2026-07-14T15:14:39.521821,"{'addr:street': 'Boulevard Rahal El Meskini', 'amenity': 'cafe', 'name': 'Au Petit Port', 'source': 'Kaart Ground Survey 2018'}"
OpenStreetMap,node,5657167243,osm_node_5657167243,Marcel Cerdan,,,Morocco,Casablanca,,Boulevard Rahal El Meskini,,33.5880555,-7.6131432,,,,,[],[],,,,,,,,,,,,,2026-07-14T15:14:39.521852,"{'addr:street': 'Boulevard Rahal El Meskini', 'amenity': 'bar', 'name': 'Marcel Cerdan', 'source': 'Kaart Ground Survey 2018'}"
OpenStreetMap,node,5657167244,osm_node_5657167244,Ahalina Spécialités Orientales,,,Morocco,Casablanca,,Boulevard Rahal El Meskini,,33.5880577,-7.6129541,,,,,[],[],,,,,,,,,,,,,2026-07-14T15:14:39.521886,"{'addr:street': 'Boulevard Rahal El Meskini', 'amenity': 'fast_food', 'name': 'Ahalina Spécialités Orientales', 'source': 'Kaart Ground Survey 2018'}"
OpenStreetMap,node,5657167245,osm_node_5657167245,Brasserie Alsace Lorraine,,,Morocco,Casablanca,,Boulevard Rahal El Meskini,,33.5881538,-7.6125987,,,,,[],[],,,,,,,,,,,,,2026-07-14T15:14:39.521918,"{'addr:street': 'Boulevard Rahal El Meskini', 'amenity': 'bar', 'name': 'Brasserie Alsace Lorraine', 'source': 'Kaart Ground Survey 2018'}"
OpenStreetMap,node,5657167249,osm_node_5657167249,Café Colisee,,,Morocco,Casablanca,,Boulevard du 11 Janvier,,33.5891928,-7.6132894,,,,,[],[],,,,,,,,wlan,,,,,2026-07-14T15:14:39.521955,"{'addr:street': 'Boulevard du 11 Janvier', 'amenity': 'cafe', 'internet_access': 'wlan', 'name': 'Café Colisee', 'source': 'Kaart Ground Survey 2018'}"
OpenStreetMap,node,5657167252,osm_node_5657167252,El Barco,,,Morocco,Casablanca,,Rue EssanoIbar,,33.5886119,-7.6143153,,,,,[],[],,,,,,,,,,,,,2026-07-14T15:14:39.521986,"{'addr:street': 'Rue EssanoIbar', 'amenity': 'restaurant', 'name': 'El Barco', 'source': 'Kaart Ground Survey 2018'}"
OpenStreetMap,node,5657167256,osm_node_5657167256,Espace Palmier Du Sud,,,Morocco,Casablanca,,Rue Abou Bakr Essediq,,33.5878823,-7.6156604,,,,,[],[],,,,,,,,,,,,,2026-07-14T15:14:39.522019,"{'addr:street': 'Rue Abou Bakr Essediq', 'amenity': 'cafe', 'name': 'Espace Palmier Du Sud', 'source': 'Kaart Ground Survey 2018'}"
OpenStreetMap,node,5657167259,osm_node_5657167259,Cafe Avalone,,,Morocco,Casablanca,,Rue Attaous,,33.5873394,-7.6148558,,,,,[],[],,,,,,,,,,,,,2026-07-14T15:14:39.522049,"{'addr:street': 'Rue Attaous', 'amenity': 'cafe', 'name': 'Cafe Avalone', 'source': 'Kaart Ground Survey 2018'}"
OpenStreetMap,node,5657167261,osm_node_5657167261,Resaurant Des Billards,,,Morocco,Casablanca,,Rue Abou Bakr Essediq,,33.5868478,-7.6151709,,,,,[],[],,,,,,,,,,,,,2026-07-14T15:14:39.522090,"{'addr:street': 'Rue Abou Bakr Essediq', 'amenity': 'restaurant', 'name': 'Resaurant Des Billards', 'source': 'Kaart Ground Survey 2018'}"
OpenStreetMap,node,5657167263,osm_node_5657167263,Marjorelle,,,Morocco,Casablanca,,Rue Hadj Omar Riffi,,33.586354,-7.614955,,,,,[],[],,,,,,,,,,,,,2026-07-14T15:14:39.522123,"{'addr:street': 'Rue Hadj Omar Riffi', 'amenity': 'restaurant', 'name': 'Marjorelle', 'source': 'Kaart Ground Survey 2018'}"
OpenStreetMap,node,5657167267,osm_node_5657167267,MarIInsky,,,Morocco,Casablanca,,Boulevard d'Alsace,,33.5854736,-7.6157543,,,,,[],[],,,,,,,,,,,,,2026-07-14T15:14:39.522169,"{'addr:street': ""Boulevard d'Alsace"", 'amenity': 'restaurant', 'name': 'MarIInsky', 'source': 'Kaart Ground Survey 2018'}"
OpenStreetMap,node,5657167270,osm_node_5657167270,Café Espace Mers Sultan Snack,,,Morocco,Casablanca,,Rue Zerhoune,,33.5848301,-7.6160668,,,,,['regional'],[],,,,,,,,yes,yes,,,,2026-07-14T15:14:39.522211,"{'addr:street': 'Rue Zerhoune', 'amenity': 'cafe', 'cuisine': 'regional', 'internet_access': 'yes', 'name': 'Café Espace Mers Sultan Snack', 'smoking': 'yes', 'source': 'Kaart Ground Survey 2018'}"
OpenStreetMap,node,5657167275,osm_node_5657167275,Café Break,,,Morocco,Casablanca,,Rue Lel Yamama,,33.5838369,-7.6145299,,,,,[],[],,,,,,,,,,,,,2026-07-14T15:14:39.522243,"{'addr:street': 'Rue Lel Yamama', 'amenity': 'cafe', 'name': 'Café Break', 'name:fr': 'Café Break', 'source': 'Kaart Ground Survey 2018'}"
OpenStreetMap,node,5657167289,osm_node_5657167289,Le Coin,,,Morocco,Casablanca,,Boulevard de la Résistance,,33.5848782,-7.6078324,,,,,[],[],,,,,,,,,,,,,2026-07-14T15:14:39.522275,"{'addr:street': 'Boulevard de la Résistance', 'amenity': 'restaurant', 'name': 'Le Coin', 'source': 'KaartGroundSurvey2018'}"
OpenStreetMap,node,5657167290,osm_node_5657167290,Widane Palace,,,Morocco,Casablanca,,Boulevard de la Résistance,,33.5848558,-7.6079075,,,,,[],[],,,,,,,,,,,,,2026-07-14T15:14:39.522308,"{'addr:street': 'Boulevard de la Résistance', 'amenity': 'restaurant', 'name': 'Widane Palace', 'note': 'W in name is correct', 'source': 'KaartGroundSurvey2018'}"
OpenStreetMap,node,5657167300,osm_node_5657167300,Café Megouna,,,Morocco,Casablanca,,Rue Tarrablous,,33.5846056,-7.6187047,,,,,[],[],,,,,,,,,,,,,2026-07-14T15:14:39.522339,"{'addr:street': 'Rue Tarrablous', 'amenity': 'cafe', 'name': 'Café Megouna', 'source': 'Kaart Ground Survey 2018'}"
OpenStreetMap,node,5657167306,osm_node_5657167306,Café Younes,,,Morocco,Casablanca,,Rue Tarrablous,,33.58602,-7.6188241,,,,,[],[],,,,,,,,,,,,,2026-07-14T15:14:39.522372,"{'addr:street': 'Rue Tarrablous', 'amenity': 'cafe', 'name': 'Café Younes', 'source': 'Kaart Ground Survey 2018'}"
OpenStreetMap,node,5657167310,osm_node_5657167310,Restaurant Chez Pierre,,,Morocco,Casablanca,,Rue Yaman,,33.5894766,-7.6124364,,,,,[],[],,,,,,,,,,,,,2026-07-14T15:14:39.522403,"{'addr:street': 'Rue Yaman', 'amenity': 'restaurant', 'name': 'Restaurant Chez Pierre', 'source': 'KaartGroundSurvey2018'}"
OpenStreetMap,node,5657167312,osm_node_5657167312,Coffee Tim,,,Morocco,Casablanca,,Boulevard Rahal El Meskini,,33.5886683,-7.6101163,,,,,[],[],,,,,,,,,,,,,2026-07-14T15:14:39.522434,"{'addr:street': 'Boulevard Rahal El Meskini', 'amenity': 'cafe', 'name': 'Coffee Tim', 'source': 'Kaart Ground Survey 2018'}"
OpenStreetMap,node,5657167315,osm_node_5657167315,Café Glacier Tichka,,,Morocco,Casablanca,,Boulevard de Strasbourg,,33.5886521,-7.609321,,,,,[],[],,,,,,,,,,,,,2026-07-14T15:14:39.522466,"{'addr:street': 'Boulevard de Strasbourg', 'amenity': 'cafe', 'name': 'Café Glacier Tichka', 'source': 'Kaart Ground Survey 2018'}"
OpenStreetMap,node,5657167316,osm_node_5657167316,Cafe Sindibad,,,Morocco,Casablanca,,Rue el Bakri,,33.5922035,-7.6043482,,,,,[],[],,,,,,,,,,,,,2026-07-14T15:14:39.522496,"{'addr:street': 'Rue el Bakri', 'amenity': 'cafe', 'name': 'Cafe Sindibad', 'source': 'KaartGroundSurvey2018'}"
OpenStreetMap,node,5657171522,osm_node_5657171522,Café Rotterdam,,,Morocco,Casablanca,,Boulevard Moulay Hassan Ier,,33.5948723,-7.6199399,,,,,[],[],,,,,,,,,,,,,2026-07-14T15:14:39.522550,"{'addr:street': 'Boulevard Moulay Hassan Ier', 'amenity': 'cafe', 'name': 'Café Rotterdam', 'name:es': 'Café Róterdam', 'source': 'KaartGroundSurvey2018'}"
OpenStreetMap,node,5657171523,osm_node_5657171523,Restaurant Savoy,,,Morocco,Casablanca,,Boulevard Moulay Hassan Ier,,33.5945662,-7.6209028,,,,,[],[],,,,,,,,,,,,,2026-07-14T15:14:39.522581,"{'addr:street': 'Boulevard Moulay Hassan Ier', 'amenity': 'restaurant', 'name': 'Restaurant Savoy', 'source': 'KaartGroundSurvey2018'}"
OpenStreetMap,node,5657171527,osm_node_5657171527,Cafe Le Surfin,,,Morocco,Casablanca,,Zanqat Al Amir Moulay Abdellah,,33.5893023,-7.6175125,,,,,[],[],,,,,,,,,,,,,2026-07-14T15:14:39.522613,"{'addr:street': 'Zanqat Al Amir Moulay Abdellah', 'amenity': 'cafe', 'name': 'Cafe Le Surfin', 'source': 'Kaart Ground Survey 2018'}"
OpenStreetMap,node,5657171529,osm_node_5657171529,Pizza a la Bonne,,,Morocco,Casablanca,,Rue Al Araar,,33.5897483,-7.6157184,,,,,[],[],,,,,,,,,,,,,2026-07-14T15:14:39.522644,"{'addr:street': 'Rue Al Araar', 'amenity': 'restaurant', 'name': 'Pizza a la Bonne', 'source': 'Kaart Ground Survey 2018'}"
OpenStreetMap,node,5657171530,osm_node_5657171530,La Corrida,,,Morocco,Casablanca,,Rue Al Araar,,33.590034,-7.6152192,,,,,[],[],,,,,,,,,,,,,2026-07-14T15:14:39.522673,"{'addr:street': 'Rue Al Araar', 'amenity': 'restaurant', 'name': 'La Corrida', 'source': 'Kaart Ground Survey 2018'}"
OpenStreetMap,node,5657171531,osm_node_5657171531,Café Jbel Asni,,,Morocco,Casablanca,,Rue Al Araar,,33.5903692,-7.6150301,,,,,[],[],,,,,,,,,,,,,2026-07-14T15:14:39.522704,"{'addr:street': 'Rue Al Araar', 'amenity': 'cafe', 'name': 'Café Jbel Asni', 'source': 'Kaart Ground Survey 2018'}"
OpenStreetMap,node,5657171532,osm_node_5657171532,Tout Va Bien,,,Morocco,Casablanca,,Boulevard du 11 Janvier,,33.5906574,-7.6148263,,,,,[],[],,,,,,,,,,,,,2026-07-14T15:14:39.522735,"{'addr:street': 'Boulevard du 11 Janvier', 'amenity': 'restaurant', 'name': 'Tout Va Bien', 'source': 'Kaart Ground Survey 2018'}"
OpenStreetMap,node,5657171534,osm_node_5657171534,Cafe Regontino,,,Morocco,Casablanca,,Boulevard du 11 Janvier,,33.5905624,-7.6147404,,,,,[],[],,,,,,,,,,,,,2026-07-14T15:14:39.522765,"{'addr:street': 'Boulevard du 11 Janvier', 'amenity': 'cafe', 'name': 'Cafe Regontino', 'source': 'Kaart Ground Survey 2018'}"
OpenStreetMap,node,5657171545,osm_node_5657171545,Le Grand Café,,,Morocco,Casablanca,,Rue Mohammed El Quorri,,33.5953884,-7.6142684,,,,,[],[],,,,,,,,,,,,,2026-07-14T15:14:39.522798,"{'addr:street': 'Rue Mohammed El Quorri', 'amenity': 'cafe', 'name': 'Le Grand Café', 'name:fr': 'Le Grand Café', 'source': 'KaartGroundSurvey2018'}"
OpenStreetMap,node,5657171548,osm_node_5657171548,Revine,,,Morocco,Casablanca,,Rue Allal Ben Abdellah,,33.5955795,-7.6143301,,,,,[],[],,,,,,,,,,,,,2026-07-14T15:14:39.522828,"{'addr:street': 'Rue Allal Ben Abdellah', 'amenity': 'restaurant', 'name': 'Revine', 'name:fr': 'Revine', 'source': 'KaartGroundSurvey2018'}"
OpenStreetMap,node,5657171553,osm_node_5657171553,Akka,,,Morocco,Casablanca,,Boulevard Mohamed Smiha,,33.5945104,-7.6089428,,,,,[],[],,,,,,,,,,,,,2026-07-14T15:14:39.522858,"{'addr:street': 'Boulevard Mohamed Smiha', 'amenity': 'cafe', 'name': 'Akka', 'source': 'Kaart Ground Survey 2018'}"
OpenStreetMap,node,5657171555,osm_node_5657171555,Pizzeria-cafe Chawarma,,,Morocco,Casablanca,,Rue de Karachi,,33.5951226,-7.6086304,,,,,[],[],,,,,,,,,,,,,2026-07-14T15:14:39.522888,"{'addr:street': 'Rue de Karachi', 'amenity': 'restaurant', 'name': 'Pizzeria-cafe Chawarma', 'source': 'KaartGroundSurvey2018'}"
OpenStreetMap,node,5657171557,osm_node_5657171557,Samar Layali,,,Morocco,Casablanca,,,,33.5935284,-7.6082126,,,,,[],[],,,,,,,,,,,,,2026-07-14T15:14:39.522917,"{'amenity': 'restaurant', 'name': 'Samar Layali', 'source': 'KaartGroundSurvey2018'}"
OpenStreetMap,node,5657171558,osm_node_5657171558,Poulet Doré,,,Morocco,Casablanca,,,,33.5931793,-7.6078632,,,,,[],[],,,,,,,,,,,,,2026-07-14T15:14:39.522943,"{'amenity': 'restaurant', 'name': 'Poulet Doré', 'name:fr': 'Poulet Doré'}"
OpenStreetMap,node,5657171567,osm_node_5657171567,Café Corino,,,Morocco,Casablanca,,Boulevard Hassan Seghir,,33.5896441,-7.6117538,,,,,[],[],,,,,,,,,,,,,2026-07-14T15:14:39.522973,"{'addr:street': 'Boulevard Hassan Seghir', 'amenity': 'cafe', 'name': 'Café Corino', 'source': 'Kaart Ground Survey 2018'}"
OpenStreetMap,node,5657171568,osm_node_5657171568,Le Petit Cafe,,,Morocco,Casablanca,,Boulevard Hassan Seghir,,33.5897369,-7.611507,,,,,[],[],,,,,,,,,,,,,2026-07-14T15:14:39.523004,"{'addr:street': 'Boulevard Hassan Seghir', 'amenity': 'cafe', 'name': 'Le Petit Cafe', 'source': 'Kaart Ground Survey 2018'}"
OpenStreetMap,node,5657171573,osm_node_5657171573,Majestic Resaurant Marocan,,,Morocco,Casablanca,,Avenue Lalla Yacout,,33.5911209,-7.6133799,,,,,[],[],,,,,,,,,,,,,2026-07-14T15:14:39.523035,"{'addr:street': 'Avenue Lalla Yacout', 'amenity': 'restaurant', 'name': 'Majestic Resaurant Marocan', 'source': 'KaartGroundSurvey2018'}"
OpenStreetMap,node,5657171577,osm_node_5657171577,Restaurant du Theatre,,,Morocco,Casablanca,,Avenue Lalla Yacout,,33.5920438,-7.6166797,,,,,[],[],,,,,,,,,,,,,2026-07-14T15:14:39.523066,"{'addr:street': 'Avenue Lalla Yacout', 'amenity': 'restaurant', 'name': 'Restaurant du Theatre', 'source': 'KaartGroundSurvey2018'}"
OpenStreetMap,node,5657171580,osm_node_5657171580,Cafe Lec,,,Morocco,Casablanca,,Zanqat Al Amir Moulay Abdellah,,33.5915444,-7.6161325,,,,,[],[],,,,,,,,,,,,,2026-07-14T15:14:39.523098,"{'addr:street': 'Zanqat Al Amir Moulay Abdellah', 'amenity': 'cafe', 'name': 'Cafe Lec', 'source': 'Kaart Ground Survey 2018'}"
OpenStreetMap,node,5657171582,osm_node_5657171582,Mistral Bar,,,Morocco,Casablanca,,Boulevard du 11 Janvier,,33.5914886,-7.6156014,,,,,[],[],,,,,,,,,,,,,2026-07-14T15:14:39.523129,"{'addr:street': 'Boulevard du 11 Janvier', 'amenity': 'bar', 'name': 'Mistral Bar', 'source': 'Kaart Ground Survey 2018'}"
OpenStreetMap,node,5657171583,osm_node_5657171583,Cafe National,,,Morocco,Casablanca,,Avenue Lalla Yacout,,33.5918148,-7.616044,,,,,[],[],,,,,,,,,,,,,2026-07-14T15:14:39.523159,"{'addr:street': 'Avenue Lalla Yacout', 'amenity': 'cafe', 'name': 'Cafe National', 'source': 'Kaart Ground Survey 2018'}"
OpenStreetMap,node,5657171586,osm_node_5657171586,Golden Ice,,,Morocco,Casablanca,,Avenue Lalla Yacout,,33.5920415,-7.6160185,,,,,[],[],,,,,,,,,,,,,2026-07-14T15:14:39.523189,"{'addr:street': 'Avenue Lalla Yacout', 'amenity': 'cafe', 'name': 'Golden Ice', 'source': 'Kaart Ground Survey 2018'}"
OpenStreetMap,node,5661635226,osm_node_5661635226,mama Africa,,,Morocco,Casablanca,,Boulevard Chefchaouni,,33.6086656,-7.5344386,,,,,[],[],,,,,,,,wlan,,,,,2026-07-14T15:14:39.523221,"{'addr:street': 'Boulevard Chefchaouni', 'amenity': 'cafe', 'internet_access': 'wlan', 'name': 'mama Africa', 'name:en': 'mama Africa', 'name:fr': 'mama Africa'}"
OpenStreetMap,node,5664414599,osm_node_5664414599,Land Blanca,,,Morocco,Casablanca,,Route Haj Fateh,,33.5396023,-7.68174,,,,,[],[],,,,,,,,,,,,,2026-07-14T15:14:39.523256,"{'addr:street': 'Route Haj Fateh', 'amenity': 'cafe', 'name': 'Land Blanca', 'source': 'Kaart Ground Survey 2018'}"
OpenStreetMap,node,5664415379,osm_node_5664415379,Mon Ami,,,Morocco,Casablanca,,Boulevard Omar Khayam,,33.5376656,-7.6687118,,,,,[],[],,,,,,,,,,,,,2026-07-14T15:14:39.523287,"{'addr:street': 'Boulevard Omar Khayam', 'amenity': 'restaurant', 'name': 'Mon Ami', 'source': 'Kaart Ground Survey 2018'}"
OpenStreetMap,node,5664802351,osm_node_5664802351,Cafe Cat,,,Morocco,Casablanca,,,,33.533017,-7.7027088,,,,,[],[],,,,,,,,,,,,,2026-07-14T15:14:39.523314,"{'amenity': 'cafe', 'fixme': 'addr:street', 'name': 'Cafe Cat', 'source': 'Kaart Ground Survey 2018'}"
OpenStreetMap,node,5664802361,osm_node_5664802361,Cafe Jnane Louze,,,Morocco,Casablanca,,,,33.5336782,-7.7045763,,,,,[],[],,,,,,,,,,,,,2026-07-14T15:14:39.523342,"{'amenity': 'cafe', 'fixme': 'addr:street', 'name': 'Cafe Jnane Louze', 'source': 'Kaart Ground Survey 2018'}"
OpenStreetMap,node,5664802405,osm_node_5664802405,La Casa,,,Morocco,Casablanca,,,,33.5387991,-7.6933479,,,,,[],[],,,,,,,,,,,,,2026-07-14T15:14:39.523368,"{'amenity': 'cafe', 'name': 'La Casa', 'source': 'Kaart Ground Survey 2018'}"
OpenStreetMap,node,5664803131,osm_node_5664803131,Ghari Café,,,Morocco,Casablanca,,,,33.5389131,-7.6825118,,,,,[],[],,,,,,,,,,,,,2026-07-14T15:14:39.523395,"{'amenity': 'cafe', 'name': 'Ghari Café', 'source': 'Kaart Ground Survey 2018'}"
OpenStreetMap,node,5664803184,osm_node_5664803184,Lima Cafe,,,Morocco,Casablanca,,,,33.5374197,-7.6724508,,,,,[],[],,,,,,,,,,,,,2026-07-14T15:14:39.523422,"{'amenity': 'cafe', 'name': 'Lima Cafe', 'source': 'Kaart Ground Survey 2018'}"
OpenStreetMap,node,5664897400,osm_node_5664897400,Cafe Saber,,,Morocco,Casablanca,,Boulevard de l'Oued Loukkos,,33.5606197,-7.6806638,,,,,[],[],,,,,,,,,,,,,2026-07-14T15:14:39.523452,"{'addr:street': ""Boulevard de l'Oued Loukkos"", 'amenity': 'cafe', 'name': 'Cafe Saber', 'source': 'Kaart Ground Survey 2018'}"
OpenStreetMap,node,5665038603,osm_node_5665038603,Sardegna Cafe,,,Morocco,Casablanca,,,,33.5625687,-7.6745845,,,,,[],[],,,,,,,,,,,,,2026-07-14T15:14:39.523478,"{'amenity': 'cafe', 'name': 'Sardegna Cafe', 'source': 'Kaart Ground Survey 2018'}"
OpenStreetMap,node,5667590691,osm_node_5667590691,Cafe El Hobous,,,Morocco,Casablanca,,,,33.5661447,-7.6708737,,,,,[],[],,,,,,,,,,,,,2026-07-14T15:14:39.523505,"{'amenity': 'cafe', 'name': 'Cafe El Hobous', 'source': 'Kaart Ground Survey 2018'}"
OpenStreetMap,node,5670372089,osm_node_5670372089,Cafe Befana,,,Morocco,Casablanca,,Rue Sidi Al Khadir,,33.5691707,-7.6845764,,,,,[],[],,,,,,,,,,,,,2026-07-14T15:14:39.523536,"{'addr:street': 'Rue Sidi Al Khadir', 'amenity': 'cafe', 'name': 'Cafe Befana', 'source': 'Kaart Ground Survey 2018'}"
OpenStreetMap,node,5670372156,osm_node_5670372156,Café Al Maati,,,Morocco,Casablanca,,Derb Nejma,,33.5736895,-7.6795205,,,,,[],[],,,,,,,,,,,,,2026-07-14T15:14:39.523566,"{'addr:street': 'Derb Nejma', 'amenity': 'cafe', 'name': 'Café Al Maati', 'source': 'Kaart Ground Survey 2018'}"
OpenStreetMap,node,5670602624,osm_node_5670602624,Pharma Granada,,,Morocco,Casablanca,,Rue 25,,33.5674554,-7.6939843,,,,,[],[],,,,,,,,,,,,,2026-07-14T15:14:39.523615,"{'addr:street': 'Rue 25', 'amenity': 'restaurant', 'name': 'Pharma Granada', 'source': 'Kaart Ground Survey 2018'}"
OpenStreetMap,node,5670651539,osm_node_5670651539,Café Catalonia,,,Morocco,Casablanca,,,,33.5322546,-7.6695856,,,,,[],[],,,,,,,,,,,,,2026-07-14T15:14:39.523642,"{'amenity': 'cafe', 'name': 'Café Catalonia', 'source': 'Kaart Ground Survey 2018'}"
OpenStreetMap,node,5670651672,osm_node_5670651672,Café Jardin L'Oulfa,,,Morocco,Casablanca,,,,33.5311897,-7.6858364,,,,,[],[],,,,,,,,,,,,,2026-07-14T15:14:39.523671,"{'amenity': 'cafe', 'name': ""Café Jardin L'Oulfa"", 'name:fr': ""Café Jardin L'Oulfa"", 'source': 'Kaart Ground Survey 2018'}"
OpenStreetMap,node,5670651684,osm_node_5670651684,"Cafe, Glacier, Pizzaria",,,Morocco,Casablanca,,,,33.5372,-7.6815435,,,,,[],[],,,,,,,,,,,,,2026-07-14T15:14:39.523698,"{'amenity': 'cafe', 'name': 'Cafe, Glacier, Pizzaria', 'source': 'Kaart Ground Survey 2018'}"
OpenStreetMap,node,5670719288,osm_node_5670719288,Espace Hassania,,,Morocco,Casablanca,,Rue 52,,33.5673557,-7.6965867,,,,,[],[],,,,,,,,,,,,,2026-07-14T15:14:39.523729,"{'addr:street': 'Rue 52', 'amenity': 'restaurant', 'name': 'Espace Hassania', 'source': 'Kaart Ground Survey 2018'}"
OpenStreetMap,node,5670832649,osm_node_5670832649,Cafe Faraj,,,Morocco,Casablanca,,,,33.5168366,-7.6513767,,,,,[],[],,,,,,,,,,,,,2026-07-14T15:14:39.523758,"{'amenity': 'cafe', 'name': 'Cafe Faraj', 'source': 'Kaart Ground Survey 2018'}"
OpenStreetMap,node,5670832703,osm_node_5670832703,Café Raison,,,Morocco,Casablanca,,,,33.5078376,-7.6534823,,,,,[],[],,,,,,,,,,,,,2026-07-14T15:14:39.523784,"{'amenity': 'cafe', 'name': 'Café Raison', 'source': 'Kaart Ground Survey 2018'}"
OpenStreetMap,node,5670832718,osm_node_5670832718,Café Zagora,,,Morocco,Casablanca,,Boulevard Abu Baker El Kadiri,,33.5097117,-7.6572843,,,,,[],[],,,,,,,,,,,,,2026-07-14T15:14:39.523815,"{'addr:street': 'Boulevard Abu Baker El Kadiri', 'amenity': 'cafe', 'name': 'Café Zagora', 'source': 'Kaart Ground Survey 2018'}"
OpenStreetMap,node,5670833173,osm_node_5670833173,Pizza Hut,,,Morocco,Casablanca,,,,33.5325229,-7.6476485,,,,,['pizza'],[],,,,,,,,,,,,,2026-07-14T15:14:39.523844,"{'amenity': 'restaurant', 'cuisine': 'pizza', 'name': 'Pizza Hut', 'source': 'Kaart Ground Survey 2018'}"
OpenStreetMap,node,5670838722,osm_node_5670838722,Cafe Meftah,,,Morocco,Casablanca,,,,33.5180453,-7.6514947,,,,,[],[],,,,,,,,,,,,,2026-07-14T15:14:39.523870,"{'amenity': 'cafe', 'name': 'Cafe Meftah', 'source': 'Kaart Ground Survey 2018'}"
OpenStreetMap,node,5670838727,osm_node_5670838727,Cafe Cheraga,,,Morocco,Casablanca,,,,33.5183941,-7.6515403,,,,,[],[],,,,,,,,,,,,,2026-07-14T15:14:39.523895,"{'amenity': 'cafe', 'name': 'Cafe Cheraga', 'source': 'Kaart Ground Survey 2018'}"
OpenStreetMap,node,5673176955,osm_node_5673176955,Café Miagara,,,Morocco,Casablanca,,Rue 177,,33.551329,-7.6768705,,,,,[],[],,,,,,,,,,,,,2026-07-14T15:14:39.523925,"{'addr:street': 'Rue 177', 'amenity': 'cafe', 'name': 'Café Miagara', 'source': 'Kaart Ground Survey 2018'}"
OpenStreetMap,node,5673409918,osm_node_5673409918,Nescafe,,,Morocco,Casablanca,,Route Sidi Massoud,,33.5148698,-7.6467338,,,,,[],[],,,,,,,,,,,,,2026-07-14T15:14:39.523954,"{'addr:street': 'Route Sidi Massoud', 'amenity': 'cafe', 'name': 'Nescafe', 'source': 'Kaart Ground Survey 2018'}"
OpenStreetMap,node,5673410094,osm_node_5673410094,Ben Haddou,,,Morocco,Casablanca,,,,33.5058606,-7.6525462,,,,,[],[],,,,,,,,,,,,,2026-07-14T15:14:39.523980,"{'amenity': 'cafe', 'name': 'Ben Haddou', 'source': 'Kaart Ground Survey 2018'}"
OpenStreetMap,node,5673410110,osm_node_5673410110,Café el Omary,,,Morocco,Casablanca,,,,33.5081339,-7.6538645,,,,,[],[],,,,,,,,,,,,,2026-07-14T15:14:39.524007,"{'amenity': 'cafe', 'name': 'Café el Omary', 'source': 'Kaart Ground Survey 2018'}"
OpenStreetMap,node,5673410119,osm_node_5673410119,Cafe al Jazzira,,,Morocco,Casablanca,,,,33.50787,-7.6549186,,,,,[],[],,,,,,,,,,,,,2026-07-14T15:14:39.524039,"{'amenity': 'cafe', 'name': 'Cafe al Jazzira', 'source': 'Kaart Ground Survey 2018'}"
OpenStreetMap,node,5673410228,osm_node_5673410228,Cafe Tassalmat,,,Morocco,Casablanca,,,,33.5078018,-7.6556669,,,,,[],[],,,,,,,,,,,,,2026-07-14T15:14:39.524066,"{'amenity': 'cafe', 'name': 'Cafe Tassalmat', 'source': 'Kaart Ground Survey 2018'}"
OpenStreetMap,node,5673410289,osm_node_5673410289,Cafe Monaco,,,Morocco,Casablanca,,Boulevard Abu Baker El Kadiri,,33.517962,-7.6533314,,,,,[],[],,,,,,,,,,,,,2026-07-14T15:14:39.524098,"{'addr:street': 'Boulevard Abu Baker El Kadiri', 'amenity': 'cafe', 'name': 'Cafe Monaco', 'source': 'Kaart Ground Survey 2018'}"
OpenStreetMap,node,5673410627,osm_node_5673410627,Fusion Cafe,,,Morocco,Casablanca,,Boulevard Abu Baker El Kadiri,,33.5273932,-7.6493745,,,,,[],[],,,,,,,,,,,,,2026-07-14T15:14:39.524129,"{'addr:street': 'Boulevard Abu Baker El Kadiri', 'amenity': 'cafe', 'name': 'Fusion Cafe', 'source': 'Kaart Ground Survey 2018'}"
OpenStreetMap,node,5673410656,osm_node_5673410656,ستاربكس,ستاربكس,,Morocco,Casablanca,,Boulevard de Fès,,33.5409923,-7.6426891,,,,,['coffee_shop'],['Takeaway'],,,,,,,,,,,,,2026-07-14T15:14:39.524169,"{'addr:street': 'Boulevard de Fès', 'amenity': 'cafe', 'brand': 'ستاربكس', 'brand:ar': 'ستاربكس', 'brand:en': 'Starbucks', 'brand:wikidata': 'Q37158', 'cuisine': 'coffee_shop', 'name': 'ستاربكس', 'name:ar': 'ستاربكس', 'name:en': 'Starbucks', 'official_name': 'ستاربكس كافية', 'official_name:ar': 'ستاربكس كافية', 'official_name:en': 'Starbucks Coffee', 'source': 'Kaart Ground Survey 2018', 'takeaway': 'yes'}"
OpenStreetMap,node,5673630795,osm_node_5673630795,Bla Bla...Bla Bla...,,,Morocco,Casablanca,,Boulevard Oued Sebou,,33.5602911,-7.6730496,,,,,[],[],,,,,,,,,,,,,2026-07-14T15:14:39.524200,"{'addr:street': 'Boulevard Oued Sebou', 'amenity': 'cafe', 'name': 'Bla Bla...Bla Bla...', 'source': 'Kaart Ground Survey 2018'}"
OpenStreetMap,node,5673630801,osm_node_5673630801,Cafe Passage D'or,,,Morocco,Casablanca,,Boulevard Oued Sebou,,33.5557325,-7.6745416,,,,,[],[],,,,,,,,,,,,,2026-07-14T15:14:39.524231,"{'addr:street': 'Boulevard Oued Sebou', 'amenity': 'cafe', 'name': ""Cafe Passage D'or"", 'source': 'Kaart Ground Survey 2018'}"
OpenStreetMap,node,5673670122,osm_node_5673670122,Café Evora,,,Morocco,Casablanca,,,,33.5219641,-7.6502596,,,,,[],[],,,,,,,,,,,,,2026-07-14T15:14:39.524257,"{'amenity': 'cafe', 'name': 'Café Evora', 'source': 'Kaart Ground Survey 2018'}"
OpenStreetMap,node,5676047857,osm_node_5676047857,Le Miam's,,,Morocco,Casablanca,,,,33.5214621,-7.6439658,,,,,[],[],,,,,,,,,,,,,2026-07-14T15:14:39.524283,"{'amenity': 'fast_food', 'lanes': '2', 'name': ""Le Miam's"", 'source': 'Kaart Ground Survey 2018', 'surface': 'asphalt'}"
OpenStreetMap,node,5676047862,osm_node_5676047862,Dubai Chaimaa,,,Morocco,Casablanca,,,,33.5215594,-7.6445223,,,,,[],[],,,,,,,,,,,,,2026-07-14T15:14:39.524310,"{'amenity': 'cafe', 'check_date:opening_hours': '2023-12-08', 'lanes': '2', 'name': 'Dubai Chaimaa', 'opening_hours:signed': 'no', 'source': 'Kaart Ground Survey 2018', 'surface': 'asphalt'}"
OpenStreetMap,node,5676047867,osm_node_5676047867,Cafe Gout Essential,,,Morocco,Casablanca,,,,33.5221889,-7.6480803,,,,,[],[],,,,,,,,,,,,,2026-07-14T15:14:39.524339,"{'amenity': 'cafe', 'lanes': '2', 'name': 'Cafe Gout Essential', 'source': 'Kaart Ground Survey 2018', 'surface': 'asphalt'}"
OpenStreetMap,node,5676425504,osm_node_5676425504,Espace Titrite,,,Morocco,Casablanca,,Rue 70,,33.5537119,-7.6834244,,,,,[],[],,,,,,,,,,,,,2026-07-14T15:14:39.524369,"{'addr:street': 'Rue 70', 'amenity': 'cafe', 'name': 'Espace Titrite', 'source': 'Kaart Ground Survey 2018'}"
OpenStreetMap,node,5676427668,osm_node_5676427668,Espace Coin Soleil,,,Morocco,Casablanca,,Boulevard Oued Sebou,,33.5538454,-7.6855058,,,,,[],[],,,,,,,,,,,,,2026-07-14T15:14:39.524400,"{'addr:street': 'Boulevard Oued Sebou', 'amenity': 'cafe', 'name': 'Espace Coin Soleil', 'source': 'Kaart Ground Survey 2018'}"
OpenStreetMap,node,5682883543,osm_node_5682883543,Diana,,,Morocco,Casablanca,,Boulevard Oued Tensift,,33.5527557,-7.6848648,,,,,[],[],,,,,,,,,,,,,2026-07-14T15:14:39.524440,"{'addr:street': 'Boulevard Oued Tensift', 'amenity': 'cafe', 'name': 'Diana', 'source': 'Kaart Ground Survey 2018'}"
OpenStreetMap,node,5682883556,osm_node_5682883556,Red Rose,,,Morocco,Casablanca,,Boulevard Oued Oum Rbia,,33.5562645,-7.6832762,,,,,[],[],,,,,,,,,,,,,2026-07-14T15:14:39.524471,"{'addr:street': 'Boulevard Oued Oum Rbia', 'amenity': 'restaurant', 'name': 'Red Rose', 'source': 'Kaart Ground Survey 2018'}"
OpenStreetMap,node,5682994604,osm_node_5682994604,Café Genova,,,Morocco,Casablanca,,Boulevard Oued Ouargha,,33.5544774,-7.6895177,,,,,[],[],,,,,,,,,,,,,2026-07-14T15:14:39.524530,"{'addr:street': 'Boulevard Oued Ouargha', 'amenity': 'cafe', 'name': 'Café Genova', 'source': 'KaartGroundSurvey2018'}"
OpenStreetMap,node,5683342513,osm_node_5683342513,Nescafé,,,Morocco,Casablanca,,Rue du Pelvoux,,33.581246,-7.6363711,,,,,[],[],,,,,,,,,,,,,2026-07-14T15:14:39.524560,"{'addr:housenumber': '161', 'addr:street': 'Rue du Pelvoux', 'amenity': 'cafe', 'name': 'Nescafé', 'source': 'Kaart Ground Survey 2018'}"
OpenStreetMap,node,5685625621,osm_node_5685625621,Riviera Valencia,,,Morocco,Casablanca,,,,33.5400975,-7.6806255,,,,,[],[],,,,,,,,,,,,,2026-07-14T15:14:39.524587,"{'amenity': 'restaurant', 'name': 'Riviera Valencia', 'source': 'Kaart Ground Survey 2018'}"
OpenStreetMap,node,5685625668,osm_node_5685625668,Bella Festa Cafe,,,Morocco,Casablanca,,Boulevard Oued Daoura,,33.5413041,-7.6769194,,,,,[],[],,,,,,,,,,,,,2026-07-14T15:14:39.524620,"{'addr:street': 'Boulevard Oued Daoura', 'amenity': 'cafe', 'name': 'Bella Festa Cafe', 'source': 'Kaart Ground Survey 2018'}"
OpenStreetMap,node,5685625715,osm_node_5685625715,Le Mirador,,,Morocco,Casablanca,,Route Haj Fateh,,33.5431636,-7.6849392,,,,,[],[],,,,,,,,,,,,,2026-07-14T15:14:39.524650,"{'addr:street': 'Route Haj Fateh', 'amenity': 'cafe', 'name': 'Le Mirador', 'source': 'Kaart Ground Survey 2018'}"
OpenStreetMap,node,5685625727,osm_node_5685625727,Cafe Zine Eddine,,,Morocco,Casablanca,,Route Haj Fateh,,33.5508389,-7.6891778,,,,,[],[],,,,,,,,,,,,,2026-07-14T15:14:39.524681,"{'addr:street': 'Route Haj Fateh', 'amenity': 'cafe', 'name': 'Cafe Zine Eddine', 'source': 'Kaart Ground Survey 2018'}"
OpenStreetMap,node,5685625732,osm_node_5685625732,Casa Paris,,,Morocco,Casablanca,,Route Haj Fateh,,33.5513967,-7.6894259,,,,,[],[],,,,,,,,,,,,,2026-07-14T15:14:39.524710,"{'addr:street': 'Route Haj Fateh', 'amenity': 'cafe', 'name': 'Casa Paris', 'source': 'Kaart Ground Survey 2018'}"
OpenStreetMap,node,5685625737,osm_node_5685625737,Café Primo,,,Morocco,Casablanca,,Route Haj Fateh,,33.5518163,-7.6896451,,,,,[],[],,,,,,,,,,,,,2026-07-14T15:14:39.524740,"{'addr:street': 'Route Haj Fateh', 'amenity': 'cafe', 'name': 'Café Primo', 'source': 'Kaart Ground Survey 2018'}"
OpenStreetMap,node,5685625742,osm_node_5685625742,Les Poussins,,,Morocco,Casablanca,,Route Haj Fateh,,33.5519516,-7.6897169,,,,,[],[],,,,,,,,,,,,,2026-07-14T15:14:39.524770,"{'addr:street': 'Route Haj Fateh', 'amenity': 'restaurant', 'name': 'Les Poussins', 'source': 'Kaart Ground Survey 2018'}"
OpenStreetMap,node,5685795249,osm_node_5685795249,Espace Familia,,,Morocco,Casablanca,,,,33.5453119,-7.6801595,,,,,[],[],,,,,,,,,,,,,2026-07-14T15:14:39.524796,"{'amenity': 'restaurant', 'name': 'Espace Familia', 'source': 'Kaart Ground Survey 2018'}"
OpenStreetMap,node,5685795278,osm_node_5685795278,Espace Nour Al Khalil,,,Morocco,Casablanca,,Boulevard Oued Daoura,,33.5419262,-7.6775792,,,,,[],[],,,,,,,,,,,,,2026-07-14T15:14:39.524828,"{'addr:street': 'Boulevard Oued Daoura', 'amenity': 'restaurant', 'name': 'Espace Nour Al Khalil', 'source': 'Kaart Ground Survey 2018'}"
OpenStreetMap,node,5685795422,osm_node_5685795422,Marbella,,,Morocco,Casablanca,,Boulevard Oued Daoura,,33.5435263,-7.6786152,,,,,[],[],,,,,,,,,,,,,2026-07-14T15:14:39.524857,"{'addr:street': 'Boulevard Oued Daoura', 'amenity': 'restaurant', 'name': 'Marbella', 'source': 'Kaart Ground Survey 2018'}"
OpenStreetMap,node,5685795451,osm_node_5685795451,Cafe Extra Pool,,,Morocco,Casablanca,,Route Haj Fateh,,33.5514296,-7.68911,,,,,[],[],,,,,,,,,,,,,2026-07-14T15:14:39.524887,"{'addr:street': 'Route Haj Fateh', 'amenity': 'cafe', 'name': 'Cafe Extra Pool', 'source': 'Kaart Ground Survey 2018'}"
OpenStreetMap,node,5686129283,osm_node_5686129283,Corner 68,,,Morocco,Casablanca,,Boulevard HH 48,,33.5456204,-7.6729812,,,,,[],[],,,,,,,,,,,,,2026-07-14T15:14:39.524917,"{'addr:street': 'Boulevard HH 48', 'amenity': 'restaurant', 'name': 'Corner 68', 'source': 'Kaart Ground Survey 2018'}"
OpenStreetMap,node,5686168516,osm_node_5686168516,Cafe Emsi,,,Morocco,Casablanca,,Boulevard HH 48,,33.5446004,-7.6729403,,,,,[],[],,,,,,,,,,,,,2026-07-14T15:14:39.524948,"{'addr:street': 'Boulevard HH 48', 'amenity': 'cafe', 'name': 'Cafe Emsi', 'source': 'Kaart Ground Survey 2018'}"
OpenStreetMap,node,5688678913,osm_node_5688678913,,,,Morocco,Casablanca,,,,33.5394804,-7.6486811,,,,,[],[],,,,,,,,,,,,,2026-07-14T15:14:39.524970,"{'amenity': 'cafe', 'source': 'Kaart Ground Survey 2018'}"
OpenStreetMap,node,5688679141,osm_node_5688679141,Ara Café,,,Morocco,Casablanca,,Zanqat 60,,33.5342377,-7.6510991,,,,,[],[],,,,,,,,,,,,,2026-07-14T15:14:39.525000,"{'addr:street': 'Zanqat 60', 'amenity': 'cafe', 'name': 'Ara Café', 'source': 'Kaart Ground Survey 2018'}"
OpenStreetMap,node,5688679331,osm_node_5688679331,Tokyo Garden,,,Morocco,Casablanca,,Zanqat 30,,33.5354445,-7.648429,,,,,[],[],,,,,,,,,,,,,2026-07-14T15:14:39.525028,"{'addr:street': 'Zanqat 30', 'amenity': 'restaurant', 'name': 'Tokyo Garden', 'source': 'Kaart Ground Survey 2018'}"
OpenStreetMap,node,5688679336,osm_node_5688679336,TaTaRi Sushi and Thai,,,Morocco,Casablanca,,Zanqat 30,,33.5356496,-7.6484176,,,,,[],[],,,,,,,,,,,,,2026-07-14T15:14:39.525059,"{'addr:street': 'Zanqat 30', 'amenity': 'restaurant', 'name': 'TaTaRi Sushi and Thai', 'source': 'Kaart Ground Survey 2018'}"
OpenStreetMap,node,5706411108,osm_node_5706411108,La Pair d'As,,,Morocco,Casablanca,,,,33.5832219,-7.6421949,,,,,"['soba', 'sandwich']",[],,,,,,,,wlan,,,,,2026-07-14T15:14:39.525093,"{'amenity': 'cafe', 'cuisine': 'soba;sandwich', 'internet_access': 'wlan', 'name': ""La Pair d'As"", 'name:fr': ""La Pair d'As""}"
OpenStreetMap,node,5792613854,osm_node_5792613854,Café Ibiza,,,Morocco,Casablanca,,,,33.6143051,-7.4881318,,,,,[],[],,,,,,,,,,,,,2026-07-14T15:14:39.525119,"{'amenity': 'cafe', 'name': 'Café Ibiza', 'name:en': 'Café IBIZA'}"
OpenStreetMap,node,5907413295,osm_node_5907413295,Vanilla Sky Rooftop,,,Morocco,Casablanca,,,,33.6096966,-7.6513866,,,,,[],[],,,,,,,,,,,,,2026-07-14T15:14:39.525147,"{'amenity': 'restaurant', 'name': 'Vanilla Sky Rooftop', 'name:fr': 'Vanilla Sky Rooftop'}"
OpenStreetMap,node,6015104263,osm_node_6015104263,Duomo Caffe,,,Morocco,Casablanca,,,,33.6042498,-7.6337295,,,,,[],[],,,,,,,,,,,,,2026-07-14T15:14:39.525173,"{'amenity': 'cafe', 'name': 'Duomo Caffe'}"
OpenStreetMap,node,6015275348,osm_node_6015275348,Gusto Marina,,,Morocco,Casablanca,,,,33.6094083,-7.6247259,,,,,[],[],,,,,,,,,,,,,2026-07-14T15:14:39.525198,"{'amenity': 'restaurant', 'name': 'Gusto Marina'}"
OpenStreetMap,node,6027867149,osm_node_6027867149,فضاء عمر,,,Morocco,Casablanca,,,,33.5535777,-7.704828,,,,Mo-Su 09:00-22:00,['juice'],"['Takeaway', 'Outdoor Seating']",,,,,,,,,,,,,2026-07-14T15:14:39.525235,"{'addr:city': 'Casablanca', 'amenity': 'restaurant', 'capacity': '10', 'cuisine': 'juice', 'name': 'فضاء عمر', 'name:ar': 'فضاء عمر', 'name:en': ""Omar's Space"", 'name:fr': 'Espace Omar', 'opening_hours': 'Mo-Su 09:00-22:00', 'outdoor_seating': 'yes', 'takeaway': 'yes'}"
OpenStreetMap,node,6027868947,osm_node_6027868947,Laiterie Nacer محلبة ناصر,,,Morocco,Casablanca,,,,33.5526991,-7.7038912,,,,Mo-Su 09:00-23:00,"['sandwich', 'juice']","['Takeaway', 'Outdoor Seating']",,,,,,,,,,,,,2026-07-14T15:14:39.525275,"{'amenity': 'restaurant', 'capacity': '10', 'cuisine': 'sandwich;juice', 'delivery': 'no', 'name': 'Laiterie Nacer محلبة ناصر', 'name:ar': 'Laiterie Nacer محلبة ناصر', 'name:fr': 'Laiterie Nacer', 'opening_hours': 'Mo-Su 09:00-23:00', 'outdoor_seating': 'yes', 'takeaway': 'yes'}"
OpenStreetMap,node,6050899913,osm_node_6050899913,TacoS CO,,,Morocco,Casablanca,,,,33.6193434,-7.5330023,,,,,[],[],,,,,,,,,,,,,2026-07-14T15:14:39.525324,"{'amenity': 'fast_food', 'name': 'TacoS CO'}"
OpenStreetMap,node,6224994985,osm_node_6224994985,المواهب,,,Morocco,Casablanca,,,,33.546326,-7.5724608,,,,,[],[],,,,,,,,,,,,,2026-07-14T15:14:39.525348,"{'amenity': 'cafe', 'name': 'المواهب', 'name:ar': 'المواهب', 'name:fr': 'Al mawahib'}"
OpenStreetMap,node,6257781885,osm_node_6257781885,داكار,,,Morocco,Casablanca,,Boulevard de Khouribga,,33.5900211,-7.6044183,,,,,"['sandwich', 'pizza']",[],,,,,,,,,,,,,2026-07-14T15:14:39.525380,"{'addr:street': 'Boulevard de Khouribga', 'amenity': 'cafe', 'cuisine': 'sandwich;pizza', 'name': 'داكار', 'name:ar': 'داكار', 'name:en': 'Dakar', 'name:fr': 'Dakar'}"
OpenStreetMap,node,6260970489,osm_node_6260970489,,,,Morocco,Casablanca,,,,33.6006781,-7.6347699,,,,,[],[],,,,,,,,,,,,,2026-07-14T15:14:39.525401,"{'amenity': 'cafe', 'name:en': 'Cafe Emirates'}"
OpenStreetMap,node,6260970492,osm_node_6260970492,,,,Morocco,Casablanca,,,,33.5999574,-7.6374594,,,,,[],[],,,,,,,,,,,,,2026-07-14T15:14:39.525422,{'amenity': 'restaurant'}
OpenStreetMap,node,6260970496,osm_node_6260970496,,,,Morocco,Casablanca,,,,33.5999697,-7.6359755,,,,,[],[],,,,,,,,,,,,,2026-07-14T15:14:39.525443,{'amenity': 'cafe'}
OpenStreetMap,node,6260971185,osm_node_6260971185,,,,Morocco,Casablanca,,,,33.6001423,-7.6369729,,,,,[],[],,,,,,,,,,,,,2026-07-14T15:14:39.525464,"{'amenity': 'cafe', 'name:en': 'Cafe Jowhar'}"
OpenStreetMap,node,6260971188,osm_node_6260971188,,,,Morocco,Casablanca,,,,33.6000917,-7.6358436,,,,,[],[],,,,,,,,,,,,,2026-07-14T15:14:39.525484,{'amenity': 'cafe'}
OpenStreetMap,node,6286865999,osm_node_6286865999,Burger King,Burger King,,Morocco,Casablanca,,,,33.5865018,-7.5927968,,,,,['burger'],['Takeaway'],,,,,,,,,,,,,2026-07-14T15:14:39.525517,"{'amenity': 'fast_food', 'brand': 'Burger King', 'brand:wikidata': 'Q177054', 'cuisine': 'burger', 'name': 'Burger King', 'name:en': 'burger king', 'name:es': 'burger king', 'takeaway': 'yes'}"
OpenStreetMap,node,6286911289,osm_node_6286911289,Domino's,Domino's,,Morocco,Casablanca,,,,33.5862694,-7.592595,,,,,['pizza'],['Takeaway'],,,,,,,,,,,,,2026-07-14T15:14:39.525547,"{'amenity': 'fast_food', 'brand': ""Domino's"", 'brand:wikidata': 'Q839466', 'cuisine': 'pizza', 'name': ""Domino's"", 'name:en': 'Domino’s pizza', 'name:es': 'Domino’s pizza', 'takeaway': 'yes'}"
OpenStreetMap,node,6286923085,osm_node_6286923085,McDonald's,McDonald's,,Morocco,Casablanca,,,,33.5858757,-7.5928149,,,,,['burger'],['Takeaway'],,,,,,,,,,,,,2026-07-14T15:14:39.525603,"{'amenity': 'fast_food', 'brand': ""McDonald's"", 'brand:ar': 'مكدونالدز', 'brand:es': ""McDonald's"", 'brand:fr': ""McDonald's"", 'brand:wikidata': 'Q38076', 'brand:wikipedia': ""fr:McDonald's"", 'cuisine': 'burger', 'name': ""McDonald's"", 'name:ar': 'مكدونالدز', 'name:es': ""McDonald's"", 'name:fr': ""McDonald's"", 'takeaway': 'yes'}"
OpenStreetMap,node,6379795808,osm_node_6379795808,LV Lounge Casablanca,,,Morocco,Casablanca,,Rue de la Mer Jaune,20052,33.5942671,-7.676674,,,,,"['chicha', 'pizza']",['Outdoor Seating'],,,,,,,,,,,,,2026-07-14T15:14:39.525642,"{'addr:city': 'Casablanca', 'addr:housenumber': '4', 'addr:postcode': '20052', 'addr:street': 'Rue de la Mer Jaune', 'amenity': 'cafe', 'cuisine': 'chicha;pizza', 'name': 'LV Lounge Casablanca', 'outdoor_seating': 'yes'}"
OpenStreetMap,node,6379795809,osm_node_6379795809,LV LOUNGE CASABLANCA,,,Morocco,Casablanca,,Rue de la Mer Jaune,20052,33.5938024,-7.6776745,,,,,[],['Outdoor Seating'],,,,,,,,,,,,,2026-07-14T15:14:39.525678,"{'addr:city': 'Casablanca', 'addr:housenumber': '4', 'addr:postcode': '20052', 'addr:street': 'Rue de la Mer Jaune', 'amenity': 'cafe', 'name': 'LV LOUNGE CASABLANCA', 'outdoor_seating': 'yes'}"
OpenStreetMap,node,6405151085,osm_node_6405151085,سبع عيون,,,Morocco,Casablanca,,Boulevard de la Grande Ceinture شارع الحزام الكبير,,33.5830051,-7.5543149,,,,,[],[],,,,,,,,wlan,,,,,2026-07-14T15:14:39.525718,"{'addr:street': 'Boulevard de la Grande Ceinture شارع الحزام الكبير', 'amenity': 'cafe', 'internet_access': 'wlan', 'name': 'سبع عيون', 'name:ar': 'سبع عيون', 'name:en': 'Sbaa ayoun'}"
OpenStreetMap,node,6414954598,osm_node_6414954598,,,,Morocco,Casablanca,,,,33.6045098,-7.5367318,,,,,[],[],,,,,,,,,,,,,2026-07-14T15:14:39.525740,"{'amenity': 'restaurant', 'name:en': 'Kasebaa'}"
OpenStreetMap,node,6428032442,osm_node_6428032442,Guillaume Tell,,,Morocco,Casablanca,,,,33.5584027,-7.6365781,,,,,[],[],,,,,,,,,,,,,2026-07-14T15:14:39.525765,"{'amenity': 'restaurant', 'name': 'Guillaume Tell'}"
OpenStreetMap,node,6429124586,osm_node_6429124586,,,,Morocco,Casablanca,,,,33.592645,-7.6057098,,,,,[],[],,,,,,,,,,,,,2026-07-14T15:14:39.525786,"{'amenity': 'restaurant', 'name:en': 'Konak food'}"
OpenStreetMap,node,6429149188,osm_node_6429149188,,,,Morocco,Casablanca,,,,33.5952032,-7.6170338,,,,,"['italian_pizza', 'tea', 'pizza', 'burger', 'pasta', 'fish', 'moroccan', 'sandwich', 'local', 'grill']",[],,,,,,,,,,,,,2026-07-14T15:14:39.525814,"{'amenity': 'restaurant', 'cuisine': 'italian_pizza;tea;pizza;burger;pasta;fish;moroccan;sandwich;local;grill', 'name:en': 'Romano'}"
OpenStreetMap,node,6431526286,osm_node_6431526286,,,,Morocco,Casablanca,,,,33.5957634,-7.6121601,,,,,[],[],,,,,,,,,,,,,2026-07-14T15:14:39.525835,"{'amenity': 'restaurant', 'name:en': 'Miramar'}"
OpenStreetMap,node,6431526287,osm_node_6431526287,,,,Morocco,Casablanca,,,,33.5958763,-7.6115436,,,,,[],[],,,,,,,,,,,,,2026-07-14T15:14:39.525856,"{'amenity': 'restaurant', 'name:en': 'CTM Cafe restaurant'}"
OpenStreetMap,node,6437202685,osm_node_6437202685,Ramses,,,Morocco,Casablanca,,Place des Nations Unies,,33.5953961,-7.6177769,,,,,['moroccan'],[],,,,,,,,,,,,,2026-07-14T15:14:39.525888,"{'addr:street': 'Place des Nations Unies', 'amenity': 'restaurant', 'cuisine': 'moroccan', 'name': 'Ramses'}"
OpenStreetMap,node,6437206185,osm_node_6437206185,Bistro Titan,,,Morocco,Casablanca,,Boulevard Hassan Seghir,,33.5948269,-7.610347,,,,,[],[],,,,,,,,,,,,,2026-07-14T15:14:39.525917,"{'addr:street': 'Boulevard Hassan Seghir', 'amenity': 'bar', 'name': 'Bistro Titan'}"
OpenStreetMap,node,6474180285,osm_node_6474180285,,,,Morocco,Casablanca,,,,33.5926127,-7.6211353,,,,,[],[],,,,,,,,,,,,,2026-07-14T15:14:39.525939,"{'amenity': 'restaurant', 'name:en': 'Le Cuisto Traditionel', 'name:fr': 'Le Cuisto Traditionnel'}"
OpenStreetMap,node,6483107185,osm_node_6483107185,,,,Morocco,Casablanca,,Boulevard Ali Yata شارع علي يعتة,,33.6029539,-7.5326442,,,,,[],[],,,,,,,,wlan,,,,,2026-07-14T15:14:39.525971,"{'addr:street': 'Boulevard Ali Yata شارع علي يعتة', 'amenity': 'cafe', 'internet_access': 'wlan', 'name:en': 'Messi ice', 'name:fr': 'Messi ice'}"
OpenStreetMap,node,6525093728,osm_node_6525093728,Espace El Wyam,,,Morocco,Casablanca,,Boulevard Mohammed V,20300,33.5934545,-7.6008725,,,,,['coffee_shop'],['Outdoor Seating'],,,,,,,,wlan,,,,,2026-07-14T15:14:39.526010,"{'addr:city': 'Casablanca', 'addr:housenumber': '355', 'addr:postcode': '20300', 'addr:street': 'Boulevard Mohammed V', 'amenity': 'cafe', 'cuisine': 'coffee_shop', 'internet_access': 'wlan', 'internet_access:fee': 'no', 'name': 'Espace El Wyam', 'outdoor_seating': 'yes'}"
OpenStreetMap,node,6525264993,osm_node_6525264993,,,,Morocco,Casablanca,,Boulevard Chefchaouni,,33.6118535,-7.5305587,,,,Mo-Su 06:00-22:00,[],[],,,,,,,,,,,,,2026-07-14T15:14:39.526038,"{'addr:street': 'Boulevard Chefchaouni', 'amenity': 'cafe', 'opening_hours': 'Mo-Su 06:00-22:00'}"
OpenStreetMap,node,6525264995,osm_node_6525264995,,,,Morocco,Casablanca,,Boulevard de la Gare,,33.612038,-7.5308441,,,,,"['pasta', 'sandwich', 'pizza']",[],,,,,,,,,,,,,2026-07-14T15:14:39.526068,"{'addr:street': 'Boulevard de la Gare', 'amenity': 'fast_food', 'cuisine': 'pasta;sandwich;pizza', 'name:en': 'chef Anass', 'name:fr': 'chef Anass'}"
OpenStreetMap,node,6535812685,osm_node_6535812685,Le Gatsby,,,Morocco,Casablanca,,,,33.6075479,-7.6297906,,,,,[],['Outdoor Seating'],,,,,,,,,,,,,2026-07-14T15:14:39.526094,"{'amenity': 'restaurant', 'name': 'Le Gatsby', 'outdoor_seating': 'yes'}"
OpenStreetMap,node,6591948605,osm_node_6591948605,,,,Morocco,Casablanca,,Boulevard Lahcen Ouidder,,33.5874297,-7.6116605,,,,,[],[],,,,,,,,,,,,,2026-07-14T15:14:39.526120,"{'addr:street': 'Boulevard Lahcen Ouidder', 'amenity': 'cafe', 'name:fr': 'Glacier Le Raisin'}"
OpenStreetMap,node,6593095501,osm_node_6593095501,Street London,,,Morocco,Casablanca,,,,33.52237,-7.6428551,,,,,"['coffee_shop', 'pizza', 'burger', 'sandwich']",[],,,,,,,,,,,,,2026-07-14T15:14:39.526148,"{'amenity': 'restaurant', 'cuisine': 'coffee_shop;pizza;burger;sandwich', 'name': 'Street London'}"
OpenStreetMap,node,6593140334,osm_node_6593140334,c3002953,,,Morocco,Casablanca,,,,33.5217415,-7.6445565,,,,,[],[],,,,,,,,,,,,,2026-07-14T15:14:39.526172,"{'amenity': 'restaurant', 'check_date:opening_hours': '2023-12-08', 'name': 'c3002953', 'name:en': 'boufous abdelah 2953', 'opening_hours:signed': 'no'}"
OpenStreetMap,node,6593140335,osm_node_6593140335,Bistro Bouich,,,Morocco,Casablanca,,,,33.5228871,-7.6442839,,,,,[],[],,,,,,,,,,,,,2026-07-14T15:14:39.526196,"{'amenity': 'cafe', 'name': 'Bistro Bouich'}"
OpenStreetMap,node,6593140336,osm_node_6593140336,Soufloeuf,,,Morocco,Casablanca,,,,33.5231697,-7.6447584,,,,,[],[],,,,,,,,,,,,,2026-07-14T15:14:39.526219,"{'amenity': 'fast_food', 'name': 'Soufloeuf'}"
OpenStreetMap,node,6593140337,osm_node_6593140337,Coqueleto,,,Morocco,Casablanca,,,,33.5235755,-7.6455656,,,,,[],[],,,,,,,,,,,,,2026-07-14T15:14:39.526243,"{'amenity': 'fast_food', 'name': 'Coqueleto'}"
OpenStreetMap,node,6593140338,osm_node_6593140338,Casablanca shore,,,Morocco,Casablanca,,,,33.521459,-7.6433966,,,,,[],[],,,,,,,,,,,,,2026-07-14T15:14:39.526269,"{'amenity': 'fast_food', 'name': 'Casablanca shore'}"
OpenStreetMap,node,6593242334,osm_node_6593242334,Café Tres flores,,,Morocco,Casablanca,,,,33.5174306,-7.6457606,,,,,[],[],,,,,,,,,,,,,2026-07-14T15:14:39.526293,"{'amenity': 'cafe', 'name': 'Café Tres flores'}"
OpenStreetMap,node,6646667486,osm_node_6646667486,Le Riad,,,Morocco,Casablanca,,Rue Mohamed El Qorri,20100,33.5939635,-7.614938,+212522225850,,,Mo-Su 09:00-23:00,[],[],,,,,,,,,,,,,2026-07-14T15:14:39.526335,"{'addr:housenumber': '45', 'addr:postcode': '20100', 'addr:street': 'Rue Mohamed El Qorri', 'amenity': 'restaurant', 'name': 'Le Riad', 'name:fr': 'Le Riad', 'opening_hours': 'Mo-Su 09:00-23:00', 'phone': '+212 5 22 22 58 50'}"
OpenStreetMap,node,6670452787,osm_node_6670452787,حسن مول محلبة,,,Morocco,Casablanca,,,,33.5695489,-7.5378487,,,,,[],[],,,,,,,,,,,,,2026-07-14T15:14:39.526362,"{'amenity': 'bar', 'name': 'حسن مول محلبة', 'name:ar': 'حسن مول محلبة', 'name:en': 'Mahlabat hassan'}"
OpenStreetMap,node,6708015885,osm_node_6708015885,,,,Morocco,Casablanca,,Boulevard d'Anfa شارع أنفا,,33.5930049,-7.6315698,,,,24/7,[],[],,,,,,,,wlan,,,,,2026-07-14T15:14:39.526394,"{'addr:street': ""Boulevard d'Anfa شارع أنفا"", 'amenity': 'cafe', 'internet_access': 'wlan', 'opening_hours': '24/7'}"
OpenStreetMap,node,6731747388,osm_node_6731747388,مقهى المهدي ايس,,,Morocco,Casablanca,,Avenue Assalam شارع السلام,20600,33.5900658,-7.4938116,,,,,[],[],,,,,,,,,,,,,2026-07-14T15:14:39.526429,"{'addr:postcode': '20600', 'addr:street': 'Avenue Assalam شارع السلام', 'amenity': 'cafe', 'name': 'مقهى المهدي ايس', 'name:ar': 'مقهى المهدي ايس', 'name:en': 'Cafe Mehdi Ice'}"
OpenStreetMap,node,6770445987,osm_node_6770445987,Cafe rose marine,,,Morocco,Casablanca,,,,33.5949914,-7.5084597,,,,,[],[],,,,,,,,,,,,,2026-07-14T15:14:39.526454,"{'amenity': 'cafe', 'name': 'Cafe rose marine'}"
OpenStreetMap,node,6772941787,osm_node_6772941787,Cafe elkaram,,,Morocco,Casablanca,,,,33.5954261,-7.5086835,,,,,[],[],,,,,,,,,,,,,2026-07-14T15:14:39.526478,"{'amenity': 'cafe', 'name': 'Cafe elkaram'}"
OpenStreetMap,node,6778164685,osm_node_6778164685,Beg brader,,,Morocco,Casablanca,,,,33.5951563,-7.5076554,,,,,[],[],,,,,,,,,,,,,2026-07-14T15:14:39.526501,"{'amenity': 'cafe', 'name': 'Beg brader'}"
OpenStreetMap,node,6785673762,osm_node_6785673762,Raffaello Casablanca,,,Morocco,Casablanca,,Rue Des Rochers Ain Diab,20180,33.5921312,-7.6791656,+212661698978,,,,[],[],,,,,,,,,,,,,2026-07-14T15:14:39.526539,"{'addr:city': 'Casablanca', 'addr:housenumber': '2', 'addr:postcode': '20180', 'addr:street': 'Rue Des Rochers Ain Diab', 'amenity': 'restaurant', 'name': 'Raffaello Casablanca', 'phone': '+212 6 61 69 89 78'}"
OpenStreetMap,node,6785713355,osm_node_6785713355,Sicilia,,,Morocco,Casablanca,,Rue Des Rochers Ain Diab,20180,33.592135,-7.6792447,+212661698978,,,,[],[],,,,,,,,,,,,,2026-07-14T15:14:39.526574,"{'addr:city': 'Casablanca', 'addr:housenumber': '2', 'addr:postcode': '20180', 'addr:street': 'Rue Des Rochers Ain Diab', 'amenity': 'restaurant', 'name': 'Sicilia', 'phone': '+212 6 61 69 89 78'}"
OpenStreetMap,node,6856335264,osm_node_6856335264,Loscar,,,Morocco,Casablanca,,Boulevard d'Anfa شارع أنفا,20300,33.5911771,-7.6364102,+212625600000,,,Mo-Su 21:30-05:00,"['french', 'international', 'seafood', 'steak_house', 'turkish']",[],,,,,,,,wlan,,yes,,,2026-07-14T15:14:39.526624,"{'addr:city': 'Casablanca', 'addr:housenumber': '138', 'addr:postcode': '20300', 'addr:street': ""Boulevard d'Anfa شارع أنفا"", 'air_conditioning': 'yes', 'amenity': 'restaurant', 'bar': 'yes', 'capacity': '180', 'cuisine': 'french;international;seafood;steak_house;turkish', 'internet_access': 'wlan', 'internet_access:fee': 'no', 'internet_access:ssid': 'loscar wifi', 'name': 'Loscar', 'not:name': 'oscar_cabaret;oscar;loscar_cabaret', 'opening_hours': 'Mo-Su 21:30-05:00', 'payment:credit_cards': 'yes', 'payment:debit_cards': 'yes', 'phone': '+212 6 25 60 00 00', 'reservation': 'yes'}"
OpenStreetMap,node,6864809985,osm_node_6864809985,,,,Morocco,Casablanca,,,,33.6053778,-7.6288227,,,,,[],[],,,,,,,,,,,,,2026-07-14T15:14:39.526648,"{'amenity': 'restaurant', 'name:zh': '熊猫餐厅'}"
OpenStreetMap,node,6874408985,osm_node_6874408985,Whatsapp Cafe,,,Morocco,Casablanca,,Boulevard de Bordeaux,,33.6000202,-7.6363094,,,,,[],[],,,,,,,,wlan,,,,,2026-07-14T15:14:39.526684,"{'addr:street': 'Boulevard de Bordeaux', 'amenity': 'cafe', 'internet_access': 'wlan', 'name': 'Whatsapp Cafe'}"
OpenStreetMap,node,6886221985,osm_node_6886221985,Cafe Goulmima,,,Morocco,Casablanca,,Rue de Goulmima,,33.6008673,-7.6365876,,,,,[],[],,,,,,,,,,,,,2026-07-14T15:14:39.526713,"{'addr:street': 'Rue de Goulmima', 'amenity': 'cafe', 'name': 'Cafe Goulmima'}"
OpenStreetMap,node,6895071685,osm_node_6895071685,,,,Morocco,Casablanca,,Boulevard Ibrahim Roudani,,33.5826326,-7.6327982,+212665437445,,,,[],[],,,,,,,,wlan,,,,,2026-07-14T15:14:39.526747,"{'addr:housenumber': '304', 'addr:street': 'Boulevard Ibrahim Roudani', 'amenity': 'cafe', 'internet_access': 'wlan', 'name:en': 'Lk Coffee', 'phone': '+212 6 65 43 74 45'}"
OpenStreetMap,node,6938936087,osm_node_6938936087,Restaurant Rossignol,,,Morocco,Casablanca,,,,33.5902873,-7.6304589,,,,,[],[],,,,,,,,,,,,,2026-07-14T15:14:39.526773,"{'amenity': 'restaurant', 'name': 'Restaurant Rossignol', 'payment:credit_cards': 'yes', 'payment:debit_cards': 'yes'}"
OpenStreetMap,node,6992706601,osm_node_6992706601,La Kitchenette de Thi Hue,,,Morocco,Casablanca,,Rue Tamaârouft,,33.598658,-7.637643,+212522262613,,,"12:00-15:00,19:00-23:00, Mo-Sa open",['vietnamese'],['Delivery'],,,,https://www.facebook.com/LaKitchenetteCasa/,,,,,,,,,2026-07-14T15:14:39.526845,"{'addr:city': 'Casablanca ⵜⴰⴷⴷⴰⵔⵜ ⵜⵓⵎⵍⵉⵍⵜ الدار البيضاء', 'addr:housenumber': '5', 'addr:street': 'Rue Tamaârouft', 'amenity': 'restaurant', 'contact:facebook': 'https://www.facebook.com/LaKitchenetteCasa/', 'cuisine': 'vietnamese', 'delivery': 'yes', 'level': '0', 'mobile': '+212 672194681', 'name': 'La Kitchenette de Thi Hue', 'opening_hours': '12:00-15:00,19:00-23:00, Mo-Sa open', 'outdoor_seating': 'no', 'phone': '+212 522262613', 'toilets': 'yes'}"
OpenStreetMap,node,6992706602,osm_node_6992706602,,,,Morocco,Casablanca,,,,33.5975448,-7.6383168,,,,,['coffee_shop'],[],,,,,,,,,,,,,2026-07-14T15:14:39.526871,"{'amenity': 'cafe', 'cuisine': 'coffee_shop', 'name:en': ""Café d'Alesio""}"
OpenStreetMap,node,7007140785,osm_node_7007140785,Pizzeria,,,Morocco,Casablanca,,Rue de Goulmima,,33.6009809,-7.634836,,,,,[],[],,,,,,,,,,,,,2026-07-14T15:14:39.526900,"{'addr:street': 'Rue de Goulmima', 'amenity': 'fast_food', 'name': 'Pizzeria'}"
OpenStreetMap,node,7168676434,osm_node_7168676434,,,,Morocco,Casablanca,,,,33.6154116,-7.4979764,,,,,[],[],,,,,,,,,,,,,2026-07-14T15:14:39.526922,{'amenity': 'cafe'}
OpenStreetMap,node,7168676435,osm_node_7168676435,,,,Morocco,Casablanca,,,,33.6155993,-7.4980542,,,,,[],[],,,,,,,,,,,,,2026-07-14T15:14:39.526943,{'amenity': 'cafe'}
OpenStreetMap,node,7168676436,osm_node_7168676436,Café boustane,,,Morocco,Casablanca,,,,33.6157914,-7.4981454,,,,,[],[],,,,,,,,,,,,,2026-07-14T15:14:39.526968,"{'amenity': 'cafe', 'name': 'Café boustane'}"
OpenStreetMap,node,7168676437,osm_node_7168676437,Café breda,,,Morocco,Casablanca,,,,33.6157266,-7.4982876,,,,,[],[],,,,,,,,,,,,,2026-07-14T15:14:39.526992,"{'amenity': 'cafe', 'name': 'Café breda'}"
OpenStreetMap,node,7168676438,osm_node_7168676438,,,,Morocco,Casablanca,,,,33.6155792,-7.4989528,,,,,['seafood'],[],,,,,,,,,,,,,2026-07-14T15:14:39.527015,"{'amenity': 'restaurant', 'cuisine': 'seafood'}"
OpenStreetMap,node,7168676439,osm_node_7168676439,,,,Morocco,Casablanca,,,,33.6156841,-7.498478,,,,,[],[],,,,,,,,,,,,,2026-07-14T15:14:39.527037,{'amenity': 'cafe'}
OpenStreetMap,node,7168676440,osm_node_7168676440,,,,Morocco,Casablanca,,,,33.6152441,-7.4961391,,,,,[],[],,,,,,,,,,,,,2026-07-14T15:14:39.527058,{'amenity': 'cafe'}
OpenStreetMap,node,7168679401,osm_node_7168679401,Café Al falouja,,,Morocco,Casablanca,,,,33.6140938,-7.4991512,,,,,[],[],,,,,,,,,,,,,2026-07-14T15:14:39.527083,"{'amenity': 'cafe', 'name': 'Café Al falouja'}"
OpenStreetMap,node,7168679402,osm_node_7168679402,,,,Morocco,Casablanca,,,,33.6139072,-7.4972938,,,,,[],[],,,,,,,,,,,,,2026-07-14T15:14:39.527104,{'amenity': 'cafe'}
OpenStreetMap,node,7168679403,osm_node_7168679403,,,,Morocco,Casablanca,,,,33.6137676,-7.4972911,,,,,[],[],,,,,,,,,,,,,2026-07-14T15:14:39.527124,{'amenity': 'restaurant'}
OpenStreetMap,node,7168679404,osm_node_7168679404,,,,Morocco,Casablanca,,,,33.6139999,-7.4960399,,,,,[],[],,,,,,,,,,,,,2026-07-14T15:14:39.527145,{'amenity': 'cafe'}
OpenStreetMap,node,7168679405,osm_node_7168679405,City Pool,,,Morocco,Casablanca,,,,33.6142457,-7.4959916,,,,,[],[],,,,,,,,,,,,,2026-07-14T15:14:39.527168,"{'amenity': 'restaurant', 'name': 'City Pool'}"
OpenStreetMap,node,7168679406,osm_node_7168679406,Firstline,,,Morocco,Casablanca,,,,33.6127893,-7.4946881,,,,,[],[],,,,,,,,,,,,,2026-07-14T15:14:39.527192,"{'amenity': 'restaurant', 'name': 'Firstline'}"
OpenStreetMap,node,7168679407,osm_node_7168679407,,,,Morocco,Casablanca,,,,33.612682,-7.4946505,,,,,[],[],,,,,,,,,,,,,2026-07-14T15:14:39.527212,{'amenity': 'cafe'}
OpenStreetMap,node,7168679417,osm_node_7168679417,,,,Morocco,Casablanca,,,,33.6127982,-7.4991083,,,,,[],[],,,,,,,,,,,,,2026-07-14T15:14:39.527233,{'amenity': 'cafe'}
OpenStreetMap,node,7168679418,osm_node_7168679418,,,,Morocco,Casablanca,,,,33.6126597,-7.4990493,,,,,[],[],,,,,,,,,,,,,2026-07-14T15:14:39.527253,{'amenity': 'cafe'}
OpenStreetMap,node,7168679420,osm_node_7168679420,,,,Morocco,Casablanca,,,,33.6125838,-7.4990064,,,,,[],[],,,,,,,,,,,,,2026-07-14T15:14:39.527273,{'amenity': 'cafe'}
OpenStreetMap,node,7168801047,osm_node_7168801047,snack said,,,Morocco,Casablanca,,,,33.6150341,-7.497786,,,,,[],[],,,,,,,,,,,,,2026-07-14T15:14:39.527297,"{'amenity': 'restaurant', 'name': 'snack said'}"
OpenStreetMap,node,7168801048,osm_node_7168801048,snack ounain,,,Morocco,Casablanca,,,,33.6149359,-7.4982473,,,,,[],[],,,,,,,,,,,,,2026-07-14T15:14:39.527321,"{'amenity': 'restaurant', 'name': 'snack ounain'}"
OpenStreetMap,node,7168801069,osm_node_7168801069,,,,Morocco,Casablanca,,,,33.6113708,-7.4960908,,,,,[],[],,,,,,,,,,,,,2026-07-14T15:14:39.527342,{'amenity': 'cafe'}
OpenStreetMap,node,7168852339,osm_node_7168852339,,,,Morocco,Casablanca,,,,33.6085903,-7.5028747,,,,,[],[],,,,,,,,,,,,,2026-07-14T15:14:39.527364,{'amenity': 'cafe'}
OpenStreetMap,node,7168852368,osm_node_7168852368,,,,Morocco,Casablanca,,,,33.6097405,-7.5116697,,,,,[],[],,,,,,,,,,,,,2026-07-14T15:14:39.527384,{'amenity': 'cafe'}
OpenStreetMap,node,7168852369,osm_node_7168852369,,,,Morocco,Casablanca,,,,33.6095707,-7.5119969,,,,,[],[],,,,,,,,,,,,,2026-07-14T15:14:39.527405,{'amenity': 'cafe'}
OpenStreetMap,node,7168861988,osm_node_7168861988,,,,Morocco,Casablanca,,,,33.6089452,-7.5063106,,,,,[],[],,,,,,,,,,,,,2026-07-14T15:14:39.527425,{'amenity': 'restaurant'}
OpenStreetMap,node,7168861989,osm_node_7168861989,,,,Morocco,Casablanca,,,,33.6076362,-7.5051734,,,,,[],[],,,,,,,,,,,,,2026-07-14T15:14:39.527445,{'amenity': 'cafe'}
OpenStreetMap,node,7168861994,osm_node_7168861994,,,,Morocco,Casablanca,,,,33.606832,-7.5052002,,,,,[],[],,,,,,,,,,,,,2026-07-14T15:14:39.527466,{'amenity': 'restaurant'}
OpenStreetMap,node,7168971435,osm_node_7168971435,Café Oliva,,,Morocco,Casablanca,,,,33.6135334,-7.5024858,,,,,[],[],,,,,,,,,,,,,2026-07-14T15:14:39.527490,"{'amenity': 'cafe', 'name': 'Café Oliva'}"
OpenStreetMap,node,7168971436,osm_node_7168971436,مقهى كاليس,,,Morocco,Casablanca,,,,33.6143197,-7.5028935,,,,,[],[],,,,,,,,,,,,,2026-07-14T15:14:39.527516,"{'amenity': 'cafe', 'name': 'مقهى كاليس', 'name:en': 'Galice coffeshop'}"
OpenStreetMap,node,7169120784,osm_node_7169120784,,,,Morocco,Casablanca,,,,33.6030678,-7.525483,,,,,[],[],,,,,,,,,,,,,2026-07-14T15:14:39.527536,{'amenity': 'cafe'}
OpenStreetMap,node,7169432336,osm_node_7169432336,Café morocco,,,Morocco,Casablanca,,,,33.6053152,-7.5092047,,,,,[],[],,,,,,,,,,,,,2026-07-14T15:14:39.527560,"{'amenity': 'cafe', 'name': 'Café morocco'}"
OpenStreetMap,node,7169432353,osm_node_7169432353,,,,Morocco,Casablanca,,,,33.6087215,-7.5207977,,,,,[],[],,,,,,,,,,,,,2026-07-14T15:14:39.527581,{'amenity': 'cafe'}
OpenStreetMap,node,7169432354,osm_node_7169432354,Tacos de lyon,,,Morocco,Casablanca,,,,33.6086669,-7.5209317,,,,,[],[],,,,,,,,,,,,,2026-07-14T15:14:39.527605,"{'amenity': 'food_court', 'name': 'Tacos de lyon'}"
OpenStreetMap,node,7169432355,osm_node_7169432355,,,,Morocco,Casablanca,,,,33.6086247,-7.5210687,,,,,[],[],,,,,,,,,,,,,2026-07-14T15:14:39.527626,{'amenity': 'cafe'}
OpenStreetMap,node,7169432356,osm_node_7169432356,,,,Morocco,Casablanca,,,,33.6085577,-7.5212534,,,,,[],[],,,,,,,,,,,,,2026-07-14T15:14:39.527646,{'amenity': 'cafe'}
OpenStreetMap,node,7169432358,osm_node_7169432358,Venizia ice ain sebaa,,,Morocco,Casablanca,,,,33.6084212,-7.5216437,,,,,[],[],,,,,,,,,,,,,2026-07-14T15:14:39.527672,"{'amenity': 'cafe', 'name': 'Venizia ice ain sebaa'}"
OpenStreetMap,node,7169432360,osm_node_7169432360,,,,Morocco,Casablanca,,,,33.6083743,-7.5218105,,,,,[],[],,,,,,,,,,,,,2026-07-14T15:14:39.527692,{'amenity': 'cafe'}
OpenStreetMap,node,7169432361,osm_node_7169432361,,,,Morocco,Casablanca,,,,33.6083484,-7.5219194,,,,,[],[],,,,,,,,,,,,,2026-07-14T15:14:39.527723,{'amenity': 'cafe'}
OpenStreetMap,node,7169432362,osm_node_7169432362,,,,Morocco,Casablanca,,,,33.6082879,-7.5220776,,,,,[],[],,,,,,,,,,,,,2026-07-14T15:14:39.527743,{'amenity': 'cafe'}
OpenStreetMap,node,7169432363,osm_node_7169432363,,,,Morocco,Casablanca,,,,33.6082469,-7.5222177,,,,,[],[],,,,,,,,,,,,,2026-07-14T15:14:39.527763,{'amenity': 'cafe'}
OpenStreetMap,node,7169432364,osm_node_7169432364,,,,Morocco,Casablanca,,,,33.6081907,-7.5223525,,,,,[],[],,,,,,,,,,,,,2026-07-14T15:14:39.527784,{'amenity': 'cafe'}
OpenStreetMap,node,7169432365,osm_node_7169432365,,,,Morocco,Casablanca,,,,33.6078948,-7.5229905,,,,,[],[],,,,,,,,,,,,,2026-07-14T15:14:39.527804,{'amenity': 'cafe'}
OpenStreetMap,node,7169432368,osm_node_7169432368,,,,Morocco,Casablanca,,,,33.607195,-7.5241238,,,,,[],[],,,,,,,,,,,,,2026-07-14T15:14:39.527825,{'amenity': 'cafe'}
OpenStreetMap,node,7169432369,osm_node_7169432369,,,,Morocco,Casablanca,,,,33.6071215,-7.5242354,,,,,[],[],,,,,,,,,,,,,2026-07-14T15:14:39.527845,{'amenity': 'cafe'}
OpenStreetMap,node,7169432370,osm_node_7169432370,,,,Morocco,Casablanca,,,,33.6069919,-7.5244325,,,,,[],[],,,,,,,,,,,,,2026-07-14T15:14:39.527865,{'amenity': 'cafe'}
OpenStreetMap,node,7169432371,osm_node_7169432371,,,,Morocco,Casablanca,,,,33.6068839,-7.524614,,,,,[],[],,,,,,,,,,,,,2026-07-14T15:14:39.527885,{'amenity': 'restaurant'}
OpenStreetMap,node,7204137762,osm_node_7204137762,pizza badr,,,Morocco,Casablanca,,Rue Abou Jaafar Bnou Atia,20250,33.5947846,-7.6420504,+212522272734,https://www.instagram.com/pizzabadr,,Mo-Su 07:00-23:00,[],"['Delivery', 'Outdoor Seating']",,,,,,,,,,,,,2026-07-14T15:14:39.527945,"{'addr:city': 'Casablanca', 'addr:housenumber': '53', 'addr:postcode': '20250', 'addr:street': 'Rue Abou Jaafar Bnou Atia', 'amenity': 'restaurant', 'delivery': 'yes', 'name': 'pizza badr', 'opening_hours': 'Mo-Su 07:00-23:00', 'outdoor_seating': 'yes', 'phone': '+212 5 22 27 27 34', 'website': 'https://www.instagram.com/pizzabadr'}"
OpenStreetMap,node,7204137763,osm_node_7204137763,Pasta Pino,,,Morocco,Casablanca,,Boulevard Oued Daoura,,33.5481916,-7.6842292,+212522695698,https://www.instagram.com/pastapino,,Mo-Su 11:00-00:30,['international'],[],,,,,,,,,,,,,2026-07-14T15:14:39.527998,"{'addr:city': 'Casablanca ⵜⴰⴷⴷⴰⵔⵜ ⵜⵓⵎⵍⵉⵍⵜ الدار البيضاء', 'addr:housenumber': '174', 'addr:street': 'Boulevard Oued Daoura', 'amenity': 'restaurant', 'cuisine': 'international', 'name': 'Pasta Pino', 'opening_hours': 'Mo-Su 11:00-00:30', 'phone': '+212 5 22 69 56 98', 'website': 'https://www.instagram.com/pastapino'}"
OpenStreetMap,node,7257816185,osm_node_7257816185,,,,Morocco,Casablanca,,,,33.551613,-7.6024381,,,,,[],[],,,,,,,,,,,,,2026-07-14T15:14:39.528021,"{'amenity': 'cafe', 'name:fr': 'La manga'}"
OpenStreetMap,node,7260035185,osm_node_7260035185,Café place,,,Morocco,Casablanca,,Avenue Hassan II,,33.5945149,-7.6186611,,,,,[],[],,,,,,,,wlan,,,,,2026-07-14T15:14:39.528054,"{'addr:street': 'Avenue Hassan II', 'amenity': 'cafe', 'internet_access': 'wlan', 'name': 'Café place', 'name:ar': 'Café place verte'}"
OpenStreetMap,node,7464646096,osm_node_7464646096,Café Iyad,,,Morocco,Casablanca,,,,33.5837699,-7.6248973,,,,,[],[],,,,,,,,,,,,,2026-07-14T15:14:39.528080,"{'amenity': 'cafe', 'name': 'Café Iyad', 'name:fr': 'Café Iyad'}"
OpenStreetMap,node,7507282908,osm_node_7507282908,Blendcorner,,,Morocco,Casablanca,,Abbas Mahmoud Al Akkad,20250,33.5931096,-7.6324939,,,,,['burger'],[],,,,,,,,,,,,,2026-07-14T15:14:39.528114,"{'addr:city': 'Casablanca', 'addr:postcode': '20250', 'addr:street': 'Abbas Mahmoud Al Akkad', 'amenity': 'restaurant', 'cuisine': 'burger', 'name': 'Blendcorner', 'payment:credit_cards': 'yes', 'payment:debit_cards': 'yes'}"
OpenStreetMap,node,7543155848,osm_node_7543155848,Les Frères Gourmet,,,Morocco,Casablanca,,Rue Aïn Harrouda زنقة عين حرودة,,33.5901638,-7.6407301,,,,,[],[],,,,,,,,,,,,,2026-07-14T15:14:39.528149,"{'addr:street': 'Rue Aïn Harrouda زنقة عين حرودة', 'amenity': 'cafe', 'name': 'Les Frères Gourmet'}"
OpenStreetMap,node,7552940084,osm_node_7552940084,Snack le Rayon,,,Morocco,Casablanca,,Boulevard Ziraoui شارع الزيراوي,20100,33.5944438,-7.6338089,,,,,['sandwich'],[],,,,,,,,,,,,,2026-07-14T15:14:39.528185,"{'addr:housenumber': '275', 'addr:postcode': '20100', 'addr:street': 'Boulevard Ziraoui شارع الزيراوي', 'amenity': 'restaurant', 'cuisine': 'sandwich', 'name': 'Snack le Rayon', 'opening_hours:covid19': 'restricted'}"
OpenStreetMap,node,7552941286,osm_node_7552941286,STR'EAT BURGER,,,Morocco,Casablanca,,Boulevard Ziraoui,20250,33.5941785,-7.6343386,+212520447626,,,12:00-06:00,['burger'],[],,,,,,,,,,,,,2026-07-14T15:14:39.528225,"{'addr:city': 'Casablanca', 'addr:postcode': '20250', 'addr:street': 'Boulevard Ziraoui', 'amenity': 'restaurant', 'cuisine': 'burger', 'name': ""STR'EAT BURGER"", 'opening_hours': '12:00-06:00', 'phone': '+212 5 20 44 76 26'}"
OpenStreetMap,node,7563521210,osm_node_7563521210,Boston Club,,,Morocco,Casablanca,,,,33.5925936,-7.6376382,,,,,[],[],,,,,,,,,,,,,2026-07-14T15:14:39.528250,"{'amenity': 'cafe', 'name': 'Boston Club'}"
OpenStreetMap,node,7563521211,osm_node_7563521211,Food Place,,,Morocco,Casablanca,,,,33.5937567,-7.6349208,,,,,[],[],,,,,,,,,,,,,2026-07-14T15:14:39.528274,"{'amenity': 'restaurant', 'name': 'Food Place'}"
OpenStreetMap,node,7563521213,osm_node_7563521213,Manhattan Club,,,Morocco,Casablanca,,,,33.5922629,-7.6364883,,,,,[],[],,,,,,,,,,,,,2026-07-14T15:14:39.528298,"{'amenity': 'cafe', 'name': 'Manhattan Club'}"
OpenStreetMap,node,7563657088,osm_node_7563657088,Fayrouz,,,Morocco,Casablanca,,Boulevard Ziraoui,20100,33.5942943,-7.6340776,+212522200329,https://www.restaurantfayrouz.com/,,We 11:00-06:00; Th 11:00-06:00; Fr 11:00-06:00; Sa 11:00-06:00; Su 11:00-06:00; Mo 11:00-06:00; Tu 11:00-06:00,"['kebab', 'Chawarma']",[],,,,,,,,,,,,,2026-07-14T15:14:39.528363,"{'addr:city': 'Casablanca', 'addr:housenumber': '275 Boulevard Ziraoui', 'addr:postcode': '20100', 'addr:street': 'Boulevard Ziraoui', 'amenity': 'restaurant', 'cuisine': 'kebab;Chawarma', 'name': 'Fayrouz', 'opening_hours': 'We 11:00-06:00; Th 11:00-06:00; Fr 11:00-06:00; Sa 11:00-06:00; Su 11:00-06:00; Mo 11:00-06:00; Tu 11:00-06:00', 'opening_hours:covid19': 'off', 'phone': '+212 5 22 20 03 29', 'website': 'https://www.restaurantfayrouz.com/'}"
OpenStreetMap,node,7563657089,osm_node_7563657089,Campus café,,,Morocco,Casablanca,,Rue Abbas Mahmoud Al Akkad,20100,33.5942762,-7.6337443,,,,,"['coffee_shop', 'snack']",['Outdoor Seating'],,,,,,,,wlan,,,,,2026-07-14T15:14:39.528405,"{'addr:city': 'Casablanca', 'addr:postcode': '20100', 'addr:street': 'Rue Abbas Mahmoud Al Akkad', 'amenity': 'cafe', 'cuisine': 'coffee_shop;snack', 'internet_access': 'wlan', 'internet_access:fee': 'no', 'name': 'Campus café', 'opening_hours:covid19': 'off', 'outdoor_seating': 'yes'}"
OpenStreetMap,node,7563657090,osm_node_7563657090,Happy Rolls,,,Morocco,Casablanca,,Boulevard Ziraoui,20000,33.5938919,-7.6348494,+212693731866,https://www.facebook.com/HappyRollsCasa/,,,['ice_cream'],[],,,,,,,,,,,,,2026-07-14T15:14:39.528457,"{'addr:city': 'Casablanca', 'addr:housenumber': '305', 'addr:postcode': '20000', 'addr:street': 'Boulevard Ziraoui', 'amenity': 'restaurant', 'cuisine': 'ice_cream', 'name': 'Happy Rolls', 'opening_hours:covid19': 'off', 'phone': '+212 6 93 73 18 66', 'website': 'https://www.facebook.com/HappyRollsCasa/'}"
OpenStreetMap,node,7564280588,osm_node_7564280588,lady killer chicha,,,Morocco,Casablanca,,,,33.5933143,-7.6347517,,,,,[],[],,,,,,,,no,,,,,2026-07-14T15:14:39.528487,"{'amenity': 'cafe', 'internet_access': 'no', 'name': 'lady killer chicha'}"
OpenStreetMap,node,7695162824,osm_node_7695162824,Cafe Luxia,,,Morocco,Casablanca,,Boulevard de Sefrou,20480,33.5476073,-7.589932,,,,Mo-Su 07:00-22:00,['coffee_shop'],['Outdoor Seating'],,,,,,,,yes,,,,,2026-07-14T15:14:39.528528,"{'addr:postcode': '20480', 'addr:street': 'Boulevard de Sefrou', 'amenity': 'cafe', 'cuisine': 'coffee_shop', 'internet_access': 'yes', 'internet_access:fee': 'no', 'name': 'Cafe Luxia', 'opening_hours': 'Mo-Su 07:00-22:00', 'outdoor_seating': 'yes'}"
OpenStreetMap,node,7844763985,osm_node_7844763985,مقهى اللوز,,,Morocco,Casablanca,,,,33.5718876,-7.530787,,,,Mo-Su 06:00-23:00,[],[],,,,,,,,wlan,,,,,2026-07-14T15:14:39.528561,"{'amenity': 'cafe', 'internet_access': 'wlan', 'name': 'مقهى اللوز', 'name:ar': 'مقهى اللوز', 'name:en': 'Café El-louz', 'opening_hours': 'Mo-Su 06:00-23:00'}"
OpenStreetMap,node,7923968085,osm_node_7923968085,Gapi,,,Morocco,Casablanca,,,,33.5889659,-7.6470317,,,,,[],[],,,,,,,,,,,,,2026-07-14T15:14:39.528585,"{'amenity': 'restaurant', 'name': 'Gapi'}"
OpenStreetMap,node,8303537061,osm_node_8303537061,Bonne Bouchée,,,Morocco,Casablanca,,Centre Commercial CasaView ETG 1 Magasin 17,20190,33.5091824,-7.6711135,+212655213237,https://www.bonne-bouchee.com/,,Mo-Su 08:00-22:00,"['regional', 'french', 'italian', 'european', 'moroccan']","['Delivery', 'Takeaway']",,,,,,,,wlan,,,,,2026-07-14T15:14:39.528650,"{'addr:city': 'Casablanca ⵜⴰⴷⴷⴰⵔⵜ ⵜⵓⵎⵍⵉⵍⵜ الدار البيضاء', 'addr:postcode': '20190', 'addr:street': 'Centre Commercial CasaView ETG 1 Magasin 17', 'air_conditioning': 'yes', 'amenity': 'restaurant', 'cuisine': 'regional;french;italian;european;moroccan', 'delivery': 'yes', 'diet:halal': 'yes', 'internet_access': 'wlan', 'name': 'Bonne Bouchée', 'opening_hours': 'Mo-Su 08:00-22:00', 'phone': '+212 6 55 21 32 37', 'takeaway': 'yes', 'website': 'https://www.bonne-bouchee.com/'}"
OpenStreetMap,node,8321449219,osm_node_8321449219,4 cerises Patisserie,,,Morocco,Casablanca,,,,33.5622732,-7.6103213,,,,,[],[],,,,,,,,,,,,,2026-07-14T15:14:39.528677,"{'amenity': 'cafe', 'name': '4 cerises Patisserie'}"
OpenStreetMap,node,8418409518,osm_node_8418409518,سناك البيلياتشو,,,Morocco,Casablanca,,,,33.6150325,-7.5017124,+212665942261,,,Mo-Sa 09:00-23:30,['sandwich'],[],,,,,,,,,,,,,2026-07-14T15:14:39.528715,"{'amenity': 'fast_food', 'cuisine': 'sandwich', 'name': 'سناك البيلياتشو', 'name:en': 'El Belyatcho sandwich shop', 'name:fr': 'Snack El Belyatcho', 'opening_hours': 'Mo-Sa 09:00-23:30', 'phone': '+212 6 65 94 22 61'}"
OpenStreetMap,node,8475705717,osm_node_8475705717,,,,Morocco,Casablanca,,,,33.6003103,-7.6374225,,,,,[],[],,,,,,,,,,,,,2026-07-14T15:14:39.528737,"{'amenity': 'cafe', 'name:en': 'Cafe Black Bean'}"
OpenStreetMap,node,8506460424,osm_node_8506460424,Papa John's,Papa John's,,Morocco,Casablanca,,,,33.5328711,-7.6154746,,,,,['pizza'],['Takeaway'],,,,,,,,,,,,,2026-07-14T15:14:39.528782,"{'amenity': 'fast_food', 'brand': ""Papa John's"", 'brand:wikidata': 'Q2759586', 'brand:wikipedia': ""en:Papa John's Pizza"", 'cuisine': 'pizza', 'name': ""Papa John's"", 'takeaway': 'yes'}"
OpenStreetMap,node,8746904470,osm_node_8746904470,Poulet Amira,,,Morocco,Casablanca,,Place Al Yassir,,33.5934069,-7.5984884,,,,Mo-Su 09:00-21:00,"['chicken', 'pizza', 'sandwich']",[],,,,,,,,,,,,,2026-07-14T15:14:39.528817,"{'addr:city': 'Casablanca', 'addr:street': 'Place Al Yassir', 'amenity': 'fast_food', 'cuisine': 'chicken;pizza;sandwich', 'drive_through': 'no', 'name': 'Poulet Amira', 'name:fr': 'Poulet Amira', 'opening_hours': 'Mo-Su 09:00-21:00', 'opening_hours:covid19': 'Mo-Sa 09:00-19:00'}"
OpenStreetMap,node,8755300046,osm_node_8755300046,Oncle Blend,,,Morocco,Casablanca,,Rue Bab Ennasr زنقة باب النصر,,33.5928022,-7.6442567,,,,,[],[],,,,,,,,,,,,,2026-07-14T15:14:39.528850,"{'addr:street': 'Rue Bab Ennasr زنقة باب النصر', 'amenity': 'restaurant', 'check_date': '2025-04-09', 'diet:halal': 'yes', 'mobile': '+212 6 67 75 50 62', 'name': 'Oncle Blend'}"
OpenStreetMap,node,8755743388,osm_node_8755743388,Café Laymoune,,,Morocco,Casablanca,,Lotissement Allaimoune,,33.5446715,-7.6644251,,,,Mo-Su 08:00-23:00,[],[],,,,,,,,,,,,,2026-07-14T15:14:39.528886,"{'addr:city': 'Casablanca', 'addr:housenumber': '2', 'addr:street': 'Lotissement Allaimoune', 'amenity': 'cafe', 'name': 'Café Laymoune', 'opening_hours': 'Mo-Su 08:00-23:00'}"
OpenStreetMap,node,8755951131,osm_node_8755951131,,,,Morocco,Casablanca,,,,33.5814622,-7.6219841,,,,,[],['Outdoor Seating'],,,,,,,,yes,,,,,2026-07-14T15:14:39.528912,"{'amenity': 'cafe', 'internet_access': 'yes', 'internet_access:fee': 'no', 'opening_hours:covid19': 'closed', 'outdoor_seating': 'yes'}"
OpenStreetMap,node,8755951133,osm_node_8755951133,Tikita,,,Morocco,Casablanca,,,,33.5816667,-7.6226907,,,,,['coffee_shop'],['Outdoor Seating'],,,,,,,,yes,,,,,2026-07-14T15:14:39.528942,"{'amenity': 'cafe', 'cuisine': 'coffee_shop', 'internet_access': 'yes', 'internet_access:fee': 'customers', 'internet_access:ssid': 'Tikita', 'name': 'Tikita', 'opening_hours:covid19': 'closed', 'outdoor_seating': 'yes'}"
OpenStreetMap,node,8756312685,osm_node_8756312685,Fratello,,,Morocco,Casablanca,,Rue Jounaid,,33.5763425,-7.6478934,+212522993159,,,,[],"['Takeaway', 'Outdoor Seating']",,,,,,,,wlan,,,,,2026-07-14T15:14:39.528979,"{'addr:street': 'Rue Jounaid', 'amenity': 'cafe', 'check_date': '2025-06-17', 'internet_access': 'wlan', 'internet_access:fee': 'customers', 'level': '0', 'name': 'Fratello', 'outdoor_seating': 'yes', 'phone': '+212 5 22 99 31 59', 'takeaway': 'yes'}"
OpenStreetMap,node,8756312686,osm_node_8756312686,Yoma,,,Morocco,Casablanca,,Rue Jounaid,,33.5758453,-7.6474826,+212522258888,,,Mo-Su 8:00-21:00,[],"['Takeaway', 'Outdoor Seating']",,,,,,,,,,,,,2026-07-14T15:14:39.529015,"{'addr:housenumber': '124', 'addr:street': 'Rue Jounaid', 'amenity': 'cafe', 'check_date': '2025-03-29', 'name': 'Yoma', 'opening_hours': 'Mo-Su 8:00-21:00', 'outdoor_seating': 'yes', 'phone': '+212 5 22 25 88 88', 'takeaway': 'yes'}"
OpenStreetMap,node,8756483699,osm_node_8756483699,Café de la Faculté,,,Morocco,Casablanca,,Route Ancienne,,33.5452352,-7.6601018,,,,24/7,[],[],,,,,,,,,,,,,2026-07-14T15:14:39.529047,"{'addr:city': 'Casablanca', 'addr:street': 'Route Ancienne', 'amenity': 'cafe', 'name': 'Café de la Faculté', 'opening_hours': '24/7'}"
OpenStreetMap,node,8757691672,osm_node_8757691672,Osawa,,,Morocco,Casablanca,,"Rue Ahmed Akkad, akrad",20410,33.5626827,-7.6387538,+212612967241,https://www.facebook.com/osowa.restaurant/,,,['korean'],[],,,,,,,,,,,,,2026-07-14T15:14:39.529098,"{'addr:city': 'Casablanca', 'addr:housenumber': '34', 'addr:postcode': '20410', 'addr:street': 'Rue Ahmed Akkad, akrad', 'amenity': 'restaurant', 'cuisine': 'korean', 'name': 'Osawa', 'opening_hours:covid19': 'Mo-Sa 08:00-20:00', 'phone': '+212 6 12 96 72 41', 'website': 'https://www.facebook.com/osowa.restaurant/'}"
OpenStreetMap,node,8758117408,osm_node_8758117408,La Frite,,,Morocco,Casablanca,,10 Rue de la Réunion,20000,33.5971125,-7.6357215,+212699090909,,,Mo-Su 11:00-22:00,"['american', 'burger']",['Takeaway'],,,,https://www.facebook.com/lafritecasablanca/,,,,,,,,,2026-07-14T15:14:39.529156,"{'addr:city': 'Casablanca', 'addr:postcode': '20000', 'addr:street': '10 Rue de la Réunion', 'amenity': 'restaurant', 'contact:facebook': 'https://www.facebook.com/lafritecasablanca/', 'cuisine': 'american;burger', 'diet:halal': 'yes', 'diet:meat': 'yes', 'diet:non-vegetarian': 'yes', 'diet:vegetarian': 'yes', 'level': '1', 'name': 'La Frite', 'opening_hours': 'Mo-Su 11:00-22:00', 'phone': '+212 699 090909', 'takeaway': 'yes'}"
OpenStreetMap,node,8758159583,osm_node_8758159583,The London club,,,Morocco,Casablanca,,Rue Boulemane زنقة بولمان,20040,33.5994824,-7.6378912,,,,Mo-Su 10:00-24:00,[],[],,,,,,,,,,,,,2026-07-14T15:14:39.529195,"{'addr:city': 'Casablanca ⵜⴰⴷⴷⴰⵔⵜ ⵜⵓⵎⵍⵉⵍⵜ الدار البيضاء', 'addr:housenumber': '7', 'addr:postcode': '20040', 'addr:street': 'Rue Boulemane زنقة بولمان', 'amenity': 'bar', 'min_age': '18', 'name': 'The London club', 'opening_hours': 'Mo-Su 10:00-24:00'}"
OpenStreetMap,node,8758625992,osm_node_8758625992,Zorba,,,Morocco,Casablanca,,,20002,33.5926124,-7.6067836,,,,Mo-Fr 08:00-17:00,['sandwich'],[],,,,,,,,,,,,,2026-07-14T15:14:39.529226,"{'addr:city': 'Casablanca', 'addr:postcode': '20002', 'amenity': 'restaurant', 'cuisine': 'sandwich', 'name': 'Zorba', 'name:fr': 'Zorba', 'opening_hours': 'Mo-Fr 08:00-17:00'}"
OpenStreetMap,node,8758625995,osm_node_8758625995,Goloso,,,Morocco,Casablanca,,,,33.5927208,-7.6068494,,,,Mo-Fr 09:00-18:00,[],['Outdoor Seating'],,,,,,,,yes,,,,,2026-07-14T15:14:39.529260,"{'amenity': 'cafe', 'internet_access': 'yes', 'internet_access:fee': 'customers', 'name': 'Goloso', 'name:fr': 'Goloso', 'opening_hours': 'Mo-Fr 09:00-18:00', 'outdoor_seating': 'yes'}"
OpenStreetMap,node,8758665513,osm_node_8758665513,LaFrite,,,Morocco,Casablanca,,,,33.5920846,-7.6775042,,,,,[],[],,,,,,,,,,,,,2026-07-14T15:14:39.529284,"{'amenity': 'restaurant', 'name': 'LaFrite'}"
OpenStreetMap,node,8874343051,osm_node_8874343051,Kasekuchen,,,Morocco,Casablanca,,,,33.5776159,-7.6245466,,,,,[],[],,,,,,,,,,,,,2026-07-14T15:14:39.529308,"{'amenity': 'cafe', 'name': 'Kasekuchen'}"
OpenStreetMap,node,8874343052,osm_node_8874343052,Taiyo,,,Morocco,Casablanca,,,,33.5776371,-7.6246794,,,,,"['sushi', 'thai']",[],,,,,,,,,,,,,2026-07-14T15:14:39.529335,"{'amenity': 'restaurant', 'cuisine': 'sushi;thai', 'name': 'Taiyo'}"
OpenStreetMap,node,8874343053,osm_node_8874343053,El Bistrot de Papa,,,Morocco,Casablanca,,,,33.5776527,-7.6247357,,,,,['italian'],[],,,,,,,,,,,,,2026-07-14T15:14:39.529363,"{'amenity': 'restaurant', 'cuisine': 'italian', 'name': 'El Bistrot de Papa'}"
OpenStreetMap,node,8875255294,osm_node_8875255294,Café Number One,,,Morocco,Casablanca,,,,33.6137083,-7.5267048,,,,,[],[],,,,,,,,,,,,,2026-07-14T15:14:39.529388,"{'amenity': 'cafe', 'name': 'Café Number One'}"
OpenStreetMap,node,8875255295,osm_node_8875255295,Espace Malamine,,,Morocco,Casablanca,,,,33.6136614,-7.526564,,,,,[],[],,,,,,,,,,,,,2026-07-14T15:14:39.529413,"{'amenity': 'cafe', 'name': 'Espace Malamine'}"
OpenStreetMap,node,8875255296,osm_node_8875255296,Café Amarela,,,Morocco,Casablanca,,,,33.6137909,-7.5260235,,,,,[],[],,,,,,,,,,,,,2026-07-14T15:14:39.529437,"{'amenity': 'cafe', 'name': 'Café Amarela'}"
OpenStreetMap,node,9057000324,osm_node_9057000324,,,,Morocco,Casablanca,,Rue Ibnou Katir,,33.5754946,-7.6464665,+212619194646,,,,"['burger', 'kebab', 'pasta', 'pizza', 'sandwich', 'steak_house']",[],,,,,,,,,,,,,2026-07-14T15:14:39.529472,"{'addr:street': 'Rue Ibnou Katir', 'amenity': 'fast_food', 'cuisine': 'burger;kebab;pasta;pizza;sandwich;steak_house', 'name:fr': 'Chez Hamza', 'phone': '+212 6 19 19 46 46'}"
OpenStreetMap,node,9078750717,osm_node_9078750717,,,,Morocco,Casablanca,,,,33.5751285,-7.6457383,,,,,[],[],,,,,,,,,,,,,2026-07-14T15:14:39.529494,"{'amenity': 'cafe', 'name:fr': 'Le Brunch Concept'}"
OpenStreetMap,node,9165337916,osm_node_9165337916,Sushi Live,,,Morocco,Casablanca,,Rue 29 hay hassani,20230,33.5673373,-7.6940996,+212522657055,https://sushilive.ma,,Mo-Su 11:00-23:00,"['sushi', 'asian']",[],,,,,,,,,,,,,2026-07-14T15:14:39.529551,"{'addr:city': 'Casablanca الدار البيضاء', 'addr:housenumber': '45', 'addr:postcode': '20230', 'addr:street': 'Rue 29 hay hassani', 'amenity': 'restaurant', 'cuisine': 'sushi;asian', 'name': 'Sushi Live', 'opening_hours': 'Mo-Su 11:00-23:00', 'phone': '+212 5 22 65 70 55', 'website': 'https://sushilive.ma'}"
OpenStreetMap,node,9165452074,osm_node_9165452074,Le Pershing,,,Morocco,Casablanca,,Boulevard de la Corniche شارع الكورنيش,20250,33.5949636,-7.6780468,+212662626114,,,,['international'],[],,,,,,,,,,,,,2026-07-14T15:14:39.529594,"{'addr:housenumber': '47', 'addr:postcode': '20250', 'addr:street': 'Boulevard de la Corniche شارع الكورنيش', 'amenity': 'restaurant', 'cuisine': 'international', 'name': 'Le Pershing', 'phone': '+212 6 62 62 61 14'}"
OpenStreetMap,node,9165452075,osm_node_9165452075,Oliveri,,,Morocco,Casablanca,,Boulevard de la Corniche شارع الكورنيش,20250,33.5948563,-7.6781193,,,,,['ice_cream'],[],,,,,,,,,,,,,2026-07-14T15:14:39.529636,"{'addr:housenumber': '47', 'addr:postcode': '20250', 'addr:street': 'Boulevard de la Corniche شارع الكورنيش', 'amenity': 'restaurant', 'cuisine': 'ice_cream', 'name': 'Oliveri'}"
OpenStreetMap,node,9211113118,osm_node_9211113118,ماكدونالدز,ماكدونالدز,,Morocco,Casablanca,,,,33.6078033,-7.6210293,,,,,['burger'],"['Takeaway', 'Outdoor Seating']",,,,,,,,,,,,,2026-07-14T15:14:39.529671,"{'amenity': 'fast_food', 'brand': 'ماكدونالدز', 'brand:ar': 'ماكدونالدز', 'brand:en': ""McDonald's"", 'brand:es': ""McDonald's"", 'brand:fr': ""McDonald's"", 'brand:wikidata': 'Q38076', 'brand:wikipedia': ""fr:McDonald's"", 'cuisine': 'burger', 'indoor_seating': 'yes', 'name': 'ماكدونالدز', 'name:ar': 'ماكدونالدز', 'name:en': ""McDonald's"", 'name:es': ""McDonald's"", 'name:fr': ""McDonald's"", 'outdoor_seating': 'yes', 'takeaway': 'yes'}"
OpenStreetMap,node,9211113119,osm_node_9211113119,Burger King,Burger King,,Morocco,Casablanca,,,,33.6076693,-7.6207864,,,,,['burger'],"['Takeaway', 'Outdoor Seating']",,,,,,,,,,,,,2026-07-14T15:14:39.529722,"{'amenity': 'fast_food', 'brand': 'Burger King', 'brand:wikidata': 'Q177054', 'cuisine': 'burger', 'indoor_seating': 'yes', 'name': 'Burger King', 'name:en': 'Burger King', 'outdoor_seating': 'yes', 'takeaway': 'yes'}"
OpenStreetMap,node,9259510619,osm_node_9259510619,,,,Morocco,Casablanca,,,,33.5751475,-7.6456165,,,,,[],[],,,,,,,,,,,,,2026-07-14T15:14:39.529744,"{'amenity': 'fast_food', 'name:fr': 'Pizza Chef'}"
OpenStreetMap,node,9259511118,osm_node_9259511118,,,,Morocco,Casablanca,,,,33.5750511,-7.6455351,,,,,[],[],,,,,,,,,,,,,2026-07-14T15:14:39.529766,"{'amenity': 'fast_food', 'name:fr': 'Boucherie Souss'}"
OpenStreetMap,node,9259577218,osm_node_9259577218,,,,Morocco,Casablanca,,,,33.5753114,-7.6467526,,,,,[],[],,,,,,,,,,,,,2026-07-14T15:14:39.529787,"{'amenity': 'fast_food', 'name:fr': 'Hermanos Quick Foood'}"
OpenStreetMap,node,9259615817,osm_node_9259615817,,,,Morocco,Casablanca,,,,33.5751908,-7.6469784,,,,,[],[],,,,,,,,,,,,,2026-07-14T15:14:39.529809,"{'amenity': 'cafe', 'name:fr': 'Amazonico'}"
OpenStreetMap,node,9260446217,osm_node_9260446217,,,,Morocco,Casablanca,,,,33.5762475,-7.6452409,,,,,[],[],,,,,,,,,,,,,2026-07-14T15:14:39.529849,"{'amenity': 'fast_food', 'name:fr': 'Coul Thon'}"
OpenStreetMap,node,9260453217,osm_node_9260453217,,,,Morocco,Casablanca,,,,33.5758566,-7.6459984,,,,,[],[],,,,,,,,,,,,,2026-07-14T15:14:39.529870,"{'amenity': 'cafe', 'name:fr': 'Golden Touch'}"
OpenStreetMap,node,9260459917,osm_node_9260459917,,,,Morocco,Casablanca,,,,33.5756166,-7.6462731,,,,,[],[],,,,,,,,,,,,,2026-07-14T15:14:39.529891,"{'amenity': 'fast_food', 'name:fr': 'Bocapatata'}"
OpenStreetMap,node,9267144215,osm_node_9267144215,OLEA,,,Morocco,Casablanca,,Route de l'Oasis,,33.5485908,-7.6373926,,https://www.olea.ma/,,,[],[],,,,,,,,,,,,,2026-07-14T15:14:39.529940,"{'addr:city': 'Casablanca ⵜⴰⴷⴷⴰⵔⵜ ⵜⵓⵎⵍⵉⵍⵜ الدار البيضاء', 'addr:housenumber': '264', 'addr:street': ""Route de l'Oasis"", 'amenity': 'restaurant', 'check_date': '2025-02-19', 'name': 'OLEA', 'website': 'https://www.olea.ma/'}"
OpenStreetMap,node,9397504641,osm_node_9397504641,Resto Grill Salaheddine,,,Morocco,Casablanca,,,,33.5947743,-7.6117538,,,,,[],[],,,,,,,,,,,,,2026-07-14T15:14:39.529969,"{'amenity': 'restaurant', 'name': 'Resto Grill Salaheddine'}"
OpenStreetMap,node,9480854217,osm_node_9480854217,رياض 21,,,Morocco,Casablanca,,,,33.5516774,-7.6104223,,,,,[],[],,,,,,,,,,,,,2026-07-14T15:14:39.529998,"{'amenity': 'cafe', 'name': 'رياض 21', 'name:en': 'Riad 21'}"
OpenStreetMap,node,9521289917,osm_node_9521289917,Organic Kitchen,,,Morocco,Casablanca,,Rue Ahmed El Mokri زنقة أحمد المقري,,33.5905909,-7.6381864,,,,,[],[],,,,,,,,,,,,,2026-07-14T15:14:39.530033,"{'addr:street': 'Rue Ahmed El Mokri زنقة أحمد المقري', 'amenity': 'restaurant', 'name': 'Organic Kitchen'}"
OpenStreetMap,node,9613551602,osm_node_9613551602,Good Vapes : Cigarette Electronique Casablanca,,,Morocco,Casablanca,,rue du breteuil,20360,33.5815303,-7.6222927,+212522278311,https://www.good-vapes.ma/,,Mo-Su 10:00-21:00,[],[],,,,,,,,yes,,,,,2026-07-14T15:14:39.530100,"{'addr:city': 'Casablanca ⵜⴰⴷⴷⴰⵔⵜ ⵜⵓⵎⵍⵉⵍⵜ الدار البيضاء', 'addr:housenumber': '7bis', 'addr:postcode': '20360', 'addr:street': 'rue du breteuil', 'amenity': 'cafe', 'internet_access': 'yes', 'internet_access:fee': 'customers', 'name': 'Good Vapes : Cigarette Electronique Casablanca', 'opening_hours': 'Mo-Su 10:00-21:00', 'phone': '+212 5 22 27 83 11', 'website': 'https://www.good-vapes.ma/'}"
OpenStreetMap,node,9613551603,osm_node_9613551603,Café les Fleurs,,,Morocco,Casablanca,,,,33.5816461,-7.622458,,,,,[],[],,,,,,,,,,,,,2026-07-14T15:14:39.530235,"{'amenity': 'cafe', 'name': 'Café les Fleurs'}"
OpenStreetMap,node,9613551604,osm_node_9613551604,Café Ravel,,,Morocco,Casablanca,,,,33.581791,-7.6226032,,,,,[],[],,,,,,,,,,,,,2026-07-14T15:14:39.530317,"{'amenity': 'cafe', 'name': 'Café Ravel'}"
OpenStreetMap,node,9613551605,osm_node_9613551605,Pyramides Dorées,,,Morocco,Casablanca,,,,33.5818215,-7.6223122,,,,,[],[],,,,,,,,,,,,,2026-07-14T15:14:39.530365,"{'amenity': 'restaurant', 'name': 'Pyramides Dorées'}"
OpenStreetMap,node,9613551607,osm_node_9613551607,Café Restaurant Tikita,,,Morocco,Casablanca,,,,33.5809882,-7.6229868,,,,,[],[],,,,,,,,,,,,,2026-07-14T15:14:39.530405,"{'amenity': 'restaurant', 'name': 'Café Restaurant Tikita'}"
OpenStreetMap,node,9620605639,osm_node_9620605639,Coffee Shop,,,Morocco,Casablanca,,Rue Salim Cherkaoui زنقة سليم الشرقاوي,,33.5806883,-7.623088,,,,,[],['Outdoor Seating'],,,,,,,,,,,,,2026-07-14T15:14:39.530744,"{'addr:street': 'Rue Salim Cherkaoui زنقة سليم الشرقاوي', 'amenity': 'cafe', 'name': 'Coffee Shop', 'outdoor_seating': 'yes'}"
OpenStreetMap,node,9620628030,osm_node_9620628030,La Croisière Café,,,Morocco,Casablanca,,,,33.5827449,-7.622174,,,,,[],[],,,,,,,,,,,,,2026-07-14T15:14:39.530822,"{'amenity': 'cafe', 'name': 'La Croisière Café'}"
OpenStreetMap,node,9620628032,osm_node_9620628032,Casadarna,,,Morocco,Casablanca,,,,33.5825841,-7.6222062,,,,,[],[],,,,,,,,,,,,,2026-07-14T15:14:39.530854,"{'amenity': 'restaurant', 'diet:mediterranean': 'yes', 'name': 'Casadarna'}"
OpenStreetMap,node,9620715111,osm_node_9620715111,Bonsai,,,Morocco,Casablanca,,,,33.5826823,-7.6228888,,,,,['vietnamese'],[],,,,,,,,,,,,,2026-07-14T15:14:39.530888,"{'amenity': 'restaurant', 'cuisine': 'vietnamese', 'name': 'Bonsai'}"
OpenStreetMap,node,9621212118,osm_node_9621212118,Café Marhaba,,,Morocco,Casablanca,,,,33.5786007,-7.6240429,,,,,[],[],,,,,,,,,,,,,2026-07-14T15:14:39.530914,"{'amenity': 'cafe', 'name': 'Café Marhaba', 'name:fr': 'Café Marhaba'}"
OpenStreetMap,node,9781300852,osm_node_9781300852,Pizza Part,,,Morocco,Casablanca,,Rue Soldat Jean Pierre Favre,20000,33.5942487,-7.633888,+212522299898,https://facebook.com/partgeante/,,24/7,"['pizza', 'italian']",['Drive Through'],,,,,,,,,,,,,2026-07-14T15:14:39.531003,"{'addr:city': 'Casablanca', 'addr:housenumber': '6', 'addr:postcode': '20000', 'addr:street': 'Rue Soldat Jean Pierre Favre', 'amenity': 'fast_food', 'cuisine': 'pizza;italian', 'drive_through': 'yes', 'name': 'Pizza Part', 'opening_hours': '24/7', 'phone': '+212 5 22 29 98 98', 'website': 'https://facebook.com/partgeante/'}"
OpenStreetMap,node,9815614083,osm_node_9815614083,Amorena,,,Morocco,Casablanca,,,,33.5180507,-7.6486591,,,,,[],[],,,,,,,,,,,,,2026-07-14T15:14:39.531030,"{'amenity': 'cafe', 'name': 'Amorena'}"
OpenStreetMap,node,9825283717,osm_node_9825283717,Chee is Thaï,,,Morocco,Casablanca,,Rue Abou Kacem Achchabi,,33.5867588,-7.6294077,,,,,['thai'],[],,,,,,,,,,,,,2026-07-14T15:14:39.531065,"{'addr:street': 'Rue Abou Kacem Achchabi', 'amenity': 'restaurant', 'cuisine': 'thai', 'name': 'Chee is Thaï'}"
OpenStreetMap,node,9863764618,osm_node_9863764618,,,,Morocco,Casablanca,,,,33.5963688,-7.6750983,,,,,[],[],,,,,,,,,,,,,2026-07-14T15:14:39.531087,"{'amenity': 'restaurant', 'name:en': 'Tropicana Terrasse'}"
OpenStreetMap,node,9864101018,osm_node_9864101018,Bangkok Me,,,Morocco,Casablanca,,,,33.5891189,-7.6325717,,,,,[],[],,,,,,,,,,,,,2026-07-14T15:14:39.531112,"{'amenity': 'restaurant', 'name': 'Bangkok Me', 'name:en': 'Bangkok Me'}"
OpenStreetMap,node,9864284217,osm_node_9864284217,,,,Morocco,Casablanca,,,,33.5963106,-7.6417406,,,,,[],[],,,,,,,,,,,,,2026-07-14T15:14:39.531140,"{'amenity': 'restaurant', 'name:en': 'Badinjane'}"
OpenStreetMap,node,9952356518,osm_node_9952356518,La Loge Café,,,Morocco,Casablanca,,,,33.5927252,-7.6175367,,,,,[],[],,,,,,,,,,,,,2026-07-14T15:14:39.531169,"{'amenity': 'cafe', 'name': 'La Loge Café'}"
OpenStreetMap,node,9955136118,osm_node_9955136118,,,,Morocco,Casablanca,,,,33.6039275,-7.6207901,,,,,[],[],,,,,,,,,,,,,2026-07-14T15:14:39.531193,"{'amenity': 'fast_food', 'name:fr': 'Chez Samir'}"
OpenStreetMap,node,9955147517,osm_node_9955147517,,,,Morocco,Casablanca,,,,33.6059886,-7.6292143,,,,,[],[],,,,,,,,,,,,,2026-07-14T15:14:39.531214,"{'amenity': 'cafe', 'name:en': 'Café amitie'}"
OpenStreetMap,node,10112252619,osm_node_10112252619,مأكولات الشمالي,,,Morocco,Casablanca,,,,33.5744243,-7.5543817,,,,,"['regional', 'sandwich']",['Takeaway'],,,,,,,,,,,,,2026-07-14T15:14:39.531274,"{'amenity': 'fast_food', 'cuisine': 'regional;sandwich', 'delivery': 'no', 'diet:halal': 'yes', 'drive_through': 'no', 'name': 'مأكولات الشمالي', 'payment:cash': 'yes', 'takeaway': 'yes'}"
OpenStreetMap,node,10113914474,osm_node_10113914474,Café Grand Atlas,,,Morocco,Casablanca,,,,33.5741779,-7.5542136,,,,,[],[],,,,,,,,wlan,,,,,2026-07-14T15:14:39.531304,"{'amenity': 'cafe', 'internet_access': 'wlan', 'name': 'Café Grand Atlas'}"
OpenStreetMap,node,10116154542,osm_node_10116154542,Café Sevilla,,,Morocco,Casablanca,,,,33.5713066,-7.5559436,,,,,[],[],,,,,,,,wlan,,,,,2026-07-14T15:14:39.531331,"{'amenity': 'cafe', 'internet_access': 'wlan', 'name': 'Café Sevilla'}"
OpenStreetMap,node,10120439366,osm_node_10120439366,مقهى المهاجر,,,Morocco,Casablanca,,,,33.5718422,-7.5618043,,,,,[],[],,,,,,,,,,,,,2026-07-14T15:14:39.531356,"{'amenity': 'cafe', 'name': 'مقهى المهاجر', 'name:en': 'Café Almohajir'}"
OpenStreetMap,node,10140169962,osm_node_10140169962,مجزرة و مشواة المسجد,,,Morocco,Casablanca,,,,33.5705562,-7.5508866,+212633644196,,,,['barbecue'],[],,,,,,,,,,,,,2026-07-14T15:14:39.531394,"{'amenity': 'restaurant', 'cuisine': 'barbecue', 'diet:meat': 'yes', 'name': 'مجزرة و مشواة المسجد', 'phone': '+212 6 33 64 41 96'}"
OpenStreetMap,node,10148215216,osm_node_10148215216,MOYA COFFE,,,Morocco,Casablanca,,,,33.5752024,-7.5564804,,,,,[],[],,,,,,,,,,,,,2026-07-14T15:14:39.531419,"{'amenity': 'cafe', 'name': 'MOYA COFFE'}"
OpenStreetMap,node,10148949017,osm_node_10148949017,Chez Michel et Hafida,,,Morocco,Casablanca,,Boulevard Mohammed V شارع محمد الخامس,,33.5949273,-7.6121495,,,,,[],[],,,,,,,,,,,,,2026-07-14T15:14:39.531454,"{'addr:street': 'Boulevard Mohammed V شارع محمد الخامس', 'amenity': 'restaurant', 'name': 'Chez Michel et Hafida'}"
OpenStreetMap,node,10162196418,osm_node_10162196418,,,,Morocco,Casablanca,,,,33.6079511,-7.6290521,,,,,[],[],,,,,,,,,,,,,2026-07-14T15:14:39.531475,"{'amenity': 'restaurant', 'name:fr': 'The Wiew H2'}"
OpenStreetMap,node,10162212717,osm_node_10162212717,café central,,,Morocco,Casablanca,,,,33.600085,-7.617311,,,,,[],[],,,,,,,,,,,,,2026-07-14T15:14:39.531500,"{'amenity': 'restaurant', 'name': 'café central'}"
OpenStreetMap,node,10165980217,osm_node_10165980217,,,,Morocco,Casablanca,,,,33.5947641,-7.6131407,,,,,[],[],,,,,,,,,,,,,2026-07-14T15:14:39.531521,{'amenity': 'cafe'}
OpenStreetMap,node,10165980317,osm_node_10165980317,La Brasserie Source Atlas,,,Morocco,Casablanca,,,,33.5950295,-7.6152066,,,,,[],[],,,,,,,,,,,,,2026-07-14T15:14:39.531547,"{'amenity': 'bar', 'name': 'La Brasserie Source Atlas', 'name:fr': 'La Brasserie Source Atlas'}"
OpenStreetMap,node,10215777517,osm_node_10215777517,,,,Morocco,Casablanca,,,,33.5926142,-7.6288982,,,,,[],[],,,,,,,,,,,,,2026-07-14T15:14:39.531570,"{'amenity': 'bar', 'name:fr': 'Trica'}"
OpenStreetMap,node,10216969418,osm_node_10216969418,wasila,,,Morocco,Casablanca,,,,33.5700043,-7.6826382,,,,24/7,[],[],,,,,,,,wlan,,,,,2026-07-14T15:14:39.531600,"{'amenity': 'cafe', 'internet_access': 'wlan', 'name': 'wasila', 'opening_hours': '24/7'}"
OpenStreetMap,node,10218098518,osm_node_10218098518,,,,Morocco,Casablanca,,,,33.6000248,-7.6171691,,,,,[],[],,,,,,,,,,,,,2026-07-14T15:14:39.531621,"{'amenity': 'cafe', 'name:fr': 'Yanno Mario'}"
OpenStreetMap,node,10218099017,osm_node_10218099017,,,,Morocco,Casablanca,,,,33.6031464,-7.633319,,,,,[],[],,,,,,,,,,,,,2026-07-14T15:14:39.531645,"{'amenity': 'cafe', 'name:fr': 'Café Yrga'}"
OpenStreetMap,node,10219939117,osm_node_10219939117,,,,Morocco,Casablanca,,,,33.5934483,-7.6171685,,,,,[],[],,,,,,,,,,,,,2026-07-14T15:14:39.531665,"{'amenity': 'cafe', 'name:fr': 'La Princière'}"
OpenStreetMap,node,10219939118,osm_node_10219939118,,,,Morocco,Casablanca,,,,33.5930833,-7.6166954,,,,,[],[],,,,,,,,,,,,,2026-07-14T15:14:39.531686,"{'amenity': 'cafe', 'name:fr': 'La Princière'}"
OpenStreetMap,node,10241481909,osm_node_10241481909,,,,Morocco,Casablanca,,,,33.5685033,-7.6824901,,,,,[],[],,,,,,,,,,,,,2026-07-14T15:14:39.531706,{'amenity': 'cafe'}
OpenStreetMap,node,10262607709,osm_node_10262607709,,,,Morocco,Casablanca,,,,33.5925267,-7.6311415,,https://www.yokasushi.com/,,,"['japanese', 'sushi']",[],,,,,,,,wlan,,,,,2026-07-14T15:14:39.531757,"{'amenity': 'restaurant', 'cuisine': 'japanese;sushi', 'internet_access': 'wlan', 'name:en': 'Yoka Sushi', 'website': 'https://www.yokasushi.com/'}"
OpenStreetMap,node,10274809409,osm_node_10274809409,,,,Morocco,Casablanca,,"Rue Sidi Belyout, Casablanca 20000, Marruecos",,33.5977705,-7.6141578,,,,,[],[],,,,,,,,,,,,,2026-07-14T15:14:39.531787,"{'addr:street': 'Rue Sidi Belyout, Casablanca 20000, Marruecos', 'amenity': 'restaurant', 'name:es': 'Brasserie La Tour'}"
OpenStreetMap,node,10274821309,osm_node_10274821309,,,,Morocco,Casablanca,,"31 IMM RUE EL ARSA, Casablanca 20250, Marruecos",,33.6038798,-7.6215009,,,,Mo-Sa 14:00-15:30,[],[],,,,,,,,,,,,,2026-07-14T15:14:39.531821,"{'addr:street': '31 IMM RUE EL ARSA, Casablanca 20250, Marruecos', 'amenity': 'restaurant', 'name:es': 'Dar Dadá', 'opening_hours': 'Mo-Sa 14:00-15:30'}"
OpenStreetMap,node,10290941706,osm_node_10290941706,Tour Eiffel,,,Morocco,Casablanca,,,,33.5952616,-7.6275606,,,,,[],[],,,,,,,,,,,,,2026-07-14T15:14:39.531847,"{'amenity': 'cafe', 'name': 'Tour Eiffel'}"
OpenStreetMap,node,10290973078,osm_node_10290973078,Chrono Pizza,,,Morocco,Casablanca,,,,33.5932677,-7.6316321,,,,,"['fast_food', 'pizza']",[],,,,,,,,,,,,,2026-07-14T15:14:39.531876,"{'amenity': 'restaurant', 'cuisine': 'fast_food;pizza', 'name': 'Chrono Pizza'}"
OpenStreetMap,node,10292637410,osm_node_10292637410,,,,Morocco,Casablanca,,Rue Najib Mahfoud زنقة نجيب محفوظ,,33.5906169,-7.6345122,,,,,[],[],,,,,,,,,,,,,2026-07-14T15:14:39.531905,"{'addr:street': 'Rue Najib Mahfoud زنقة نجيب محفوظ', 'amenity': 'restaurant', 'name:fr': 'iloli'}"
OpenStreetMap,node,10292842713,osm_node_10292842713,Burger King,Burger King,,Morocco,Casablanca,,,,33.5924154,-7.6334867,,,,,['burger'],['Takeaway'],,,,,,,,,,,,,2026-07-14T15:14:39.531942,"{'amenity': 'fast_food', 'brand': 'Burger King', 'brand:wikidata': 'Q177054', 'cuisine': 'burger', 'name': 'Burger King', 'takeaway': 'yes'}"
OpenStreetMap,node,10292853979,osm_node_10292853979,Spartel,,,Morocco,Casablanca,,Rue Taha Houcine,,33.5907804,-7.6315376,,,,,[],[],,,,,,,,,,,,,2026-07-14T15:14:39.531973,"{'addr:housenumber': '54', 'addr:street': 'Rue Taha Houcine', 'amenity': 'cafe', 'name': 'Spartel'}"
OpenStreetMap,node,10303350210,osm_node_10303350210,,,,Morocco,Casablanca,,,,33.6075133,-7.6560981,,,,,[],[],,,,,,,,,,,,,2026-07-14T15:14:39.531995,"{'amenity': 'restaurant', 'name:fr': 'Corniche by Palmerie'}"
OpenStreetMap,node,10303350309,osm_node_10303350309,,,,Morocco,Casablanca,,,,33.6075325,-7.6559439,,,,,[],[],,,,,,,,,,,,,2026-07-14T15:14:39.532017,"{'amenity': 'restaurant', 'name:fr': 'Le Beret'}"
OpenStreetMap,node,10314397013,osm_node_10314397013,,,,Morocco,Casablanca,,,,33.5843913,-7.6248116,,,,,[],[],,,,,,,,,,,,,2026-07-14T15:14:39.532038,"{'amenity': 'cafe', 'name:fr': 'VISTA BLANCA'}"
OpenStreetMap,node,10314397112,osm_node_10314397112,,,,Morocco,Casablanca,,,,33.5938864,-7.6322079,,,,,[],[],,,,,,,,,,,,,2026-07-14T15:14:39.532060,"{'amenity': 'restaurant', 'name:fr': 'ENSO'}"
OpenStreetMap,node,10541977573,osm_node_10541977573,Mimosas Park,,,Morocco,Casablanca,,,,33.6077795,-7.5362912,,,,,[],[],,,,,,,,,,,,,2026-07-14T15:14:39.532091,"{'amenity': 'cafe', 'name': 'Mimosas Park'}"
OpenStreetMap,node,10541977574,osm_node_10541977574,Clap,,,Morocco,Casablanca,,,,33.6076856,-7.536495,,,,,['sushi'],[],,,,,,,,,,,,,2026-07-14T15:14:39.532123,"{'amenity': 'restaurant', 'cuisine': 'sushi', 'name': 'Clap'}"
OpenStreetMap,node,10678610006,osm_node_10678610006,,,,Morocco,Casablanca,,Rue El Oraibi Jilali,,33.5955266,-7.6153015,,,,,[],[],,,,,,,,,,,,,2026-07-14T15:14:39.532149,"{'addr:housenumber': '76', 'addr:street': 'Rue El Oraibi Jilali', 'amenity': 'restaurant'}"
OpenStreetMap,node,10766409905,osm_node_10766409905,,,,Morocco,Casablanca,,Rue El Bakri,,33.592224,-7.6044895,,,,,[],[],,,,,,,,,,,,,2026-07-14T15:14:39.532174,"{'addr:street': 'Rue El Bakri', 'amenity': 'restaurant', 'name:en': 'Amici Miei'}"
OpenStreetMap,node,10811282763,osm_node_10811282763,I Ristorante Italiano,,,Morocco,Casablanca,,Rue d'Ifrane,20250,33.5731602,-7.6566368,+212522946160,https://www.iresto.ma/,,,[],[],,,,,,,,,,,,,2026-07-14T15:14:39.532231,"{'addr:city': 'Casablanca ⵜⴰⴷⴷⴰⵔⵜ ⵜⵓⵎⵍⵉⵍⵜ الدار البيضاء', 'addr:postcode': '20250', 'addr:street': ""Rue d'Ifrane"", 'amenity': 'restaurant', 'name': 'I Ristorante Italiano', 'phone': '+212 5 22 94 61 60', 'website': 'https://www.iresto.ma/'}"
OpenStreetMap,node,10826778824,osm_node_10826778824,La frite,,Inconnu,Morocco,Casablanca,,Rue Réunion,20000,33.5971314,-7.6357212,,,,Inconnu,['burger'],[],,,,,,,,,,,,,2026-07-14T15:14:39.532273,"{'addr:city': 'Casablanca', 'addr:postcode': '20000', 'addr:street': 'Rue Réunion', 'amenity': 'fast_food', 'cuisine': 'burger', 'name': 'La frite', 'opening_hours': 'Inconnu', 'operator': 'Inconnu'}"
OpenStreetMap,node,10826793993,osm_node_10826793993,Big Nonna,,,Morocco,Casablanca,,Avenue Ahmed Charci شارع أحمد الشرسي,20250,33.5887671,-7.6437315,+212520707088,,,,['italian'],[],,,,,,,,,,,,,2026-07-14T15:14:39.532365,"{'addr:postcode': '20250', 'addr:street': 'Avenue Ahmed Charci شارع أحمد الشرسي', 'amenity': 'restaurant', 'cuisine': 'italian', 'name': 'Big Nonna', 'phone': '+212 5 20 70 70 88'}"
OpenStreetMap,node,10899907075,osm_node_10899907075,ماكدونالدز,ماكدونالدز,,Morocco,Casablanca,,,,33.5749303,-7.7085266,,,,,['burger'],['Takeaway'],,,,,,,,,,,,,2026-07-14T15:14:39.532445,"{'amenity': 'fast_food', 'brand': 'ماكدونالدز', 'brand:ar': 'ماكدونالدز', 'brand:en': ""McDonald's"", 'brand:fr': ""McDonald's"", 'brand:wikidata': 'Q38076', 'brand:wikipedia': ""fr:McDonald's"", 'cuisine': 'burger', 'name': 'ماكدونالدز', 'name:ar': 'ماكدونالدز', 'name:en': ""McDonald's"", 'name:fr': ""McDonald's"", 'takeaway': 'yes'}"
OpenStreetMap,node,10899907077,osm_node_10899907077,Pizza Hut,Pizza Hut,,Morocco,Casablanca,,,,33.5758003,-7.7074585,,,,,['pizza'],[],,,,,,,,,,,,,2026-07-14T15:14:39.532483,"{'amenity': 'restaurant', 'brand': 'Pizza Hut', 'brand:ar': 'بيتزا هت', 'brand:fr': 'Pizza Hut', 'brand:website': 'https://www.pizzahutmaroc.ma/', 'brand:wikidata': 'Q191615', 'brand:wikipedia': 'fr:Pizza Hut', 'cuisine': 'pizza', 'name': 'Pizza Hut', 'name:ar': 'بيتزا هت', 'name:fr': 'Pizza Hut'}"
OpenStreetMap,node,10899907078,osm_node_10899907078,KFC,KFC,,Morocco,Casablanca,,,,33.5764438,-7.7065764,,,,,['chicken'],['Takeaway'],,,,,,,,,,,,,2026-07-14T15:14:39.532516,"{'alt_name': 'PFK;Poulet Frit Kentucky', 'alt_name:fr': 'PFK;Poulet Frit Kentucky', 'amenity': 'fast_food', 'brand': 'KFC', 'brand:ar': 'دجاج كنتاكي', 'brand:en': 'KFC', 'brand:fr': 'KFC', 'brand:wikidata': 'Q524757', 'brand:wikipedia': 'fr:Kentucky Fried Chicken', 'cuisine': 'chicken', 'name': 'KFC', 'name:ar': 'دجاج كنتاكي', 'name:en': 'KFC', 'name:fr': 'KFC', 'takeaway': 'yes'}"
OpenStreetMap,node,10931996305,osm_node_10931996305,,,,Morocco,Casablanca,,Boulevard Mohammed V شارع محمد الخامس,20250,33.5936539,-7.6024627,,,,,[],[],,,,,,,,,,,,,2026-07-14T15:14:39.532551,"{'addr:housenumber': '355', 'addr:postcode': '20250', 'addr:street': 'Boulevard Mohammed V شارع محمد الخامس', 'amenity': 'restaurant', 'name:en': 'Ducasse'}"
OpenStreetMap,node,10982359771,osm_node_10982359771,Cafe Riad El Bernoussi,,,Morocco,Casablanca,,,,33.5824253,-7.5001271,+212522743620,,,Mo-Su 07:00-22:00,[],['Outdoor Seating'],,,,,,,,wlan,,,,,2026-07-14T15:14:39.532593,"{'amenity': 'cafe', 'internet_access': 'wlan', 'internet_access:fee': 'no', 'name': 'Cafe Riad El Bernoussi', 'opening_hours': 'Mo-Su 07:00-22:00', 'outdoor_seating': 'yes', 'phone': '+212 522 743620'}"
OpenStreetMap,node,11059291305,osm_node_11059291305,,,,Morocco,Casablanca,,Boulevard de l'Ocean Atlantique,20180,33.5915943,-7.6776565,,,,,[],[],,,,,,,,,,,,,2026-07-14T15:14:39.532624,"{'addr:postcode': '20180', 'addr:street': ""Boulevard de l'Ocean Atlantique"", 'amenity': 'restaurant', 'name:en': 'Le Basmane'}"
OpenStreetMap,node,11077528745,osm_node_11077528745,Street Pizzeria Napoletana,,,Morocco,Casablanca,,,,33.5834902,-7.6315558,+212520213131,http://www.streetpizza.ma/,,,"['pizza', 'italian', 'pasta', 'dessert']",['Takeaway'],,,,,,,,,,,,,2026-07-14T15:14:39.532692,"{'amenity': 'restaurant', 'cuisine': 'pizza;italian;pasta;dessert', 'name': 'Street Pizzeria Napoletana', 'phone': '+212 5 20 21 31 31', 'takeaway': 'yes', 'toilets': 'yes', 'toilets:wheelchair': 'no', 'website': 'http://www.streetpizza.ma/'}"
OpenStreetMap,node,11093271505,osm_node_11093271505,فضاء سلا,,,Morocco,Casablanca,,,,33.599199,-7.6210912,,,,,['moroccan'],[],,,,,,,,wlan,,,,,2026-07-14T15:14:39.532730,"{'amenity': 'cafe', 'cuisine': 'moroccan', 'internet_access': 'wlan', 'level': '0', 'name': 'فضاء سلا', 'name:en': 'Sala Space Cafe'}"
OpenStreetMap,node,11093668107,osm_node_11093668107,باموس قهوة,,,Morocco,Casablanca,,,,33.6007998,-7.6231615,,,,,['coffee_shop'],[],,,,,,,,,,,,,2026-07-14T15:14:39.532760,"{'air_conditioning': 'no', 'amenity': 'cafe', 'bar': 'no', 'cuisine': 'coffee_shop', 'highchair': 'no', 'level': '0', 'name': 'باموس قهوة', 'name:en': 'Roi Dubois', 'name:es': 'Vamos Café', 'name:fr': 'Roi Dubois', 'payment:app': 'no', 'payment:apple_pay': 'no', 'payment:cards': 'no', 'payment:cash': 'yes', 'payment:cheque': 'no', 'payment:coins': 'yes', 'payment:contactless': 'no', 'payment:credit_cards': 'no', 'payment:cryptocurrencies': 'no', 'payment:debit_cards': 'no', 'payment:discover_card': 'no', 'payment:electronic_purses': 'no', 'payment:google_pay': 'no', 'payment:maestro': 'no', 'payment:mastercard': 'no', 'payment:mastercard_contactless': 'no', 'payment:unionpay': 'no', 'payment:uta': 'no', 'payment:v_pay': 'no', 'payment:visa': 'no', 'payment:visa_debit': 'no', 'payment:visa_electron': 'no'}"
OpenStreetMap,node,11107729603,osm_node_11107729603,Café pizzeria,,,Morocco,Casablanca,,,,33.5889784,-7.6286416,,,,"PH,Mo-Su 06:00-20:30",[],['Wheelchair Accessible'],,,,,,,,,,,,,2026-07-14T15:14:39.532792,"{'amenity': 'cafe', 'name': 'Café pizzeria', 'opening_hours': 'PH,Mo-Su 06:00-20:30', 'payment:cash': 'no', 'payment:credit_cards': 'no', 'payment:debit_cards': 'no', 'wheelchair': 'yes'}"
OpenStreetMap,node,11123515218,osm_node_11123515218,Don Bocadillio,,,Morocco,Casablanca,,,,33.5850284,-7.631509,,,,,"['arab', 'sandwich']",['Takeaway'],,,,,,,,,,,,,2026-07-14T15:14:39.532822,"{'amenity': 'restaurant', 'cuisine': 'arab;sandwich', 'name': 'Don Bocadillio', 'payment:credit_cards': 'yes', 'payment:debit_cards': 'yes', 'takeaway': 'yes'}"
OpenStreetMap,node,11148393708,osm_node_11148393708,Street Pizzeria Napoletana,,,Morocco,Casablanca,,,,33.5834982,-7.6315375,,,,,[],[],,,,,,,,,,,,,2026-07-14T15:14:39.532849,"{'amenity': 'restaurant', 'name': 'Street Pizzeria Napoletana'}"
OpenStreetMap,node,11148393709,osm_node_11148393709,,,,Morocco,Casablanca,,,,33.5881411,-7.6312429,,,,,[],[],,,,,,,,,,,,,2026-07-14T15:14:39.532870,"{'amenity': 'restaurant', 'name:en': 'Mercato Popolare'}"
OpenStreetMap,node,11148393908,osm_node_11148393908,Le Petit Italien,,,Morocco,Casablanca,,Avenue Hassan Souktani شارع حسن السكتاني,,33.5896524,-7.632145,,,,,['italian'],[],,,,,,,,,,,,,2026-07-14T15:14:39.532911,"{'addr:street': 'Avenue Hassan Souktani شارع حسن السكتاني', 'amenity': 'restaurant', 'cuisine': 'italian', 'name': 'Le Petit Italien'}"
OpenStreetMap,node,11148412105,osm_node_11148412105,Repère du Gout,,,Morocco,Casablanca,,,,33.5842585,-7.6312796,,,,,[],[],,,,,,,,,,,,,2026-07-14T15:14:39.532939,"{'amenity': 'restaurant', 'check_date:opening_hours': '2026-04-16', 'name': 'Repère du Gout', 'name:fr': 'Repère du Gout', 'opening_hours:signed': 'no'}"
OpenStreetMap,node,11148412205,osm_node_11148412205,,,,Morocco,Casablanca,,,,33.5895737,-7.6317271,,,,,[],[],,,,,,,,,,,,,2026-07-14T15:14:39.532960,"{'amenity': 'restaurant', 'name:en': 'La Bufala'}"
OpenStreetMap,node,11158457006,osm_node_11158457006,,,,Morocco,Casablanca,,,,33.6033195,-7.6261701,,,,,[],[],,,,,,,,,,,,,2026-07-14T15:14:39.532982,"{'amenity': 'fast_food', 'name:zh': '魚バーガー'}"
OpenStreetMap,node,11216587900,osm_node_11216587900,شاورما الحاج متولي,,,Morocco,Casablanca,,,,33.594017,-7.6148772,,,,,[],[],,,,,,,,,,,,,2026-07-14T15:14:39.533009,"{'amenity': 'restaurant', 'name': 'شاورما الحاج متولي'}"
OpenStreetMap,node,11216871964,osm_node_11216871964,الشاف أنوار,,,Morocco,Casablanca,,,,33.5707703,-7.5977321,,,,,[],[],,,,,,,,,,,,,2026-07-14T15:14:39.533033,"{'amenity': 'restaurant', 'name': 'الشاف أنوار'}"
OpenStreetMap,node,11216879649,osm_node_11216879649,Cafe Gaxi,,,Morocco,Casablanca,,,,33.5696297,-7.601985,,,,,[],[],,,,,,,,,,,,,2026-07-14T15:14:39.533058,"{'amenity': 'cafe', 'name': 'Cafe Gaxi'}"
OpenStreetMap,node,11216888698,osm_node_11216888698,عصائر اليسر,,,Morocco,Casablanca,,,,33.5887909,-7.6129222,,,,,[],[],,,,,,,,,,,,,2026-07-14T15:14:39.533082,"{'amenity': 'cafe', 'name': 'عصائر اليسر'}"
OpenStreetMap,node,11216889875,osm_node_11216889875,Costa Brava,,,Morocco,Casablanca,,,,33.5947151,-7.6166649,,,,,[],[],,,,,,,,,,,,,2026-07-14T15:14:39.533106,"{'amenity': 'cafe', 'name': 'Costa Brava'}"
OpenStreetMap,node,11216895336,osm_node_11216895336,La Fontaine,,,Morocco,Casablanca,,,,33.5934181,-7.6186581,,,,,[],[],,,,,,,,,,,,,2026-07-14T15:14:39.533131,"{'amenity': 'cafe', 'name': 'La Fontaine'}"
OpenStreetMap,node,11216895616,osm_node_11216895616,مقهى ميراج,,,Morocco,Casablanca,,,,33.5741844,-7.592155,,,,,[],[],,,,,,,,,,,,,2026-07-14T15:14:39.533155,"{'amenity': 'cafe', 'name': 'مقهى ميراج'}"
OpenStreetMap,node,11216899279,osm_node_11216899279,مطعم مصري,,,Morocco,Casablanca,,,,33.5952225,-7.6112289,,,,,[],[],,,,,,,,,,,,,2026-07-14T15:14:39.533180,"{'amenity': 'restaurant', 'name': 'مطعم مصري'}"
OpenStreetMap,node,11216901272,osm_node_11216901272,لبن و صيكوك,,,Morocco,Casablanca,,,,33.5795492,-7.6007581,,,,,[],[],,,,,,,,,,,,,2026-07-14T15:14:39.533206,"{'amenity': 'cafe', 'name': 'لبن و صيكوك'}"
OpenStreetMap,node,11359850532,osm_node_11359850532,Café le 57 lounge,,,Morocco,Casablanca,,,,33.5992882,-7.5748791,+212631463236,,,Mo-Su 06:30-23:00,[],[],,,,,,,,,,,,,2026-07-14T15:14:39.533242,"{'amenity': 'cafe', 'name': 'Café le 57 lounge', 'opening_hours': 'Mo-Su 06:30-23:00', 'phone': '+212 6 31 46 32 36'}"
OpenStreetMap,node,11408609571,osm_node_11408609571,,,,Morocco,Casablanca,,,,33.5933156,-7.6160894,,,,,[],[],,,,,,,,,,,,,2026-07-14T15:14:39.533263,"{'amenity': 'cafe', 'name:en': 'Cafe du Louvre'}"
OpenStreetMap,node,11410285770,osm_node_11410285770,,,,Morocco,Casablanca,,,,33.5916314,-7.6148568,,,,,[],[],,,,,,,,,,,,,2026-07-14T15:14:39.533288,"{'amenity': 'cafe', 'name:en': 'Al Yakout'}"
OpenStreetMap,node,11410285772,osm_node_11410285772,,,,Morocco,Casablanca,,,,33.5915702,-7.6147506,,,,,[],[],,,,,,,,,,,,,2026-07-14T15:14:39.533308,"{'amenity': 'cafe', 'name:en': 'Al Khayma'}"
OpenStreetMap,node,11410285774,osm_node_11410285774,,,,Morocco,Casablanca,,,,33.5947188,-7.6127539,,,,,[],[],,,,,,,,,,,,,2026-07-14T15:14:39.533329,{'amenity': 'cafe'}
OpenStreetMap,node,11410285775,osm_node_11410285775,,,,Morocco,Casablanca,,,,33.5947079,-7.612674,,,,,[],[],,,,,,,,,,,,,2026-07-14T15:14:39.533350,{'amenity': 'restaurant'}
OpenStreetMap,node,11410285776,osm_node_11410285776,,,,Morocco,Casablanca,,,,33.5946605,-7.6124451,,,,,[],[],,,,,,,,,,,,,2026-07-14T15:14:39.533373,{'amenity': 'cafe'}
OpenStreetMap,node,11410285777,osm_node_11410285777,,,,Morocco,Casablanca,,,,33.5946466,-7.6123717,,,,,[],[],,,,,,,,,,,,,2026-07-14T15:14:39.533393,{'amenity': 'cafe'}
OpenStreetMap,node,11410285778,osm_node_11410285778,,,,Morocco,Casablanca,,,,33.5945615,-7.6119032,,,,,[],[],,,,,,,,,,,,,2026-07-14T15:14:39.533414,{'amenity': 'cafe'}
OpenStreetMap,node,11410285780,osm_node_11410285780,,,,Morocco,Casablanca,,,,33.594542,-7.6115928,,,,,[],[],,,,,,,,,,,,,2026-07-14T15:14:39.533434,{'amenity': 'restaurant'}
OpenStreetMap,node,11410285781,osm_node_11410285781,,,,Morocco,Casablanca,,,,33.5945556,-7.6116442,,,,,[],[],,,,,,,,,,,,,2026-07-14T15:14:39.533454,{'amenity': 'restaurant'}
OpenStreetMap,node,11410285782,osm_node_11410285782,,,,Morocco,Casablanca,,,,33.5949847,-7.6117512,,,,,[],[],,,,,,,,,,,,,2026-07-14T15:14:39.533475,{'amenity': 'restaurant'}
OpenStreetMap,node,11410285783,osm_node_11410285783,,,,Morocco,Casablanca,,,,33.5949018,-7.6115289,+212649571539,,,,"['fish', 'local', 'mediterranean']",['Outdoor Seating'],,,,,,,,,,,,,2026-07-14T15:14:39.533506,"{'amenity': 'restaurant', 'cuisine': 'fish;local;mediterranean', 'name:fr': 'Grillades Poissons Chez Abdo', 'outdoor_seating': 'yes', 'phone': '+212 6 49 57 15 39'}"
OpenStreetMap,node,11410285784,osm_node_11410285784,,,,Morocco,Casablanca,,,,33.5948702,-7.611371,,,,,[],[],,,,,,,,,,,,,2026-07-14T15:14:39.533527,{'amenity': 'restaurant'}
OpenStreetMap,node,11410285785,osm_node_11410285785,,,,Morocco,Casablanca,,,,33.595288,-7.6119494,,,,,[],[],,,,,,,,,,,,,2026-07-14T15:14:39.533548,"{'amenity': 'restaurant', 'name:en': 'Snack Anwal'}"
OpenStreetMap,node,11410285786,osm_node_11410285786,,,,Morocco,Casablanca,,,,33.5952974,-7.6120333,,,,,[],[],,,,,,,,,,,,,2026-07-14T15:14:39.533568,"{'amenity': 'bar', 'name:en': 'Cafe Bar des Francais'}"
OpenStreetMap,node,11410285787,osm_node_11410285787,,,,Morocco,Casablanca,,,,33.5952329,-7.611699,,,,,[],[],,,,,,,,,,,,,2026-07-14T15:14:39.533597,"{'amenity': 'restaurant', 'name:en': 'Snack Rimini'}"
OpenStreetMap,node,11410285788,osm_node_11410285788,,,,Morocco,Casablanca,,,,33.5952723,-7.6126263,,,,,[],[],,,,,,,,,,,,,2026-07-14T15:14:39.533619,"{'amenity': 'restaurant', 'name:en': 'Snack Borj'}"
OpenStreetMap,node,11410285789,osm_node_11410285789,,,,Morocco,Casablanca,,,,33.5953058,-7.6129605,,,,,[],[],,,,,,,,,,,,,2026-07-14T15:14:39.533643,"{'amenity': 'restaurant', 'name:en': 'Snack Majorelle'}"
OpenStreetMap,node,11410285791,osm_node_11410285791,,,,Morocco,Casablanca,,,,33.5958325,-7.6153688,,,,,[],[],,,,,,,,,,,,,2026-07-14T15:14:39.533664,"{'amenity': 'cafe', 'name:en': 'Cafe Taiba'}"
OpenStreetMap,node,11410285803,osm_node_11410285803,,,,Morocco,Casablanca,,,,33.5865898,-7.6866247,,,,,[],[],,,,,,,,,,,,,2026-07-14T15:14:39.533685,"{'amenity': 'cafe', 'name:en': 'Djadja'}"
OpenStreetMap,node,11410362769,osm_node_11410362769,,,,Morocco,Casablanca,,,,33.591712,-7.6151442,,,,,[],[],,,,,,,,,,,,,2026-07-14T15:14:39.533706,"{'amenity': 'restaurant', 'name:en': 'Salade Verte'}"
OpenStreetMap,node,11410362770,osm_node_11410362770,,,,Morocco,Casablanca,,,,33.5915628,-7.6152182,,,,,[],[],,,,,,,,,,,,,2026-07-14T15:14:39.533730,{'amenity': 'restaurant'}
OpenStreetMap,node,11410362771,osm_node_11410362771,,,,Morocco,Casablanca,,,,33.5915784,-7.6152596,,,,,[],[],,,,,,,,,,,,,2026-07-14T15:14:39.533751,{'amenity': 'restaurant'}
OpenStreetMap,node,11410362870,osm_node_11410362870,,,,Morocco,Casablanca,,,,33.5947389,-7.6129322,,,,,[],[],,,,,,,,,,,,,2026-07-14T15:14:39.533771,"{'amenity': 'cafe', 'name:en': 'Cafe des Negociants'}"
OpenStreetMap,node,11410362871,osm_node_11410362871,,,,Morocco,Casablanca,,,,33.5945193,-7.6116572,,,,,[],[],,,,,,,,,,,,,2026-07-14T15:14:39.533816,{'amenity': 'restaurant'}
OpenStreetMap,node,11410362872,osm_node_11410362872,,,,Morocco,Casablanca,,,,33.5947057,-7.6114777,,,,,[],[],,,,,,,,,,,,,2026-07-14T15:14:39.533837,{'amenity': 'restaurant'}
OpenStreetMap,node,11410362873,osm_node_11410362873,,,,Morocco,Casablanca,,,,33.5946179,-7.6115033,,,,,[],[],,,,,,,,,,,,,2026-07-14T15:14:39.533857,{'amenity': 'restaurant'}
OpenStreetMap,node,11410362874,osm_node_11410362874,,,,Morocco,Casablanca,,,,33.5949538,-7.6124246,,,,,[],[],,,,,,,,,,,,,2026-07-14T15:14:39.533878,{'amenity': 'restaurant'}
OpenStreetMap,node,11410362875,osm_node_11410362875,,,,Morocco,Casablanca,,,,33.5950134,-7.612281,,,,,[],[],,,,,,,,,,,,,2026-07-14T15:14:39.533898,{'amenity': 'restaurant'}
OpenStreetMap,node,11410362876,osm_node_11410362876,,,,Morocco,Casablanca,,,,33.5950036,-7.6120965,,,,,[],[],,,,,,,,,,,,,2026-07-14T15:14:39.533919,{'amenity': 'restaurant'}
OpenStreetMap,node,11410362877,osm_node_11410362877,,,,Morocco,Casablanca,,,,33.5950006,-7.6118522,,,,,[],[],,,,,,,,,,,,,2026-07-14T15:14:39.533939,{'amenity': 'restaurant'}
OpenStreetMap,node,11410362878,osm_node_11410362878,,,,Morocco,Casablanca,,,,33.5949495,-7.6118105,,,,,[],[],,,,,,,,,,,,,2026-07-14T15:14:39.533959,{'amenity': 'restaurant'}
OpenStreetMap,node,11410362879,osm_node_11410362879,,,,Morocco,Casablanca,,,,33.5949704,-7.6116973,,,,,[],[],,,,,,,,,,,,,2026-07-14T15:14:39.533980,{'amenity': 'restaurant'}
OpenStreetMap,node,11410362880,osm_node_11410362880,,,,Morocco,Casablanca,,,,33.594924,-7.6113953,,,,,[],[],,,,,,,,,,,,,2026-07-14T15:14:39.534004,{'amenity': 'restaurant'}
OpenStreetMap,node,11410362881,osm_node_11410362881,,,,Morocco,Casablanca,,,,33.5949176,-7.6113533,,,,,[],[],,,,,,,,,,,,,2026-07-14T15:14:39.534024,{'amenity': 'restaurant'}
OpenStreetMap,node,11410362882,osm_node_11410362882,,,,Morocco,Casablanca,,,,33.5947917,-7.6113908,,,,,[],[],,,,,,,,,,,,,2026-07-14T15:14:39.534045,{'amenity': 'restaurant'}
OpenStreetMap,node,11410362883,osm_node_11410362883,,,,Morocco,Casablanca,,,,33.595255,-7.6118271,,,,,[],[],,,,,,,,,,,,,2026-07-14T15:14:39.534066,"{'amenity': 'cafe', 'name:en': 'Sans Pareil'}"
OpenStreetMap,node,11410362884,osm_node_11410362884,,,,Morocco,Casablanca,,,,33.5953819,-7.6129374,,,,,[],[],,,,,,,,,,,,,2026-07-14T15:14:39.534087,{'amenity': 'restaurant'}
OpenStreetMap,node,11410362885,osm_node_11410362885,,,,Morocco,Casablanca,,,,33.5955705,-7.6140398,,,,,[],[],,,,,,,,,,,,,2026-07-14T15:14:39.534108,"{'amenity': 'cafe', 'name:en': 'Espace 4 Best'}"
OpenStreetMap,node,11410362886,osm_node_11410362886,,,,Morocco,Casablanca,,,,33.5956805,-7.615028,,,,,[],[],,,,,,,,,,,,,2026-07-14T15:14:39.534129,"{'amenity': 'fast_food', 'name:en': 'Abou Yahya'}"
OpenStreetMap,node,11410362887,osm_node_11410362887,,,,Morocco,Casablanca,,,,33.5894309,-7.6799563,,,,,[],[],,,,,,,,,,,,,2026-07-14T15:14:39.534150,"{'amenity': 'bar', 'name:en': 'La Ola Rooftop'}"
OpenStreetMap,node,11410362891,osm_node_11410362891,,,,Morocco,Casablanca,,,,33.5944609,-7.6787736,,,,,[],[],,,,,,,,,,,,,2026-07-14T15:14:39.534170,"{'amenity': 'restaurant', 'name:en': 'La Veranda'}"
OpenStreetMap,node,11410362894,osm_node_11410362894,,,,Morocco,Casablanca,,,,33.6058976,-7.6576224,,,,,[],[],,,,,,,,,,,,,2026-07-14T15:14:39.534191,"{'amenity': 'cafe', 'name:en': 'La Cascade'}"
OpenStreetMap,node,11410362896,osm_node_11410362896,,,,Morocco,Casablanca,,,,33.6033613,-7.6393176,,,,,[],[],,,,,,,,,,,,,2026-07-14T15:14:39.534211,"{'amenity': 'cafe', 'name:en': 'Cafe Atlantique'}"
OpenStreetMap,node,11410362899,osm_node_11410362899,,,,Morocco,Casablanca,,,,33.5936551,-7.6161729,,,,,[],[],,,,,,,,,,,,,2026-07-14T15:14:39.534232,"{'amenity': 'fast_food', 'name:en': 'Snack Sable'}"
OpenStreetMap,node,11410362901,osm_node_11410362901,,,,Morocco,Casablanca,,,,33.5932994,-7.6161833,,,,,[],[],,,,,,,,,,,,,2026-07-14T15:14:39.534253,"{'amenity': 'cafe', 'name:en': ""Au Palais D'or""}"
OpenStreetMap,node,11410362970,osm_node_11410362970,,,,Morocco,Casablanca,,,,33.5945479,-7.6115112,,,,,[],[],,,,,,,,,,,,,2026-07-14T15:14:39.534274,{'amenity': 'restaurant'}
OpenStreetMap,node,11410362971,osm_node_11410362971,,,,Morocco,Casablanca,,,,33.5948983,-7.6120796,,,,,[],[],,,,,,,,,,,,,2026-07-14T15:14:39.534294,{'amenity': 'restaurant'}
OpenStreetMap,node,11410362972,osm_node_11410362972,,,,Morocco,Casablanca,,,,33.5949241,-7.6122894,,,,,[],[],,,,,,,,,,,,,2026-07-14T15:14:39.534315,{'amenity': 'restaurant'}
OpenStreetMap,node,11410362973,osm_node_11410362973,,,,Morocco,Casablanca,,,,33.5949383,-7.6117611,,,,,[],[],,,,,,,,,,,,,2026-07-14T15:14:39.534338,{'amenity': 'restaurant'}
OpenStreetMap,node,11410362974,osm_node_11410362974,,,,Morocco,Casablanca,,,,33.5949464,-7.6115137,,,,,[],[],,,,,,,,,,,,,2026-07-14T15:14:39.534358,{'amenity': 'restaurant'}
OpenStreetMap,node,11410362977,osm_node_11410362977,Pizza Hut,Pizza Hut,,Morocco,Casablanca,,,,33.5950215,-7.6682519,,,,,['pizza'],[],,,,,,,,,,,,,2026-07-14T15:14:39.534391,"{'amenity': 'restaurant', 'brand': 'Pizza Hut', 'brand:wikidata': 'Q191615', 'cuisine': 'pizza', 'name': 'Pizza Hut', 'name:en': 'Pizza Hut'}"
OpenStreetMap,node,11410362978,osm_node_11410362978,Manaos,,,Morocco,Casablanca,,Boulevard de la Corniche شارع الكورنيش,,33.6049237,-7.6579938,,,,,[],[],,,,,https://www.instagram.com/manaos_casablanca/,,,,,,,,2026-07-14T15:14:39.534449,"{'addr:housenumber': '56', 'addr:street': 'Boulevard de la Corniche شارع الكورنيش', 'amenity': 'restaurant', 'bar': 'yes', 'check_date': '2025-04-22', 'contact:instagram': 'https://www.instagram.com/manaos_casablanca/', 'mobile': '+212 7 06 40 08 48', 'name': 'Manaos', 'website:booking': 'https://book.saturdayzapp.com/Manaos'}"
OpenStreetMap,node,11410363069,osm_node_11410363069,,,,Morocco,Casablanca,,,,33.5946994,-7.6126068,,,,,[],[],,,,,,,,,,,,,2026-07-14T15:14:39.534474,{'amenity': 'cafe'}
OpenStreetMap,node,11410363070,osm_node_11410363070,,,,Morocco,Casablanca,,,,33.5946315,-7.612301,,,,,[],[],,,,,,,,,,,,,2026-07-14T15:14:39.534515,{'amenity': 'restaurant'}
OpenStreetMap,node,11410363071,osm_node_11410363071,,,,Morocco,Casablanca,,,,33.5950244,-7.612385,,,,,[],[],,,,,,,,,,,,,2026-07-14T15:14:39.534542,{'amenity': 'restaurant'}
OpenStreetMap,node,11410363072,osm_node_11410363072,,,,Morocco,Casablanca,,,,33.5950041,-7.612173,,,,,[],[],,,,,,,,,,,,,2026-07-14T15:14:39.534563,{'amenity': 'restaurant'}
OpenStreetMap,node,11410363073,osm_node_11410363073,,,,Morocco,Casablanca,,,,33.594832,-7.6113829,,,,,[],[],,,,,,,,,,,,,2026-07-14T15:14:39.534584,{'amenity': 'restaurant'}
OpenStreetMap,node,11410363169,osm_node_11410363169,,,,Morocco,Casablanca,,,,33.5946764,-7.612534,,,,,[],[],,,,,,,,,,,,,2026-07-14T15:14:39.534605,{'amenity': 'cafe'}
OpenStreetMap,node,11410363170,osm_node_11410363170,,,,Morocco,Casablanca,,,,33.5949321,-7.6114582,,,,,[],[],,,,,,,,,,,,,2026-07-14T15:14:39.534626,{'amenity': 'restaurant'}
OpenStreetMap,node,11410363176,osm_node_11410363176,,,,Morocco,Casablanca,,,,33.586478,-7.6867462,,,,,[],[],,,,,,,,,,,,,2026-07-14T15:14:39.534653,"{'amenity': 'bar', 'name:en': 'Shore Club'}"
OpenStreetMap,node,11410363177,osm_node_11410363177,,,,Morocco,Casablanca,,,,33.5864115,-7.686929,,,,,[],[],,,,,,,,,,,,,2026-07-14T15:14:39.534673,"{'amenity': 'cafe', 'name:en': 'Exotica'}"
OpenStreetMap,node,11410363180,osm_node_11410363180,Café de France,,,Morocco,Casablanca,,,,33.5956616,-7.6174917,,,,,[],[],,,,,,,,,,,,,2026-07-14T15:14:39.534700,"{'amenity': 'cafe', 'name': 'Café de France'}"
OpenStreetMap,node,11410363182,osm_node_11410363182,,,,Morocco,Casablanca,,,,33.5946058,-7.6175109,,,,,[],[],,,,,,,,,,,,,2026-07-14T15:14:39.534720,"{'amenity': 'fast_food', 'name:en': 'Snack Hamidou'}"
OpenStreetMap,node,11410363183,osm_node_11410363183,,,,Morocco,Casablanca,,,,33.593626,-7.6161766,,,,,[],[],,,,,,,,,,,,,2026-07-14T15:14:39.534743,"{'amenity': 'restaurant', 'name:en': 'La Perche'}"
OpenStreetMap,node,11410363369,osm_node_11410363369,,,,Morocco,Casablanca,,,,33.594554,-7.6117055,,,,,[],[],,,,,,,,,,,,,2026-07-14T15:14:39.534764,{'amenity': 'restaurant'}
OpenStreetMap,node,11410363370,osm_node_11410363370,,,,Morocco,Casablanca,,,,33.5949903,-7.6118004,,,,,[],[],,,,,,,,,,,,,2026-07-14T15:14:39.534785,{'amenity': 'restaurant'}
OpenStreetMap,node,11410363371,osm_node_11410363371,,,,Morocco,Casablanca,,,,33.5947606,-7.6114046,,,,,[],[],,,,,,,,,,,,,2026-07-14T15:14:39.534805,{'amenity': 'restaurant'}
OpenStreetMap,node,11410363372,osm_node_11410363372,,,,Morocco,Casablanca,,,,33.5950961,-7.610782,,,,,[],[],,,,,,,,,,,,,2026-07-14T15:14:39.534826,"{'amenity': 'bar', 'name:en': 'Ole Ole ... Restaurant Lounge Bar Pub'}"
OpenStreetMap,node,11410363377,osm_node_11410363377,Le Calypso,,,Morocco,Casablanca,,,,33.5935398,-7.6782666,,,,,[],[],,,,,,,,,,,,,2026-07-14T15:14:39.534851,"{'amenity': 'restaurant', 'name': 'Le Calypso'}"
OpenStreetMap,node,11410363378,osm_node_11410363378,El Tucan,,,Morocco,Casablanca,,Boulevard de la Corniche شارع الكورنيش,,33.5948941,-7.6780807,,,,,[],[],,,,,,,,,,,,,2026-07-14T15:14:39.534886,"{'addr:street': 'Boulevard de la Corniche شارع الكورنيش', 'amenity': 'restaurant', 'name': 'El Tucan'}"
OpenStreetMap,node,11410363381,osm_node_11410363381,Snack Beverly,,,Morocco,Casablanca,,,,33.5942725,-7.616284,,,,,[],[],,,,,,,,,,,,,2026-07-14T15:14:39.534911,"{'amenity': 'fast_food', 'name': 'Snack Beverly'}"
OpenStreetMap,node,11410364169,osm_node_11410364169,,,,Morocco,Casablanca,,,,33.5950205,-7.6122345,,,,,[],[],,,,,,,,,,,,,2026-07-14T15:14:39.534932,{'amenity': 'restaurant'}
OpenStreetMap,node,11410863469,osm_node_11410863469,Restaurant Marocain Al Mamoun مطعم مغربي المامون,,Hôtel Al Mamoun,Morocco,Casablanca,,,,33.5943629,-7.6169789,,,,,['moroccan'],[],,,,,,,,,,,,,2026-07-14T15:14:39.534972,"{'amenity': 'restaurant', 'check_date': '2025-05-17', 'cuisine': 'moroccan', 'name': 'Restaurant Marocain Al Mamoun مطعم مغربي المامون', 'name:ar': 'مطعم مغربي المامون', 'name:fr': 'Restaurant Marocain Al Mamoun', 'operator': 'Hôtel Al Mamoun'}"
OpenStreetMap,node,11410863569,osm_node_11410863569,,,,Morocco,Casablanca,,,,33.5940425,-7.6154956,,,,,[],[],,,,,,,,,,,,,2026-07-14T15:14:39.534993,"{'amenity': 'fast_food', 'name:en': 'Snack El Fetouati'}"
OpenStreetMap,node,11411192269,osm_node_11411192269,,,,Morocco,Casablanca,,,,33.5929297,-7.6158701,,,,,[],[],,,,,,,,,,,,,2026-07-14T15:14:39.535014,"{'amenity': 'bar', 'name:en': 'Casa Bella'}"
OpenStreetMap,node,11411192270,osm_node_11411192270,,,,Morocco,Casablanca,,,,33.5927607,-7.615933,,,,,[],[],,,,,,,,,,,,,2026-07-14T15:14:39.535035,"{'amenity': 'bar', 'name:en': 'Oraly'}"
OpenStreetMap,node,11411192271,osm_node_11411192271,,,,Morocco,Casablanca,,,,33.591526,-7.6164212,,,,,[],[],,,,,,,,,,,,,2026-07-14T15:14:39.535055,"{'amenity': 'fast_food', 'name:en': 'Chicken'}"
OpenStreetMap,node,11411192369,osm_node_11411192369,,,,Morocco,Casablanca,,,,33.591555,-7.6164083,,,,,[],[],,,,,,,,,,,,,2026-07-14T15:14:39.535076,"{'amenity': 'fast_food', 'name:en': 'Chicken'}"
OpenStreetMap,node,11411192370,osm_node_11411192370,,,,Morocco,Casablanca,,,,33.5916618,-7.6163785,,,,,[],[],,,,,,,,,,,,,2026-07-14T15:14:39.535098,"{'amenity': 'fast_food', 'name:en': 'Chicken'}"
OpenStreetMap,node,11413144970,osm_node_11413144970,,,,Morocco,Casablanca,,,,33.5876769,-7.6200226,,,,,[],[],,,,,,,,,,,,,2026-07-14T15:14:39.535119,{'amenity': 'cafe'}
OpenStreetMap,node,11413145070,osm_node_11413145070,,,,Morocco,Casablanca,,,,33.5878115,-7.6200832,,,,,[],[],,,,,,,,,,,,,2026-07-14T15:14:39.535140,"{'amenity': 'cafe', 'name:en': 'Rock Hill'}"
OpenStreetMap,node,11413175369,osm_node_11413175369,,,,Morocco,Casablanca,,,,33.5877126,-7.6193928,,,,,[],[],,,,,,,,,,,,,2026-07-14T15:14:39.535161,"{'amenity': 'cafe', 'name:en': 'Nouveau Theatre'}"
OpenStreetMap,node,11413664273,osm_node_11413664273,,,,Morocco,Casablanca,,,,33.584449,-7.6106882,,,,,[],[],,,,,,,,,,,,,2026-07-14T15:14:39.535182,"{'amenity': 'cafe', 'name:en': 'Le Foyer'}"
OpenStreetMap,node,11413664277,osm_node_11413664277,,,,Morocco,Casablanca,,,,33.5765658,-7.6042489,,,,,[],[],,,,,,,,,,,,,2026-07-14T15:14:39.535203,{'amenity': 'cafe'}
OpenStreetMap,node,11413664279,osm_node_11413664279,Champs Élysées,,,Morocco,Casablanca,,,,33.5877361,-7.6180891,,,,,[],[],,,,,,,,,,,,,2026-07-14T15:14:39.535228,"{'amenity': 'cafe', 'name': 'Champs Élysées'}"
OpenStreetMap,node,11413664280,osm_node_11413664280,La Concorde,,,Morocco,Casablanca,,,,33.5881245,-7.6177522,,,,,[],[],,,,,,,,,,,,,2026-07-14T15:14:39.535253,"{'amenity': 'restaurant', 'name': 'La Concorde'}"
OpenStreetMap,node,11413664283,osm_node_11413664283,,,,Morocco,Casablanca,,,,33.5925136,-7.615743,,,,,[],[],,,,,,,,,,,,,2026-07-14T15:14:39.535274,"{'amenity': 'cafe', 'name:en': 'Bibo Coffee'}"
OpenStreetMap,node,11413664285,osm_node_11413664285,,,,Morocco,Casablanca,,,,33.5926223,-7.6157628,,,,,[],[],,,,,,,,,,,,,2026-07-14T15:14:39.535294,"{'amenity': 'cafe', 'name:en': 'La Banquise'}"
OpenStreetMap,node,11413680772,osm_node_11413680772,,,,Morocco,Casablanca,,,,33.584232,-7.6106949,,,,,[],[],,,,,,,,,,,,,2026-07-14T15:14:39.535315,"{'amenity': 'fast_food', 'name:en': 'Ultra Moderne'}"
OpenStreetMap,node,11413680773,osm_node_11413680773,,,,Morocco,Casablanca,,,,33.5842685,-7.6107763,,,,,[],[],,,,,,,,,,,,,2026-07-14T15:14:39.535336,"{'amenity': 'cafe', 'name:en': 'Ultra Moderne'}"
OpenStreetMap,node,11413680779,osm_node_11413680779,,,,Morocco,Casablanca,,,,33.5868413,-7.617016,,,,,[],[],,,,,,,,,,,,,2026-07-14T15:14:39.535356,"{'amenity': 'bar', 'name:en': 'Bar Atomic'}"
OpenStreetMap,node,11413680870,osm_node_11413680870,,,,Morocco,Casablanca,,,,33.5915778,-7.6161709,,,,,[],[],,,,,,,,,,,,,2026-07-14T15:14:39.535376,"{'amenity': 'cafe', 'name:en': 'Cafe Cameleon'}"
OpenStreetMap,node,11413681074,osm_node_11413681074,,,,Morocco,Casablanca,,,,33.5724602,-7.6002151,,,,,[],[],,,,,,,,,,,,,2026-07-14T15:14:39.535397,"{'amenity': 'cafe', 'name:en': 'Khatra'}"
OpenStreetMap,node,11413681075,osm_node_11413681075,,,,Morocco,Casablanca,,,,33.5913457,-7.6164872,,,,,[],[],,,,,,,,,,,,,2026-07-14T15:14:39.535417,"{'amenity': 'bar', 'name:en': 'Bar Helene'}"
OpenStreetMap,node,11413681369,osm_node_11413681369,,,,Morocco,Casablanca,,,,33.5888924,-7.6185798,,,,,[],[],,,,,,,,,,,,,2026-07-14T15:14:39.535440,"{'amenity': 'cafe', 'name:en': 'Dante'}"
OpenStreetMap,node,11414762580,osm_node_11414762580,,,,Morocco,Casablanca,,,,33.5884104,-7.6127441,,,,,[],[],,,,,,,,,,,,,2026-07-14T15:14:39.535461,"{'amenity': 'fast_food', 'name:en': 'Laiterie 11 Janvier'}"
OpenStreetMap,node,11414762682,osm_node_11414762682,,,,Morocco,Casablanca,,,,33.5907294,-7.614857,,,,,[],[],,,,,,,,,,,,,2026-07-14T15:14:39.535482,"{'amenity': 'cafe', 'name:en': 'Opera'}"
OpenStreetMap,node,11414762685,osm_node_11414762685,,,,Morocco,Casablanca,,,,33.5893666,-7.6134495,,,,,[],[],,,,,,,,,,,,,2026-07-14T15:14:39.535502,"{'amenity': 'cafe', 'name:en': 'Cafe 11 Janvier'}"
OpenStreetMap,node,11414762771,osm_node_11414762771,,,,Morocco,Casablanca,,,,33.5903113,-7.614465,,,,,[],[],,,,,,,,,,,,,2026-07-14T15:14:39.535543,"{'amenity': 'cafe', 'name:en': 'Cremerie Silvia'}"
OpenStreetMap,node,11414762772,osm_node_11414762772,Brasserie Horse Ex La Coche,,,Morocco,Casablanca,,,,33.5887679,-7.6131077,,,,,[],[],,,,,,,,,,,,,2026-07-14T15:14:39.535570,"{'amenity': 'pub', 'name': 'Brasserie Horse Ex La Coche'}"
OpenStreetMap,node,11414763870,osm_node_11414763870,,,,Morocco,Casablanca,,,,33.5903975,-7.6144145,,,,,[],[],,,,,,,,,,,,,2026-07-14T15:14:39.535592,"{'amenity': 'cafe', 'name:en': 'Gloria'}"
OpenStreetMap,node,11415142369,osm_node_11415142369,,,,Morocco,Casablanca,,,,33.5853537,-7.6101606,,,,,[],[],,,,,,,,,,,,,2026-07-14T15:14:39.535613,"{'amenity': 'cafe', 'name:en': 'Espace Proxy'}"
OpenStreetMap,node,11415330998,osm_node_11415330998,,,,Morocco,Casablanca,,,,33.5915693,-7.6153454,,,,,[],[],,,,,,,,,,,,,2026-07-14T15:14:39.535640,{'amenity': 'cafe'}
OpenStreetMap,node,11415330999,osm_node_11415330999,,,,Morocco,Casablanca,,,,33.5924905,-7.6158505,,,,,[],[],,,,,,,,,,,,,2026-07-14T15:14:39.535663,"{'amenity': 'fast_food', 'name:en': 'Oumluok Foud'}"
OpenStreetMap,node,11415331677,osm_node_11415331677,,,,Morocco,Casablanca,,,,33.5930075,-7.615992,,,,,[],[],,,,,,,,,,,,,2026-07-14T15:14:39.535683,"{'amenity': 'cafe', 'name:en': 'Espace Les Amis'}"
OpenStreetMap,node,11415331871,osm_node_11415331871,,,,Morocco,Casablanca,,,,33.5908221,-7.6148131,,,,,[],[],,,,,,,,,,,,,2026-07-14T15:14:39.535726,{'amenity': 'fast_food'}
OpenStreetMap,node,11415331970,osm_node_11415331970,,,,Morocco,Casablanca,,,,33.5910039,-7.615001,,,,,[],[],,,,,,,,,,,,,2026-07-14T15:14:39.535745,"{'amenity': 'bar', 'name:en': ""Bar Poker D'AS""}"
OpenStreetMap,node,11418289969,osm_node_11418289969,,,,Morocco,Casablanca,,,,33.5958744,-7.6101903,,,,,[],[],,,,,,,,,,,,,2026-07-14T15:14:39.535764,"{'amenity': 'bar', 'name:en': 'Jawhara Lounge'}"
OpenStreetMap,node,11446031504,osm_node_11446031504,Pizza Hut Express,Pizza Hut,,Morocco,Casablanca,,,,33.5891754,-7.6289622,,,,,['pizza'],['Takeaway'],,,,,,,,,,,,,2026-07-14T15:14:39.535795,"{'amenity': 'fast_food', 'brand': 'Pizza Hut', 'brand:wikidata': 'Q191615', 'cuisine': 'pizza', 'name': 'Pizza Hut Express', 'takeaway': 'yes'}"
OpenStreetMap,node,11446166490,osm_node_11446166490,Coin jean jaures,,,Morocco,Casablanca,,,,33.5897458,-7.6275991,,,,,[],[],,,,,,,,,,,,,2026-07-14T15:14:39.535822,"{'amenity': 'fast_food', 'name': 'Coin jean jaures', 'payment:credit_cards': 'no', 'payment:debit_cards': 'no'}"
OpenStreetMap,node,11446167665,osm_node_11446167665,Casa jose,,,Morocco,Casablanca,,,,33.5896958,-7.6274645,,,,,['italian'],[],,,,,,,,,,,,,2026-07-14T15:14:39.535847,"{'amenity': 'restaurant', 'cuisine': 'italian', 'name': 'Casa jose', 'payment:credit_cards': 'yes', 'payment:debit_cards': 'yes'}"
OpenStreetMap,node,11630506395,osm_node_11630506395,,,,Morocco,Casablanca,,,,33.5386387,-7.6804125,,,,,[],[],,,,,,,,,,,,,2026-07-14T15:14:39.535867,{'amenity': 'cafe'}
OpenStreetMap,node,11717443434,osm_node_11717443434,Café le Rossignol,,,Morocco,Casablanca,,,,33.536662,-7.5873179,,,,,[],[],,,,,,,,,,,,,2026-07-14T15:14:39.535891,"{'amenity': 'cafe', 'name': 'Café le Rossignol'}"
OpenStreetMap,node,11742852053,osm_node_11742852053,Oh My Bun,,,Morocco,Casablanca,,,,33.5886854,-7.6317411,,,,,"['burger', 'american']",[],,,,,,,,,,,,,2026-07-14T15:14:39.535918,"{'amenity': 'fast_food', 'cuisine': 'burger;american', 'indoor_seating': 'yes', 'name': 'Oh My Bun', 'outdoor_seating': 'sidewalk', 'payment:credit_cards': 'yes', 'payment:debit_cards': 'yes'}"
OpenStreetMap,node,11822391927,osm_node_11822391927,Dahab Café,,,Morocco,Casablanca,,,,33.5887839,-7.6323473,,,,,[],[],,,,,,,,,,,,,2026-07-14T15:14:39.535941,"{'amenity': 'cafe', 'name': 'Dahab Café'}"
OpenStreetMap,node,11822391928,osm_node_11822391928,Niya,,,Morocco,Casablanca,,,,33.5886969,-7.632462,+212611189390,https://niya-casablanca.com/,niyacasa@gmail.com,Tu-Sa 10:00-21:00; Su 10:00-17:00,[],[],,,,,,,,,,,,,2026-07-14T15:14:39.536000,"{'amenity': 'restaurant', 'diet:vegan': 'yes', 'diet:vegetarian': 'yes', 'email': 'niyacasa@gmail.com', 'level': '0', 'name': 'Niya', 'opening_hours': 'Tu-Sa 10:00-21:00; Su 10:00-17:00', 'phone': '+212 6 11 18 93 90', 'toilets': 'yes', 'toilets:access': 'customers', 'toilets:wheelchair': 'no', 'website': 'https://niya-casablanca.com/', 'wheelchair': 'limited'}"
OpenStreetMap,node,11891549020,osm_node_11891549020,Green Black,,,Morocco,Casablanca,,,,33.607696,-7.6208604,,,,,[],[],,,,,,,,,,,,,2026-07-14T15:14:39.536027,"{'amenity': 'cafe', 'name': 'Green Black'}"
OpenStreetMap,node,11891561552,osm_node_11891561552,La Mass,,,Morocco,Casablanca,,,,33.6023944,-7.6216848,,,,,[],[],,,,,,,,,,,,,2026-07-14T15:14:39.536050,"{'amenity': 'fast_food', 'name': 'La Mass'}"
OpenStreetMap,node,11891921341,osm_node_11891921341,Bambou Panda,,,Morocco,Casablanca,,,,33.6058793,-7.628809,,,,,['chinese'],[],,,,,,,,,,,,,2026-07-14T15:14:39.536075,"{'amenity': 'restaurant', 'cuisine': 'chinese', 'name': 'Bambou Panda'}"
OpenStreetMap,node,11911759660,osm_node_11911759660,Cappadocia,,,Morocco,Casablanca,,,,33.6062625,-7.62939,,,,,[],[],,,,,,,,,,,,,2026-07-14T15:14:39.536097,"{'amenity': 'cafe', 'name': 'Cappadocia'}"
OpenStreetMap,node,11911762299,osm_node_11911762299,Le Melliber,,,Morocco,Casablanca,,Boulevard Moulay Youssef شارع مولاي يوسف,,33.6042229,-7.6328261,,,,,[],[],,,,,,,,,,,,,2026-07-14T15:14:39.536128,"{'addr:housenumber': '138', 'addr:street': 'Boulevard Moulay Youssef شارع مولاي يوسف', 'amenity': 'restaurant', 'name': 'Le Melliber'}"
OpenStreetMap,node,11945845060,osm_node_11945845060,Chez Robio,,,Morocco,Casablanca,,Boulevard Abdelmoumen شارع عبد المومن,,33.5655723,-7.6263224,+212650525596,,,Mo-Su 09:00-21:00,[],[],,,,,,,,no,,,,,2026-07-14T15:14:39.536169,"{'addr:street': 'Boulevard Abdelmoumen شارع عبد المومن', 'amenity': 'restaurant', 'check_date': '2024-05-30', 'internet_access': 'no', 'name': 'Chez Robio', 'opening_hours': 'Mo-Su 09:00-21:00', 'phone': '+212 6 50 52 55 96', 'wheelchair': 'no'}"
OpenStreetMap,node,11955362156,osm_node_11955362156,Café Black Sky,,,Morocco,Casablanca,,,,33.5737817,-7.6314742,,,,,[],[],,,,,,,,,,,,,2026-07-14T15:14:39.536196,"{'amenity': 'cafe', 'name': 'Café Black Sky'}"
OpenStreetMap,node,12017206269,osm_node_12017206269,Paul Cafe,,,Morocco,Casablanca,,,,33.582557,-7.627125,,,,,[],[],,,,,,,,,,,,,2026-07-14T15:14:39.536218,"{'amenity': 'cafe', 'name': 'Paul Cafe'}"
OpenStreetMap,node,12113290834,osm_node_12113290834,Papa John's,Papa John's,,Morocco,Casablanca,,Rue Oumayma Essayeh زنقة أميمة السايح,20100,33.587979,-7.6386446,,,,,['pizza'],['Takeaway'],,,,,,,,,,,,,2026-07-14T15:14:39.536258,"{'addr:housenumber': '7', 'addr:postcode': '20100', 'addr:street': 'Rue Oumayma Essayeh زنقة أميمة السايح', 'amenity': 'fast_food', 'brand': ""Papa John's"", 'brand:wikidata': 'Q2759586', 'cuisine': 'pizza', 'drive_through': 'no', 'name': ""Papa John's"", 'outdoor_seating': 'no', 'payment:cards': 'yes', 'payment:cash': 'yes', 'takeaway': 'yes'}"
OpenStreetMap,node,12113462438,osm_node_12113462438,Le Racine,,,Morocco,Casablanca,,Rue Oumayma Essayeh زنقة أميمة السايح,20100,33.5884367,-7.6388687,,,,,['cafe'],['Outdoor Seating'],,,,,,,,wlan,,,,,2026-07-14T15:14:39.536297,"{'addr:housenumber': '52', 'addr:postcode': '20100', 'addr:street': 'Rue Oumayma Essayeh زنقة أميمة السايح', 'amenity': 'cafe', 'cuisine': 'cafe', 'drive_through': 'no', 'internet_access': 'wlan', 'internet_access:fee': 'customers', 'name': 'Le Racine', 'outdoor_seating': 'yes'}"
OpenStreetMap,node,12113608271,osm_node_12113608271,dipndip,Urban Square,,Morocco,Casablanca,,Urban Square,,33.5885831,-7.6406609,,https://dipndip.com/,,,"['crepe', 'ice_cream', 'chocolate']",['Outdoor Seating'],,,,,,,,wlan,,,,,2026-07-14T15:14:39.536348,"{'addr:street': 'Urban Square', 'amenity': 'cafe', 'brand': 'Urban Square', 'check_date': '2024-09-15', 'cuisine': 'crepe;ice_cream;chocolate', 'internet_access': 'wlan', 'internet_access:fee': 'customers', 'name': 'dipndip', 'outdoor_seating': 'yes', 'website': 'https://dipndip.com/'}"
OpenStreetMap,node,12113608272,osm_node_12113608272,Espressolab,Espressolab,,Morocco,Casablanca,,Urban Square,,33.5886726,-7.6403217,,,,,['coffee_shop'],"['Takeaway', 'Outdoor Seating']",,,,,,,,wlan,,,,,2026-07-14T15:14:39.536384,"{'addr:street': 'Urban Square', 'amenity': 'cafe', 'brand': 'Espressolab', 'brand:wikidata': 'Q97599059', 'brand:wikipedia': 'en:Espressolab', 'check_date': '2025-06-21', 'cuisine': 'coffee_shop', 'internet_access': 'wlan', 'internet_access:fee': 'customers', 'name': 'Espressolab', 'outdoor_seating': 'yes', 'takeaway': 'yes'}"
OpenStreetMap,node,12113618492,osm_node_12113618492,Pepe Luis,,,Morocco,Casablanca,,Urban Square,,33.5887547,-7.6400219,,,,,['spanish'],[],,,,,,,,,,,,,2026-07-14T15:14:39.536412,"{'addr:street': 'Urban Square', 'amenity': 'restaurant', 'cuisine': 'spanish', 'diet:halal': 'yes', 'name': 'Pepe Luis'}"
OpenStreetMap,node,12113618493,osm_node_12113618493,Oh My Bun,,,Morocco,Casablanca,,Rue Normandie زنقة نورماندي,,33.5883714,-7.6398773,,,,,[],[],,,,,,,,,,,,,2026-07-14T15:14:39.536442,"{'addr:housenumber': '18', 'addr:street': 'Rue Normandie زنقة نورماندي', 'amenity': 'fast_food', 'check_date': '2024-09-15', 'diet:halal': 'yes', 'drive_through': 'no', 'name': 'Oh My Bun'}"
OpenStreetMap,node,12113618494,osm_node_12113618494,Room 21,,,Morocco,Casablanca,,Rue Normandie زنقة نورماندي,,33.588443,-7.6398995,,,,,"['coffee_shop', 'ice_cream']",['Outdoor Seating'],,,,,,,,wlan,,,,,2026-07-14T15:14:39.536478,"{'addr:housenumber': '18', 'addr:street': 'Rue Normandie زنقة نورماندي', 'amenity': 'cafe', 'cuisine': 'coffee_shop;ice_cream', 'internet_access': 'wlan', 'internet_access:fee': 'customers', 'name': 'Room 21', 'outdoor_seating': 'yes'}"
OpenStreetMap,node,12113618497,osm_node_12113618497,Ahmet Chef,,,Morocco,Casablanca,,Boulevard d'Anfa شارع أنفا,,33.5891458,-7.6402696,,https://www.ahmetchef.com/,info@ahmetchef.com,,['turkish'],[],,,,,,,,,,,,,2026-07-14T15:14:39.536527,"{'addr:housenumber': '201', 'addr:street': ""Boulevard d'Anfa شارع أنفا"", 'amenity': 'restaurant', 'cuisine': 'turkish', 'email': 'info@ahmetchef.com', 'mobile': '+212 6 35 68 32 37', 'name': 'Ahmet Chef', 'website': 'https://www.ahmetchef.com/'}"
OpenStreetMap,node,12113877135,osm_node_12113877135,La Grande Brasserie,,,Morocco,Casablanca,,Rue Normandie زنقة نورماندي,,33.5871666,-7.6395445,+212522397227,https://www.lagrandebrasserie.ma/,,,[],[],,,,,,,,,,,,,2026-07-14T15:14:39.536579,"{'addr:housenumber': '32', 'addr:street': 'Rue Normandie زنقة نورماندي', 'amenity': 'restaurant', 'check_date': '2026-04-23', 'name': 'La Grande Brasserie', 'payment:apple_pay': 'yes', 'payment:cards': 'yes', 'payment:cash': 'yes', 'payment:contactless': 'yes', 'payment:credit_cards': 'yes', 'payment:debit_cards': 'yes', 'payment:mastercard': 'yes', 'payment:visa': 'yes', 'phone': '+212 5 22 39 72 27', 'start_date': '2020-09-12', 'website': 'https://www.lagrandebrasserie.ma/'}"
OpenStreetMap,node,12114229971,osm_node_12114229971,Burger King,Burger King,,Morocco,Casablanca,,,,33.5637085,-7.6628617,,,,,['burger'],['Takeaway'],,,,,,,,,,,,,2026-07-14T15:14:39.536610,"{'amenity': 'fast_food', 'brand': 'Burger King', 'brand:wikidata': 'Q177054', 'cuisine': 'burger', 'name': 'Burger King', 'takeaway': 'yes'}"
OpenStreetMap,node,12114229972,osm_node_12114229972,ماكدونالدز,ماكدونالدز,,Morocco,Casablanca,,,,33.5636967,-7.6630027,,,,,['burger'],['Takeaway'],,,,,,,,,,,,,2026-07-14T15:14:39.536640,"{'amenity': 'fast_food', 'brand': 'ماكدونالدز', 'brand:ar': 'ماكدونالدز', 'brand:en': ""McDonald's"", 'brand:wikidata': 'Q38076', 'cuisine': 'burger', 'name': 'ماكدونالدز', 'name:ar': 'ماكدونالدز', 'name:en': ""McDonald's"", 'takeaway': 'yes'}"
OpenStreetMap,node,12114229973,osm_node_12114229973,دجاج كنتاكي,دجاج كنتاكي,,Morocco,Casablanca,,,,33.5637907,-7.662615,,,,,['chicken'],['Takeaway'],,,,,,,,,,,,,2026-07-14T15:14:39.536670,"{'amenity': 'fast_food', 'brand': 'دجاج كنتاكي', 'brand:ar': 'دجاج كنتاكي', 'brand:en': 'KFC', 'brand:wikidata': 'Q524757', 'cuisine': 'chicken', 'name': 'دجاج كنتاكي', 'name:ar': 'دجاج كنتاكي', 'name:en': 'KFC', 'takeaway': 'yes'}"
OpenStreetMap,node,12114229974,osm_node_12114229974,Dunkin',Dunkin',,Morocco,Casablanca,,,,33.563312,-7.6635737,,,,,"['donut', 'coffee_shop']",['Takeaway'],,,,,,,,,,,,,2026-07-14T15:14:39.536699,"{'alt_name': ""Dunkin' Donuts"", 'amenity': 'fast_food', 'brand': ""Dunkin'"", 'brand:wikidata': 'Q847743', 'cuisine': 'donut;coffee_shop', 'name': ""Dunkin'"", 'takeaway': 'yes'}"
OpenStreetMap,node,12115568107,osm_node_12115568107,Chocochino,,,Morocco,Casablanca,,Urban Square,,33.588491,-7.6404604,,,,,"['pastry', 'crepe', 'ice_cream', 'chocolate']",[],,,,,,,,,,,,,2026-07-14T15:14:39.536728,"{'addr:street': 'Urban Square', 'amenity': 'cafe', 'cuisine': 'pastry;crepe;ice_cream;chocolate', 'name': 'Chocochino'}"
OpenStreetMap,node,12115903247,osm_node_12115903247,Japonico,,,Morocco,Casablanca,,Rue Al Mansour Saadi زنقة المنصور السعدي,20100,33.5878325,-7.638078,,,,,[],[],,,,,,,,,,,,,2026-07-14T15:14:39.536760,"{'addr:housenumber': '10', 'addr:postcode': '20100', 'addr:street': 'Rue Al Mansour Saadi زنقة المنصور السعدي', 'amenity': 'restaurant', 'bar': 'yes', 'name': 'Japonico'}"
OpenStreetMap,node,12117658115,osm_node_12117658115,Dunkin',Dunkin',,Morocco,Casablanca,,Rue Michel Ange زنقة ميشبل أنج,,33.5907244,-7.6373297,,,,,"['donut', 'coffee_shop']","['Takeaway', 'Outdoor Seating']",,,,,,,,,,,,,2026-07-14T15:14:39.536795,"{'addr:housenumber': '25', 'addr:street': 'Rue Michel Ange زنقة ميشبل أنج', 'alt_name': ""Dunkin' Donuts"", 'amenity': 'fast_food', 'brand': ""Dunkin'"", 'brand:wikidata': 'Q847743', 'cuisine': 'donut;coffee_shop', 'drive_through': 'no', 'name': ""Dunkin'"", 'outdoor_seating': 'yes', 'takeaway': 'yes'}"
OpenStreetMap,node,12117658116,osm_node_12117658116,Gong Cha,,,Morocco,Casablanca,,Boulevard d'Anfa شارع أنفا,,33.5907787,-7.637218,,,,,['bubble_tea'],['Outdoor Seating'],,,,,,,,wlan,,,,,2026-07-14T15:14:39.536829,"{'addr:housenumber': '144', 'addr:street': ""Boulevard d'Anfa شارع أنفا"", 'amenity': 'cafe', 'cuisine': 'bubble_tea', 'internet_access': 'wlan', 'internet_access:fee': 'customers', 'name': 'Gong Cha', 'outdoor_seating': 'yes'}"
OpenStreetMap,node,12117658117,osm_node_12117658117,% Arabica,% Arabica,,Morocco,Casablanca,,Boulevard d'Anfa شارع أنفا,,33.5908157,-7.6371164,+212522365242,http://www.arabica.coffee,arabica@fblimited.ma,Mo-Su 07:00-00:00,['coffee_shop'],"['Takeaway', 'Outdoor Seating']",,,,,,,,,,,,,2026-07-14T15:14:39.536899,"{'addr:housenumber': '144', 'addr:street': ""Boulevard d'Anfa شارع أنفا"", 'amenity': 'cafe', 'brand': '% Arabica', 'brand:wikidata': 'Q107639197', 'contact:instagram': 'arabicamorocco', 'cuisine': 'coffee_shop', 'email': 'arabica@fblimited.ma', 'name': '% Arabica', 'opening_hours': 'Mo-Su 07:00-00:00', 'outdoor_seating': 'yes', 'phone': '+212 5 22 36 52 42', 'takeaway': 'yes', 'website': 'http://www.arabica.coffee'}"
OpenStreetMap,node,12144566066,osm_node_12144566066,Milk + Honey,,,Morocco,Casablanca,,Rue Normandie زنقة نورماندي,,33.588257,-7.6393618,,,,,[],[],,,,,,,,,,,,,2026-07-14T15:14:39.536933,"{'addr:housenumber': '43', 'addr:street': 'Rue Normandie زنقة نورماندي', 'amenity': 'restaurant', 'check_date': '2025-04-01', 'name': 'Milk + Honey'}"
OpenStreetMap,node,12144692152,osm_node_12144692152,Pastrama,,,Morocco,Casablanca,,Rue Oumayma Essayeh زنقة أميمة السايح,,33.5872625,-7.6384661,,,,,[],[],,,,,,,,,,,,,2026-07-14T15:14:39.536963,"{'addr:street': 'Rue Oumayma Essayeh زنقة أميمة السايح', 'amenity': 'restaurant', 'check_date': '2025-05-06', 'name': 'Pastrama'}"
OpenStreetMap,node,12144692188,osm_node_12144692188,La Grillardière,La Grillardière,,Morocco,Casablanca,,Rue Al Mansour Saadi زنقة المنصور السعدي,20100,33.5883982,-7.6374661,+212522945840,https://lagrillardiere.ma/,,,[],[],,,,,,,,,,,,,2026-07-14T15:14:39.537019,"{'addr:postcode': '20100', 'addr:street': 'Rue Al Mansour Saadi زنقة المنصور السعدي', 'amenity': 'restaurant', 'branch': 'Racine', 'brand': 'La Grillardière', 'check_date': '2025-08-12', 'name': 'La Grillardière', 'phone': '+212 5 22 94 58 40', 'website': 'https://lagrillardiere.ma/'}"
OpenStreetMap,node,12202277549,osm_node_12202277549,Dream Donuts & Coffee,,,Morocco,Casablanca,,Rue El Kadi Iass زنقة القاضي إياس,,33.585834,-7.6359548,,,,,['donut'],[],,,,,,,,,,,,,2026-07-14T15:14:39.537055,"{'addr:city': 'Casablanca ⵜⴰⴷⴷⴰⵔⵜ ⵜⵓⵎⵍⵉⵍⵜ الدار البيضاء', 'addr:housenumber': '11', 'addr:street': 'Rue El Kadi Iass زنقة القاضي إياس', 'amenity': 'fast_food', 'check_date': '2024-09-26', 'cuisine': 'donut', 'drive_through': 'no', 'name': 'Dream Donuts & Coffee'}"
OpenStreetMap,node,12223088471,osm_node_12223088471,HL Burger - Holy Choco - Crust & Grill,,,Morocco,Casablanca,,Nationale Route Lissasfa,20190,33.5192231,-7.693517,,,,,"['pizza', 'burger', 'barbecue', 'breakfast', 'juice', 'dessert', 'moroccan', 'coffee_shop']",[],,,,,,,,,,,,,2026-07-14T15:14:39.537094,"{'addr:city': 'Casablanca,', 'addr:housenumber': '1', 'addr:postcode': '20190', 'addr:street': 'Nationale Route Lissasfa', 'amenity': 'restaurant', 'cuisine': 'pizza;burger;barbecue;breakfast;juice;dessert;moroccan;coffee_shop', 'diet:halal': 'yes', 'name': 'HL Burger - Holy Choco - Crust & Grill'}"
OpenStreetMap,node,12300080298,osm_node_12300080298,Café Gaya,,,Morocco,Casablanca,,,,33.5817058,-7.6436931,,,,,[],[],,,,,,,,,,,,,2026-07-14T15:14:39.537118,"{'amenity': 'cafe', 'name': 'Café Gaya'}"
OpenStreetMap,node,12300080299,osm_node_12300080299,,,,Morocco,Casablanca,,Rue Al Mansour Al Abidi زنقة المنصور العابدي,,33.5801093,-7.6416269,,,,,['bagel'],[],,,,,,,,,,,,,2026-07-14T15:14:39.537148,"{'addr:street': 'Rue Al Mansour Al Abidi زنقة المنصور العابدي', 'amenity': 'fast_food', 'check_date': '2024-10-29', 'cuisine': 'bagel'}"
OpenStreetMap,node,12300088828,osm_node_12300088828,Picalla,,,Morocco,Casablanca,,Rue Al Mansour Al Abidi زنقة المنصور العابدي,,33.5806937,-7.6409454,,,,,[],[],,,,,,,,,,,,,2026-07-14T15:14:39.537178,"{'addr:street': 'Rue Al Mansour Al Abidi زنقة المنصور العابدي', 'amenity': 'fast_food', 'check_date': '2024-10-29', 'name': 'Picalla'}"
OpenStreetMap,node,12300088829,osm_node_12300088829,,,,Morocco,Casablanca,,Rue Al Mansour Al Abidi زنقة المنصور العابدي,,33.5807167,-7.6409225,,,,,['bagel'],[],,,,,,,,,,,,,2026-07-14T15:14:39.537206,"{'addr:street': 'Rue Al Mansour Al Abidi زنقة المنصور العابدي', 'amenity': 'fast_food', 'check_date': '2024-10-29', 'cuisine': 'bagel'}"
OpenStreetMap,node,12313025717,osm_node_12313025717,Café Bourneix,,,Morocco,Casablanca,,,,33.5798613,-7.6422831,,,,,[],[],,,,,,,,,,,,,2026-07-14T15:14:39.537230,"{'amenity': 'cafe', 'check_date': '2024-11-04', 'name': 'Café Bourneix'}"
OpenStreetMap,node,12320323709,osm_node_12320323709,Café Wino,,,Morocco,Casablanca,,Rue Abou Ishak Chirazi,,33.582204,-7.6408722,,,,,[],[],,,,,,,,,,,,,2026-07-14T15:14:39.537257,"{'addr:street': 'Rue Abou Ishak Chirazi', 'amenity': 'cafe', 'check_date': '2024-11-07', 'name': 'Café Wino'}"
OpenStreetMap,node,12323348650,osm_node_12323348650,,,,Morocco,Casablanca,,Rue Abou Ghaleb Chiane,,33.5814067,-7.6394838,,,,,[],[],,,,,,,,,,,,,2026-07-14T15:14:39.537281,"{'addr:street': 'Rue Abou Ghaleb Chiane', 'amenity': 'bar', 'check_date': '2024-11-08'}"
OpenStreetMap,node,12323348661,osm_node_12323348661,,,,Morocco,Casablanca,,Boulevard Bir Anzarane شارع بئر أنزران,,33.5816762,-7.6395077,,,,,[],[],,,,,,,,,,,,,2026-07-14T15:14:39.537311,"{'addr:street': 'Boulevard Bir Anzarane شارع بئر أنزران', 'amenity': 'cafe', 'check_date': '2024-11-08'}"
OpenStreetMap,node,12323348687,osm_node_12323348687,RESTAURANT MONO-CLUB,,,Morocco,Casablanca,,Rue Al Mansour Al Abidi زنقة المنصور العابدي,,33.5815049,-7.6398128,,,,,[],[],,,,,,,,,,,,,2026-07-14T15:14:39.537344,"{'addr:street': 'Rue Al Mansour Al Abidi زنقة المنصور العابدي', 'amenity': 'restaurant', 'check_date': '2024-11-08', 'name': 'RESTAURANT MONO-CLUB'}"
OpenStreetMap,node,12339182923,osm_node_12339182923,ZIZINE GRILLADERIE,,,Morocco,Casablanca,,Rue Al Mansour Al Abidi زنقة المنصور العابدي,,33.5802931,-7.6411676,,,,,[],[],,,,,,,,,,,,,2026-07-14T15:14:39.537375,"{'addr:street': 'Rue Al Mansour Al Abidi زنقة المنصور العابدي', 'amenity': 'fast_food', 'name': 'ZIZINE GRILLADERIE'}"
OpenStreetMap,node,12410260792,osm_node_12410260792,ستاربكس,ستاربكس,,Morocco,Casablanca,,,,33.5866985,-7.6386978,,,,,['coffee_shop'],"['Takeaway', 'Outdoor Seating']",,,,,,,,,,,,,2026-07-14T15:14:39.537408,"{'amenity': 'cafe', 'brand': 'ستاربكس', 'brand:ar': 'ستاربكس', 'brand:en': 'Starbucks', 'brand:wikidata': 'Q37158', 'cuisine': 'coffee_shop', 'name': 'ستاربكس', 'name:ar': 'ستاربكس', 'name:en': 'Starbucks', 'official_name': 'ستاربكس كافية', 'official_name:ar': 'ستاربكس كافية', 'official_name:en': 'Starbucks Coffee', 'outdoor_seating': 'yes', 'takeaway': 'yes'}"
OpenStreetMap,node,12410384692,osm_node_12410384692,Il Ferrarino,,,Morocco,Casablanca,,,,33.5877316,-7.6423075,+212522941236,https://www.ilferrarino.com/,info@ilferrarino.com,,['italian'],[],,,,,https://www.instagram.com/ilferrarino/,,,,,,,,2026-07-14T15:14:39.537468,"{'amenity': 'restaurant', 'contact:instagram': 'https://www.instagram.com/ilferrarino/', 'cuisine': 'italian', 'email': 'info@ilferrarino.com', 'name': 'Il Ferrarino', 'phone': '+212 5 22 94 12 36', 'website': 'https://www.ilferrarino.com/'}"
OpenStreetMap,node,12472974198,osm_node_12472974198,Dupond,,,Morocco,Casablanca,,Urban Square,,33.5884548,-7.6405969,,,,,"['crepe', 'ice_cream', 'pastry', 'chocolate']",[],,,,,,,,,,,,,2026-07-14T15:14:39.537499,"{'addr:street': 'Urban Square', 'amenity': 'cafe', 'check_date': '2025-01-04', 'cuisine': 'crepe;ice_cream;pastry;chocolate', 'name': 'Dupond'}"
OpenStreetMap,node,12487542380,osm_node_12487542380,Restaurant Les Fleurs مطعم الزهور,,,Morocco,Casablanca,,,,33.5965112,-7.6144385,,,,,['moroccan'],[],,,,,,,,,,,,,2026-07-14T15:14:39.537529,"{'addr:city': 'Casablanca ⵜⴰⴷⴷⴰⵔⵜ ⵜⵓⵎⵍⵉⵍⵜ الدار البيضاء', 'amenity': 'restaurant', 'check_date': '2025-01-10', 'cuisine': 'moroccan', 'name': 'Restaurant Les Fleurs مطعم الزهور', 'name:ar': 'مطعم الزهور', 'name:fr': 'Restaurant Les Fleurs'}"
OpenStreetMap,node,12506546445,osm_node_12506546445,QUICK GRILL,,,Morocco,Casablanca,,Rue El Hafid Salafi,,33.5811263,-7.6387412,,,,,[],[],,,,,,,,,,,,,2026-07-14T15:14:39.537556,"{'addr:street': 'Rue El Hafid Salafi', 'amenity': 'fast_food', 'name': 'QUICK GRILL'}"
OpenStreetMap,node,12579146901,osm_node_12579146901,Antic Palais,,,Morocco,Casablanca,,Rue Idriss Lahrizi,,33.5930557,-7.6169666,,,,,[],[],,,,,,,,wlan,,,,,2026-07-14T15:14:39.537586,"{'addr:street': 'Rue Idriss Lahrizi', 'amenity': 'cafe', 'internet_access': 'wlan', 'name': 'Antic Palais'}"
OpenStreetMap,node,12714991924,osm_node_12714991924,Caribou Coffee,Caribou Coffee,,Morocco,Casablanca,,Boulevard d'Anfa شارع أنفا,,33.590489,-7.6379172,,,,,['coffee_shop'],"['Takeaway', 'Outdoor Seating']",,,,,,,,,,,,,2026-07-14T15:14:39.537625,"{'addr:housenumber': '156', 'addr:street': ""Boulevard d'Anfa شارع أنفا"", 'amenity': 'cafe', 'brand': 'Caribou Coffee', 'brand:wikidata': 'Q5039494', 'cuisine': 'coffee_shop', 'name': 'Caribou Coffee', 'outdoor_seating': 'yes', 'takeaway': 'yes'}"
OpenStreetMap,node,12717183704,osm_node_12717183704,Le Mynt,,,Morocco,Casablanca,,Rue Ali Abderrazzak زنقة علي عبد الرزاق,,33.5852973,-7.6458199,+212522395337,,,,[],[],,,,,,,,,,,,,2026-07-14T15:14:39.537660,"{'addr:housenumber': '23', 'addr:street': 'Rue Ali Abderrazzak زنقة علي عبد الرزاق', 'amenity': 'restaurant', 'check_date': '2025-03-31', 'name': 'Le Mynt', 'phone': '+212 5 22 39 53 37'}"
OpenStreetMap,node,12717334594,osm_node_12717334594,Sugar Hill,,,Morocco,Casablanca,,Rue Ahmed El Mokri زنقة أحمد المقري,,33.591347,-7.6388984,,,,,[],['Outdoor Seating'],,,,,,,,yes,yes,,,,2026-07-14T15:14:39.537697,"{'addr:housenumber': '17', 'addr:street': 'Rue Ahmed El Mokri زنقة أحمد المقري', 'amenity': 'cafe', 'bar': 'no', 'check_date': '2025-04-02', 'drive_through': 'no', 'internet_access': 'yes', 'internet_access:fee': 'customers', 'level': '0', 'name': 'Sugar Hill', 'outdoor_seating': 'yes', 'payment:cash': 'only', 'smoking': 'yes', 'toilets': 'yes'}"
OpenStreetMap,node,12732241308,osm_node_12732241308,Le Marly,,,Morocco,Casablanca,,Avenue Moulay Rachid محج مولاي رشيد,,33.5884516,-7.6449671,+212522946676,https://lemarly.netlify.app/,,,[],[],,,,,,,,,,,,,2026-07-14T15:14:39.537744,"{'addr:street': 'Avenue Moulay Rachid محج مولاي رشيد', 'amenity': 'restaurant', 'check_date': '2025-04-06', 'name': 'Le Marly', 'phone': '+212 5 22 94 66 76', 'website': 'https://lemarly.netlify.app/'}"
OpenStreetMap,node,12773529324,osm_node_12773529324,Kamanja 55,,,Morocco,Casablanca,,Boulevard de la Corniche شارع الكورنيش,,33.6050003,-7.6579226,,,,,['oriental'],[],,,,,https://www.instagram.com/kamanja55_casablanca/,,,,,,,,2026-07-14T15:14:39.537791,"{'addr:housenumber': '56', 'addr:street': 'Boulevard de la Corniche شارع الكورنيش', 'amenity': 'restaurant', 'check_date': '2025-04-22', 'contact:instagram': 'https://www.instagram.com/kamanja55_casablanca/', 'cuisine': 'oriental', 'mobile': '+212 6 01 01 40 99', 'name': 'Kamanja 55', 'website:booking': 'https://book.saturdayzapp.com/Kamanja'}"
OpenStreetMap,node,12782326881,osm_node_12782326881,Biker's Coffee,,,Morocco,Casablanca,,,20750,33.5587774,-7.5589618,+212687578338,,,Mo-Su 08:00-00:00,['coffee_shop'],['Outdoor Seating'],,,,,,,,yes,,,,,2026-07-14T15:14:39.537831,"{'addr:city': 'Casablanca ⵜⴰⴷⴷⴰⵔⵜ ⵜⵓⵎⵍⵉⵍⵜ الدار البيضاء', 'addr:place': 'Hay Salama 3', 'addr:postcode': '20750', 'amenity': 'cafe', 'cuisine': 'coffee_shop', 'internet_access': 'yes', 'internet_access:fee': 'no', 'name': ""Biker's Coffee"", 'opening_hours': 'Mo-Su 08:00-00:00', 'outdoor_seating': 'yes', 'phone': '+212 6 87 57 83 38'}"
OpenStreetMap,node,12802286671,osm_node_12802286671,Café Venezia,,,Morocco,Casablanca,,,,33.5877522,-7.618627,,,,,[],[],,,,,,,,,,,,,2026-07-14T15:14:39.537856,"{'amenity': 'cafe', 'name': 'Café Venezia'}"
OpenStreetMap,node,12853071690,osm_node_12853071690,Café COPA GABANA,,,Morocco,Casablanca,,Boulevard Bir Anzarane شارع بئر أنزران,,33.580165,-7.63735,,,,,[],[],,,,,,,,,,,,,2026-07-14T15:14:39.537895,"{'addr:street': 'Boulevard Bir Anzarane شارع بئر أنزران', 'amenity': 'cafe', 'check_date': '2025-05-21', 'name': 'Café COPA GABANA'}"
OpenStreetMap,node,12888245398,osm_node_12888245398,Meat Point,,,Morocco,Casablanca,,Rue Normandie زنقة نورماندي,,33.5880626,-7.6397864,,,,,[],[],,,,,,,,,,,,,2026-07-14T15:14:39.537924,"{'addr:street': 'Rue Normandie زنقة نورماندي', 'amenity': 'restaurant', 'check_date': '2025-06-05', 'name': 'Meat Point'}"
OpenStreetMap,node,12888535708,osm_node_12888535708,King Tacos,King Tacos,,Morocco,Casablanca,,Boulevard Ziraoui شارع الزيراوي,,33.596206,-7.6313725,,,,,[],[],,,,,,,,,,,,,2026-07-14T15:14:39.537955,"{'addr:housenumber': '214', 'addr:street': 'Boulevard Ziraoui شارع الزيراوي', 'amenity': 'fast_food', 'branch': 'Ziraoui', 'brand': 'King Tacos', 'check_date': '2025-06-05', 'drive_through': 'no', 'name': 'King Tacos'}"
OpenStreetMap,node,12906131759,osm_node_12906131759,NORSINE,,,Morocco,Casablanca,,,,33.5771307,-7.5165583,,,,,[],"['Takeaway', 'Outdoor Seating']",,,,,,,,wlan,,,,,2026-07-14T15:14:39.537983,"{'amenity': 'cafe', 'internet_access': 'wlan', 'name': 'NORSINE', 'outdoor_seating': 'yes', 'takeaway': 'yes'}"
OpenStreetMap,node,12909117905,osm_node_12909117905,Obama,,,Morocco,Casablanca,,,,33.5954718,-7.5390891,,,,,[],[],,,,,,,,,,,,,2026-07-14T15:14:39.538005,"{'amenity': 'cafe', 'name': 'Obama', 'outdoor_seating': 'no'}"
OpenStreetMap,node,12909601285,osm_node_12909601285,ستاربكس,ستاربكس,,Morocco,Casablanca,,Boulevard Franklin Roosevelt شارع فرانكلين روزفلت,,33.5899114,-7.6498659,,https://www.starbucks.com/store-locator/store/23640-219604/villa-casablanca-boulevard-franklin-roosevelt-casablanca-08-na-ma,,,['coffee_shop'],"['Takeaway', 'Outdoor Seating']",,,,,,,,yes,,,,,2026-07-14T15:14:39.538058,"{'addr:street': 'Boulevard Franklin Roosevelt شارع فرانكلين روزفلت', 'amenity': 'cafe', 'branch': 'Villa Casablanca', 'brand': 'ستاربكس', 'brand:ar': 'ستاربكس', 'brand:en': 'Starbucks', 'brand:wikidata': 'Q37158', 'check_date': '2025-06-12', 'cuisine': 'coffee_shop', 'indoor_seating': 'yes', 'internet_access': 'yes', 'internet_access:fee': 'customers', 'name': 'ستاربكس', 'name:ar': 'ستاربكس', 'name:en': 'Starbucks', 'name:fr': 'Starbucks', 'official_name': 'ستاربكس كافية', 'official_name:ar': 'ستاربكس كافية', 'official_name:en': 'Starbucks Coffee', 'outdoor_seating': 'yes', 'takeaway': 'yes', 'website': 'https://www.starbucks.com/store-locator/store/23640-219604/villa-casablanca-boulevard-franklin-roosevelt-casablanca-08-na-ma'}"
OpenStreetMap,node,12909601291,osm_node_12909601291,Kôya,,,Morocco,Casablanca,,,,33.5934607,-7.6548347,+212522369553,https://koyacasablanca.com/,reservation@koyacasablanca.com,,[],[],,,,,https://www.instagram.com/koyacasaofficial/,,,,,,,,2026-07-14T15:14:39.538111,"{'amenity': 'restaurant', 'check_date': '2025-04-26', 'contact:instagram': 'https://www.instagram.com/koyacasaofficial/', 'contact:tiktok': 'https://www.tiktok.com/@koya.casablanca', 'email': 'reservation@koyacasablanca.com', 'mobile': '+212 6 62 32 71 78', 'name': 'Kôya', 'phone': '+212 5 22 36 95 53', 'website': 'https://koyacasablanca.com/', 'website:booking': 'https://book.eatnow.ma/en/koya-casablanca', 'website:menu': 'https://koyacasablanca.com/Koya-Casablanca-Food-Menu'}"
OpenStreetMap,node,12909627495,osm_node_12909627495,Leopard,,,Morocco,Casablanca,,Boulevard Driss Slaoui شارع إدريس السلاوي,,33.5998233,-7.6549199,,https://leopardcasablanca.com/,contact@leopardcasablanca.com,,[],['Outdoor Seating'],,,,https://www.facebook.com/profile.php?id=100095409095281,https://www.instagram.com/leopard.casablanca/,,,,yes,,,,2026-07-14T15:14:39.538183,"{'addr:housenumber': '20', 'addr:street': 'Boulevard Driss Slaoui شارع إدريس السلاوي', 'air_conditioning': 'yes', 'amenity': 'restaurant', 'brewery': 'various', 'contact:facebook': 'https://www.facebook.com/profile.php?id=100095409095281', 'contact:instagram': 'https://www.instagram.com/leopard.casablanca/', 'diet:halal': 'yes', 'email': 'contact@leopardcasablanca.com', 'indoor_seating': 'yes', 'mobile': '+212 6 69 06 06 79', 'name': 'Leopard', 'outdoor_seating': 'yes', 'payment:cash': 'yes', 'payment:credit_cards': 'yes', 'payment:debit_cards': 'yes', 'smoking': 'yes', 'website': 'https://leopardcasablanca.com/'}"
OpenStreetMap,node,12909627496,osm_node_12909627496,L'Avenue,,,Morocco,Casablanca,,Boulevard Driss Slaoui شارع إدريس السلاوي,,33.6006691,-7.6550357,+212522390039,https://lavenue.ma/,contact@lavenue.ma,,[],['Outdoor Seating'],,,,https://www.facebook.com/people/Lavenue-Brasserie-Nouvelle-Casablanca,https://www.instagram.com/lavenuecasablanca,,,,,,,,2026-07-14T15:14:39.538253,"{'addr:housenumber': '21', 'addr:street': 'Boulevard Driss Slaoui شارع إدريس السلاوي', 'amenity': 'restaurant', 'bar': 'yes', 'check_date': '2025-06-12', 'contact:facebook': 'https://www.facebook.com/people/Lavenue-Brasserie-Nouvelle-Casablanca', 'contact:instagram': 'https://www.instagram.com/lavenuecasablanca', 'contact:tripadvisor': 'https://www.tripadvisor.fr/Restaurant_Review-g293732-d27001828-Reviews-L_avenue_Brasserie_Nouvelle-Casablanca_Casablanca_Settat.html', 'email': 'contact@lavenue.ma', 'mobile': '+212 6 11 30 90 19', 'name': ""L'Avenue"", 'outdoor_seating': 'yes', 'phone': '+212 5 22 39 00 39', 'website': 'https://lavenue.ma/', 'website:menu': 'http://lavenue.ma/wp-content/uploads/2023/11/Menu-LAvenue.pdf'}"
OpenStreetMap,node,12909627497,osm_node_12909627497,Cézanne,,,Morocco,Casablanca,,Boulevard Driss Slaoui شارع إدريس السلاوي,,33.6010073,-7.6550527,+212522392030,,,,[],[],,,,,https://www.instagram.com/cezannerestaurantcasa,,,,,,,,2026-07-14T15:14:39.538298,"{'addr:housenumber': '23', 'addr:street': 'Boulevard Driss Slaoui شارع إدريس السلاوي', 'amenity': 'restaurant', 'check_date': '2025-06-12', 'contact:instagram': 'https://www.instagram.com/cezannerestaurantcasa', 'name': 'Cézanne', 'phone': '+212 5 22 39 20 30'}"
OpenStreetMap,node,12909627499,osm_node_12909627499,Etçi Mehmet,,,Morocco,Casablanca,,Boulevard Driss Slaoui شارع إدريس السلاوي,,33.6032711,-7.6570838,+212522949403,https://etcimehmet.ma/,contact@etcimehmet.ma,Mo-Su 08:00-00:00,"['turkish', 'steak_house']",['Outdoor Seating'],,,,https://www.facebook.com/etcimehmetcasablanca/,https://www.instagram.com/etcimehmet_casablanca,,,,,,,,2026-07-14T15:14:39.538374,"{'addr:housenumber': '90', 'addr:street': 'Boulevard Driss Slaoui شارع إدريس السلاوي', 'air_conditioning': 'yes', 'amenity': 'restaurant', 'branch': 'Casablanca', 'check_date': '2025-06-12', 'contact:facebook': 'https://www.facebook.com/etcimehmetcasablanca/', 'contact:instagram': 'https://www.instagram.com/etcimehmet_casablanca', 'contact:tripadvisor': 'https://www.tripadvisor.com/Restaurant_Review-g293732-d24935699-Reviews-Etci_Mehmet_Steakhouse_Casablanca-Casablanca_Casablanca_Settat.html', 'cuisine': 'turkish;steak_house', 'diet:halal': 'yes', 'diet:vegetarian': 'yes', 'email': 'contact@etcimehmet.ma', 'indoor_seating': 'yes', 'mobile': '+212 6 28 40 93 93', 'name': 'Etçi Mehmet', 'opening_hours': 'Mo-Su 08:00-00:00', 'outdoor_seating': 'yes', 'payment:cash': 'yes', 'payment:credit_cards': 'yes', 'payment:debit_cards': 'yes', 'phone': '+212 5 22 94 94 03', 'website': 'https://etcimehmet.ma/', 'website:menu': 'https://menu.etcimehmet.ma/'}"
OpenStreetMap,node,12909652401,osm_node_12909652401,L'Abri,,,Morocco,Casablanca,,Boulevard Bir Anzarane شارع بئر أنزران,,33.5868365,-7.6474582,+212522949401,https://labri.ma/,contact@labri.ma,,[],[],,,,,,,,,,,,,2026-07-14T15:14:39.538422,"{'addr:housenumber': '23', 'addr:street': 'Boulevard Bir Anzarane شارع بئر أنزران', 'amenity': 'restaurant', 'bar': 'yes', 'check_date': '2025-04-22', 'email': 'contact@labri.ma', 'name': ""L'Abri"", 'phone': '+212 5 22 94 94 01', 'website': 'https://labri.ma/'}"
OpenStreetMap,node,12909652402,osm_node_12909652402,Chili's,Chili's,,Morocco,Casablanca,,Boulevard Abdelkrim El Khattabi شارع عبد الكريم الخطابي,,33.5874321,-7.6484003,+212522390500,,,,['tex-mex'],[],,,,,,,,,,,,,2026-07-14T15:14:39.538465,"{'addr:housenumber': '15', 'addr:street': 'Boulevard Abdelkrim El Khattabi شارع عبد الكريم الخطابي', 'amenity': 'restaurant', 'brand': ""Chili's"", 'brand:wikidata': 'Q1072948', 'check_date': '2025-06-12', 'cuisine': 'tex-mex', 'name': ""Chili's"", 'official_name': ""Chili's Grill & Bar"", 'phone': '+212 5 22 39 05 00'}"
OpenStreetMap,node,12909652406,osm_node_12909652406,Yo Ti Tam,Yo Ti Tam,,Morocco,Casablanca,,Boulevard Sidi Abderrahmane شارع سيدي عبد الرحمان,,33.5680095,-7.6589079,,,,,['sushi'],[],,,,,,,,,,,,,2026-07-14T15:14:39.538502,"{'addr:housenumber': '361', 'addr:street': 'Boulevard Sidi Abderrahmane شارع سيدي عبد الرحمان', 'amenity': 'restaurant', 'branch': 'CIL', 'brand': 'Yo Ti Tam', 'check_date': '2025-11-24', 'cuisine': 'sushi', 'name': 'Yo Ti Tam'}"
OpenStreetMap,node,12909652408,osm_node_12909652408,Little Mamma,Little Mamma,,Morocco,Casablanca,,Boulevard Sidi Abderrahmane شارع سيدي عبد الرحمان,,33.5686915,-7.660003,,,,,['italian'],[],,,,,,,,,,,,,2026-07-14T15:14:39.538538,"{'addr:street': 'Boulevard Sidi Abderrahmane شارع سيدي عبد الرحمان', 'amenity': 'restaurant', 'branch': 'Villa CIL', 'brand': 'Little Mamma', 'check_date': '2025-06-12', 'cuisine': 'italian', 'name': 'Little Mamma'}"
OpenStreetMap,node,12909652409,osm_node_12909652409,Trois W,,,Morocco,Casablanca,,Boulevard Ibnou Sina شارع ابن سينا,,33.5725173,-7.6668842,,,,,[],['Outdoor Seating'],,,,,,,,,,,,,2026-07-14T15:14:39.538570,"{'addr:housenumber': '201', 'addr:street': 'Boulevard Ibnou Sina شارع ابن سينا', 'amenity': 'cafe', 'bar': 'no', 'check_date': '2025-06-12', 'name': 'Trois W', 'outdoor_seating': 'yes'}"
OpenStreetMap,node,12909722006,osm_node_12909722006,Al Tazaj الطازج,,,Morocco,Casablanca,,Boulevard de la Corniche شارع الكورنيش,,33.5959316,-7.6744327,,,,,['chicken'],['Drive Through'],,,,,,,,,,,,,2026-07-14T15:14:39.538604,"{'addr:street': 'Boulevard de la Corniche شارع الكورنيش', 'amenity': 'fast_food', 'check_date': '2025-06-12', 'cuisine': 'chicken', 'drive_through': 'yes', 'name': 'Al Tazaj الطازج', 'name:ar': 'الطازج', 'name:fr': 'Al Tazaj'}"
OpenStreetMap,node,12909722007,osm_node_12909722007,ماكدونالدز,ماكدونالدز,,Morocco,Casablanca,,Boulevard de la Corniche شارع الكورنيش,,33.6012598,-7.66158,,,,,['burger'],"['Takeaway', 'Drive Through']",,,,,,,,,,,,,2026-07-14T15:14:39.538639,"{'addr:street': 'Boulevard de la Corniche شارع الكورنيش', 'amenity': 'fast_food', 'branch': 'Corniche', 'brand': 'ماكدونالدز', 'brand:ar': 'ماكدونالدز', 'brand:en': ""McDonald's"", 'brand:wikidata': 'Q38076', 'check_date': '2025-06-12', 'cuisine': 'burger', 'drive_through': 'yes', 'name': 'ماكدونالدز', 'name:ar': 'ماكدونالدز', 'name:en': ""McDonald's"", 'takeaway': 'yes'}"
OpenStreetMap,node,12909744914,osm_node_12909744914,Espace Bader,,,Morocco,Casablanca,,Rue Annaba زنقة عنابة,,33.5953806,-7.6399885,,,,,['juice'],[],,,,,,,,,,,,,2026-07-14T15:14:39.538670,"{'addr:street': 'Rue Annaba زنقة عنابة', 'amenity': 'fast_food', 'cuisine': 'juice', 'name': 'Espace Bader'}"
OpenStreetMap,node,12910521683,osm_node_12910521683,Shanghai Garden,,,Morocco,Casablanca,,Rue Mamoun Mohamed زنقة مامون محمد,,33.5794073,-7.6505023,,,,,['chinese'],[],,,,,,,,,,,,,2026-07-14T15:14:39.538701,"{'addr:housenumber': '20', 'addr:street': 'Rue Mamoun Mohamed زنقة مامون محمد', 'amenity': 'restaurant', 'check_date': '2025-06-12', 'cuisine': 'chinese', 'name': 'Shanghai Garden'}"
OpenStreetMap,node,12915229838,osm_node_12915229838,Dupond,Dupond,,Morocco,Casablanca,,,,33.5793092,-7.6555099,,,,,[],['Outdoor Seating'],,,,,,,,,,,,,2026-07-14T15:14:39.538729,"{'amenity': 'cafe', 'brand': 'Dupond', 'check_date': '2025-06-14', 'name': 'Dupond', 'outdoor_seating': 'yes'}"
OpenStreetMap,node,12921943058,osm_node_12921943058,Zini,,,Morocco,Casablanca,,,,33.5101691,-7.6565816,,,,,[],[],,,,,,,,,,,,,2026-07-14T15:14:39.538752,"{'amenity': 'cafe', 'name': 'Zini'}"
OpenStreetMap,node,12990192201,osm_node_12990192201,Chez Zozo,,,Morocco,Casablanca,,Avenue des Forces Armées Royales شارع الجيش الملكي,,33.5966265,-7.6108546,+212626643259,,,,[],[],,,,,,,,,,,,,2026-07-14T15:14:39.538791,"{'addr:housenumber': '152', 'addr:street': 'Avenue des Forces Armées Royales شارع الجيش الملكي', 'amenity': 'restaurant', 'name': 'Chez Zozo', 'phone': '+212 6 26 64 32 59'}"
OpenStreetMap,node,13000273620,osm_node_13000273620,Restaurant Bidoune Monafesse,,,Morocco,Casablanca,,,,33.5987593,-7.619166,,,,,['moroccan'],['Takeaway'],,,,,,,,,,,,,2026-07-14T15:14:39.538819,"{'air_conditioning': 'yes', 'amenity': 'restaurant', 'cuisine': 'moroccan', 'level': '0', 'name': 'Restaurant Bidoune Monafesse', 'takeaway': 'yes'}"
OpenStreetMap,node,13006104534,osm_node_13006104534,Dar Dada,,,Morocco,Casablanca,,,,33.6041396,-7.6216351,,,,,['moroccan'],[],,,,,,,,,,,,,2026-07-14T15:14:39.538844,"{'amenity': 'restaurant', 'cuisine': 'moroccan', 'name': 'Dar Dada'}"
OpenStreetMap,node,13012325001,osm_node_13012325001,Planète des Fruits,,,Morocco,Casablanca,,,,33.5848755,-7.6360429,,,,,['juice'],[],,,,,,,,,,,,,2026-07-14T15:14:39.538870,"{'amenity': 'fast_food', 'cuisine': 'juice', 'drive_through': 'no', 'name': 'Planète des Fruits'}"
OpenStreetMap,node,13046893850,osm_node_13046893850,Espace Bistro,,,Morocco,Casablanca,,Boulevard El Khalil شارع الخليل,,33.5465329,-7.5948079,+212664034433,,espace1bistro@gmail.com,Mo-Su 06:00-23:00,[],[],,,,,,,,,,,,,2026-07-14T15:14:39.538914,"{'addr:city': 'Casablanca ⵜⴰⴷⴷⴰⵔⵜ ⵜⵓⵎⵍⵉⵍⵜ الدار البيضاء', 'addr:housenumber': '205', 'addr:street': 'Boulevard El Khalil شارع الخليل', 'amenity': 'restaurant', 'email': 'espace1bistro@gmail.com', 'name': 'Espace Bistro', 'opening_hours': 'Mo-Su 06:00-23:00', 'phone': '+212 664 03 44 33'}"
OpenStreetMap,node,13062601522,osm_node_13062601522,ماكدونالدز,ماكدونالدز,,Morocco,Casablanca,,Boulevard de la Corniche شارع الكورنيش,,33.5956689,-7.6779779,,,,,['burger'],"['Takeaway', 'Drive Through']",,,,,,,,,,,,,2026-07-14T15:14:39.538950,"{'addr:street': 'Boulevard de la Corniche شارع الكورنيش', 'amenity': 'fast_food', 'branch': 'Ain Diab', 'brand': 'ماكدونالدز', 'brand:ar': 'ماكدونالدز', 'brand:en': ""McDonald's"", 'brand:wikidata': 'Q38076', 'brand:wikipedia': ""en:McDonald's"", 'check_date': '2025-08-11', 'cuisine': 'burger', 'drive_through': 'yes', 'name': 'ماكدونالدز', 'name:ar': 'ماكدونالدز', 'name:en': ""McDonald's"", 'takeaway': 'yes'}"
OpenStreetMap,node,13064677588,osm_node_13064677588,El Ghanouj,,,Morocco,Casablanca,,Rue Normandie زنقة نورماندي,,33.5836773,-7.6399474,,,,,['lebanese'],[],,,,,,,,,,,,,2026-07-14T15:14:39.538988,"{'addr:housenumber': '113', 'addr:street': 'Rue Normandie زنقة نورماندي', 'amenity': 'restaurant', 'cuisine': 'lebanese', 'name': 'El Ghanouj'}"
OpenStreetMap,node,13082782986,osm_node_13082782986,Le Vélodrome,,,Morocco,Casablanca,,Boulevard Abdellatif Ben Kadour شارع عبد اللطيف بن قدور,,33.5899924,-7.64666,+212522234546,,,,[],[],,,,,,,,,,,,,2026-07-14T15:14:39.539026,"{'addr:housenumber': '55', 'addr:street': 'Boulevard Abdellatif Ben Kadour شارع عبد اللطيف بن قدور', 'amenity': 'restaurant', 'check_date': '2025-08-20', 'name': 'Le Vélodrome', 'phone': '+212 5 22 23 45 46', 'website:menu': 'https://cdn0030.qrcodechimp.com/qr/PROD/67000b0bd25b0c76460f1496/fm/main_card_v3_digital.pdf'}"
OpenStreetMap,node,13093077990,osm_node_13093077990,Pomme de Pain,,,Morocco,Casablanca,,,,33.5772223,-7.6253019,,,,,[],[],,,,,,,,,,,,,2026-07-14T15:14:39.539049,"{'amenity': 'restaurant', 'name': 'Pomme de Pain'}"
OpenStreetMap,node,13093077995,osm_node_13093077995,O Chef,O Chef,,Morocco,Casablanca,,Boulevard Abdelmoumen شارع عبد المومن,,33.5782133,-7.6252155,,,,,[],[],,,,,,,,,,,,,2026-07-14T15:14:39.539081,"{'addr:street': 'Boulevard Abdelmoumen شارع عبد المومن', 'amenity': 'restaurant', 'branch': 'Abdelmoumen', 'brand': 'O Chef', 'name': 'O Chef'}"
OpenStreetMap,node,13093077998,osm_node_13093077998,Mademoiselle Sissi,,,Morocco,Casablanca,,,,33.5785594,-7.6246821,,,,,[],[],,,,,,,,,,,,,2026-07-14T15:14:39.539104,"{'amenity': 'restaurant', 'name': 'Mademoiselle Sissi'}"
OpenStreetMap,node,13094805770,osm_node_13094805770,Restaurant des professeurs,,,Morocco,Casablanca,,,,33.5881493,-7.630843,,,,,[],[],,,,,,,,,,,,,2026-07-14T15:14:39.539129,"{'amenity': 'restaurant', 'capacity': '80', 'delivery': 'no', 'name': 'Restaurant des professeurs'}"
OpenStreetMap,node,13094807886,osm_node_13094807886,,,,Morocco,Casablanca,,,,33.5879264,-7.6189312,,,,,[],[],,,,,,,,,,,,,2026-07-14T15:14:39.539149,{'amenity': 'restaurant'}
OpenStreetMap,node,13094807893,osm_node_13094807893,Chez El Kaoun,,,Morocco,Casablanca,,,,33.606045,-7.5394376,,,,,[],[],,,,,,,,,,,,,2026-07-14T15:14:39.539172,"{'amenity': 'restaurant', 'name': 'Chez El Kaoun'}"
OpenStreetMap,node,13094820025,osm_node_13094820025,Balcon 33,,,Morocco,Casablanca,,,,33.5955958,-7.6755912,,,,Mo-Su 10:00-03:00,"['international', 'regional']",[],,,,,,,,,,,,,2026-07-14T15:14:39.539203,"{'amenity': 'restaurant', 'cuisine': 'international;regional', 'description': 'Restaurant et Night-Club', 'name': 'Balcon 33', 'opening_hours': 'Mo-Su 10:00-03:00'}"
OpenStreetMap,node,13094833032,osm_node_13094833032,La terrasse -1951- Maison Alexis,,,Morocco,Casablanca,,,,33.5659386,-7.6597137,,,,,[],[],,,,,,,,,,,,,2026-07-14T15:14:39.539229,"{'amenity': 'restaurant', 'name': 'La terrasse -1951- Maison Alexis'}"
OpenStreetMap,node,13094833920,osm_node_13094833920,Roots Coffee & More,,,Morocco,Casablanca,,,,33.5881752,-7.6457967,,,,,[],[],,,,,,,,,,,,,2026-07-14T15:14:39.539253,"{'amenity': 'restaurant', 'name': 'Roots Coffee & More'}"
OpenStreetMap,node,13094834264,osm_node_13094834264,Buvette Étudiants,,,Morocco,Casablanca,,,,33.5485187,-7.6511315,,,,,[],[],,,,,,,,,,,,,2026-07-14T15:14:39.539277,"{'amenity': 'restaurant', 'name': 'Buvette Étudiants'}"
OpenStreetMap,node,13094834265,osm_node_13094834265,Restaurant EHTP,,,Morocco,Casablanca,,,,33.5476851,-7.6504471,,,,,[],[],,,,,,,,,,,,,2026-07-14T15:14:39.539300,"{'amenity': 'restaurant', 'name': 'Restaurant EHTP'}"
OpenStreetMap,node,13094834266,osm_node_13094834266,Buvette,,,Morocco,Casablanca,,,,33.5466783,-7.651652,,,,,[],[],,,,,,,,,,,,,2026-07-14T15:14:39.539321,"{'amenity': 'restaurant', 'name': 'Buvette'}"
OpenStreetMap,node,13094835653,osm_node_13094835653,Nearshore Casablanca,,,Morocco,Casablanca,,,,33.5286333,-7.6406825,,,,,[],[],,,,,,,,,,,,,2026-07-14T15:14:39.539345,"{'access': 'employees', 'amenity': 'restaurant', 'building': 'yes', 'name': 'Nearshore Casablanca'}"
OpenStreetMap,node,13094838844,osm_node_13094838844,Verona Ice,,,Morocco,Casablanca,,Rue 64,,33.5669091,-7.6961883,,,,,[],[],,,,,,,,,,,,,2026-07-14T15:14:39.539371,"{'addr:street': 'Rue 64', 'amenity': 'cafe', 'name': 'Verona Ice'}"
OpenStreetMap,node,13094847290,osm_node_13094847290,Ayour,,,Morocco,Casablanca,,Boulevard Lamartine,,33.5701494,-7.6094921,,,,,[],[],,,,,,,,,,,,,2026-07-14T15:14:39.539396,"{'addr:street': 'Boulevard Lamartine', 'amenity': 'restaurant', 'name': 'Ayour'}"
OpenStreetMap,node,13094847967,osm_node_13094847967,Ziryab,,,Morocco,Casablanca,,,,33.5580008,-7.6087417,,,,,[],[],,,,,,,,,,,,,2026-07-14T15:14:39.539418,"{'amenity': 'cafe', 'name': 'Ziryab'}"
OpenStreetMap,node,13094852004,osm_node_13094852004,Mafy,,,Morocco,Casablanca,,Allée des Mimosas,,33.6177439,-7.5326442,,,,,[],[],,,,,,,,,,,,,2026-07-14T15:14:39.539444,"{'addr:housenumber': '127', 'addr:street': 'Allée des Mimosas', 'amenity': 'restaurant', 'name': 'Mafy'}"
OpenStreetMap,node,13094945772,osm_node_13094945772,ماكدونالدز,ماكدونالدز,,Morocco,Casablanca,,Boulevard Modibo Keita شارع موديبو كيتا,,33.562303,-7.6147823,,,,,['burger'],"['Takeaway', 'Drive Through']",,,,,,,,,,,,,2026-07-14T15:14:39.539480,"{'addr:street': 'Boulevard Modibo Keita شارع موديبو كيتا', 'amenity': 'fast_food', 'branch': ""L'Hermitage"", 'brand': 'ماكدونالدز', 'brand:ar': 'ماكدونالدز', 'brand:en': ""McDonald's"", 'brand:wikidata': 'Q38076', 'brand:wikipedia': ""en:McDonald's"", 'cuisine': 'burger', 'drive_through': 'yes', 'name': 'ماكدونالدز', 'name:ar': 'ماكدونالدز', 'name:en': ""McDonald's"", 'takeaway': 'yes'}"
OpenStreetMap,node,13096669656,osm_node_13096669656,محلبة أشبال أمغوز,,,Morocco,Casablanca,,Rue Caid Al Achtar زنقة القيد الأشطر,,33.5822571,-7.6417023,,,,,[],[],,,,,,,,,,,,,2026-07-14T15:14:39.539512,"{'addr:street': 'Rue Caid Al Achtar زنقة القيد الأشطر', 'amenity': 'fast_food', 'name': 'محلبة أشبال أمغوز'}"
OpenStreetMap,node,13151708060,osm_node_13151708060,Agogo,,,Morocco,Casablanca,,Rue du Souss,,33.6067272,-7.6285047,,,,,[],[],,,,,,,,,,,,,2026-07-14T15:14:39.539541,"{'addr:city': 'Casablanca ⵜⴰⴷⴷⴰⵔⵜ ⵜⵓⵎⵍⵉⵍⵜ الدار البيضاء', 'addr:housenumber': '41', 'addr:street': 'Rue du Souss', 'amenity': 'restaurant', 'name': 'Agogo'}"
OpenStreetMap,node,13152825326,osm_node_13152825326,Little Mamma,Little Mamma,,Morocco,Casablanca,,,,33.5917504,-7.6272453,,,,,['italian'],[],,,,,,,,,,,,,2026-07-14T15:14:39.539570,"{'amenity': 'restaurant', 'branch': 'Moulay Youssef', 'brand': 'Little Mamma', 'cuisine': 'italian', 'name': 'Little Mamma'}"
OpenStreetMap,node,13153350989,osm_node_13153350989,Mood's,,,Morocco,Casablanca,,,,33.6066332,-7.6192613,,https://moods.ma,anaszaki@moods.ma,,[],[],,,,,,,,,,,,,2026-07-14T15:14:39.539613,"{'addr:city': 'Casablanca ⵜⴰⴷⴷⴰⵔⵜ ⵜⵓⵎⵍⵉⵍⵜ الدار البيضاء', 'amenity': 'restaurant', 'email': 'anaszaki@moods.ma', 'name': ""Mood's"", 'website': 'https://moods.ma', 'website:menu': 'https://moods.ma/menu'}"
OpenStreetMap,node,13158416141,osm_node_13158416141,Cafe Rodeo,,,Morocco,Casablanca,,Route de l'Oasis,,33.554936,-7.6319589,,,,,[],[],,,,,,,,,,,,,2026-07-14T15:14:39.539641,"{'addr:street': ""Route de l'Oasis"", 'amenity': 'cafe', 'name': 'Cafe Rodeo', 'source': 'Kaart Ground Survey 2018'}"
OpenStreetMap,node,13179386470,osm_node_13179386470,,,,Morocco,Casablanca,,,,33.5573624,-7.6346314,,,,,[],['Outdoor Seating'],,,,,,,,,,,,,2026-07-14T15:14:39.539662,"{'amenity': 'bar', 'outdoor_seating': 'yes'}"
OpenStreetMap,node,13186362395,osm_node_13186362395,Burger King,Burger King,Restaurant Brands International Inc.,Morocco,Casablanca,,Boulevard de la Corniche,,33.5953715,-7.6775382,,,,,['burger'],['Takeaway'],,,,,,,,,,,,,2026-07-14T15:14:39.539701,"{'addr:city': 'Casablanca', 'addr:street': 'Boulevard de la Corniche', 'amenity': 'fast_food', 'brand': 'Burger King', 'brand:wikidata': 'Q177054', 'brand:wikipedia': 'en:Burger King', 'cuisine': 'burger', 'drive_through': 'no', 'name': 'Burger King', 'operator': 'Restaurant Brands International Inc.', 'source': 'Kaart Ground Survey 2018', 'takeaway': 'yes'}"
OpenStreetMap,node,13201306343,osm_node_13201306343,L'entrecôte 212,,,Morocco,Casablanca,,,,33.5885276,-7.6323582,,,,,[],[],,,,,,,,,,,,,2026-07-14T15:14:39.539724,"{'amenity': 'restaurant', 'name': ""L'entrecôte 212""}"
OpenStreetMap,node,13201345238,osm_node_13201345238,Illy caffé,,,Morocco,Casablanca,,,,33.5900214,-7.6379325,,,,,[],[],,,,,,,,,,,,,2026-07-14T15:14:39.539747,"{'amenity': 'cafe', 'name': 'Illy caffé'}"
OpenStreetMap,node,13201348840,osm_node_13201348840,Amistad,,,Morocco,Casablanca,,,,33.5888214,-7.6335593,,,,,[],[],,,,,,,,,,,,,2026-07-14T15:14:39.539769,"{'amenity': 'restaurant', 'name': 'Amistad'}"
OpenStreetMap,node,13203328272,osm_node_13203328272,Nara,,,Morocco,Casablanca,,,,33.5908823,-7.6310544,,,,,['asian'],[],,,,,,,,,,,,,2026-07-14T15:14:39.539793,"{'amenity': 'restaurant', 'cuisine': 'asian', 'name': 'Nara'}"
OpenStreetMap,node,13203337356,osm_node_13203337356,Gare aux gorilles,,,Morocco,Casablanca,,,,33.5896971,-7.6324564,,,,,[],[],,,,,,,,,,,,,2026-07-14T15:14:39.539817,"{'amenity': 'restaurant', 'name': 'Gare aux gorilles'}"
OpenStreetMap,node,13203338047,osm_node_13203338047,Sushi Club,,,Morocco,Casablanca,,,,33.5900664,-7.6318063,,,,,['sushi'],[],,,,,,,,,,,,,2026-07-14T15:14:39.539841,"{'amenity': 'restaurant', 'cuisine': 'sushi', 'name': 'Sushi Club'}"
OpenStreetMap,node,13203338766,osm_node_13203338766,Le Courtois,,,Morocco,Casablanca,,,,33.5894857,-7.6326889,,,,,[],[],,,,,,,,,,,,,2026-07-14T15:14:39.539864,"{'amenity': 'restaurant', 'name': 'Le Courtois'}"
OpenStreetMap,node,13203340444,osm_node_13203340444,Le petit bouillon,,,Morocco,Casablanca,,,,33.589856,-7.6322896,,,,,['french'],[],,,,,,,,,,,,,2026-07-14T15:14:39.539893,"{'amenity': 'restaurant', 'cuisine': 'french', 'name': 'Le petit bouillon'}"
OpenStreetMap,node,13203536594,osm_node_13203536594,Le Louvre,,,Morocco,Casablanca,,,,33.5865531,-7.6348072,,,,,[],[],,,,,,,,,,,,,2026-07-14T15:14:39.539915,"{'amenity': 'cafe', 'name': 'Le Louvre'}"
OpenStreetMap,node,13220449410,osm_node_13220449410,Le Pain Quotidien,Le Pain Quotidien,,Morocco,Casablanca,,,,33.559533,-7.6536727,,,,,['coffee_shop'],['Takeaway'],,,,,,,,,,,,,2026-07-14T15:14:39.539945,"{'amenity': 'cafe', 'brand': 'Le Pain Quotidien', 'brand:wikidata': 'Q2046903', 'cuisine': 'coffee_shop', 'name': 'Le Pain Quotidien', 'takeaway': 'yes'}"
OpenStreetMap,node,13230531501,osm_node_13230531501,Burger King,,,Morocco,Casablanca,,,,33.5066376,-7.6303565,,,,,[],[],,,,,,,,,,,,,2026-07-14T15:14:39.539968,"{'amenity': 'fast_food', 'name': 'Burger King'}"
OpenStreetMap,node,13290605595,osm_node_13290605595,LIONZ KEBAB Casablanca,,,Morocco,Casablanca,,Rue Jounaid,20026,33.5737595,-7.6459853,+212774737015,https://share.google/VVujbXLjwMYaLq60D,,Mo-Sa 12:00-00:00,"['burger', 'fries', 'fried_chicken', 'sandwich', 'kebab', 'tacos']",[],,,,,,,,,,,,,2026-07-14T15:14:39.540024,"{'addr:city': 'Casablanca ⵜⴰⴷⴷⴰⵔⵜ ⵜⵓⵎⵍⵉⵍⵜ الدار البيضاء', 'addr:housenumber': '8', 'addr:postcode': '20026', 'addr:street': 'Rue Jounaid', 'amenity': 'fast_food', 'cuisine': 'burger;fries;fried_chicken;sandwich;kebab;tacos', 'diet:halal': 'yes', 'diet:meat': 'yes', 'name': 'LIONZ KEBAB Casablanca', 'opening_hours': 'Mo-Sa 12:00-00:00', 'phone': '+212 7 74 73 70 15', 'website': 'https://share.google/VVujbXLjwMYaLq60D'}"
OpenStreetMap,node,13299484325,osm_node_13299484325,Bee Coffee,,,Morocco,Casablanca,,Boulevard Al Imam Ben Hanbel,20600,33.6196512,-7.48546,+212660194913,https://beecoffee.ma/,,Mo-Su 07:00-22:00,['coffee_shop'],[],,,,,,,,,,,,,2026-07-14T15:14:39.540080,"{'addr:city': 'Casablanca ⵜⴰⴷⴷⴰⵔⵜ ⵜⵓⵎⵍⵉⵍⵜ الدار البيضاء', 'addr:housenumber': '29', 'addr:postcode': '20600', 'addr:street': 'Boulevard Al Imam Ben Hanbel', 'amenity': 'cafe', 'cuisine': 'coffee_shop', 'name': 'Bee Coffee', 'opening_hours': 'Mo-Su 07:00-22:00', 'phone': '+212 6 60 19 49 13', 'website': 'https://beecoffee.ma/'}"
OpenStreetMap,node,13301709651,osm_node_13301709651,Misti Roof Top,,,Morocco,Casablanca,,,,33.5933065,-7.6230832,,https://www.instagram.com/mistirooftop/,,,[],[],,,,,,,,,,,,,2026-07-14T15:14:39.540116,"{'amenity': 'restaurant', 'name': 'Misti Roof Top', 'website': 'https://www.instagram.com/mistirooftop/'}"
OpenStreetMap,node,13321735325,osm_node_13321735325,Café Porte Maillot,,,Morocco,Casablanca,,,,33.5730823,-7.6861694,,,,,[],['Outdoor Seating'],,,,,,,,,,,,,2026-07-14T15:14:39.540174,"{'amenity': 'cafe', 'name': 'Café Porte Maillot', 'outdoor_seating': 'yes'}"
OpenStreetMap,node,13321924954,osm_node_13321924954,MegaGains,,,Morocco,Casablanca,,,,33.5749322,-7.6820754,,,,,[],[],,,,,,,,,,,,,2026-07-14T15:14:39.540199,"{'amenity': 'cafe', 'name': 'MegaGains'}"
OpenStreetMap,node,13332610802,osm_node_13332610802,Casa Lagua,,,Morocco,Casablanca,,,,33.5366821,-7.6843633,,,,Mo-Su 09:00-18:00,"['breakfast', 'coffee_shop', 'moroccan']",[],,,,,,,,wlan,,,,,2026-07-14T15:14:39.540233,"{'addr:housenumber': '5', 'amenity': 'cafe', 'cuisine': 'breakfast;coffee_shop;moroccan', 'internet_access': 'wlan', 'name': 'Casa Lagua', 'opening_hours': 'Mo-Su 09:00-18:00'}"
OpenStreetMap,node,13360621109,osm_node_13360621109,Farchouhat فرشوحة,,,Morocco,Casablanca,,,,33.5954875,-7.6395038,,,,,['palestinian'],[],,,,,,,,,,,,,2026-07-14T15:14:39.540261,"{'amenity': 'restaurant', 'cuisine': 'palestinian', 'name': 'Farchouhat فرشوحة', 'name:ar': 'فرشوحة', 'name:fr': 'Farchouhat'}"
OpenStreetMap,node,13360659539,osm_node_13360659539,Smoky Burgers,,,Morocco,Casablanca,,,,33.6002528,-7.6495949,,,,,['burger'],[],,,,,,,,,,,,,2026-07-14T15:14:39.540288,"{'amenity': 'fast_food', 'cuisine': 'burger', 'name': 'Smoky Burgers'}"
OpenStreetMap,node,13360659540,osm_node_13360659540,Hadramaut حضرموت,,,Morocco,Casablanca,,Avenue Tan Tan شارع طانطان,,33.5993158,-7.6467935,,,,,['yemeni'],[],,,,,,,,,,,,,2026-07-14T15:14:39.540320,"{'addr:street': 'Avenue Tan Tan شارع طانطان', 'amenity': 'restaurant', 'cuisine': 'yemeni', 'name': 'Hadramaut حضرموت', 'name:ar': 'حضرموت', 'name:fr': 'Hadramaut'}"
OpenStreetMap,node,13394728501,osm_node_13394728501,الميساء,,,Morocco,Casablanca,,,,33.5671131,-7.5656521,,,,24/7,[],[],,,,,,,,wlan,,,,,2026-07-14T15:14:39.540349,"{'amenity': 'cafe', 'internet_access': 'wlan', 'name': 'الميساء', 'name:en': 'almayssa', 'opening_hours': '24/7'}"
OpenStreetMap,node,13485456501,osm_node_13485456501,,,,Morocco,Casablanca,,,,33.5984714,-7.6388244,,,,,[],[],,,,,,,,,,,,,2026-07-14T15:14:39.540369,{'amenity': 'restaurant'}
OpenStreetMap,node,13569901951,osm_node_13569901951,Dar Abi,,,Morocco,Casablanca,,,,33.6017196,-7.6217648,,,,,[],[],,,,,,,,,,,,,2026-07-14T15:14:39.540391,"{'amenity': 'restaurant', 'name': 'Dar Abi'}"
OpenStreetMap,node,13607593152,osm_node_13607593152,Bliss Rooftop,,,Morocco,Casablanca,,,,33.5879757,-7.6276579,,,,Mo-Fr 16:00-24:00; Sa-Su 12:00-24:00,[],[],,,,,,,,,,,,,2026-07-14T15:14:39.540419,"{'amenity': 'bar', 'name': 'Bliss Rooftop', 'opening_hours': 'Mo-Fr 16:00-24:00; Sa-Su 12:00-24:00'}"
OpenStreetMap,node,13607593157,osm_node_13607593157,Braise,,,Morocco,Casablanca,,Angle Boulevard Brahim Roudani & Rue Abou Al Faïd Al Masri,20320,33.5880198,-7.6276291,,,,12:00-23:00,['international'],[],,,,,,,,,,,,,2026-07-14T15:14:39.540459,"{'addr:city': 'Casablanca', 'addr:country': 'MO', 'addr:postcode': '20320', 'addr:street': 'Angle Boulevard Brahim Roudani & Rue Abou Al Faïd Al Masri', 'amenity': 'restaurant', 'cuisine': 'international', 'name': 'Braise', 'opening_hours': '12:00-23:00'}"
OpenStreetMap,node,13736300973,osm_node_13736300973,Café Jbel Hebri,,,Morocco,Casablanca,,Rue Léon l'Africain,,33.595661,-7.610172,,,,,[],[],,,,,,,,,,,,,2026-07-14T15:14:39.540487,"{'addr:street': ""Rue Léon l'Africain"", 'amenity': 'cafe', 'name': 'Café Jbel Hebri'}"
OpenStreetMap,node,13745594965,osm_node_13745594965,Noah,,,Morocco,Casablanca,,,,33.5779705,-7.7047021,,,,,[],[],,,,,,,,,,,,,2026-07-14T15:14:39.540509,"{'amenity': 'restaurant', 'name': 'Noah'}"
OpenStreetMap,node,13814722102,osm_node_13814722102,Panini & Tacos Simo,,,Morocco,Casablanca,,Allée des Mimosas,,33.6174566,-7.5324449,,,,Sa-Th 11:00-23:00; Fr 11:00-01:00,"['friture', 'grill', 'moroccan', 'sandwich']",[],,,,,,,,,,,,,2026-07-14T15:14:39.540545,"{'addr:street': 'Allée des Mimosas', 'amenity': 'fast_food', 'cuisine': 'friture;grill;moroccan;sandwich', 'name': 'Panini & Tacos Simo', 'opening_hours': 'Sa-Th 11:00-23:00; Fr 11:00-01:00', 'self_service': 'no'}"
OpenStreetMap,node,13853462809,osm_node_13853462809,Mon Fils,,,Morocco,Casablanca,,,,33.5855895,-7.6355801,,,,,[],[],,,,,,,,,,,,,2026-07-14T15:14:39.540568,"{'amenity': 'restaurant', 'name': 'Mon Fils'}"
OpenStreetMap,node,13853481757,osm_node_13853481757,Ô Chef,,,Morocco,Casablanca,,,,33.5822476,-7.6386505,,,,,[],[],,,,,,,,,,,,,2026-07-14T15:14:39.540591,"{'amenity': 'restaurant', 'name': 'Ô Chef'}"
OpenStreetMap,node,13853481762,osm_node_13853481762,Pizza di Papi,,,Morocco,Casablanca,,,,33.5834099,-7.6373995,,,,,['pizza'],[],,,,,,,,,,,,,2026-07-14T15:14:39.540616,"{'amenity': 'restaurant', 'cuisine': 'pizza', 'name': 'Pizza di Papi'}"
OpenStreetMap,node,13853502941,osm_node_13853502941,Santa Monica,,,Morocco,Casablanca,,,,33.5803957,-7.6369733,,,,,[],[],,,,,,,,,,,,,2026-07-14T15:14:39.540641,"{'amenity': 'cafe', 'name': 'Santa Monica'}"
OpenStreetMap,node,13853502943,osm_node_13853502943,Café Mozart,,,Morocco,Casablanca,,,,33.5801582,-7.6366496,,,,,[],[],,,,,,,,,,,,,2026-07-14T15:14:39.540664,"{'amenity': 'cafe', 'name': 'Café Mozart'}"
OpenStreetMap,node,13853572850,osm_node_13853572850,Verano,,,Morocco,Casablanca,,,,33.5768155,-7.6359891,,,,,[],[],,,,,,,,,,,,,2026-07-14T15:14:39.540686,"{'amenity': 'cafe', 'name': 'Verano'}"
OpenStreetMap,node,13853607486,osm_node_13853607486,,,,Morocco,Casablanca,,,,33.576338,-7.6342468,,,,,[],[],,,,,,,,,,,,,2026-07-14T15:14:39.540706,{'amenity': 'cafe'}
OpenStreetMap,node,13853607487,osm_node_13853607487,,,,Morocco,Casablanca,,,,33.5764092,-7.6342253,,,,,[],[],,,,,,,,,,,,,2026-07-14T15:14:39.540725,{'amenity': 'cafe'}
OpenStreetMap,node,13853607488,osm_node_13853607488,,,,Morocco,Casablanca,,,,33.5764598,-7.6342108,,,,,[],[],,,,,,,,,,,,,2026-07-14T15:14:39.540745,{'amenity': 'cafe'}
OpenStreetMap,node,13853743581,osm_node_13853743581,Café Pulman,,,Morocco,Casablanca,,,,33.5773872,-7.6374188,,,,,[],[],,,,,,,,,,,,,2026-07-14T15:14:39.540767,"{'amenity': 'cafe', 'name': 'Café Pulman'}"
OpenStreetMap,node,13853743585,osm_node_13853743585,Café Anfa مقهى انفا,,,Morocco,Casablanca,,,,33.5774772,-7.6373262,,,,,[],[],,,,,,,,,,,,,2026-07-14T15:14:39.540792,"{'amenity': 'cafe', 'name': 'Café Anfa مقهى انفا'}"
OpenStreetMap,node,13853760243,osm_node_13853760243,,,,Morocco,Casablanca,,,,33.5861997,-7.6329313,,,,,[],[],,,,,,,,,,,,,2026-07-14T15:14:39.540812,{'amenity': 'cafe'}
OpenStreetMap,node,13854073708,osm_node_13854073708,Yo Ti Tam,,,Morocco,Casablanca,,,,33.5882398,-7.6389842,,,,,['sushi'],[],,,,,,,,,,,,,2026-07-14T15:14:39.540837,"{'amenity': 'restaurant', 'branch': 'Racine', 'cuisine': 'sushi', 'name': 'Yo Ti Tam'}"
OpenStreetMap,node,13858926011,osm_node_13858926011,L'Alexandrin,,,Morocco,Casablanca,,,,33.5877136,-7.6331023,,,,,[],[],,,,,,,,,,,,,2026-07-14T15:14:39.540859,"{'amenity': 'cafe', 'name': ""L'Alexandrin""}"
OpenStreetMap,node,13858926013,osm_node_13858926013,Trattoria del Papa,,,Morocco,Casablanca,,,,33.5875046,-7.6334124,,,,,['pizza'],[],,,,,,,,,,,,,2026-07-14T15:14:39.540884,"{'amenity': 'restaurant', 'cuisine': 'pizza', 'name': 'Trattoria del Papa'}"
OpenStreetMap,node,13858941707,osm_node_13858941707,,,,Morocco,Casablanca,,,,33.587849,-7.6345854,,,,,[],[],,,,,,,,,,,,,2026-07-14T15:14:39.540904,{'amenity': 'cafe'}
OpenStreetMap,node,13858992419,osm_node_13858992419,Luvia,,,Morocco,Casablanca,,,,33.5879929,-7.6347082,,,,,[],[],,,,,,,,,,,,,2026-07-14T15:14:39.540925,"{'amenity': 'cafe', 'name': 'Luvia'}"
OpenStreetMap,node,13861018496,osm_node_13861018496,Cesarino,,,Morocco,Casablanca,,,,33.5877758,-7.6401671,,,,,['italian'],[],,,,,,,,,,,,,2026-07-14T15:14:39.540949,"{'amenity': 'restaurant', 'cuisine': 'italian', 'name': 'Cesarino'}"
OpenStreetMap,node,13873456511,osm_node_13873456511,Domino's,Domino's,,Morocco,Casablanca,,,,33.5832798,-7.6442791,,,,,['pizza'],['Takeaway'],,,,,,,,,,,,,2026-07-14T15:14:39.540979,"{'amenity': 'fast_food', 'brand': ""Domino's"", 'brand:wikidata': 'Q839466', 'cuisine': 'pizza', 'name': ""Domino's"", 'takeaway': 'yes'}"
OpenStreetMap,node,13905794870,osm_node_13905794870,Café Red Ice,,,Morocco,Casablanca,,,,33.5829766,-7.6402244,,,,,[],[],,,,,,,,,,,,,2026-07-14T15:14:39.541003,"{'amenity': 'cafe', 'name': 'Café Red Ice'}"
OpenStreetMap,node,13905848514,osm_node_13905848514,Paus'Art,,,Morocco,Casablanca,,,,33.5841359,-7.6404613,,,,,[],[],,,,,,,,,,,,,2026-07-14T15:14:39.541025,"{'amenity': 'cafe', 'name': ""Paus'Art""}"
OpenStreetMap,node,13905848516,osm_node_13905848516,Café Festival,,,Morocco,Casablanca,,,,33.5836795,-7.6403659,,,,,[],[],,,,,,,,,,,,,2026-07-14T15:14:39.541048,"{'amenity': 'cafe', 'name': 'Café Festival'}"
OpenStreetMap,node,13905899391,osm_node_13905899391,Little Mamma,,,Morocco,Casablanca,,,,33.5827587,-7.6412936,,,,,['italian'],[],,,,,,,,,,,,,2026-07-14T15:14:39.541073,"{'amenity': 'restaurant', 'cuisine': 'italian', 'name': 'Little Mamma'}"
OpenStreetMap,node,13905983362,osm_node_13905983362,Mahfoud,,,Morocco,Casablanca,,,,33.5852766,-7.6423473,,,,,[],[],,,,,,,,,,,,,2026-07-14T15:14:39.541096,"{'amenity': 'restaurant', 'branch': 'Maârif', 'name': 'Mahfoud'}"
OpenStreetMap,node,13913265905,osm_node_13913265905,Cucina Napoli,,,Morocco,Casablanca,,,,33.5857938,-7.6386774,,,,,['italian'],[],,,,,,,,,,,,,2026-07-14T15:14:39.541121,"{'amenity': 'restaurant', 'cuisine': 'italian', 'name': 'Cucina Napoli'}"
OpenStreetMap,node,13913289306,osm_node_13913289306,Fose Club,,,Morocco,Casablanca,,,,33.5841418,-7.6374301,,,,,[],[],,,,,,,,,,,,,2026-07-14T15:14:39.541156,"{'amenity': 'cafe', 'name': 'Fose Club'}"
OpenStreetMap,node,13921199542,osm_node_13921199542,King Tacos & شوارما,,,Morocco,Casablanca,,,,33.5851268,-7.6357259,,,,,[],[],,,,,,,,,,,,,2026-07-14T15:14:39.541181,"{'amenity': 'fast_food', 'name': 'King Tacos & شوارما'}"
OpenStreetMap,node,13921199574,osm_node_13921199574,Cluky's,,,Morocco,Casablanca,,,,33.5860947,-7.6360416,,,,,[],[],,,,,,,,,,,,,2026-07-14T15:14:39.541203,"{'amenity': 'restaurant', 'name': ""Cluky's""}"
OpenStreetMap,node,13921221095,osm_node_13921221095,,,,Morocco,Casablanca,,Rue Abou Moussa Al Jazouli زنقة أبو موسى الجزولي,,33.5849492,-7.6412128,,,,,[],[],,,,,,,,,,,,,2026-07-14T15:14:39.541233,"{'addr:street': 'Rue Abou Moussa Al Jazouli زنقة أبو موسى الجزولي', 'amenity': 'restaurant'}"
OpenStreetMap,node,13921256238,osm_node_13921256238,Ayo,,,Morocco,Casablanca,,,,33.5847361,-7.6409959,,,,,['asian'],[],,,,,,,,,,,,,2026-07-14T15:14:39.541257,"{'amenity': 'restaurant', 'cuisine': 'asian', 'name': 'Ayo'}"
OpenStreetMap,node,13921269863,osm_node_13921269863,Limon Y Sal,,,Morocco,Casablanca,,,,33.5864407,-7.6411442,,,,,[],[],,,,,,,,,,,,,2026-07-14T15:14:39.541281,"{'amenity': 'restaurant', 'name': 'Limon Y Sal'}"
OpenStreetMap,node,13921269864,osm_node_13921269864,Primo Passo,,,Morocco,Casablanca,,,,33.5861289,-7.641138,,,,,['italian'],[],,,,,,,,,,,,,2026-07-14T15:14:39.541306,"{'amenity': 'restaurant', 'cuisine': 'italian', 'name': 'Primo Passo'}"
OpenStreetMap,node,13921269866,osm_node_13921269866,Churros n Cream,,,Morocco,Casablanca,,,,33.5858712,-7.6411213,,,,,[],[],,,,,,,,,,,,,2026-07-14T15:14:39.541329,"{'amenity': 'fast_food', 'name': 'Churros n Cream'}"
OpenStreetMap,node,13921272542,osm_node_13921272542,Maison M,,,Morocco,Casablanca,,,,33.5873137,-7.6404675,,,,,[],[],,,,,,,,,,,,,2026-07-14T15:14:39.541360,"{'amenity': 'restaurant', 'level': '0', 'name': 'Maison M'}"
OpenStreetMap,node,13921272544,osm_node_13921272544,Mystik Rooftop,,,Morocco,Casablanca,,,,33.5873589,-7.6404465,,,,,[],[],,,,,,,,,,,,,2026-07-14T15:14:39.541383,"{'amenity': 'restaurant', 'level': '6', 'name': 'Mystik Rooftop'}"
OpenStreetMap,node,13921293031,osm_node_13921293031,Mipasta,,,Morocco,Casablanca,,,,33.5907979,-7.6371604,,,,,[],[],,,,,,,,,,,,,2026-07-14T15:14:39.541405,"{'amenity': 'fast_food', 'name': 'Mipasta'}"
OpenStreetMap,node,13921293032,osm_node_13921293032,Döner Broz,,,Morocco,Casablanca,,,,33.5910237,-7.6366016,,,,,['turkish'],[],,,,,,,,,,,,,2026-07-14T15:14:39.541430,"{'amenity': 'restaurant', 'cuisine': 'turkish', 'name': 'Döner Broz'}"
OpenStreetMap,node,13921324708,osm_node_13921324708,Barn's Juju,,,Morocco,Casablanca,,,,33.5885978,-7.6399644,,,,,[],[],,,,,,,,,,,,,2026-07-14T15:14:39.541453,"{'amenity': 'restaurant', 'name': ""Barn's Juju""}"
OpenStreetMap,node,13923415696,osm_node_13923415696,ماكدونالدز,ماكدونالدز,,Morocco,Casablanca,,,,33.5690002,-7.6617008,,,,,['burger'],['Takeaway'],,,,,,,,,,,,,2026-07-14T15:14:39.541481,"{'amenity': 'fast_food', 'branch': 'Casa Anfa', 'brand': 'ماكدونالدز', 'brand:ar': 'ماكدونالدز', 'brand:en': ""McDonald's"", 'brand:wikidata': 'Q38076', 'cuisine': 'burger', 'name': 'ماكدونالدز', 'name:ar': 'ماكدونالدز', 'name:en': ""McDonald's"", 'takeaway': 'yes'}"
OpenStreetMap,node,13924289497,osm_node_13924289497,Sorrento,,,Morocco,Casablanca,,,,33.5814963,-7.633041,,,,,[],[],,,,,,,,,,,,,2026-07-14T15:14:39.541503,"{'amenity': 'restaurant', 'bar': 'yes', 'name': 'Sorrento'}"
OpenStreetMap,node,13924337115,osm_node_13924337115,Restaurant Le Bon Régal,,,Morocco,Casablanca,,,,33.5833844,-7.6300695,,,,,[],[],,,,,,,,,,,,,2026-07-14T15:14:39.541528,"{'amenity': 'restaurant', 'name': 'Restaurant Le Bon Régal'}"
OpenStreetMap,node,13924359691,osm_node_13924359691,Chwa Way,,,Morocco,Casablanca,,,,33.5813919,-7.6335841,,,,,[],[],,,,,,,,,,,,,2026-07-14T15:14:39.541550,"{'amenity': 'fast_food', 'name': 'Chwa Way'}"
OpenStreetMap,node,13924359692,osm_node_13924359692,Grignotière,,,Morocco,Casablanca,,,,33.5807526,-7.6325359,,,,,[],[],,,,,,,,,,,,,2026-07-14T15:14:39.541572,"{'amenity': 'fast_food', 'name': 'Grignotière'}"
OpenStreetMap,node,13924439805,osm_node_13924439805,La Cocina,,,Morocco,Casablanca,,,,33.5867132,-7.6304767,,,,,[],[],,,,,,,,,,,,,2026-07-14T15:14:39.541595,"{'amenity': 'bar', 'name': 'La Cocina'}"
OpenStreetMap,node,13924439806,osm_node_13924439806,Tiger House,,,Morocco,Casablanca,,,,33.58663,-7.6305425,,,,,[],[],,,,,,,,,,,,,2026-07-14T15:14:39.541619,"{'amenity': 'bar', 'name': 'Tiger House'}"
OpenStreetMap,node,13947909134,osm_node_13947909134,100% Crousti Original,,,Morocco,Casablanca,,,,33.587465,-7.6360424,,,,,[],[],,,,,,,,,,,,,2026-07-14T15:14:39.541643,"{'amenity': 'fast_food', 'name': '100% Crousti Original'}"
OpenStreetMap,node,13965919346,osm_node_13965919346,ASIE'TTE,,,Morocco,Casablanca,,,,33.5835066,-7.6274999,,https://asiette.com/,contact@asiette.ma,,['sushi'],"['Delivery', 'Takeaway']",,,,,,,,,,yes,,,2026-07-14T15:14:39.541699,"{'air_conditioning': 'yes', 'amenity': 'restaurant', 'cuisine': 'sushi', 'delivery': 'yes', 'email': 'contact@asiette.ma', 'highchair': 'yes', 'indoor_seating': 'yes', 'kids_area': 'no', 'name': ""ASIE'TTE"", 'outdoor_seating': 'no', 'payment:cards': 'yes', 'payment:cash': 'yes', 'payment:qr_code': 'no', 'reservation': 'yes', 'takeaway': 'yes', 'toilets': 'yes', 'toilets:gender_segregated': 'yes', 'toilets:wheelchair': 'no', 'website': 'https://asiette.com/', 'wheelchair': 'limited'}"
OpenStreetMap,node,13970097403,osm_node_13970097403,Food House,,,Morocco,Casablanca,,,,33.5832847,-7.6209162,,,,,[],[],,,,,,,,,,,,,2026-07-14T15:14:39.541726,"{'amenity': 'restaurant', 'name': 'Food House'}"
OpenStreetMap,node,13972224533,osm_node_13972224533,La Fabbrica,,,Morocco,Casablanca,,,,33.5616558,-7.6289026,,,,,[],[],,,,,,,,,,,,,2026-07-14T15:14:39.541751,"{'amenity': 'restaurant', 'handwashing:soap': 'yes', 'indoor_seating': 'yes', 'name': 'La Fabbrica', 'outdoor_seating': 'no', 'payment:cards': 'yes', 'payment:cash': 'yes', 'payment:qr_code': 'no', 'toilets': 'yes', 'toilets:fee': 'no', 'toilets:gender_segregated': 'yes', 'toilets:handwashing': 'yes', 'toilets:paper_supplied': 'yes', 'toilets:position': 'seated'}"
OpenStreetMap,node,13977647122,osm_node_13977647122,Le Loft,,,Morocco,Casablanca,,,,33.6096622,-7.6257204,,,,,[],[],,,,,,,,,,,,,2026-07-14T15:14:39.541775,"{'amenity': 'restaurant', 'name': 'Le Loft'}"
OpenStreetMap,node,13977647123,osm_node_13977647123,L'Orangerie,,,Morocco,Casablanca,,,,33.6098121,-7.6256898,,,,,[],[],,,,,,,,,,,,,2026-07-14T15:14:39.541799,"{'amenity': 'restaurant', 'name': ""L'Orangerie""}"
OpenStreetMap,node,13977647124,osm_node_13977647124,Le Phare Du Port Salut,,,Morocco,Casablanca,,,,33.6088031,-7.6244979,,,,,[],[],,,,,,,,,,,,,2026-07-14T15:14:39.541825,"{'amenity': 'restaurant', 'name': 'Le Phare Du Port Salut'}"
OpenStreetMap,node,13980953754,osm_node_13980953754,دار الضيافة المغربية,,,Morocco,Casablanca,,,,33.584916,-7.6201729,+212641636183,,,,['regional'],[],,,,,,,,,,,,,2026-07-14T15:14:39.541860,"{'amenity': 'restaurant', 'cuisine': 'regional', 'name': 'دار الضيافة المغربية', 'phone': '+212 6 41 63 61 83'}"
OpenStreetMap,node,13990423074,osm_node_13990423074,Gioia,,,Morocco,Casablanca,,,,33.5433315,-7.6308072,,https://www.gioia.ma,,,[],[],,,,,,,,,,,,,2026-07-14T15:14:39.541897,"{'air_conditioning': 'yes', 'amenity': 'restaurant', 'changing_table': 'yes', 'highchair': 'yes', 'name': 'Gioia', 'outdoor_seating': 'no', 'payment:cards': 'yes', 'toilets': 'yes', 'website': 'https://www.gioia.ma'}"
OpenStreetMap,node,14013497819,osm_node_14013497819,ماكدونالدز,ماكدونالدز,,Morocco,Casablanca,,,,33.6168616,-7.476414,,,,Mo-Fr 10:00-24:00; Sa 10:00-03:00; Su 10:00-02:00,['burger'],"['Takeaway', 'Drive Through']",,,,,,,,,,,,,2026-07-14T15:14:39.541937,"{'amenity': 'fast_food', 'brand': 'ماكدونالدز', 'brand:ar': 'ماكدونالدز', 'brand:en': ""McDonald's"", 'brand:wikidata': 'Q38076', 'cuisine': 'burger', 'drive_through': 'yes', 'name': 'ماكدونالدز', 'name:ar': 'ماكدونالدز', 'name:en': ""McDonald's"", 'opening_hours': 'Mo-Fr 10:00-24:00; Sa 10:00-03:00; Su 10:00-02:00', 'takeaway': 'yes'}"
OpenStreetMap,way,244163589,osm_way_244163589,,,,Morocco,Casablanca,,,,33.5652069,-7.5564015,,,,,[],[],,,,,,,,,,,,,2026-07-14T15:14:39.541963,"{'amenity': 'cafe', 'building': 'yes'}"
OpenStreetMap,way,244164484,osm_way_244164484,Dam-Dam,,,Morocco,Casablanca,,,,33.5652027,-7.5563348,,,,,['sandwich'],[],,,,,,,,,,,,,2026-07-14T15:14:39.542018,"{'amenity': 'fast_food', 'cuisine': 'sandwich', 'name': 'Dam-Dam'}"
OpenStreetMap,way,307240228,osm_way_307240228,Café le Lagon,,,Morocco,Casablanca,,Boulevard Oued Oum Rbia,,33.5554023,-7.6845755,,,,,[],[],,,,,,,,yes,isolated,,,,2026-07-14T15:14:39.542053,"{'addr:city': 'Casablanca', 'addr:street': 'Boulevard Oued Oum Rbia', 'amenity': 'cafe', 'building': 'yes', 'internet_access': 'yes', 'name': 'Café le Lagon', 'smoking': 'isolated'}"
OpenStreetMap,way,331720669,osm_way_331720669,Boca,,,Morocco,Casablanca,,,,33.5261768,-7.6420676,,,,Mo-Su 08:00-18:00,[],[],,,,,,,,,,,,,2026-07-14T15:14:39.542079,"{'amenity': 'cafe', 'building': 'yes', 'name': 'Boca', 'opening_hours': 'Mo-Su 08:00-18:00'}"
OpenStreetMap,way,588233068,osm_way_588233068,Cafe Torana,,,Morocco,Casablanca,,Boulevard d'Oued Oum Rabia,,33.559995,-7.6753463,,,,,[],[],,,,,,,,,,,,,2026-07-14T15:14:39.542107,"{'addr:street': ""Boulevard d'Oued Oum Rabia"", 'amenity': 'cafe', 'building': 'apartments', 'name': 'Cafe Torana', 'source': 'KaartGroundSurvey2018'}"
OpenStreetMap,way,590818104,osm_way_590818104,Adosani,,,Morocco,Casablanca,,Boulevard Imam Chafii,,33.6202084,-7.486741,,,,,[],[],,,,,,,,,,,,,2026-07-14T15:14:39.542133,"{'addr:street': 'Boulevard Imam Chafii', 'amenity': 'cafe', 'building': 'commercial', 'name': 'Adosani', 'source': 'Kaart Ground Survey 2018'}"
OpenStreetMap,way,591035240,osm_way_591035240,Papparoti Café,,,Morocco,Casablanca,,,,33.6083048,-7.4806766,,,,,[],[],,,,,,,,,,,,,2026-07-14T15:14:39.542161,"{'amenity': 'cafe', 'building': 'residential', 'name': 'Papparoti Café', 'source': 'Kaart Ground Survey 2018'}"
OpenStreetMap,way,595230200,osm_way_595230200,Espace Danisma,,,Morocco,Casablanca,,Boulevard Oued Sebou,,33.5528259,-7.6770769,,,,,[],[],,,,,,,,,,,,,2026-07-14T15:14:39.542188,"{'addr:street': 'Boulevard Oued Sebou', 'amenity': 'cafe', 'building': 'apartments', 'name': 'Espace Danisma', 'source': 'Kaart Ground Survey 2018'}"
OpenStreetMap,way,595230201,osm_way_595230201,Cafe Kamal,,,Morocco,Casablanca,,Rue 177,,33.5526403,-7.6771205,,,,,[],[],,,,,,,,,,,,,2026-07-14T15:14:39.542281,"{'addr:street': 'Rue 177', 'amenity': 'cafe', 'building': 'apartments', 'name': 'Cafe Kamal', 'source': 'Kaart Ground Survey 2018'}"
OpenStreetMap,way,597917981,osm_way_597917981,KFC,KFC,,Morocco,Casablanca,,,,33.5873876,-7.6850644,,,,,['chicken'],['Takeaway'],,,,,,,,,,,,,2026-07-14T15:14:39.542315,"{'addr:city': 'الدار البيضاء', 'addr:city:ar': 'الدار البيضاء', 'addr:place': 'عين الذئاب', 'addr:place:ar': 'عين الذئاب', 'alt_name': 'PFK;Poulet Frit Kentucky', 'alt_name:fr': 'PFK;Poulet Frit Kentucky', 'amenity': 'fast_food', 'brand': 'KFC', 'brand:ar': 'دجاج كنتاكي', 'brand:fr': 'KFC', 'brand:wikidata': 'Q524757', 'brand:wikipedia': 'fr:Kentucky Fried Chicken', 'building': 'yes', 'cuisine': 'chicken', 'name': 'KFC', 'name:ar': 'دجاج كنتاكي', 'name:fr': 'KFC', 'takeaway': 'yes'}"
OpenStreetMap,way,767805073,osm_way_767805073,,,,Morocco,Casablanca,,,,33.6083797,-7.4997145,,,,,[],[],,,,,,,,,,,,,2026-07-14T15:14:39.542335,"{'amenity': 'cafe', 'building': 'yes'}"
OpenStreetMap,way,804284235,osm_way_804284235,Famagusta,,,Morocco,Casablanca,,,,33.5318053,-7.6168265,,,,,['coffee_shop'],['Outdoor Seating'],,,,,,,,wlan,,,,,2026-07-14T15:14:39.542364,"{'amenity': 'cafe', 'building': 'yes', 'cuisine': 'coffee_shop', 'internet_access': 'wlan', 'internet_access:fee': 'no', 'name': 'Famagusta', 'opening_hours:covid19': 'off', 'outdoor_seating': 'yes'}"
OpenStreetMap,way,961138945,osm_way_961138945,Bolzano Ice,,,Morocco,Casablanca,,,,33.6088714,-7.5287159,,,,,[],[],,,,,,,,,,,,,2026-07-14T15:14:39.542387,"{'amenity': 'cafe', 'building': 'yes', 'name': 'Bolzano Ice'}"
OpenStreetMap,way,961928117,osm_way_961928117,Espace La Flandre,,,Morocco,Casablanca,,,,33.6141298,-7.5310306,,,,,[],[],,,,,,,,,,,,,2026-07-14T15:14:39.542411,"{'amenity': 'cafe', 'building': 'yes', 'name': 'Espace La Flandre'}"
OpenStreetMap,way,961928557,osm_way_961928557,Le Château d'Or,,,Morocco,Casablanca,,,,33.616962,-7.5329122,,,,,[],[],,,,,,,,,,,,,2026-07-14T15:14:39.542436,"{'amenity': 'cafe', 'building': 'yes', 'name': ""Le Château d'Or""}"
OpenStreetMap,way,961928558,osm_way_961928558,,,,Morocco,Casablanca,,,,33.6165098,-7.5327003,,,,,[],[],,,,,,,,,,,,,2026-07-14T15:14:39.542456,"{'amenity': 'cafe', 'building': 'yes'}"
OpenStreetMap,way,961929882,osm_way_961929882,Pomme de Pain,,,Morocco,Casablanca,,,,33.6232652,-7.524987,,,,,[],[],,,,,,,,,,,,,2026-07-14T15:14:39.542478,"{'amenity': 'cafe', 'building': 'yes', 'name': 'Pomme de Pain'}"
OpenStreetMap,way,961929883,osm_way_961929883,,,,Morocco,Casablanca,,,,33.6195886,-7.5326575,,,,,[],[],,,,,,,,,,,,,2026-07-14T15:14:39.542498,"{'amenity': 'food_court', 'building': 'yes'}"
OpenStreetMap,way,961929884,osm_way_961929884,,,,Morocco,Casablanca,,,,33.6203083,-7.5330833,,,,,[],[],,,,,,,,,,,,,2026-07-14T15:14:39.542517,"{'amenity': 'food_court', 'building': 'yes'}"
OpenStreetMap,way,961930408,osm_way_961930408,,,,Morocco,Casablanca,,,,33.6210096,-7.5318542,,,,,[],[],,,,,,,,,,,,,2026-07-14T15:14:39.542539,"{'amenity': 'cafe', 'building': 'yes'}"
