source,osm_type,osm_id,restaurant_id,name,brand,operator,country,city,district,address,postcode,latitude,longitude,phone,website,email,opening_hours,cuisine_type,services,price_range,rating,review_count,facebook,instagram,twitter,payment,internet_access,smoking,reservation,photos,google_maps_url,created_at,raw_tags
OpenStreetMap,node,1353912131,osm_node_1353912131,مقهى القصر,,,Morocco,Safi,,,,32.3077411,-9.228264,,,,,[],[],,,,,,,,,,,,,2026-07-14T18:29:13.097740,"{'amenity': 'cafe', 'name': 'مقهى القصر', 'name:ar': 'مقهى القصر'}"
OpenStreetMap,node,1353912144,osm_node_1353912144,,,,Morocco,Safi,,,,32.307986,-9.2275613,,,,,[],[],,,,,,,,,,,,,2026-07-14T18:29:13.097788,{'amenity': 'cafe'}
OpenStreetMap,node,1354003933,osm_node_1354003933,,,,Morocco,Safi,,,,32.3085391,-9.2309891,,,,,[],[],,,,,,,,,,,,,2026-07-14T18:29:13.097808,{'amenity': 'cafe'}
OpenStreetMap,node,1356479064,osm_node_1356479064,,,,Morocco,Safi,,,,32.3091557,-9.2326199,,,,,[],[],,,,,,,,,,,,,2026-07-14T18:29:13.097824,{'amenity': 'cafe'}
OpenStreetMap,node,1357929942,osm_node_1357929942,California,,,Morocco,Safi,,,,32.2858408,-9.2287755,,,,,[],[],,,,,,,,yes,,,,,2026-07-14T18:29:13.097854,"{'amenity': 'cafe', 'internet_access': 'yes', 'name': 'California'}"
OpenStreetMap,node,1357930053,osm_node_1357930053,,,,Morocco,Safi,,,,32.2864914,-9.229534,,,,,[],[],,,,,,,,,,,,,2026-07-14T18:29:13.097875,{'amenity': 'cafe'}
OpenStreetMap,node,1357930104,osm_node_1357930104,,,,Morocco,Safi,,,,32.286836,-9.229298,,,,,[],[],,,,,,,,,,,,,2026-07-14T18:29:13.097897,{'amenity': 'cafe'}
OpenStreetMap,node,1365462216,osm_node_1365462216,,,,Morocco,Safi,,,,32.3072459,-9.235035,,,,,[],[],,,,,,,,,,,,,2026-07-14T18:29:13.097914,{'amenity': 'cafe'}
OpenStreetMap,node,1365462220,osm_node_1365462220,,,,Morocco,Safi,,,,32.3085832,-9.2333395,,,,,[],[],,,,,,,,,,,,,2026-07-14T18:29:13.097935,{'amenity': 'cafe'}
OpenStreetMap,node,1365462230,osm_node_1365462230,,,,Morocco,Safi,,,,32.3073049,-9.235094,,,,,[],[],,,,,,,,,,,,,2026-07-14T18:29:13.097962,{'amenity': 'cafe'}
OpenStreetMap,node,1365522281,osm_node_1365522281,,,,Morocco,Safi,,,,32.2939287,-9.2219884,,,,,[],[],,,,,,,,,,,,,2026-07-14T18:29:13.098005,{'amenity': 'fast_food'}
OpenStreetMap,node,1365522286,osm_node_1365522286,الدكدادي,,,Morocco,Safi,,,,32.3094132,-9.2261488,,,,,[],[],,,,,,,,,,,,,2026-07-14T18:29:13.098035,"{'amenity': 'fast_food', 'name': 'الدكدادي', 'name:ar': 'الدكدادي'}"
OpenStreetMap,node,1365522293,osm_node_1365522293,,,,Morocco,Safi,,,,32.3093497,-9.2262092,,,,,[],[],,,,,,,,,,,,,2026-07-14T18:29:13.098054,{'amenity': 'cafe'}
OpenStreetMap,node,1365541090,osm_node_1365541090,oscor,,,Morocco,Safi,,,,32.2899789,-9.2274493,,,,,[],[],,,,,,,,,,,,,2026-07-14T18:29:13.098075,"{'amenity': 'cafe', 'name': 'oscor'}"
OpenStreetMap,node,1366796891,osm_node_1366796891,Restaurent Maistro (Safi ),,,Morocco,Safi,,,,32.2914855,-9.2323406,,,,,[],[],,,,,,,,,,,,,2026-07-14T18:29:13.098104,"{'amenity': 'restaurant', 'name': 'Restaurent Maistro (Safi )'}"
OpenStreetMap,node,1366810529,osm_node_1366810529,café plateau (Safi ),,,Morocco,Safi,,,,32.2934807,-9.2353286,,,,,[],[],,,,,,,,,,,,,2026-07-14T18:29:13.098131,"{'amenity': 'cafe', 'name': 'café plateau (Safi )'}"
OpenStreetMap,node,1366810539,osm_node_1366810539,Cafe Glacier Asala (Safi ),,,Morocco,Safi,,,,32.2932586,-9.2337837,,,,,[],[],,,,,,,,,,,,,2026-07-14T18:29:13.098156,"{'amenity': 'cafe', 'name': 'Cafe Glacier Asala (Safi )'}"
OpenStreetMap,node,1367867329,osm_node_1367867329,,,,Morocco,Safi,,,,32.3070203,-9.2289586,,,,,[],[],,,,,,,,,,,,,2026-07-14T18:29:13.098177,{'amenity': 'fast_food'}
OpenStreetMap,node,1367867343,osm_node_1367867343,,,,Morocco,Safi,,,,32.3064762,-9.2299939,,,,,[],[],,,,,,,,,,,,,2026-07-14T18:29:13.098194,{'amenity': 'fast_food'}
OpenStreetMap,node,1372327118,osm_node_1372327118,,,,Morocco,Safi,,,,32.2929593,-9.2225506,,,,,[],[],,,,,,,,,,,,,2026-07-14T18:29:13.098213,{'amenity': 'cafe'}
OpenStreetMap,node,1372327119,osm_node_1372327119,,,,Morocco,Safi,,,,32.2927733,-9.2225398,,,,,[],[],,,,,,,,,,,,,2026-07-14T18:29:13.098233,{'amenity': 'cafe'}
OpenStreetMap,node,1372327122,osm_node_1372327122,,,,Morocco,Safi,,,,32.2935578,-9.222674,,,,,[],[],,,,,,,,,,,,,2026-07-14T18:29:13.098252,{'amenity': 'cafe'}
OpenStreetMap,node,1372327124,osm_node_1372327124,,,,Morocco,Safi,,,,32.2925012,-9.2225077,,,,,[],[],,,,,,,,,,,,,2026-07-14T18:29:13.098272,{'amenity': 'cafe'}
OpenStreetMap,node,1372327127,osm_node_1372327127,,,,Morocco,Safi,,,,32.2925783,-9.2215313,,,,,[],[],,,,,,,,,,,,,2026-07-14T18:29:13.098289,{'amenity': 'cafe'}
OpenStreetMap,node,1373897948,osm_node_1373897948,,,,Morocco,Safi,,,,32.3095592,-9.2262148,,,,,[],[],,,,,,,,,,,,,2026-07-14T18:29:13.098308,{'amenity': 'restaurant'}
OpenStreetMap,node,1384429022,osm_node_1384429022,,,,Morocco,Safi,,,,32.2939886,-9.2219819,,,,,[],[],,,,,,,,,,,,,2026-07-14T18:29:13.098328,{'amenity': 'fast_food'}
OpenStreetMap,node,2715779109,osm_node_2715779109,Café ElFarass,,,Morocco,Safi,,,,32.2823884,-9.2277963,,,,,['coffee_shop'],[],,,,,,,,yes,,,,,2026-07-14T18:29:13.098370,"{'amenity': 'cafe', 'cuisine': 'coffee_shop', 'internet_access': 'yes', 'name': 'Café ElFarass'}"
OpenStreetMap,node,2715779156,osm_node_2715779156,Widady,,,Morocco,Safi,,,,32.2813998,-9.2290135,,,,,['pizza'],[],,,,,,,,,,,,,2026-07-14T18:29:13.098399,"{'amenity': 'fast_food', 'cuisine': 'pizza', 'name': 'Widady'}"
OpenStreetMap,node,2716965574,osm_node_2716965574,snack saada wydadi,,,Morocco,Safi,,,,32.2813409,-9.2290993,,,,,['fish'],[],,,,,,,,,,,,,2026-07-14T18:29:13.098425,"{'amenity': 'fast_food', 'cuisine': 'fish', 'name': 'snack saada wydadi'}"
OpenStreetMap,node,2716979016,osm_node_2716979016,,,,Morocco,Safi,,,,32.283608,-9.2258412,,,,,[],[],,,,,,,,,,,,,2026-07-14T18:29:13.098461,{'amenity': 'cafe'}
OpenStreetMap,node,2716980335,osm_node_2716980335,,,,Morocco,Safi,,,,32.283359,-9.2249526,,,,,[],[],,,,,,,,,,,,,2026-07-14T18:29:13.098483,{'amenity': 'cafe'}
OpenStreetMap,node,2717068864,osm_node_2717068864,Zenith,,,Morocco,Safi,,,,32.2946736,-9.2332854,,,,,[],[],,,,,,,,yes,,,,,2026-07-14T18:29:13.098510,"{'amenity': 'cafe', 'internet_access': 'yes', 'name': 'Zenith'}"
OpenStreetMap,node,2717320035,osm_node_2717320035,,,,Morocco,Safi,,,,32.2829905,-9.2274953,,,,,[],[],,,,,,,,wlan,,,,,2026-07-14T18:29:13.098530,"{'amenity': 'cafe', 'internet_access': 'wlan'}"
OpenStreetMap,node,3452735748,osm_node_3452735748,Café Requin Bleu,,,Morocco,Safi,,,,32.2901933,-9.2212528,,,,,[],[],,,,,,,,yes,separated,,,,2026-07-14T18:29:13.098559,"{'amenity': 'cafe', 'internet_access': 'yes', 'name': 'Café Requin Bleu', 'smoking': 'separated'}"
OpenStreetMap,node,3740751434,osm_node_3740751434,,,snack magic,Morocco,Safi,,,,32.2622464,-9.2473309,,,,,[],[],,,,,,,,,,,,,2026-07-14T18:29:13.098580,"{'amenity': 'fast_food', 'operator': 'snack magic'}"
OpenStreetMap,node,3740753351,osm_node_3740753351,café benaychour,,,Morocco,Safi,,,,32.2621503,-9.2483074,,,,,[],[],,,,,,,,yes,yes,,,,2026-07-14T18:29:13.098609,"{'amenity': 'cafe', 'internet_access': 'yes', 'name': 'café benaychour', 'smoking': 'yes'}"
OpenStreetMap,node,3740755397,osm_node_3740755397,café ouazzani,,,Morocco,Safi,,,,32.2615857,-9.2483956,,,,,[],[],,,,,,,,,,,,,2026-07-14T18:29:13.098632,"{'amenity': 'cafe', 'name': 'café ouazzani'}"
OpenStreetMap,node,3740764743,osm_node_3740764743,,,,Morocco,Safi,,,,32.2439168,-9.2610187,,,,,[],[],,,,,,,,,,,,,2026-07-14T18:29:13.098652,{'amenity': 'cafe'}
OpenStreetMap,node,3740766661,osm_node_3740766661,,,,Morocco,Safi,,,,32.2678371,-9.2545709,,,,,[],[],,,,,,,,,,,,,2026-07-14T18:29:13.098669,{'amenity': 'cafe'}
OpenStreetMap,node,3741438190,osm_node_3741438190,,,,Morocco,Safi,,,,32.2617421,-9.2486064,,,,,[],[],,,,,,,,,,,,,2026-07-14T18:29:13.098690,{'amenity': 'cafe'}
OpenStreetMap,node,3741478539,osm_node_3741478539,,,,Morocco,Safi,,,,32.2614279,-9.2462625,,,,,[],[],,,,,,,,,,,,,2026-07-14T18:29:13.098711,{'amenity': 'fast_food'}
OpenStreetMap,node,3741529143,osm_node_3741529143,,,,Morocco,Safi,,,,32.2549312,-9.2489724,,,,,[],[],,,,,,,,,,,,,2026-07-14T18:29:13.098732,{'amenity': 'fast_food'}
OpenStreetMap,node,3741529144,osm_node_3741529144,,,,Morocco,Safi,,,,32.2547282,-9.2490924,,,,,[],[],,,,,,,,,,,,,2026-07-14T18:29:13.098750,{'amenity': 'fast_food'}
OpenStreetMap,node,3741529145,osm_node_3741529145,,,,Morocco,Safi,,,,32.2545211,-9.2492269,,,,,[],[],,,,,,,,,,,,,2026-07-14T18:29:13.098766,{'amenity': 'fast_food'}
OpenStreetMap,node,3741529146,osm_node_3741529146,,,,Morocco,Safi,,,,32.2546852,-9.2490072,,,,,[],[],,,,,,,,,,,,,2026-07-14T18:29:13.098787,{'amenity': 'fast_food'}
OpenStreetMap,node,3741529148,osm_node_3741529148,,,,Morocco,Safi,,,,32.2554605,-9.2517937,,,,,[],[],,,,,,,,,,,,,2026-07-14T18:29:13.098805,{'amenity': 'fast_food'}
OpenStreetMap,node,3741529150,osm_node_3741529150,,,,Morocco,Safi,,,,32.2553052,-9.2521464,,,,,[],[],,,,,,,,,,,,,2026-07-14T18:29:13.098824,{'amenity': 'cafe'}
OpenStreetMap,node,4109710937,osm_node_4109710937,Café Le Phénicien,,,Morocco,Safi,,,,32.3066486,-9.2418054,,,,,[],[],,,,,,,,yes,,,,,2026-07-14T18:29:13.098854,"{'amenity': 'cafe', 'internet_access': 'yes', 'name': 'Café Le Phénicien', 'name:fr': 'Café Le Phénicien'}"
OpenStreetMap,node,4347127895,osm_node_4347127895,SafCity,,,Morocco,Safi,,Avenue Moulay Ismail,,32.2942668,-9.2290695,,,,,[],[],,,,,,,,,,,,,2026-07-14T18:29:13.098876,"{'addr:street': 'Avenue Moulay Ismail', 'amenity': 'cafe', 'name': 'SafCity'}"
OpenStreetMap,node,4347156490,osm_node_4347156490,Niagara,,,Morocco,Safi,,Avenue Moulay Ismail,,32.2943105,-9.2290534,,,,,[],[],,,,,,,,,,,,,2026-07-14T18:29:13.098902,"{'addr:street': 'Avenue Moulay Ismail', 'amenity': 'cafe', 'name': 'Niagara'}"
OpenStreetMap,node,4463584928,osm_node_4463584928,TACO,,,Morocco,Safi,,rue taib benhima,46000,32.2937918,-9.2336536,+212524621818,,,12:00-00:00,"['pizza,_plats,_pâtes,_tacos']","['Delivery', 'Takeaway']",,,,,,,,,no,,,,2026-07-14T18:29:13.099051,"{'addr:city': 'SAFI', 'addr:postcode': '46000', 'addr:street': 'rue taib benhima', 'amenity': 'fast_food', 'cuisine': 'pizza,_plats,_pâtes,_tacos', 'delivery': 'yes', 'name': 'TACO', 'opening_hours': '12:00-00:00', 'phone': '+212 5 24 62 18 18', 'smoking': 'no', 'takeaway': 'yes'}"
OpenStreetMap,node,4463587054,osm_node_4463587054,La cascade,,,Morocco,Safi,,,,32.2939984,-9.2332249,,,,,[],[],,,,,,,,,,,,,2026-07-14T18:29:13.099083,"{'amenity': 'cafe', 'name': 'La cascade'}"
OpenStreetMap,node,4463587110,osm_node_4463587110,Café Riyad,,,Morocco,Safi,,,,32.2937241,-9.2337222,,,,06:00-23:00,[],[],,,,,,,,yes,separated,,,,2026-07-14T18:29:13.099107,"{'amenity': 'cafe', 'internet_access': 'yes', 'name': 'Café Riyad', 'opening_hours': '06:00-23:00', 'smoking': 'separated'}"
OpenStreetMap,node,4463589690,osm_node_4463589690,Tartine,,,Morocco,Safi,,,,32.2942138,-9.2333252,,,,,[],[],,,,,,,,,,,,,2026-07-14T18:29:13.099124,"{'amenity': 'cafe', 'name': 'Tartine'}"
OpenStreetMap,node,4464198189,osm_node_4464198189,Café Rihab,,,Morocco,Safi,,Avenue de la Liberté شارع الحرية,46000,32.2919004,-9.2324509,,,,Mo-Su 06:00-22:00,[],[],,,,,,,,wlan,,,,,2026-07-14T18:29:13.099162,"{'addr:city': 'آسفي', 'addr:city:ar': 'آسفي', 'addr:city:es': 'Safí', 'addr:postcode': '46000', 'addr:street': 'Avenue de la Liberté شارع الحرية', 'addr:street:ar': 'شارع الحرية', 'addr:street:es': 'Avenida Libertad', 'amenity': 'cafe', 'internet_access': 'wlan', 'name': 'Café Rihab', 'name:es': 'Café Rihab', 'opening_hours': 'Mo-Su 06:00-22:00'}"
OpenStreetMap,node,4464229789,osm_node_4464229789,Café Rihab مقهى الرحاب,,,Morocco,Safi,,Avenue de la Liberté شارع الحرية,46000,32.2934081,-9.2332457,,,,Mo-Su 06:00-22:00,[],[],,,,,,,,wlan,,,,,2026-07-14T18:29:13.099197,"{'addr:city': 'SAFI', 'addr:postcode': '46000', 'addr:street': 'Avenue de la Liberté شارع الحرية', 'amenity': 'cafe', 'internet_access': 'wlan', 'name': 'Café Rihab مقهى الرحاب', 'name:ar': 'مقهى الرحاب', 'name:fr': 'Café Rihab', 'opening_hours': 'Mo-Su 06:00-22:00'}"
OpenStreetMap,node,5105135225,osm_node_5105135225,Café Le Jardin,,,Morocco,Safi,,,,32.301729,-9.2373076,,,,,[],[],,,,,,,,,,,,,2026-07-14T18:29:13.099218,"{'amenity': 'cafe', 'name': 'Café Le Jardin', 'name:fr': 'Café Le Jardin'}"
OpenStreetMap,node,5105217421,osm_node_5105217421,Café Dourcas,,,Morocco,Safi,,Avenue Lafkih El Haskouri,,32.3222494,-9.2258164,,,,,[],[],,,,,,,,,,,,,2026-07-14T18:29:13.099242,"{'addr:street': 'Avenue Lafkih El Haskouri', 'amenity': 'cafe', 'name': 'Café Dourcas', 'name:fr': 'Café Dourcas'}"
OpenStreetMap,node,5111782228,osm_node_5111782228,Addahabiya,,,Morocco,Safi,,,,32.2905668,-9.2396687,,,,,[],[],,,,,,,,,,,,,2026-07-14T18:29:13.099261,"{'amenity': 'cafe', 'name': 'Addahabiya', 'name:fr': 'Addahabiya'}"
OpenStreetMap,node,5111782230,osm_node_5111782230,Café Colibris,,,Morocco,Safi,,,,32.2905389,-9.2410521,,,,,[],[],,,,,,,,,,,,,2026-07-14T18:29:13.099282,"{'amenity': 'cafe', 'name': 'Café Colibris', 'name:fr': 'Café Colibris'}"
OpenStreetMap,node,5254624521,osm_node_5254624521,,,,Morocco,Safi,,,,32.295689,-9.2412132,,,,,[],[],,,,,,,,,,,,,2026-07-14T18:29:13.099298,"{'amenity': 'cafe', 'name:en': 'Café Khay'}"
OpenStreetMap,node,5289861926,osm_node_5289861926,مول بانيني,,,Morocco,Safi,,,,32.2564753,-9.2516599,,,,,[],[],,,,,,,,,,,,,2026-07-14T18:29:13.099317,"{'amenity': 'fast_food', 'name': 'مول بانيني', 'name:ar': 'مول بانيني'}"
OpenStreetMap,node,5598807521,osm_node_5598807521,Café Jour Et Nuit,,,Morocco,Safi,,,,32.2938983,-9.2342023,,,,,[],[],,,,,,,,,,,,,2026-07-14T18:29:13.099336,"{'amenity': 'cafe', 'name': 'Café Jour Et Nuit'}"
OpenStreetMap,node,5782862553,osm_node_5782862553,,,,Morocco,Safi,,,,32.3002498,-9.2391255,+212660052323,,,,['moroccan'],[],,,,,,,,,,,,,2026-07-14T18:29:13.099365,"{'amenity': 'restaurant', 'cuisine': 'moroccan', 'name:en': 'Chez Hosni', 'phone': '+212 6 60 05 23 23'}"
OpenStreetMap,node,6075692385,osm_node_6075692385,Pattiserie,,,Morocco,Safi,,,,32.2913064,-9.2428478,,,,,[],[],,,,,,,,,,,,,2026-07-14T18:29:13.099385,"{'amenity': 'cafe', 'name': 'Pattiserie'}"
OpenStreetMap,node,8554256656,osm_node_8554256656,boulangerie & patisserie OUKAIMDEN,,,Morocco,Safi,,Avenue Sidi Mohamed Ben Abdellah,46000,32.2936092,-9.2347085,,,,Mo-Su 06:00-23:00,[],['Outdoor Seating'],,,,,,,,yes,,,,,2026-07-14T18:29:13.099425,"{'addr:city': 'SAFI', 'addr:postcode': '46000', 'addr:street': 'Avenue Sidi Mohamed Ben Abdellah', 'amenity': 'cafe', 'internet_access': 'yes', 'internet_access:fee': 'customers', 'internet_access:ssid': 'oukaimden', 'name': 'boulangerie & patisserie OUKAIMDEN', 'name:ar': 'مقهى و حلويات اوكيمدن', 'opening_hours': 'Mo-Su 06:00-23:00', 'outdoor_seating': 'yes'}"
OpenStreetMap,node,8957889046,osm_node_8957889046,Cafe Alyassamine,,,Morocco,Safi,,,,32.3210051,-9.2302843,,,,,"['regional', 'coffee_shop']",['Outdoor Seating'],,,,,,,,,,,,,2026-07-14T18:29:13.099442,"{'amenity': 'cafe', 'cuisine': 'regional;coffee_shop', 'name': 'Cafe Alyassamine', 'outdoor_seating': 'yes'}"
OpenStreetMap,node,9261695816,osm_node_9261695816,Café Mzoughen,,,Morocco,Safi,,,,32.324998,-9.2318534,,,,,[],[],,,,,,,,,,,,,2026-07-14T18:29:13.099454,"{'amenity': 'cafe', 'name': 'Café Mzoughen'}"
OpenStreetMap,node,9262950762,osm_node_9262950762,Café Ocean,,,Morocco,Safi,,,,32.3231208,-9.2588919,+212524667766,,,,[],[],,,,,,,,,,,,,2026-07-14T18:29:13.099467,"{'amenity': 'restaurant', 'name': 'Café Ocean', 'phone': '+212 5 24 66 77 66'}"
OpenStreetMap,node,11063121405,osm_node_11063121405,Calypso Medina,,,Morocco,Safi,,كرنيش آسفي,46000,32.2926452,-9.2452191,,,,,[],[],,,,,,,,,,,,,2026-07-14T18:29:13.099483,"{'addr:postcode': '46000', 'addr:street': 'كرنيش آسفي', 'amenity': 'restaurant', 'name': 'Calypso Medina'}"
OpenStreetMap,node,11799193811,osm_node_11799193811,wzanifood,wzanifood,,Morocco,Safi,,Avenue Ennasr شارع النصر,46000,32.3175365,-9.2286801,+212660872989,https://www.instagram.com/wzanifood?igsh=OHBsZmF5dml6cWho,wzanifood@gmail.com,24/7,"['fast_food', 'pizza', 'burger', 'tacos']",[],,,,https://www.facebook.com/profile.php?id=61555486837415&mibextid=LQQJ4d,,,,,,,,,2026-07-14T18:29:13.099681,"{'addr:city': 'Safi', 'addr:postcode': '46000', 'addr:street': 'Avenue Ennasr شارع النصر', 'amenity': 'restaurant', 'brand': 'wzanifood', 'contact:facebook': 'https://www.facebook.com/profile.php?id=61555486837415&mibextid=LQQJ4d', 'cuisine': 'fast_food;pizza;burger;tacos', 'diet:halal': 'yes', 'email': 'wzanifood@gmail.com', 'name': 'wzanifood', 'opening_hours': '24/7', 'phone': '+212 6 60 87 29 89', 'website': 'https://www.instagram.com/wzanifood?igsh=OHBsZmF5dml6cWho'}"
OpenStreetMap,node,12616329372,osm_node_12616329372,L'îlot Châtain,,,Morocco,Safi,,,,32.3230101,-9.2585818,,,,,[],[],,,,,,,,,,,,,2026-07-14T18:29:13.099705,"{'amenity': 'cafe', 'name': ""L'îlot Châtain""}"
OpenStreetMap,node,13248556502,osm_node_13248556502,,,,Morocco,Safi,,,,32.2956769,-9.2441952,,,,,[],[],,,,,,,,,,,,,2026-07-14T18:29:13.099723,"{'amenity': 'restaurant', 'name:fr': 'Le Rooftop'}"
OpenStreetMap,node,13672013274,osm_node_13672013274,Mouchoirs fish,,,Morocco,Safi,,,,32.3091987,-9.241233,,,,,[],[],,,,,,,,,,,,,2026-07-14T18:29:13.099743,"{'amenity': 'restaurant', 'name': 'Mouchoirs fish'}"
OpenStreetMap,node,13690945283,osm_node_13690945283,Cafe des Rempapts,,,Morocco,Safi,,,,32.2988428,-9.2429271,,,,,[],['Outdoor Seating'],,,,,,,,,,,,,2026-07-14T18:29:13.099769,"{'amenity': 'cafe', 'name': 'Cafe des Rempapts', 'outdoor_seating': 'yes'}"
OpenStreetMap,node,13691000421,osm_node_13691000421,,,,Morocco,Safi,,,,32.2956895,-9.2431866,,,,,[],[],,,,,,,,,,,,,2026-07-14T18:29:13.099785,{'amenity': 'fast_food'}
OpenStreetMap,node,13788171108,osm_node_13788171108,Pizzeria street,,,Morocco,Safi,,,,32.282465,-9.231894,,,,,[],[],,,,,,,,,,,,,2026-07-14T18:29:13.099798,"{'amenity': 'restaurant', 'name': 'Pizzeria street'}"
OpenStreetMap,node,13788171202,osm_node_13788171202,مقهى ياسمين,,,Morocco,Safi,,,,32.281575,-9.23427,,,,,[],[],,,,,,,,,,,,,2026-07-14T18:29:13.099811,"{'amenity': 'cafe', 'name': 'مقهى ياسمين'}"
OpenStreetMap,node,13788171501,osm_node_13788171501,Café France,,,Morocco,Safi,,,,32.291007,-9.242887,,,,,[],[],,,,,,,,,,,,,2026-07-14T18:29:13.099823,"{'amenity': 'cafe', 'name': 'Café France'}"
OpenStreetMap,way,289368719,osm_way_289368719,Avocat,,,Morocco,Safi,,rue ibn battouta,46000,32.2954441,-9.2280465,,,,,['regional'],[],,,,,,,,,no,,,,2026-07-14T18:29:13.099851,"{'addr:city': 'safi', 'addr:postcode': '46000', 'addr:street': 'rue ibn battouta', 'amenity': 'cafe', 'cuisine': 'regional', 'name': 'Avocat', 'smoking': 'no'}"
OpenStreetMap,way,1292165883,osm_way_1292165883,Cappucino Café & Restaurant,,,Morocco,Safi,,Sidi Bouzid,46030,32.3228356,-9.2582315,+212693239874,https://le-menu.ma/fr/safi/cappuccino?utm_source=cappuccino__safi&utm_medium=openstreetmap&utm_campaign=Open+Street+Map,,Mo-Su 06:00-23:00,"['coffee_shop', 'pizza', 'sushi', 'regional', 'chicken', 'seafood', 'juice', 'cake', 'dessert']",['Outdoor Seating'],,,,,,,,wlan,,,,,2026-07-14T18:29:13.099905,"{'addr:city': 'Safi آسفي', 'addr:postcode': '46030', 'addr:street': 'Sidi Bouzid', 'amenity': 'cafe', 'building': 'yes', 'cuisine': 'coffee_shop;pizza;sushi;regional;chicken;seafood;juice;cake;dessert', 'internet_access': 'wlan', 'internet_access:fee': 'no', 'name': 'Cappucino Café & Restaurant', 'opening_hours': 'Mo-Su 06:00-23:00', 'outdoor_seating': 'yes', 'phone': '+212 6 93 23 98 74', 'website': 'https://le-menu.ma/fr/safi/cappuccino?utm_source=cappuccino__safi&utm_medium=openstreetmap&utm_campaign=Open+Street+Map'}"
OpenStreetMap,node,2580091515,osm_node_2580091515,Cafe du Nord,,,Morocco,Nador,,,,35.1616279,-2.9305203,,,,,[],[],,,,,,,,wlan,,,,,2026-07-14T18:29:25.411679,"{'addr:city': 'nador', 'addr:housename': 'Al adouaa,Al akdam', 'amenity': 'cafe', 'internet_access': 'wlan', 'name': 'Cafe du Nord', 'name:es': 'Café del Norte'}"
OpenStreetMap,node,4739696224,osm_node_4739696224,Café Molen,,,Morocco,Nador,,,,35.152802,-2.9259108,,,,,[],[],,,,,,,,,,,,,2026-07-14T18:29:25.411711,"{'addr:city': 'الناظور', 'amenity': 'cafe', 'name': 'Café Molen', 'name:ar': 'مقهى مولن', 'name:fr': 'Café Molen'}"
OpenStreetMap,node,4739733621,osm_node_4739733621,,,,Morocco,Nador,,,,35.1551958,-2.9227396,,,,,[],[],,,,,,,,,,,,,2026-07-14T18:29:25.411733,"{'amenity': 'cafe', 'name:en': 'Perla Nera'}"
OpenStreetMap,node,4739788524,osm_node_4739788524,Sélect,,,Morocco,Nador,,,,35.1529572,-2.9232695,,,,,[],[],,,,,,,,,,,,,2026-07-14T18:29:25.411751,"{'addr:city': 'الناظور', 'amenity': 'cafe', 'name': 'Sélect', 'name:ar': 'الحدد', 'name:fr': 'Sélect'}"
OpenStreetMap,node,4938578139,osm_node_4938578139,,,,Morocco,Nador,,,,35.1539113,-2.9240999,,,,,[],[],,,,,,,,,,,,,2026-07-14T18:29:25.411766,"{'amenity': 'cafe', 'name:en': 'Ossiano'}"
OpenStreetMap,node,5198018615,osm_node_5198018615,Canaria,,,Morocco,Nador,,,,35.1749311,-2.9225659,,,,,['seafood'],[],,,,,,,,,,,,,2026-07-14T18:29:25.411790,"{'amenity': 'restaurant', 'cuisine': 'seafood', 'name': 'Canaria'}"
OpenStreetMap,node,5198018618,osm_node_5198018618,Cafe Palace,,,Morocco,Nador,,,,35.1744294,-2.9221428,,,,,[],['Outdoor Seating'],,,,,,,,,,,,,2026-07-14T18:29:25.411811,"{'amenity': 'cafe', 'name': 'Cafe Palace', 'outdoor_seating': 'yes'}"
OpenStreetMap,node,5198021231,osm_node_5198021231,Victoria فيكتوريا,,,Morocco,Nador,,,,35.1746921,-2.9223942,,,,,[],['Outdoor Seating'],,,,,,,,no,,,,,2026-07-14T18:29:25.411829,"{'addr:city': 'الناظور', 'amenity': 'restaurant', 'internet_access': 'no', 'name': 'Victoria فيكتوريا', 'name:ar': 'فيكتوريا', 'name:es': 'Victoria', 'name:fr': 'Victoria', 'outdoor_seating': 'yes'}"
OpenStreetMap,node,5198021233,osm_node_5198021233,,,,Morocco,Nador,,,,35.1763287,-2.9234864,,,,,[],[],,,,,,,,,,,,,2026-07-14T18:29:25.411844,{'amenity': 'cafe'}
OpenStreetMap,node,5198021236,osm_node_5198021236,Café Riad,,,Morocco,Nador,,,,35.1745832,-2.9223397,,,,,[],['Outdoor Seating'],,,,,,,,,,,,,2026-07-14T18:29:25.411862,"{'amenity': 'cafe', 'name': 'Café Riad', 'name:ar': 'مقهى الرياض', 'name:es': 'Café Riad', 'outdoor_seating': 'yes'}"
OpenStreetMap,node,5198021238,osm_node_5198021238,Milmo,,,Morocco,Nador,,,,35.1774446,-2.924891,,,,,"['ice_cream', 'pizza']",['Takeaway'],,,,,,,,,,,,,2026-07-14T18:29:25.411877,"{'amenity': 'restaurant', 'cuisine': 'ice_cream;pizza', 'name': 'Milmo', 'takeaway': 'yes'}"
OpenStreetMap,node,5200384249,osm_node_5200384249,Blanco & Negro بلانكو ونيغرو,,,Morocco,Nador,,,,35.1724006,-2.9200954,,,,,"['ice_cream', 'pizza']",['Outdoor Seating'],,,,,,,,,,,,,2026-07-14T18:29:25.411892,"{'addr:city': 'الناظور', 'amenity': 'restaurant', 'cuisine': 'ice_cream;pizza', 'name': 'Blanco & Negro بلانكو ونيغرو', 'name:ar': 'بلانكو ونيغرو', 'name:en': 'Blanco & Negro', 'name:fr': 'Blanco & Negro', 'outdoor_seating': 'yes'}"
OpenStreetMap,node,5200384251,osm_node_5200384251,Restauration rapide de la mosquée,,,Morocco,Nador,,,,35.170405,-2.9193125,,,,,[],['Takeaway'],,,,,,,,,,,,,2026-07-14T18:29:25.411906,"{'addr:city': 'الناظور', 'amenity': 'fast_food', 'name': 'Restauration rapide de la mosquée', 'name:ar': 'وجبة خفيفة المسجد', 'name:fr': 'Restauration rapide de la mosquée', 'takeaway': 'yes'}"
OpenStreetMap,node,5200384252,osm_node_5200384252,Bella Italia,,,Morocco,Nador,,,,35.1723777,-2.9270094,,,,,[],[],,,,,,,,,,,,,2026-07-14T18:29:25.411917,"{'amenity': 'restaurant', 'name': 'Bella Italia'}"
OpenStreetMap,node,5200384253,osm_node_5200384253,Marbella,,,Morocco,Nador,,,,35.1713933,-2.928498,,,,,"['fish', 'kebab', 'pizza', 'sandwich']","['Takeaway', 'Outdoor Seating']",,,,,,,,,,,,,2026-07-14T18:29:25.411931,"{'amenity': 'fast_food', 'cuisine': 'fish;kebab;pizza;sandwich', 'name': 'Marbella', 'outdoor_seating': 'yes', 'takeaway': 'yes'}"
OpenStreetMap,node,5200384271,osm_node_5200384271,O'Delices,,,Morocco,Nador,,,,35.1712166,-2.928814,,,,,"['burger', 'coffee_shop', 'sandwich']",[],,,,,,,,,,,,,2026-07-14T18:29:25.411944,"{'amenity': 'fast_food', 'cuisine': 'burger;coffee_shop;sandwich', 'name': ""O'Delices""}"
OpenStreetMap,node,5200384272,osm_node_5200384272,Norsal,,,Morocco,Nador,,,,35.1662091,-2.9287259,,,,,"['pizza', 'seafood', 'spanish']",['Outdoor Seating'],,,,,,,,wlan,,,,,2026-07-14T18:29:25.411959,"{'amenity': 'restaurant', 'cuisine': 'pizza;seafood;spanish', 'internet_access': 'wlan', 'internet_access:fee': 'no', 'name': 'Norsal', 'outdoor_seating': 'yes'}"
OpenStreetMap,node,5200384273,osm_node_5200384273,Gran Canaria,,,Morocco,Nador,,,,35.1724271,-2.9268788,,,,,[],[],,,,,,,,,,,,,2026-07-14T18:29:25.411971,"{'amenity': 'restaurant', 'name': 'Gran Canaria'}"
OpenStreetMap,node,5347880436,osm_node_5347880436,مقهى سيدني,,,Morocco,Nador,,,,35.1499546,-2.9270799,,,,,[],[],,,,,,,,,,,,,2026-07-14T18:29:25.411983,"{'addr:city': 'الناظور', 'amenity': 'cafe', 'name': 'مقهى سيدني', 'name:ar': 'مقهى سيدني'}"
OpenStreetMap,node,5347880439,osm_node_5347880439,مقهى مدقة الزهرة,,,Morocco,Nador,,,,35.148685,-2.9246092,,,,,[],[],,,,,,,,,,,,,2026-07-14T18:29:25.411994,"{'addr:city': 'الناظور', 'amenity': 'cafe', 'name': 'مقهى مدقة الزهرة', 'name:ar': 'مقهى مدقة الزهرة'}"
OpenStreetMap,node,5347880441,osm_node_5347880441,روكا نيغرا,,,Morocco,Nador,,,,35.145875,-2.9214629,,,,,[],[],,,,,,,,,,,,,2026-07-14T18:29:25.412006,"{'addr:city': 'الناظور', 'amenity': 'restaurant', 'name': 'روكا نيغرا', 'name:ar': 'روكا نيغرا', 'name:es': 'Roca Negra'}"
OpenStreetMap,node,5347880442,osm_node_5347880442,Plateau d'Or,,,Morocco,Nador,,,,35.1534418,-2.9193821,,,,,[],[],,,,,,,,,,,,,2026-07-14T18:29:25.412017,"{'addr:city': 'الناظور', 'amenity': 'restaurant', 'name': ""Plateau d'Or"", 'name:ar': 'الطبق الذهبي', 'name:es': 'El Plato de Oro', 'name:fr': ""Plateau d'Or""}"
OpenStreetMap,node,5347880443,osm_node_5347880443,مقهى لافازا,,,Morocco,Nador,,,,35.1531732,-2.9206512,,,,,[],[],,,,,,,,,,,,,2026-07-14T18:29:25.412029,"{'addr:city': 'الناظور', 'amenity': 'cafe', 'name': 'مقهى لافازا', 'name:ar': 'مقهى لافازا', 'name:es': 'Café Lavazza', 'name:fr': 'Café Lavazza'}"
OpenStreetMap,node,5362319891,osm_node_5362319891,Café du Zénith,,,Morocco,Nador,,,,35.1673202,-2.9174644,,,,,[],[],,,,,,,,,,,,,2026-07-14T18:29:25.412040,"{'addr:city': 'الناظور', 'amenity': 'cafe', 'name': 'Café du Zénith', 'name:ar': 'مقهى زينيث', 'name:fr': 'Café du Zénith'}"
OpenStreetMap,node,5362319892,osm_node_5362319892,مقهى مدريد,,,Morocco,Nador,,,,35.1672269,-2.9176556,,,,,[],[],,,,,,,,,,,,,2026-07-14T18:29:25.412052,"{'addr:city': 'الناظور', 'amenity': 'cafe', 'name': 'مقهى مدريد', 'name:ar': 'مقهى مدريد', 'name:es': 'Café Madrid'}"
OpenStreetMap,node,5891358286,osm_node_5891358286,,,,Morocco,Nador,,,,35.178764,-2.9224962,,,,,[],[],,,,,,,,,,,,,2026-07-14T18:29:25.412062,{'amenity': 'cafe'}
OpenStreetMap,node,6017556865,osm_node_6017556865,The Box Club Cafe,,,Morocco,Nador,,Avenue Des FAR شارع الجيش الملكي,62005,35.1716218,-2.9280244,,,,Mo-Su 15:00-02:00,"['coffee_shop', 'ice_cream', 'pizza']",['Outdoor Seating'],,,,,,,,public,yes,,,,2026-07-14T18:29:25.412085,"{'addr:city': 'NADOR', 'addr:housenumber': '231', 'addr:postcode': '62005', 'addr:street': 'Avenue Des FAR شارع الجيش الملكي', 'amenity': 'cafe', 'cuisine': 'coffee_shop;ice_cream;pizza', 'internet_access': 'public', 'internet_access:fee': 'yes', 'name': 'The Box Club Cafe', 'note': 'THE BOX POOL CAFE CLUB', 'opening_hours': 'Mo-Su 15:00-02:00', 'outdoor_seating': 'yes', 'smoking': 'yes'}"
OpenStreetMap,node,8326257115,osm_node_8326257115,restaurant Marhaba,,,Morocco,Nador,,Rue Ibn Rouchd زنقة ابن رشد,,35.1788313,-2.9277188,+212536603311,,,,"['international', 'fruit_de_mer']",[],,,,,,,,,,,,,2026-07-14T18:29:25.412104,"{'addr:city': 'Nador الناظور', 'addr:housenumber': '2', 'addr:street': 'Rue Ibn Rouchd زنقة ابن رشد', 'amenity': 'restaurant', 'cuisine': 'international;fruit_de_mer', 'fixme': 'restaurant Marhaba', 'name': 'restaurant Marhaba', 'phone': '+212 5 36 60 33 11'}"
OpenStreetMap,node,9682989325,osm_node_9682989325,Casa Juanito,,,Morocco,Nador,,,62000,35.1543873,-2.9112082,+212536380500,,,12:00-02:00,[],[],,,,https://facebook.com/pages/category/Seafood-Restaurant/Casa-Juanito-Nador-718066638307752,,,,,,,,,2026-07-14T18:29:25.412143,"{'addr:city': 'Nador الناظور', 'addr:city:ar': 'الناظور', 'addr:city:es': 'Nador', 'addr:postcode': '62000', 'amenity': 'restaurant', 'contact:facebook': 'https://facebook.com/pages/category/Seafood-Restaurant/Casa-Juanito-Nador-718066638307752', 'long_name': 'Restaurante Casa Juanito Nador', 'long_name:es': 'Restaurante Casa Juanito Nador', 'name': 'Casa Juanito', 'name:es': 'Casa Juanito', 'opening_hours': '12:00-02:00', 'phone': '+212 5 36 38 05 00'}"
OpenStreetMap,node,9682989326,osm_node_9682989326,Gran Rif,,,Morocco,Nador,,Bulevar Gran Rif,62000,35.1546307,-2.9116856,,,,,[],[],,,,,,,,,,,,,2026-07-14T18:29:25.412159,"{'addr:city': 'Nador الناظور', 'addr:city:ar': 'الناظور', 'addr:city:es': 'Nador', 'addr:postcode': '62000', 'addr:street': 'Bulevar Gran Rif', 'addr:street:es': 'Bulevar Gran Rif', 'amenity': 'restaurant', 'name': 'Gran Rif', 'name:es': 'Gran Rif'}"
OpenStreetMap,node,9682989327,osm_node_9682989327,Café Gran Vía,,,Morocco,Nador,,,,35.1547053,-2.9078233,+212536382819,,,,['pizza'],[],,,,,,,,,,,,,2026-07-14T18:29:25.412174,"{'addr:city': 'Nador الناظور', 'addr:city:ar': 'الناظور', 'addr:city:es': 'Nador', 'amenity': 'restaurant', 'cuisine': 'pizza', 'name': 'Café Gran Vía', 'name:es': 'Café Gran Vía', 'phone': '+212 5 36 38 28 19'}"
OpenStreetMap,node,9780119076,osm_node_9780119076,Snack day,,,Morocco,Nador,,,,35.1548471,-2.9113334,,,,,[],[],,,,,,,,,,,,,2026-07-14T18:29:25.412185,"{'amenity': 'fast_food', 'description': 'Fast food kiosk', 'name': 'Snack day'}"
OpenStreetMap,node,9780209288,osm_node_9780209288,Café Novo Class,,,Morocco,Nador,,Hay Essaada,,35.1489474,-2.9094359,+212536382095,,,,[],[],,,,,,,,,,,,,2026-07-14T18:29:25.412201,"{'addr:street': 'Hay Essaada', 'amenity': 'cafe', 'description': 'Café attached to a hotel', 'name': 'Café Novo Class', 'phone': '+212 5 36 38 20 95'}"
OpenStreetMap,node,9920482983,osm_node_9920482983,McDonald's,McDonald's,,Morocco,Nador,,,,35.187217,-2.9257858,,,,,['burger'],['Takeaway'],,,,,,,,wlan,,,,,2026-07-14T18:29:25.412216,"{'amenity': 'fast_food', 'brand': ""McDonald's"", 'brand:ar': 'ماكدونالدز', 'brand:fr': ""McDonald's"", 'brand:wikidata': 'Q38076', 'brand:wikipedia': ""fr:McDonald's"", 'cuisine': 'burger', 'internet_access': 'wlan', 'name': ""McDonald's"", 'name:ar': 'ماكدونالدز', 'name:fr': ""McDonald's"", 'takeaway': 'yes'}"
OpenStreetMap,node,10012456376,osm_node_10012456376,Ice House,,,Morocco,Nador,,,,35.1681848,-2.9455103,,,,,[],[],,,,,,,,,,,,,2026-07-14T18:29:25.412227,"{'amenity': 'restaurant', 'name': 'Ice House'}"
OpenStreetMap,node,10049250961,osm_node_10049250961,Los Pollos Hermanos,,,Morocco,Nador,,,,35.1711372,-2.9291776,,,,,['chicken'],[],,,,,,,,,,,,,2026-07-14T18:29:25.412239,"{'amenity': 'restaurant', 'cuisine': 'chicken', 'name': 'Los Pollos Hermanos', 'name:es': 'Los Pollos Hermanos'}"
OpenStreetMap,node,10981323809,osm_node_10981323809,,,,Morocco,Nador,,,,35.2045516,-2.913293,,,,,[],[],,,,,,,,,,,,,2026-07-14T18:29:25.412249,"{'amenity': 'bar', 'name:en': 'Tourisme- Hotel Mrchiga'}"
OpenStreetMap,node,11299670675,osm_node_11299670675,Restaurant Salpicon,,,Morocco,Nador,,QT ALMATAR RAZAN IMMEUBLE OUCHEN,,35.1528448,-2.9110183,+212536383795,https://www.instagram.com/RESTAURANT.SALPICON/,,12-00,"['italian', 'spanish', 'fish']",[],,,,,,,,,,,,,2026-07-14T18:29:25.412275,"{'addr:city': 'Nador الناظور', 'addr:housenumber': '04', 'addr:street': 'QT ALMATAR RAZAN IMMEUBLE OUCHEN', 'amenity': 'restaurant', 'cuisine': 'italian;spanish;fish', 'name': 'Restaurant Salpicon', 'name:en': 'Salpicon', 'opening_hours': '12-00', 'phone': '+212 5 36 38 37 95', 'website': 'https://www.instagram.com/RESTAURANT.SALPICON/'}"
OpenStreetMap,node,11904862453,osm_node_11904862453,,,,Morocco,Nador,,,,35.1745879,-2.9195351,,,,,[],[],,,,,,,,,,,,,2026-07-14T18:29:25.412285,{'amenity': 'cafe'}
OpenStreetMap,node,11907336069,osm_node_11907336069,Café Halli,,,Morocco,Nador,,,,35.17077,-2.9325039,,,,,[],[],,,,,,,,,,,,,2026-07-14T18:29:25.412297,"{'amenity': 'cafe', 'name': 'Café Halli'}"
OpenStreetMap,node,11907336169,osm_node_11907336169,Restaurant syrien,,,Morocco,Nador,,,,35.1729074,-2.9242705,,,,,[],[],,,,,,,,,,,,,2026-07-14T18:29:25.412308,"{'amenity': 'restaurant', 'name': 'Restaurant syrien'}"
OpenStreetMap,node,11908265593,osm_node_11908265593,Café Everest,,,Morocco,Nador,,,,35.1744883,-2.9223797,,,,,[],[],,,,,,,,,,,,,2026-07-14T18:29:25.412319,"{'amenity': 'cafe', 'name': 'Café Everest'}"
OpenStreetMap,node,11911062342,osm_node_11911062342,L'Artiste,,,Morocco,Nador,,,,35.1637996,-2.9085425,,,,Mo-Su 07:00-24:00,[],[],,,,https://www.facebook.com/lartiste.ca100bon/,,,,,,,,,2026-07-14T18:29:25.412337,"{'amenity': 'restaurant', 'contact:email': 'lartisteca100bon@gmail.com', 'contact:facebook': 'https://www.facebook.com/lartiste.ca100bon/', 'contact:phone': '+212 5 36 33 37 71', 'contact:website': 'https://l-artiste.ma/', 'name': ""L'Artiste"", 'opening_hours': 'Mo-Su 07:00-24:00'}"
OpenStreetMap,node,12518499603,osm_node_12518499603,,,,Morocco,Nador,,,,35.1731742,-2.9159568,,,,,[],[],,,,,,,,,,,,,2026-07-14T18:29:25.412347,{'amenity': 'restaurant'}
OpenStreetMap,node,12518499604,osm_node_12518499604,,,,Morocco,Nador,,,,35.173354,-2.9158281,,,,,[],[],,,,,,,,,,,,,2026-07-14T18:29:25.412357,{'amenity': 'restaurant'}
OpenStreetMap,node,12903226769,osm_node_12903226769,Cherry & Berry,,,Morocco,Nador,,,,35.1730952,-2.9153527,,,,,[],[],,,,,,,,,,,,,2026-07-14T18:29:25.412368,"{'amenity': 'cafe', 'name': 'Cherry & Berry'}"
OpenStreetMap,node,12903226843,osm_node_12903226843,Mina Rosita,,,Morocco,Nador,,,,35.1524663,-2.9157704,,,,"Mo-Su 00:00-01:00,07:00-24:00",[],"['Takeaway', 'Wheelchair Accessible']",,,,,https://www.instagram.com/​minarosita_restaurant/,,,,,,,,2026-07-14T18:29:25.412941,"{'amenity': 'cafe', 'contact:instagram': 'https://www.instagram.com/\u200bminarosita_restaurant/', 'contact:phone': '+212 8 08 67 26 87', 'name': 'Mina Rosita', 'opening_hours': 'Mo-Su 00:00-01:00,07:00-24:00', 'takeaway': 'yes', 'wheelchair': 'yes'}"
OpenStreetMap,node,12991123502,osm_node_12991123502,,,,Morocco,Nador,,,,35.1784259,-2.92667,,,,,[],[],,,,,,,,,,,,,2026-07-14T18:29:25.412955,{'amenity': 'cafe'}
OpenStreetMap,node,12991123601,osm_node_12991123601,,,,Morocco,Nador,,,,35.1784855,-2.9265278,,,,,[],[],,,,,,,,,,,,,2026-07-14T18:29:25.412965,{'amenity': 'cafe'}
OpenStreetMap,node,12991123701,osm_node_12991123701,,,,Morocco,Nador,,,,35.1783128,-2.9265921,,,,,[],[],,,,,,,,,,,,,2026-07-14T18:29:25.412974,{'amenity': 'cafe'}
OpenStreetMap,node,13566791701,osm_node_13566791701,,,,Morocco,Nador,,,,35.1775231,-2.9247209,,,,,[],[],,,,,,,,,,,,,2026-07-14T18:29:25.412983,{'amenity': 'restaurant'}
OpenStreetMap,node,13570374101,osm_node_13570374101,,,,Morocco,Nador,,,,35.1784654,-2.9236452,,,,,[],[],,,,,,,,,,,,,2026-07-14T18:29:25.412992,{'amenity': 'restaurant'}
OpenStreetMap,node,13587384401,osm_node_13587384401,Las Belgas,,,Morocco,Nador,,,,35.1789717,-2.9220735,,,,,"['burger', 'ice_cream', 'moroccan', 'pizza']",[],,,,,,,,,,,,,2026-07-14T18:29:25.413009,"{'amenity': 'restaurant', 'check_date': '2026-02-18', 'cuisine': 'burger;ice_cream;moroccan;pizza', 'name': 'Las Belgas'}"
OpenStreetMap,node,13765630301,osm_node_13765630301,Snack Bal Bal,,,Morocco,Nador,,,,35.185711,-2.9252211,,,,,[],[],,,,,,,,,,,,,2026-07-14T18:29:25.413020,"{'amenity': 'restaurant', 'name': 'Snack Bal Bal'}"
OpenStreetMap,node,13765630302,osm_node_13765630302,Crunchito,,,Morocco,Nador,,,,35.181132,-2.924235,,,,,[],[],,,,,,,,,,,,,2026-07-14T18:29:25.413030,"{'amenity': 'restaurant', 'name': 'Crunchito'}"
OpenStreetMap,node,13765630303,osm_node_13765630303,Snack El Ma3icha,,,Morocco,Nador,,,,35.180886,-2.924287,,,,Tu-Su 09:00-00:00; Mo 09:00-00:30,[],[],,,,,,,,,,,,,2026-07-14T18:29:25.413043,"{'amenity': 'restaurant', 'name': 'Snack El Ma3icha', 'opening_hours': 'Tu-Su 09:00-00:00; Mo 09:00-00:30'}"
OpenStreetMap,node,13765630304,osm_node_13765630304,Cafe Belgique,,,Morocco,Nador,,,,35.180752,-2.924246,,,,,[],[],,,,,,,,,,,,,2026-07-14T18:29:25.413053,"{'amenity': 'cafe', 'name': 'Cafe Belgique'}"
OpenStreetMap,node,13765630501,osm_node_13765630501,Gelato Nador,,,Morocco,Nador,,,,35.181091,-2.923646,,,,,[],[],,,,,,,,,,,,,2026-07-14T18:29:25.413063,"{'amenity': 'restaurant', 'name': 'Gelato Nador'}"
OpenStreetMap,way,1283797225,osm_way_1283797225,,,,Morocco,Nador,,,,35.1638256,-2.9072096,,,,,[],[],,,,,,,,,,,,,2026-07-14T18:29:25.413073,"{'amenity': 'restaurant', 'building': 'yes'}"
OpenStreetMap,way,1283797226,osm_way_1283797226,,,,Morocco,Nador,,,,35.1637481,-2.907515,,,,,[],[],,,,,,,,,,,,,2026-07-14T18:29:25.413083,"{'amenity': 'restaurant', 'building': 'yes'}"
OpenStreetMap,way,1283797229,osm_way_1283797229,Sushi Box,,,Morocco,Nador,,,,35.1639228,-2.9092238,+212536320972,,,,['sushi'],[],,,,,,,,,,,,,2026-07-14T18:29:25.413099,"{'amenity': 'restaurant', 'building': 'yes', 'cuisine': 'sushi', 'name': 'Sushi Box', 'phone': '+212 5 36 32 09 72'}"
OpenStreetMap,way,1492263606,osm_way_1492263606,,,,Morocco,Nador,,,,35.1527677,-2.910808,,,,,[],[],,,,,,,,,,,,,2026-07-14T18:29:25.413182,"{'amenity': 'restaurant', 'building': 'yes'}"
OpenStreetMap,node,1415786731,osm_node_1415786731,,,,Morocco,El Jadida,,,,33.2563141,-8.5055635,,,,,[],[],,,,,,,,,,,,,2026-07-14T18:29:34.145014,"{'amenity': 'cafe', 'description': 'three shops with one hall: tea, fried fish+veggies, soup+bread'}"
OpenStreetMap,node,2302374765,osm_node_2302374765,L'express café,,,Morocco,El Jadida,,,,33.2583801,-8.5100379,,,,,[],[],,,,,,,,,,,,,2026-07-14T18:29:34.145073,"{'amenity': 'cafe', 'name': ""L'express café""}"
OpenStreetMap,node,2429661216,osm_node_2429661216,,,,Morocco,El Jadida,,,,33.2439198,-8.4883865,,,,,['coffee_shop'],[],,,,,,,,,,,,,2026-07-14T18:29:34.145116,"{'amenity': 'cafe', 'cuisine': 'coffee_shop'}"
OpenStreetMap,node,2429661325,osm_node_2429661325,Ali Baba,,,Morocco,El Jadida,,,,33.2438658,-8.4887894,,,,,['french'],['Outdoor Seating'],,,,,,,,,yes,yes,,,2026-07-14T18:29:34.145160,"{'amenity': 'restaurant', 'cuisine': 'french', 'indoor_seating': 'yes', 'level': '1', 'name': 'Ali Baba', 'outdoor_seating': 'yes', 'payment:cards': 'yes', 'payment:cash': 'yes', 'payment:qr_code': 'no', 'reservation': 'yes', 'smoking': 'yes', 'wheelchair': 'no'}"
OpenStreetMap,node,4428807291,osm_node_4428807291,Café FALORA,,,Morocco,El Jadida,,,,33.2508245,-8.5320497,,,,,[],[],,,,,,,,wlan,,,,,2026-07-14T18:29:34.145197,"{'amenity': 'cafe', 'internet_access': 'wlan', 'name': 'Café FALORA', 'name:fr': 'Café FALORA'}"
OpenStreetMap,node,4570852089,osm_node_4570852089,MODHILA,,,Morocco,El Jadida,,,,33.2290005,-8.5007341,,,,,[],[],,,,,,,,,,,,,2026-07-14T18:29:34.145220,"{'amenity': 'cafe', 'name': 'MODHILA', 'name:fr': 'MODHILA'}"
OpenStreetMap,node,4758689221,osm_node_4758689221,,,,Morocco,El Jadida,,,,33.2536814,-8.5026094,,,,,['moroccan'],[],,,,,,,,,,,,,2026-07-14T18:29:34.145239,"{'amenity': 'restaurant', 'cuisine': 'moroccan', 'name:en': 'Snack Elbraija'}"
OpenStreetMap,node,5281953427,osm_node_5281953427,,,,Morocco,El Jadida,,,,33.2561257,-8.5043797,,,,,[],[],,,,,,,,,,,,,2026-07-14T18:29:34.145262,{'amenity': 'cafe'}
OpenStreetMap,node,5427000808,osm_node_5427000808,Restaurant Le Tit,,,Morocco,El Jadida,,,,33.2512385,-8.5016367,,,,,[],[],,,,,,,,,,,,,2026-07-14T18:29:34.145289,"{'amenity': 'restaurant', 'name': 'Restaurant Le Tit', 'name:fr': 'Restaurant Le Tit'}"
OpenStreetMap,node,5689173762,osm_node_5689173762,Cafe Pizzeria Cavalca,,,Morocco,El Jadida,,Avenue Mohammed VI,,33.2448903,-8.495248,,,,,[],[],,,,,,,,,,,,,2026-07-14T18:29:34.145312,"{'addr:street': 'Avenue Mohammed VI', 'amenity': 'restaurant', 'name': 'Cafe Pizzeria Cavalca', 'source': 'Kaart Ground Survey 2018'}"
OpenStreetMap,node,5689173783,osm_node_5689173783,Whatsapp Food,,,Morocco,El Jadida,,Rue Al Amal,,33.2433144,-8.4978712,,,,,[],[],,,,,,,,,,,,,2026-07-14T18:29:34.145334,"{'addr:street': 'Rue Al Amal', 'amenity': 'fast_food', 'name': 'Whatsapp Food', 'source': 'Kaart Ground Survey 2018'}"
OpenStreetMap,node,5689173815,osm_node_5689173815,Cafe Glacier Chams,,,Morocco,El Jadida,,Rue Abdelkader Ben Driga,,33.2471346,-8.4973535,,,,,[],[],,,,,,,,,,,,,2026-07-14T18:29:34.145356,"{'addr:street': 'Rue Abdelkader Ben Driga', 'amenity': 'cafe', 'name': 'Cafe Glacier Chams', 'source': 'Kaart Ground Survey 2018'}"
OpenStreetMap,node,5691213383,osm_node_5691213383,Bien Venue Cafe,,,Morocco,El Jadida,,Avenue Mohammed V,,33.246677,-8.5002387,,,,,[],[],,,,,,,,,,,,,2026-07-14T18:29:34.145377,"{'addr:street': 'Avenue Mohammed V', 'amenity': 'cafe', 'name': 'Bien Venue Cafe', 'source': 'Kaart Ground Survey 2018'}"
OpenStreetMap,node,5691213419,osm_node_5691213419,Espace Palmiers,,,Morocco,El Jadida,,Avenue Mohammed V,,33.2482674,-8.5008055,,,,,[],[],,,,,,,,,,,,,2026-07-14T18:29:34.145396,"{'addr:street': 'Avenue Mohammed V', 'amenity': 'restaurant', 'name': 'Espace Palmiers', 'source': 'Kaart Ground Survey 2018'}"
OpenStreetMap,node,5691213524,osm_node_5691213524,Cafe Dikra,,,Morocco,El Jadida,,Avenue Mohammed V,,33.2477694,-8.5005654,,,,,[],[],,,,,,,,,,,,,2026-07-14T18:29:34.145416,"{'addr:street': 'Avenue Mohammed V', 'amenity': 'cafe', 'name': 'Cafe Dikra', 'source': 'Kaart Ground Survey 2018'}"
OpenStreetMap,node,6145420585,osm_node_6145420585,Le Lokal,,,Morocco,El Jadida,,,,33.2564129,-8.5022374,,,,,[],[],,,,,,,,wlan,,,,,2026-07-14T18:29:34.145435,"{'amenity': 'cafe', 'internet_access': 'wlan', 'name': 'Le Lokal'}"
OpenStreetMap,node,6224969387,osm_node_6224969387,,,,Morocco,El Jadida,,,,33.2303194,-8.5281596,,,,,[],[],,,,,,,,,,,,,2026-07-14T18:29:34.145450,"{'amenity': 'cafe', 'name:fr': 'Plateau'}"
OpenStreetMap,node,6224969389,osm_node_6224969389,,,,Morocco,El Jadida,,,,33.2331698,-8.5296238,,,,,[],[],,,,,,,,,,,,,2026-07-14T18:29:34.145464,"{'amenity': 'cafe', 'name:fr': 'An nakhla'}"
OpenStreetMap,node,6224995985,osm_node_6224995985,,,,Morocco,El Jadida,,,,33.230212,-8.5284282,,,,,[],[],,,,,,,,,,,,,2026-07-14T18:29:34.145478,"{'amenity': 'cafe', 'name:fr': 'Marjana'}"
OpenStreetMap,node,6414903528,osm_node_6414903528,La Portugaise,,,Morocco,El Jadida,,,,33.2561191,-8.5031031,,,,,[],[],,,,,,,,,,,,,2026-07-14T18:29:34.145495,"{'amenity': 'restaurant', 'name': 'La Portugaise', 'name:en': 'La Portugaise'}"
OpenStreetMap,node,6431517386,osm_node_6431517386,,,,Morocco,El Jadida,,,,33.2520138,-8.5027505,,,,,[],[],,,,,,,,,,,,,2026-07-14T18:29:34.145510,"{'amenity': 'restaurant', 'name:en': 'Top snack'}"
OpenStreetMap,node,6431526186,osm_node_6431526186,Snack Bismillah,,,Morocco,El Jadida,,,,33.2558431,-8.5044118,,,,,"['moroccan', 'local']",[],,,,,,,,,,,,,2026-07-14T18:29:34.145530,"{'amenity': 'restaurant', 'cuisine': 'moroccan;local', 'name': 'Snack Bismillah', 'name:en': 'Snack Bismillah'}"
OpenStreetMap,node,6431536485,osm_node_6431536485,,,,Morocco,El Jadida,,,,33.2516279,-8.5025929,,,,,[],[],,,,,,,,,,,,,2026-07-14T18:29:34.145545,"{'amenity': 'restaurant', 'name:en': 'Cafe Restaurant le Français'}"
OpenStreetMap,node,6431536585,osm_node_6431536585,,,,Morocco,El Jadida,,,,33.2517288,-8.5026469,,,,,['chinese'],[],,,,,,,,,,,,,2026-07-14T18:29:34.145562,"{'amenity': 'restaurant', 'cuisine': 'chinese', 'name:en': 'Black boy'}"
OpenStreetMap,node,6689985785,osm_node_6689985785,,,,Morocco,El Jadida,,,,33.2385983,-8.5325791,,,,,[],[],,,,,,,,,,,,,2026-07-14T18:29:34.145577,"{'amenity': 'cafe', 'name:en': 'Café Zina', 'name:fr': 'Café Zina Mare'}"
OpenStreetMap,node,7222747484,osm_node_7222747484,Restaurant du port,,,Morocco,El Jadida,,,,33.2552479,-8.5002314,,,,,[],[],,,,,,,,,,,,,2026-07-14T18:29:34.145595,"{'amenity': 'restaurant', 'name': 'Restaurant du port'}"
OpenStreetMap,node,9469067344,osm_node_9469067344,Mille d'Or,,,Morocco,El Jadida,,,,33.2304437,-8.4845338,,,,,[],[],,,,,,,,,,,,,2026-07-14T18:29:34.145611,"{'amenity': 'cafe', 'name': ""Mille d'Or""}"
OpenStreetMap,node,9469084112,osm_node_9469084112,Adresse House,,,Morocco,El Jadida,,,,33.2293625,-8.4874194,,,,,[],[],,,,,,,,,,,,,2026-07-14T18:29:34.145628,"{'amenity': 'cafe', 'name': 'Adresse House'}"
OpenStreetMap,node,9537118817,osm_node_9537118817,,,,Morocco,El Jadida,,,,33.254105,-8.5013667,,,,,[],[],,,,,,,,,,,,,2026-07-14T18:29:34.145642,{'amenity': 'restaurant'}
OpenStreetMap,node,10034875017,osm_node_10034875017,Café Amira,,,Morocco,El Jadida,,,,33.2523602,-8.5145133,,,,,[],['Outdoor Seating'],,,,,,,,,,,,,2026-07-14T18:29:34.145661,"{'amenity': 'cafe', 'name': 'Café Amira', 'outdoor_seating': 'yes'}"
OpenStreetMap,node,10795479141,osm_node_10795479141,Café Malmo FF,,,Morocco,El Jadida,,,,33.2296382,-8.4932363,,,,,[],[],,,,,,,,,,,,,2026-07-14T18:29:34.145679,"{'alt_name': 'Café Malmö FF', 'amenity': 'cafe', 'name': 'Café Malmo FF'}"
OpenStreetMap,node,11393914387,osm_node_11393914387,Burger King,Burger King,,Morocco,El Jadida,,,,33.2396546,-8.4965032,,,,,['burger'],"['Takeaway', 'Outdoor Seating']",,,,,,,,wlan,,,,,2026-07-14T18:29:34.145704,"{'amenity': 'fast_food', 'brand': 'Burger King', 'brand:wikidata': 'Q177054', 'check_date': '2025-09-17', 'cuisine': 'burger', 'internet_access': 'wlan', 'name': 'Burger King', 'outdoor_seating': 'yes', 'takeaway': 'yes', 'toilets': 'no'}"
OpenStreetMap,node,11393914388,osm_node_11393914388,Shawarma Avenue,,,Morocco,El Jadida,,,,33.2398699,-8.49653,,,,,[],[],,,,,,,,,,,,,2026-07-14T18:29:34.145722,"{'amenity': 'restaurant', 'name': 'Shawarma Avenue'}"
OpenStreetMap,node,11394935909,osm_node_11394935909,Espace Etoile,,,Morocco,El Jadida,,,,33.2251127,-8.5024215,,,,,[],[],,,,,,,,,,,,,2026-07-14T18:29:34.145740,"{'amenity': 'cafe', 'name': 'Espace Etoile'}"
OpenStreetMap,node,11394935910,osm_node_11394935910,Jivara,,,Morocco,El Jadida,,,,33.2251306,-8.5025985,,,,,[],[],,,,,,,,,,,,,2026-07-14T18:29:34.145771,"{'amenity': 'cafe', 'name': 'Jivara'}"
OpenStreetMap,node,11394935916,osm_node_11394935916,Resto House,,,Morocco,El Jadida,,,,33.2247821,-8.5019316,,,,,[],[],,,,,,,,,,,,,2026-07-14T18:29:34.145787,"{'amenity': 'restaurant', 'name': 'Resto House'}"
OpenStreetMap,node,11395891514,osm_node_11395891514,La Falaise,,,Morocco,El Jadida,,,,33.2281368,-8.5044725,,,,,[],[],,,,,,,,,,,,,2026-07-14T18:29:34.145804,"{'amenity': 'cafe', 'name': 'La Falaise'}"
OpenStreetMap,node,11395891525,osm_node_11395891525,Nevada,,,Morocco,El Jadida,,,,33.2281667,-8.5045422,,,,,[],[],,,,,,,,,,,,,2026-07-14T18:29:34.145819,"{'amenity': 'cafe', 'name': 'Nevada'}"
OpenStreetMap,node,11395891565,osm_node_11395891565,Wharsapp Pool,,,Morocco,El Jadida,,,,33.2282856,-8.5054117,,,,,[],[],,,,,,,,,,,,,2026-07-14T18:29:34.145836,"{'amenity': 'restaurant', 'name': 'Wharsapp Pool'}"
OpenStreetMap,node,11395897477,osm_node_11395897477,Paoula,,,Morocco,El Jadida,,,,33.2283582,-8.506659,,,,,[],[],,,,,,,,,,,,,2026-07-14T18:29:34.145852,"{'amenity': 'cafe', 'name': 'Paoula'}"
OpenStreetMap,node,11397671116,osm_node_11397671116,Kalaat Naji,,,Morocco,El Jadida,,,,33.2450178,-8.4954533,,,,,[],[],,,,,,,,,,,,,2026-07-14T18:29:34.145868,"{'amenity': 'restaurant', 'name': 'Kalaat Naji'}"
OpenStreetMap,node,11398909828,osm_node_11398909828,Les Vagues,,,Morocco,El Jadida,,,,33.24736,-8.4948769,,,,,[],[],,,,,,,,,,,,,2026-07-14T18:29:34.145884,"{'amenity': 'cafe', 'name': 'Les Vagues'}"
OpenStreetMap,node,11403481671,osm_node_11403481671,Smiley Beach,,,Morocco,El Jadida,,,,33.2492285,-8.4985537,,,,,[],[],,,,,,,,,,,,,2026-07-14T18:29:34.145901,"{'amenity': 'cafe', 'name': 'Smiley Beach'}"
OpenStreetMap,node,11403481755,osm_node_11403481755,Puccini,,,Morocco,El Jadida,,,,33.24975,-8.4987361,,,,,[],[],,,,,,,,,,,,,2026-07-14T18:29:34.145917,"{'amenity': 'bar', 'name': 'Puccini'}"
OpenStreetMap,node,11414634721,osm_node_11414634721,MM Factory,,,Morocco,El Jadida,,,,33.225461,-8.5014482,,,,,[],[],,,,,,,,,,,,,2026-07-14T18:29:34.145945,"{'amenity': 'restaurant', 'name': 'MM Factory'}"
OpenStreetMap,node,11449368245,osm_node_11449368245,Four Sister,,,Morocco,El Jadida,,,,33.2324548,-8.486292,,,,,[],[],,,,,,,,,,,,,2026-07-14T18:29:34.145961,"{'amenity': 'restaurant', 'name': 'Four Sister'}"
OpenStreetMap,node,11449368246,osm_node_11449368246,102,,,Morocco,El Jadida,,,,33.2322185,-8.486478,,,,,[],[],,,,,,,,,,,,,2026-07-14T18:29:34.145977,"{'amenity': 'cafe', 'name': '102'}"
OpenStreetMap,node,11491738941,osm_node_11491738941,Zenga,,,Morocco,El Jadida,,,,33.2447487,-8.4950806,,,,,[],[],,,,,,,,,,,,,2026-07-14T18:29:34.145993,"{'amenity': 'restaurant', 'name': 'Zenga'}"
OpenStreetMap,node,11492080997,osm_node_11492080997,O'Parc,,,Morocco,El Jadida,,,,33.2468205,-8.4970234,,,,,[],[],,,,,,,,,,,,,2026-07-14T18:29:34.146008,"{'amenity': 'cafe', 'name': ""O'Parc""}"
OpenStreetMap,node,11492108871,osm_node_11492108871,El Khair,,,Morocco,El Jadida,,,,33.2424316,-8.4987839,,,,,[],[],,,,,,,,,,,,,2026-07-14T18:29:34.146024,"{'amenity': 'cafe', 'name': 'El Khair'}"
OpenStreetMap,node,11492108872,osm_node_11492108872,Jawhara,,,Morocco,El Jadida,,,,33.2426141,-8.4979256,,,,,[],[],,,,,,,,,,,,,2026-07-14T18:29:34.146040,"{'amenity': 'cafe', 'name': 'Jawhara'}"
OpenStreetMap,node,11492130144,osm_node_11492130144,Café de La Gare,,,Morocco,El Jadida,,,,33.2446902,-8.4993751,,,,,[],[],,,,,,,,,,,,,2026-07-14T18:29:34.146058,"{'amenity': 'cafe', 'name': 'Café de La Gare'}"
OpenStreetMap,node,11494132671,osm_node_11494132671,L'Araucaria,,,Morocco,El Jadida,,,,33.2473114,-8.497489,,,,,[],[],,,,,,,,,,,,,2026-07-14T18:29:34.146074,"{'amenity': 'restaurant', 'name': ""L'Araucaria""}"
OpenStreetMap,node,11494132672,osm_node_11494132672,Bingo,,,Morocco,El Jadida,,,,33.2469749,-8.4974819,,,,,[],[],,,,,,,,,,,,,2026-07-14T18:29:34.146090,"{'amenity': 'restaurant', 'name': 'Bingo'}"
OpenStreetMap,node,11494790694,osm_node_11494790694,Riad,,,Morocco,El Jadida,,,,33.2487023,-8.5010336,,,,,[],[],,,,,,,,,,,,,2026-07-14T18:29:34.146105,"{'amenity': 'cafe', 'name': 'Riad'}"
OpenStreetMap,node,11494802288,osm_node_11494802288,Oscar,,,Morocco,El Jadida,,,,33.2495192,-8.4995794,,,,,[],[],,,,,,,,,,,,,2026-07-14T18:29:34.146121,"{'amenity': 'cafe', 'name': 'Oscar'}"
OpenStreetMap,node,11508630505,osm_node_11508630505,Snack Lamrissa,,,Morocco,El Jadida,,,,33.2542316,-8.5028258,,,,,[],[],,,,,,,,,,,,,2026-07-14T18:29:34.146138,"{'amenity': 'restaurant', 'name': 'Snack Lamrissa'}"
OpenStreetMap,node,11508630545,osm_node_11508630545,Snack Aymen Marina,,,Morocco,El Jadida,,,,33.2547901,-8.5033591,,,,,[],[],,,,,,,,,,,,,2026-07-14T18:29:34.146155,"{'amenity': 'restaurant', 'name': 'Snack Aymen Marina'}"
OpenStreetMap,node,11508630546,osm_node_11508630546,Tacos de Ville,,,Morocco,El Jadida,,,,33.2547363,-8.5034896,,,,,[],[],,,,,,,,,,,,,2026-07-14T18:29:34.146172,"{'amenity': 'restaurant', 'name': 'Tacos de Ville'}"
OpenStreetMap,node,11508630556,osm_node_11508630556,Snack El Bahri,,,Morocco,El Jadida,,,,33.2546892,-8.5030186,,,,,[],[],,,,,,,,,,,,,2026-07-14T18:29:34.146189,"{'amenity': 'restaurant', 'name': 'Snack El Bahri'}"
OpenStreetMap,node,11508630564,osm_node_11508630564,Snack Al Borj,,,Morocco,El Jadida,,,,33.2548054,-8.5032072,,,,,[],[],,,,,,,,,,,,,2026-07-14T18:29:34.146205,"{'amenity': 'restaurant', 'name': 'Snack Al Borj'}"
OpenStreetMap,node,11510858547,osm_node_11510858547,Lokman,,,Morocco,El Jadida,,,,33.2548782,-8.5041454,,,,,[],[],,,,,,,,,,,,,2026-07-14T18:29:34.146221,"{'amenity': 'cafe', 'name': 'Lokman'}"
OpenStreetMap,node,11522989880,osm_node_11522989880,La Détente,,,Morocco,El Jadida,,,,33.2501519,-8.5038652,,,,,[],[],,,,,,,,,,,,,2026-07-14T18:29:34.146238,"{'amenity': 'cafe', 'name': 'La Détente'}"
OpenStreetMap,node,11522994394,osm_node_11522994394,Luigi,,,Morocco,El Jadida,,,,33.2492173,-8.5049848,,,,,['italian'],[],,,,,,,,,,,,,2026-07-14T18:29:34.146255,"{'amenity': 'restaurant', 'cuisine': 'italian', 'name': 'Luigi'}"
OpenStreetMap,node,11552197044,osm_node_11552197044,Café la Tulibe,,,Morocco,El Jadida,,,,33.2503697,-8.5006182,,,,,[],[],,,,,,,,,,,,,2026-07-14T18:29:34.146273,"{'amenity': 'cafe', 'name': 'Café la Tulibe'}"
OpenStreetMap,node,11771731027,osm_node_11771731027,Dar Atay,,,Morocco,El Jadida,,,,33.2563909,-8.5023244,,,,,[],[],,,,,,,,,,,,,2026-07-14T18:29:34.146290,"{'amenity': 'cafe', 'name': 'Dar Atay'}"
OpenStreetMap,node,11772770039,osm_node_11772770039,Haoua,,,Morocco,El Jadida,,,,33.2561712,-8.5026373,,,,,[],[],,,,,,,,,,,,,2026-07-14T18:29:34.146306,"{'amenity': 'cafe', 'name': 'Haoua'}"
OpenStreetMap,node,11772770260,osm_node_11772770260,Les Kechois,,,Morocco,El Jadida,,,,33.2558556,-8.5028848,,,,,[],[],,,,,,,,,,,,,2026-07-14T18:29:34.146323,"{'amenity': 'restaurant', 'name': 'Les Kechois'}"
OpenStreetMap,node,11805858149,osm_node_11805858149,La Détente,,,Morocco,El Jadida,,,,33.2502844,-8.5040006,,,,,[],[],,,,,,,,,,,,,2026-07-14T18:29:34.146339,"{'amenity': 'cafe', 'name': 'La Détente'}"
OpenStreetMap,node,11812007579,osm_node_11812007579,O'Delice Food,,,Morocco,El Jadida,,,,33.2559895,-8.5042958,,,,,[],[],,,,,,,,,,,,,2026-07-14T18:29:34.146356,"{'amenity': 'restaurant', 'name': ""O'Delice Food""}"
OpenStreetMap,node,12012890763,osm_node_12012890763,Arriadia,,,Morocco,El Jadida,,,,33.2517819,-8.5046571,,,,,[],[],,,,,,,,,,,,,2026-07-14T18:29:34.146372,"{'amenity': 'cafe', 'name': 'Arriadia'}"
OpenStreetMap,node,12012890764,osm_node_12012890764,Nzaha,,,Morocco,El Jadida,,,,33.2516645,-8.5048109,,,,,[],[],,,,,,,,,,,,,2026-07-14T18:29:34.146387,"{'amenity': 'cafe', 'name': 'Nzaha'}"
OpenStreetMap,node,12373789135,osm_node_12373789135,Il Cucina,,,Morocco,El Jadida,,,,33.2479023,-8.5097553,,,,,[],[],,,,,,,,,,,,,2026-07-14T18:29:34.146403,"{'amenity': 'restaurant', 'name': 'Il Cucina'}"
OpenStreetMap,node,12373789136,osm_node_12373789136,Tacos O'Mexico,,,Morocco,El Jadida,,,,33.2477864,-8.5096292,,,,,[],[],,,,,,,,,,,,,2026-07-14T18:29:34.146420,"{'amenity': 'restaurant', 'name': ""Tacos O'Mexico""}"
OpenStreetMap,node,13320006516,osm_node_13320006516,Le Tamaris,,,Morocco,El Jadida,,,,33.2522931,-8.5038458,,,,,[],[],,,,,,,,,,,,,2026-07-14T18:29:34.146436,"{'amenity': 'restaurant', 'name': 'Le Tamaris'}"
OpenStreetMap,node,13773572401,osm_node_13773572401,Jus & Fast Food Chez Ali,,,Morocco,El Jadida,,,,33.258456,-8.510009,,,,,[],[],,,,,,,,,,,,,2026-07-14T18:29:34.146456,"{'amenity': 'restaurant', 'name': 'Jus & Fast Food Chez Ali'}"
OpenStreetMap,node,13853047801,osm_node_13853047801,Snack Al Massira,,,Morocco,El Jadida,,Place de France,,33.2425,-8.498013,,,,,"['moroccan', 'pizza', 'sandwich']",[],,,,,,,,,,,,,2026-07-14T18:29:34.146478,"{'addr:street': 'Place de France', 'amenity': 'fast_food', 'cuisine': 'moroccan;pizza;sandwich', 'name': 'Snack Al Massira'}"
OpenStreetMap,node,13941778665,osm_node_13941778665,Dar Lhout,,,Morocco,El Jadida,,,,33.2516328,-8.5293598,,,,,['seafood'],['Outdoor Seating'],,,,,,,,,,,,,2026-07-14T18:29:34.146501,"{'amenity': 'restaurant', 'cuisine': 'seafood', 'indoor_seating': 'yes', 'name': 'Dar Lhout', 'outdoor_seating': 'yes', 'payment:cards': 'yes', 'payment:cash': 'yes', 'payment:qr_code': 'no', 'wheelchair': 'no'}"
OpenStreetMap,node,13945075557,osm_node_13945075557,Le Figuig,,,Morocco,El Jadida,,,,33.2484283,-8.5004493,+212808577291,,,,[],[],,,,,,,,,,,,,2026-07-14T18:29:34.146525,"{'addr:housenumber': '2', 'addr:place': 'El Jadida', 'amenity': 'restaurant', 'name': 'Le Figuig', 'phone': '+212 8 08 57 72 91', 'toilets': 'yes'}"
OpenStreetMap,way,597538745,osm_way_597538745,McDonald's,McDonald's,,Morocco,El Jadida,,,,33.2437993,-8.4828847,,,,,['burger'],['Takeaway'],,,,,,,,,,,,,2026-07-14T18:29:34.146547,"{'amenity': 'fast_food', 'brand': ""McDonald's"", 'brand:ar': 'مكدونالدز', 'brand:es': ""McDonald's"", 'brand:fr': ""McDonald's"", 'brand:wikidata': 'Q38076', 'brand:wikipedia': ""fr:McDonald's"", 'building': 'commercial', 'cuisine': 'burger', 'name': ""McDonald's"", 'name:ar': 'مكدونالدز', 'name:es': ""McDonald's"", 'name:fr': ""McDonald's"", 'takeaway': 'yes'}"
OpenStreetMap,way,1098822712,osm_way_1098822712,KFC,KFC,,Morocco,El Jadida,,,,33.2439463,-8.4833257,,,,,['chicken'],['Takeaway'],,,,,,,,,,,,,2026-07-14T18:29:34.146567,"{'alt_name': 'PFK;Poulet Frit Kentucky', 'alt_name:fr': 'PFK;Poulet Frit Kentucky', 'amenity': 'fast_food', 'brand': 'KFC', 'brand:ar': 'دجاج كنتاكي', 'brand:fr': 'KFC', 'brand:wikidata': 'Q524757', 'brand:wikipedia': 'fr:Kentucky Fried Chicken', 'building': 'yes', 'cuisine': 'chicken', 'name': 'KFC', 'name:ar': 'دجاج كنتاكي', 'name:fr': 'KFC', 'takeaway': 'yes'}"
OpenStreetMap,way,1228460036,osm_way_1228460036,La Grillardière,,,Morocco,El Jadida,,,,33.2437976,-8.4841071,,,,,[],[],,,,,,,,,,,,,2026-07-14T18:29:34.146585,"{'amenity': 'restaurant', 'building': 'yes', 'name': 'La Grillardière'}"
OpenStreetMap,way,1228460050,osm_way_1228460050,Bar Marrakech,,,Morocco,El Jadida,,,,33.2418123,-8.4878309,,,,,[],[],,,,,,,,,,,,,2026-07-14T18:29:34.146602,"{'amenity': 'bar', 'building': 'yes', 'name': 'Bar Marrakech'}"
OpenStreetMap,way,1228460051,osm_way_1228460051,Bar El Khaima,,,Morocco,El Jadida,,,,33.242464,-8.4877318,,,,,[],[],,,,,,,,,,,,,2026-07-14T18:29:34.146620,"{'amenity': 'bar', 'building': 'yes', 'name': 'Bar El Khaima'}"
OpenStreetMap,way,1228460061,osm_way_1228460061,Oasis,,,Morocco,El Jadida,,,,33.2444766,-8.490674,,,,,[],[],,,,,,,,,,,,,2026-07-14T18:29:34.146635,"{'amenity': 'restaurant', 'building': 'yes', 'name': 'Oasis'}"
OpenStreetMap,way,1228605159,osm_way_1228605159,Amwaj,,,Morocco,El Jadida,,,,33.2441176,-8.4788256,,,,,[],[],,,,,,,,,,,,,2026-07-14T18:29:34.146651,"{'amenity': 'restaurant', 'building': 'yes', 'name': 'Amwaj'}"
OpenStreetMap,way,1228611934,osm_way_1228611934,Samurai,,,Morocco,El Jadida,,,,33.2377593,-8.4954123,,,,,['chinese'],[],,,,,,,,,,,,,2026-07-14T18:29:34.146668,"{'amenity': 'restaurant', 'building': 'apartments', 'cuisine': 'chinese', 'name': 'Samurai'}"
OpenStreetMap,way,1228611947,osm_way_1228611947,Burger King,Burger King,,Morocco,El Jadida,,,,33.239855,-8.4966824,,,,,['burger'],['Takeaway'],,,,,,,,,,,,,2026-07-14T18:29:34.146691,"{'amenity': 'fast_food', 'brand': 'Burger King', 'brand:wikidata': 'Q177054', 'building': 'yes', 'cuisine': 'burger', 'name': 'Burger King', 'takeaway': 'yes'}"
OpenStreetMap,way,1228640502,osm_way_1228640502,,,,Morocco,El Jadida,,,,33.2431803,-8.4705685,,,,,[],[],,,,,,,,,,,,,2026-07-14T18:29:34.146705,"{'amenity': 'cafe', 'building': 'yes'}"
OpenStreetMap,way,1228724890,osm_way_1228724890,Istanbul,,,Morocco,El Jadida,,,,33.2244568,-8.5004322,,,,,[],[],,,,,,,,,,,,,2026-07-14T18:29:34.146720,"{'amenity': 'cafe', 'building': 'yes', 'name': 'Istanbul'}"
OpenStreetMap,way,1228824932,osm_way_1228824932,Paoula,,,Morocco,El Jadida,,,,33.2283492,-8.5067416,,,,,[],[],,,,,,,,,,,,,2026-07-14T18:29:34.146736,"{'amenity': 'cafe', 'building': 'yes', 'name': 'Paoula'}"
OpenStreetMap,way,1228824950,osm_way_1228824950,Formidable,,,Morocco,El Jadida,,,,33.2271703,-8.5069356,,,,,[],[],,,,,,,,,,,,,2026-07-14T18:29:34.146752,"{'amenity': 'cafe', 'building': 'yes', 'name': 'Formidable'}"
OpenStreetMap,way,1228881050,osm_way_1228881050,La Mémoire,,,Morocco,El Jadida,,,,33.2268288,-8.4987809,,,,,[],[],,,,,,,,,,,,,2026-07-14T18:29:34.146769,"{'amenity': 'cafe', 'building': 'yes', 'name': 'La Mémoire'}"
OpenStreetMap,way,1228897972,osm_way_1228897972,Azzaytouna,,,Morocco,El Jadida,,,,33.2284061,-8.4996302,,,,,[],[],,,,,,,,,,,,,2026-07-14T18:29:34.146786,"{'amenity': 'cafe', 'building': 'yes', 'name': 'Azzaytouna'}"
OpenStreetMap,way,1228905452,osm_way_1228905452,,,,Morocco,El Jadida,,,,33.2285014,-8.504595,,,,,['juice'],[],,,,,,,,,,,,,2026-07-14T18:29:34.146801,"{'amenity': 'fast_food', 'building': 'yes', 'cuisine': 'juice'}"
OpenStreetMap,way,1228914994,osm_way_1228914994,Maison Z,,,Morocco,El Jadida,,,,33.2247167,-8.4984993,,,,,[],[],,,,,,,,,,,,,2026-07-14T18:29:34.146819,"{'amenity': 'restaurant', 'building': 'yes', 'name': 'Maison Z'}"
OpenStreetMap,way,1228928811,osm_way_1228928811,Venezia Ice,,,Morocco,El Jadida,,,,33.2354384,-8.503962,,,,,[],[],,,,,,,,,,,,,2026-07-14T18:29:34.146835,"{'amenity': 'cafe', 'building': 'yes', 'name': 'Venezia Ice'}"
OpenStreetMap,way,1228951720,osm_way_1228951720,La Vallée,,,Morocco,El Jadida,,,,33.2340934,-8.4991707,,,,,[],[],,,,,,,,,,,,,2026-07-14T18:29:34.146851,"{'amenity': 'cafe', 'building': 'yes', 'name': 'La Vallée'}"
OpenStreetMap,way,1229050930,osm_way_1229050930,Amista,,,Morocco,El Jadida,,,,33.2408852,-8.4947928,,,,,[],[],,,,,,,,,,,,,2026-07-14T18:29:34.146868,"{'amenity': 'restaurant', 'building': 'yes', 'name': 'Amista'}"
OpenStreetMap,way,1229119860,osm_way_1229119860,Hill Side Coffee,,,Morocco,El Jadida,,,,33.2389285,-8.4977128,,,,,[],[],,,,,,,,,,,,,2026-07-14T18:29:34.146885,"{'amenity': 'cafe', 'building': 'yes', 'name': 'Hill Side Coffee'}"
OpenStreetMap,way,1229154213,osm_way_1229154213,Solymar,,,Morocco,El Jadida,,,,33.2472824,-8.4947398,,,,,[],[],,,,,,,,,,,,,2026-07-14T18:29:34.146902,"{'amenity': 'cafe', 'building': 'yes', 'name': 'Solymar'}"
OpenStreetMap,way,1229154214,osm_way_1229154214,,,,Morocco,El Jadida,,,,33.2473578,-8.4948744,,,,,[],[],,,,,,,,,,,,,2026-07-14T18:29:34.146916,"{'amenity': 'cafe', 'building': 'yes'}"
OpenStreetMap,way,1229154215,osm_way_1229154215,Yasmina,,,Morocco,El Jadida,,,,33.2474369,-8.4950091,,,,,[],[],,,,,,,,,,,,,2026-07-14T18:29:34.146932,"{'amenity': 'cafe', 'building': 'yes', 'name': 'Yasmina'}"
OpenStreetMap,way,1229182345,osm_way_1229182345,Les Terrasses,,,Morocco,El Jadida,,,,33.2399127,-8.5093071,,,,,[],[],,,,,,,,,,,,,2026-07-14T18:29:34.146949,"{'amenity': 'restaurant', 'building': 'yes', 'name': 'Les Terrasses'}"
OpenStreetMap,way,1229705083,osm_way_1229705083,Mwaline Babouch,,,Morocco,El Jadida,,,,33.2513549,-8.5007299,,,,,[],[],,,,,,,,,,,,,2026-07-14T18:29:34.146966,"{'amenity': 'restaurant', 'building': 'yes', 'name': 'Mwaline Babouch'}"
OpenStreetMap,way,1229712336,osm_way_1229712336,La Costa,,,Morocco,El Jadida,,,,33.2500122,-8.4982895,,,,,[],[],,,,,,,,,,,,,2026-07-14T18:29:34.146983,"{'amenity': 'cafe', 'building': 'yes', 'name': 'La Costa'}"
OpenStreetMap,way,1229712337,osm_way_1229712337,La Varenne,,,Morocco,El Jadida,,,,33.2503097,-8.4986391,,,,,[],[],,,,,,,,,,,,,2026-07-14T18:29:34.146999,"{'amenity': 'cafe', 'building': 'yes', 'name': 'La Varenne'}"
OpenStreetMap,way,1229712338,osm_way_1229712338,La Rose,,,Morocco,El Jadida,,,,33.2504559,-8.4988099,,,,,[],[],,,,,,,,,,,,,2026-07-14T18:29:34.147016,"{'amenity': 'cafe', 'building': 'yes', 'name': 'La Rose'}"
OpenStreetMap,way,1229712339,osm_way_1229712339,Dades Diamantine,,,Morocco,El Jadida,,,,33.2506405,-8.4990335,,,,,[],[],,,,,,,,,,,,,2026-07-14T18:29:34.147032,"{'amenity': 'cafe', 'building': 'yes', 'name': 'Dades Diamantine'}"
OpenStreetMap,way,1229712340,osm_way_1229712340,Les 4 Dauphins,,,Morocco,El Jadida,,,,33.2507808,-8.4992019,,,,,[],[],,,,,,,,,,,,,2026-07-14T18:29:34.147050,"{'amenity': 'cafe', 'building': 'yes', 'name': 'Les 4 Dauphins'}"
OpenStreetMap,way,1231781629,osm_way_1231781629,Le Colloque,,,Morocco,El Jadida,,,,33.2289429,-8.4891821,,,,,[],[],,,,,,,,,,,,,2026-07-14T18:29:34.147067,"{'amenity': 'restaurant', 'building': 'yes', 'name': 'Le Colloque'}"
OpenStreetMap,way,1231781644,osm_way_1231781644,101,,,Morocco,El Jadida,,,,33.2297113,-8.4885937,,,,,[],[],,,,,,,,,,,,,2026-07-14T18:29:34.147083,"{'amenity': 'restaurant', 'building': 'yes', 'name': '101'}"
OpenStreetMap,way,1233817598,osm_way_1233817598,,,,Morocco,El Jadida,,,,33.2293479,-8.4874086,,,,,[],[],,,,,,,,,,,,,2026-07-14T18:29:34.147097,"{'amenity': 'restaurant', 'building': 'yes'}"
OpenStreetMap,way,1233818362,osm_way_1233818362,,,,Morocco,El Jadida,,,,33.2312965,-8.4867626,,,,,[],[],,,,,,,,,,,,,2026-07-14T18:29:34.147131,"{'amenity': 'restaurant', 'building': 'yes'}"
OpenStreetMap,way,1237314916,osm_way_1237314916,,,,Morocco,El Jadida,,,,33.2418409,-8.4989324,,,,,[],[],,,,,,,,,,,,,2026-07-14T18:29:34.147145,"{'amenity': 'cafe', 'building': 'yes'}"
OpenStreetMap,way,1237779597,osm_way_1237779597,La Kasbah,,,Morocco,El Jadida,,,,33.2450164,-8.5008877,,,,,[],[],,,,,,,,,,,,,2026-07-14T18:29:34.147162,"{'amenity': 'cafe', 'building': 'yes', 'name': 'La Kasbah'}"
OpenStreetMap,way,1238838573,osm_way_1238838573,Espace Bouchrit,,,Morocco,El Jadida,,,,33.2518521,-8.5027516,,,,,[],[],,,,,,,,,,,,,2026-07-14T18:29:34.147178,"{'amenity': 'restaurant', 'building': 'yes', 'name': 'Espace Bouchrit'}"
OpenStreetMap,way,1238838575,osm_way_1238838575,Tropical,,,Morocco,El Jadida,,,,33.2517579,-8.5027029,,,,,['juice'],[],,,,,,,,,,,,,2026-07-14T18:29:34.147196,"{'amenity': 'fast_food', 'building': 'yes', 'cuisine': 'juice', 'name': 'Tropical'}"
OpenStreetMap,way,1238838576,osm_way_1238838576,Espace Théatre,,,Morocco,El Jadida,,,,33.2517177,-8.5026821,,,,,[],[],,,,,,,,,,,,,2026-07-14T18:29:34.147213,"{'amenity': 'restaurant', 'building': 'yes', 'name': 'Espace Théatre'}"
OpenStreetMap,way,1238838577,osm_way_1238838577,Ayour Tacos,,,Morocco,El Jadida,,,,33.2516811,-8.5026625,,,,,[],[],,,,,,,,,,,,,2026-07-14T18:29:34.147229,"{'amenity': 'restaurant', 'building': 'yes', 'name': 'Ayour Tacos'}"
OpenStreetMap,way,1238838578,osm_way_1238838578,Snack France,,,Morocco,El Jadida,,,,33.2515968,-8.5026593,,,,,[],[],,,,,,,,,,,,,2026-07-14T18:29:34.147246,"{'amenity': 'restaurant', 'building': 'yes', 'name': 'Snack France'}"
OpenStreetMap,way,1238838581,osm_way_1238838581,Magic Deserts,,,Morocco,El Jadida,,,,33.2514038,-8.5026674,,,,,[],[],,,,,,,,,,,,,2026-07-14T18:29:34.147262,"{'amenity': 'restaurant', 'building': 'yes', 'name': 'Magic Deserts'}"
OpenStreetMap,way,1238838582,osm_way_1238838582,Snack Dauphin,,,Morocco,El Jadida,,,,33.2513239,-8.5027581,,,,,[],[],,,,,,,,,,,,,2026-07-14T18:29:34.147278,"{'amenity': 'restaurant', 'building': 'yes', 'name': 'Snack Dauphin'}"
OpenStreetMap,way,1238838584,osm_way_1238838584,Snack Lozan,,,Morocco,El Jadida,,,,33.2511475,-8.5029722,,,,,[],[],,,,,,,,,,,,,2026-07-14T18:29:34.147295,"{'amenity': 'restaurant', 'building': 'yes', 'name': 'Snack Lozan'}"
OpenStreetMap,way,1238838586,osm_way_1238838586,Regalito,,,Morocco,El Jadida,,,,33.2510365,-8.5031178,,,,,[],[],,,,,,,,,,,,,2026-07-14T18:29:34.147311,"{'amenity': 'restaurant', 'building': 'yes', 'name': 'Regalito'}"
OpenStreetMap,way,1238838587,osm_way_1238838587,Tout Va Bien,,,Morocco,El Jadida,,,,33.2509906,-8.5032161,,,,,[],[],,,,,,,,,,,,,2026-07-14T18:29:34.147328,"{'amenity': 'cafe', 'building': 'yes', 'name': 'Tout Va Bien'}"
OpenStreetMap,way,1238838597,osm_way_1238838597,,,,Morocco,El Jadida,,,,33.2516921,-8.5026985,,,,,[],[],,,,,,,,,,,,,2026-07-14T18:29:34.147342,"{'amenity': 'bar', 'building': 'yes'}"
OpenStreetMap,way,1238838604,osm_way_1238838604,Big One,,,Morocco,El Jadida,,,,33.2521339,-8.5029189,,,,,[],[],,,,,,,,,,,,,2026-07-14T18:29:34.147359,"{'amenity': 'restaurant', 'building': 'yes', 'name': 'Big One'}"
OpenStreetMap,way,1238838605,osm_way_1238838605,Les Négociants,,,Morocco,El Jadida,,,,33.2520532,-8.5028732,,,,,[],[],,,,,,,,,,,,,2026-07-14T18:29:34.147375,"{'amenity': 'bar', 'building': 'yes', 'name': 'Les Négociants'}"
OpenStreetMap,way,1238838608,osm_way_1238838608,Bouanba,,,Morocco,El Jadida,,,,33.2519273,-8.5031948,,,,,[],[],,,,,,,,,,,,,2026-07-14T18:29:34.147392,"{'amenity': 'restaurant', 'building': 'yes', 'name': 'Bouanba'}"
OpenStreetMap,way,1238900531,osm_way_1238900531,Zahwa,,,Morocco,El Jadida,,,,33.2523112,-8.503512,,,,,[],[],,,,,,,,,,,,,2026-07-14T18:29:34.147407,"{'amenity': 'cafe', 'building': 'yes', 'name': 'Zahwa'}"
OpenStreetMap,way,1238965372,osm_way_1238965372,Mrizika,,,Morocco,El Jadida,,,,33.2542178,-8.5010607,,,,,[],[],,,,,,,,,,,,,2026-07-14T18:29:34.147422,"{'amenity': 'restaurant', 'building': 'yes', 'name': 'Mrizika'}"
OpenStreetMap,way,1238965374,osm_way_1238965374,Pesca,,,Morocco,El Jadida,,,,33.2547432,-8.5006472,,,,,[],[],,,,,,,,,,,,,2026-07-14T18:29:34.147438,"{'amenity': 'restaurant', 'building': 'yes', 'name': 'Pesca'}"
OpenStreetMap,way,1238965376,osm_way_1238965376,Port,,,Morocco,El Jadida,,,,33.2551916,-8.5002881,,,,,[],[],,,,,,,,,,,,,2026-07-14T18:29:34.147455,"{'amenity': 'restaurant', 'building': 'yes', 'name': 'Port'}"
OpenStreetMap,way,1238965396,osm_way_1238965396,Ex Quick,,,Morocco,El Jadida,,,,33.2534953,-8.5013736,,,,,[],[],,,,,,,,,,,,,2026-07-14T18:29:34.147471,"{'amenity': 'restaurant', 'building': 'abandoned', 'name': 'Ex Quick'}"
OpenStreetMap,way,1239128847,osm_way_1239128847,Tchikito,,,Morocco,El Jadida,,,,33.2549953,-8.5044983,,,,,[],[],,,,,,,,,,,,,2026-07-14T18:29:34.147487,"{'amenity': 'restaurant', 'building': 'yes', 'name': 'Tchikito'}"
OpenStreetMap,way,1239467834,osm_way_1239467834,,,,Morocco,El Jadida,,,,33.2457033,-8.5047483,,,,,[],[],,,,,,,,,,,,,2026-07-14T18:29:34.147502,"{'amenity': 'fast_food', 'building': 'yes', 'fast_food': 'cafeteria'}"
OpenStreetMap,way,1267180351,osm_way_1267180351,,,,Morocco,El Jadida,,,,33.2561938,-8.5008882,,,,,[],[],,,,,,,,,,,,,2026-07-14T18:29:34.147516,"{'amenity': 'restaurant', 'building': 'yes'}"
OpenStreetMap,way,1267180354,osm_way_1267180354,,,,Morocco,El Jadida,,,,33.2563293,-8.5010381,,,,,[],[],,,,,,,,,,,,,2026-07-14T18:29:34.147530,"{'amenity': 'restaurant', 'building': 'yes'}"
OpenStreetMap,way,1267462555,osm_way_1267462555,Le Lokal,,,Morocco,El Jadida,,,,33.256382,-8.5022099,,,,,[],[],,,,,,,,,,,,,2026-07-14T18:29:34.147547,"{'amenity': 'restaurant', 'building': 'yes', 'name': 'Le Lokal'}"
OpenStreetMap,way,1267780565,osm_way_1267780565,Café do Mar,,,Morocco,El Jadida,,,,33.2568235,-8.5014832,,,,,[],[],,,,,,,,,,,,,2026-07-14T18:29:34.147564,"{'amenity': 'cafe', 'building': 'yes', 'name': 'Café do Mar'}"
OpenStreetMap,way,1267780573,osm_way_1267780573,Riad Eucalyptus,,,Morocco,El Jadida,,,,33.2569845,-8.5020144,,,,,[],[],,,,,,,,,,,,,2026-07-14T18:29:34.147580,"{'amenity': 'restaurant', 'building': 'yes', 'name': 'Riad Eucalyptus'}"
OpenStreetMap,way,1267780574,osm_way_1267780574,L'Iglesia,,,Morocco,El Jadida,,,,33.2569902,-8.5018942,,,,,[],[],,,,,,,,,,,,,2026-07-14T18:29:34.147596,"{'amenity': 'restaurant', 'building': 'yes', 'name': ""L'Iglesia""}"
OpenStreetMap,way,1271720927,osm_way_1271720927,Café Fikhra,,,Morocco,El Jadida,,,,33.2574316,-8.5050114,,,,,[],[],,,,,,,,,,,,,2026-07-14T18:29:34.147613,"{'amenity': 'cafe', 'building': 'yes', 'name': 'Café Fikhra'}"
OpenStreetMap,way,1272016600,osm_way_1272016600,La Perle,,,Morocco,El Jadida,,,,33.2560571,-8.5043339,,,,,[],[],,,,,,,,,,,,,2026-07-14T18:29:34.147629,"{'amenity': 'restaurant', 'building': 'yes', 'name': 'La Perle'}"
OpenStreetMap,way,1272364931,osm_way_1272364931,Weld El-Lawya,,,Morocco,El Jadida,,,,33.2550042,-8.5054853,,,,,[],[],,,,,,,,,,,,,2026-07-14T18:29:34.147646,"{'amenity': 'cafe', 'building': 'yes', 'name': 'Weld El-Lawya'}"
OpenStreetMap,way,1308827864,osm_way_1308827864,Mia Thé & Jardin,,,Morocco,El Jadida,,,24000,33.2443829,-8.4889144,+212662271889,,,,[],"['Outdoor Seating', 'Wheelchair Accessible']",,,,,,,,,,,,,2026-07-14T18:29:34.147673,"{'addr:city': 'El Jadida ⵍⵊⴰⴷⵉⴷⴰ الجديدة', 'addr:place': 'Place Nour El Kamar', 'addr:postcode': '24000', 'air_conditioning': 'yes', 'amenity': 'cafe', 'building': 'retail', 'name': 'Mia Thé & Jardin', 'outdoor_seating': 'yes', 'payment:cards': 'yes', 'payment:cash': 'yes', 'payment:qr_code': 'no', 'phone': '+212 6 62 271 889', 'toilets': 'yes', 'wheelchair': 'yes'}"
OpenStreetMap,way,1308827893,osm_way_1308827893,,,,Morocco,El Jadida,,,,33.2440062,-8.471106,,,,,[],[],,,,,,,,,,,,,2026-07-14T18:29:34.147687,"{'amenity': 'restaurant', 'building': 'yes'}"
OpenStreetMap,way,1308880309,osm_way_1308880309,Restaurant M.M,,,Morocco,El Jadida,,,,33.2438975,-8.4776918,,,,,[],[],,,,,,,,,,,,,2026-07-14T18:29:34.147705,"{'amenity': 'restaurant', 'building': 'yes', 'name': 'Restaurant M.M'}"
OpenStreetMap,way,1311587009,osm_way_1311587009,Café Chaimaa,,,Morocco,El Jadida,,,,33.2329685,-8.536864,,,,,[],[],,,,,,,,,,,,,2026-07-14T18:29:34.147722,"{'amenity': 'cafe', 'building': 'yes', 'name': 'Café Chaimaa'}"
OpenStreetMap,way,1314003937,osm_way_1314003937,La Qualita,,,Morocco,El Jadida,,,,33.2267629,-8.4990274,,,,,[],[],,,,,,,,,,,,,2026-07-14T18:29:34.147739,"{'amenity': 'cafe', 'building': 'yes', 'name': 'La Qualita'}"
OpenStreetMap,way,1334546844,osm_way_1334546844,Café Marmara,,,Morocco,El Jadida,,,,33.2443016,-8.5130888,,,,,[],[],,,,,,,,,,,,,2026-07-14T18:29:34.147755,"{'amenity': 'cafe', 'building': 'yes', 'name': 'Café Marmara'}"
OpenStreetMap,way,1334546858,osm_way_1334546858,Café Cappuccino,,,Morocco,El Jadida,,,,33.2448743,-8.5124357,,,,,[],[],,,,,,,,,,,,,2026-07-14T18:29:34.147772,"{'amenity': 'cafe', 'building': 'yes', 'name': 'Café Cappuccino'}"
OpenStreetMap,node,1046561120,osm_node_1046561120,,,,Morocco,Kénitra,,,,34.2285068,-6.5809859,,,,,[],[],,,,,,,,,,,,,2026-07-14T18:30:32.452554,"{'amenity': 'food_court', 'shop': 'convenience'}"
OpenStreetMap,node,1875028107,osm_node_1875028107,Aire de service Kenitra,,,Morocco,Kénitra,,,,34.2306215,-6.5856093,,,,,[],[],,,,,,,,,,,,,2026-07-14T18:30:32.452664,"{'amenity': 'cafe', 'name': 'Aire de service Kenitra'}"
OpenStreetMap,node,1875028109,osm_node_1875028109,Aire de service Kenitra,,,Morocco,Kénitra,,,,34.2282575,-6.5808349,,,,,[],[],,,,,,,,,,,,,2026-07-14T18:30:32.452704,"{'amenity': 'restaurant', 'name': 'Aire de service Kenitra'}"
OpenStreetMap,node,1875028119,osm_node_1875028119,Aire de service Kenitra,,,Morocco,Kénitra,,,,34.2304485,-6.5856039,,,,,[],[],,,,,,,,,,,,,2026-07-14T18:30:32.452738,"{'amenity': 'restaurant', 'name': 'Aire de service Kenitra'}"
OpenStreetMap,node,1875028163,osm_node_1875028163,Aire de service Kenitra,,,Morocco,Kénitra,,,,34.2286256,-6.5808618,,,,,[],[],,,,,,,,,,,,,2026-07-14T18:30:32.452790,"{'amenity': 'cafe', 'name': 'Aire de service Kenitra'}"
OpenStreetMap,node,3705833335,osm_node_3705833335,Casarina,,,Morocco,Kénitra,,Rue Mohamed Diouri,,34.2547511,-6.58157,,,,,[],[],,,,,,,,wlan,,,,,2026-07-14T18:30:32.452834,"{'addr:street': 'Rue Mohamed Diouri', 'amenity': 'cafe', 'internet_access': 'wlan', 'name': 'Casarina'}"
OpenStreetMap,node,3705833336,osm_node_3705833336,El Tren,,,Morocco,Kénitra,,,,34.2546691,-6.581814,,,,,[],[],,,,,,,,,,,,,2026-07-14T18:30:32.452867,"{'amenity': 'cafe', 'name': 'El Tren'}"
OpenStreetMap,node,4291817602,osm_node_4291817602,,,,Morocco,Kénitra,,,,34.2634582,-6.5706602,,,,,[],[],,,,,,,,,,,,,2026-07-14T18:30:32.452905,{'amenity': 'cafe'}
OpenStreetMap,node,4291817603,osm_node_4291817603,,,,Morocco,Kénitra,,,,34.2631848,-6.570688,,,,,[],[],,,,,,,,,,,,,2026-07-14T18:30:32.452940,{'amenity': 'cafe'}
OpenStreetMap,node,4291833203,osm_node_4291833203,,,,Morocco,Kénitra,,,,34.2894829,-6.5084541,,,,,[],[],,,,,,,,,,,,,2026-07-14T18:30:32.452970,{'amenity': 'cafe'}
OpenStreetMap,node,4291851398,osm_node_4291851398,Café Al Gharb,,,Morocco,Kénitra,,,,34.2660105,-6.5641214,,,,,[],[],,,,,,,,,,,,,2026-07-14T18:30:32.453045,"{'amenity': 'cafe', 'name': 'Café Al Gharb'}"
OpenStreetMap,node,4291851497,osm_node_4291851497,Cafe Casablanca,,,Morocco,Kénitra,,,,34.2715402,-6.5587073,,,,,['sandwich'],['Outdoor Seating'],,,,,,,,,,,,,2026-07-14T18:30:32.453144,"{'addr:city': 'kenitra', 'amenity': 'cafe', 'cuisine': 'sandwich', 'name': 'Cafe Casablanca', 'outdoor_seating': 'yes'}"
OpenStreetMap,node,4291851498,osm_node_4291851498,Café Loubana,,,Morocco,Kénitra,,,,34.2649124,-6.5664589,,,,,[],[],,,,,,,,,,,,,2026-07-14T18:30:32.453186,"{'amenity': 'cafe', 'name': 'Café Loubana'}"
OpenStreetMap,node,4291851796,osm_node_4291851796,,,,Morocco,Kénitra,,,,34.2680353,-6.56207,,,,,[],[],,,,,,,,,,,,,2026-07-14T18:30:32.453212,{'amenity': 'cafe'}
OpenStreetMap,node,4291851993,osm_node_4291851993,Café Mnara,,,Morocco,Kénitra,,,,34.2690473,-6.5612659,,,,,[],[],,,,,,,,,,,,,2026-07-14T18:30:32.453241,"{'amenity': 'cafe', 'name': 'Café Mnara'}"
OpenStreetMap,node,4291852293,osm_node_4291852293,Retaurant Pizzeria Mini World,,,Morocco,Kénitra,,,,34.255898,-6.5937472,+212537361254,,,,[],[],,,,,,,,,,,,,2026-07-14T18:30:32.453281,"{'amenity': 'restaurant', 'name': 'Retaurant Pizzeria Mini World', 'phone': '+212 537 361254'}"
OpenStreetMap,node,4291853289,osm_node_4291853289,Café renosa,,,Morocco,Kénitra,,,,34.2574507,-6.5903615,,,,,[],[],,,,,,,,,,,,,2026-07-14T18:30:32.453311,"{'amenity': 'cafe', 'name': 'Café renosa'}"
OpenStreetMap,node,4359051291,osm_node_4359051291,cafe hosni,,,Morocco,Kénitra,,,,34.25289,-6.6020586,,,,,[],[],,,,,,,,,,,,,2026-07-14T18:30:32.453366,"{'amenity': 'cafe', 'name': 'cafe hosni'}"
OpenStreetMap,node,4560723990,osm_node_4560723990,Domino's,Domino's,,Morocco,Kénitra,,,,34.2536721,-6.5807434,+212537394242,,,,['pizza'],['Takeaway'],,,,,,,,,,,,,2026-07-14T18:30:32.453414,"{'amenity': 'fast_food', 'brand': ""Domino's"", 'brand:wikidata': 'Q839466', 'cuisine': 'pizza', 'name': ""Domino's"", 'phone': '+212 537 394242', 'takeaway': 'yes'}"
OpenStreetMap,node,4630892191,osm_node_4630892191,El Bayt Achami,,,Morocco,Kénitra,,,,34.2590659,-6.5879016,+212537325555,,,,['syrian'],[],,,,,,,,,,,,,2026-07-14T18:30:32.453458,"{'amenity': 'restaurant', 'cuisine': 'syrian', 'name': 'El Bayt Achami', 'phone': '+212 537 325 555'}"
OpenStreetMap,node,4635355483,osm_node_4635355483,McDonald's,McDonald's,,Morocco,Kénitra,,,,34.2504398,-6.5725564,,,,,['burger'],"['Takeaway', 'Drive Through', 'Wheelchair Accessible']",,,,,,,,,,,,,2026-07-14T18:30:32.453502,"{'amenity': 'fast_food', 'brand': ""McDonald's"", 'brand:wikidata': 'Q38076', 'brand:wikipedia': ""en:McDonald's"", 'cuisine': 'burger', 'drive_through': 'yes', 'name': ""McDonald's"", 'takeaway': 'yes', 'wheelchair': 'yes'}"
OpenStreetMap,node,4659733487,osm_node_4659733487,Mini Chicken,,,Morocco,Kénitra,,,,34.2558939,-6.5946976,+212537325403,,,,['chicken'],[],,,,,,,,,,,,,2026-07-14T18:30:32.453541,"{'amenity': 'restaurant', 'cuisine': 'chicken', 'name': 'Mini Chicken', 'phone': '+212 537 325 403'}"
OpenStreetMap,node,4659825239,osm_node_4659825239,,,,Morocco,Kénitra,,,,34.2631681,-6.5689447,,,,,[],[],,,,,,,,,,,,,2026-07-14T18:30:32.453568,{'amenity': 'cafe'}
OpenStreetMap,node,4716455489,osm_node_4716455489,Wlad aarfa,,,Morocco,Kénitra,,double voix wlad aarfa,,34.2420264,-6.5457837,,,,,[],[],,,,,,,,wlan,,,,,2026-07-14T18:30:32.453612,"{'addr:city': 'Kenitra', 'addr:street': 'double voix wlad aarfa', 'amenity': 'cafe', 'internet_access': 'wlan', 'name': 'Wlad aarfa'}"
OpenStreetMap,node,4720745493,osm_node_4720745493,,,,Morocco,Kénitra,,Rue Zamzam,14090,34.2533112,-6.5952305,,,,,[],[],,,,,,,,wlan,,,,,2026-07-14T18:30:32.453654,"{'addr:postcode': '14090', 'addr:street': 'Rue Zamzam', 'amenity': 'cafe', 'internet_access': 'wlan', 'name:en': 'Café Sun Corner'}"
OpenStreetMap,node,4723314189,osm_node_4723314189,Café Ouiam,,,Morocco,Kénitra,,,,34.2580122,-6.5822695,,,,,[],[],,,,,,,,wlan,,,,,2026-07-14T18:30:32.453691,"{'amenity': 'cafe', 'internet_access': 'wlan', 'name': 'Café Ouiam', 'name:fr': 'Café Ouiam'}"
OpenStreetMap,node,4761659721,osm_node_4761659721,Café Méga,,,Morocco,Kénitra,,,,34.2601779,-6.5905319,,,,,[],[],,,,,,,,,,,,,2026-07-14T18:30:32.453728,"{'amenity': 'cafe', 'name': 'Café Méga', 'name:fr': 'Café Méga'}"
OpenStreetMap,node,4905102321,osm_node_4905102321,kentsuthai,,,Morocco,Kénitra,,Rue Farhat Hachad,14000,34.2563862,-6.5765216,,,,,['asian'],[],,,,,,,,wlan,,,,,2026-07-14T18:30:32.453777,"{'addr:postcode': '14000', 'addr:street': 'Rue Farhat Hachad', 'amenity': 'restaurant', 'cuisine': 'asian', 'internet_access': 'wlan', 'name': 'kentsuthai', 'name:fr': 'kentsuthai'}"
OpenStreetMap,node,4905102922,osm_node_4905102922,Snack INNO,,,Morocco,Kénitra,,Avenue FAR,14000,34.253632,-6.5808724,,,,,"['deli', 'crepe', 'french', 'moroccan']",[],,,,,,,,,,,,,2026-07-14T18:30:32.453824,"{'addr:postcode': '14000', 'addr:street': 'Avenue FAR', 'amenity': 'fast_food', 'cuisine': 'deli;crepe;french;moroccan', 'name': 'Snack INNO', 'name:fr': 'Snack INNO'}"
OpenStreetMap,node,4905102923,osm_node_4905102923,Cosmopolite,,,Morocco,Kénitra,,Rue Hassan Ibn Tabit,,34.2576033,-6.5847869,,,,,[],[],,,,,,,,wlan,,,,,2026-07-14T18:30:32.453868,"{'addr:street': 'Rue Hassan Ibn Tabit', 'amenity': 'cafe', 'internet_access': 'wlan', 'name': 'Cosmopolite', 'name:fr': 'Cosmopolite'}"
OpenStreetMap,node,4905103021,osm_node_4905103021,La Verte,,,Morocco,Kénitra,,,,34.2574716,-6.5843661,,,,,[],[],,,,,,,,wlan,,,,,2026-07-14T18:30:32.453904,"{'amenity': 'cafe', 'internet_access': 'wlan', 'name': 'La Verte', 'name:fr': 'La Verte'}"
OpenStreetMap,node,4905103121,osm_node_4905103121,Le Rouge et Le Noir,,,Morocco,Kénitra,,,,34.2575529,-6.5843187,,,,,[],[],,,,,,,,wlan,,,,,2026-07-14T18:30:32.453941,"{'amenity': 'cafe', 'internet_access': 'wlan', 'name': 'Le Rouge et Le Noir', 'name:fr': 'Le Rouge et Le Noir'}"
OpenStreetMap,node,4905123321,osm_node_4905123321,,,,Morocco,Kénitra,,Avenue Hassan 2,,34.2582403,-6.5802251,,,,,"['arab', 'asian', 'french', 'spanish', 'international', 'italian']",[],,,,,,,,wlan,,,,,2026-07-14T18:30:32.453989,"{'addr:street': 'Avenue Hassan 2', 'amenity': 'restaurant', 'cuisine': 'arab;asian;french;spanish;international;italian', 'internet_access': 'wlan', 'name:en': 'BB parck'}"
OpenStreetMap,node,4905123421,osm_node_4905123421,La Flamme,,,Morocco,Kénitra,,,,34.2572806,-6.5839687,,,,,[],[],,,,,,,,wlan,,,,,2026-07-14T18:30:32.454025,"{'amenity': 'cafe', 'internet_access': 'wlan', 'name': 'La Flamme', 'name:fr': 'La Flamme'}"
OpenStreetMap,node,4905123425,osm_node_4905123425,Tacobelle,,,Morocco,Kénitra,,Avenue Tariq Ibn Ziad,,34.2565392,-6.587331,,,,,[],[],,,,,,,,wlan,,,,,2026-07-14T18:30:32.454065,"{'addr:street': 'Avenue Tariq Ibn Ziad', 'amenity': 'cafe', 'internet_access': 'wlan', 'name': 'Tacobelle', 'name:fr': 'Tacobelle'}"
OpenStreetMap,node,4905123426,osm_node_4905123426,Chicago,,,Morocco,Kénitra,,,,34.2564387,-6.5872678,,,,,[],[],,,,,,,,,,,,,2026-07-14T18:30:32.454095,"{'amenity': 'cafe', 'name': 'Chicago', 'name:fr': 'Chicago'}"
OpenStreetMap,node,4905123621,osm_node_4905123621,Cramayel,,,Morocco,Kénitra,,,,34.2572372,-6.5839561,,,,,[],[],,,,,,,,wlan,,,,,2026-07-14T18:30:32.454129,"{'amenity': 'cafe', 'internet_access': 'wlan', 'name': 'Cramayel', 'name:fr': 'Cramayel'}"
OpenStreetMap,node,4905123622,osm_node_4905123622,VIP salle de jeux,,,Morocco,Kénitra,,Rue Mohamed El Hansali,,34.2574175,-6.5857926,,,,,[],[],,,,,,,,wlan,,,,,2026-07-14T18:30:32.454170,"{'addr:street': 'Rue Mohamed El Hansali', 'amenity': 'cafe', 'internet_access': 'wlan', 'name': 'VIP salle de jeux', 'name:fr': 'VIP salle de jeux'}"
OpenStreetMap,node,4905123722,osm_node_4905123722,Nada,,,Morocco,Kénitra,,Rue Mohamed El Hansali,,34.2567706,-6.5859373,,,,,[],[],,,,,,,,wlan,,,,,2026-07-14T18:30:32.454209,"{'addr:street': 'Rue Mohamed El Hansali', 'amenity': 'cafe', 'internet_access': 'wlan', 'name': 'Nada', 'name:fr': 'Nada'}"
OpenStreetMap,node,4905123821,osm_node_4905123821,Élite,,,Morocco,Kénitra,,Avenue Tariq Ibn Ziad,,34.256069,-6.5871577,,,,,[],[],,,,,,,,wlan,,,,,2026-07-14T18:30:32.454249,"{'addr:street': 'Avenue Tariq Ibn Ziad', 'amenity': 'cafe', 'internet_access': 'wlan', 'name': 'Élite', 'name:fr': 'Élite'}"
OpenStreetMap,node,4906684021,osm_node_4906684021,La Gironde,,,Morocco,Kénitra,,Rue Farhat Hachad,,34.2563075,-6.5761759,,,,,[],[],,,,,,,,wlan,,,,,2026-07-14T18:30:32.454289,"{'addr:street': 'Rue Farhat Hachad', 'amenity': 'cafe', 'internet_access': 'wlan', 'name': 'La Gironde', 'name:fr': 'La Gironde'}"
OpenStreetMap,node,4906684221,osm_node_4906684221,Café Ba Brahim,,,Morocco,Kénitra,,Rue Farhat Hachad,,34.2561928,-6.5758525,,,,,[],[],,,,,,,,wlan,,,,,2026-07-14T18:30:32.454344,"{'addr:street': 'Rue Farhat Hachad', 'amenity': 'cafe', 'internet_access': 'wlan', 'name': 'Café Ba Brahim', 'name:fr': 'Café Ba Brahim'}"
OpenStreetMap,node,4908155521,osm_node_4908155521,Pause Café,,,Morocco,Kénitra,,Avenue Hassan 2,,34.2591063,-6.5808273,,,,,[],[],,,,,,,,wlan,,,,,2026-07-14T18:30:32.454398,"{'addr:street': 'Avenue Hassan 2', 'amenity': 'cafe', 'internet_access': 'wlan', 'name': 'Pause Café', 'name:fr': 'Pause Café'}"
OpenStreetMap,node,4908155522,osm_node_4908155522,Le Bon Goût,,,Morocco,Kénitra,,Rue Al Amira Aicha,,34.2625793,-6.580887,,,,,['international'],[],,,,,,,,wlan,,,,,2026-07-14T18:30:32.454451,"{'addr:street': 'Rue Al Amira Aicha', 'amenity': 'restaurant', 'cuisine': 'international', 'internet_access': 'wlan', 'name': 'Le Bon Goût', 'name:fr': 'Le Bon Goût'}"
OpenStreetMap,node,4908155523,osm_node_4908155523,Café Gentleman,,,Morocco,Kénitra,,Rue de la Reine Elizabeth,,34.2611223,-6.5829254,,,,,[],[],,,,,,,,wlan,,,,,2026-07-14T18:30:32.454502,"{'addr:street': 'Rue de la Reine Elizabeth', 'amenity': 'cafe', 'internet_access': 'wlan', 'name': 'Café Gentleman', 'name:fr': 'Café Gentleman'}"
OpenStreetMap,node,4908155524,osm_node_4908155524,Café Venise,,,Morocco,Kénitra,,,,34.2574666,-6.584092,,,,,[],[],,,,,,,,wlan,,,,,2026-07-14T18:30:32.454545,"{'amenity': 'cafe', 'internet_access': 'wlan', 'name': 'Café Venise', 'name:fr': 'Café Venise'}"
OpenStreetMap,node,4908155821,osm_node_4908155821,Les Champs Élysée,,,Morocco,Kénitra,,Rue Al Amira Aicha,,34.2626293,-6.5807244,,,,,[],[],,,,,,,,wlan,,,,,2026-07-14T18:30:32.454590,"{'addr:street': 'Rue Al Amira Aicha', 'amenity': 'restaurant', 'internet_access': 'wlan', 'name': 'Les Champs Élysée', 'name:fr': 'Les Champs Élysée'}"
OpenStreetMap,node,4908155921,osm_node_4908155921,Flamand rose,,,Morocco,Kénitra,,Rue de la Reine Elizabeth,,34.2611955,-6.5827431,,,,,[],[],,,,,,,,wlan,,,,,2026-07-14T18:30:32.454633,"{'addr:street': 'Rue de la Reine Elizabeth', 'amenity': 'cafe', 'internet_access': 'wlan', 'name': 'Flamand rose', 'name:fr': 'Flamand rose'}"
OpenStreetMap,node,4908155922,osm_node_4908155922,il Forno,,,Morocco,Kénitra,,,,34.2551453,-6.5835556,,,,,"['italian_pizza', 'pizza', 'italian']",[],,,,,,,,wlan,,,,,2026-07-14T18:30:32.454686,"{'amenity': 'restaurant', 'cuisine': 'italian_pizza;pizza;italian', 'internet_access': 'wlan', 'name': 'il Forno', 'name:fr': 'il Forno'}"
OpenStreetMap,node,4908156021,osm_node_4908156021,Café La Belle Veilleuse,,,Morocco,Kénitra,,,,34.2552926,-6.5845711,,,,,['cake'],[],,,,,,,,wlan,,,,,2026-07-14T18:30:32.454707,"{'amenity': 'cafe', 'cuisine': 'cake', 'internet_access': 'wlan', 'name': 'Café La Belle Veilleuse', 'name:fr': 'Café La Belle Veilleuse'}"
OpenStreetMap,node,4908220822,osm_node_4908220822,MUZNA,,,Morocco,Kénitra,,Rue Mohamed Diouri,,34.2553153,-6.5821548,,,,,"['arab', 'moroccan', 'mediterranean']",[],,,,,,,,,,,,,2026-07-14T18:30:32.454726,"{'addr:street': 'Rue Mohamed Diouri', 'amenity': 'restaurant', 'cuisine': 'arab;moroccan;mediterranean', 'name': 'MUZNA', 'name:fr': 'MUZNA'}"
OpenStreetMap,node,4908220824,osm_node_4908220824,Café Robiglio,,,Morocco,Kénitra,,Rue Yarmouk,,34.2554386,-6.5818181,,,,,[],[],,,,,,,,wlan,,,,,2026-07-14T18:30:32.454745,"{'addr:street': 'Rue Yarmouk', 'amenity': 'cafe', 'internet_access': 'wlan', 'name': 'Café Robiglio', 'name:fr': 'Café Robiglio'}"
OpenStreetMap,node,4908238321,osm_node_4908238321,Café Vabiano,,,Morocco,Kénitra,,,,34.2552167,-6.5827342,,,,,[],[],,,,,,,,,,,,,2026-07-14T18:30:32.454761,"{'amenity': 'cafe', 'name': 'Café Vabiano', 'name:fr': 'Café Vabiano'}"
OpenStreetMap,node,4911175422,osm_node_4911175422,Deutch Café,,,Morocco,Kénitra,,,,34.2597946,-6.5845752,,,,,[],[],,,,,,,,wlan,,,,,2026-07-14T18:30:32.454777,"{'amenity': 'cafe', 'internet_access': 'wlan', 'name': 'Deutch Café', 'name:fr': 'Deutch Café'}"
OpenStreetMap,node,4911175424,osm_node_4911175424,Café Caprice,,,Morocco,Kénitra,,,,34.2611046,-6.5855398,,,,,[],[],,,,,,,,,,,,,2026-07-14T18:30:32.454791,"{'amenity': 'cafe', 'name': 'Café Caprice', 'name:fr': 'Café Caprice'}"
OpenStreetMap,node,4911191221,osm_node_4911191221,Café Orlando,,,Morocco,Kénitra,,,,34.2598627,-6.5846206,,,,,[],[],,,,,,,,,,,,,2026-07-14T18:30:32.454835,"{'amenity': 'cafe', 'name': 'Café Orlando', 'name:fr': 'Café Orlando'}"
OpenStreetMap,node,4912684722,osm_node_4912684722,Café COLOGNE,,,Morocco,Kénitra,,Avenue Mohamed V,,34.2562185,-6.593188,,,,,[],[],,,,,,,,,,,,,2026-07-14T18:30:32.454871,"{'addr:street': 'Avenue Mohamed V', 'amenity': 'cafe', 'name': 'Café COLOGNE', 'name:fr': 'Café COLOGNE'}"
OpenStreetMap,node,5003765410,osm_node_5003765410,Tokyo Sushi,,,Morocco,Kénitra,,,,34.2621149,-6.5861175,,,,,['sushi'],[],,,,,,,,,,,,,2026-07-14T18:30:32.454907,"{'amenity': 'restaurant', 'cuisine': 'sushi', 'name': 'Tokyo Sushi'}"
OpenStreetMap,node,5167358125,osm_node_5167358125,مقهى كول فيو,,,Morocco,Kénitra,,,,34.2727801,-6.6134841,,,,Mo-Su 09:00-23:00,[],[],,,,,,,,,,,,,2026-07-14T18:30:32.454949,"{'amenity': 'cafe', 'name': 'مقهى كول فيو', 'name:ar': 'مقهى كول فيو', 'name:en': 'Caffè Cool View', 'opening_hours': 'Mo-Su 09:00-23:00'}"
OpenStreetMap,node,5231381621,osm_node_5231381621,,,,Morocco,Kénitra,,Old Oujih,14080,34.2566754,-6.6231772,,,,,[],[],,,,,,,,wlan,,,,,2026-07-14T18:30:32.454989,"{'addr:postcode': '14080', 'addr:street': 'Old Oujih', 'amenity': 'cafe', 'internet_access': 'wlan', 'name:en': 'Café Al Jabal'}"
OpenStreetMap,node,5244335123,osm_node_5244335123,مقهى الرميلي,,,Morocco,Kénitra,,,,34.2482257,-6.5548283,,,,,[],[],,,,,,,,,,,,,2026-07-14T18:30:32.455034,"{'amenity': 'cafe', 'name': 'مقهى الرميلي', 'name:ar': 'مقهى الرميلي', 'name:en': 'Cafe Rmili'}"
OpenStreetMap,node,5246991021,osm_node_5246991021,مشواة بوزين اطلس,,,Morocco,Kénitra,,,,34.2623781,-6.5597157,,,,,[],[],,,,,,,,,,,,,2026-07-14T18:30:32.455087,"{'amenity': 'fast_food', 'name': 'مشواة بوزين اطلس', 'name:ar': 'مشواة بوزين اطلس', 'name:en': 'mechwat bouzin atlas'}"
OpenStreetMap,node,5474105024,osm_node_5474105024,Café Tomas مقهى توماس,,,Morocco,Kénitra,,,,34.2569235,-6.622061,,,,,[],[],,,,,,,,,,,,,2026-07-14T18:30:32.455164,"{'amenity': 'cafe', 'name': 'Café Tomas مقهى توماس', 'name:ar': 'مقهى توماس', 'name:de': 'Tomas Café', 'name:en': 'Café Tomas', 'name:fr': 'Café Tomas', 'source': 'Kaart Ground Survey 2018'}"
OpenStreetMap,node,5908207485,osm_node_5908207485,مقهى كالفورنيا- الساكنية,,Closing now,Morocco,Kénitra,,Avenue Al Massira,14050,34.2476579,-6.5540983,+212666112244,,,Su 00:00-00:00,['arab'],[],,,,,,,,,,,,,2026-07-14T18:30:32.455272,"{'addr:postcode': '14050', 'addr:street': 'Avenue Al Massira', 'amenity': 'cafe', 'cuisine': 'arab', 'name': 'مقهى كالفورنيا- الساكنية', 'name:ar': 'مقهى كالفورنيا- الساكنية', 'name:en': 'California Coffee-Shop', 'opening_hours': 'Su 00:00-00:00', 'operator': 'Closing now', 'phone': '+212 6 66 11 22 44'}"
OpenStreetMap,node,6050208285,osm_node_6050208285,,,,Morocco,Kénitra,,,,34.2603028,-6.589226,,,,,[],[],,,,,,,,,,,,,2026-07-14T18:30:32.455298,"{'amenity': 'cafe', 'name:en': 'Hollywood', 'name:fr': 'Hollywood'}"
OpenStreetMap,node,6050208385,osm_node_6050208385,Soopiza,,,Morocco,Kénitra,,,,34.2620413,-6.5838757,,,,,[],[],,,,,,,,,,,,,2026-07-14T18:30:32.455329,"{'amenity': 'fast_food', 'name': 'Soopiza'}"
OpenStreetMap,node,6056082223,osm_node_6056082223,LEVEL CAFE,,,Morocco,Kénitra,,Avenue Moulay Abdel Aziz,14000,34.2592854,-6.5890588,+212537307725,http://www.level.cafe,contact@level.cafe,Mo-Sa 07:00-00:00,"['pizza', 'coffee_shop', 'burger', 'sandwich', 'chicken', 'ice_cream', 'international', 'italian', 'moroccan', 'breakfast', 'salad', 'italian_pizza', 'diner', 'soba', 'crepe', 'cake', 'tea', 'regional', 'french', 'fish_and_chips', 'american', 'seafood', 'steak_house', 'mexican']","['Delivery', 'Takeaway', 'Outdoor Seating', 'Wheelchair Accessible']",,,,,,,,wlan,outside,yes,,,2026-07-14T18:30:32.455455,"{'addr:city': 'Kenitra', 'addr:housenumber': '92', 'addr:postcode': '14000', 'addr:street': 'Avenue Moulay Abdel Aziz', 'air_conditioning': 'yes', 'amenity': 'cafe', 'capacity': '150', 'cuisine': 'pizza;coffee_shop;burger;sandwich;chicken;ice_cream;international;italian;moroccan;breakfast;salad;italian_pizza;diner;soba;crepe;cake;tea;regional;french;fish_and_chips;american;seafood;steak_house;mexican', 'delivery': 'yes', 'description': 'Where the levels meets', 'diet:diabetes': 'yes', 'diet:egg_free': 'yes', 'diet:gluten_free': 'yes', 'diet:halal': 'yes', 'diet:meat': 'yes', 'diet:nut_free': 'yes', 'diet:soy_free': 'yes', 'diet:sugar_free': 'yes', 'diet:vegan': 'yes', 'diet:vegetarian': 'yes', 'email': 'contact@level.cafe', 'internet_access': 'wlan', 'internet_access:fee': 'no', 'internet_access:ssid': 'LEVEL', 'level': '0', 'name': 'LEVEL CAFE', 'name:ar': 'ليفل كافيه', 'name:de': 'LEVEL CAFE', 'name:en': 'LEVEL CAFE', 'name:es': 'LEVEL CAFE', 'name:fr': 'LEVEL CAFE', 'name:ie': 'LEVEL CAFE', 'name:it': 'LEVEL CAFE', 'name:nl': 'LEVEL CAFE', 'name:pt': 'LEVEL CAFE', 'opening_hours': 'Mo-Sa 07:00-00:00', 'outdoor_seating': 'yes', 'payment:cash': 'yes', 'payment:debit_cards': 'yes', 'payment:mastercard': 'yes', 'payment:visa': 'yes', 'phone': '+212 5 37 30 77 25', 'reservation': 'yes', 'smoking': 'outside', 'source': 'gps;local knowledge;streetlevel imagery;aerial imagery', 'start_date': '02/01/2019', 'takeaway': 'yes', 'website': 'http://www.level.cafe', 'wheelchair': 'yes'}"
OpenStreetMap,node,6154067326,osm_node_6154067326,Mini Chicken,,,Morocco,Kénitra,,,,34.2627894,-6.5659481,,,,,[],[],,,,,,,,,,,,,2026-07-14T18:30:32.455498,"{'amenity': 'restaurant', 'name': 'Mini Chicken'}"
OpenStreetMap,node,6177316649,osm_node_6177316649,Cantine Universitaire,,,Morocco,Kénitra,,,,34.2483089,-6.5826252,,,,,[],[],,,,,,,,,,,,,2026-07-14T18:30:32.455531,"{'amenity': 'restaurant', 'name': 'Cantine Universitaire'}"
OpenStreetMap,node,6177316650,osm_node_6177316650,Cantine,,,Morocco,Kénitra,,,,34.2450954,-6.5826952,,,,,[],[],,,,,,,,,,,,,2026-07-14T18:30:32.455560,"{'amenity': 'restaurant', 'name': 'Cantine'}"
OpenStreetMap,node,6239860655,osm_node_6239860655,step burger,,,Morocco,Kénitra,,,,34.2618215,-6.5844159,,,,,['tacos'],[],,,,,,,,,,,,,2026-07-14T18:30:32.455593,"{'amenity': 'fast_food', 'cuisine': 'tacos', 'name': 'step burger'}"
OpenStreetMap,node,6285040596,osm_node_6285040596,Cappuccino,,,Morocco,Kénitra,,,,34.2650257,-6.587532,,,,,"['coffee_shop', 'sandwich']",['Outdoor Seating'],,,,,,,,,,,,,2026-07-14T18:30:32.455634,"{'addr:city': 'kenitra', 'amenity': 'cafe', 'cuisine': 'coffee_shop;sandwich', 'name': 'Cappuccino', 'outdoor_seating': 'yes'}"
OpenStreetMap,node,6285040938,osm_node_6285040938,Ifly,,,Morocco,Kénitra,,,,34.2653649,-6.5877033,,,,,"['coffee_shop', 'pizza', 'burger']",['Outdoor Seating'],,,,,,,,,,,,,2026-07-14T18:30:32.455671,"{'addr:city': 'kenitra', 'amenity': 'cafe', 'cuisine': 'coffee_shop;pizza;burger', 'name': 'Ifly', 'outdoor_seating': 'yes'}"
OpenStreetMap,node,6611049885,osm_node_6611049885,54 d m. Arabi,,,Morocco,Kénitra,,,,34.2549607,-6.6150945,,,,,[],[],,,,,,,,,,,,,2026-07-14T18:30:32.455699,"{'amenity': 'cafe', 'name': '54 d m. Arabi'}"
OpenStreetMap,node,6632143188,osm_node_6632143188,Café iqrae,,,Morocco,Kénitra,,,,34.2559869,-6.6152709,,,,,[],[],,,,,,,,,,,,,2026-07-14T18:30:32.455726,"{'amenity': 'cafe', 'name': 'Café iqrae'}"
OpenStreetMap,node,7128791385,osm_node_7128791385,Café grano,,,Morocco,Kénitra,,,,34.2678173,-6.6254532,,,,,[],[],,,,,,,,,,,,,2026-07-14T18:30:32.455755,"{'amenity': 'cafe', 'name': 'Café grano'}"
OpenStreetMap,node,7227619385,osm_node_7227619385,Sakniya,,,Morocco,Kénitra,,Avenue Al Massira,14000,34.2472726,-6.5538824,,,,Mo-Su 07:00-00:00,['arab'],[],,,,,,,,wlan,,,,,2026-07-14T18:30:32.455797,"{'addr:housenumber': '1', 'addr:postcode': '14000', 'addr:street': 'Avenue Al Massira', 'amenity': 'cafe', 'cuisine': 'arab', 'internet_access': 'wlan', 'name': 'Sakniya', 'name:ar': 'مقهى السرور', 'name:en': 'Soror Coffee', 'name:fr': 'Café Soror', 'opening_hours': 'Mo-Su 07:00-00:00'}"
OpenStreetMap,node,7227850785,osm_node_7227850785,مشواة الغرب - الساكنية,,,Morocco,Kénitra,,Avenue Al Massira,14000,34.2477909,-6.5541748,,,,Mo-Su 12:00-00:00,['arab'],[],,,,,,,,,,,,,2026-07-14T18:30:32.455848,"{'addr:housenumber': '1', 'addr:postcode': '14000', 'addr:street': 'Avenue Al Massira', 'amenity': 'restaurant', 'cuisine': 'arab', 'name': 'مشواة الغرب - الساكنية', 'name:ar': 'مشواة الغرب - الساكنية', 'opening_hours': 'Mo-Su 12:00-00:00'}"
OpenStreetMap,node,7641108145,osm_node_7641108145,Cocolico Café,,,Morocco,Kénitra,,,,34.2713915,-6.6287717,,,,,[],[],,,,,,,,,,,,,2026-07-14T18:30:32.455874,"{'amenity': 'cafe', 'name': 'Cocolico Café'}"
OpenStreetMap,node,7643030041,osm_node_7643030041,Lelys Barbecue,,,Morocco,Kénitra,,,,34.2716077,-6.6274747,,,,,[],[],,,,,,,,,,,,,2026-07-14T18:30:32.455901,"{'amenity': 'restaurant', 'name': 'Lelys Barbecue'}"
OpenStreetMap,node,8687401561,osm_node_8687401561,,,,Morocco,Kénitra,,,,34.2572854,-6.622472,,,,,[],[],,,,,,,,,,,,,2026-07-14T18:30:32.455924,{'amenity': 'fast_food'}
OpenStreetMap,node,10124395517,osm_node_10124395517,مقهي فيراس,,,Morocco,Kénitra,,,,34.2403124,-6.5479133,,,,,[],[],,,,,,,,,,,,,2026-07-14T18:30:32.455954,"{'amenity': 'cafe', 'name': 'مقهي فيراس'}"
OpenStreetMap,node,10220127716,osm_node_10220127716,,,,Morocco,Kénitra,,,,34.2423465,-6.5950342,,,,,[],[],,,,,,,,,,,,,2026-07-14T18:30:32.455980,{'amenity': 'restaurant'}
OpenStreetMap,node,10265546582,osm_node_10265546582,Scoop,,,Morocco,Kénitra,,,,34.2528117,-6.602195,,,,,[],[],,,,,,,,,,,,,2026-07-14T18:30:32.456014,"{'amenity': 'cafe', 'name': 'Scoop'}"
OpenStreetMap,node,10569058971,osm_node_10569058971,Snail Ldid,,,Morocco,Kénitra,,,,34.2613098,-6.5906556,,,,,[],[],,,,https://www.facebook.com/people/Snail-Ldid-chez-ADIL/100086708288377/,,,,,,,,,2026-07-14T18:30:32.456090,"{'amenity': 'restaurant', 'contact:facebook': 'https://www.facebook.com/people/Snail-Ldid-chez-ADIL/100086708288377/', 'name': 'Snail Ldid'}"
OpenStreetMap,node,10901526593,osm_node_10901526593,Fire Place,,,Morocco,Kénitra,,,,34.2663909,-6.5900895,+212537327944,,,Mo-Su 08:00-22:30,"['american', 'italian']",[],,,,,,,,,,,,,2026-07-14T18:30:32.456158,"{'addr:city': 'Kénitra', 'amenity': 'restaurant', 'cuisine': 'american;italian', 'name': 'Fire Place', 'opening_hours': 'Mo-Su 08:00-22:30', 'phone': '+212 5 37 32 79 44'}"
OpenStreetMap,node,10901526594,osm_node_10901526594,Yours,,,Morocco,Kénitra,,,,34.2515729,-6.60222,+212537376010,,,Mo-Su 08:00-22:00,['international'],[],,,,,,,,,,,,,2026-07-14T18:30:32.456193,"{'amenity': 'restaurant', 'cuisine': 'international', 'name': 'Yours', 'opening_hours': 'Mo-Su 08:00-22:00', 'phone': '+212 537376010'}"
OpenStreetMap,node,11275759455,osm_node_11275759455,Le Treffle,,,Morocco,Kénitra,,,,34.2577377,-6.5888636,,,,,[],[],,,,,,,,,,,,,2026-07-14T18:30:32.456220,"{'amenity': 'cafe', 'name': 'Le Treffle'}"
OpenStreetMap,node,11275776847,osm_node_11275776847,Narjiss,,,Morocco,Kénitra,,,,34.2574654,-6.5895889,,,,,[],[],,,,,,,,,,,,,2026-07-14T18:30:32.456244,"{'amenity': 'cafe', 'name': 'Narjiss'}"
OpenStreetMap,node,11275781012,osm_node_11275781012,Mini Chicken 2,,,Morocco,Kénitra,,,,34.2573117,-6.590005,,,,,[],[],,,,,,,,,,,,,2026-07-14T18:30:32.456270,"{'amenity': 'restaurant', 'name': 'Mini Chicken 2'}"
OpenStreetMap,node,11275785352,osm_node_11275785352,Black Gold,,,Morocco,Kénitra,,,,34.2574853,-6.590539,,,,,[],[],,,,,,,,,,,,,2026-07-14T18:30:32.456295,"{'amenity': 'restaurant', 'name': 'Black Gold'}"
OpenStreetMap,node,11275807505,osm_node_11275807505,Tres Forcas,,,Morocco,Kénitra,,,,34.2581929,-6.5877711,,,,,[],[],,,,,,,,,,,,,2026-07-14T18:30:32.456321,"{'amenity': 'restaurant', 'name': 'Tres Forcas'}"
OpenStreetMap,node,11390028022,osm_node_11390028022,Café Dalia,,,Morocco,Kénitra,,Avenue Mohamed V شارع محمد الخامس,14000,34.261096,-6.5803654,,,,Mo-Su 07:00-22:00,[],[],,,,,,,,wlan,,,,,2026-07-14T18:30:32.456395,"{'addr:city': 'Kenitra', 'addr:postcode': '14000', 'addr:street': 'Avenue Mohamed V شارع محمد الخامس', 'amenity': 'cafe', 'internet_access': 'wlan', 'name': 'Café Dalia', 'opening_hours': 'Mo-Su 07:00-22:00'}"
OpenStreetMap,node,11390549581,osm_node_11390549581,Café Rendez-vous,,,Morocco,Kénitra,,,,34.2604892,-6.5676416,,,,Mo-Su 07:00-22:00,[],[],,,,,,,,,,,,,2026-07-14T18:30:32.456458,"{'amenity': 'cafe', 'name': 'Café Rendez-vous', 'opening_hours': 'Mo-Su 07:00-22:00'}"
OpenStreetMap,node,11404354695,osm_node_11404354695,Rotisserie al Mizane,,,Morocco,Kénitra,,,,34.2716566,-6.5585541,,,,,[],[],,,,,,,,,,,,,2026-07-14T18:30:32.456490,"{'amenity': 'restaurant', 'name': 'Rotisserie al Mizane'}"
OpenStreetMap,node,11421443401,osm_node_11421443401,Café YAFA,,,Morocco,Kénitra,,,,34.2719623,-6.6253615,,,,,[],[],,,,,,,,,,,,,2026-07-14T18:30:32.456516,"{'amenity': 'restaurant', 'name': 'Café YAFA'}"
OpenStreetMap,node,11421478773,osm_node_11421478773,Merry Time Coffee Snack,,,Morocco,Kénitra,,,,34.2716929,-6.6271812,,,,,[],[],,,,,,,,,,,,,2026-07-14T18:30:32.456541,"{'amenity': 'restaurant', 'name': 'Merry Time Coffee Snack'}"
OpenStreetMap,node,11422573154,osm_node_11422573154,For You,,,Morocco,Kénitra,,,,34.2552626,-6.6191952,,,,,[],['Outdoor Seating'],,,,,,,,,yes,,,,2026-07-14T18:30:32.456575,"{'amenity': 'cafe', 'indoor_seating': 'yes', 'name': 'For You', 'outdoor_seating': 'yes', 'smoking': 'yes'}"
OpenStreetMap,node,11423638109,osm_node_11423638109,,,,Morocco,Kénitra,,Place Moulay Youssef,14000,34.2646543,-6.5703582,,,,Mo-Su 07:00-22:00,[],[],,,,,,,,,,,,,2026-07-14T18:30:32.456610,"{'addr:city': 'KENITRA', 'addr:postcode': '14000', 'addr:street': 'Place Moulay Youssef', 'amenity': 'cafe', 'opening_hours': 'Mo-Su 07:00-22:00'}"
OpenStreetMap,node,11423700486,osm_node_11423700486,,,,Morocco,Kénitra,,,,34.2526544,-6.5916228,,,,,[],[],,,,,,,,,,,,,2026-07-14T18:30:32.456632,{'amenity': 'cafe'}
OpenStreetMap,node,11516345769,osm_node_11516345769,,,,Morocco,Kénitra,,,,34.2603285,-6.5860118,,,,,[],[],,,,,,,,,,,,,2026-07-14T18:30:32.456669,"{'amenity': 'cafe', 'name:fr': 'PESCDO Del Norte'}"
OpenStreetMap,node,11533948769,osm_node_11533948769,,,,Morocco,Kénitra,,,,34.2621417,-6.5836478,,,,,[],[],,,,,,,,,,,,,2026-07-14T18:30:32.456689,"{'amenity': 'cafe', 'name:fr': 'Café Big Love'}"
OpenStreetMap,node,11631434170,osm_node_11631434170,Blue berry,,,Morocco,Kénitra,,,,34.2476603,-6.6093266,,,,,"['breakfast', 'burger', 'cake', 'ice_cream', 'international', 'italian_pizza', 'mediterranean']",[],,,,,,,,,,,,,2026-07-14T18:30:32.456721,"{'amenity': 'restaurant', 'cuisine': 'breakfast;burger;cake;ice_cream;international;italian_pizza;mediterranean', 'name': 'Blue berry'}"
OpenStreetMap,node,11779832669,osm_node_11779832669,,,,Morocco,Kénitra,,,,34.2401536,-6.6156914,,,,,[],[],,,,,,,,,,,,,2026-07-14T18:30:32.456743,"{'amenity': 'cafe', 'name:fr': 'Port moka'}"
OpenStreetMap,node,11812252783,osm_node_11812252783,,,,Morocco,Kénitra,,,,34.2485529,-6.5810988,,,,,[],[],,,,,,,,,,,,,2026-07-14T18:30:32.456765,{'amenity': 'restaurant'}
OpenStreetMap,node,11815397533,osm_node_11815397533,Rotisserie Hassan,,,Morocco,Kénitra,,,,34.258983,-6.5864635,,,,,[],[],,,,,,,,,,,,,2026-07-14T18:30:32.456792,"{'amenity': 'restaurant', 'name': 'Rotisserie Hassan'}"
OpenStreetMap,node,11820184528,osm_node_11820184528,Mille Délices,,,Morocco,Kénitra,,,,34.2636774,-6.5700167,,,,,[],[],,,,,,,,,,,,,2026-07-14T18:30:32.456821,"{'amenity': 'restaurant', 'name': 'Mille Délices'}"
OpenStreetMap,node,11919734434,osm_node_11919734434,Pizza Hut,Pizza Hut,,Morocco,Kénitra,,,,34.2510829,-6.6023431,,,,,['pizza'],[],,,,,,,,,,,,,2026-07-14T18:30:32.456853,"{'amenity': 'restaurant', 'brand': 'Pizza Hut', 'brand:wikidata': 'Q191615', 'cuisine': 'pizza', 'name': 'Pizza Hut'}"
OpenStreetMap,node,11919754265,osm_node_11919754265,دجاج كنتاكي,دجاج كنتاكي,,Morocco,Kénitra,,,,34.2603717,-6.5830476,,,,,['chicken'],['Takeaway'],,,,,,,,,,,,,2026-07-14T18:30:32.456890,"{'amenity': 'fast_food', 'brand': 'دجاج كنتاكي', 'brand:ar': 'دجاج كنتاكي', 'brand:en': 'KFC', 'brand:wikidata': 'Q524757', 'cuisine': 'chicken', 'name': 'دجاج كنتاكي', 'name:ar': 'دجاج كنتاكي', 'name:en': 'KFC', 'takeaway': 'yes'}"
OpenStreetMap,node,11919766821,osm_node_11919766821,Wakame Sushi,,,Morocco,Kénitra,,,,34.2660272,-6.5895147,,,,,[],[],,,,,,,,,,,,,2026-07-14T18:30:32.456920,"{'amenity': 'restaurant', 'name': 'Wakame Sushi'}"
OpenStreetMap,node,11919768582,osm_node_11919768582,Moon Plaza,,,Morocco,Kénitra,,,,34.2521855,-6.6016884,,,,,[],[],,,,,,,,,,,,,2026-07-14T18:30:32.456943,"{'amenity': 'restaurant', 'name': 'Moon Plaza'}"
OpenStreetMap,node,11919768583,osm_node_11919768583,Le Saphir Palace,,,Morocco,Kénitra,,,,34.2485379,-6.6051509,,,,,[],[],,,,,,,,,,,,,2026-07-14T18:30:32.456968,"{'amenity': 'cafe', 'name': 'Le Saphir Palace'}"
OpenStreetMap,node,11919768584,osm_node_11919768584,Sushi Hay,,,Morocco,Kénitra,,,,34.26134,-6.5919894,,,,,[],[],,,,,,,,,,,,,2026-07-14T18:30:32.456991,"{'amenity': 'restaurant', 'name': 'Sushi Hay'}"
OpenStreetMap,node,11919773371,osm_node_11919773371,Chhiwate Ryad Naji,,,Morocco,Kénitra,,,,34.260994,-6.5794266,,,,,['moroccan'],[],,,,,,,,,,,,,2026-07-14T18:30:32.457018,"{'amenity': 'restaurant', 'cuisine': 'moroccan', 'name': 'Chhiwate Ryad Naji'}"
OpenStreetMap,node,11919793895,osm_node_11919793895,Cafe Badr,,,Morocco,Kénitra,,,,34.2543193,-6.6034149,,,,,[],[],,,,,,,,,,,,,2026-07-14T18:30:32.457042,"{'amenity': 'cafe', 'name': 'Cafe Badr'}"
OpenStreetMap,node,11919818833,osm_node_11919818833,Four Seasons snack & grill,,,Morocco,Kénitra,,,,34.2684081,-6.5613659,,,,,['chicken'],[],,,,,,,,,,,,,2026-07-14T18:30:32.457072,"{'amenity': 'restaurant', 'cuisine': 'chicken', 'name': 'Four Seasons snack & grill', 'name:ar': 'مطعم الفصول الأربعة'}"
OpenStreetMap,node,11925312463,osm_node_11925312463,Rippele,,,Morocco,Kénitra,,,,34.2372502,-6.5549565,,,,,[],[],,,,,,,,,,,,,2026-07-14T18:30:32.457096,"{'amenity': 'cafe', 'name': 'Rippele'}"
OpenStreetMap,node,11926859439,osm_node_11926859439,Pizza Hut,Pizza Hut,,Morocco,Kénitra,,,,34.2412038,-6.5707985,,,,,['pizza'],[],,,,,,,,,,,,,2026-07-14T18:30:32.457127,"{'amenity': 'restaurant', 'brand': 'Pizza Hut', 'brand:wikidata': 'Q191615', 'cuisine': 'pizza', 'name': 'Pizza Hut'}"
OpenStreetMap,node,11956334093,osm_node_11956334093,Little Japan,,,Morocco,Kénitra,,,,34.2610945,-6.5890416,,,,,['japanese'],[],,,,,,,,,,,,,2026-07-14T18:30:32.457165,"{'amenity': 'restaurant', 'cuisine': 'japanese', 'name': 'Little Japan'}"
OpenStreetMap,node,11989906735,osm_node_11989906735,Cafe Mina,,,Morocco,Kénitra,,,,34.2554126,-6.5603715,,,,,[],[],,,,,,,,,,,,,2026-07-14T18:30:32.457192,"{'amenity': 'cafe', 'name': 'Cafe Mina'}"
OpenStreetMap,node,11989930905,osm_node_11989930905,Cafe Dar Chabab,,,Morocco,Kénitra,,,,34.2556214,-6.5605995,,,,,[],[],,,,,,,,,,,,,2026-07-14T18:30:32.457220,"{'amenity': 'cafe', 'name': 'Cafe Dar Chabab'}"
OpenStreetMap,node,12014575715,osm_node_12014575715,,,,Morocco,Kénitra,,,,34.2735926,-6.5568815,,,,,[],[],,,,,,,,,,,,,2026-07-14T18:30:32.457243,{'amenity': 'cafe'}
OpenStreetMap,node,12032094539,osm_node_12032094539,,,,Morocco,Kénitra,,,,34.2577058,-6.5922365,,,,,[],[],,,,,,,,,,,,,2026-07-14T18:30:32.457266,{'amenity': 'cafe'}
OpenStreetMap,node,12032096524,osm_node_12032096524,,,,Morocco,Kénitra,,,,34.2487368,-6.5807768,,,,,[],[],,,,,,,,,,,,,2026-07-14T18:30:32.457288,{'amenity': 'restaurant'}
OpenStreetMap,node,12108098817,osm_node_12108098817,Venezia Palace,,,Morocco,Kénitra,,,,34.2609964,-6.5805736,,,,,[],[],,,,,,,,,,,,,2026-07-14T18:30:32.457314,"{'amenity': 'cafe', 'name': 'Venezia Palace'}"
OpenStreetMap,node,12673059071,osm_node_12673059071,Cigala,,,Morocco,Kénitra,,,,34.265177,-6.5876505,,,,,"['seafood', 'pizza', 'fritures']",[],,,,,,,,,,,,,2026-07-14T18:30:32.457350,"{'amenity': 'restaurant', 'cuisine': 'seafood;pizza;fritures', 'name': 'Cigala'}"
OpenStreetMap,node,13006646401,osm_node_13006646401,Bun & Pizz,,,Morocco,Kénitra,,,,34.2687449,-6.6268771,+212669772200,,,Mo-Su 12:00-23:00,"['burger', 'pasta', 'pizza', 'sandwich']",[],,,,,,,,wlan,,,,,2026-07-14T18:30:32.457391,"{'amenity': 'fast_food', 'cuisine': 'burger;pasta;pizza;sandwich', 'internet_access': 'wlan', 'name': 'Bun & Pizz', 'opening_hours': 'Mo-Su 12:00-23:00', 'phone': '+212 6 69 77 22 00'}"
OpenStreetMap,node,13381372601,osm_node_13381372601,مطعم بدر الشام,,,Morocco,Kénitra,,Avenue Mohamed V شارع محمد الخامس,,34.25191,-6.6019303,+212707177178,,,,"['arab', 'grill', 'kebab', 'lebanese', 'turkish']",[],,,,,,,,,,,,,2026-07-14T18:30:32.457436,"{'addr:street': 'Avenue Mohamed V شارع محمد الخامس', 'amenity': 'restaurant', 'cuisine': 'arab;grill;kebab;lebanese;turkish', 'name': 'مطعم بدر الشام', 'name:en': 'Restaurant Badr Acham', 'phone': '+212 7 07 17 71 78'}"
OpenStreetMap,node,13701271382,osm_node_13701271382,Val-Fleury,,,Morocco,Kénitra,,,,34.2674091,-6.5931523,,,,,[],[],,,,,,,,,,,,,2026-07-14T18:30:32.457458,"{'amenity': 'cafe', 'name': 'Val-Fleury'}"
OpenStreetMap,node,13740372296,osm_node_13740372296,cafe oasis,,,Morocco,Kénitra,,,,34.2335866,-6.6093873,,,,,[],[],,,,,,,,,,,,,2026-07-14T18:30:32.457484,"{'amenity': 'cafe', 'name': 'cafe oasis'}"
OpenStreetMap,node,13786923506,osm_node_13786923506,RESTORE FOOD,,,Morocco,Kénitra,,,,34.289585,-6.5046,,,,,[],[],,,,,,,,,,,,,2026-07-14T18:30:32.457508,"{'amenity': 'restaurant', 'name': 'RESTORE FOOD'}"
OpenStreetMap,node,13786937303,osm_node_13786937303,McDonald's Route de Tanger,,,Morocco,Kénitra,,,,34.289293,-6.506604,,,,,[],[],,,,,,,,,,,,,2026-07-14T18:30:32.457535,"{'amenity': 'restaurant', 'name': ""McDonald's Route de Tanger""}"
OpenStreetMap,node,13786937502,osm_node_13786937502,Oasis Café Tafernout,,,Morocco,Kénitra,,,,34.288802,-6.506393,,,,,[],[],,,,,,,,,,,,,2026-07-14T18:30:32.457562,"{'amenity': 'restaurant', 'name': 'Oasis Café Tafernout'}"
OpenStreetMap,node,13786938205,osm_node_13786938205,Oasis Cafe MC village,,,Morocco,Kénitra,,,,34.2900755,-6.5039029,,,,,[],[],,,,,,,,,,,,,2026-07-14T18:30:32.457587,"{'amenity': 'restaurant', 'name': 'Oasis Cafe MC village'}"
OpenStreetMap,node,13816412901,osm_node_13816412901,Réstaurant marina,,,Morocco,Kénitra,,,,34.26369,-6.557787,,,,,[],[],,,,,,,,,,,,,2026-07-14T18:30:32.457612,"{'amenity': 'restaurant', 'name': 'Réstaurant marina'}"
OpenStreetMap,node,13817115001,osm_node_13817115001,Najma Dahabia Stella D'oro,,,Morocco,Kénitra,,,,34.2455208,-6.5396795,,,,,[],[],,,,,,,,,,,,,2026-07-14T18:30:32.457639,"{'amenity': 'cafe', 'name': ""Najma Dahabia Stella D'oro""}"
OpenStreetMap,node,13817115202,osm_node_13817115202,Berouas,,,Morocco,Kénitra,,,,34.25702,-6.547678,,,,,[],[],,,,,,,,,,,,,2026-07-14T18:30:32.457663,"{'amenity': 'cafe', 'name': 'Berouas'}"
OpenStreetMap,way,1497350246,osm_way_1497350246,cafe rime,,,Morocco,Kénitra,,,,34.2632376,-6.579612,,,,,[],[],,,,,,,,yes,,,,,2026-07-14T18:30:32.457693,"{'amenity': 'cafe', 'building': 'yes', 'internet_access': 'yes', 'internet_access:fee': 'yes', 'name': 'cafe rime'}"
OpenStreetMap,node,2429560596,osm_node_2429560596,,,,Morocco,Mohammédia,,,,33.696202,-7.3878652,,,,,['coffee_shop'],[],,,,,,,,,,,,,2026-07-14T18:30:55.138759,"{'amenity': 'cafe', 'cuisine': 'coffee_shop'}"
OpenStreetMap,node,2429560611,osm_node_2429560611,,,,Morocco,Mohammédia,,,,33.6963046,-7.3880422,,,,,['coffee_shop'],[],,,,,,,,,,,,,2026-07-14T18:30:55.138794,"{'amenity': 'cafe', 'cuisine': 'coffee_shop'}"
OpenStreetMap,node,2429578539,osm_node_2429578539,,,,Morocco,Mohammédia,,,,33.7086646,-7.4002009,,,,,[],[],,,,,,,,,,,,,2026-07-14T18:30:55.138841,{'amenity': 'restaurant'}
OpenStreetMap,node,2436624384,osm_node_2436624384,Café du Parc,,,Morocco,Mohammédia,,,,33.7077907,-7.3964169,,,,,[],[],,,,,,,,,,,,,2026-07-14T18:30:55.138888,"{'amenity': 'cafe', 'name': 'Café du Parc'}"
OpenStreetMap,node,2436650375,osm_node_2436650375,Essouiri,,,Morocco,Mohammédia,,,,33.7082346,-7.3991763,,,,,[],[],,,,,,,,,,,,,2026-07-14T18:30:55.138915,"{'amenity': 'restaurant', 'name': 'Essouiri'}"
OpenStreetMap,node,2438952412,osm_node_2438952412,Pizza Hut,Pizza Hut,,Morocco,Mohammédia,,,,33.7079913,-7.3491848,,,,,['pizza'],[],,,,,,,,,,,,,2026-07-14T18:30:55.138944,"{'amenity': 'restaurant', 'brand': 'Pizza Hut', 'brand:wikidata': 'Q191615', 'cuisine': 'pizza', 'name': 'Pizza Hut'}"
OpenStreetMap,node,2464634530,osm_node_2464634530,Café,,,Morocco,Mohammédia,,,,33.6996806,-7.3898974,,,,,[],[],,,,,,,,,,,,,2026-07-14T18:30:55.138964,"{'amenity': 'cafe', 'name': 'Café'}"
OpenStreetMap,node,3908234582,osm_node_3908234582,La vivelle,,,Morocco,Mohammédia,,,,33.69384,-7.3776269,,,,,[],[],,,,,,,,,,,,,2026-07-14T18:30:55.138983,"{'amenity': 'cafe', 'name': 'La vivelle'}"
OpenStreetMap,node,3935697400,osm_node_3935697400,café les 4 saisons,,,Morocco,Mohammédia,,,,33.6947441,-7.3908792,,,,,[],[],,,,,,,,,,,,,2026-07-14T18:30:55.139030,"{'amenity': 'cafe', 'name': 'café les 4 saisons'}"
OpenStreetMap,node,3936527090,osm_node_3936527090,café,,,Morocco,Mohammédia,,,,33.7043934,-7.3930613,,,,,[],[],,,,,,,,,,,,,2026-07-14T18:30:55.139060,"{'amenity': 'cafe', 'name': 'café'}"
OpenStreetMap,node,3936527159,osm_node_3936527159,café,,,Morocco,Mohammédia,,,,33.7054818,-7.39313,,,,,[],[],,,,,,,,,,,,,2026-07-14T18:30:55.139089,"{'amenity': 'cafe', 'name': 'café'}"
OpenStreetMap,node,3938249983,osm_node_3938249983,Café,,,Morocco,Mohammédia,,,,33.7021724,-7.3919077,,,,,[],[],,,,,,,,,,,,,2026-07-14T18:30:55.139109,"{'amenity': 'cafe', 'name': 'Café'}"
OpenStreetMap,node,3946688934,osm_node_3946688934,restaurant poissons,,,Morocco,Mohammédia,,,,33.7111341,-7.3972843,,,,,[],[],,,,,,,,,,,,,2026-07-14T18:30:55.139132,"{'amenity': 'restaurant', 'name': 'restaurant poissons'}"
OpenStreetMap,node,3946689329,osm_node_3946689329,Restaurant du Port,,,Morocco,Mohammédia,,,,33.7092206,-7.3973521,,,,,[],[],,,,,,,,,,,,,2026-07-14T18:30:55.139154,"{'amenity': 'restaurant', 'name': 'Restaurant du Port'}"
OpenStreetMap,node,3946689450,osm_node_3946689450,Restaurant Poisson,,,Morocco,Mohammédia,,,,33.7084877,-7.3981282,,,,,[],[],,,,,,,,,,,,,2026-07-14T18:30:55.139176,"{'amenity': 'restaurant', 'name': 'Restaurant Poisson'}"
OpenStreetMap,node,4128411789,osm_node_4128411789,Bella Costa,,,Morocco,Mohammédia,,Bd Moulay Youssef,,33.7036094,-7.3862017,+212523303003,,,,[],[],,,,,,,,wlan,,,,,2026-07-14T18:30:55.139215,"{'addr:street': 'Bd Moulay Youssef', 'amenity': 'restaurant', 'internet_access': 'wlan', 'name': 'Bella Costa', 'phone': '+212 5 23 30 30 03'}"
OpenStreetMap,node,4166709148,osm_node_4166709148,Café Ali Baba,,,Morocco,Mohammédia,,,,33.7106089,-7.3673482,,,,,[],[],,,,,,,,,,,,,2026-07-14T18:30:55.139239,"{'amenity': 'cafe', 'name': 'Café Ali Baba'}"
OpenStreetMap,node,4166709818,osm_node_4166709818,Ôblanc,,,Morocco,Mohammédia,,,,33.7042931,-7.3691472,,,,,['international'],[],,,,,,,,,,,,,2026-07-14T18:30:55.139289,"{'amenity': 'restaurant', 'cuisine': 'international', 'name': 'Ôblanc'}"
OpenStreetMap,node,4338401491,osm_node_4338401491,Delice,,,Morocco,Mohammédia,,Boulevard des Forces Armées Royales (FAR),,33.7024644,-7.3920858,,,,,"['sandwich', 'hot_dog', 'ice_cream', 'crepe', 'tea', 'sausage', 'cake', 'seafood', 'coffee_shop', 'pizza', 'arab']",[],,,,,,,,wlan,,,,,2026-07-14T18:30:55.139335,"{'addr:street': 'Boulevard des Forces Armées Royales (FAR)', 'amenity': 'restaurant', 'cuisine': 'sandwich;hot_dog;ice_cream;crepe;tea;sausage;cake;seafood;coffee_shop;pizza;arab', 'internet_access': 'wlan', 'name': 'Delice'}"
OpenStreetMap,node,4338426694,osm_node_4338426694,Cup's,,,Morocco,Mohammédia,,Bd Yacoub Al Mansoiur,,33.703763,-7.3987961,,,,,"['tea', 'coffee_shop']",[],,,,,,,,wlan,,,,,2026-07-14T18:30:55.139385,"{'addr:street': 'Bd Yacoub Al Mansoiur', 'amenity': 'cafe', 'cuisine': 'tea;coffee_shop', 'internet_access': 'wlan', 'name': ""Cup's""}"
OpenStreetMap,node,4338438291,osm_node_4338438291,Service Red-one,,,Morocco,Mohammédia,,Boulevard des Forces Armées Royales (FAR),,33.7014004,-7.3913939,,,,,"['sandwich', 'hot_dog', 'pizza', 'sausage']",[],,,,,,,,,,,,,2026-07-14T18:30:55.139423,"{'addr:street': 'Boulevard des Forces Armées Royales (FAR)', 'amenity': 'fast_food', 'cuisine': 'sandwich;hot_dog;pizza;sausage', 'name': 'Service Red-one'}"
OpenStreetMap,node,4688818089,osm_node_4688818089,كوفي,,,Morocco,Mohammédia,,,,33.6782114,-7.3927422,,,,,[],[],,,,,,,,,,,,,2026-07-14T18:30:55.139474,"{'amenity': 'cafe', 'name': 'كوفي', 'name:ar': 'كوفي', 'name:en': 'Coffee'}"
OpenStreetMap,node,4968899823,osm_node_4968899823,,,,Morocco,Mohammédia,,,,33.7056203,-7.3970562,,,,,[],[],,,,,,,,,,,,,2026-07-14T18:30:55.139498,"{'amenity': 'restaurant', 'name:en': 'Jnane Al Fassia'}"
OpenStreetMap,node,5032765012,osm_node_5032765012,Wijdane,,,Morocco,Mohammédia,,,,33.7001348,-7.363233,,,,,[],[],,,,,,,,,,,,,2026-07-14T18:30:55.139531,"{'amenity': 'restaurant', 'name': 'Wijdane'}"
OpenStreetMap,node,5104827032,osm_node_5104827032,Essouiri الصويري,,,Morocco,Mohammédia,,,,33.7079901,-7.3989482,,,,,[],[],,,,,,,,,,,,,2026-07-14T18:30:55.139563,"{'amenity': 'restaurant', 'name': 'Essouiri الصويري', 'name:ar': 'الصويري', 'name:en': 'Essouiri', 'name:fr': 'Essouiri'}"
OpenStreetMap,node,5151496122,osm_node_5151496122,Glacier Méli Mélo مقهى ميلي ميلو,,,Morocco,Mohammédia,,Bd Moulay Youssef,28800,33.7063538,-7.3856,+212523324035,,g.melimelo@menara.ma,07:00-00:00,"['coffee_shop', 'ice_cream', 'tea']",[],,,,,,,,wlan,,,,,2026-07-14T18:30:55.139630,"{'addr:housenumber': '14', 'addr:postcode': '28800', 'addr:street': 'Bd Moulay Youssef', 'amenity': 'cafe', 'cuisine': 'coffee_shop;ice_cream;tea', 'email': 'g.melimelo@menara.ma', 'internet_access': 'wlan', 'name': 'Glacier Méli Mélo مقهى ميلي ميلو', 'name:ar': 'مقهى ميلي ميلو', 'name:en': 'Cafe Meli Melo', 'name:fr': 'Glacier Méli Mélo', 'opening_hours': '07:00-00:00', 'phone': '+212 5 23 32 40 35'}"
OpenStreetMap,node,5249276321,osm_node_5249276321,,,,Morocco,Mohammédia,,"Rue Ouet Zam, Residence Saad ll local 1, Le parc",20800,33.7054476,-7.395065,,,,,[],[],,,,,,,,,,,,,2026-07-14T18:30:55.139670,"{'addr:postcode': '20800', 'addr:street': 'Rue Ouet Zam, Residence Saad ll local 1, Le parc', 'amenity': 'restaurant', 'name:en': 'Le Compoir du sushi'}"
OpenStreetMap,node,5249276521,osm_node_5249276521,,,,Morocco,Mohammédia,,"Residence Karama, Rue Oued Zam Le Parc",,33.7054088,-7.3949916,+212523301645,https://www.yokasushi.com/,,,[],[],,,,,,,,,,,,,2026-07-14T18:30:55.139754,"{'addr:street': 'Residence Karama, Rue Oued Zam Le Parc', 'amenity': 'restaurant', 'name:en': 'Yoka Sushi', 'phone': '+212 5 23 30 16 45', 'website': 'https://www.yokasushi.com/'}"
OpenStreetMap,node,5973061485,osm_node_5973061485,La Grillardiaire,,,Morocco,Mohammédia,,Bd Yacoub Al Mansoiur,28800,33.7033497,-7.3979841,+212523311708,"https://lagrillardiere.ma/adresses/mohammedia,15.html",,Mo-Su 12:00-00:00,['steak_house'],['Takeaway'],,,,,,,,,,,,,2026-07-14T18:30:55.139826,"{'addr:city': 'Mohammedia', 'addr:housenumber': 'PARC PLAZA 1 IMM K N°2', 'addr:postcode': '28800', 'addr:street': 'Bd Yacoub Al Mansoiur', 'amenity': 'restaurant', 'cuisine': 'steak_house', 'diet:halal': 'yes', 'name': 'La Grillardiaire', 'name:fr': 'La Grillardiaire', 'opening_hours': 'Mo-Su 12:00-00:00', 'opening_hours:covid19': 'Mo-Su 12:00-20:00', 'phone': '+212 5 23 31 17 08', 'takeaway': 'yes', 'website': 'https://lagrillardiere.ma/adresses/mohammedia,15.html'}"
OpenStreetMap,node,6428182850,osm_node_6428182850,Roof Sky Lounge,,,Morocco,Mohammédia,,,,33.7093782,-7.3973537,,,,,[],[],,,,,,,,,,,,,2026-07-14T18:30:55.139876,"{'amenity': 'bar', 'name': 'Roof Sky Lounge'}"
OpenStreetMap,node,8756578405,osm_node_8756578405,Domino's,Domino's,,Morocco,Mohammédia,,Bd Yacoub Al Mansoiur,28800,33.7034038,-7.3983982,+212523301919,https://www.dominos.ma,,,['pizza'],['Takeaway'],,,,,,,,,,,,,2026-07-14T18:30:55.139935,"{'addr:city': 'Mohammédia المحمدية', 'addr:postcode': '28800', 'addr:street': 'Bd Yacoub Al Mansoiur', 'amenity': 'fast_food', 'brand': ""Domino's"", 'brand:wikidata': 'Q839466', 'brand:wikipedia': ""en:Domino's Pizza"", 'cuisine': 'pizza', 'drive_through': 'no', 'name': ""Domino's"", 'opening_hours:covid19': 'Mo-Su 11:30-19:00', 'phone': '+212 5 23 30 19 19', 'takeaway': 'yes', 'website': 'https://www.dominos.ma'}"
OpenStreetMap,node,9826037439,osm_node_9826037439,Mogador,,,Morocco,Mohammédia,,,,33.7076784,-7.3990008,,,,,[],[],,,,,,,,,,,,,2026-07-14T18:30:55.139960,"{'amenity': 'restaurant', 'name': 'Mogador'}"
OpenStreetMap,node,9954432818,osm_node_9954432818,Espace 5 Octobre,,,Morocco,Mohammédia,,,,33.7025842,-7.3925875,,,,,['moroccan'],[],,,,,,,,,,,,,2026-07-14T18:30:55.139989,"{'amenity': 'cafe', 'cuisine': 'moroccan', 'name': 'Espace 5 Octobre'}"
OpenStreetMap,node,10554346109,osm_node_10554346109,,,,Morocco,Mohammédia,,,,33.6989596,-7.3967822,,,,,[],[],,,,,,,,,,,,,2026-07-14T18:30:55.140010,"{'amenity': 'restaurant', 'name:fr': 'PIZZERIA PAOLO'}"
OpenStreetMap,node,10608636705,osm_node_10608636705,,,,Morocco,Mohammédia,,,,33.6989264,-7.3967796,,,,,[],[],,,,,,,,,,,,,2026-07-14T18:30:55.140031,"{'amenity': 'restaurant', 'name:fr': 'PIZZERIA PAOLO'}"
OpenStreetMap,node,10788599853,osm_node_10788599853,Restaurant Moogly's,,,Morocco,Mohammédia,,,,33.704397,-7.3969605,,,,lun-dim 8:00 20:00,['brunchs'],[],,,,,,,,,,,,,2026-07-14T18:30:55.140064,"{'amenity': 'restaurant', 'cuisine': 'brunchs', 'diet:local': 'yes', 'name': ""Restaurant Moogly's"", 'opening_hours': 'lun-dim 8:00 20:00'}"
OpenStreetMap,node,12673108544,osm_node_12673108544,,,,Morocco,Mohammédia,,,,33.703407,-7.3954582,,,,,[],[],,,,,,,,,,,,,2026-07-14T18:30:55.140086,{'amenity': 'cafe'}
OpenStreetMap,node,12673108546,osm_node_12673108546,La Grillardiaire,,,Morocco,Mohammédia,,,,33.7033231,-7.3982428,,,,,[],[],,,,,,,,,,,,,2026-07-14T18:30:55.140111,"{'amenity': 'restaurant', 'name': 'La Grillardiaire'}"
OpenStreetMap,node,12673108547,osm_node_12673108547,Sushi Kai,,,Morocco,Mohammédia,,,,33.7030508,-7.3985432,,,,,[],[],,,,,,,,,,,,,2026-07-14T18:30:55.140135,"{'amenity': 'restaurant', 'name': 'Sushi Kai'}"
OpenStreetMap,node,12673108548,osm_node_12673108548,,,,Morocco,Mohammédia,,,,33.7068469,-7.3992745,,,,,[],[],,,,,,,,,,,,,2026-07-14T18:30:55.140157,{'amenity': 'restaurant'}
OpenStreetMap,node,12673108549,osm_node_12673108549,,,,Morocco,Mohammédia,,,,33.7070194,-7.3995672,,,,,[],[],,,,,,,,,,,,,2026-07-14T18:30:55.140178,{'amenity': 'restaurant'}
OpenStreetMap,node,13462218001,osm_node_13462218001,Le Vintro,,,Morocco,Mohammédia,,Boulevard de fès,,33.7067771,-7.3951314,+212521501501,,,Su-Th 12:00-23:00; Fr-Sa 12:00-00:00,"['american', 'italian', 'italian_pizza']",['Outdoor Seating'],,,,,,,,,,,,,2026-07-14T18:30:55.140223,"{'addr:street': 'Boulevard de fès', 'amenity': 'restaurant', 'cuisine': 'american;italian;italian_pizza', 'name': 'Le Vintro', 'opening_hours': 'Su-Th 12:00-23:00; Fr-Sa 12:00-00:00', 'outdoor_seating': 'yes', 'phone': '+212 5 21 50 15 01', 'self_service': 'no'}"
OpenStreetMap,node,13462220701,osm_node_13462220701,La Gaufrette : Café & Snack,,,Morocco,Mohammédia,,,,33.7052069,-7.3973099,,,,,[],[],,,,,,,,,,,,,2026-07-14T18:30:55.140251,"{'amenity': 'cafe', 'name': 'La Gaufrette : Café & Snack'}"
OpenStreetMap,node,13462665701,osm_node_13462665701,BARISTAS,,,Morocco,Mohammédia,,Bd Mohamed Zerktouni,,33.704587,-7.3980198,,,,Mo-Su 07:00-00:00,[],['Outdoor Seating'],,,,,,,,,,,,,2026-07-14T18:30:55.140295,"{'addr:street': 'Bd Mohamed Zerktouni', 'amenity': 'restaurant', 'name': 'BARISTAS', 'opening_hours': 'Mo-Su 07:00-00:00', 'outdoor_seating': 'yes', 'self_service': 'no'}"
OpenStreetMap,node,13470250501,osm_node_13470250501,Cup of joy,,,Morocco,Mohammédia,,Rue Oued Zem زنقة واد زم,,33.7073702,-7.3976441,,,,,[],[],,,,,,,,,,,,,2026-07-14T18:30:55.140329,"{'addr:street': 'Rue Oued Zem زنقة واد زم', 'amenity': 'cafe', 'name': 'Cup of joy'}"
OpenStreetMap,node,13470256901,osm_node_13470256901,Coffee&Milk,,,Morocco,Mohammédia,,,,33.7070902,-7.3971686,,,,Mo-Su 07:00-23:30,[],[],,,,,,,,,,,,,2026-07-14T18:30:55.140364,"{'amenity': 'cafe', 'name': 'Coffee&Milk', 'opening_hours': 'Mo-Su 07:00-23:30'}"
OpenStreetMap,node,13470258901,osm_node_13470258901,Golf Club Restaurant,,,Morocco,Mohammédia,,,,33.7047494,-7.4038761,,,,,[],['Outdoor Seating'],,,,,,,,,,,,,2026-07-14T18:30:55.140391,"{'amenity': 'restaurant', 'name': 'Golf Club Restaurant', 'outdoor_seating': 'yes', 'self_service': 'no'}"
OpenStreetMap,node,13786923502,osm_node_13786923502,TACOS ONLY,,,Morocco,Mohammédia,,,,33.6799907,-7.4023332,,,,,[],[],,,,,,,,,,,,,2026-07-14T18:30:55.140416,"{'amenity': 'restaurant', 'name': 'TACOS ONLY'}"
OpenStreetMap,node,13786937301,osm_node_13786937301,ستريت فود,,,Morocco,Mohammédia,,,,33.6771584,-7.3934207,,,,,[],[],,,,,,,,,,,,,2026-07-14T18:30:55.140442,"{'amenity': 'restaurant', 'name': 'ستريت فود'}"
OpenStreetMap,node,13786937501,osm_node_13786937501,Marius Mohammedia,,,Morocco,Mohammédia,,,,33.696808,-7.390969,,,,,[],[],,,,,,,,,,,,,2026-07-14T18:30:55.140467,"{'amenity': 'restaurant', 'name': 'Marius Mohammedia'}"
OpenStreetMap,node,13788171002,osm_node_13788171002,Boost Coffee,,,Morocco,Mohammédia,,,,33.7053538,-7.3941848,,,,,[],[],,,,,,,,,,,,,2026-07-14T18:30:55.140491,"{'amenity': 'cafe', 'name': 'Boost Coffee'}"
OpenStreetMap,node,13788171109,osm_node_13788171109,أسماك المحيط,,,Morocco,Mohammédia,,,,33.680769,-7.389665,,,,,[],[],,,,,,,,,,,,,2026-07-14T18:30:55.140521,"{'amenity': 'restaurant', 'name': 'أسماك المحيط'}"
OpenStreetMap,node,13788171110,osm_node_13788171110,مطعم درب حلب السوري,,,Morocco,Mohammédia,,,,33.705316,-7.397075,,,,,[],[],,,,,,,,,,,,,2026-07-14T18:30:55.140548,"{'amenity': 'restaurant', 'name': 'مطعم درب حلب السوري'}"
OpenStreetMap,node,13788171111,osm_node_13788171111,Casa José,,,Morocco,Mohammédia,,,,33.7042294,-7.3930074,,,,,[],[],,,,,,,,,,,,,2026-07-14T18:30:55.140574,"{'amenity': 'restaurant', 'name': 'Casa José'}"
OpenStreetMap,node,13788171502,osm_node_13788171502,Little Mamma,,,Morocco,Mohammédia,,,,33.705008,-7.396212,,,,,[],[],,,,,,,,,,,,,2026-07-14T18:30:55.140598,"{'amenity': 'restaurant', 'name': 'Little Mamma'}"
OpenStreetMap,node,13788171601,osm_node_13788171601,أسماك عدنان، المحمدية.,,,Morocco,Mohammédia,,,,33.679633,-7.389235,,,,,[],[],,,,,,,,,,,,,2026-07-14T18:30:55.140624,"{'amenity': 'restaurant', 'name': 'أسماك عدنان، المحمدية.'}"
OpenStreetMap,node,13970313102,osm_node_13970313102,Ô Santa Beach,,,Morocco,Mohammédia,,Boulevard Hassan II شارع الحسن الثاني,,33.7166534,-7.3421608,,,,,[],[],,,,,,,,,,,,,2026-07-14T18:30:55.140659,"{'addr:street': 'Boulevard Hassan II شارع الحسن الثاني', 'amenity': 'restaurant', 'name': 'Ô Santa Beach'}"
OpenStreetMap,way,545535851,osm_way_545535851,Riad Nassim Al Houda,,,Morocco,Mohammédia,,,,33.6797568,-7.4012456,,,,,[],[],,,,,,,,,,,,,2026-07-14T18:30:55.140687,"{'amenity': 'cafe', 'building': 'yes', 'name': 'Riad Nassim Al Houda'}"
OpenStreetMap,way,545914950,osm_way_545914950,Ocoin,,,Morocco,Mohammédia,,,,33.7013982,-7.3617415,,,,,[],[],,,,,,,,,,,,,2026-07-14T18:30:55.140712,"{'amenity': 'cafe', 'building': 'yes', 'name': 'Ocoin'}"
OpenStreetMap,way,545932121,osm_way_545932121,Annasr,,,Morocco,Mohammédia,,,,33.6976839,-7.3585111,,,,,[],[],,,,,,,,,,,,,2026-07-14T18:30:55.140735,"{'amenity': 'cafe', 'building': 'yes', 'name': 'Annasr'}"
OpenStreetMap,way,590203781,osm_way_590203781,McDonald's,McDonald's,,Morocco,Mohammédia,,,,33.7086022,-7.3500802,,,,,['burger'],['Takeaway'],,,,,,,,,,,,,2026-07-14T18:30:55.140768,"{'amenity': 'fast_food', 'brand': ""McDonald's"", 'brand:ar': 'مكدونالدز', 'brand:es': ""McDonald's"", 'brand:fr': ""McDonald's"", 'brand:wikidata': 'Q38076', 'brand:wikipedia': ""fr:McDonald's"", 'building': 'yes', 'cuisine': 'burger', 'name': ""McDonald's"", 'name:ar': 'مكدونالدز', 'name:es': ""McDonald's"", 'name:fr': ""McDonald's"", 'takeaway': 'yes'}"
OpenStreetMap,node,1660576863,osm_node_1660576863,Restaurants,,,Morocco,Ifrane,,,,33.5393091,-5.1057721,,,,,[],[],,,,,,,,,,,,,2026-07-14T18:31:12.319471,"{'amenity': 'restaurant', 'name': 'Restaurants'}"
OpenStreetMap,node,1660576875,osm_node_1660576875,Chez Said,,,Morocco,Ifrane,,,,33.5261354,-5.1163997,,,,,['sandwich'],[],,,,,,,,,,,,,2026-07-14T18:31:12.319510,"{'amenity': 'fast_food', 'cuisine': 'sandwich', 'name': 'Chez Said'}"
OpenStreetMap,node,1660576906,osm_node_1660576906,Cafeteria Newrest,,,Morocco,Ifrane,,,,33.5392749,-5.1060704,,,,,[],[],,,,,,,,,,,,,2026-07-14T18:31:12.319532,"{'amenity': 'cafe', 'name': 'Cafeteria Newrest'}"
OpenStreetMap,node,1660576910,osm_node_1660576910,Restaurant Al-Akhawayn,,,Morocco,Ifrane,,,,33.5256644,-5.1158846,,,,,[],[],,,,,,,,,,,,,2026-07-14T18:31:12.319550,"{'amenity': 'restaurant', 'name': 'Restaurant Al-Akhawayn'}"
OpenStreetMap,node,1660576987,osm_node_1660576987,Restaurant Chez Amal,,,Morocco,Ifrane,,,,33.5257643,-5.1161257,,,,,[],[],,,,,,,,,,,,,2026-07-14T18:31:12.319586,"{'amenity': 'restaurant', 'name': 'Restaurant Chez Amal'}"
OpenStreetMap,node,1660576988,osm_node_1660576988,,,,Morocco,Ifrane,,,,33.5259343,-5.1158567,,,,,[],[],,,,,,,,,,,,,2026-07-14T18:31:12.319612,{'amenity': 'fast_food'}
OpenStreetMap,node,1660576992,osm_node_1660576992,Chicken Restaurant,,,Morocco,Ifrane,,,,33.5260765,-5.1156509,,,,,[],[],,,,,,,,,,,,,2026-07-14T18:31:12.319639,"{'amenity': 'restaurant', 'fixme': 'name', 'name': 'Chicken Restaurant'}"
OpenStreetMap,node,1660577021,osm_node_1660577021,,,,Morocco,Ifrane,,,,33.5293162,-5.1071559,,,,,[],[],,,,,,,,,,,,,2026-07-14T18:31:12.319664,"{'amenity': 'cafe', 'shop': 'bakery'}"
OpenStreetMap,node,1660577048,osm_node_1660577048,La Paix,,,Morocco,Ifrane,,,,33.528589,-5.1070631,,,,,[],[],,,,,,,,wlan,,,,,2026-07-14T18:31:12.319697,"{'amenity': 'restaurant', 'internet_access': 'wlan', 'internet_access:fee': 'no', 'name': 'La Paix'}"
OpenStreetMap,node,1698451245,osm_node_1698451245,Forest,,,Morocco,Ifrane,,,,33.5290442,-5.1073719,,,,,[],[],,,,,,,,,,,,,2026-07-14T18:31:12.319717,"{'amenity': 'restaurant', 'name': 'Forest'}"
OpenStreetMap,node,2793706811,osm_node_2793706811,Platene,,,Morocco,Ifrane,,,,33.5258853,-5.1161498,,https://www.facebook.com/RestaurantPlatane,,,['moroccan'],[],,,,,,,,,outside,,,,2026-07-14T18:31:12.319811,"{'addr:city': 'IFRANE', 'amenity': 'restaurant', 'capacity': '50', 'cuisine': 'moroccan', 'name': 'Platene', 'smoking': 'outside', 'website': 'https://www.facebook.com/RestaurantPlatane'}"
OpenStreetMap,node,3206573887,osm_node_3206573887,Chamonix شاموني,,,Morocco,Ifrane,,,,33.5286179,-5.106321,,,,,[],[],,,,,,,,,,,,,2026-07-14T18:31:12.319844,"{'addr:city': 'إفران', 'addr:city:ar': 'إفران', 'amenity': 'restaurant', 'name': 'Chamonix شاموني', 'name:ar': 'شاموني', 'name:etymology': 'شاموني', 'name:etymology:wikidata': 'Q83236', 'name:etymology:wikipedia': 'ar:شاموني', 'name:fr': 'Chamonix'}"
OpenStreetMap,node,3206574753,osm_node_3206574753,Le Master,,,Morocco,Ifrane,,,,33.5286896,-5.107342,,,,,[],[],,,,,,,,,,,,,2026-07-14T18:31:12.319869,"{'amenity': 'restaurant', 'name': 'Le Master'}"
OpenStreetMap,node,5332192857,osm_node_5332192857,L'Empreinte d'Ifrane,,,Morocco,Ifrane,,,,33.5293418,-5.1075016,,,,,[],"['Takeaway', 'Outdoor Seating']",,,,,,,,,separated,,,,2026-07-14T18:31:12.319900,"{'amenity': 'restaurant', 'name': ""L'Empreinte d'Ifrane"", 'outdoor_seating': 'yes', 'smoking': 'separated', 'takeaway': 'yes'}"
OpenStreetMap,node,5332192858,osm_node_5332192858,Bonsai Sushi Bar,,,Morocco,Ifrane,,,,33.528921,-5.1098057,,,,,"['sushi', 'asian', 'japanese']","['Takeaway', 'Outdoor Seating']",,,,,,,,,outside,,,,2026-07-14T18:31:12.319936,"{'amenity': 'restaurant', 'capacity': '35', 'cuisine': 'sushi;asian;japanese', 'delivery': 'no', 'name': 'Bonsai Sushi Bar', 'outdoor_seating': 'yes', 'smoking': 'outside', 'takeaway': 'yes'}"
OpenStreetMap,node,5332192859,osm_node_5332192859,Hani Cook,,,Morocco,Ifrane,,,,33.5291345,-5.1097351,,,,,"['fast_food', 'Cakes']",['Takeaway'],,,,,,,,,yes,,,,2026-07-14T18:31:12.319966,"{'amenity': 'restaurant', 'capacity': '30', 'cuisine': 'fast_food;Cakes', 'delivery': 'no', 'name': 'Hani Cook', 'outdoor_seating': 'no', 'smoking': 'yes', 'takeaway': 'yes'}"
OpenStreetMap,node,5876491086,osm_node_5876491086,,,,Morocco,Ifrane,,,,33.5285884,-5.1073713,,,,,[],[],,,,,,,,,,,,,2026-07-14T18:31:12.319988,"{'amenity': 'cafe', 'name:en': 'L’address'}"
OpenStreetMap,node,6337517285,osm_node_6337517285,,,,Morocco,Ifrane,,,,33.5255142,-5.1159529,,,,,[],[],,,,,,,,,,,,,2026-07-14T18:31:12.320033,"{'amenity': 'restaurant', 'name:en': 'Restaurant Vitel'}"
OpenStreetMap,node,6609331031,osm_node_6609331031,Beethoven,,,Morocco,Ifrane,,,,33.5289815,-5.1098598,,,,,['ice_cream'],['Takeaway'],,,,,,,,,,,,,2026-07-14T18:31:12.320063,"{'amenity': 'cafe', 'cuisine': 'ice_cream', 'name': 'Beethoven', 'takeaway': 'yes'}"
OpenStreetMap,node,10775021007,osm_node_10775021007,,,,Morocco,Ifrane,,,,33.5289595,-5.1091227,,,,,[],[],,,,,,,,,,,,,2026-07-14T18:31:12.320089,"{'amenity': 'restaurant', 'name:de': 'Foodie - geile Burger'}"
OpenStreetMap,node,11635270669,osm_node_11635270669,,,,Morocco,Ifrane,,,,33.5287777,-5.10741,,,,,[],[],,,,,,,,,,,,,2026-07-14T18:31:12.320113,"{'amenity': 'cafe', 'name:fr': 'Green café'}"
OpenStreetMap,node,13696104001,osm_node_13696104001,foodies,,,Morocco,Ifrane,,,,33.5288067,-5.109014,,,,,"['burger', 'sandwich']",[],,,,,,,,,,,,,2026-07-14T18:31:12.320142,"{'amenity': 'restaurant', 'cuisine': 'burger;sandwich', 'name': 'foodies'}"
OpenStreetMap,node,13779781717,osm_node_13779781717,Restaurant les Saveurs des Monts,,,Morocco,Ifrane,,,,33.517335,-5.137192,,,,,[],[],,,,,,,,,,,,,2026-07-14T18:31:12.320172,"{'amenity': 'restaurant', 'name': 'Restaurant les Saveurs des Monts'}"
OpenStreetMap,node,13779781718,osm_node_13779781718,Houari Grill,,,Morocco,Ifrane,,,,33.522853,-5.119695,,,,,[],[],,,,,,,,,,,,,2026-07-14T18:31:12.320199,"{'amenity': 'restaurant', 'name': 'Houari Grill'}"
OpenStreetMap,node,13779781719,osm_node_13779781719,Tonton shawarma,,,Morocco,Ifrane,,,,33.537061,-5.119754,,,,,[],[],,,,,,,,,,,,,2026-07-14T18:31:12.320225,"{'amenity': 'restaurant', 'name': 'Tonton shawarma'}"
OpenStreetMap,node,13779782208,osm_node_13779782208,Perk & Roll,,,Morocco,Ifrane,,,,33.51772,-5.121157,,,,,[],[],,,,,,,,,,,,,2026-07-14T18:31:12.320252,"{'amenity': 'cafe', 'name': 'Perk & Roll'}"
OpenStreetMap,node,13779782412,osm_node_13779782412,مقهى فلورانس,,,Morocco,Ifrane,,,,33.539543,-5.118937,,,,,[],[],,,,,,,,,,,,,2026-07-14T18:31:12.320280,"{'amenity': 'cafe', 'name': 'مقهى فلورانس'}"
OpenStreetMap,node,13779782413,osm_node_13779782413,مقهى يعقوب,,,Morocco,Ifrane,,,,33.542877,-5.118867,,,,,[],[],,,,,,,,,,,,,2026-07-14T18:31:12.320306,"{'amenity': 'cafe', 'name': 'مقهى يعقوب'}"
OpenStreetMap,node,13779782507,osm_node_13779782507,Boulangerie Pâtisserie,,,Morocco,Ifrane,,,,33.52402,-5.119689,,,,,[],[],,,,,,,,,,,,,2026-07-14T18:31:12.320334,"{'amenity': 'restaurant', 'name': 'Boulangerie Pâtisserie'}"
OpenStreetMap,node,13779782508,osm_node_13779782508,Chez mi'ma,,,Morocco,Ifrane,,,,33.523714,-5.121142,,,,,[],[],,,,,,,,,,,,,2026-07-14T18:31:12.320361,"{'amenity': 'restaurant', 'name': ""Chez mi'ma""}"
OpenStreetMap,node,13779782509,osm_node_13779782509,La Bella Napoli,,,Morocco,Ifrane,,,,33.524516,-5.120843,,,,,[],[],,,,,,,,,,,,,2026-07-14T18:31:12.320388,"{'amenity': 'restaurant', 'name': 'La Bella Napoli'}"
OpenStreetMap,node,13779782510,osm_node_13779782510,Lechalet Coffee shop,,,Morocco,Ifrane,,,,33.534846,-5.119715,,,,,[],[],,,,,,,,,,,,,2026-07-14T18:31:12.320415,"{'amenity': 'cafe', 'name': 'Lechalet Coffee shop'}"
OpenStreetMap,node,13816254703,osm_node_13816254703,King of Crepes,,,Morocco,Ifrane,,,,33.5285724,-5.1068898,,,,,[],[],,,,,,,,,,,,,2026-07-14T18:31:12.320442,"{'amenity': 'restaurant', 'name': 'King of Crepes'}"
OpenStreetMap,node,13816254704,osm_node_13816254704,مقهى مطعم السلام,,,Morocco,Ifrane,,,,33.528639,-5.107227,,,,,[],[],,,,,,,,,,,,,2026-07-14T18:31:12.320470,"{'amenity': 'restaurant', 'name': 'مقهى مطعم السلام'}"
OpenStreetMap,way,490779393,osm_way_490779393,,,,Morocco,Ifrane,,,,33.547638,-5.1121922,,,,,[],[],,,,,,,,,,,,,2026-07-14T18:31:12.320495,"{'amenity': 'restaurant', 'building': 'yes'}"
OpenStreetMap,node,4303226624,osm_node_4303226624,Café Hôtel Sahara,,,Morocco,Dakhla,,,,23.6978587,-15.9314142,,,,,[],[],,,,,,,,,,,,,2026-07-14T18:31:27.979393,"{'amenity': 'bar', 'name': 'Café Hôtel Sahara'}"
OpenStreetMap,node,4707071289,osm_node_4707071289,Panini Vegetal,,,Morocco,Dakhla,,,,23.6990104,-15.9303596,,,,,['sandwich'],[],,,,,,,,,,,,,2026-07-14T18:31:27.979440,"{'amenity': 'fast_food', 'cuisine': 'sandwich', 'name': 'Panini Vegetal'}"
OpenStreetMap,node,5249528069,osm_node_5249528069,Ritaj,,,Morocco,Dakhla,,,,23.7007189,-15.9292947,,,,,[],['Outdoor Seating'],,,,,,,,,,,,,2026-07-14T18:31:27.979465,"{'amenity': 'fast_food', 'name': 'Ritaj', 'outdoor_seating': 'yes'}"
OpenStreetMap,node,5265787321,osm_node_5265787321,Chic Choc,,,Morocco,Dakhla,,,,23.6988497,-15.9301003,,,,,[],['Outdoor Seating'],,,,,,,,wlan,,,,,2026-07-14T18:31:27.979487,"{'amenity': 'cafe', 'internet_access': 'wlan', 'name': 'Chic Choc', 'outdoor_seating': 'yes'}"
OpenStreetMap,node,5302329603,osm_node_5302329603,Il Postino,,,Morocco,Dakhla,,,,23.7028993,-15.9276943,,,,,['pizza'],"['Delivery', 'Takeaway']",,,,,,,,,,,,,2026-07-14T18:31:27.979510,"{'amenity': 'fast_food', 'cuisine': 'pizza', 'delivery': 'yes', 'name': 'Il Postino', 'takeaway': 'yes'}"
OpenStreetMap,node,5302330166,osm_node_5302330166,Café Miramar,,,Morocco,Dakhla,,,,23.7351551,-15.9162779,,,,,[],[],,,,,,,,,,,,,2026-07-14T18:31:27.979529,"{'amenity': 'cafe', 'name': 'Café Miramar'}"
OpenStreetMap,node,5303397568,osm_node_5303397568,La Baie d'Or,,,Morocco,Dakhla,,,,23.6989987,-15.9306,,,,,"['burger', 'pizza', 'sandwich']","['Takeaway', 'Outdoor Seating']",,,,,,,,,,,,,2026-07-14T18:31:27.979551,"{'amenity': 'fast_food', 'cuisine': 'burger;pizza;sandwich', 'name': ""La Baie d'Or"", 'outdoor_seating': 'yes', 'takeaway': 'yes', 'wheelchair': 'limited'}"
OpenStreetMap,node,5303397572,osm_node_5303397572,,,,Morocco,Dakhla,,,,23.7005582,-15.9297784,,,,,[],['Outdoor Seating'],,,,,,,,,,,,,2026-07-14T18:31:27.979568,"{'amenity': 'cafe', 'outdoor_seating': 'yes'}"
OpenStreetMap,node,5303397585,osm_node_5303397585,Café Villa Cisneros,,,Morocco,Dakhla,,,,23.7027746,-15.9285827,,,,,[],['Outdoor Seating'],,,,,,,,,,,,,2026-07-14T18:31:27.979589,"{'amenity': 'cafe', 'name': 'Café Villa Cisneros', 'outdoor_seating': 'yes'}"
OpenStreetMap,node,5303397589,osm_node_5303397589,Prestigia,,,Morocco,Dakhla,,,,23.7016288,-15.9307573,,,,,[],['Outdoor Seating'],,,,,,,,wlan,,,,,2026-07-14T18:31:27.979611,"{'amenity': 'cafe', 'internet_access': 'wlan', 'name': 'Prestigia', 'outdoor_seating': 'yes'}"
OpenStreetMap,node,5303397597,osm_node_5303397597,,,,Morocco,Dakhla,,,,23.7022429,-15.92864,,,,,[],['Outdoor Seating'],,,,,,,,,,,,,2026-07-14T18:31:27.979629,"{'amenity': 'cafe', 'outdoor_seating': 'yes'}"
OpenStreetMap,node,5303397602,osm_node_5303397602,Lagune Food,,,Morocco,Dakhla,,,,23.7022315,-15.9274718,,,,,"['regional', 'seafood']",['Outdoor Seating'],,,,,,,,,,,,,2026-07-14T18:31:27.979653,"{'amenity': 'restaurant', 'cuisine': 'regional;seafood', 'name': 'Lagune Food', 'outdoor_seating': 'yes', 'wheelchair': 'limited'}"
OpenStreetMap,node,5303854457,osm_node_5303854457,,,,Morocco,Dakhla,,,,23.6995313,-15.9302569,,,,,[],[],,,,,,,,wlan,,,,,2026-07-14T18:31:27.979674,"{'addr:city': 'Dajla', 'addr:city:ar': 'الداخلة', 'addr:city:es': 'Dajla', 'amenity': 'cafe', 'internet_access': 'wlan'}"
OpenStreetMap,node,5303854501,osm_node_5303854501,French Burgers,,,Morocco,Dakhla,,,,23.7032413,-15.9278198,,,,,['burger'],[],,,,,,,,,,,,,2026-07-14T18:31:27.979698,"{'amenity': 'fast_food', 'cuisine': 'burger', 'name': 'French Burgers'}"
OpenStreetMap,node,5305115004,osm_node_5305115004,,,,Morocco,Dakhla,,,,23.6977965,-15.9314503,,,,,[],['Outdoor Seating'],,,,,,,,,,,,,2026-07-14T18:31:27.979717,"{'amenity': 'cafe', 'outdoor_seating': 'yes'}"
OpenStreetMap,node,5305115005,osm_node_5305115005,,,,Morocco,Dakhla,,,,23.700482,-15.9293557,,,,,[],['Outdoor Seating'],,,,,,,,,,,,,2026-07-14T18:31:27.979738,"{'amenity': 'cafe', 'outdoor_seating': 'yes'}"
OpenStreetMap,node,5305115012,osm_node_5305115012,Tasty,,,Morocco,Dakhla,,,,23.6949827,-15.933012,,,,,[],['Outdoor Seating'],,,,,,,,,,,,,2026-07-14T18:31:27.979761,"{'amenity': 'fast_food', 'name': 'Tasty', 'outdoor_seating': 'yes'}"
OpenStreetMap,node,5305115015,osm_node_5305115015,Rayan,,,Morocco,Dakhla,,,,23.7010095,-15.929183,,,,,"['burger', 'pizza']","['Takeaway', 'Outdoor Seating']",,,,,,,,,,,,,2026-07-14T18:31:27.979788,"{'amenity': 'fast_food', 'cuisine': 'burger;pizza', 'name': 'Rayan', 'outdoor_seating': 'yes', 'takeaway': 'yes'}"
OpenStreetMap,node,5305115017,osm_node_5305115017,Snack Ikram,,,Morocco,Dakhla,,,,23.6988584,-15.9298952,,,,,"['pizza', 'sandwich']",['Outdoor Seating'],,,,,,,,,,,,,2026-07-14T18:31:27.979821,"{'amenity': 'fast_food', 'cuisine': 'pizza;sandwich', 'name': 'Snack Ikram', 'outdoor_seating': 'yes'}"
OpenStreetMap,node,5305115019,osm_node_5305115019,Café Meraliz,,,Morocco,Dakhla,,,,23.6949007,-15.9327611,,,,,[],['Outdoor Seating'],,,,,,,,wlan,,,,,2026-07-14T18:31:27.979852,"{'amenity': 'cafe', 'internet_access': 'wlan', 'name': 'Café Meraliz', 'outdoor_seating': 'yes'}"
OpenStreetMap,node,5305115624,osm_node_5305115624,Hassan Fruit,,,Morocco,Dakhla,,,,23.7011824,-15.9291473,,,,,['sandwich'],['Outdoor Seating'],,,,,,,,,,,,,2026-07-14T18:31:27.979881,"{'amenity': 'fast_food', 'cuisine': 'sandwich', 'diet:vegetarian': 'yes', 'name': 'Hassan Fruit', 'outdoor_seating': 'yes'}"
OpenStreetMap,node,5305115629,osm_node_5305115629,Villa Dakhla,,,Morocco,Dakhla,,,,23.6971004,-15.9311631,,,,,[],[],,,,,,,,,,,,,2026-07-14T18:31:27.979905,"{'amenity': 'restaurant', 'name': 'Villa Dakhla', 'name:es': 'Villa Dajla'}"
OpenStreetMap,node,5305115632,osm_node_5305115632,Diamant du Sahara,,,Morocco,Dakhla,,,,23.6951554,-15.9328523,,,,,['seafood'],['Outdoor Seating'],,,,,,,,,,,,,2026-07-14T18:31:27.979936,"{'amenity': 'restaurant', 'cuisine': 'seafood', 'name': 'Diamant du Sahara', 'outdoor_seating': 'yes'}"
OpenStreetMap,node,5305115633,osm_node_5305115633,Café Venizia,,,Morocco,Dakhla,,,,23.6990657,-15.9298081,,,,,[],['Outdoor Seating'],,,,,,,,,,,,,2026-07-14T18:31:27.979964,"{'amenity': 'cafe', 'name': 'Café Venizia', 'outdoor_seating': 'yes'}"
OpenStreetMap,node,5305115645,osm_node_5305115645,Café Ocarina,,,Morocco,Dakhla,,,,23.6949133,-15.9330684,,,,,[],['Outdoor Seating'],,,,,,,,wlan,,,,,2026-07-14T18:31:27.979991,"{'amenity': 'cafe', 'internet_access': 'wlan', 'name': 'Café Ocarina', 'outdoor_seating': 'yes'}"
OpenStreetMap,node,5306441293,osm_node_5306441293,La Pause,,,Morocco,Dakhla,,,,23.7037835,-15.9276081,,,,,[],['Outdoor Seating'],,,,,,,,,,,,,2026-07-14T18:31:27.980014,"{'amenity': 'cafe', 'name': 'La Pause', 'outdoor_seating': 'yes'}"
OpenStreetMap,node,5306441296,osm_node_5306441296,Café Minimax,,,Morocco,Dakhla,,,,23.7088056,-15.9256981,,,,,[],['Outdoor Seating'],,,,,,,,,,,,,2026-07-14T18:31:27.980038,"{'amenity': 'cafe', 'name': 'Café Minimax', 'outdoor_seating': 'yes'}"
OpenStreetMap,node,5306441298,osm_node_5306441298,Flaman Rose,,,Morocco,Dakhla,,,,23.7355267,-15.9161283,+212689944321,,,,[],['Outdoor Seating'],,,,,,,,,,,,,2026-07-14T18:31:27.980076,"{'amenity': 'restaurant', 'name': 'Flaman Rose', 'outdoor_seating': 'yes', 'phone': '+212 6 89 94 43 21'}"
OpenStreetMap,node,5306441300,osm_node_5306441300,Baghdad,,,Morocco,Dakhla,,,,23.7337007,-15.9162282,,,,,[],['Outdoor Seating'],,,,,,,,,,,,,2026-07-14T18:31:27.980105,"{'amenity': 'cafe', 'name': 'Baghdad', 'outdoor_seating': 'yes'}"
OpenStreetMap,node,5306441305,osm_node_5306441305,Mad Camel,,,Morocco,Dakhla,,,,23.7327666,-15.9171422,,,,,['pizza'],['Outdoor Seating'],,,,,,,,,,,,,2026-07-14T18:31:27.980135,"{'alt_name': 'Mad Cafe', 'amenity': 'restaurant', 'cuisine': 'pizza', 'name': 'Mad Camel', 'outdoor_seating': 'yes'}"
OpenStreetMap,node,5306696006,osm_node_5306696006,Bahia,,,Morocco,Dakhla,,,,23.6984779,-15.9305864,,,,,"['regional', 'spanish']",['Outdoor Seating'],,,,,,,,,,,,,2026-07-14T18:31:27.980169,"{'amenity': 'restaurant', 'cuisine': 'regional;spanish', 'name': 'Bahia', 'outdoor_seating': 'yes', 'wheelchair': 'limited'}"
OpenStreetMap,node,5306696011,osm_node_5306696011,La Maison du Thé,,,Morocco,Dakhla,,,,23.6939406,-15.9335345,,,,,[],[],,,,,,,,,,,,,2026-07-14T18:31:27.980198,"{'amenity': 'restaurant', 'name': 'La Maison du Thé'}"
OpenStreetMap,node,5306696013,osm_node_5306696013,Casa Luis,,,Morocco,Dakhla,,,,23.6984136,-15.9307075,,,,,['spanish'],[],,,,,,,,,,,,,2026-07-14T18:31:27.980224,"{'amenity': 'restaurant', 'cuisine': 'spanish', 'name': 'Casa Luis', 'wheelchair': 'limited'}"
OpenStreetMap,node,5306696014,osm_node_5306696014,Primo,,,Morocco,Dakhla,,,,23.6981701,-15.9309002,,,,,[],['Outdoor Seating'],,,,,,,,,,,,,2026-07-14T18:31:27.980246,"{'amenity': 'cafe', 'name': 'Primo', 'outdoor_seating': 'yes'}"
OpenStreetMap,node,5308433326,osm_node_5308433326,Café Prince,,,Morocco,Dakhla,,,,23.7075482,-15.9257182,,,,,[],['Takeaway'],,,,,,,,,,,,,2026-07-14T18:31:27.980274,"{'amenity': 'cafe', 'name': 'Café Prince', 'takeaway': 'yes'}"
OpenStreetMap,node,5308433334,osm_node_5308433334,12 Cool,,,Morocco,Dakhla,,,,23.7032227,-15.92816,,,,,['regional'],['Outdoor Seating'],,,,,,,,,,,,,2026-07-14T18:31:27.980310,"{'amenity': 'fast_food', 'cuisine': 'regional', 'name': '12 Cool', 'outdoor_seating': 'yes'}"
OpenStreetMap,node,5308433339,osm_node_5308433339,Casa Lola,,,Morocco,Dakhla,,,,23.7041699,-15.9275196,,,,,['spanish'],[],,,,,,,,,,,,,2026-07-14T18:31:27.980341,"{'amenity': 'restaurant', 'cuisine': 'spanish', 'name': 'Casa Lola'}"
OpenStreetMap,node,5308433342,osm_node_5308433342,Chez Rahim,,,Morocco,Dakhla,,,,23.7030523,-15.9282141,,,,,[],[],,,,,,,,,,,,,2026-07-14T18:31:27.980367,"{'alt_name': 'La Saveur du Sud', 'amenity': 'restaurant', 'name': 'Chez Rahim'}"
OpenStreetMap,node,5308433344,osm_node_5308433344,A savoir faire,,,Morocco,Dakhla,,,,23.7043131,-15.9274672,,,,,['sandwich'],['Outdoor Seating'],,,,,,,,,,,,,2026-07-14T18:31:27.980397,"{'amenity': 'fast_food', 'cuisine': 'sandwich', 'name': 'A savoir faire', 'outdoor_seating': 'yes'}"
OpenStreetMap,node,5308507706,osm_node_5308507706,Kaiser Wilhelm,,,Morocco,Dakhla,,,,23.7328434,-15.9171161,,,,,[],[],,,,,,,,,,,,,2026-07-14T18:31:27.980427,"{'amenity': 'restaurant', 'name': 'Kaiser Wilhelm'}"
OpenStreetMap,node,5309099822,osm_node_5309099822,مقهى الساحل,,,Morocco,Dakhla,,,,23.6977267,-15.9337858,,,,,['coffee_shop'],[],,,,,,,,,,,,,2026-07-14T18:31:27.980462,"{'addr:city': 'Dakhla ⴷⴰⵅⵍⴰ الداخلة', 'amenity': 'cafe', 'cuisine': 'coffee_shop', 'name': 'مقهى الساحل', 'name:ar': 'مقهى الساحل', 'name:fr': 'Café Sahel'}"
OpenStreetMap,node,5309099823,osm_node_5309099823,Café Rawan,,,Morocco,Dakhla,,,,23.6922364,-15.9353912,,,,,[],['Outdoor Seating'],,,,,,,,,,,,,2026-07-14T18:31:27.980491,"{'amenity': 'cafe', 'name': 'Café Rawan', 'outdoor_seating': 'yes'}"
OpenStreetMap,node,5309099839,osm_node_5309099839,مأكولات التيسير,,,Morocco,Dakhla,,,,23.6963531,-15.9354079,,,,,['sandwich'],['Takeaway'],,,,,,,,,,,,,2026-07-14T18:31:27.980524,"{'amenity': 'fast_food', 'cuisine': 'sandwich', 'name': 'مأكولات التيسير', 'name:ar': 'مأكولات التيسير', 'name:fr': 'Snack Tissir', 'takeaway': 'yes'}"
OpenStreetMap,node,5309099843,osm_node_5309099843,مقهى زهرة,,,Morocco,Dakhla,,,,23.6968976,-15.934356,,,,,['coffee_shop'],['Outdoor Seating'],,,,,,,,,,,,,2026-07-14T18:31:27.980559,"{'addr:city': 'Dakhla ⴷⴰⵅⵍⴰ الداخلة', 'amenity': 'cafe', 'cuisine': 'coffee_shop', 'name': 'مقهى زهرة', 'name:ar': 'مقهى زهرة', 'name:fr': 'Café Zahra', 'outdoor_seating': 'yes'}"
OpenStreetMap,node,5309099844,osm_node_5309099844,,,,Morocco,Dakhla,,,,23.6968663,-15.9352953,,,,,[],['Outdoor Seating'],,,,,,,,,,,,,2026-07-14T18:31:27.980584,"{'amenity': 'cafe', 'outdoor_seating': 'yes'}"
OpenStreetMap,node,5312225792,osm_node_5312225792,Café Al Hoceima,,,Morocco,Dakhla,,,,23.6890925,-15.9402037,,,,,[],['Outdoor Seating'],,,,,,,,,,,,,2026-07-14T18:31:27.980611,"{'amenity': 'cafe', 'name': 'Café Al Hoceima', 'outdoor_seating': 'yes'}"
OpenStreetMap,node,5312225805,osm_node_5312225805,Relax,,,Morocco,Dakhla,,,,23.6916979,-15.935824,,,,,"['ice_cream', 'italian', 'pizza']",[],,,,,,,,,,,,,2026-07-14T18:31:27.980658,"{'amenity': 'restaurant', 'cuisine': 'ice_cream;italian;pizza', 'name': 'Relax'}"
OpenStreetMap,node,5312225806,osm_node_5312225806,Tiznit,,,Morocco,Dakhla,,,,23.6903586,-15.9404286,,,,,[],[],,,,,,,,,,,,,2026-07-14T18:31:27.980684,"{'amenity': 'fast_food', 'name': 'Tiznit'}"
OpenStreetMap,node,5312225807,osm_node_5312225807,Snack du Poissons,,,Morocco,Dakhla,,,,23.6902159,-15.9397199,,,,,['seafood'],['Outdoor Seating'],,,,,,,,,,,,,2026-07-14T18:31:27.980713,"{'amenity': 'fast_food', 'cuisine': 'seafood', 'name': 'Snack du Poissons', 'name:fr': 'Snack du Poissons', 'outdoor_seating': 'yes'}"
OpenStreetMap,node,5312225809,osm_node_5312225809,,,,Morocco,Dakhla,,,,23.689853,-15.9400276,,,,,[],['Outdoor Seating'],,,,,,,,,,,,,2026-07-14T18:31:27.980735,"{'amenity': 'cafe', 'outdoor_seating': 'yes'}"
OpenStreetMap,node,5312225813,osm_node_5312225813,Café Assabah,,,Morocco,Dakhla,,,,23.6891751,-15.9404213,,,,,[],['Outdoor Seating'],,,,,,,,,,,,,2026-07-14T18:31:27.980764,"{'amenity': 'cafe', 'name': 'Café Assabah', 'outdoor_seating': 'yes'}"
OpenStreetMap,node,5312226223,osm_node_5312226223,Erraha,,,Morocco,Dakhla,,,,23.6899071,-15.937799,,,,,[],['Outdoor Seating'],,,,,,,,,,,,,2026-07-14T18:31:27.980794,"{'amenity': 'cafe', 'name': 'Erraha', 'outdoor_seating': 'yes'}"
OpenStreetMap,node,5315113746,osm_node_5315113746,Elboughaze,,,Morocco,Dakhla,,,,23.6895505,-15.9433214,,,,,[],['Outdoor Seating'],,,,,,,,,,,,,2026-07-14T18:31:27.980823,"{'amenity': 'cafe', 'name': 'Elboughaze', 'outdoor_seating': 'yes'}"
OpenStreetMap,node,5315113750,osm_node_5315113750,Dolina,,,Morocco,Dakhla,,,,23.6910674,-15.950192,,,,,[],[],,,,,,,,,,,,,2026-07-14T18:31:27.980847,"{'amenity': 'cafe', 'name': 'Dolina'}"
OpenStreetMap,node,5315113751,osm_node_5315113751,,,,Morocco,Dakhla,,,,23.6904012,-15.9498711,,,,,[],[],,,,,,,,,,,,,2026-07-14T18:31:27.980894,{'amenity': 'cafe'}
OpenStreetMap,node,5315113758,osm_node_5315113758,Café Leglat,,,Morocco,Dakhla,,,,23.6904602,-15.9504855,,,,,[],['Outdoor Seating'],,,,,,,,,,,,,2026-07-14T18:31:27.980937,"{'amenity': 'cafe', 'name': 'Café Leglat', 'outdoor_seating': 'yes'}"
OpenStreetMap,node,5315113767,osm_node_5315113767,Café Al Akssa,,,Morocco,Dakhla,,,,23.6903302,-15.950271,,,,,[],['Outdoor Seating'],,,,,,,,,,,,,2026-07-14T18:31:27.980974,"{'amenity': 'cafe', 'name': 'Café Al Akssa', 'outdoor_seating': 'yes'}"
OpenStreetMap,node,5315113770,osm_node_5315113770,Café La Marine,,,Morocco,Dakhla,,,,23.6907789,-15.9497561,,,,,[],['Outdoor Seating'],,,,,,,,,,,,,2026-07-14T18:31:27.981013,"{'amenity': 'cafe', 'name': 'Café La Marine', 'outdoor_seating': 'yes'}"
OpenStreetMap,node,5315113773,osm_node_5315113773,,,,Morocco,Dakhla,,,,23.6883365,-15.9445254,,,,,[],[],,,,,,,,,,,,,2026-07-14T18:31:27.981052,{'amenity': 'cafe'}
OpenStreetMap,node,5315113775,osm_node_5315113775,,,,Morocco,Dakhla,,,,23.6900118,-15.9460892,,,,,[],[],,,,,,,,,,,,,2026-07-14T18:31:27.981093,{'amenity': 'cafe'}
OpenStreetMap,node,5315113779,osm_node_5315113779,La Repère,,,Morocco,Dakhla,,,,23.6907263,-15.9505881,,,,,[],[],,,,,,,,,,,,,2026-07-14T18:31:27.981153,"{'amenity': 'cafe', 'name': 'La Repère'}"
OpenStreetMap,node,5315113780,osm_node_5315113780,Nile,,,Morocco,Dakhla,,,,23.6902495,-15.9490116,,,,,[],['Outdoor Seating'],,,,,,,,,,,,,2026-07-14T18:31:27.981206,"{'amenity': 'cafe', 'name': 'Nile', 'outdoor_seating': 'yes'}"
OpenStreetMap,node,5315113781,osm_node_5315113781,Snack El Karam سناك الكرم,,,Morocco,Dakhla,,,,23.6903396,-15.9500188,,,,,[],"['Takeaway', 'Outdoor Seating']",,,,,,,,,,,,,2026-07-14T18:31:27.981262,"{'amenity': 'fast_food', 'name': 'Snack El Karam سناك الكرم', 'name:ar': 'سناك الكرم', 'name:fr': 'Snack El Karam', 'outdoor_seating': 'yes', 'takeaway': 'yes'}"
OpenStreetMap,node,5315113784,osm_node_5315113784,Al Akssa,,,Morocco,Dakhla,,,,23.6903422,-15.9501628,,,,,[],['Outdoor Seating'],,,,,,,,,,,,,2026-07-14T18:31:27.981331,"{'amenity': 'fast_food', 'name': 'Al Akssa', 'outdoor_seating': 'yes'}"
OpenStreetMap,node,5315113788,osm_node_5315113788,Café Dalas,,,Morocco,Dakhla,,,,23.6910163,-15.9503652,,,,,[],['Outdoor Seating'],,,,,,,,,,,,,2026-07-14T18:31:27.981384,"{'amenity': 'cafe', 'name': 'Café Dalas', 'outdoor_seating': 'yes'}"
OpenStreetMap,node,5315113789,osm_node_5315113789,Taha,,,Morocco,Dakhla,,,,23.6904437,-15.9487803,,,,,[],['Outdoor Seating'],,,,,,,,,,,,,2026-07-14T18:31:27.981438,"{'amenity': 'cafe', 'name': 'Taha', 'outdoor_seating': 'yes'}"
OpenStreetMap,node,5315113792,osm_node_5315113792,La Fontaine,,,Morocco,Dakhla,,,,23.6905412,-15.9492603,,,,,[],[],,,,,,,,,,,,,2026-07-14T18:31:27.981512,"{'addr:city': 'Dajla', 'addr:city:ar': 'الداخلة', 'addr:city:es': 'Dajla', 'amenity': 'cafe', 'name': 'La Fontaine', 'name:ar': 'النافورة', 'name:es': 'La Fuente'}"
OpenStreetMap,node,5315113795,osm_node_5315113795,Jour et Nuit,,,Morocco,Dakhla,,,,23.6888685,-15.9407119,,,,,[],['Outdoor Seating'],,,,,,,,,,,,,2026-07-14T18:31:27.981567,"{'amenity': 'cafe', 'name': 'Jour et Nuit', 'outdoor_seating': 'yes'}"
OpenStreetMap,node,5315113801,osm_node_5315113801,Al Arabia,,,Morocco,Dakhla,,,,23.6909106,-15.9498189,,,,,[],['Outdoor Seating'],,,,,,,,,,,,,2026-07-14T18:31:27.981615,"{'amenity': 'cafe', 'name': 'Al Arabia', 'outdoor_seating': 'yes'}"
OpenStreetMap,node,5315113802,osm_node_5315113802,,,,Morocco,Dakhla,,,,23.6897053,-15.9457228,,,,,[],[],,,,,,,,,,,,,2026-07-14T18:31:27.981657,{'amenity': 'cafe'}
OpenStreetMap,node,5315113807,osm_node_5315113807,Brazilia,,,Morocco,Dakhla,,,,23.6902966,-15.94924,,,,,[],['Outdoor Seating'],,,,,,,,,,,,,2026-07-14T18:31:27.981730,"{'amenity': 'cafe', 'name': 'Brazilia', 'outdoor_seating': 'yes'}"
OpenStreetMap,node,5315113817,osm_node_5315113817,Prince,,,Morocco,Dakhla,,,,23.6897594,-15.9446666,,,,,[],[],,,,,,,,,,,,,2026-07-14T18:31:27.981781,"{'amenity': 'fast_food', 'name': 'Prince'}"
OpenStreetMap,node,5315113818,osm_node_5315113818,Café France,,,Morocco,Dakhla,,,,23.6903718,-15.9483252,,,,,[],[],,,,,,,,,,,,,2026-07-14T18:31:27.981836,"{'amenity': 'cafe', 'name': 'Café France'}"
OpenStreetMap,node,5315114324,osm_node_5315114324,Café Royal,,,Morocco,Dakhla,,,,23.6895006,-15.944268,,,,,[],[],,,,,,,,,,,,,2026-07-14T18:31:27.981899,"{'amenity': 'cafe', 'name': 'Café Royal'}"
OpenStreetMap,node,5315114325,osm_node_5315114325,,,,Morocco,Dakhla,,,,23.6900869,-15.9463785,,,,,[],[],,,,,,,,,,,,,2026-07-14T18:31:27.981943,{'amenity': 'cafe'}
OpenStreetMap,node,5315114326,osm_node_5315114326,Bismillah,,,Morocco,Dakhla,,,,23.6903436,-15.948005,,,,,['seafood'],['Outdoor Seating'],,,,,,,,,,,,,2026-07-14T18:31:27.981996,"{'amenity': 'fast_food', 'cuisine': 'seafood', 'name': 'Bismillah', 'outdoor_seating': 'yes'}"
OpenStreetMap,node,11372122732,osm_node_11372122732,Jus Ismael,,,Morocco,Dakhla,,,,23.6925729,-15.9389803,,,,,['juice'],[],,,,,,,,,,,,,2026-07-14T18:31:27.982045,"{'amenity': 'fast_food', 'cuisine': 'juice', 'name': 'Jus Ismael'}"
OpenStreetMap,node,11372122733,osm_node_11372122733,,,,Morocco,Dakhla,,,,23.695999,-15.9359252,,,,,[],[],,,,,,,,,,,,,2026-07-14T18:31:27.982089,"{'amenity': 'fast_food', 'fast_food': 'cafeteria'}"
OpenStreetMap,node,11372122765,osm_node_11372122765,,,,Morocco,Dakhla,,,,23.6992063,-15.9304925,,,,,['regional'],['Outdoor Seating'],,,,,,,,,,,,,2026-07-14T18:31:27.982147,"{'amenity': 'fast_food', 'cuisine': 'regional', 'description': 'Place to have a moroccan breakfast (mint tea, msemmen, ...)', 'fast_food': 'cafeteria', 'outdoor_seating': 'yes'}"
OpenStreetMap,node,11372122766,osm_node_11372122766,"Snack ""Med""",,,Morocco,Dakhla,,,,23.6996404,-15.9301588,,,,,[],[],,,,,,,,,,,,,2026-07-14T18:31:27.982195,"{'amenity': 'restaurant', 'name': 'Snack ""Med""'}"
OpenStreetMap,node,11372122767,osm_node_11372122767,,,,Morocco,Dakhla,,,,23.6996248,-15.9300425,,,,,[],[],,,,,,,,,,,,,2026-07-14T18:31:27.982235,"{'amenity': 'restaurant', 'description': 'Good and cheap food, for example Tajine, fried fish... Dishes 20 - 50 Dirhams.'}"
OpenStreetMap,node,11383187370,osm_node_11383187370,,,,Morocco,Dakhla,,,,23.702919,-15.9280029,,,,,[],[],,,,,,,,,,,,,2026-07-14T18:31:27.982273,"{'amenity': 'restaurant', 'name:en': 'Snack-Restau Al Akhawayne'}"
OpenStreetMap,node,12362432432,osm_node_12362432432,Chiringuito Cabana,,,Morocco,Dakhla,,,,23.7713781,-15.9234537,+212808623778,,,,[],[],,,,,,,,,,,,,2026-07-14T18:31:27.982348,"{'amenity': 'restaurant', 'name': 'Chiringuito Cabana', 'phone': '+212 8 08 62 37 78'}"
OpenStreetMap,node,13128222201,osm_node_13128222201,Echarfaa Food,,,Morocco,Dakhla,,,,23.6919485,-15.9507191,,,,Mo-Su 07:00-22:00,[],[],,,,,,,,,,,,,2026-07-14T18:31:27.982401,"{'amenity': 'restaurant', 'name': 'Echarfaa Food', 'opening_hours': 'Mo-Su 07:00-22:00'}"
OpenStreetMap,node,13128885801,osm_node_13128885801,Gladys,,,Morocco,Dakhla,,Boulevard 4 Mars شارع 4 مارس,,23.6989099,-15.9312448,,,,Mo-Su 12:00-00:00,[],[],,,,,,,,,,,,,2026-07-14T18:31:27.982488,"{'addr:street': 'Boulevard 4 Mars شارع 4 مارس', 'amenity': 'restaurant', 'name': 'Gladys', 'opening_hours': 'Mo-Su 12:00-00:00'}"
OpenStreetMap,node,13131564502,osm_node_13131564502,Teranga,,,Morocco,Dakhla,,Boulevard Al Walaa,,23.7031554,-15.9280702,,,,Mo-Sa 13:00-21:00,['african'],[],,,,,,,,wlan,,,,,2026-07-14T18:31:27.982557,"{'addr:street': 'Boulevard Al Walaa', 'amenity': 'restaurant', 'cuisine': 'african', 'internet_access': 'wlan', 'name': 'Teranga', 'opening_hours': 'Mo-Sa 13:00-21:00'}"
OpenStreetMap,node,13133279301,osm_node_13133279301,Polpo,,,Morocco,Dakhla,,,,23.697015,-15.9466472,,,,,['fish'],[],,,,,,,,,,,,,2026-07-14T18:31:27.982606,"{'amenity': 'restaurant', 'cuisine': 'fish', 'name': 'Polpo'}"
OpenStreetMap,way,549229952,osm_way_549229952,Samarkand,,,Morocco,Dakhla,,,,23.6965255,-15.9314791,,,,,"['regional', 'seafood']",['Outdoor Seating'],,,,,,,,wlan,,,,,2026-07-14T18:31:27.982664,"{'amenity': 'restaurant', 'cuisine': 'regional;seafood', 'internet_access': 'wlan', 'name': 'Samarkand', 'name:es': 'Samarcanda', 'outdoor_seating': 'yes'}"
OpenStreetMap,way,921269106,osm_way_921269106,Pescador,,,Morocco,Dakhla,,,,23.7675422,-15.9251051,,,,,[],[],,,,,,,,,,,,,2026-07-14T18:31:27.982726,"{'amenity': 'restaurant', 'building': 'yes', 'name': 'Pescador'}"
OpenStreetMap,node,1669477668,osm_node_1669477668,Pizerria,,,Morocco,Settat,,,,33.0052824,-7.6199874,,,,,[],[],,,,,,,,,,,,,2026-07-14T18:31:37.196283,"{'amenity': 'restaurant', 'name': 'Pizerria'}"
OpenStreetMap,node,4538599711,osm_node_4538599711,,,,Morocco,Settat,,,,33.0040562,-7.6195677,,,,,[],[],,,,,,,,,,,,,2026-07-14T18:31:37.196309,{'amenity': 'cafe'}
OpenStreetMap,node,4538599712,osm_node_4538599712,,,,Morocco,Settat,,,,33.0036411,-7.6195807,,,,,[],[],,,,,,,,,,,,,2026-07-14T18:31:37.196324,{'amenity': 'cafe'}
OpenStreetMap,node,4538599713,osm_node_4538599713,,,,Morocco,Settat,,,,33.0031768,-7.6195546,,,,,[],[],,,,,,,,,,,,,2026-07-14T18:31:37.196338,{'amenity': 'cafe'}
OpenStreetMap,node,4538599714,osm_node_4538599714,,,,Morocco,Settat,,,,33.0034199,-7.6195677,,,,,[],[],,,,,,,,,,,,,2026-07-14T18:31:37.196352,{'amenity': 'cafe'}
OpenStreetMap,node,4538599718,osm_node_4538599718,,,,Morocco,Settat,,,,33.0030566,-7.6202679,,,,,[],[],,,,,,,,,,,,,2026-07-14T18:31:37.196367,{'amenity': 'cafe'}
OpenStreetMap,node,4538599719,osm_node_4538599719,,,,Morocco,Settat,,,,33.003226,-7.6202842,,,,,[],[],,,,,,,,,,,,,2026-07-14T18:31:37.196382,{'amenity': 'cafe'}
OpenStreetMap,node,4538599763,osm_node_4538599763,Café Résidence,,,Morocco,Settat,,,,32.9984538,-7.6197271,,,,,[],[],,,,,,,,,,,,,2026-07-14T18:31:37.196410,"{'amenity': 'cafe', 'name': 'Café Résidence'}"
OpenStreetMap,node,4538599764,osm_node_4538599764,Café Commerce,,,Morocco,Settat,,,,32.9983937,-7.6199062,,,,,[],[],,,,,,,,,,,,,2026-07-14T18:31:37.196428,"{'amenity': 'cafe', 'name': 'Café Commerce'}"
OpenStreetMap,node,4538611842,osm_node_4538611842,,,,Morocco,Settat,,,,32.9992214,-7.6179453,,,,,[],[],,,,,,,,,,,,,2026-07-14T18:31:37.196443,{'amenity': 'cafe'}
OpenStreetMap,node,4538611843,osm_node_4538611843,,,,Morocco,Settat,,,,32.998991,-7.6176527,,,,,[],[],,,,,,,,,,,,,2026-07-14T18:31:37.196460,{'amenity': 'cafe'}
OpenStreetMap,node,4538611845,osm_node_4538611845,,,,Morocco,Settat,,,,33.0006828,-7.6185557,,,,,[],[],,,,,,,,,,,,,2026-07-14T18:31:37.196476,{'amenity': 'fast_food'}
OpenStreetMap,node,4538611847,osm_node_4538611847,,,,Morocco,Settat,,,,32.9986971,-7.6200864,,,,,[],[],,,,,,,,,,,,,2026-07-14T18:31:37.196493,{'amenity': 'restaurant'}
OpenStreetMap,node,4538611848,osm_node_4538611848,,,,Morocco,Settat,,,,32.9990849,-7.6200245,,,,,[],[],,,,,,,,,,,,,2026-07-14T18:31:37.196512,{'amenity': 'cafe'}
OpenStreetMap,node,4538611849,osm_node_4538611849,,,,Morocco,Settat,,,,32.9998634,-7.6182366,,,,,[],[],,,,,,,,,,,,,2026-07-14T18:31:37.196528,{'amenity': 'fast_food'}
OpenStreetMap,node,4538611850,osm_node_4538611850,,,,Morocco,Settat,,,,32.9997104,-7.6174159,,,,,[],[],,,,,,,,,,,,,2026-07-14T18:31:37.196544,{'amenity': 'fast_food'}
OpenStreetMap,node,4538611851,osm_node_4538611851,,,,Morocco,Settat,,,,32.999582,-7.6175462,,,,,[],[],,,,,,,,,,,,,2026-07-14T18:31:37.196559,{'amenity': 'fast_food'}
OpenStreetMap,node,4538611855,osm_node_4538611855,,,,Morocco,Settat,,,,32.9993323,-7.6180182,,,,,[],[],,,,,,,,,,,,,2026-07-14T18:31:37.196580,{'amenity': 'fast_food'}
OpenStreetMap,node,4538611856,osm_node_4538611856,,,,Morocco,Settat,,,,32.9989194,-7.6182277,,,,,[],[],,,,,,,,,,,,,2026-07-14T18:31:37.196596,{'amenity': 'fast_food'}
OpenStreetMap,node,4538611857,osm_node_4538611857,,,,Morocco,Settat,,,,32.9987951,-7.6183108,,,,,[],[],,,,,,,,,,,,,2026-07-14T18:31:37.196612,{'amenity': 'cafe'}
OpenStreetMap,node,4538611858,osm_node_4538611858,,,,Morocco,Settat,,,,32.9986989,-7.6186746,,,,,[],[],,,,,,,,,,,,,2026-07-14T18:31:37.196629,{'amenity': 'cafe'}
OpenStreetMap,node,4538638099,osm_node_4538638099,,,,Morocco,Settat,,,,33.0017602,-7.6212467,,,,,[],[],,,,,,,,,,,,,2026-07-14T18:31:37.196646,{'amenity': 'cafe'}
OpenStreetMap,node,4538638139,osm_node_4538638139,,,,Morocco,Settat,,,,32.9985208,-7.6177721,,,,,[],[],,,,,,,,,,,,,2026-07-14T18:31:37.196664,{'amenity': 'fast_food'}
OpenStreetMap,node,4538638140,osm_node_4538638140,,,,Morocco,Settat,,,,32.9975757,-7.6176353,,,,,[],[],,,,,,,,,,,,,2026-07-14T18:31:37.196681,{'amenity': 'cafe'}
OpenStreetMap,node,4538638144,osm_node_4538638144,,,,Morocco,Settat,,,,32.9997499,-7.6169449,,,,,[],[],,,,,,,,,,,,,2026-07-14T18:31:37.196698,{'amenity': 'cafe'}
OpenStreetMap,node,4538638145,osm_node_4538638145,,,,Morocco,Settat,,,,32.9999711,-7.6163245,,,,,[],[],,,,,,,,,,,,,2026-07-14T18:31:37.196716,{'amenity': 'cafe'}
OpenStreetMap,node,4538638146,osm_node_4538638146,,,,Morocco,Settat,,,,33.0000818,-7.6166258,,,,,[],[],,,,,,,,,,,,,2026-07-14T18:31:37.196735,{'amenity': 'cafe'}
OpenStreetMap,node,4538644970,osm_node_4538644970,,,,Morocco,Settat,,,,33.0031018,-7.6151497,,,,,[],[],,,,,,,,,,,,,2026-07-14T18:31:37.196788,{'amenity': 'cafe'}
OpenStreetMap,node,4538659205,osm_node_4538659205,,,,Morocco,Settat,,,,32.9975265,-7.6214896,,,,,[],[],,,,,,,,,,,,,2026-07-14T18:31:37.196800,{'amenity': 'fast_food'}
OpenStreetMap,node,4538659206,osm_node_4538659206,,,,Morocco,Settat,,,,32.9966064,-7.6214989,,,,,[],[],,,,,,,,,,,,,2026-07-14T18:31:37.196810,{'amenity': 'cafe'}
OpenStreetMap,node,4538659207,osm_node_4538659207,Café Casablanca,,,Morocco,Settat,,,,32.9951262,-7.621261,,,,,[],[],,,,,,,,,,,,,2026-07-14T18:31:37.196837,"{'amenity': 'cafe', 'name': 'Café Casablanca'}"
OpenStreetMap,node,4538659208,osm_node_4538659208,,,,Morocco,Settat,,,,32.9959091,-7.6213582,,,,,[],[],,,,,,,,,,,,,2026-07-14T18:31:37.196856,{'amenity': 'cafe'}
OpenStreetMap,node,4538659209,osm_node_4538659209,,,,Morocco,Settat,,,,32.9961025,-7.6213904,,,,,[],[],,,,,,,,,,,,,2026-07-14T18:31:37.196868,{'amenity': 'cafe'}
OpenStreetMap,node,4540169471,osm_node_4540169471,,,,Morocco,Settat,,,,32.9999324,-7.6202733,,,,,[],[],,,,,,,,,,,,,2026-07-14T18:31:37.196878,{'amenity': 'restaurant'}
OpenStreetMap,node,4540169472,osm_node_4540169472,Café Essalam,,,Morocco,Settat,,,,33.0007624,-7.6204879,,,,,[],[],,,,,,,,,,,,,2026-07-14T18:31:37.196893,"{'amenity': 'cafe', 'name': 'Café Essalam'}"
OpenStreetMap,node,4540169473,osm_node_4540169473,,,,Morocco,Settat,,,,33.0004003,-7.620217,,,,,[],[],,,,,,,,,,,,,2026-07-14T18:31:37.196909,{'amenity': 'fast_food'}
OpenStreetMap,node,4540169474,osm_node_4540169474,,,,Morocco,Settat,,,,33.0002856,-7.620225,,,,,[],[],,,,,,,,,,,,,2026-07-14T18:31:37.196919,{'amenity': 'cafe'}
OpenStreetMap,node,4540169476,osm_node_4540169476,,,,Morocco,Settat,,,,33.0011089,-7.6187042,,,,,[],[],,,,,,,,,,,,,2026-07-14T18:31:37.196928,{'amenity': 'cafe'}
OpenStreetMap,node,4540169480,osm_node_4540169480,,,,Morocco,Settat,,,,33.00148,-7.6177306,,,,,[],[],,,,,,,,,,,,,2026-07-14T18:31:37.196938,{'amenity': 'cafe'}
OpenStreetMap,node,4540248920,osm_node_4540248920,Café Chams,,,Morocco,Settat,,,,32.9921124,-7.6081266,,,,,[],[],,,,,,,,,,,,,2026-07-14T18:31:37.196949,"{'amenity': 'cafe', 'name': 'Café Chams'}"
OpenStreetMap,node,4540345429,osm_node_4540345429,Café Sweet Dream,,,Morocco,Settat,,,,32.9948061,-7.6213732,,,,,[],[],,,,,,,,,,,,,2026-07-14T18:31:37.196965,"{'amenity': 'cafe', 'name': 'Café Sweet Dream'}"
OpenStreetMap,node,4540345430,osm_node_4540345430,,,,Morocco,Settat,,,,32.9944275,-7.622061,,,,,[],[],,,,,,,,,,,,,2026-07-14T18:31:37.196980,{'amenity': 'fast_food'}
OpenStreetMap,node,4540345432,osm_node_4540345432,Café Voyageurs,,,Morocco,Settat,,,,32.9946735,-7.6222447,,,,,[],[],,,,,,,,,,,,,2026-07-14T18:31:37.196992,"{'amenity': 'cafe', 'name': 'Café Voyageurs'}"
OpenStreetMap,node,4540345433,osm_node_4540345433,Café Riola,,,Morocco,Settat,,,,32.9947461,-7.6220833,,,,,[],[],,,,,,,,,,,,,2026-07-14T18:31:37.197003,"{'amenity': 'cafe', 'name': 'Café Riola'}"
OpenStreetMap,node,4540345434,osm_node_4540345434,,,,Morocco,Settat,,,,32.9951719,-7.6226248,,,,,[],[],,,,,,,,,,,,,2026-07-14T18:31:37.197013,{'amenity': 'cafe'}
OpenStreetMap,node,4540352538,osm_node_4540352538,Café Nice Cup,,,Morocco,Settat,,,,32.9951465,-7.6225994,,,,,[],[],,,,,,,,,,,,,2026-07-14T18:31:37.197027,"{'amenity': 'cafe', 'name': 'Café Nice Cup'}"
OpenStreetMap,node,4542003924,osm_node_4542003924,,,,Morocco,Settat,,,,32.9985496,-7.6214433,,,,,[],[],,,,,,,,,,,,,2026-07-14T18:31:37.197047,{'amenity': 'cafe'}
OpenStreetMap,node,4542003929,osm_node_4542003929,,,,Morocco,Settat,,,,33.0002524,-7.6220466,,,,,[],[],,,,,,,,,,,,,2026-07-14T18:31:37.197056,{'amenity': 'cafe'}
OpenStreetMap,node,4542003939,osm_node_4542003939,,,,Morocco,Settat,,,,32.9973805,-7.6215146,,,,,[],[],,,,,,,,,,,,,2026-07-14T18:31:37.197072,{'amenity': 'cafe'}
OpenStreetMap,node,4542033083,osm_node_4542033083,Café Malaki,,,Morocco,Settat,,,,32.9975557,-7.6190321,,,,,[],[],,,,,,,,,,,,,2026-07-14T18:31:37.197083,"{'amenity': 'cafe', 'name': 'Café Malaki'}"
OpenStreetMap,node,4542048556,osm_node_4542048556,Cafe Rzouzi,,,Morocco,Settat,,,,32.99705,-7.6193352,,,,,[],[],,,,,,,,,,,,,2026-07-14T18:31:37.197099,"{'amenity': 'cafe', 'name': 'Cafe Rzouzi'}"
OpenStreetMap,node,4542048557,osm_node_4542048557,Cafe Toujours,,,Morocco,Settat,,,,32.9969133,-7.6201802,,,,,[],[],,,,,,,,,,,,,2026-07-14T18:31:37.197112,"{'amenity': 'cafe', 'name': 'Cafe Toujours'}"
OpenStreetMap,node,4542048558,osm_node_4542048558,Cafe Wafae,,,Morocco,Settat,,,,32.9967522,-7.6202426,,,,,[],[],,,,,,,,,,,,,2026-07-14T18:31:37.197123,"{'amenity': 'cafe', 'name': 'Cafe Wafae'}"
OpenStreetMap,node,4542048559,osm_node_4542048559,Cafe Belair,,,Morocco,Settat,,,,32.9970422,-7.6201538,,,,,[],[],,,,,,,,,,,,,2026-07-14T18:31:37.197134,"{'amenity': 'cafe', 'name': 'Cafe Belair'}"
OpenStreetMap,node,4542059075,osm_node_4542059075,,,,Morocco,Settat,,,,33.00569,-7.6204178,,,,,[],[],,,,,,,,,,,,,2026-07-14T18:31:37.197143,{'amenity': 'cafe'}
OpenStreetMap,node,4542059077,osm_node_4542059077,,,,Morocco,Settat,,,,33.0054249,-7.6199939,,,,,[],[],,,,,,,,,,,,,2026-07-14T18:31:37.197152,{'amenity': 'fast_food'}
OpenStreetMap,node,4542059078,osm_node_4542059078,,,,Morocco,Settat,,,,33.0046381,-7.6198919,,,,,[],[],,,,,,,,,,,,,2026-07-14T18:31:37.197165,{'amenity': 'cafe'}
OpenStreetMap,node,4542059079,osm_node_4542059079,,,,Morocco,Settat,,,,33.0047975,-7.6199073,,,,,[],[],,,,,,,,,,,,,2026-07-14T18:31:37.197178,{'amenity': 'cafe'}
OpenStreetMap,node,4542059080,osm_node_4542059080,,,,Morocco,Settat,,,,33.0044889,-7.6199455,,,,,[],[],,,,,,,,,,,,,2026-07-14T18:31:37.197188,{'amenity': 'cafe'}
OpenStreetMap,node,4542059084,osm_node_4542059084,,,,Morocco,Settat,,,,33.0025087,-7.6190277,,,,,[],[],,,,,,,,,,,,,2026-07-14T18:31:37.197197,{'amenity': 'cafe'}
OpenStreetMap,node,4542062683,osm_node_4542062683,,,,Morocco,Settat,,,,32.9996785,-7.6154561,,,,,[],[],,,,,,,,,,,,,2026-07-14T18:31:37.197206,{'amenity': 'cafe'}
OpenStreetMap,node,4542062684,osm_node_4542062684,,,,Morocco,Settat,,,,32.9994961,-7.6150646,,,,,[],[],,,,,,,,,,,,,2026-07-14T18:31:37.197215,{'amenity': 'cafe'}
OpenStreetMap,node,4542753684,osm_node_4542753684,Cafe Targa,,,Morocco,Settat,,,,32.9943162,-7.6180466,,,,,[],[],,,,,,,,,,,,,2026-07-14T18:31:37.197228,"{'amenity': 'cafe', 'name': 'Cafe Targa'}"
OpenStreetMap,way,457984445,osm_way_457984445,,,,Morocco,Settat,,,,33.0313608,-7.6187706,,,,,[],[],,,,,,,,,,,,,2026-07-14T18:31:37.197242,"{'amenity': 'cafe', 'building': 'yes'}"
OpenStreetMap,way,459561877,osm_way_459561877,Espace Bassatine,,,Morocco,Settat,,,,32.9675715,-7.6279218,,,,,[],[],,,,,,,,yes,yes,,,,2026-07-14T18:31:37.197257,"{'amenity': 'cafe', 'building': 'yes', 'internet_access': 'yes', 'name': 'Espace Bassatine', 'smoking': 'yes'}"
OpenStreetMap,way,460742193,osm_way_460742193,Restaurant INRA,,,Morocco,Settat,,,,33.0294944,-7.6234065,,,,,"['burger', 'chicken', 'fish', 'fish_and_chips', 'french', 'regional', 'steak_house']",['Wheelchair Accessible'],,,,,,,,yes,separated,,,,2026-07-14T18:31:37.197281,"{'amenity': 'restaurant', 'cuisine': 'burger;chicken;fish;fish_and_chips;french;regional;steak_house', 'internet_access': 'yes', 'internet_access:fee': 'no', 'level': '1', 'name': 'Restaurant INRA', 'smoking': 'separated', 'wheelchair': 'yes'}"
OpenStreetMap,way,460742194,osm_way_460742194,Cafe INRA,,,Morocco,Settat,,,,33.0296371,-7.6231626,,,,,[],['Wheelchair Accessible'],,,,,,,,yes,yes,,,,2026-07-14T18:31:37.197296,"{'amenity': 'cafe', 'internet_access': 'yes', 'internet_access:fee': 'no', 'level': '1', 'name': 'Cafe INRA', 'smoking': 'yes', 'wheelchair': 'yes'}"
OpenStreetMap,node,5769192157,osm_node_5769192157,Café La Costa مقهى لا كوستا,,,Morocco,Berrechid,,,,33.2763508,-7.5816173,,,,,[],[],,,,,,,,wlan,,,,,2026-07-14T18:31:44.634248,"{'amenity': 'cafe', 'internet_access': 'wlan', 'name': 'Café La Costa مقهى لا كوستا', 'name:ar': 'مقهى لا كوستا', 'name:en': 'La Costa Cafe', 'name:fr': 'Café La Costa'}"
OpenStreetMap,node,5943575686,osm_node_5943575686,ايسكال 2001,,,Morocco,Berrechid,,,,33.2448324,-7.5869778,,,,,[],[],,,,,,,,,,,,,2026-07-14T18:31:44.634297,"{'amenity': 'restaurant', 'name': 'ايسكال 2001', 'name:ar': 'ايسكال 2001', 'name:en': 'Escale 2001'}"
OpenStreetMap,node,12445457956,osm_node_12445457956,Étoile d'Agadir نجمة أكادير,,,Morocco,Berrechid,,,,33.2646914,-7.5818345,,,,,[],[],,,,,,,,,,,,,2026-07-14T18:31:44.634332,"{'amenity': 'cafe', 'name': ""Étoile d'Agadir نجمة أكادير"", 'name:ar': 'نجمة أكادير', 'name:fr': ""Étoile d'Agadir""}"
OpenStreetMap,node,12445457963,osm_node_12445457963,La Lavande مقهى الخزامة,,,Morocco,Berrechid,,,,33.2716993,-7.5864002,,,,,[],[],,,,,,,,,,,,,2026-07-14T18:31:44.634367,"{'amenity': 'cafe', 'name': 'La Lavande مقهى الخزامة', 'name:ar': 'مقهى الخزامة', 'name:fr': 'La Lavande'}"
OpenStreetMap,node,12445457965,osm_node_12445457965,Snack Ohod,,,Morocco,Berrechid,,,,33.2708193,-7.5859759,,,,,[],[],,,,,,,,,,,,,2026-07-14T18:31:44.634396,"{'amenity': 'restaurant', 'name': 'Snack Ohod'}"
OpenStreetMap,node,12445457966,osm_node_12445457966,,,,Morocco,Berrechid,,,,33.2706085,-7.5859151,,,,,[],[],,,,,,,,,,,,,2026-07-14T18:31:44.634417,{'amenity': 'restaurant'}
OpenStreetMap,node,12445457969,osm_node_12445457969,Snack Kontiki سناك كونتيكي,,,Morocco,Berrechid,,,,33.2701837,-7.5857065,,,,,[],[],,,,,,,,,,,,,2026-07-14T18:31:44.634445,"{'amenity': 'fast_food', 'name': 'Snack Kontiki سناك كونتيكي', 'name:ar': 'سناك كونتيكي', 'name:fr': 'Snack Kontiki'}"
OpenStreetMap,node,12449750858,osm_node_12449750858,,,,Morocco,Berrechid,,,,33.2664287,-7.5840144,,,,,[],[],,,,,,,,,,,,,2026-07-14T18:31:44.634467,{'amenity': 'cafe'}
OpenStreetMap,node,12449750860,osm_node_12449750860,Atbaq Ad-dyafa,,,Morocco,Berrechid,,,,33.2666872,-7.5841163,,,,,[],[],,,,,,,,,,,,,2026-07-14T18:31:44.634496,"{'amenity': 'restaurant', 'name': 'Atbaq Ad-dyafa'}"
OpenStreetMap,node,12449750861,osm_node_12449750861,,,,Morocco,Berrechid,,,,33.2668582,-7.5841914,,,,,[],[],,,,,,,,,,,,,2026-07-14T18:31:44.634520,{'amenity': 'cafe'}
OpenStreetMap,node,12449750862,osm_node_12449750862,,,,Morocco,Berrechid,,,,33.2670247,-7.5842665,,,,,[],[],,,,,,,,,,,,,2026-07-14T18:31:44.634543,{'amenity': 'cafe'}
OpenStreetMap,node,12449750863,osm_node_12449750863,,,,Morocco,Berrechid,,,,33.2669507,-7.584235,,,,,[],[],,,,,,,,,,,,,2026-07-14T18:31:44.634565,{'amenity': 'cafe'}
OpenStreetMap,node,12449750864,osm_node_12449750864,,,,Morocco,Berrechid,,,,33.2673527,-7.5844342,,,,,[],[],,,,,,,,,,,,,2026-07-14T18:31:44.634591,{'amenity': 'cafe'}
OpenStreetMap,node,12449750866,osm_node_12449750866,,,,Morocco,Berrechid,,,,33.2679095,-7.5846977,,,,,[],[],,,,,,,,,,,,,2026-07-14T18:31:44.634618,{'amenity': 'restaurant'}
OpenStreetMap,node,12449750868,osm_node_12449750868,,,,Morocco,Berrechid,,,,33.2681665,-7.5848214,,,,,[],[],,,,,,,,,,,,,2026-07-14T18:31:44.634645,{'amenity': 'restaurant'}
OpenStreetMap,node,12449750869,osm_node_12449750869,,,,Morocco,Berrechid,,,,33.2682105,-7.5848241,,,,,[],[],,,,,,,,,,,,,2026-07-14T18:31:44.634668,{'amenity': 'restaurant'}
OpenStreetMap,node,12449750872,osm_node_12449750872,Snack Istanbul,,,Morocco,Berrechid,,,,33.268709,-7.5850269,,,,,[],[],,,,,,,,,,,,,2026-07-14T18:31:44.634705,"{'amenity': 'fast_food', 'name': 'Snack Istanbul'}"
OpenStreetMap,node,12574102731,osm_node_12574102731,Café Mexico مقهى مكسيكو,,,Morocco,Berrechid,,,,33.2598547,-7.5813295,,,,,[],[],,,,,,,,,,,,,2026-07-14T18:31:44.634740,"{'abandoned': 'yes', 'amenity': 'cafe', 'name': 'Café Mexico مقهى مكسيكو', 'name:ar': 'مقهى مكسيكو', 'name:fr': 'Café Mexico'}"
OpenStreetMap,node,13619439201,osm_node_13619439201,Cafe Palmaris,,,Morocco,Berrechid,,Place Mohammed VI ساحة محمد السادس,,33.2645376,-7.5819466,,,,,[],[],,,,,,,,,,,,,2026-07-14T18:31:44.635456,"{'addr:street': 'Place Mohammed VI ساحة محمد السادس', 'amenity': 'cafe', 'name': 'Cafe Palmaris'}"
OpenStreetMap,node,13619439301,osm_node_13619439301,Cafe Maison,,,Morocco,Berrechid,,Boulevard Mohamed V شارع محمد الخامس,,33.2684701,-7.5849303,,,,,[],[],,,,,,,,,,,,,2026-07-14T18:31:44.635573,"{'addr:street': 'Boulevard Mohamed V شارع محمد الخامس', 'amenity': 'cafe', 'name': 'Cafe Maison'}"
OpenStreetMap,node,13619439601,osm_node_13619439601,Cafe Les Parents,,,Morocco,Berrechid,,,,33.2679741,-7.5739805,,,,,[],[],,,,,,,,,,,,,2026-07-14T18:31:44.635604,"{'amenity': 'cafe', 'name': 'Cafe Les Parents'}"
OpenStreetMap,node,13685725604,osm_node_13685725604,Cafe Charam Chikh,,,Morocco,Berrechid,,,,33.268239,-7.5718425,,,,,[],[],,,,,,,,,,,,,2026-07-14T18:31:44.635637,"{'amenity': 'cafe', 'name': 'Cafe Charam Chikh'}"
OpenStreetMap,node,13685726901,osm_node_13685726901,Cafe Bahia,,,Morocco,Berrechid,,,,33.2670142,-7.5716399,,,,,[],[],,,,,,,,,,,,,2026-07-14T18:31:44.635671,"{'amenity': 'cafe', 'name': 'Cafe Bahia'}"
OpenStreetMap,node,13938203092,osm_node_13938203092,Casa Cappuccino,,,Morocco,Berrechid,,,,33.2624154,-7.5652366,,,,,[],[],,,,,,,,,,,,,2026-07-14T18:31:44.635705,"{'amenity': 'cafe', 'name': 'Casa Cappuccino'}"
OpenStreetMap,way,1284172989,osm_way_1284172989,Yasmina,,,Morocco,Berrechid,,,,33.2666423,-7.5890153,,,,,[],[],,,,,,,,,,,,,2026-07-14T18:31:44.635735,"{'amenity': 'cafe', 'building': 'commercial', 'building:levels': '1', 'name': 'Yasmina'}"
OpenStreetMap,way,1284172990,osm_way_1284172990,Espace Marjana فضاء مرجانة,,,Morocco,Berrechid,,,,33.2671337,-7.5880929,,,,,"['coffee_shop', 'regional']",[],,,,,,,,,,,,,2026-07-14T18:31:44.635779,"{'amenity': 'restaurant', 'building': 'commercial', 'building:levels': '1', 'cuisine': 'coffee_shop;regional', 'name': 'Espace Marjana فضاء مرجانة', 'name:ar': 'فضاء مرجانة', 'name:fr': 'Espace Marjana'}"
OpenStreetMap,way,1299899655,osm_way_1299899655,,,,Morocco,Berrechid,,,,33.2764757,-7.5875924,,,,,[],[],,,,,,,,,,,,,2026-07-14T18:31:44.635805,"{'amenity': 'restaurant', 'building': 'commercial'}"
OpenStreetMap,way,1300400021,osm_way_1300400021,,,,Morocco,Berrechid,,,,33.2828079,-7.5918699,,,,,[],[],,,,,,,,,,,,,2026-07-14T18:31:44.635828,{'amenity': 'restaurant'}
OpenStreetMap,way,1301020924,osm_way_1301020924,,,,Morocco,Berrechid,,,,33.2757498,-7.5873804,,,,,[],[],,,,,,,,,,,,,2026-07-14T18:31:44.635852,"{'amenity': 'cafe', 'building': 'commercial'}"
OpenStreetMap,way,1301823600,osm_way_1301823600,Dar Tajine دار الطاجين,,,Morocco,Berrechid,,,,33.2520517,-7.5850315,,,,,[],[],,,,,,,,,,,,,2026-07-14T18:31:44.635886,"{'amenity': 'restaurant', 'name': 'Dar Tajine دار الطاجين'}"
OpenStreetMap,way,1330220015,osm_way_1330220015,ماكدونالدز,ماكدونالدز,McDonald's,Morocco,Berrechid,,,,33.2845734,-7.5929187,,,,,['burger'],"['Takeaway', 'Outdoor Seating']",,,,,,,,,,,,,2026-07-14T18:31:44.635927,"{'amenity': 'fast_food', 'branch': 'Al Mountazah Berrechid', 'brand': 'ماكدونالدز', 'brand:ar': 'ماكدونالدز', 'brand:en': ""McDonald's"", 'brand:wikidata': 'Q38076', 'cuisine': 'burger', 'landuse': 'commercial', 'name': 'ماكدونالدز', 'name:ar': 'ماكدونالدز', 'name:en': ""McDonald's"", 'operator': ""McDonald's"", 'outdoor_seating': 'yes', 'takeaway': 'yes'}"
OpenStreetMap,way,1336890350,osm_way_1336890350,,,,Morocco,Berrechid,,,,33.2355202,-7.5875756,,,,,[],[],,,,,,,,,,,,,2026-07-14T18:31:44.635951,"{'amenity': 'restaurant', 'building': 'yes'}"
OpenStreetMap,way,1458162291,osm_way_1458162291,KFC Berrechid,,,Morocco,Berrechid,,,,33.258749,-7.5811433,,,,,['american'],[],,,,,,,,,,,,,2026-07-14T18:31:44.635984,"{'amenity': 'fast_food', 'building': 'yes', 'cuisine': 'american', 'name': 'KFC Berrechid'}"
OpenStreetMap,node,2720635961,osm_node_2720635961,,,,Morocco,Benslimane,,,,33.619133,-7.1885019,,,,,[],[],,,,,,,,,,,,,2026-07-14T18:32:28.304598,{'amenity': 'restaurant'}
OpenStreetMap,node,3723260169,osm_node_3723260169,Italiano,,,Morocco,Benslimane,,,,33.6030907,-7.1134221,,,,,[],[],,,,,,,,,,,,,2026-07-14T18:32:28.304662,"{'amenity': 'cafe', 'name': 'Italiano'}"
OpenStreetMap,node,1365424813,osm_node_1365424813,Ihssane,,,Morocco,Salé,,,,34.0687568,-6.7919518,,,,,[],[],,,,,,,,,,,,,2026-07-14T18:33:26.406768,"{'amenity': 'cafe', 'name': 'Ihssane'}"
OpenStreetMap,node,1631787355,osm_node_1631787355,,,,Morocco,Salé,,,,33.9904215,-6.7365638,,,,,[],[],,,,,,,,,,,,,2026-07-14T18:33:26.406793,{'amenity': 'cafe'}
OpenStreetMap,node,1632358514,osm_node_1632358514,,,,Morocco,Salé,,,,33.9872364,-6.739171,,,,,[],[],,,,,,,,,,,,,2026-07-14T18:33:26.406814,{'amenity': 'cafe'}
OpenStreetMap,node,1632358566,osm_node_1632358566,Café la Valée,,,Morocco,Salé,,,,33.9877782,-6.7389616,,,,,['pizza'],[],,,,,,,,,,,,,2026-07-14T18:33:26.406842,"{'amenity': 'cafe', 'cuisine': 'pizza', 'name': 'Café la Valée'}"
OpenStreetMap,node,2463098448,osm_node_2463098448,Café Les Deux Palmiers,,,Morocco,Salé,,,,34.0494553,-6.7982647,,,,,[],[],,,,,,,,,,,,,2026-07-14T18:33:26.406862,"{'amenity': 'cafe', 'name': 'Café Les Deux Palmiers'}"
OpenStreetMap,node,2550863074,osm_node_2550863074,Café la Côte,,,Morocco,Salé,,,,34.0470792,-6.8278929,,,,,[],[],,,,,,,,,,,,,2026-07-14T18:33:26.406882,"{'amenity': 'restaurant', 'name': 'Café la Côte'}"
OpenStreetMap,node,2619533115,osm_node_2619533115,café Badr,,,Morocco,Salé,,,,34.0493456,-6.7995031,,,,,[],[],,,,,,,,,,,,,2026-07-14T18:33:26.406895,"{'amenity': 'cafe', 'name': 'café Badr'}"
OpenStreetMap,node,3265317975,osm_node_3265317975,Oriental,,,Morocco,Salé,,,,33.9955129,-6.7417798,,,,,[],[],,,,,,,,wlan,isolated,,,,2026-07-14T18:33:26.406910,"{'amenity': 'cafe', 'internet_access': 'wlan', 'name': 'Oriental', 'smoking': 'isolated'}"
OpenStreetMap,node,3265336738,osm_node_3265336738,Chez vous,,,Morocco,Salé,,,,33.9957209,-6.7381884,,,,,[],[],,,,,,,,yes,yes,,,,2026-07-14T18:33:26.406925,"{'amenity': 'cafe', 'internet_access': 'yes', 'name': 'Chez vous', 'smoking': 'yes'}"
OpenStreetMap,node,3267925674,osm_node_3267925674,Viva,,,Morocco,Salé,,,,33.9964825,-6.7371596,,,,,[],[],,,,,,,,,,,,,2026-07-14T18:33:26.406936,"{'amenity': 'cafe', 'name': 'Viva'}"
OpenStreetMap,node,3267925675,osm_node_3267925675,Palacio,,,Morocco,Salé,,,,33.9982484,-6.741218,,,,,[],[],,,,,,,,yes,no,,,,2026-07-14T18:33:26.406949,"{'amenity': 'cafe', 'internet_access': 'yes', 'name': 'Palacio', 'smoking': 'no'}"
OpenStreetMap,node,3267960730,osm_node_3267960730,Marsa,,,Morocco,Salé,,Avenue Abderrahim Bouabid,11100,34.0009875,-6.742819,,,,,[],[],,,,,,,,wlan,yes,,,,2026-07-14T18:33:26.406967,"{'addr:postcode': '11100', 'addr:street': 'Avenue Abderrahim Bouabid', 'amenity': 'cafe', 'internet_access': 'wlan', 'name': 'Marsa', 'smoking': 'yes', 'wheelchair': 'limited'}"
OpenStreetMap,node,3268043254,osm_node_3268043254,café,,,Morocco,Salé,,,,33.9937976,-6.7441393,,,,,[],[],,,,,,,,,,,,,2026-07-14T18:33:26.406985,"{'amenity': 'cafe', 'name': 'café', 'wifi': 'yes'}"
OpenStreetMap,node,3268054329,osm_node_3268054329,,,,Morocco,Salé,,,,33.9983402,-6.7408418,,,,,['regional'],[],,,,,,,,,no,,,,2026-07-14T18:33:26.406999,"{'amenity': 'restaurant', 'cuisine': 'regional', 'smoking': 'no'}"
OpenStreetMap,node,3268071648,osm_node_3268071648,Nakhil,,,Morocco,Salé,,,,33.9962067,-6.7411621,,,,,[],[],,,,,,,,wlan,yes,,,,2026-07-14T18:33:26.407013,"{'amenity': 'cafe', 'internet_access': 'wlan', 'name': 'Nakhil', 'smoking': 'yes', 'wheelchair': 'limited'}"
OpenStreetMap,node,3268077530,osm_node_3268077530,café,,,Morocco,Salé,,,,33.9976501,-6.7354108,,,,,[],[],,,,,,,,,,,,,2026-07-14T18:33:26.407023,"{'amenity': 'cafe', 'name': 'café'}"
OpenStreetMap,node,3268785161,osm_node_3268785161,Galilio,,,Morocco,Salé,,,,33.9953389,-6.741477,,,,,[],[],,,,,,,,no,no,,,,2026-07-14T18:33:26.407036,"{'amenity': 'cafe', 'internet_access': 'no', 'name': 'Galilio', 'smoking': 'no'}"
OpenStreetMap,node,3270399293,osm_node_3270399293,Café Pappas,,,Morocco,Salé,,,,34.0743681,-6.7949339,,,,,[],[],,,,,,,,,,,,,2026-07-14T18:33:26.407047,"{'amenity': 'cafe', 'name': 'Café Pappas'}"
OpenStreetMap,node,3270399294,osm_node_3270399294,Salma Palace,,,Morocco,Salé,,,,34.0720559,-6.7956374,,,,,[],[],,,,,,,,,,,,,2026-07-14T18:33:26.407057,"{'amenity': 'cafe', 'name': 'Salma Palace'}"
OpenStreetMap,node,3271287677,osm_node_3271287677,Oum,,,Morocco,Salé,,,,33.9869943,-6.7390125,,,,,[],[],,,,,,,,wlan,yes,,,,2026-07-14T18:33:26.407069,"{'amenity': 'cafe', 'internet_access': 'wlan', 'name': 'Oum', 'smoking': 'yes'}"
OpenStreetMap,node,3654962502,osm_node_3654962502,,,,Morocco,Salé,,,,34.0445477,-6.8158858,,,,,[],[],,,,,,,,,,,,,2026-07-14T18:33:26.407078,{'amenity': 'cafe'}
OpenStreetMap,node,4005882503,osm_node_4005882503,Café Fennick,,,Morocco,Salé,,,,34.0321213,-6.8226597,,,,,[],[],,,,,,,,,,,,,2026-07-14T18:33:26.407091,"{'amenity': 'cafe', 'name': 'Café Fennick'}"
OpenStreetMap,node,4224180433,osm_node_4224180433,Café Bahja,,,Morocco,Salé,,,,34.0436492,-6.7963353,,,,,[],[],,,,,,,,,,,,,2026-07-14T18:33:26.407103,"{'amenity': 'cafe', 'name': 'Café Bahja'}"
OpenStreetMap,node,4413615495,osm_node_4413615495,café Orkidea Blanca,,,Morocco,Salé,,Avenue D,,34.0693994,-6.7921428,+212537877373,,,Mo-Su 06:30-23:30,[],[],,,,,,,,wlan,,,,,2026-07-14T18:33:26.407124,"{'addr:housenumber': '66', 'addr:street': 'Avenue D', 'amenity': 'cafe', 'internet_access': 'wlan', 'name': 'café Orkidea Blanca', 'name:fr': 'café Orkidea Blanca', 'opening_hours': 'Mo-Su 06:30-23:30', 'phone': '+212 5 37 87 73 73'}"
OpenStreetMap,node,4463219304,osm_node_4463219304,Л-марса Сале,,,Morocco,Salé,,,,34.0281368,-6.8226461,,,,,[],[],,,,,,,,,,,,,2026-07-14T18:33:26.407137,"{'amenity': 'restaurant', 'name': 'Л-марса Сале'}"
OpenStreetMap,node,4494001523,osm_node_4494001523,Fm,,,Morocco,Salé,,,,34.043029,-6.782102,,,,,[],[],,,,,,,,,,,,,2026-07-14T18:33:26.407147,"{'amenity': 'cafe', 'name': 'Fm', 'name:fr': 'Fm'}"
OpenStreetMap,node,4565106791,osm_node_4565106791,,,,Morocco,Salé,,Avenue Abdelkrim El Khattabi,,34.0423806,-6.7853254,,,,Mo-Su 08:00-00:00,"['chicken', 'cake', 'fish', 'breakfast', 'local', 'tea', 'coffee_shop', 'moroccan', 'pancake']",[],,,,,,,,wlan,,,,,2026-07-14T18:33:26.407165,"{'addr:street': 'Avenue Abdelkrim El Khattabi', 'amenity': 'cafe', 'cuisine': 'chicken;cake;fish;breakfast;local;tea;coffee_shop;moroccan;pancake', 'internet_access': 'wlan', 'name:en': 'Délicia Palace', 'opening_hours': 'Mo-Su 08:00-00:00'}"
OpenStreetMap,node,4565320189,osm_node_4565320189,قهوة البال,,,Morocco,Salé,,,,34.0547202,-6.8192637,,,,,[],[],,,,,,,,,,,,,2026-07-14T18:33:26.407176,"{'amenity': 'cafe', 'name': 'قهوة البال', 'name:ar': 'قهوة البال'}"
OpenStreetMap,node,4581626389,osm_node_4581626389,Ichbilia اشبيلية,,,Morocco,Salé,,Avenue Moulay Abdellah,11000,34.0220462,-6.7716797,,,,,[],[],,,,,,,,wlan,,,,,2026-07-14T18:33:26.407192,"{'addr:postcode': '11000', 'addr:street': 'Avenue Moulay Abdellah', 'amenity': 'cafe', 'internet_access': 'wlan', 'name': 'Ichbilia اشبيلية', 'name:ar': 'اشبيلية', 'name:en': 'Sevie', 'name:es': 'Seviã', 'name:fr': 'Ichbilia'}"
OpenStreetMap,node,4583286591,osm_node_4583286591,مقهى سرايا,,,Morocco,Salé,,Avenue Abdelkrim El Khattabi,,34.0357782,-6.7870388,,,,Mo-Su 07:00-23:00,"['chicken', 'cake', 'grill', 'breakfast', 'local', 'coffee_shop', 'crepe', 'ice_cream', 'moroccan', 'pancake']",[],,,,,,,,wlan,,,,,2026-07-14T18:33:26.407211,"{'addr:street': 'Avenue Abdelkrim El Khattabi', 'amenity': 'cafe', 'cuisine': 'chicken;cake;grill;breakfast;local;coffee_shop;crepe;ice_cream;moroccan;pancake', 'internet_access': 'wlan', 'name': 'مقهى سرايا', 'name:ar': 'مقهى سرايا', 'name:en': 'Café Saraya', 'opening_hours': 'Mo-Su 07:00-23:00'}"
OpenStreetMap,node,4583286690,osm_node_4583286690,مقهى بيكولو,,,Morocco,Salé,,Avenue Abdelkrim El Khattabi,,34.0361923,-6.7866607,,,,Mo-Su 07:00-23:00,[],[],,,,,,,,wlan,,,,,2026-07-14T18:33:26.407227,"{'addr:street': 'Avenue Abdelkrim El Khattabi', 'amenity': 'cafe', 'internet_access': 'wlan', 'name': 'مقهى بيكولو', 'name:ar': 'مقهى بيكولو', 'name:en': 'Café Piccolo', 'opening_hours': 'Mo-Su 07:00-23:00'}"
OpenStreetMap,node,4583301589,osm_node_4583301589,مقهى فلسطين,,,Morocco,Salé,,Avenue 20 Aout,,34.0400059,-6.7849728,,,,Mo-Su 07:00-23:00,[],[],,,,,,,,wlan,,,,,2026-07-14T18:33:26.407242,"{'addr:street': 'Avenue 20 Aout', 'amenity': 'cafe', 'internet_access': 'wlan', 'name': 'مقهى فلسطين', 'name:ar': 'مقهى فلسطين', 'name:en': 'Café Palestine', 'opening_hours': 'Mo-Su 07:00-23:00'}"
OpenStreetMap,node,4589025493,osm_node_4589025493,مقهى لاتينا,,,Morocco,Salé,,Avenue Abdelkrim El Khattabi,,34.0389847,-6.7858294,,,,Mo-Su 07:00-23:00,[],[],,,,,,,,wlan,,,,,2026-07-14T18:33:26.407257,"{'addr:street': 'Avenue Abdelkrim El Khattabi', 'amenity': 'cafe', 'internet_access': 'wlan', 'name': 'مقهى لاتينا', 'name:ar': 'مقهى لاتينا', 'name:en': 'Café Latina', 'opening_hours': 'Mo-Su 07:00-23:00'}"
OpenStreetMap,node,4589025494,osm_node_4589025494,مقهى اوتاوا,,,Morocco,Salé,,Avenue Abdelkrim El Khattabi,,34.0375515,-6.7860871,,,,Mo-Su 07:00-23:00,[],[],,,,,,,,wlan,,,,,2026-07-14T18:33:26.407273,"{'addr:street': 'Avenue Abdelkrim El Khattabi', 'amenity': 'cafe', 'internet_access': 'wlan', 'name': 'مقهى اوتاوا', 'name:ar': 'مقهى اوتاوا', 'name:en': 'Cafe Ottawa', 'opening_hours': 'Mo-Su 07:00-23:00'}"
OpenStreetMap,node,4589025495,osm_node_4589025495,Café Rosalina مقهى روزالينا,,,Morocco,Salé,,Avenue Abdelkrim El Khattabi,,34.0366038,-6.7863542,,,,Mo-Su 07:00-23:00,[],[],,,,,,,,wlan,,,,,2026-07-14T18:33:26.407290,"{'addr:street': 'Avenue Abdelkrim El Khattabi', 'amenity': 'cafe', 'internet_access': 'wlan', 'name': 'Café Rosalina مقهى روزالينا', 'name:ar': 'مقهى روزالينا', 'name:fr': 'Café Rosalina', 'opening_hours': 'Mo-Su 07:00-23:00'}"
OpenStreetMap,node,4589044489,osm_node_4589044489,,,,Morocco,Salé,,Avenue Abdelkrim El Khattabi,,34.0381391,-6.785929,,,,Mo-Su 07:00-23:00,[],[],,,,,,,,wlan,,,,,2026-07-14T18:33:26.407304,"{'addr:street': 'Avenue Abdelkrim El Khattabi', 'amenity': 'cafe', 'internet_access': 'wlan', 'name:en': 'Café La Manga', 'opening_hours': 'Mo-Su 07:00-23:00'}"
OpenStreetMap,node,4589062898,osm_node_4589062898,مقهى دالي,,,Morocco,Salé,,Avenue Abdelkrim El Khattabi,,34.0415419,-6.7849697,,,,Mo-Su 07:00-23:00,[],[],,,,,,,,wlan,,,,,2026-07-14T18:33:26.407319,"{'addr:street': 'Avenue Abdelkrim El Khattabi', 'amenity': 'cafe', 'internet_access': 'wlan', 'name': 'مقهى دالي', 'name:ar': 'مقهى دالي', 'name:en': 'Café Dali', 'opening_hours': 'Mo-Su 07:00-23:00'}"
OpenStreetMap,node,4589429793,osm_node_4589429793,مقهى أوتاوا,,,Morocco,Salé,,Avenue Abdelkrim El Khattabi,,34.0379238,-6.7859316,,,,Mo-Su 07:00-23:00,[],[],,,,,,,,wlan,,,,,2026-07-14T18:33:26.407334,"{'addr:street': 'Avenue Abdelkrim El Khattabi', 'amenity': 'cafe', 'internet_access': 'wlan', 'name': 'مقهى أوتاوا', 'name:ar': 'مقهى أوتاوا', 'name:en': 'Café Ottawa', 'opening_hours': 'Mo-Su 07:00-23:00'}"
OpenStreetMap,node,4589619789,osm_node_4589619789,مقهى بريستيج,,,Morocco,Salé,,Avenue Abdelkrim El Khattabi,,34.0372101,-6.7860738,,,,Mo-Su 07:00-23:00,[],[],,,,,,,,wlan,,,,,2026-07-14T18:33:26.407349,"{'addr:street': 'Avenue Abdelkrim El Khattabi', 'amenity': 'cafe', 'internet_access': 'wlan', 'name': 'مقهى بريستيج', 'name:ar': 'مقهى بريستيج', 'name:en': 'Café Prestige', 'opening_hours': 'Mo-Su 07:00-23:00'}"
OpenStreetMap,node,4598313189,osm_node_4598313189,,,,Morocco,Salé,,la pepiniere,,34.0375428,-6.814447,,,,,[],[],,,,,,,,,,,,,2026-07-14T18:33:26.407360,"{'addr:street': 'la pepiniere', 'amenity': 'cafe', 'name:en': 'Lima'}"
OpenStreetMap,node,4664042689,osm_node_4664042689,,,,Morocco,Salé,,,,34.0509078,-6.7973197,,,,,[],[],,,,,,,,,,,,,2026-07-14T18:33:26.407369,{'amenity': 'cafe'}
OpenStreetMap,node,4691257840,osm_node_4691257840,CIBO Pizzerie Italiane,,,Morocco,Salé,,,,33.9959749,-6.7368873,+212633936085,,,,['italian_pizza'],[],,,,,,,,,,,,,2026-07-14T18:33:26.407384,"{'amenity': 'restaurant', 'cuisine': 'italian_pizza', 'name': 'CIBO Pizzerie Italiane', 'phone': '+212 6 33 93 60 85'}"
OpenStreetMap,node,4720832433,osm_node_4720832433,Chez Mario,,,Morocco,Salé,,,,34.0516389,-6.7958041,,,,,['pizza'],[],,,,,,,,,,,,,2026-07-14T18:33:26.407396,"{'amenity': 'restaurant', 'cuisine': 'pizza', 'name': 'Chez Mario'}"
OpenStreetMap,node,4968881224,osm_node_4968881224,,,,Morocco,Salé,,,,34.0354597,-6.8243477,,,,,[],[],,,,,,,,,,,,,2026-07-14T18:33:26.407405,"{'amenity': 'restaurant', 'name:en': 'Hassan Chiken'}"
OpenStreetMap,node,5120305249,osm_node_5120305249,Café Chez Ziyad,,,Morocco,Salé,,Avenue Sidi Mohammed,11000,34.0518483,-6.8126647,,,,Mo-Su 08:00-22:00,"['coffee_shop', 'tea']",['Outdoor Seating'],,,,,,,,yes,outside,,,,2026-07-14T18:33:26.407425,"{'addr:city': 'Salé سلا', 'addr:postcode': '11000', 'addr:street': 'Avenue Sidi Mohammed', 'amenity': 'cafe', 'cuisine': 'coffee_shop;tea', 'internet_access': 'yes', 'name': 'Café Chez Ziyad', 'opening_hours': 'Mo-Su 08:00-22:00', 'outdoor_seating': 'yes', 'smoking': 'outside'}"
OpenStreetMap,node,5141489122,osm_node_5141489122,Mazagan مزگان,,,Morocco,Salé,,Avenue Abderrahim Bouabid,11100,34.0005487,-6.742705,,,,Mo-Su 05:00-00:30,[],[],,,,,,,,wlan,,,,,2026-07-14T18:33:26.407441,"{'addr:postcode': '11100', 'addr:street': 'Avenue Abderrahim Bouabid', 'amenity': 'cafe', 'internet_access': 'wlan', 'name': 'Mazagan مزگان', 'name:ar': 'مزگان', 'name:en': 'Mazagan', 'name:fr': 'Mazagan', 'opening_hours': 'Mo-Su 05:00-00:30'}"
OpenStreetMap,node,5431453163,osm_node_5431453163,Café rasha,,,Morocco,Salé,,,,34.0734027,-6.7943783,,,,,[],[],,,,,,,,,,,,,2026-07-14T18:33:26.407452,"{'amenity': 'cafe', 'name': 'Café rasha'}"
OpenStreetMap,node,5790195431,osm_node_5790195431,Cafe les Cinq H,,,Morocco,Salé,,Avenue Moulay Youssef,,34.0397626,-6.8016154,,,,,[],[],,,,,,,,,,,,,2026-07-14T18:33:26.407466,"{'addr:street': 'Avenue Moulay Youssef', 'amenity': 'cafe', 'name': 'Cafe les Cinq H', 'source': 'Kaart Ground Survey 2018'}"
OpenStreetMap,node,5790306510,osm_node_5790306510,Café Nohaila,,,Morocco,Salé,,Avenue Mohamed V,,34.0541756,-6.7946993,,,,,[],[],,,,,,,,,,,,,2026-07-14T18:33:26.407490,"{'addr:street': 'Avenue Mohamed V', 'amenity': 'cafe', 'name': 'Café Nohaila', 'source': 'Kaart Ground Survey 2018'}"
OpenStreetMap,node,5908950686,osm_node_5908950686,isola,,,Morocco,Salé,,,,34.0756799,-6.7649997,+212537871771,,,Mo-Su 07:00-00:00,[],[],,,,,,,,,,,,,2026-07-14T18:33:26.407505,"{'amenity': 'cafe', 'name': 'isola', 'name:fr': 'isola', 'opening_hours': 'Mo-Su 07:00-00:00', 'phone': '+212 5 37 87 17 71'}"
OpenStreetMap,node,6231939486,osm_node_6231939486,Venezia Ice & Bakery,,,Morocco,Salé,,,,34.0367798,-6.7477793,,,,,"['sandwich', 'breakfast']",[],,,,,,,,wlan,,,,,2026-07-14T18:33:26.407518,"{'amenity': 'cafe', 'cuisine': 'sandwich;breakfast', 'diet:vegetarian': 'yes', 'indoor_seating': 'yes', 'internet_access': 'wlan', 'name': 'Venezia Ice & Bakery', 'outdoor_seating': 'no'}"
OpenStreetMap,node,6305885786,osm_node_6305885786,سناك مرحبا,,,Morocco,Salé,,Avenue Mohamed Ben Lhassan Louazzani,11000,34.0404622,-6.7899008,+212661623452,http://snack.marhaba@gmail.com,snack.marhaba@gmail.com,Mo-Su 11:00-00:00,"['sandwich', 'sausage', 'moroccan', 'tea', 'local', 'fine_dining', 'kebab']",[],,,,,,,,wlan,,,,,2026-07-14T18:33:26.407564,"{'addr:housenumber': '615', 'addr:postcode': '11000', 'addr:street': 'Avenue Mohamed Ben Lhassan Louazzani', 'amenity': 'fast_food', 'cuisine': 'sandwich;sausage;moroccan;tea;local;fine_dining;kebab', 'email': 'snack.marhaba@gmail.com', 'internet_access': 'wlan', 'name': 'سناك مرحبا', 'name:ar': 'سناك مرحبا', 'name:en': 'snack marhaba', 'opening_hours': 'Mo-Su 11:00-00:00', 'phone': '+212 6 61 62 34 52', 'website': 'http://snack.marhaba@gmail.com'}"
OpenStreetMap,node,6332066931,osm_node_6332066931,MESK LIL,,,Morocco,Salé,,,,34.0516011,-6.8128945,,,,,[],[],,,,,,,,,,,,,2026-07-14T18:33:26.407576,"{'amenity': 'cafe', 'name': 'MESK LIL'}"
OpenStreetMap,node,6367231818,osm_node_6367231818,Chtirs,,,Morocco,Salé,,,,33.9930034,-6.74331,,,,,[],['Outdoor Seating'],,,,,,,,wlan,yes,,,,2026-07-14T18:33:26.407590,"{'amenity': 'cafe', 'internet_access': 'wlan', 'name': 'Chtirs', 'outdoor_seating': 'yes', 'smoking': 'yes'}"
OpenStreetMap,node,6467094785,osm_node_6467094785,Ajax,,,Morocco,Salé,,,,34.0245919,-6.7593854,,,,,[],[],,,,,,,,,,,,,2026-07-14T18:33:26.407601,"{'amenity': 'cafe', 'name': 'Ajax', 'name:fr': 'Ajax'}"
OpenStreetMap,node,6508877274,osm_node_6508877274,La Capitale,,,Morocco,Salé,,,,34.0308503,-6.8207871,,,,,[],[],,,,,,,,,,,,,2026-07-14T18:33:26.407611,"{'amenity': 'restaurant', 'name': 'La Capitale'}"
OpenStreetMap,node,6710439085,osm_node_6710439085,Café El Baraka,,,Morocco,Salé,,Avenue Moulay Rachid,11012,34.0174879,-6.7641407,,http://www.cafeelbaraka.ma,d9@live.fr,24/7,[],[],,,,,,,,wlan,,,,,2026-07-14T18:33:26.407636,"{'addr:housenumber': '1', 'addr:postcode': '11012', 'addr:street': 'Avenue Moulay Rachid', 'amenity': 'cafe', 'email': 'd9@live.fr', 'internet_access': 'wlan', 'name': 'Café El Baraka', 'name:ar': 'مقهى البركة', 'name:fr': 'Café El Baraka', 'opening_hours': '24/7', 'website': 'http://www.cafeelbaraka.ma'}"
OpenStreetMap,node,6749449585,osm_node_6749449585,agourai,,,Morocco,Salé,,,,34.0629413,-6.7650474,,,,,[],[],,,,,,,,,,,,,2026-07-14T18:33:26.407647,"{'amenity': 'cafe', 'name': 'agourai'}"
OpenStreetMap,node,6974282785,osm_node_6974282785,,,,Morocco,Salé,,,,34.0150891,-6.7366498,,,,,[],[],,,,,,,,,,,,,2026-07-14T18:33:26.407656,"{'amenity': 'cafe', 'name:en': 'La Castella'}"
OpenStreetMap,node,7196301734,osm_node_7196301734,Relais Burger,,,Morocco,Salé,,,,34.0677106,-6.793148,+212537878484,,,,[],[],,,,,,,,,,,,,2026-07-14T18:33:26.407669,"{'amenity': 'restaurant', 'name': 'Relais Burger', 'phone': '+212 537 878 484'}"
OpenStreetMap,node,8148730218,osm_node_8148730218,,,,Morocco,Salé,,,,34.0223712,-6.7980914,,,,,[],[],,,,,,,,wlan,,,,,2026-07-14T18:33:26.407680,"{'amenity': 'cafe', 'internet_access': 'wlan', 'name:fr': 'Bellevue'}"
OpenStreetMap,node,8186499903,osm_node_8186499903,YOUBARBECUE,,,Morocco,Salé,,Avenue D,10200,34.0632456,-6.7837469,+212634133426,https://www.instagram.com/youbarbecue.ma,,Mo-Su 10:00-23:00,"['regional', 'tacos', 'poulet']","['Delivery', 'Takeaway', 'Wheelchair Accessible']",,,,,,,,,,,,,2026-07-14T18:33:26.407710,"{'addr:city': 'Salé سلا', 'addr:housenumber': '66', 'addr:postcode': '10200', 'addr:street': 'Avenue D', 'amenity': 'restaurant', 'cuisine': 'regional;tacos;poulet', 'delivery': 'yes', 'diet:meat': 'yes', 'image': 'https://www.instagram.com/p/CHd3mSNosjN/', 'name': 'YOUBARBECUE', 'opening_hours': 'Mo-Su 10:00-23:00', 'phone': '+212 6 34 13 34 26', 'takeaway': 'yes', 'website': 'https://www.instagram.com/youbarbecue.ma', 'wheelchair': 'yes'}"
OpenStreetMap,node,8741474718,osm_node_8741474718,مقهى الموعد,,,Morocco,Salé,,,,34.0345134,-6.8243357,,,,Mo-Su 07:00-22:00,[],[],,,,,,,,,,,,,2026-07-14T18:33:26.407723,"{'amenity': 'cafe', 'name': 'مقهى الموعد', 'name:en': 'Café Randez-vous', 'opening_hours': 'Mo-Su 07:00-22:00'}"
OpenStreetMap,node,9088119717,osm_node_9088119717,,,,Morocco,Salé,,,,34.0530327,-6.8233054,,,,,[],[],,,,,,,,,,,,,2026-07-14T18:33:26.407733,{'amenity': 'fast_food'}
OpenStreetMap,node,9088155717,osm_node_9088155717,,,,Morocco,Salé,,,,34.0586819,-6.8177426,,,,,[],[],,,,,,,,,,,,,2026-07-14T18:33:26.407741,"{'amenity': 'cafe', 'name:fr': 'Brik'}"
OpenStreetMap,node,9105925917,osm_node_9105925917,,,,Morocco,Salé,,,,34.0292784,-6.8231517,+212537889660,http://www.marco.ma,,,[],[],,,,,,,,,,,,,2026-07-14T18:33:26.407759,"{'amenity': 'restaurant', 'name:fr': 'Marco', 'phone': '+212 5 37 88 96 60', 'website': 'http://www.marco.ma'}"
OpenStreetMap,node,9348778017,osm_node_9348778017,Azafran,,,Morocco,Salé,,,,34.0139654,-6.7850409,,,,,[],[],,,,,,,,,,,,,2026-07-14T18:33:26.407770,"{'amenity': 'restaurant', 'name': 'Azafran'}"
OpenStreetMap,node,9385665317,osm_node_9385665317,سميرميس,,,Morocco,Salé,,,,34.0465518,-6.7871148,,,,,[],[],,,,,,,,wlan,,,,,2026-07-14T18:33:26.407781,"{'amenity': 'cafe', 'internet_access': 'wlan', 'name': 'سميرميس', 'name:en': 'Semiramis'}"
OpenStreetMap,node,9385665318,osm_node_9385665318,,,,Morocco,Salé,,,,34.0465074,-6.7872534,,,,,[],[],,,,,,,,wlan,,,,,2026-07-14T18:33:26.407792,"{'amenity': 'cafe', 'internet_access': 'wlan', 'name:en': 'Olivia Palace'}"
OpenStreetMap,node,10757769505,osm_node_10757769505,S'moody,,,Morocco,Salé,,Avenue Oued Daraa,11102,34.0112783,-6.7355369,+212625641124,,,Mo-Su 07:30-22:00,"['coffee_shop', 'crepe']",[],,,,,,,,wlan,,,,,2026-07-14T18:33:26.407811,"{'addr:housenumber': '110', 'addr:postcode': '11102', 'addr:street': 'Avenue Oued Daraa', 'amenity': 'cafe', 'cuisine': 'coffee_shop;crepe', 'internet_access': 'wlan', 'name': ""S'moody"", 'opening_hours': 'Mo-Su 07:30-22:00', 'phone': '+212 6 25 64 11 24'}"
OpenStreetMap,node,11380414878,osm_node_11380414878,Snack Al Boughaz,,,Morocco,Salé,,,,34.0343767,-6.8211693,,,,,[],[],,,,,,,,,,,,,2026-07-14T18:33:26.407823,"{'amenity': 'restaurant', 'name': 'Snack Al Boughaz'}"
OpenStreetMap,node,11380414879,osm_node_11380414879,Itri Foods,,,Morocco,Salé,,,,34.0344674,-6.8210307,,,,,[],[],,,,,,,,,,,,,2026-07-14T18:33:26.407833,"{'amenity': 'fast_food', 'name': 'Itri Foods'}"
OpenStreetMap,node,11380414880,osm_node_11380414880,,,,Morocco,Salé,,,,34.0344445,-6.8209848,,,,,[],[],,,,,,,,,,,,,2026-07-14T18:33:26.407843,{'amenity': 'fast_food'}
OpenStreetMap,node,11462433469,osm_node_11462433469,,,,Morocco,Salé,,,,34.0490673,-6.7997831,,,,,[],[],,,,,,,,,,,,,2026-07-14T18:33:26.407852,"{'amenity': 'cafe', 'name:fr': 'Benzhour'}"
OpenStreetMap,node,11470764115,osm_node_11470764115,Burger King,Burger King,,Morocco,Salé,,,,34.0290672,-6.823351,,,,,['burger'],['Takeaway'],,,,,,,,,,,,,2026-07-14T18:33:26.407866,"{'amenity': 'fast_food', 'brand': 'Burger King', 'brand:wikidata': 'Q177054', 'cuisine': 'burger', 'name': 'Burger King', 'takeaway': 'yes'}"
OpenStreetMap,node,11470888024,osm_node_11470888024,Grillades De Poisson,,,Morocco,Salé,,,,34.0401596,-6.8324634,,,,,['fish'],[],,,,,,,,,,,,,2026-07-14T18:33:26.407877,"{'amenity': 'restaurant', 'cuisine': 'fish', 'name': 'Grillades De Poisson'}"
OpenStreetMap,node,11649828099,osm_node_11649828099,Burger King,Burger King,,Morocco,Salé,,,,34.0585411,-6.8027093,,,,,['burger'],['Takeaway'],,,,,,,,,,,,,2026-07-14T18:33:26.407890,"{'amenity': 'fast_food', 'brand': 'Burger King', 'brand:wikidata': 'Q177054', 'cuisine': 'burger', 'name': 'Burger King', 'takeaway': 'yes'}"
OpenStreetMap,node,11869358582,osm_node_11869358582,Deep coffee,,,Morocco,Salé,,Avenue Mohamed V شارع محمد الخامس immeuble irac magasin 10,11000,34.0457364,-6.8056767,,,,Mo-Su 08:00-23:00,[],[],,,,,,,,yes,,,,,2026-07-14T18:33:26.407911,"{'addr:city': 'SALE', 'addr:postcode': '11000', 'addr:street': 'Avenue Mohamed V شارع محمد الخامس immeuble irac magasin 10', 'amenity': 'cafe', 'internet_access': 'yes', 'name': 'Deep coffee', 'opening_hours': 'Mo-Su 08:00-23:00'}"
OpenStreetMap,node,12097519302,osm_node_12097519302,Snack Barcelona,,,Morocco,Salé,,,,34.0474885,-6.8278095,,,,,[],[],,,,,,,,,,,,,2026-07-14T18:33:26.407921,"{'amenity': 'restaurant', 'name': 'Snack Barcelona'}"
OpenStreetMap,node,12097519304,osm_node_12097519304,Restaurant Al Ghorub,,,Morocco,Salé,,,,34.0493066,-6.8268157,,,,,[],[],,,,,,,,,,,,,2026-07-14T18:33:26.407931,"{'amenity': 'restaurant', 'name': 'Restaurant Al Ghorub'}"
OpenStreetMap,node,12097521101,osm_node_12097521101,Snack Cherkaoui,,,Morocco,Salé,,,,34.047305,-6.8278609,,,,,[],[],,,,,,,,,,,,,2026-07-14T18:33:26.407942,"{'amenity': 'restaurant', 'name': 'Snack Cherkaoui'}"
OpenStreetMap,node,12170367501,osm_node_12170367501,,,,Morocco,Salé,,,,34.0380168,-6.8245337,,,,,[],['Outdoor Seating'],,,,,,,,wlan,,,,,2026-07-14T18:33:26.407953,"{'amenity': 'cafe', 'internet_access': 'wlan', 'name:fr': 'Bosouk café culturel et concept store', 'outdoor_seating': 'yes'}"
OpenStreetMap,node,12230196318,osm_node_12230196318,Le Rocher,,,Morocco,Salé,,,,34.0283149,-6.8151099,,,,,[],[],,,,,,,,,,,,,2026-07-14T18:33:26.407963,"{'amenity': 'restaurant', 'name': 'Le Rocher'}"
OpenStreetMap,node,12236244675,osm_node_12236244675,La p'tite pause,,,Morocco,Salé,,,,33.9908297,-6.7231588,,,,,[],[],,,,,,,,,,,,,2026-07-14T18:33:26.407974,"{'amenity': 'restaurant', 'name': ""La p'tite pause""}"
OpenStreetMap,node,12585604501,osm_node_12585604501,Chérie Chéri,,,Morocco,Salé,,,,34.0307495,-6.8222848,,,,,[],[],,,,,,,,,,,,,2026-07-14T18:33:26.407984,"{'amenity': 'restaurant', 'name': 'Chérie Chéri'}"
OpenStreetMap,node,12585604601,osm_node_12585604601,Royal Burger,,,Morocco,Salé,,,,34.0308823,-6.8222147,,,,,[],[],,,,,,,,,,,,,2026-07-14T18:33:26.407995,"{'amenity': 'fast_food', 'name': 'Royal Burger'}"
OpenStreetMap,node,12585604602,osm_node_12585604602,Yoyorino,,,Morocco,Salé,,,,34.0291308,-6.8244789,,,,,[],[],,,,,,,,,,,,,2026-07-14T18:33:26.408005,"{'amenity': 'cafe', 'name': 'Yoyorino'}"
OpenStreetMap,node,12587769902,osm_node_12587769902,Bayt Al Quds,,,Morocco,Salé,,,,34.0303266,-6.82729,,,,,[],[],,,,,,,,,,,,,2026-07-14T18:33:26.408015,"{'amenity': 'restaurant', 'name': 'Bayt Al Quds'}"
OpenStreetMap,node,12587769903,osm_node_12587769903,Le Repère Gourmand,,,Morocco,Salé,,,,34.029661,-6.825649,,,,,[],[],,,,,,,,,,,,,2026-07-14T18:33:26.408026,"{'amenity': 'restaurant', 'name': 'Le Repère Gourmand'}"
OpenStreetMap,node,12587770002,osm_node_12587770002,The Frame,,,Morocco,Salé,,,,34.0302868,-6.8271706,,,,,[],[],,,,,,,,,,,,,2026-07-14T18:33:26.408036,"{'amenity': 'restaurant', 'name': 'The Frame'}"
OpenStreetMap,node,12587770003,osm_node_12587770003,Panda Crêpes,,,Morocco,Salé,,,,34.0303626,-6.8273911,,,,,[],[],,,,,,,,,,,,,2026-07-14T18:33:26.408046,"{'amenity': 'restaurant', 'name': 'Panda Crêpes'}"
OpenStreetMap,node,12587770101,osm_node_12587770101,Le 18 Bouregreg Street,,,Morocco,Salé,,,,34.0298773,-6.8258907,,,,,[],[],,,,,,,,,,,,,2026-07-14T18:33:26.408057,"{'amenity': 'restaurant', 'name': 'Le 18 Bouregreg Street'}"
OpenStreetMap,node,12587770102,osm_node_12587770102,Le Positano,,,Morocco,Salé,,,,34.0297078,-6.8257827,,,,,[],[],,,,,,,,,,,,,2026-07-14T18:33:26.408067,"{'amenity': 'restaurant', 'name': 'Le Positano'}"
OpenStreetMap,node,13695527408,osm_node_13695527408,Sushi Arij,,,Morocco,Salé,,Avenue H'ssaine,11100,33.9882121,-6.738585,+212530007780,,,Mo-Su 06:00-23:00,['chinese'],[],,,,,,,,,,,,,2026-07-14T18:33:26.408086,"{'addr:city': 'Salé El Jadida', 'addr:housename': 'Résidence Salima 1', 'addr:postcode': '11100', 'addr:street': ""Avenue H'ssaine"", 'amenity': 'restaurant', 'cuisine': 'chinese', 'name': 'Sushi Arij', 'opening_hours': 'Mo-Su 06:00-23:00', 'phone': '+212 5 30 00 77 80'}"
OpenStreetMap,node,13798668002,osm_node_13798668002,Restaurant La Capitale,,,Morocco,Salé,,,,34.029226,-6.820109,,,,,[],[],,,,,,,,,,,,,2026-07-14T18:33:26.408097,"{'amenity': 'restaurant', 'name': 'Restaurant La Capitale'}"
OpenStreetMap,node,13834175202,osm_node_13834175202,Boulangerie et Pâtisserie du CIAT,,,Morocco,Salé,,,,34.026122,-6.725284,,,,,[],[],,,,,,,,,,,,,2026-07-14T18:33:26.408109,"{'amenity': 'restaurant', 'name': 'Boulangerie et Pâtisserie du CIAT'}"
OpenStreetMap,node,13834175203,osm_node_13834175203,Maison Orilis Café & restaurant,,,Morocco,Salé,,,,34.019283,-6.743564,,,,,[],[],,,,,,,,,,,,,2026-07-14T18:33:26.408120,"{'amenity': 'cafe', 'name': 'Maison Orilis Café & restaurant'}"
OpenStreetMap,node,13834181601,osm_node_13834181601,CIAT Restaurant,,,Morocco,Salé,,,,34.026473,-6.72564,,,,,[],[],,,,,,,,,,,,,2026-07-14T18:33:26.408130,"{'amenity': 'restaurant', 'name': 'CIAT Restaurant'}"
OpenStreetMap,node,13834181602,osm_node_13834181602,Café RIHAB MAAMOURA,,,Morocco,Salé,,,,34.01496,-6.737687,,,,,[],[],,,,,,,,,,,,,2026-07-14T18:33:26.408141,"{'amenity': 'cafe', 'name': 'Café RIHAB MAAMOURA'}"
OpenStreetMap,node,13834181603,osm_node_13834181603,Quick Hum food,,,Morocco,Salé,,,,34.02067,-6.751915,,,,,[],[],,,,,,,,,,,,,2026-07-14T18:33:26.408152,"{'amenity': 'restaurant', 'name': 'Quick Hum food'}"
OpenStreetMap,node,13834181604,osm_node_13834181604,Café,,,Morocco,Salé,,,,34.01529,-6.7660025,,,,,[],[],,,,,,,,,,,,,2026-07-14T18:33:26.408162,"{'amenity': 'cafe', 'name': 'Café'}"
OpenStreetMap,node,13834181701,osm_node_13834181701,P'TITE JOIE,,,Morocco,Salé,,,,34.016493,-6.737128,,,,,[],[],,,,,,,,,,,,,2026-07-14T18:33:26.408172,"{'amenity': 'cafe', 'name': ""P'TITE JOIE""}"
OpenStreetMap,node,13834181702,osm_node_13834181702,Crepeti Sala Al Jadida,,,Morocco,Salé,,,,34.01583,-6.736633,,,,,[],[],,,,,,,,,,,,,2026-07-14T18:33:26.408183,"{'amenity': 'restaurant', 'name': 'Crepeti Sala Al Jadida'}"
OpenStreetMap,node,13834181703,osm_node_13834181703,Café Slaoui,,,Morocco,Salé,,,,34.019745,-6.747618,,,,,[],[],,,,,,,,,,,,,2026-07-14T18:33:26.408193,"{'amenity': 'cafe', 'name': 'Café Slaoui'}"
OpenStreetMap,node,13834181801,osm_node_13834181801,The Wedge Coffee Brunch Bistro,,,Morocco,Salé,,,,34.014193,-6.737301,,,,,[],[],,,,,,,,,,,,,2026-07-14T18:33:26.408204,"{'amenity': 'restaurant', 'name': 'The Wedge  Coffee Brunch Bistro'}"
OpenStreetMap,node,13834181802,osm_node_13834181802,Café Dalia,,,Morocco,Salé,,,,34.024138,-6.756482,,,,,[],[],,,,,,,,,,,,,2026-07-14T18:33:26.408214,"{'amenity': 'cafe', 'name': 'Café Dalia'}"
OpenStreetMap,node,13834181803,osm_node_13834181803,Café Marakas,,,Morocco,Salé,,,,34.025984,-6.758885,,,,,[],[],,,,,,,,,,,,,2026-07-14T18:33:26.408225,"{'amenity': 'cafe', 'name': 'Café Marakas'}"
OpenStreetMap,node,13834181804,osm_node_13834181804,ماكرو فود (سلا),,,Morocco,Salé,,,,34.023941,-6.760324,,,,,[],[],,,,,,,,,,,,,2026-07-14T18:33:26.408236,"{'amenity': 'restaurant', 'name': 'ماكرو فود (سلا)'}"
OpenStreetMap,node,13834181806,osm_node_13834181806,سلا القرية,,,Morocco,Salé,,,,34.021077,-6.767383,,,,,[],[],,,,,,,,,,,,,2026-07-14T18:33:26.408246,"{'amenity': 'cafe', 'name': 'سلا القرية'}"
OpenStreetMap,node,13834181901,osm_node_13834181901,Café Onico,,,Morocco,Salé,,,,34.012096,-6.736437,,,,,[],[],,,,,,,,,,,,,2026-07-14T18:33:26.408257,"{'amenity': 'cafe', 'name': 'Café Onico'}"
OpenStreetMap,node,13834181903,osm_node_13834181903,BAHLA FOOD,,,Morocco,Salé,,,,34.025472,-6.764508,,,,,[],[],,,,,,,,,,,,,2026-07-14T18:33:26.408267,"{'amenity': 'restaurant', 'name': 'BAHLA FOOD'}"
OpenStreetMap,node,13834182301,osm_node_13834182301,Alif2.food,,,Morocco,Salé,,,,34.025009,-6.759185,,,,,[],[],,,,,,,,,,,,,2026-07-14T18:33:26.408277,"{'amenity': 'restaurant', 'name': 'Alif2.food'}"
OpenStreetMap,node,13834182401,osm_node_13834182401,Café Santa Barbara,,,Morocco,Salé,,,,34.026166,-6.759531,,,,,[],[],,,,,,,,,,,,,2026-07-14T18:33:26.408287,"{'amenity': 'cafe', 'name': 'Café Santa Barbara'}"
OpenStreetMap,node,13834182601,osm_node_13834182601,AM Fast Food,,,Morocco,Salé,,,,34.016151,-6.769382,,,,,[],[],,,,,,,,,,,,,2026-07-14T18:33:26.408298,"{'amenity': 'restaurant', 'name': 'AM Fast Food'}"
OpenStreetMap,way,315906817,osm_way_315906817,atacadao,,,Morocco,Salé,,,,34.0292428,-6.7609376,,,,,[],[],,,,,,,,,,,,,2026-07-14T18:33:26.408309,"{'amenity': 'restaurant', 'building': 'yes', 'name': 'atacadao'}"
OpenStreetMap,way,840849680,osm_way_840849680,Quartier général,,,Morocco,Salé,,,,33.983236,-6.7252059,,,,,"['sandwich', 'pizza', 'breakfast', 'tea']",[],,,,,,,,,,,,,2026-07-14T18:33:26.408322,"{'amenity': 'restaurant', 'building': 'yes', 'cuisine': 'sandwich;pizza;breakfast;tea', 'name': 'Quartier général'}"
OpenStreetMap,way,944517578,osm_way_944517578,,,,Morocco,Salé,,,,34.0363727,-6.8063235,,,,,[],[],,,,,,,,,,,,,2026-07-14T18:33:26.408332,"{'addr:city': 'Salé', 'amenity': 'cafe', 'building': 'yes'}"
OpenStreetMap,way,944517579,osm_way_944517579,,,,Morocco,Salé,,,,34.0352241,-6.8062151,,,,,[],[],,,,,,,,,,,,,2026-07-14T18:33:26.408341,"{'amenity': 'cafe', 'building': 'yes'}"
OpenStreetMap,way,944517580,osm_way_944517580,,,,Morocco,Salé,,,,34.0351399,-6.8064273,,,,,[],[],,,,,,,,,,,,,2026-07-14T18:33:26.408350,"{'amenity': 'cafe', 'building': 'yes'}"
OpenStreetMap,way,1105934272,osm_way_1105934272,McDonald's,McDonald's,,Morocco,Salé,,,,34.0313677,-6.8167048,,,,,['burger'],['Takeaway'],,,,,,,,,,,,,2026-07-14T18:33:26.408363,"{'amenity': 'fast_food', 'brand': ""McDonald's"", 'brand:wikidata': 'Q38076', 'brand:wikipedia': ""en:McDonald's"", 'building': 'yes', 'cuisine': 'burger', 'name': ""McDonald's"", 'takeaway': 'yes'}"
OpenStreetMap,way,1275283520,osm_way_1275283520,,,,Morocco,Salé,,,,34.0280962,-6.8236226,,,,,[],[],,,,,,,,,,,,,2026-07-14T18:33:26.408373,"{'amenity': 'restaurant', 'building': 'yes'}"
OpenStreetMap,way,1339051978,osm_way_1339051978,Art'Chill,,,Morocco,Salé,,,,33.9841764,-6.7230726,,,,,[],[],,,,,,,,,,,,,2026-07-14T18:33:26.408383,"{'amenity': 'restaurant', 'building': 'yes', 'name': ""Art'Chill""}"
OpenStreetMap,way,1494969661,osm_way_1494969661,Japoneza,,,Morocco,Salé,,,,34.0154182,-6.7374658,,,,,['sushi'],[],,,,,,,,,,,,,2026-07-14T18:33:26.408394,"{'amenity': 'restaurant', 'building': 'yes', 'cuisine': 'sushi', 'name': 'Japoneza'}"
OpenStreetMap,node,4396178393,osm_node_4396178393,cafe touilnouvis مقهى تويلنوفيس,,,Morocco,Témara,,,,33.92492,-6.9161467,,,,,[],[],,,,,,,,,,,,,2026-07-14T18:33:39.165611,"{'amenity': 'cafe', 'name': 'cafe touilnouvis مقهى تويلنوفيس', 'name:ar': 'مقهى تويلنوفيس', 'name:fr': 'cafe touilnouvis'}"
OpenStreetMap,node,4441775690,osm_node_4441775690,Cafe yassmine مقهى ياسمين,,,Morocco,Témara,,Avenue Tarik Ibn Ziad شارع طارق بن زياد,,33.9096278,-6.9137995,,,,,[],[],,,,,,,,wlan,,,,,2026-07-14T18:33:39.165720,"{'addr:street': 'Avenue Tarik Ibn Ziad شارع طارق بن زياد', 'amenity': 'cafe', 'internet_access': 'wlan', 'name': 'Cafe yassmine مقهى ياسمين', 'name:ar': 'مقهى ياسمين', 'name:fr': 'Cafe yassmine'}"
OpenStreetMap,node,4568504770,osm_node_4568504770,Cafe Al Fath مقهى الفتح,,,Morocco,Témara,,,,33.9000669,-6.9340574,,,,Mo-Su 08:00-22:00,['coffee_shop'],['Outdoor Seating'],,,,,,,,wlan,yes,,,,2026-07-14T18:33:39.165798,"{'amenity': 'cafe', 'cuisine': 'coffee_shop', 'internet_access': 'wlan', 'internet_access:fee': 'no', 'name': 'Cafe Al Fath مقهى الفتح', 'name:ar': 'مقهى الفتح', 'name:fr': 'Cafe Al Fath', 'opening_hours': 'Mo-Su 08:00-22:00', 'outdoor_seating': 'yes', 'smoking': 'yes'}"
OpenStreetMap,node,5075076121,osm_node_5075076121,شواية الأخوين,,,Morocco,Témara,,,,33.9125229,-6.9240105,,,,,[],[],,,,,,,,,,,,,2026-07-14T18:33:39.165836,"{'amenity': 'restaurant', 'name': 'شواية الأخوين', 'name:ar': 'شواية الأخوين'}"
OpenStreetMap,node,5141272123,osm_node_5141272123,Nardine,,,Morocco,Témara,,,,33.9416112,-6.8935466,,,,,[],[],,,,,,,,,,,,,2026-07-14T18:33:39.165867,"{'amenity': 'cafe', 'name': 'Nardine'}"
OpenStreetMap,node,5275700224,osm_node_5275700224,Nourine,,,Morocco,Témara,,,,33.9383852,-6.8972272,,,,,[],[],,,,,,,,wlan,,,,,2026-07-14T18:33:39.165901,"{'amenity': 'restaurant', 'internet_access': 'wlan', 'name': 'Nourine'}"
OpenStreetMap,node,6312480138,osm_node_6312480138,dar diafa,,,Morocco,Témara,,sdsd,,33.9218904,-6.8970794,,,,,[],[],,,,,,,,,,,,,2026-07-14T18:33:39.165936,"{'addr:housenumber': '12334', 'addr:street': 'sdsd', 'amenity': 'cafe', 'name': 'dar diafa'}"
OpenStreetMap,node,8186513805,osm_node_8186513805,Grillade MR PINO,,,Morocco,Témara,,Avenue Tarik Ibn Ziad شارع طارق بن زياد,11000,33.9102217,-6.9058166,+212666970703,https://www.instagram.com/grillademrpino.temara/,,Mo-Su 08:00-23:00,"['pizza', 'regional', 'burger', 'italian', 'sandwich', 'kebab', 'steak_house', 'poulet']","['Delivery', 'Takeaway', 'Outdoor Seating', 'Wheelchair Accessible']",,,,,,,,yes,,,,,2026-07-14T18:33:39.166075,"{'addr:city': 'Témara تمارة', 'addr:housenumber': '44', 'addr:postcode': '11000', 'addr:street': 'Avenue Tarik Ibn Ziad شارع طارق بن زياد', 'air_conditioning': 'yes', 'amenity': 'restaurant', 'cuisine': 'pizza;regional;burger;italian;sandwich;kebab;steak_house;poulet', 'delivery': 'yes', 'diet:meat': 'yes', 'ele': 'coul', 'image': 'https://www.instagram.com/p/CHfVgQHJ5KB/', 'internet_access': 'yes', 'name': 'Grillade MR PINO', 'opening_hours': 'Mo-Su 08:00-23:00', 'outdoor_seating': 'yes', 'phone': '+212 6 66 97 07 03', 'takeaway': 'yes', 'website': 'https://www.instagram.com/grillademrpino.temara/', 'wheelchair': 'yes'}"
OpenStreetMap,node,8193729296,osm_node_8193729296,Café PINO,,,Morocco,Témara,,Avenue Tarik Ibn Ziad شارع طارق بن زياد,11000,33.9107258,-6.9065088,+212661941929,https://www.instagram.com/p/CHfeGyTpVbP/,,Mo-Su 10:00-22:00,['café'],['Outdoor Seating'],,,,,,,,yes,,,,,2026-07-14T18:33:39.166220,"{'addr:city': 'Témara تمارة', 'addr:housenumber': '33', 'addr:postcode': '11000', 'addr:street': 'Avenue Tarik Ibn Ziad شارع طارق بن زياد', 'amenity': 'cafe', 'cuisine': 'café', 'internet_access': 'yes', 'internet_access:fee': 'no', 'internet_access:ssid': 'Café Pino', 'name': 'Café PINO', 'opening_hours': 'Mo-Su 10:00-22:00', 'outdoor_seating': 'yes', 'phone': '+212 6 61 94 19 29', 'website': 'https://www.instagram.com/p/CHfeGyTpVbP/'}"
OpenStreetMap,node,9696367716,osm_node_9696367716,Cafe Zagoura,,,Morocco,Témara,,,,33.9296822,-6.8899956,,,,,[],[],,,,,,,,,,,,,2026-07-14T18:33:39.166281,"{'amenity': 'cafe', 'name': 'Cafe Zagoura'}"
OpenStreetMap,node,11476305669,osm_node_11476305669,مقهى لبدر,,,Morocco,Témara,,,,33.9035709,-6.9238826,,,,,[],[],,,,,,,,,,,,,2026-07-14T18:33:39.166346,"{'amenity': 'cafe', 'name': 'مقهى لبدر', 'name:fr': 'Café Lebdar'}"
OpenStreetMap,node,11476456169,osm_node_11476456169,Oscar,,,Morocco,Témara,,,,33.9029759,-6.9247033,,,,,[],[],,,,,,,,,,,,,2026-07-14T18:33:39.166406,"{'amenity': 'cafe', 'name': 'Oscar', 'name:fr': 'Oscar'}"
OpenStreetMap,node,11478910971,osm_node_11478910971,Café Bab Tamesna,,,Morocco,Témara,,,,33.9019101,-6.9233194,,,,,[],[],,,,,,,,,,,,,2026-07-14T18:33:39.166460,"{'amenity': 'cafe', 'name': 'Café Bab Tamesna'}"
OpenStreetMap,node,11478910973,osm_node_11478910973,مقهى الأحلام,,,Morocco,Témara,,,,33.9016703,-6.9235928,,,,,[],[],,,,,,,,,,,,,2026-07-14T18:33:39.166514,"{'amenity': 'cafe', 'name': 'مقهى الأحلام', 'name:fr': 'Café Al Ahlam'}"
OpenStreetMap,node,11480611169,osm_node_11480611169,La Soie,,,Morocco,Témara,,,,33.9007965,-6.9246997,,,,,[],[],,,,,,,,,,,,,2026-07-14T18:33:39.166563,"{'amenity': 'cafe', 'name': 'La Soie'}"
OpenStreetMap,node,11480612270,osm_node_11480612270,Café Alexandra,,,Morocco,Témara,,,,33.9015739,-6.9247832,,,,,[],[],,,,,,,,,,,,,2026-07-14T18:33:39.166620,"{'amenity': 'cafe', 'name': 'Café Alexandra'}"
OpenStreetMap,node,11480612369,osm_node_11480612369,مقهى يوري,,,Morocco,Témara,,,,33.901993,-6.9254138,,,,,[],[],,,,,,,,,,,,,2026-07-14T18:33:39.166706,"{'amenity': 'cafe', 'name': 'مقهى يوري', 'name:fr': 'Café Yuri'}"
OpenStreetMap,node,11483819469,osm_node_11483819469,سناك بلادي,,,Morocco,Témara,,,,33.9033236,-6.9249313,,,,,[],[],,,,,,,,,,,,,2026-07-14T18:33:39.166764,"{'amenity': 'fast_food', 'name': 'سناك بلادي', 'name:fr': 'Snack Bladi'}"
OpenStreetMap,node,11486620369,osm_node_11486620369,Café Jad,,,Morocco,Témara,,,,33.9027602,-6.9222876,,,,,[],[],,,,,,,,,,,,,2026-07-14T18:33:39.166819,"{'amenity': 'cafe', 'name': 'Café Jad'}"
OpenStreetMap,node,11486799269,osm_node_11486799269,مقهى زين,,,Morocco,Témara,,,,33.90211,-6.9218954,,,,,[],[],,,,,,,,,,,,,2026-07-14T18:33:39.166877,"{'amenity': 'cafe', 'name': 'مقهى زين', 'name:fr': 'Zein café'}"
OpenStreetMap,node,11497118970,osm_node_11497118970,La Manga,,,Morocco,Témara,,,,33.9062589,-6.9253351,,,,,[],[],,,,,,,,,,,,,2026-07-14T18:33:39.166937,"{'amenity': 'cafe', 'name': 'La Manga'}"
OpenStreetMap,node,11497132870,osm_node_11497132870,مقهى جواهر,,,Morocco,Témara,,,,33.9071821,-6.9241294,,,,,[],[],,,,,,,,,,,,,2026-07-14T18:33:39.166997,"{'amenity': 'cafe', 'name': 'مقهى جواهر', 'name:fr': 'Café Jawahir'}"
OpenStreetMap,node,11497133069,osm_node_11497133069,مقهى جباليا,,,Morocco,Témara,,,,33.9066245,-6.9246018,,,,,[],[],,,,,,,,,,,,,2026-07-14T18:33:39.167138,"{'amenity': 'cafe', 'name': 'مقهى جباليا'}"
OpenStreetMap,node,11503814869,osm_node_11503814869,,,,Morocco,Témara,,,,33.9004113,-6.9241199,,,,,[],[],,,,,,,,,,,,,2026-07-14T18:33:39.167221,{'amenity': 'fast_food'}
OpenStreetMap,node,11503828872,osm_node_11503828872,Trois Gourmets,,,Morocco,Témara,,,,33.8999284,-6.925753,,,,,[],[],,,,,,,,,,,,,2026-07-14T18:33:39.167478,"{'amenity': 'cafe', 'name': 'Trois Gourmets'}"
OpenStreetMap,node,11504048669,osm_node_11504048669,Arzak,,,Morocco,Témara,,,,33.9005033,-6.9256242,,,,,[],[],,,,,,,,,,,,,2026-07-14T18:33:39.167539,"{'addr:city': 'Témara تمارة', 'amenity': 'fast_food', 'name': 'Arzak'}"
OpenStreetMap,node,11513556370,osm_node_11513556370,أسماك هشام,,,Morocco,Témara,,,,33.9051359,-6.9225359,,,,,[],[],,,,,,,,,,,,,2026-07-14T18:33:39.167577,"{'amenity': 'fast_food', 'name': 'أسماك هشام'}"
OpenStreetMap,node,11514222269,osm_node_11514222269,مقهى الخيام,,,Morocco,Témara,,,,33.905853,-6.9256969,,,,,[],[],,,,,,,,,,,,,2026-07-14T18:33:39.167610,"{'amenity': 'cafe', 'name': 'مقهى الخيام'}"
OpenStreetMap,node,11576562270,osm_node_11576562270,Café Urbano,,,Morocco,Témara,,,,33.9018426,-6.9256296,,,,,[],[],,,,,,,,,,,,,2026-07-14T18:33:39.167643,"{'amenity': 'cafe', 'name': 'Café Urbano'}"
OpenStreetMap,node,11603470988,osm_node_11603470988,Traiteur Benbrahim,,,Morocco,Témara,,,,33.9405135,-6.8946117,,,,,[],[],,,,,,,,,,,,,2026-07-14T18:33:39.167698,"{'amenity': 'cafe', 'name': 'Traiteur Benbrahim'}"
OpenStreetMap,node,11648904369,osm_node_11648904369,Mille Délices,,,Morocco,Témara,,,,33.9038606,-6.919916,,,,,[],[],,,,,,,,,,,,,2026-07-14T18:33:39.167728,"{'amenity': 'cafe', 'name': 'Mille Délices'}"
OpenStreetMap,node,11648904370,osm_node_11648904370,Our corner,,,Morocco,Témara,,,,33.9040033,-6.919706,,,,,[],[],,,,,,,,,,,,,2026-07-14T18:33:39.167757,"{'amenity': 'cafe', 'name': 'Our corner'}"
OpenStreetMap,node,11648904569,osm_node_11648904569,Café Dialna,,,Morocco,Témara,,,,33.9040726,-6.9196417,,,,,[],[],,,,,,,,,,,,,2026-07-14T18:33:39.167786,"{'amenity': 'cafe', 'name': 'Café Dialna'}"
OpenStreetMap,node,11659472969,osm_node_11659472969,,,,Morocco,Témara,,,,33.9207502,-6.9161457,,,,,[],[],,,,,,,,,,,,,2026-07-14T18:33:39.167813,{'amenity': 'cafe'}
OpenStreetMap,node,11659473069,osm_node_11659473069,PARADEL CAFE,,,Morocco,Témara,,,,33.9207913,-6.9160852,,,,,[],[],,,,,,,,,,,,,2026-07-14T18:33:39.167842,"{'amenity': 'cafe', 'name': 'PARADEL CAFE'}"
OpenStreetMap,node,11659473169,osm_node_11659473169,Green House,,,Morocco,Témara,,,,33.9212445,-6.9159753,,,,,[],[],,,,,,,,,,,,,2026-07-14T18:33:39.167871,"{'amenity': 'cafe', 'name': 'Green House'}"
OpenStreetMap,node,11659473170,osm_node_11659473170,مقهى اليمامة,,,Morocco,Témara,,,,33.9210536,-6.9162541,,,,,[],[],,,,,,,,,,,,,2026-07-14T18:33:39.167902,"{'amenity': 'cafe', 'name': 'مقهى اليمامة'}"
OpenStreetMap,node,11704521970,osm_node_11704521970,,,,Morocco,Témara,,,,33.9205848,-6.9166813,,,,,"['pizza', 'sandwich']",[],,,,,,,,,,,,,2026-07-14T18:33:39.167941,"{'amenity': 'fast_food', 'cuisine': 'pizza;sandwich'}"
OpenStreetMap,node,11704522269,osm_node_11704522269,سناك الشعب,,,Morocco,Témara,,,,33.9207017,-6.9165718,,,,,[],[],,,,,,,,,,,,,2026-07-14T18:33:39.167981,"{'amenity': 'fast_food', 'name': 'سناك الشعب', 'name:fr': 'SNACK ACHA3B'}"
OpenStreetMap,node,11704522369,osm_node_11704522369,,,,Morocco,Témara,,,,33.9206728,-6.9166011,,,,,[],[],,,,,,,,,,,,,2026-07-14T18:33:39.168007,{'amenity': 'cafe'}
OpenStreetMap,node,11704522370,osm_node_11704522370,مشواة يونس,,,Morocco,Témara,,,,33.9206365,-6.9166208,,,,,[],[],,,,,,,,,,,,,2026-07-14T18:33:39.168037,"{'amenity': 'fast_food', 'name': 'مشواة يونس'}"
OpenStreetMap,node,11704522371,osm_node_11704522371,Café Atlantis,,,Morocco,Témara,,,,33.9064516,-6.9214195,,,,,[],[],,,,,,,,,,,,,2026-07-14T18:33:39.168067,"{'amenity': 'cafe', 'name': 'Café Atlantis', 'name:fr': 'Café Atlantis'}"
OpenStreetMap,node,11704524069,osm_node_11704524069,Nice Smile Coffe,,,Morocco,Témara,,,,33.9205116,-6.9167661,,,,,[],[],,,,,,,,,,,,,2026-07-14T18:33:39.168109,"{'amenity': 'cafe', 'name': 'Nice Smile Coffe'}"
OpenStreetMap,node,11878468169,osm_node_11878468169,VITTEL Café,,,Morocco,Témara,,,,33.9072903,-6.922608,,,,,[],[],,,,,,,,,,,,,2026-07-14T18:33:39.168139,"{'amenity': 'cafe', 'name': 'VITTEL Café'}"
OpenStreetMap,node,11942016605,osm_node_11942016605,,,,Morocco,Témara,,,,33.9148657,-6.9401415,,,,,[],[],,,,,,,,,,,,,2026-07-14T18:33:39.168165,{'amenity': 'cafe'}
OpenStreetMap,node,12492258205,osm_node_12492258205,Chérifa,,,Morocco,Témara,,,,33.9028745,-6.9169121,,,,,[],[],,,,,,,,,,,,,2026-07-14T18:33:39.168194,"{'amenity': 'cafe', 'name': 'Chérifa'}"
OpenStreetMap,node,12492258402,osm_node_12492258402,La bonne dose,,,Morocco,Témara,,,,33.9032719,-6.9172785,,,,,[],[],,,,,,,,,,,,,2026-07-14T18:33:39.168224,"{'amenity': 'cafe', 'name': 'La bonne dose'}"
OpenStreetMap,node,12492258405,osm_node_12492258405,مطعم النسيم,,,Morocco,Témara,,,,33.9023239,-6.9172852,,,,,[],[],,,,,,,,,,,,,2026-07-14T18:33:39.168254,"{'amenity': 'fast_food', 'name': 'مطعم النسيم', 'name:fr': 'Restaurant Anassim'}"
OpenStreetMap,node,12595631270,osm_node_12595631270,Café mogador,,,Morocco,Témara,,,,33.9296652,-6.8902533,,,,,[],[],,,,,,,,,,,,,2026-07-14T18:33:39.168285,"{'amenity': 'cafe', 'name': 'Café mogador'}"
OpenStreetMap,node,12646053801,osm_node_12646053801,,,,Morocco,Témara,,,,33.9241648,-6.8895348,,,,,[],[],,,,,,,,,,,,,2026-07-14T18:33:39.168310,{'amenity': 'cafe'}
OpenStreetMap,node,13257877464,osm_node_13257877464,Cafés Carrion,,,Morocco,Témara,,Rue Almanar,12000,33.9225984,-6.9321474,,https://cafescarrion.com/,,Mo-Su 07:30-23:00,"['breakfast', 'crepe']",['Outdoor Seating'],,,,,,,,yes,,,,,2026-07-14T18:33:39.168427,"{'addr:city': 'Témara تمارة', 'addr:housenumber': '1426', 'addr:postcode': '12000', 'addr:street': 'Rue Almanar', 'amenity': 'cafe', 'cuisine': 'breakfast;crepe', 'internet_access': 'yes', 'internet_access:fee': 'no', 'name': 'Cafés Carrion', 'opening_hours': 'Mo-Su 07:30-23:00', 'outdoor_seating': 'yes', 'website': 'https://cafescarrion.com/'}"
OpenStreetMap,node,13820174102,osm_node_13820174102,O'Ben Coffee Shop,,,Morocco,Témara,,,,33.940711,-6.884867,,,,,[],[],,,,,,,,,,,,,2026-07-14T18:33:39.168468,"{'amenity': 'cafe', 'name': ""O'Ben Coffee Shop""}"
OpenStreetMap,node,13820265501,osm_node_13820265501,EL MANBAT,,,Morocco,Témara,,,,33.941104,-6.884337,,,,,[],[],,,,,,,,,,,,,2026-07-14T18:33:39.168500,"{'amenity': 'cafe', 'name': 'EL MANBAT'}"
OpenStreetMap,node,13820265502,osm_node_13820265502,Chef D'oeuvre Annexe,,,Morocco,Témara,,,,33.938974,-6.885797,,,,,[],[],,,,,,,,,,,,,2026-07-14T18:33:39.168534,"{'amenity': 'restaurant', 'name': ""Chef D'oeuvre Annexe""}"
OpenStreetMap,node,13820265701,osm_node_13820265701,محلبة كروستيو,,,Morocco,Témara,,,,33.940381,-6.884898,,,,,[],[],,,,,,,,,,,,,2026-07-14T18:33:39.168567,"{'amenity': 'restaurant', 'name': 'محلبة كروستيو'}"
OpenStreetMap,node,13820265702,osm_node_13820265702,Snack Inwa hay guich loudaya,,,Morocco,Témara,,,,33.939808,-6.885377,,,,,[],[],,,,,,,,,,,,,2026-07-14T18:33:39.168600,"{'amenity': 'restaurant', 'name': 'Snack Inwa hay guich loudaya'}"
OpenStreetMap,node,13820265703,osm_node_13820265703,Café Mimosa,,,Morocco,Témara,,,,33.939005,-6.88729,,,,,[],[],,,,,,,,,,,,,2026-07-14T18:33:39.168631,"{'amenity': 'cafe', 'name': 'Café Mimosa'}"
OpenStreetMap,node,13820265704,osm_node_13820265704,Café les Grottes de Friouato,,,Morocco,Témara,,,,33.9404236,-6.8874182,,,,,[],[],,,,,,,,,,,,,2026-07-14T18:33:39.168666,"{'amenity': 'cafe', 'name': 'Café les Grottes de Friouato'}"
OpenStreetMap,node,13820265705,osm_node_13820265705,Guich Café,,,Morocco,Témara,,,,33.940854,-6.888257,,,,,[],[],,,,,,,,,,,,,2026-07-14T18:33:39.168696,"{'amenity': 'cafe', 'name': 'Guich Café'}"
OpenStreetMap,node,13820265801,osm_node_13820265801,Café Pâtisserie Quatre Quatre Deux,,,Morocco,Témara,,,,33.939233,-6.885647,,,,,[],[],,,,,,,,,,,,,2026-07-14T18:33:39.168730,"{'amenity': 'cafe', 'name': 'Café Pâtisserie Quatre Quatre Deux'}"
OpenStreetMap,node,13820265901,osm_node_13820265901,Boulangerie Abtal,,,Morocco,Témara,,,,33.940233,-6.88769,,,,,[],[],,,,,,,,,,,,,2026-07-14T18:33:39.168761,"{'amenity': 'cafe', 'name': 'Boulangerie Abtal'}"
OpenStreetMap,node,13820266001,osm_node_13820266001,Ça Marche,,,Morocco,Témara,,,,33.940279,-6.886894,,,,,[],[],,,,,,,,,,,,,2026-07-14T18:33:39.168792,"{'amenity': 'restaurant', 'name': 'Ça Marche'}"
OpenStreetMap,node,13842483501,osm_node_13842483501,Café Palace,,,Morocco,Témara,,,,33.942293,-6.888836,,,,,[],[],,,,,,,,,,,,,2026-07-14T18:33:39.168823,"{'amenity': 'cafe', 'name': 'Café Palace'}"
OpenStreetMap,node,13842483502,osm_node_13842483502,Restaurant Gusto,,,Morocco,Témara,,,,33.941687,-6.89284,,,,,[],[],,,,,,,,,,,,,2026-07-14T18:33:39.168853,"{'amenity': 'restaurant', 'name': 'Restaurant Gusto'}"
OpenStreetMap,node,13842483503,osm_node_13842483503,Dyafna traiteur,,,Morocco,Témara,,,,33.9415732,-6.8939873,,,,,[],[],,,,,,,,,,,,,2026-07-14T18:33:39.168882,"{'amenity': 'restaurant', 'name': 'Dyafna traiteur'}"
OpenStreetMap,node,13842483504,osm_node_13842483504,Maison Safaa - Café & Réstaurant,,,Morocco,Témara,,,,33.941464,-6.894245,,,,,[],[],,,,,,,,,,,,,2026-07-14T18:33:39.168918,"{'amenity': 'cafe', 'name': 'Maison Safaa - Café & Réstaurant'}"
OpenStreetMap,node,13842483505,osm_node_13842483505,I want crispy,,,Morocco,Témara,,,,33.9413118,-6.8944291,,,,,[],[],,,,,,,,,,,,,2026-07-14T18:33:39.168951,"{'amenity': 'restaurant', 'name': 'I want crispy'}"
OpenStreetMap,node,13842483506,osm_node_13842483506,La Tasse Dorée,,,Morocco,Témara,,,,33.940952,-6.893596,,,,,[],[],,,,,,,,,,,,,2026-07-14T18:33:39.169052,"{'amenity': 'cafe', 'name': 'La Tasse Dorée'}"
OpenStreetMap,node,13842483507,osm_node_13842483507,Sushi bee,,,Morocco,Témara,,,,33.940856,-6.893074,,,,,[],[],,,,,,,,,,,,,2026-07-14T18:33:39.169131,"{'amenity': 'restaurant', 'name': 'Sushi bee'}"
OpenStreetMap,node,13842483508,osm_node_13842483508,El bocadillo Tanjaoui,,,Morocco,Témara,,,,33.940014,-6.895058,,,,,[],[],,,,,,,,,,,,,2026-07-14T18:33:39.169211,"{'amenity': 'restaurant', 'name': 'El bocadillo Tanjaoui'}"
OpenStreetMap,node,13842483509,osm_node_13842483509,مطعم زين الشام,,,Morocco,Témara,,,,33.937326,-6.894774,,,,,[],[],,,,,,,,,,,,,2026-07-14T18:33:39.169284,"{'amenity': 'restaurant', 'name': 'مطعم زين الشام'}"
OpenStreetMap,node,13842483510,osm_node_13842483510,Thé-Mara,,,Morocco,Témara,,,,33.930008,-6.899858,,,,,[],[],,,,,,,,,,,,,2026-07-14T18:33:39.169331,"{'amenity': 'cafe', 'name': 'Thé-Mara'}"
OpenStreetMap,node,13842483513,osm_node_13842483513,Mam Africa,,,Morocco,Témara,,,,33.927746,-6.898188,,,,,[],[],,,,,,,,,,,,,2026-07-14T18:33:39.169377,"{'amenity': 'restaurant', 'name': 'Mam Africa'}"
OpenStreetMap,node,13842483514,osm_node_13842483514,Thon Fatom,,,Morocco,Témara,,,,33.933373,-6.907072,,,,,[],[],,,,,,,,,,,,,2026-07-14T18:33:39.169422,"{'amenity': 'restaurant', 'name': 'Thon Fatom'}"
OpenStreetMap,node,13842483516,osm_node_13842483516,Kilani coffee & restaurant,,,Morocco,Témara,,,,33.918862,-6.906661,,,,,[],[],,,,,,,,,,,,,2026-07-14T18:33:39.169467,"{'amenity': 'restaurant', 'name': 'Kilani coffee & restaurant'}"
OpenStreetMap,node,13842483603,osm_node_13842483603,Le Pain Savoureux,,,Morocco,Témara,,,,33.939778,-6.890713,,,,,[],[],,,,,,,,,,,,,2026-07-14T18:33:39.169511,"{'amenity': 'restaurant', 'name': 'Le Pain Savoureux'}"
OpenStreetMap,node,13842483604,osm_node_13842483604,Art Cake By Siham Aloui,,,Morocco,Témara,,,,33.939535,-6.891529,,,,,[],[],,,,,,,,,,,,,2026-07-14T18:33:39.169562,"{'amenity': 'restaurant', 'name': 'Art Cake By Siham Aloui'}"
OpenStreetMap,node,13842483605,osm_node_13842483605,Mon Sushi,,,Morocco,Témara,,,,33.941054,-6.8919,,,,,[],[],,,,,,,,,,,,,2026-07-14T18:33:39.169615,"{'amenity': 'restaurant', 'name': 'Mon Sushi'}"
OpenStreetMap,node,13842483606,osm_node_13842483606,Encas café restaurant,,,Morocco,Témara,,,,33.941479,-6.89368,,,,,[],[],,,,,,,,,,,,,2026-07-14T18:33:39.169670,"{'amenity': 'restaurant', 'name': 'Encas café restaurant'}"
OpenStreetMap,node,13842483607,osm_node_13842483607,Banyan Cafe Restaurant,,,Morocco,Témara,,,,33.94012,-6.894284,,,,,[],[],,,,,,,,,,,,,2026-07-14T18:33:39.169723,"{'amenity': 'cafe', 'name': 'Banyan Cafe Restaurant'}"
OpenStreetMap,node,13842483608,osm_node_13842483608,Hera Brunch,,,Morocco,Témara,,,,33.937791,-6.89658,,,,,[],[],,,,,,,,,,,,,2026-07-14T18:33:39.169784,"{'amenity': 'restaurant', 'name': 'Hera Brunch'}"
OpenStreetMap,node,13842483609,osm_node_13842483609,دار الفواكه - تمارة,,,Morocco,Témara,,,,33.931324,-6.895722,,,,,[],[],,,,,,,,,,,,,2026-07-14T18:33:39.169871,"{'amenity': 'restaurant', 'name': 'دار الفواكه - تمارة'}"
OpenStreetMap,node,13842483610,osm_node_13842483610,Boulangerie Ohoud مخبزة أحد,,,Morocco,Témara,,,,33.930329,-6.897671,,,,,[],[],,,,,,,,,,,,,2026-07-14T18:33:39.169916,"{'amenity': 'restaurant', 'name': 'Boulangerie Ohoud مخبزة أحد'}"
OpenStreetMap,node,13842483611,osm_node_13842483611,Crisp It مطعم الدجاج,,,Morocco,Témara,,,,33.926132,-6.893689,,,,,[],[],,,,,,,,,,,,,2026-07-14T18:33:39.169972,"{'amenity': 'restaurant', 'name': 'Crisp It مطعم الدجاج'}"
OpenStreetMap,node,13842483612,osm_node_13842483612,Café parfait,,,Morocco,Témara,,,,33.925361,-6.903789,,,,,[],[],,,,,,,,,,,,,2026-07-14T18:33:39.170029,"{'amenity': 'cafe', 'name': 'Café parfait'}"
OpenStreetMap,node,13842483613,osm_node_13842483613,Café Tamaris,,,Morocco,Témara,,,,33.917686,-6.904303,,,,,[],[],,,,,,,,,,,,,2026-07-14T18:33:39.170065,"{'amenity': 'cafe', 'name': 'Café Tamaris'}"
OpenStreetMap,node,13842483701,osm_node_13842483701,Cafés Carrion,,,Morocco,Témara,,,,33.941354,-6.893226,,,,,[],[],,,,,,,,,,,,,2026-07-14T18:33:39.170111,"{'amenity': 'cafe', 'name': 'Cafés Carrion'}"
OpenStreetMap,node,13842483702,osm_node_13842483702,Makimac,,,Morocco,Témara,,,,33.940442,-6.894693,,,,,[],[],,,,,,,,,,,,,2026-07-14T18:33:39.170154,"{'amenity': 'restaurant', 'name': 'Makimac'}"
OpenStreetMap,node,13842483703,osm_node_13842483703,M9ILA,,,Morocco,Témara,,,,33.939306,-6.895737,,,,,[],[],,,,,,,,,,,,,2026-07-14T18:33:39.170189,"{'amenity': 'restaurant', 'name': 'M9ILA'}"
OpenStreetMap,node,13842483704,osm_node_13842483704,Onishi,,,Morocco,Témara,,,,33.941954,-6.897696,,,,,[],[],,,,,,,,,,,,,2026-07-14T18:33:39.170229,"{'amenity': 'restaurant', 'name': 'Onishi'}"
OpenStreetMap,node,13842483705,osm_node_13842483705,Espace Les Palmiers,,,Morocco,Témara,,,,33.939446,-6.898742,,,,,[],[],,,,,,,,,,,,,2026-07-14T18:33:39.170272,"{'amenity': 'restaurant', 'name': 'Espace Les Palmiers'}"
OpenStreetMap,node,13842483706,osm_node_13842483706,Sushi Témara - SUSHI YOUZAR -,,,Morocco,Témara,,,,33.931025,-6.898168,,,,,[],[],,,,,,,,,,,,,2026-07-14T18:33:39.170338,"{'amenity': 'restaurant', 'name': 'Sushi Témara - SUSHI YOUZAR -'}"
OpenStreetMap,node,13842483708,osm_node_13842483708,Café Mabrouka مقهى مبروكة,,,Morocco,Témara,,,,33.914516,-6.907569,,,,,[],[],,,,,,,,,,,,,2026-07-14T18:33:39.170389,"{'amenity': 'cafe', 'name': 'Café Mabrouka مقهى مبروكة'}"
OpenStreetMap,node,13842483901,osm_node_13842483901,مخبزة وحلويات توبقال,,,Morocco,Témara,,,,33.939882,-6.8999603,,,,,[],[],,,,,,,,,,,,,2026-07-14T18:33:39.170441,"{'amenity': 'restaurant', 'name': 'مخبزة وحلويات توبقال'}"
OpenStreetMap,node,13842483902,osm_node_13842483902,Paradise,,,Morocco,Témara,,,,33.931204,-6.895296,,,,,[],[],,,,,,,,,,,,,2026-07-14T18:33:39.170482,"{'amenity': 'restaurant', 'name': 'Paradise'}"
OpenStreetMap,node,13842484001,osm_node_13842484001,Café Milano,,,Morocco,Témara,,,,33.925664,-6.894435,,,,,[],[],,,,,,,,,,,,,2026-07-14T18:33:39.170511,"{'amenity': 'cafe', 'name': 'Café Milano'}"
OpenStreetMap,node,13844983501,osm_node_13844983501,RAISS FOOD,,,Morocco,Témara,,,,33.920255,-6.916704,,,,,[],[],,,,,,,,,,,,,2026-07-14T18:33:39.170539,"{'amenity': 'restaurant', 'name': 'RAISS FOOD'}"
OpenStreetMap,way,1497397877,osm_way_1497397877,Café Ziad,,,Morocco,Témara,,,,33.8970259,-6.9205642,,,,,[],[],,,,,,,,,,,,,2026-07-14T18:33:39.170566,"{'amenity': 'cafe', 'building': 'yes', 'name': 'Café Ziad'}"
OpenStreetMap,node,3214364726,osm_node_3214364726,Rose Marie,,,Morocco,Skhirat,,,,33.8891129,-7.0141358,,,,,[],['Takeaway'],,,,,,,,,,,,,2026-07-14T18:33:47.897352,"{'amenity': 'restaurant', 'delivery': 'no', 'drink:wine': 'served', 'name': 'Rose Marie', 'takeaway': 'yes'}"
OpenStreetMap,node,3562871813,osm_node_3562871813,,,,Morocco,Skhirat,,,,33.8681168,-7.0566164,,,,,['regional'],[],,,,,,,,,,,,,2026-07-14T18:33:47.897386,"{'amenity': 'restaurant', 'cuisine': 'regional'}"
OpenStreetMap,node,4290912302,osm_node_4290912302,2 Rivieres,,,Morocco,Skhirat,,,12050,33.8509915,-7.0390128,,,,,[],[],,,,,,,,wlan,,,,,2026-07-14T18:33:47.897416,"{'addr:city': 'Skhirat', 'addr:postcode': '12050', 'amenity': 'cafe', 'internet_access': 'wlan', 'name': '2 Rivieres'}"
OpenStreetMap,node,4290912305,osm_node_4290912305,,,,Morocco,Skhirat,,,,33.8511563,-7.0388138,,,,,[],[],,,,,,,,wlan,,,,,2026-07-14T18:33:47.897438,"{'amenity': 'cafe', 'internet_access': 'wlan'}"
OpenStreetMap,node,4308440798,osm_node_4308440798,,,,Morocco,Skhirat,,,,33.8487582,-7.0422761,,,,,[],[],,,,,,,,,,,,,2026-07-14T18:33:47.897456,{'amenity': 'restaurant'}
OpenStreetMap,node,4308440800,osm_node_4308440800,Queens Land,,,Morocco,Skhirat,,,,33.8487578,-7.0414676,+212537742751,,,,[],['Outdoor Seating'],,,,,,,,yes,,,,,2026-07-14T18:33:47.897487,"{'amenity': 'cafe', 'internet_access': 'yes', 'internet_access:fee': 'no', 'name': 'Queens Land', 'outdoor_seating': 'yes', 'phone': '+212 5 37 74 27 51'}"
OpenStreetMap,node,4308440802,osm_node_4308440802,,,,Morocco,Skhirat,,,,33.85027,-7.0383406,,,,,[],[],,,,,,,,,,,,,2026-07-14T18:33:47.897499,{'amenity': 'cafe'}
OpenStreetMap,node,4577814289,osm_node_4577814289,Roma,,,Morocco,Skhirat,,,,33.8489617,-7.0418844,,,,,[],[],,,,,,,,,,,,,2026-07-14T18:33:47.897511,"{'amenity': 'cafe', 'name': 'Roma', 'name:fr': 'Roma'}"
OpenStreetMap,node,9064209417,osm_node_9064209417,Tacos,,,Morocco,Skhirat,,,,33.8684555,-7.0584334,,,,,[],[],,,,,,,,,,,,,2026-07-14T18:33:47.897523,"{'amenity': 'fast_food', 'name': 'Tacos'}"
OpenStreetMap,node,9064265818,osm_node_9064265818,,,,Morocco,Skhirat,,,,33.8684766,-7.0627496,,,,,[],[],,,,,,,,,,,,,2026-07-14T18:33:47.897534,{'amenity': 'restaurant'}
OpenStreetMap,node,9849571040,osm_node_9849571040,Chez Mustapha,,,Morocco,Skhirat,,,,33.8675078,-7.0574257,,,,,[],[],,,,,,,,,,,,,2026-07-14T18:33:47.897546,"{'amenity': 'restaurant', 'name': 'Chez Mustapha'}"
OpenStreetMap,node,9993840608,osm_node_9993840608,cafe El Fath,,,Morocco,Skhirat,,,,33.8356315,-7.0590766,,,,,[],[],,,,,,,,wlan,,,,,2026-07-14T18:33:47.897561,"{'amenity': 'cafe', 'internet_access': 'wlan', 'internet_access:fee': 'no', 'name': 'cafe El Fath'}"
OpenStreetMap,node,9993864477,osm_node_9993864477,,,,Morocco,Skhirat,,,,33.8463711,-7.0440889,,,,,[],[],,,,,,,,,,,,,2026-07-14T18:33:47.897583,{'amenity': 'cafe'}
OpenStreetMap,node,9993864478,osm_node_9993864478,,,,Morocco,Skhirat,,,,33.84621,-7.0442535,,,,,['turkish'],[],,,,,,,,,,,,,2026-07-14T18:33:47.897619,"{'amenity': 'restaurant', 'cuisine': 'turkish'}"
OpenStreetMap,node,10067088417,osm_node_10067088417,,,,Morocco,Skhirat,,,,33.8463591,-7.0450151,,,,,[],[],,,,,,,,,,,,,2026-07-14T18:33:47.897645,"{'amenity': 'cafe', 'name:en': 'cafe Borsa'}"
OpenStreetMap,node,10245171509,osm_node_10245171509,,,,Morocco,Skhirat,,,,33.8613183,-7.0518634,,,,,[],[],,,,,,,,,,,,,2026-07-14T18:33:47.897670,"{'amenity': 'cafe', 'name:en': 'Let’s meet club'}"
OpenStreetMap,node,13713798709,osm_node_13713798709,مطعم السمك,,,Morocco,Skhirat,,,,33.8684725,-7.0591341,,,,Mo-Su 11:00-19:00,['fish'],[],,,,,,,,,,,,,2026-07-14T18:33:47.897711,"{'amenity': 'restaurant', 'cuisine': 'fish', 'name': 'مطعم السمك', 'opening_hours': 'Mo-Su 11:00-19:00'}"
OpenStreetMap,way,350561756,osm_way_350561756,,,,Morocco,Skhirat,,,,33.8690896,-7.0558976,,,,,[],['Outdoor Seating'],,,,,,,,,,,,,2026-07-14T18:33:47.897740,"{'amenity': 'bar', 'building': 'yes', 'outdoor_seating': 'yes'}"
OpenStreetMap,way,350561758,osm_way_350561758,,,,Morocco,Skhirat,,,,33.8690835,-7.0561865,,,,,[],[],,,,,,,,,,,,,2026-07-14T18:33:47.897783,"{'amenity': 'restaurant', 'building': 'yes'}"
OpenStreetMap,way,963583087,osm_way_963583087,,,,Morocco,Skhirat,,,,33.8379821,-7.1031243,,,,,[],[],,,,,,,,,,,,,2026-07-14T18:33:47.897808,"{'amenity': 'restaurant', 'building': 'yes'}"
OpenStreetMap,node,1874958130,osm_node_1874958130,Aire de service Khemisset,,,Morocco,Khemisset,,,,33.817634,-6.1032763,,,,,[],[],,,,,,,,,,,,,2026-07-14T18:34:00.587032,"{'amenity': 'restaurant', 'name': 'Aire de service Khemisset'}"
OpenStreetMap,node,1874958175,osm_node_1874958175,Aire de service Khemisset,,,Morocco,Khemisset,,,,33.8174936,-6.1029107,,,,,[],[],,,,,,,,,,,,,2026-07-14T18:34:00.587111,"{'amenity': 'cafe', 'name': 'Aire de service Khemisset'}"
OpenStreetMap,node,1874958181,osm_node_1874958181,Aire de service Khemisset,,,Morocco,Khemisset,,,,33.8172931,-6.1051583,,,,,[],[],,,,,,,,,,,,,2026-07-14T18:34:00.587178,"{'amenity': 'cafe', 'name': 'Aire de service Khemisset'}"
OpenStreetMap,node,1874958186,osm_node_1874958186,Aire de service Khemisset,,,Morocco,Khemisset,,,,33.8170814,-6.1052182,,,,,[],[],,,,,,,,,,,,,2026-07-14T18:34:00.587238,"{'amenity': 'restaurant', 'name': 'Aire de service Khemisset'}"
OpenStreetMap,node,4157693592,osm_node_4157693592,Abida,,,Morocco,Khemisset,,,,33.8271082,-6.0906546,,,,,[],[],,,,,,,,,,,,,2026-07-14T18:34:00.587295,"{'amenity': 'cafe', 'name': 'Abida'}"
OpenStreetMap,node,13766584701,osm_node_13766584701,Al Firdaous,,,Morocco,Khemisset,,,,33.825233,-6.066583,,,,,[],[],,,,,,,,,,,,,2026-07-14T18:34:00.587351,"{'amenity': 'restaurant', 'name': 'Al Firdaous'}"
OpenStreetMap,node,13766599801,osm_node_13766599801,Three Z,,,Morocco,Khemisset,,,,33.827859,-6.0685861,,,,Sa-Th 10:00-00:30; Fr 00:00-24:00,[],[],,,,,,,,,,,,,2026-07-14T18:34:00.587412,"{'amenity': 'restaurant', 'name': 'Three Z', 'opening_hours': 'Sa-Th 10:00-00:30; Fr 00:00-24:00'}"
OpenStreetMap,node,7274902885,osm_node_7274902885,Gloria,,,Morocco,Sidi Kacem,,,,34.2254146,-5.7115089,,,,,[],[],,,,,,,,,,,,,2026-07-14T18:34:11.460470,"{'amenity': 'cafe', 'name': 'Gloria'}"
OpenStreetMap,node,9343524326,osm_node_9343524326,مقهى موريال,,,Morocco,Sidi Kacem,,,,34.2350178,-5.7298444,,,,,[],[],,,,,,,,,,,,,2026-07-14T18:34:11.460566,"{'amenity': 'cafe', 'name': 'مقهى موريال'}"
OpenStreetMap,node,9343524327,osm_node_9343524327,Face food,,,Morocco,Sidi Kacem,,,,34.2351971,-5.7292818,,,,,[],[],,,,,,,,,,,,,2026-07-14T18:34:11.460623,"{'amenity': 'food_court', 'name': 'Face food'}"
OpenStreetMap,node,9343524329,osm_node_9343524329,Cafe citta Italiano,,,Morocco,Sidi Kacem,,,,34.2337416,-5.7281909,,,,,[],[],,,,,,,,,,,,,2026-07-14T18:34:11.460660,"{'amenity': 'cafe', 'name': 'Cafe citta Italiano'}"
OpenStreetMap,node,9343524331,osm_node_9343524331,سناك مياني,,,Morocco,Sidi Kacem,,,,34.2328613,-5.7291407,,,,,[],[],,,,,,,,,,,,,2026-07-14T18:34:11.460694,"{'amenity': 'food_court', 'name': 'سناك مياني'}"
OpenStreetMap,node,9343524333,osm_node_9343524333,مقهى عبدو,,,Morocco,Sidi Kacem,,,,34.232741,-5.7257592,,,,,[],[],,,,,,,,,,,,,2026-07-14T18:34:11.460727,"{'amenity': 'cafe', 'name': 'مقهى عبدو'}"
OpenStreetMap,node,9343524335,osm_node_9343524335,panorama cafe,,,Morocco,Sidi Kacem,,,,34.2325552,-5.7251581,,,,,[],[],,,,,,,,,,,,,2026-07-14T18:34:11.460760,"{'amenity': 'cafe', 'name': 'panorama cafe'}"
OpenStreetMap,node,9343524338,osm_node_9343524338,مقهى ميلانو,,,Morocco,Sidi Kacem,,,,34.2289159,-5.7190142,,,,,[],[],,,,,,,,,,,,,2026-07-14T18:34:11.460793,"{'amenity': 'cafe', 'name': 'مقهى ميلانو'}"
OpenStreetMap,node,9343524341,osm_node_9343524341,سناك منتصر,,,Morocco,Sidi Kacem,,,,34.2256823,-5.7206998,,,,,[],[],,,,,,,,,,,,,2026-07-14T18:34:11.460827,"{'amenity': 'restaurant', 'name': 'سناك منتصر'}"
OpenStreetMap,node,9343524346,osm_node_9343524346,مقهى حمزة,,,Morocco,Sidi Kacem,,,,34.2308078,-5.7242053,,,,,[],[],,,,,,,,,,,,,2026-07-14T18:34:11.460860,"{'amenity': 'cafe', 'name': 'مقهى حمزة'}"
OpenStreetMap,node,9343524347,osm_node_9343524347,مقهى المدينة,,,Morocco,Sidi Kacem,,,,34.230948,-5.7254292,,,,,[],[],,,,,,,,,,,,,2026-07-14T18:34:11.460892,"{'amenity': 'cafe', 'name': 'مقهى المدينة'}"
OpenStreetMap,node,9343524348,osm_node_9343524348,سناك هشام,,,Morocco,Sidi Kacem,,,,34.2315361,-5.7265201,,,,,[],[],,,,,,,,,,,,,2026-07-14T18:34:11.460926,"{'amenity': 'restaurant', 'name': 'سناك هشام'}"
OpenStreetMap,node,9343524351,osm_node_9343524351,Alonso food,,,Morocco,Sidi Kacem,,,,34.2300105,-5.7284089,,,,,[],[],,,,,,,,,,,,,2026-07-14T18:34:11.461002,"{'amenity': 'fast_food', 'name': 'Alonso food'}"
OpenStreetMap,node,9343524356,osm_node_9343524356,Cafe no media,,,Morocco,Sidi Kacem,,,,34.2274317,-5.7242857,,,,,[],[],,,,,,,,,,,,,2026-07-14T18:34:11.461184,"{'amenity': 'cafe', 'name': 'Cafe no media'}"
OpenStreetMap,node,9343524361,osm_node_9343524361,مقهى تيطانيك,,,Morocco,Sidi Kacem,,,,34.2217175,-5.7005559,,,,,[],[],,,,,,,,,,,,,2026-07-14T18:34:11.461285,"{'amenity': 'cafe', 'name': 'مقهى تيطانيك'}"
OpenStreetMap,node,9347211719,osm_node_9347211719,سناك اية,,,Morocco,Sidi Kacem,,,,34.2154697,-5.7107025,,,,,[],[],,,,,,,,,,,,,2026-07-14T18:34:11.461328,"{'amenity': 'restaurant', 'name': 'سناك اية'}"
OpenStreetMap,node,9347211721,osm_node_9347211721,Cafe Zakaria,,,Morocco,Sidi Kacem,,,,34.2165429,-5.711053,,,,,[],[],,,,,,,,,,,,,2026-07-14T18:34:11.461363,"{'amenity': 'cafe', 'name': 'Cafe Zakaria'}"
OpenStreetMap,node,9347211722,osm_node_9347211722,كفتة رمضان,,,Morocco,Sidi Kacem,,,,34.2167273,-5.7111506,,,,,[],[],,,,,,,,,,,,,2026-07-14T18:34:11.461397,"{'amenity': 'restaurant', 'name': 'كفتة رمضان'}"
OpenStreetMap,node,9347211725,osm_node_9347211725,مقهى النخيل,,,Morocco,Sidi Kacem,,,,34.2177687,-5.7108785,,,,,[],[],,,,,,,,,,,,,2026-07-14T18:34:11.461431,"{'amenity': 'cafe', 'name': 'مقهى النخيل'}"
OpenStreetMap,node,9347211726,osm_node_9347211726,مقهى الفتح,,,Morocco,Sidi Kacem,,,,34.2176726,-5.7106283,,,,,[],[],,,,,,,,,,,,,2026-07-14T18:34:11.461464,"{'amenity': 'cafe', 'name': 'مقهى الفتح'}"
OpenStreetMap,node,9347211727,osm_node_9347211727,شهرزاد,,,Morocco,Sidi Kacem,,,,34.2178298,-5.7094328,,,,,[],[],,,,,,,,,,,,,2026-07-14T18:34:11.461497,"{'amenity': 'cafe', 'name': 'شهرزاد'}"
OpenStreetMap,node,9347211730,osm_node_9347211730,Cafe badr,,,Morocco,Sidi Kacem,,,,34.2197384,-5.7079792,,,,,[],[],,,,,,,,,,,,,2026-07-14T18:34:11.461530,"{'amenity': 'cafe', 'name': 'Cafe badr'}"
OpenStreetMap,node,9347211731,osm_node_9347211731,مقهى الباهية,,,Morocco,Sidi Kacem,,,,34.2195418,-5.7072643,,,,,[],[],,,,,,,,,,,,,2026-07-14T18:34:11.461565,"{'amenity': 'cafe', 'name': 'مقهى الباهية'}"
OpenStreetMap,node,9347211735,osm_node_9347211735,Cafe blanco,,,Morocco,Sidi Kacem,,,,34.2172705,-5.7056738,,,,,[],[],,,,,,,,,,,,,2026-07-14T18:34:11.461597,"{'amenity': 'cafe', 'name': 'Cafe blanco'}"
OpenStreetMap,node,9347211738,osm_node_9347211738,مطعم حافيظ,,,Morocco,Sidi Kacem,,,,34.2226912,-5.7049795,,,,,[],[],,,,,,,,,,,,,2026-07-14T18:34:11.461630,"{'amenity': 'restaurant', 'name': 'مطعم حافيظ'}"
OpenStreetMap,node,9347211739,osm_node_9347211739,مقهى حافظ,,,Morocco,Sidi Kacem,,,,34.2222991,-5.705443,,,,,[],[],,,,,,,,,,,,,2026-07-14T18:34:11.461664,"{'amenity': 'cafe', 'name': 'مقهى حافظ'}"
OpenStreetMap,node,9347211740,osm_node_9347211740,مقهى نسيم,,,Morocco,Sidi Kacem,,,,34.2229053,-5.7058726,,,,,[],[],,,,,,,,,,,,,2026-07-14T18:34:11.461696,"{'amenity': 'cafe', 'name': 'مقهى نسيم'}"
OpenStreetMap,node,9347211743,osm_node_9347211743,مقهى المدينة,,,Morocco,Sidi Kacem,,,,34.2215076,-5.7067861,,,,,[],[],,,,,,,,,,,,,2026-07-14T18:34:11.461731,"{'amenity': 'cafe', 'name': 'مقهى المدينة'}"
OpenStreetMap,node,9347211744,osm_node_9347211744,مطعم عبد الحق,,,Morocco,Sidi Kacem,,,,34.2218284,-5.7069206,,,,,[],[],,,,,,,,,,,,,2026-07-14T18:34:11.461767,"{'amenity': 'restaurant', 'name': 'مطعم عبد الحق'}"
OpenStreetMap,node,9347211746,osm_node_9347211746,مقهى سليمه,,,Morocco,Sidi Kacem,,,,34.222427,-5.7068283,,,,,[],[],,,,,,,,,,,,,2026-07-14T18:34:11.461801,"{'amenity': 'cafe', 'name': 'مقهى سليمه'}"
OpenStreetMap,node,9347211749,osm_node_9347211749,Cafe usk,,,Morocco,Sidi Kacem,,,,34.2227434,-5.7073723,,,,,[],[],,,,,,,,,,,,,2026-07-14T18:34:11.461836,"{'amenity': 'cafe', 'name': 'Cafe usk'}"
OpenStreetMap,node,9347211750,osm_node_9347211750,Allo diki restaurant,,,Morocco,Sidi Kacem,,,,34.2233308,-5.707263,,,,,[],[],,,,,,,,,,,,,2026-07-14T18:34:11.461908,"{'amenity': 'restaurant', 'name': 'Allo diki restaurant'}"
OpenStreetMap,node,9347211754,osm_node_9347211754,Cafe cristal,,,Morocco,Sidi Kacem,,,,34.2250949,-5.7116941,,,,,[],[],,,,,,,,,,,,,2026-07-14T18:34:11.461981,"{'amenity': 'cafe', 'name': 'Cafe cristal'}"
OpenStreetMap,node,9347211757,osm_node_9347211757,مقهى ايمن,,,Morocco,Sidi Kacem,,,,34.2287204,-5.7127051,,,,,[],[],,,,,,,,,,,,,2026-07-14T18:34:11.462299,"{'amenity': 'cafe', 'name': 'مقهى ايمن'}"
OpenStreetMap,node,9347211758,osm_node_9347211758,مقهى الجمد,,,Morocco,Sidi Kacem,,,,34.2273833,-5.7113811,,,,,[],[],,,,,,,,,,,,,2026-07-14T18:34:11.462406,"{'amenity': 'cafe', 'name': 'مقهى الجمد'}"
OpenStreetMap,node,9347211762,osm_node_9347211762,La Perla pool snooker,,,Morocco,Sidi Kacem,,,,34.2212617,-5.7067118,,,,,[],[],,,,,,,,,,,,,2026-07-14T18:34:11.462471,"{'amenity': 'cafe', 'name': 'La Perla pool snooker'}"
OpenStreetMap,node,9347211763,osm_node_9347211763,مقهى جوهرة,,,Morocco,Sidi Kacem,,,,34.2222754,-5.7080297,,,,,[],[],,,,,,,,,,,,,2026-07-14T18:34:11.462521,"{'amenity': 'cafe', 'name': 'مقهى جوهرة'}"
OpenStreetMap,node,9347211773,osm_node_9347211773,مطعم لؤلؤة الشمال,,,Morocco,Sidi Kacem,,,,34.2193212,-5.7117321,,,,,[],[],,,,,,,,,,,,,2026-07-14T18:34:11.462573,"{'amenity': 'restaurant', 'name': 'مطعم لؤلؤة الشمال'}"
OpenStreetMap,node,9347211784,osm_node_9347211784,مقهى 10 رمضان,,,Morocco,Sidi Kacem,,,,34.2308518,-5.7124987,,,,,[],[],,,,,,,,,,,,,2026-07-14T18:34:11.462635,"{'amenity': 'cafe', 'name': 'مقهى 10 رمضان'}"
OpenStreetMap,node,9347211789,osm_node_9347211789,Cafe pristige,,,Morocco,Sidi Kacem,,,,34.2295579,-5.707901,,,,,[],[],,,,,,,,,,,,,2026-07-14T18:34:11.462697,"{'amenity': 'cafe', 'name': 'Cafe pristige'}"
OpenStreetMap,way,317710331,osm_way_317710331,panorama cafe,,,Morocco,Sidi Kacem,,el Qods,16000,34.2325144,-5.7251667,,,,,[],[],,,,,,,,,separated,,,,2026-07-14T18:34:11.462770,"{'addr:city': 'Sidi Kacem سيدي قاسم', 'addr:housenumber': '1', 'addr:postcode': '16000', 'addr:street': 'el Qods', 'amenity': 'cafe', 'building': 'yes', 'name': 'panorama cafe', 'smoking': 'separated'}"
OpenStreetMap,way,438201900,osm_way_438201900,Souhaila Café,,,Morocco,Sidi Kacem,,,,34.2215784,-5.709629,,,,,[],[],,,,,,,,wlan,yes,,,,2026-07-14T18:34:11.462861,"{'amenity': 'cafe', 'building': 'yes', 'internet_access': 'wlan', 'internet_access:fee': 'no', 'name': 'Souhaila Café', 'smoking': 'yes'}"
OpenStreetMap,node,4291817593,osm_node_4291817593,,,,Morocco,Sidi Slimane,,,,34.2595111,-5.9241234,,,,,[],[],,,,,,,,,,,,,2026-07-14T18:34:31.405926,{'amenity': 'cafe'}
OpenStreetMap,node,4291833198,osm_node_4291833198,,,,Morocco,Sidi Slimane,,,,34.2648082,-5.9400186,,,,,[],[],,,,,,,,,,,,,2026-07-14T18:34:31.405988,{'amenity': 'cafe'}
OpenStreetMap,node,4291851193,osm_node_4291851193,Café Badr,,,Morocco,Sidi Slimane,,,,34.2595344,-5.9220263,,,,,[],[],,,,,,,,,,,,,2026-07-14T18:34:31.406073,"{'amenity': 'cafe', 'name': 'Café Badr'}"
OpenStreetMap,node,4291851291,osm_node_4291851291,,,,Morocco,Sidi Slimane,,,,34.2595069,-5.9235512,,,,,[],[],,,,,,,,,,,,,2026-07-14T18:34:31.406117,{'amenity': 'cafe'}
OpenStreetMap,node,4291851293,osm_node_4291851293,Café El Watiq,,,Morocco,Sidi Slimane,,,,34.258836,-5.92172,,,,,[],[],,,,,,,,,,,,,2026-07-14T18:34:31.406170,"{'amenity': 'cafe', 'name': 'Café El Watiq'}"
OpenStreetMap,node,4291851296,osm_node_4291851296,café habib,,,Morocco,Sidi Slimane,,"735F+VRQ, Av. Hassan II, Sidi Slimane 14200, Maroc",14200,34.259751,-5.9222383,+212808570171,,,Mo-Su 09:00-23:00,['oriental'],[],,,,,,,,yes,,,,,2026-07-14T18:34:31.406275,"{'addr:city': 'Sidi Slimane', 'addr:postcode': '14200', 'addr:street': '735F+VRQ, Av. Hassan II, Sidi Slimane 14200, Maroc', 'amenity': 'cafe', 'capacity': 'beaucoup', 'cuisine': 'oriental', 'internet_access': 'yes', 'internet_access:fee': 'no', 'name': 'café habib', 'opening_hours': 'Mo-Su 09:00-23:00', 'phone': '+212 8 08 57 01 71'}"
OpenStreetMap,node,4291851491,osm_node_4291851491,Café J. Maamoura,,,Morocco,Sidi Slimane,,,,34.2593794,-5.9236693,,,,,[],[],,,,,,,,,,,,,2026-07-14T18:34:31.406343,"{'amenity': 'cafe', 'name': 'Café J. Maamoura'}"
OpenStreetMap,node,4291851791,osm_node_4291851791,RH,,,Morocco,Sidi Slimane,,"735P+MH8, Sidi Slimane 14200, Maroc",14200,34.2598345,-5.9240915,+212808636674,,,7h30-23h,"['burger', 'italian', 'oriental', 'greek']",['Outdoor Seating'],,,,,,,,yes,,,,,2026-07-14T18:34:31.406438,"{'addr:city': 'Sidi Slimane', 'addr:postcode': '14200', 'addr:street': '735P+MH8, Sidi Slimane 14200, Maroc', 'amenity': 'cafe', 'cuisine': 'burger;italian;oriental;greek', 'internet_access': 'yes', 'internet_access:fee': 'no', 'name': 'RH', 'opening_hours': '7h30-23h', 'outdoor_seating': 'yes', 'phone': '+212 8 08 63 66 74'}"
OpenStreetMap,node,4291851793,osm_node_4291851793,,,,Morocco,Sidi Slimane,,,,34.2590204,-5.921718,,,,,[],[],,,,,,,,,,,,,2026-07-14T18:34:31.406483,{'amenity': 'cafe'}
OpenStreetMap,node,4291852290,osm_node_4291852290,Café Didi,,,Morocco,Sidi Slimane,,,,34.2593836,-5.9107442,,,,,[],[],,,,,,,,,,,,,2026-07-14T18:34:31.406536,"{'amenity': 'cafe', 'name': 'Café Didi'}"
OpenStreetMap,node,4291852389,osm_node_4291852389,Café Rabab,,,Morocco,Sidi Slimane,,,,34.2595033,-5.9227852,,,,,[],[],,,,,,,,,,,,,2026-07-14T18:34:31.406592,"{'amenity': 'cafe', 'name': 'Café Rabab'}"
OpenStreetMap,node,4291852391,osm_node_4291852391,,,,Morocco,Sidi Slimane,,,,34.2597287,-5.9278568,,,,,[],[],,,,,,,,,,,,,2026-07-14T18:34:31.406705,{'amenity': 'cafe'}
OpenStreetMap,node,4386212389,osm_node_4386212389,cafe agdal مقهى أكدال,,,Morocco,Sidi Slimane,,,,34.2592592,-5.913531,,,,,[],[],,,,,,,,,,,,,2026-07-14T18:34:31.406821,"{'amenity': 'cafe', 'name': 'cafe agdal مقهى أكدال', 'name:ar': 'مقهى أكدال', 'name:fr': 'cafe agdal'}"
OpenStreetMap,node,11018722105,osm_node_11018722105,,,,Morocco,Sidi Slimane,,,14200,34.262504,-5.9145816,,,,,[],[],,,,,,,,,,,,,2026-07-14T18:34:31.406874,"{'addr:postcode': '14200', 'amenity': 'cafe', 'name:fr': 'D café'}"
OpenStreetMap,node,11411974696,osm_node_11411974696,BARISTA,,,Morocco,Sidi Slimane,,"Lotissement marjane, Sidi Slimane 14200, Maroc",14200,34.264673,-5.9142265,+212699765887,,,6H-23H,"['burger', 'oriental']",[],,,,,,,,yes,,,,,2026-07-14T18:34:31.406982,"{'addr:city': 'Sidi Slimane ⵙⵉⴷⵉ ⵙⵍⵉⵎⴰⵏ سيدي سليمان', 'addr:postcode': '14200', 'addr:street': 'Lotissement marjane, Sidi Slimane 14200, Maroc', 'amenity': 'cafe', 'cuisine': 'burger;oriental', 'internet_access': 'yes', 'internet_access:fee': 'no', 'name': 'BARISTA', 'opening_hours': '6H-23H', 'phone': '+212 6 99 76 58 87'}"
OpenStreetMap,node,1578879010,osm_node_1578879010,Café Miramar,,,Morocco,Al Hoceïma,,,,35.2421077,-3.9285688,,,,,['regional'],[],,,,,,,,,,,,,2026-07-14T18:34:53.357364,"{'amenity': 'cafe', 'cuisine': 'regional', 'name': 'Café Miramar', 'name:es': 'Café Miramar'}"
OpenStreetMap,node,1887742767,osm_node_1887742767,Miramar,,,Morocco,Al Hoceïma,,,,35.2421599,-3.9286267,,,,,['regional'],[],,,,,,,,,,,,,2026-07-14T18:34:53.357431,"{'amenity': 'restaurant', 'cuisine': 'regional', 'name': 'Miramar', 'name:es': 'Miramar'}"
OpenStreetMap,node,1910903142,osm_node_1910903142,,,,Morocco,Al Hoceïma,,,,35.2498824,-3.9241444,,,,,[],[],,,,,,,,,,,,,2026-07-14T18:34:53.357480,{'amenity': 'bar'}
OpenStreetMap,node,6282514886,osm_node_6282514886,Palm's,,,Morocco,Al Hoceïma,,,,35.2336992,-3.9234014,+212539841282,,,,[],[],,,,,,,,wlan,,,,,2026-07-14T18:34:53.357538,"{'amenity': 'restaurant', 'internet_access': 'wlan', 'name': ""Palm's"", 'phone': '+212 5 39 84 12 82'}"
OpenStreetMap,node,6305316985,osm_node_6305316985,,,,Morocco,Al Hoceïma,,Avenue Mohammed 5 شارع محمد الخامس,,35.2415799,-3.9295238,+212539841163,,,,[],[],,,,,,,,,,,,,2026-07-14T18:34:53.357629,"{'addr:street': 'Avenue Mohammed 5 شارع محمد الخامس', 'amenity': 'cafe', 'name:en': 'Ohana', 'phone': '+212 5 39 84 11 63'}"
OpenStreetMap,node,10151372817,osm_node_10151372817,Club nautique,,,Morocco,Al Hoceïma,,,,35.2476572,-3.9243635,,,,,[],[],,,,,,,,,,,,,2026-07-14T18:34:53.357677,"{'amenity': 'restaurant', 'name': 'Club nautique'}"
OpenStreetMap,node,11097253406,osm_node_11097253406,Aiman Jet Park,,,Morocco,Al Hoceïma,,,,35.2481994,-3.9580083,,,,,[],[],,,,,,,,,,,,,2026-07-14T18:34:53.357718,"{'amenity': 'restaurant', 'name': 'Aiman Jet Park', 'name:en': 'Aman Jet Park'}"
OpenStreetMap,node,11124782684,osm_node_11124782684,Cafe Cala Iris Plaza,,,Morocco,Al Hoceïma,,,,35.2497753,-3.9243119,,,,,"['regional', 'moroccan']",[],,,,,,,,,,,,,2026-07-14T18:34:53.357769,"{'addr:city': 'Al Hoceima الحسيمة', 'amenity': 'restaurant', 'cuisine': 'regional;moroccan', 'diet:fish': 'yes', 'diet:halal': 'yes', 'name': 'Cafe Cala Iris Plaza'}"
OpenStreetMap,node,11906786137,osm_node_11906786137,,,,Morocco,Al Hoceïma,,,,35.2350079,-3.9233422,,,,,[],[],,,,,,,,,,,,,2026-07-14T18:34:53.357800,{'amenity': 'restaurant'}
OpenStreetMap,node,13058728054,osm_node_13058728054,La Vogue,,,Morocco,Al Hoceïma,,Madinat Bades,32000,35.2455043,-3.9596612,,https://instagram.com/lavoguealhoceima,,Mo-Su 09:00-03:00,"['pizza', 'burger', 'sushi', 'italian', 'sandwich']",[],,,,,,,,,,,,,2026-07-14T18:34:53.357917,"{'addr:city': 'Al Hoceima الحسيمة', 'addr:postcode': '32000', 'addr:street': 'Madinat Bades', 'amenity': 'restaurant', 'cuisine': 'pizza;burger;sushi;italian;sandwich', 'diet:halal': 'yes', 'name': 'La Vogue', 'opening_hours': 'Mo-Su 09:00-03:00', 'website': 'https://instagram.com/lavoguealhoceima'}"
OpenStreetMap,node,13773563511,osm_node_13773563511,Break,,,Morocco,Al Hoceïma,,,,35.2410258,-3.9308426,,,,,[],[],,,,,,,,,,,,,2026-07-14T18:34:53.357954,"{'amenity': 'restaurant', 'name': 'Break'}"
OpenStreetMap,node,13773563711,osm_node_13773563711,Cafe Hassan,,,Morocco,Al Hoceïma,,,,35.244648,-3.94211,,,,,[],[],,,,,,,,,,,,,2026-07-14T18:34:53.357990,"{'amenity': 'cafe', 'name': 'Cafe Hassan'}"
OpenStreetMap,way,1109768358,osm_way_1109768358,Cafe Villa Florido,,,Morocco,Al Hoceïma,,,,35.2410766,-3.9283576,,,,,[],[],,,,,,,,,,,,,2026-07-14T18:34:53.358029,"{'amenity': 'pub', 'building': 'yes', 'name': 'Cafe Villa Florido'}"
OpenStreetMap,node,552081409,osm_node_552081409,,,,Morocco,Larache,,,,35.2042699,-6.146,,,,,[],[],,,,,,,,,,,,,2026-07-14T18:35:25.509210,{'amenity': 'restaurant'}
OpenStreetMap,node,552081415,osm_node_552081415,,,,Morocco,Larache,,,,35.2041156,-6.146206,,,,,[],[],,,,,,,,,,,,,2026-07-14T18:35:25.509241,{'amenity': 'restaurant'}
OpenStreetMap,node,1686960747,osm_node_1686960747,Shawarma,,,Morocco,Larache,,,,35.1946682,-6.153373,,,,,['sandwich'],[],,,,,,,,,,,,,2026-07-14T18:35:25.509279,"{'amenity': 'restaurant', 'cuisine': 'sandwich', 'name': 'Shawarma'}"
OpenStreetMap,node,1687018907,osm_node_1687018907,,,,Morocco,Larache,,,,35.1972399,-6.1518896,,,,,[],[],,,,,,,,,,,,,2026-07-14T18:35:25.509296,{'amenity': 'cafe'}
OpenStreetMap,node,1687018936,osm_node_1687018936,,,,Morocco,Larache,,,,35.1974286,-6.1520592,,,,,[],[],,,,,,,,,,,,,2026-07-14T18:35:25.509313,{'amenity': 'cafe'}
OpenStreetMap,node,1687018940,osm_node_1687018940,Juice store,,,Morocco,Larache,,,,35.1959905,-6.1522278,,,,,[],[],,,,,,,,,,,,,2026-07-14T18:35:25.509334,"{'amenity': 'pub', 'name': 'Juice store'}"
OpenStreetMap,node,1687018947,osm_node_1687018947,Valencia,,,Morocco,Larache,,,,35.1961324,-6.1523095,,,,,[],[],,,,,,,,,,,,,2026-07-14T18:35:25.509352,"{'amenity': 'cafe', 'name': 'Valencia'}"
OpenStreetMap,node,1687018961,osm_node_1687018961,,,,Morocco,Larache,,,,35.1975019,-6.1522805,,,,,[],[],,,,,,,,,,,,,2026-07-14T18:35:25.509367,{'amenity': 'cafe'}
OpenStreetMap,node,1687018981,osm_node_1687018981,,,,Morocco,Larache,,,,35.1954406,-6.1529285,,,,,[],[],,,,,,,,,,,,,2026-07-14T18:35:25.509384,{'amenity': 'restaurant'}
OpenStreetMap,node,1687019016,osm_node_1687019016,Triana,,,Morocco,Larache,,,,35.1961957,-6.1526403,,,,,[],[],,,,,,,,,,,,,2026-07-14T18:35:25.509402,"{'amenity': 'cafe', 'name': 'Triana'}"
OpenStreetMap,node,1687660089,osm_node_1687660089,,,,Morocco,Larache,,,,35.1947621,-6.1534464,,,,,['sandwich'],[],,,,,,,,,,,,,2026-07-14T18:35:25.509419,"{'amenity': 'restaurant', 'cuisine': 'sandwich'}"
OpenStreetMap,node,1687660123,osm_node_1687660123,,,,Morocco,Larache,,,,35.1959914,-6.152107,,,,,[],[],,,,,,,,,,,,,2026-07-14T18:35:25.509435,{'amenity': 'cafe'}
OpenStreetMap,node,1687660132,osm_node_1687660132,,,,Morocco,Larache,,,,35.1949426,-6.1515421,,,,,[],[],,,,,,,,terminal,,,,,2026-07-14T18:35:25.509453,"{'amenity': 'cafe', 'internet_access': 'terminal', 'internet_access:fee': 'yes'}"
OpenStreetMap,node,1687660203,osm_node_1687660203,,,,Morocco,Larache,,,,35.1948437,-6.1514976,,,,,[],[],,,,,,,,terminal,,,,,2026-07-14T18:35:25.509472,"{'amenity': 'cafe', 'internet_access': 'terminal', 'internet_access:fee': 'yes'}"
OpenStreetMap,node,1687660305,osm_node_1687660305,,,,Morocco,Larache,,,,35.1946382,-6.1532863,,,,,['sandwich'],[],,,,,,,,,,,,,2026-07-14T18:35:25.509490,"{'amenity': 'restaurant', 'cuisine': 'sandwich'}"
OpenStreetMap,node,1698217659,osm_node_1698217659,Restaurant del Sol,,,Morocco,Larache,,,,35.1963515,-6.1519677,,,,,['regional'],[],,,,,,,,,,,,,2026-07-14T18:35:25.509510,"{'amenity': 'restaurant', 'cuisine': 'regional', 'name': 'Restaurant del Sol'}"
OpenStreetMap,node,1698217726,osm_node_1698217726,Cafe Espana,,,Morocco,Larache,,,,35.1963213,-6.1523104,,,,,[],[],,,,,,,,,,,,,2026-07-14T18:35:25.509529,"{'amenity': 'cafe', 'name': 'Cafe Espana'}"
OpenStreetMap,node,1698217790,osm_node_1698217790,,,,Morocco,Larache,,,,35.1991271,-6.1524087,,,,,[],[],,,,,,,,,,,,,2026-07-14T18:35:25.509545,{'amenity': 'cafe'}
OpenStreetMap,node,1875028131,osm_node_1875028131,Aire de service Larache,,,Morocco,Larache,,,,35.169058,-6.1217051,,,,,[],[],,,,,,,,,,,,,2026-07-14T18:35:25.509566,"{'amenity': 'cafe', 'name': 'Aire de service Larache'}"
OpenStreetMap,node,1875028187,osm_node_1875028187,Aire de service Larache,,,Morocco,Larache,,,,35.1688826,-6.1216622,,,,,[],[],,,,,,,,,,,,,2026-07-14T18:35:25.509584,"{'amenity': 'restaurant', 'name': 'Aire de service Larache'}"
OpenStreetMap,node,2689581292,osm_node_2689581292,,,,Morocco,Larache,,,,35.1947672,-6.1537416,,,,,[],[],,,,,,,,,,,,,2026-07-14T18:35:25.509600,{'amenity': 'cafe'}
OpenStreetMap,node,2689650726,osm_node_2689650726,Lixus,,,Morocco,Larache,,,,35.1970091,-6.1528732,,,,,[],[],,,,,,,,,,,,,2026-07-14T18:35:25.509617,"{'amenity': 'cafe', 'name': 'Lixus'}"
OpenStreetMap,node,2689650729,osm_node_2689650729,Balcon Attlantico,,,Morocco,Larache,,,,35.1976702,-6.1535572,,,,,[],[],,,,,,,,,,,,,2026-07-14T18:35:25.509635,"{'amenity': 'cafe', 'name': 'Balcon Attlantico'}"
OpenStreetMap,node,2689650732,osm_node_2689650732,Arabia,,,Morocco,Larache,,,,35.1974337,-6.1536329,,,,,[],[],,,,,,,,,,,,,2026-07-14T18:35:25.509654,"{'amenity': 'cafe', 'name': 'Arabia'}"
OpenStreetMap,node,2689650747,osm_node_2689650747,La Ezquina,,,Morocco,Larache,,,,35.1948026,-6.1545149,,,,,[],[],,,,,,,,,,,,,2026-07-14T18:35:25.509672,"{'amenity': 'cafe', 'name': 'La Ezquina'}"
OpenStreetMap,node,2693770312,osm_node_2693770312,,,,Morocco,Larache,,,,35.1964679,-6.1515065,,,,,[],[],,,,,,,,,,,,,2026-07-14T18:35:25.509688,{'amenity': 'restaurant'}
OpenStreetMap,node,2693770314,osm_node_2693770314,,,,Morocco,Larache,,,,35.1965755,-6.1511164,,,,,[],[],,,,,,,,,,,,,2026-07-14T18:35:25.509703,{'amenity': 'restaurant'}
OpenStreetMap,node,3187001485,osm_node_3187001485,Delice,,,Morocco,Larache,,,,35.1976362,-6.1534153,,,,,[],[],,,,,,,,,,,,,2026-07-14T18:35:25.509721,"{'amenity': 'restaurant', 'name': 'Delice'}"
OpenStreetMap,node,3847583871,osm_node_3847583871,Tutti Frutti,,,Morocco,Larache,,,,35.1956053,-6.1519924,,,,,['Fast Food & local dishes'],[],,,,,,,,wlan,yes,,,,2026-07-14T18:35:25.509746,"{'addr:city': 'Larache', 'amenity': 'cafe', 'cuisine': 'Fast Food & local dishes', 'internet_access': 'wlan', 'name': 'Tutti Frutti', 'smoking': 'yes'}"
OpenStreetMap,node,4405045791,osm_node_4405045791,خاي احمد,,,Morocco,Larache,,,,35.1868876,-6.1463191,,,,,[],[],,,,,,,,,,,,,2026-07-14T18:35:25.509768,"{'amenity': 'restaurant', 'name': 'خاي احمد', 'name:ar': 'خاي احمد'}"
OpenStreetMap,node,4579691791,osm_node_4579691791,Au Maroc المغرب,,,Morocco,Larache,,,,35.1856689,-6.1405532,,,,,[],[],,,,,,,,,,,,,2026-07-14T18:35:25.509787,"{'amenity': 'bar', 'name': 'Au Maroc المغرب', 'name:ar': 'المغرب', 'name:fr': 'Au Maroc'}"
OpenStreetMap,node,4881822652,osm_node_4881822652,,,,Morocco,Larache,,,,35.1981942,-6.1478835,,,,,[],[],,,,,,,,,,,,,2026-07-14T18:35:25.509803,{'amenity': 'restaurant'}
OpenStreetMap,node,9142194504,osm_node_9142194504,Burger King,Burger King,,Morocco,Larache,,,,35.1704941,-6.1223944,,,,,['burger'],['Takeaway'],,,,,,,,,,,,,2026-07-14T18:35:25.509826,"{'amenity': 'fast_food', 'brand': 'Burger King', 'brand:wikidata': 'Q177054', 'cuisine': 'burger', 'name': 'Burger King', 'takeaway': 'yes'}"
OpenStreetMap,node,10653926305,osm_node_10653926305,,,,Morocco,Larache,,,,35.1523443,-6.1494886,,,,,[],[],,,,,,,,,,,,,2026-07-14T18:35:25.509843,{'amenity': 'bar'}
OpenStreetMap,node,11405422253,osm_node_11405422253,Jean Genet,,,Morocco,Larache,,,,35.1990161,-6.1521807,,,,,[],[],,,,,,,,,,,,,2026-07-14T18:35:25.509860,"{'amenity': 'restaurant', 'name': 'Jean Genet'}"
OpenStreetMap,node,12078983170,osm_node_12078983170,Cafe Royal,,,Morocco,Larache,,,,35.1775457,-6.1450164,,,,,[],[],,,,,,,,,,,,,2026-07-14T18:35:25.509878,"{'amenity': 'cafe', 'name': 'Cafe Royal', 'name:ar': 'مقهى رويال'}"
OpenStreetMap,node,12078987369,osm_node_12078987369,Cafe Al Manzah,,,Morocco,Larache,,,,35.1773667,-6.145145,,,,,[],[],,,,,,,,,,,,,2026-07-14T18:35:25.509897,"{'amenity': 'cafe', 'name': 'Cafe Al Manzah'}"
OpenStreetMap,node,12078992569,osm_node_12078992569,Ponte Vecchio,,,Morocco,Larache,,,,35.172324,-6.1444618,,,,,[],[],,,,,,,,,,,,,2026-07-14T18:35:25.509916,"{'amenity': 'restaurant', 'name': 'Ponte Vecchio'}"
OpenStreetMap,node,12081980369,osm_node_12081980369,Cafe Al Mazar,,,Morocco,Larache,,,,35.1726197,-6.1391042,,,,,[],[],,,,,,,,,,,,,2026-07-14T18:35:25.509934,"{'amenity': 'cafe', 'name': 'Cafe Al Mazar'}"
OpenStreetMap,node,12207318906,osm_node_12207318906,Cafe Paloma,,,Morocco,Larache,,,,35.1723925,-6.1420207,,,,,[],[],,,,,,,,wlan,,,,,2026-07-14T18:35:25.509955,"{'amenity': 'cafe', 'internet_access': 'wlan', 'name': 'Cafe Paloma'}"
OpenStreetMap,node,13818546901,osm_node_13818546901,مقهى الجزيرة,,,Morocco,Larache,,,,35.1777005,-6.1456878,,,,,[],[],,,,,,,,,,,,,2026-07-14T18:35:25.509973,"{'amenity': 'cafe', 'name': 'مقهى الجزيرة'}"
OpenStreetMap,node,13818613002,osm_node_13818613002,Rico Rico,,,Morocco,Larache,,,,35.187101,-6.151606,,,,,[],[],,,,,,,,,,,,,2026-07-14T18:35:25.509991,"{'amenity': 'cafe', 'name': 'Rico Rico'}"
OpenStreetMap,node,13818615102,osm_node_13818615102,المقهى الملكي,,,Morocco,Larache,,,,35.177537,-6.144774,,,,,[],[],,,,,,,,,,,,,2026-07-14T18:35:25.510010,"{'amenity': 'cafe', 'name': 'المقهى الملكي'}"
OpenStreetMap,node,13818652401,osm_node_13818652401,مطعم العرائش,,,Morocco,Larache,,,,35.188043,-6.146103,,,,,[],[],,,,,,,,,,,,,2026-07-14T18:35:25.510028,"{'amenity': 'restaurant', 'name': 'مطعم العرائش'}"
OpenStreetMap,node,13818652501,osm_node_13818652501,Quatro Caminos,,,Morocco,Larache,,,,35.1890963,-6.1484784,,,,,[],[],,,,,,,,,,,,,2026-07-14T18:35:25.510046,"{'amenity': 'cafe', 'name': 'Quatro Caminos'}"
OpenStreetMap,node,13818652701,osm_node_13818652701,San Francisco,,,Morocco,Larache,,,,35.1921191,-6.1494462,,,,,[],[],,,,,,,,,,,,,2026-07-14T18:35:25.510064,"{'amenity': 'restaurant', 'name': 'San Francisco'}"
OpenStreetMap,node,13818663802,osm_node_13818663802,La Luna,,,Morocco,Larache,,,,35.1911783,-6.1510622,,,,,[],[],,,,,,,,,,,,,2026-07-14T18:35:25.510081,"{'amenity': 'cafe', 'name': 'La Luna'}"
OpenStreetMap,node,13818674901,osm_node_13818674901,Pâtisseries El Glop,,,Morocco,Larache,,,,35.1911063,-6.1522287,,,,,[],[],,,,,,,,,,,,,2026-07-14T18:35:25.510101,"{'amenity': 'restaurant', 'name': 'Pâtisseries El Glop'}"
OpenStreetMap,node,13818682601,osm_node_13818682601,مخبزة وحلويات اللوكوس,,,Morocco,Larache,,,,35.190693,-6.151233,,,,,[],[],,,,,,,,,,,,,2026-07-14T18:35:25.510120,"{'amenity': 'restaurant', 'name': 'مخبزة وحلويات اللوكوس'}"
OpenStreetMap,node,13818682701,osm_node_13818682701,مقهى النسيم,,,Morocco,Larache,,,,35.1874273,-6.1534732,,,,,[],[],,,,,,,,,,,,,2026-07-14T18:35:25.510138,"{'amenity': 'cafe', 'name': 'مقهى النسيم'}"
OpenStreetMap,node,13818682702,osm_node_13818682702,مخبزة أينور,,,Morocco,Larache,,,,35.187822,-6.148913,,,,,[],[],,,,,,,,,,,,,2026-07-14T18:35:25.510156,"{'amenity': 'restaurant', 'name': 'مخبزة أينور'}"
OpenStreetMap,node,13818682703,osm_node_13818682703,مقهى الاصدقاء,,,Morocco,Larache,,,,35.187154,-6.14876,,,,,[],[],,,,,,,,,,,,,2026-07-14T18:35:25.510175,"{'amenity': 'cafe', 'name': 'مقهى الاصدقاء'}"
OpenStreetMap,node,13818684601,osm_node_13818684601,مقهى كلاسيكو,,,Morocco,Larache,,,,35.177071,-6.155154,,,,,[],[],,,,,,,,,,,,,2026-07-14T18:35:25.510194,"{'amenity': 'cafe', 'name': 'مقهى كلاسيكو'}"
OpenStreetMap,node,13818690702,osm_node_13818690702,Chliaba,,,Morocco,Larache,,,,35.178263,-6.15484,,,,,[],[],,,,,,,,,,,,,2026-07-14T18:35:25.510212,"{'amenity': 'cafe', 'name': 'Chliaba'}"
OpenStreetMap,way,496472967,osm_way_496472967,,,,Morocco,Larache,,,,35.1984106,-6.1486287,,,,,[],[],,,,,,,,,,,,,2026-07-14T18:35:25.510228,"{'amenity': 'restaurant', 'building': 'yes'}"
OpenStreetMap,way,496472992,osm_way_496472992,Chez Jawad,,,Morocco,Larache,,,,35.1981425,-6.1478289,,,,,[],[],,,,,,,,,,,,,2026-07-14T18:35:25.510246,"{'amenity': 'restaurant', 'building': 'yes', 'name': 'Chez Jawad', 'url': 'https://babelbahr.tumblr.com/image/164367422563'}"
OpenStreetMap,way,496472995,osm_way_496472995,,,,Morocco,Larache,,,,35.1982725,-6.1480065,,,,,[],[],,,,,,,,,,,,,2026-07-14T18:35:25.510262,"{'amenity': 'restaurant', 'building': 'yes', 'url': 'https://babelbahr.tumblr.com/image/164367409068'}"
OpenStreetMap,way,496473150,osm_way_496473150,Miramar,,,Morocco,Larache,,,,35.1987735,-6.1510798,,,,,[],[],,,,,,,,,,,,,2026-07-14T18:35:25.510280,"{'amenity': 'restaurant', 'building': 'yes', 'name': 'Miramar'}"
OpenStreetMap,way,496481750,osm_way_496481750,Loukos,,,Morocco,Larache,,,,35.1984379,-6.1471978,,,,,[],[],,,,,,,,,,,,,2026-07-14T18:35:25.510297,"{'amenity': 'restaurant', 'building': 'yes', 'name': 'Loukos', 'url': 'https://babelbahr.tumblr.com/image/164367785838'}"
OpenStreetMap,way,1149774988,osm_way_1149774988,Vega M6,,,Morocco,Larache,,,,35.1962342,-6.1551124,,,,,[],[],,,,,,,,,,,,,2026-07-14T18:35:25.510315,"{'amenity': 'fast_food', 'building': 'yes', 'fast_food': 'cafeteria', 'name': 'Vega M6', 'source': 'microsoft/BuildingFootprints'}"
OpenStreetMap,way,1229911880,osm_way_1229911880,Malibu,,,Morocco,Larache,,,,35.1966261,-6.1544655,,,,,[],[],,,,,,,,,,,,,2026-07-14T18:35:25.510332,"{'amenity': 'cafe', 'building': 'yes', 'name': 'Malibu'}"
OpenStreetMap,node,4593890389,osm_node_4593890389,,,,Morocco,Ksar El Kebir,,,,35.009892,-5.9071753,,,,,[],[],,,,,,,,,,,,,2026-07-14T18:37:26.571388,{'amenity': 'cafe'}
OpenStreetMap,node,6246060430,osm_node_6246060430,Douae,,,Morocco,Ksar El Kebir,,,,35.0067647,-5.8904136,,,,,[],[],,,,,,,,,,,,,2026-07-14T18:37:26.571484,"{'amenity': 'cafe', 'name': 'Douae'}"
OpenStreetMap,node,6246075571,osm_node_6246075571,Charika,,,Morocco,Ksar El Kebir,,,,35.0030886,-5.9060957,,,,,[],[],,,,,,,,,,,,,2026-07-14T18:37:26.571527,"{'amenity': 'cafe', 'name': 'Charika'}"
OpenStreetMap,node,6246075572,osm_node_6246075572,Bayrout,,,Morocco,Ksar El Kebir,,,,35.0026002,-5.9062408,,,,,[],[],,,,,,,,,,,,,2026-07-14T18:37:26.571565,"{'amenity': 'cafe', 'name': 'Bayrout'}"
OpenStreetMap,node,6246075573,osm_node_6246075573,Athena,,,Morocco,Ksar El Kebir,,,,35.0025654,-5.9060019,,,,,[],[],,,,,,,,,,,,,2026-07-14T18:37:26.571606,"{'amenity': 'cafe', 'name': 'Athena'}"
OpenStreetMap,node,6246101293,osm_node_6246101293,Panorama,,,Morocco,Ksar El Kebir,,,,35.0007838,-5.9049896,,,,,[],[],,,,,,,,,,,,,2026-07-14T18:37:26.571644,"{'amenity': 'cafe', 'name': 'Panorama'}"
OpenStreetMap,node,6246101297,osm_node_6246101297,Istanbul,,,Morocco,Ksar El Kebir,,,,35.0015106,-5.9072032,,,,,[],[],,,,,,,,,,,,,2026-07-14T18:37:26.571679,"{'amenity': 'cafe', 'name': 'Istanbul'}"
OpenStreetMap,node,6246110147,osm_node_6246110147,Volga,,,Morocco,Ksar El Kebir,,,,35.0054574,-5.9225054,,,,,[],[],,,,,,,,,,,,,2026-07-14T18:37:26.571716,"{'amenity': 'cafe', 'name': 'Volga'}"
OpenStreetMap,node,6246110166,osm_node_6246110166,Basatine,,,Morocco,Ksar El Kebir,,,,35.0050403,-5.9215587,,,,,[],[],,,,,,,,,,,,,2026-07-14T18:37:26.571752,"{'amenity': 'cafe', 'name': 'Basatine'}"
OpenStreetMap,node,6246110167,osm_node_6246110167,Ismaali,,,Morocco,Ksar El Kebir,,,,35.0035254,-5.9155646,,,,,[],[],,,,,,,,,,,,,2026-07-14T18:37:26.571788,"{'amenity': 'cafe', 'name': 'Ismaali'}"
OpenStreetMap,node,6246110168,osm_node_6246110168,Virginia,,,Morocco,Ksar El Kebir,,,,35.0037254,-5.9154761,,,,,[],[],,,,,,,,,,,,,2026-07-14T18:37:26.571821,"{'amenity': 'cafe', 'name': 'Virginia'}"
OpenStreetMap,node,6246123259,osm_node_6246123259,Temsamani,,,Morocco,Ksar El Kebir,,,,35.0025552,-5.9120384,,,,,[],[],,,,,,,,,,,,,2026-07-14T18:37:26.571861,"{'amenity': 'cafe', 'name': 'Temsamani'}"
OpenStreetMap,node,6246131168,osm_node_6246131168,Anas,,,Morocco,Ksar El Kebir,,,,34.9927268,-5.9057772,,,,,[],[],,,,,,,,,,,,,2026-07-14T18:37:26.571899,"{'amenity': 'cafe', 'name': 'Anas'}"
OpenStreetMap,node,11020651405,osm_node_11020651405,,,,Morocco,Ksar El Kebir,,"234G+7M4, P4404, Ksar El-Kébir",,35.0057101,-5.9233999,,,,,[],[],,,,,,,,wlan,,,,,2026-07-14T18:37:26.572049,"{'addr:housenumber': '234', 'addr:street': '234G+7M4, P4404, Ksar El-Kébir', 'amenity': 'bar', 'internet_access': 'wlan', 'name:it': 'Café Azahraae'}"
OpenStreetMap,node,13798222003,osm_node_13798222003,مقهى فرنسا,,,Morocco,Ksar El Kebir,,,,35.000991,-5.898543,,,,,[],[],,,,,,,,,,,,,2026-07-14T18:37:26.572112,"{'amenity': 'cafe', 'name': 'مقهى فرنسا'}"
OpenStreetMap,node,13798222101,osm_node_13798222101,طاكوس معاد,,,Morocco,Ksar El Kebir,,,,35.003261,-5.896604,,,,,[],[],,,,,,,,,,,,,2026-07-14T18:37:26.572148,"{'amenity': 'restaurant', 'name': 'طاكوس معاد'}"
OpenStreetMap,node,13798222201,osm_node_13798222201,Al Yaqut,,,Morocco,Ksar El Kebir,,,,35.00272,-5.896906,,,,,[],[],,,,,,,,,,,,,2026-07-14T18:37:26.572183,"{'amenity': 'cafe', 'name': 'Al Yaqut'}"
OpenStreetMap,node,13798222202,osm_node_13798222202,مطعم علي بابا,,,Morocco,Ksar El Kebir,,,,34.996308,-5.902918,,,,,[],[],,,,,,,,,,,,,2026-07-14T18:37:26.572220,"{'amenity': 'restaurant', 'name': 'مطعم علي بابا'}"
OpenStreetMap,node,13798222203,osm_node_13798222203,Arena in,,,Morocco,Ksar El Kebir,,,,34.995552,-5.905237,,,,,[],[],,,,,,,,,,,,,2026-07-14T18:37:26.572258,"{'amenity': 'cafe', 'name': 'Arena in'}"
OpenStreetMap,node,13798222301,osm_node_13798222301,Boulangerie Bakali,,,Morocco,Ksar El Kebir,,,,35.0008834,-5.8986225,,,,,[],[],,,,,,,,,,,,,2026-07-14T18:37:26.572308,"{'amenity': 'restaurant', 'name': 'Boulangerie Bakali'}"
OpenStreetMap,node,13798222302,osm_node_13798222302,سناك شريف,,,Morocco,Ksar El Kebir,,,,34.99737,-5.902354,,,,,[],[],,,,,,,,,,,,,2026-07-14T18:37:26.572351,"{'amenity': 'restaurant', 'name': 'سناك شريف'}"
OpenStreetMap,node,13798222303,osm_node_13798222303,مقهى المحطة الطرقية,,,Morocco,Ksar El Kebir,,,,34.996502,-5.902269,,,,,[],[],,,,,,,,,,,,,2026-07-14T18:37:26.572391,"{'amenity': 'cafe', 'name': 'مقهى المحطة الطرقية'}"
OpenStreetMap,node,13798222701,osm_node_13798222701,Grand Palace,,,Morocco,Ksar El Kebir,,,,34.993827,-5.90264,,,,,[],[],,,,,,,,,,,,,2026-07-14T18:37:26.572424,"{'amenity': 'cafe', 'name': 'Grand Palace'}"
OpenStreetMap,node,5406106722,osm_node_5406106722,,,,Morocco,Fnideq,,Boulevard Hassan II شارع الحسن الثاني,,35.8405531,-5.3555437,,,,,[],[],,,,,,,,,,,,,2026-07-14T18:37:39.907219,"{'addr:street': 'Boulevard Hassan II شارع الحسن الثاني', 'amenity': 'cafe', 'name:en': 'Cafe DinaRim'}"
OpenStreetMap,node,5414108321,osm_node_5414108321,,,,Morocco,Fnideq,,Riffiene,,35.8278966,-5.353714,,,,,[],[],,,,,,,,,,,,,2026-07-14T18:37:39.907259,"{'addr:street': 'Riffiene', 'amenity': 'cafe', 'name:en': 'Coffeeshop'}"
OpenStreetMap,node,6434422385,osm_node_6434422385,Dulce papadag,,,Morocco,Fnideq,,,,35.8560253,-5.348455,,,,,"['italian_pizza', 'moroccan', 'seafood', 'cake', 'sandwich']",[],,,,,,,,wlan,,,,,2026-07-14T18:37:39.907291,"{'amenity': 'restaurant', 'cuisine': 'italian_pizza;moroccan;seafood;cake;sandwich', 'internet_access': 'wlan', 'name': 'Dulce papadag', 'name:ar': 'Dulce Paladar', 'name:en': 'Dulce Paladar', 'name:nl': 'Dulce Paladar'}"
OpenStreetMap,node,11083827906,osm_node_11083827906,Chiringuito,,,Morocco,Fnideq,,,,35.8101514,-5.3514058,,,,,[],[],,,,,,,,,,,,,2026-07-14T18:37:39.907306,"{'amenity': 'restaurant', 'name': 'Chiringuito'}"
OpenStreetMap,node,11225514137,osm_node_11225514137,,,,Morocco,Fnideq,,,,35.8438038,-5.3539833,,,,,[],[],,,,,,,,,,,,,2026-07-14T18:37:39.907316,{'amenity': 'restaurant'}
OpenStreetMap,node,11225514837,osm_node_11225514837,,,,Morocco,Fnideq,,,,35.8421122,-5.3539148,,,,,[],[],,,,,,,,,,,,,2026-07-14T18:37:39.907327,{'amenity': 'restaurant'}
OpenStreetMap,node,13796762401,osm_node_13796762401,Snack Costa Brava,,,Morocco,Fnideq,,,,35.842872,-5.361675,,,,,[],[],,,,,,,,,,,,,2026-07-14T18:37:39.907343,"{'amenity': 'restaurant', 'name': 'Snack Costa Brava'}"
OpenStreetMap,node,13796762501,osm_node_13796762501,Snack derdabi,,,Morocco,Fnideq,,,,35.843069,-5.361271,,,,,[],[],,,,,,,,,,,,,2026-07-14T18:37:39.907356,"{'amenity': 'restaurant', 'name': 'Snack derdabi'}"
OpenStreetMap,node,13796762601,osm_node_13796762601,مقهى قرطبة,,,Morocco,Fnideq,,,,35.842837,-5.362001,,,,,[],[],,,,,,,,,,,,,2026-07-14T18:37:39.907368,"{'amenity': 'cafe', 'name': 'مقهى قرطبة'}"
OpenStreetMap,node,13796762701,osm_node_13796762701,SNACK EL AFIA,,,Morocco,Fnideq,,,,35.841587,-5.362206,,,,,[],[],,,,,,,,,,,,,2026-07-14T18:37:39.907380,"{'amenity': 'restaurant', 'name': 'SNACK EL AFIA'}"
OpenStreetMap,node,13808220549,osm_node_13808220549,Restaurant Star 75,,,Morocco,Fnideq,,,,35.8467599,-5.354517,,,,,['moroccan'],[],,,,,,,,no,outside,,,,2026-07-14T18:37:39.907397,"{'air_conditioning': 'no', 'amenity': 'restaurant', 'cuisine': 'moroccan', 'internet_access': 'no', 'level': '0', 'name': 'Restaurant Star 75', 'smoking': 'outside', 'toilets': 'yes', 'wheelchair': 'no'}"
OpenStreetMap,node,13809295956,osm_node_13809295956,Restaurant Albahr,,,Morocco,Fnideq,,,,35.8458059,-5.3545046,,,,,[],[],,,,,,,,,,,,,2026-07-14T18:37:39.907408,"{'amenity': 'restaurant', 'name': 'Restaurant Albahr'}"
OpenStreetMap,node,13809314720,osm_node_13809314720,Restaurant Café Arena,,,Morocco,Fnideq,,,,35.8454653,-5.354367,,,,,[],[],,,,,,,,,,,,,2026-07-14T18:37:39.907420,"{'amenity': 'restaurant', 'name': 'Restaurant Café Arena'}"
OpenStreetMap,node,13811335344,osm_node_13811335344,Café Élite ice,,,Morocco,Fnideq,,,,35.8568214,-5.3483905,,,,,[],[],,,,,,,,,,,,,2026-07-14T18:37:39.907432,"{'amenity': 'cafe', 'name': 'Café Élite ice'}"
OpenStreetMap,node,353171773,osm_node_353171773,,,,Morocco,M'diq,,,,35.7522694,-5.3409793,,,,,[],[],,,,,,,,,,,,,2026-07-14T18:39:08.230348,{'amenity': 'restaurant'}
OpenStreetMap,node,554274029,osm_node_554274029,La Farma,,,Morocco,M'diq,,,,35.6655051,-5.30717,,,,,[],[],,,,,,,,,,,,,2026-07-14T18:39:08.230451,"{'amenity': 'restaurant', 'name': 'La Farma'}"
OpenStreetMap,node,4103910810,osm_node_4103910810,مطعم مرسى صديق,,,Morocco,M'diq,,,,35.6813224,-5.3126606,,,,,[],[],,,,,,,,,,,,,2026-07-14T18:39:08.230521,"{'amenity': 'restaurant', 'name': 'مطعم مرسى صديق'}"
OpenStreetMap,node,4541741689,osm_node_4541741689,مقهى الشيخ,,,Morocco,M'diq,,Avenue Lalla Nezha,93200,35.6828532,-5.3208777,,,,,[],[],,,,,,,,,,,,,2026-07-14T18:39:08.230543,"{'addr:postcode': '93200', 'addr:street': 'Avenue Lalla Nezha', 'amenity': 'cafe', 'name': 'مقهى الشيخ', 'name:ar': 'مقهى الشيخ', 'name:en': 'cafeteria chikh'}"
OpenStreetMap,node,5604992167,osm_node_5604992167,Chez Bilal,,,Morocco,M'diq,,,,35.6841336,-5.3263508,,,,,[],[],,,,,,,,,,,,,2026-07-14T18:39:08.230556,"{'amenity': 'cafe', 'name': 'Chez Bilal', 'source': 'Kaart Ground Survey 2018'}"
OpenStreetMap,node,6045357654,osm_node_6045357654,La Corniche,,,Morocco,M'diq,,Avenue Lalla Nezha,,35.6867991,-5.3235196,,,,,[],[],,,,,,,,,,,,,2026-07-14T18:39:08.230570,"{'addr:street': 'Avenue Lalla Nezha', 'amenity': 'restaurant', 'name': 'La Corniche', 'source': 'Kaart Ground Survey 2018'}"
OpenStreetMap,node,7017664886,osm_node_7017664886,Restaurant Meridiana,,,Morocco,M'diq,,,,35.6658623,-5.31909,,,,,[],[],,,,,,,,,,,,,2026-07-14T18:39:08.230582,"{'amenity': 'restaurant', 'name': 'Restaurant Meridiana', 'name:es': 'La Meridiana'}"
OpenStreetMap,node,7813626743,osm_node_7813626743,restaurant lounge babylon,,,Morocco,M'diq,,,100000,35.6561953,-5.2915483,+212674800533,,,10:00-22:00,['coffee_shop'],[],,,,,,,,,,,,,2026-07-14T18:39:08.230632,"{'addr:city': 'martil', 'addr:postcode': '100000', 'amenity': 'restaurant', 'cuisine': 'coffee_shop', 'email': 'mohamdchnwani@gmailcom', 'name': 'restaurant lounge babylon', 'opening_hours': '10:00-22:00', 'phone': '+212 6 74 80 05 33', 'website': 'www.facebook.com'}"
OpenStreetMap,node,8312479574,osm_node_8312479574,Frutello,,,Morocco,M'diq,,,,35.7262937,-5.3406744,,,,,['juice'],[],,,,https://www.facebook.com/Frutello16/,,,,,,,,,2026-07-14T18:39:08.230660,"{'amenity': 'fast_food', 'contact:facebook': 'https://www.facebook.com/Frutello16/', 'cuisine': 'juice', 'name': 'Frutello'}"
OpenStreetMap,node,8860358495,osm_node_8860358495,La Fluka de Cabo By Le Port,,,Morocco,M'diq,,"Route de Martil, Cabo Negro",25000,35.6606107,-5.2925003,+212808599070,,,,['seafood'],[],,,,,,,,,,,,,2026-07-14T18:39:08.230685,"{'addr:city': 'Martil', 'addr:postcode': '25000', 'addr:street': 'Route de Martil, Cabo Negro', 'amenity': 'restaurant', 'cuisine': 'seafood', 'name': 'La Fluka de Cabo By Le Port', 'phone': '+212 8 08 59 90 70'}"
OpenStreetMap,node,13450707202,osm_node_13450707202,,,,Morocco,M'diq,,,,35.790222,-5.3501491,,,,,[],[],,,,,,,,,,,,,2026-07-14T18:39:08.230696,"{'amenity': 'restaurant', 'name:nl': 'Ami Abdelkader vis restaurant'}"
OpenStreetMap,node,13681608349,osm_node_13681608349,capuccino,,,Morocco,M'diq,,,,35.6528051,-5.2923078,,,,,[],[],,,,,,,,,,,,,2026-07-14T18:39:08.230708,"{'amenity': 'restaurant', 'name': 'capuccino'}"
OpenStreetMap,node,13766599308,osm_node_13766599308,Café Restaurant 75 Flavours,,,Morocco,M'diq,,,,35.654121,-5.291351,,,,,[],[],,,,,,,,,,,,,2026-07-14T18:39:08.230722,"{'amenity': 'restaurant', 'name': 'Café Restaurant 75 Flavours'}"
OpenStreetMap,node,13766599608,osm_node_13766599608,Patatas Asadas,,,Morocco,M'diq,,,,35.6587674,-5.2860507,,,,,[],[],,,,,,,,,,,,,2026-07-14T18:39:08.230742,"{'amenity': 'restaurant', 'name': 'Patatas Asadas'}"
OpenStreetMap,node,13766599609,osm_node_13766599609,Cafè Snack Pizzeria,,,Morocco,M'diq,,,,35.654793,-5.291436,,,,Mo-Su 07:00-03:00,[],[],,,,,,,,,,,,,2026-07-14T18:39:08.230770,"{'amenity': 'cafe', 'name': 'Cafè Snack Pizzeria', 'opening_hours': 'Mo-Su 07:00-03:00'}"
OpenStreetMap,node,13766599802,osm_node_13766599802,مطعم ضوس ماريس,,,Morocco,M'diq,,,,35.6774873,-5.3219854,,,,Mo-Su 13:00-00:00,[],[],,,,,,,,,,,,,2026-07-14T18:39:08.230794,"{'amenity': 'restaurant', 'name': 'مطعم ضوس ماريس', 'opening_hours': 'Mo-Su 13:00-00:00'}"
OpenStreetMap,node,13766599803,osm_node_13766599803,Restaurante Omega-3 Cabo,,,Morocco,M'diq,,,,35.6666524,-5.3145232,,,,Mo-Su 12:30-01:00,[],[],,,,,,,,,,,,,2026-07-14T18:39:08.230821,"{'amenity': 'restaurant', 'name': 'Restaurante Omega-3 Cabo', 'opening_hours': 'Mo-Su 12:30-01:00'}"
OpenStreetMap,node,13766600003,osm_node_13766600003,Chiringuito El Cabo,,,Morocco,M'diq,,,,35.665633,-5.28483,,,,,[],[],,,,,,,,,,,,,2026-07-14T18:39:08.230848,"{'amenity': 'restaurant', 'name': 'Chiringuito El Cabo'}"
OpenStreetMap,node,13766745802,osm_node_13766745802,Café Dreamers,,,Morocco,M'diq,,,,35.6626729,-5.2945015,+212632201063,,,24/7,[],[],,,,,,,,,,,,,2026-07-14T18:39:08.230879,"{'amenity': 'restaurant', 'name': 'Café Dreamers', 'opening_hours': '24/7', 'phone': '+212 6 32 20 10 63'}"
OpenStreetMap,node,13766749101,osm_node_13766749101,Babylon lounge & restaurant,,,Morocco,M'diq,,,,35.655504,-5.291484,,,,,[],[],,,,,,,,,,,,,2026-07-14T18:39:08.230902,"{'amenity': 'restaurant', 'name': 'Babylon lounge & restaurant'}"
OpenStreetMap,node,13766749102,osm_node_13766749102,Alaturco,,,Morocco,M'diq,,,,35.660499,-5.293068,,,,Th-Tu 14:00-00:00,[],[],,,,,,,,,,,,,2026-07-14T18:39:08.230927,"{'amenity': 'restaurant', 'name': 'Alaturco', 'opening_hours': 'Th-Tu 14:00-00:00'}"
OpenStreetMap,node,13766749201,osm_node_13766749201,Asie’tte,,,Morocco,M'diq,,,,35.656213,-5.291654,,,,,[],[],,,,,,,,,,,,,2026-07-14T18:39:08.230951,"{'amenity': 'restaurant', 'name': 'Asie’tte'}"
OpenStreetMap,node,13766749301,osm_node_13766749301,Huna,,,Morocco,M'diq,,,,35.658421,-5.292193,+212641444949,,,Mo-Su 12:00-02:00,[],[],,,,,,,,,,,,,2026-07-14T18:39:08.230984,"{'amenity': 'restaurant', 'name': 'Huna', 'opening_hours': 'Mo-Su 12:00-02:00', 'phone': '+212 6 41 44 49 49'}"
OpenStreetMap,node,13767425601,osm_node_13767425601,Café petit mérou,,,Morocco,M'diq,,,,35.667784,-5.28346,,,,,[],[],,,,,,,,,,,,,2026-07-14T18:39:08.231002,"{'amenity': 'cafe', 'name': 'Café petit mérou'}"
OpenStreetMap,node,13779781709,osm_node_13779781709,Fuji Wara,,,Morocco,M'diq,,,,35.65973,-5.292971,,,,,[],[],,,,,,,,,,,,,2026-07-14T18:39:08.231016,"{'amenity': 'restaurant', 'name': 'Fuji Wara'}"
OpenStreetMap,node,13779782202,osm_node_13779782202,La Perla Del Cabo,,,Morocco,M'diq,,,,35.666104,-5.29322,,,,,[],[],,,,,,,,,,,,,2026-07-14T18:39:08.231032,"{'amenity': 'restaurant', 'name': 'La Perla Del Cabo'}"
OpenStreetMap,node,13779782403,osm_node_13779782403,Golf Cabo Le Chiringuito,,,Morocco,M'diq,,,,35.650194,-5.280902,,,,,[],[],,,,,,,,,,,,,2026-07-14T18:39:08.231046,"{'amenity': 'restaurant', 'name': 'Golf Cabo Le Chiringuito'}"
OpenStreetMap,node,13786870001,osm_node_13786870001,Restaurante Esmeralda Afilal,,,Morocco,M'diq,,,,35.6588291,-5.3185576,,,,,[],[],,,,,,,,,,,,,2026-07-14T18:39:08.231060,"{'amenity': 'restaurant', 'name': 'Restaurante Esmeralda Afilal'}"
OpenStreetMap,node,13786870002,osm_node_13786870002,My-Thai,,,Morocco,M'diq,,,,35.665695,-5.31912,,,,,[],[],,,,,,,,,,,,,2026-07-14T18:39:08.231073,"{'amenity': 'restaurant', 'name': 'My-Thai'}"
OpenStreetMap,node,13786870201,osm_node_13786870201,Laarif Family,,,Morocco,M'diq,,,,35.682231,-5.3204436,,,,,[],[],,,,,,,,,,,,,2026-07-14T18:39:08.231087,"{'amenity': 'restaurant', 'name': 'Laarif Family'}"
OpenStreetMap,node,13786870202,osm_node_13786870202,"Habibo M’diq – Restaurante de Pizza, Pasta y Shawarma",,,Morocco,M'diq,,,,35.685586,-5.322704,,,,,[],[],,,,,,,,,,,,,2026-07-14T18:39:08.231105,"{'amenity': 'restaurant', 'name': 'Habibo M’diq – Restaurante de Pizza, Pasta y Shawarma'}"
OpenStreetMap,node,13786870301,osm_node_13786870301,Casa Dos Hermanas,,,Morocco,M'diq,,,,35.682664,-5.319964,,,,,[],[],,,,,,,,,,,,,2026-07-14T18:39:08.231119,"{'amenity': 'restaurant', 'name': 'Casa Dos Hermanas'}"
OpenStreetMap,node,13786870401,osm_node_13786870401,Restaurant YAFA / مطعم يافا #مول الباطو,,,Morocco,M'diq,,,,35.683945,-5.32161,,,,,[],[],,,,,,,,,,,,,2026-07-14T18:39:08.231135,"{'amenity': 'restaurant', 'name': 'Restaurant YAFA /  مطعم يافا #مول الباطو'}"
OpenStreetMap,node,13786870402,osm_node_13786870402,مقهى كورنيش المضيق,,,Morocco,M'diq,,,,35.685857,-5.325325,,,,,[],[],,,,,,,,,,,,,2026-07-14T18:39:08.231149,"{'amenity': 'cafe', 'name': 'مقهى كورنيش المضيق'}"
OpenStreetMap,node,13786870501,osm_node_13786870501,Cocodrilo,,,Morocco,M'diq,,,,35.684332,-5.321866,,,,,[],[],,,,,,,,,,,,,2026-07-14T18:39:08.231161,"{'amenity': 'restaurant', 'name': 'Cocodrilo'}"
OpenStreetMap,node,13786870601,osm_node_13786870601,Milos Tamuda Bay,,,Morocco,M'diq,,,,35.69487,-5.327653,,,,,[],[],,,,,,,,,,,,,2026-07-14T18:39:08.231185,"{'amenity': 'cafe', 'name': 'Milos Tamuda Bay'}"
OpenStreetMap,node,13793843612,osm_node_13793843612,Casa paco,,,Morocco,M'diq,,,,35.687126,-5.331065,,,,,[],[],,,,,,,,,,,,,2026-07-14T18:39:08.231211,"{'amenity': 'cafe', 'name': 'Casa paco'}"
OpenStreetMap,node,13793843613,osm_node_13793843613,cafe restaurant 3s,,,Morocco,M'diq,,,,35.6869862,-5.323126,,,,,[],[],,,,,,,,,,,,,2026-07-14T18:39:08.231233,"{'amenity': 'cafe', 'name': 'cafe restaurant 3s'}"
OpenStreetMap,node,13793843614,osm_node_13793843614,حارة الشوارما,,,Morocco,M'diq,,,,35.686953,-5.323875,,,,,[],[],,,,,,,,,,,,,2026-07-14T18:39:08.231252,"{'amenity': 'restaurant', 'name': 'حارة الشوارما'}"
OpenStreetMap,node,13793858505,osm_node_13793858505,Pizza Box Mdiq,,,Morocco,M'diq,,,,35.68672,-5.323681,,,,,[],[],,,,,,,,,,,,,2026-07-14T18:39:08.231278,"{'amenity': 'restaurant', 'name': 'Pizza Box Mdiq'}"
OpenStreetMap,node,13793859401,osm_node_13793859401,Snack Pollo Rico,,,Morocco,M'diq,,,,35.6859774,-5.3244923,,,,,[],[],,,,,,,,,,,,,2026-07-14T18:39:08.231339,"{'amenity': 'restaurant', 'name': 'Snack Pollo Rico'}"
OpenStreetMap,node,13830695002,osm_node_13830695002,Cabo Corner,,,Morocco,M'diq,,,,35.665019,-5.303287,,,,,[],[],,,,,,,,,,,,,2026-07-14T18:39:08.231381,"{'amenity': 'restaurant', 'name': 'Cabo Corner'}"
OpenStreetMap,node,13830695005,osm_node_13830695005,Chez Alilou,,,Morocco,M'diq,,,,35.652186,-5.305348,,,,,[],[],,,,,,,,,,,,,2026-07-14T18:39:08.231404,"{'amenity': 'restaurant', 'name': 'Chez Alilou'}"
OpenStreetMap,node,13830695006,osm_node_13830695006,La Frite De BX,,,Morocco,M'diq,,,,35.651944,-5.308391,,,,,[],[],,,,,,,,,,,,,2026-07-14T18:39:08.231424,"{'amenity': 'restaurant', 'name': 'La Frite De BX'}"
OpenStreetMap,node,13830695013,osm_node_13830695013,بليونش,,,Morocco,M'diq,,,,35.697171,-5.348157,,,,,[],[],,,,,,,,,,,,,2026-07-14T18:39:08.231441,"{'amenity': 'cafe', 'name': 'بليونش'}"
OpenStreetMap,node,13830695014,osm_node_13830695014,Pool Beach Restaurant Tamuda Bay,,,Morocco,M'diq,,,,35.712262,-5.334467,,,,,[],[],,,,,,,,,,,,,2026-07-14T18:39:08.231460,"{'amenity': 'restaurant', 'name': 'Pool Beach Restaurant Tamuda Bay'}"
OpenStreetMap,node,13830695202,osm_node_13830695202,BUNDA CAFE,,,Morocco,M'diq,,,,35.6524961,-5.3046853,,,,,[],[],,,,,,,,,,,,,2026-07-14T18:39:08.231477,"{'amenity': 'cafe', 'name': 'BUNDA CAFE'}"
OpenStreetMap,node,13830695203,osm_node_13830695203,مقهى المفضل,,,Morocco,M'diq,,,,35.652011,-5.31172,,,,,[],[],,,,,,,,,,,,,2026-07-14T18:39:08.231494,"{'amenity': 'cafe', 'name': 'مقهى المفضل'}"
OpenStreetMap,node,13830695204,osm_node_13830695204,Delices by chaimae,,,Morocco,M'diq,,,,35.652848,-5.313263,,,,,[],[],,,,,,,,,,,,,2026-07-14T18:39:08.231510,"{'amenity': 'restaurant', 'name': 'Delices by chaimae'}"
OpenStreetMap,node,13830695210,osm_node_13830695210,Cafe bouzaghlal,,,Morocco,M'diq,,,,35.698869,-5.348255,,,,,[],[],,,,,,,,,,,,,2026-07-14T18:39:08.231528,"{'amenity': 'cafe', 'name': 'Cafe bouzaghlal'}"
OpenStreetMap,node,13830695211,osm_node_13830695211,Marbella Restaurant and Lounge,,,Morocco,M'diq,,,,35.696514,-5.34577,,,,,[],[],,,,,,,,,,,,,2026-07-14T18:39:08.231545,"{'amenity': 'restaurant', 'name': 'Marbella Restaurant and Lounge'}"
OpenStreetMap,node,13830695301,osm_node_13830695301,Restaurant & Breakfast,,,Morocco,M'diq,,,,35.651124,-5.30916,,,,,[],[],,,,,,,,,,,,,2026-07-14T18:39:08.231562,"{'amenity': 'restaurant', 'name': 'Restaurant & Breakfast'}"
OpenStreetMap,node,13830695401,osm_node_13830695401,McDonald’s CaboNegro,,,Morocco,M'diq,,,,35.651422,-5.310922,,,,,[],[],,,,,,,,,,,,,2026-07-14T18:39:08.231581,"{'amenity': 'restaurant', 'name': 'McDonald’s CaboNegro'}"
OpenStreetMap,node,13830695501,osm_node_13830695501,Cafe Good Luck,,,Morocco,M'diq,,,,35.6525835,-5.3131089,,,,,[],[],,,,,,,,,,,,,2026-07-14T18:39:08.231602,"{'amenity': 'cafe', 'name': 'Cafe Good Luck'}"
OpenStreetMap,node,13830695901,osm_node_13830695901,Cafe La Ruche Rincón,,,Morocco,M'diq,,,,35.700704,-5.349728,,,,,[],[],,,,,,,,,,,,,2026-07-14T18:39:08.231629,"{'amenity': 'cafe', 'name': 'Cafe La Ruche Rincón'}"
OpenStreetMap,way,586416714,osm_way_586416714,Nourain,,,Morocco,M'diq,,Avenue Boujdour,,35.6848303,-5.3276739,,,,,[],[],,,,,,,,,,,,,2026-07-14T18:39:08.231656,"{'addr:street': 'Avenue Boujdour', 'amenity': 'restaurant', 'building': 'yes', 'name': 'Nourain', 'source': 'Kaart Ground Survey 2018'}"
OpenStreetMap,way,586672324,osm_way_586672324,Sea Dream,,,Morocco,M'diq,,Avenue Annaser,,35.6899548,-5.3299043,,,,,[],[],,,,,,,,,,,,,2026-07-14T18:39:08.231674,"{'addr:street': 'Avenue Annaser', 'amenity': 'restaurant', 'building': 'yes', 'name': 'Sea Dream', 'source': 'Kaart Ground Survey 2018'}"
OpenStreetMap,way,586694673,osm_way_586694673,Palmera Smir,,,Morocco,M'diq,,,,35.7503343,-5.3465424,,,,,[],[],,,,,,,,,,,,,2026-07-14T18:39:08.231691,"{'amenity': 'restaurant', 'building': 'yes', 'name': 'Palmera Smir', 'source': 'Kaart Ground Survey 2018'}"
OpenStreetMap,way,586969852,osm_way_586969852,Blue Sky Restaurant,,,Morocco,M'diq,,Avenue Lalla Nezha,,35.6852869,-5.3218528,,,,,[],[],,,,,,,,,,,,,2026-07-14T18:39:08.231712,"{'addr:street': 'Avenue Lalla Nezha', 'amenity': 'restaurant', 'building': 'yes', 'name': 'Blue Sky Restaurant', 'source': 'Kaart Ground Survey 2018'}"
OpenStreetMap,way,586969853,osm_way_586969853,Olas,,,Morocco,M'diq,,Avenue Lalla Nezha,,35.6850662,-5.3217101,,,,,[],[],,,,,,,,,,,,,2026-07-14T18:39:08.231729,"{'addr:street': 'Avenue Lalla Nezha', 'amenity': 'restaurant', 'building': 'yes', 'name': 'Olas', 'source': 'Kaart Ground Survey 2018'}"
OpenStreetMap,way,701984402,osm_way_701984402,Restaurant Babylon,,,Morocco,M'diq,,,,35.6551021,-5.2913817,+212674800533,,,,[],[],,,,,,,,,,,,,2026-07-14T18:39:08.231752,"{'amenity': 'restaurant', 'building': 'yes', 'name': 'Restaurant Babylon', 'phone': '+212 6 74 80 05 33'}"
OpenStreetMap,node,2555426784,osm_node_2555426784,,,,Morocco,Ouezzane,,,,34.7981626,-5.5866048,,,,,[],[],,,,,,,,,,,,,2026-07-14T18:40:33.426083,{'amenity': 'cafe'}
OpenStreetMap,node,4747168049,osm_node_4747168049,مقهى كايز,,,Morocco,Ouezzane,,,,34.7981074,-5.5840469,,,,,[],['Outdoor Seating'],,,,,,,,yes,,,,,2026-07-14T18:40:33.426223,"{'amenity': 'cafe', 'internet_access': 'yes', 'name': 'مقهى كايز', 'name:ar': 'مقهى كايز', 'name:fr': 'Café Guayez', 'outdoor_seating': 'yes', 'payment:credit_cards': 'no', 'payment:debit_cards': 'no'}"
OpenStreetMap,node,5320284621,osm_node_5320284621,snack chadi,,,Morocco,Ouezzane,,,,34.7966276,-5.5697851,,,,,[],[],,,,,,,,,,,,,2026-07-14T18:40:33.426285,"{'amenity': 'fast_food', 'name': 'snack chadi'}"
OpenStreetMap,node,6414905297,osm_node_6414905297,مقهى الشجرة,,,Morocco,Ouezzane,,,,34.7983717,-5.5689539,,,,,[],[],,,,,,,,,,,,,2026-07-14T18:40:33.426323,"{'amenity': 'restaurant', 'name': 'مقهى الشجرة', 'payment:credit_cards': 'no', 'payment:debit_cards': 'no'}"
OpenStreetMap,node,6414905298,osm_node_6414905298,,,,Morocco,Ouezzane,,,,34.7971286,-5.5754079,,,,,[],[],,,,,,,,,,,,,2026-07-14T18:40:33.426351,"{'amenity': 'restaurant', 'name:en': 'Restaurant Pizzeria VIA ROMA'}"
OpenStreetMap,node,6414954602,osm_node_6414954602,مقهى الشجرة,,,Morocco,Ouezzane,,,,34.7981911,-5.5690199,,,,,[],[],,,,,,,,,,,,,2026-07-14T18:40:33.426382,"{'amenity': 'restaurant', 'name': 'مقهى الشجرة'}"
OpenStreetMap,node,6459216685,osm_node_6459216685,Ouazan,,,Morocco,Ouezzane,,,,34.8081156,-5.5637205,,,,,[],[],,,,,,,,,,,,,2026-07-14T18:40:33.426410,"{'amenity': 'restaurant', 'name': 'Ouazan', 'name:en': 'Wazane'}"
OpenStreetMap,node,6459216785,osm_node_6459216785,,,,Morocco,Ouezzane,,,,34.8048554,-5.56494,,,,,[],[],,,,,,,,,,,,,2026-07-14T18:40:33.426436,"{'amenity': 'restaurant', 'name:en': 'Hotel restau Rid wazane', 'name:fr': 'Hotel restau Rid wazane'}"
OpenStreetMap,node,10135502917,osm_node_10135502917,Café Carrion,,,Morocco,Ouezzane,,,,34.7967721,-5.5797502,,,,,[],[],,,,,,,,,,,,,2026-07-14T18:40:33.426491,"{'amenity': 'cafe', 'name': 'Café Carrion'}"
OpenStreetMap,node,11299967811,osm_node_11299967811,Café les Voyageurs,,,Morocco,Ouezzane,,,,34.7978489,-5.5795999,,,,,[],[],,,,,,,,,,,,,2026-07-14T18:40:33.426527,"{'amenity': 'restaurant', 'name': 'Café les Voyageurs'}"
OpenStreetMap,node,12119169609,osm_node_12119169609,,,,Morocco,Ouezzane,,,,34.7982068,-5.5689552,,,,,"['local', 'moroccan']",[],,,,,,,,,,,,,2026-07-14T18:40:33.426566,"{'amenity': 'fast_food', 'cuisine': 'local;moroccan', 'name:en': 'Snack Ouezzane'}"
OpenStreetMap,node,13780535119,osm_node_13780535119,Restaurant chez Khalid,,,Morocco,Ouezzane,,,,34.7958667,-5.5788067,,,,,[],[],,,,,,,,,,,,,2026-07-14T18:40:33.426602,"{'amenity': 'restaurant', 'description': 'Un des rares restaurants. Tajines, Grillades, Salades', 'name': 'Restaurant chez Khalid'}"
OpenStreetMap,node,13780706659,osm_node_13780706659,Restaurant Lmadani,,,Morocco,Ouezzane,,,,34.7988332,-5.5689898,,,,,[],[],,,,,,,,,,,,,2026-07-14T18:40:33.426636,"{'amenity': 'restaurant', 'name': 'Restaurant Lmadani'}"
OpenStreetMap,node,13780709664,osm_node_13780709664,Café Restaurant L'Arbre,,,Morocco,Ouezzane,,,,34.7984583,-5.568975,,,,,[],[],,,,,,,,,,,,,2026-07-14T18:40:33.426672,"{'amenity': 'restaurant', 'name': ""Café Restaurant L'Arbre""}"
OpenStreetMap,way,248805183,osm_way_248805183,مقهى الشجرة,,,Morocco,Ouezzane,,,,34.7983313,-5.5689336,,,,,[],[],,,,,,,,,,,,,2026-07-14T18:40:33.426727,"{'amenity': 'cafe', 'building': 'yes', 'name': 'مقهى الشجرة', 'name:ar': 'مقهى الشجرة', 'payment:credit_cards': 'no', 'payment:debit_cards': 'no'}"
OpenStreetMap,way,265111478,osm_way_265111478,Zaitouna مقهى الزيتونة,,,Morocco,Ouezzane,,,,34.7974801,-5.5722068,,,,,[],[],,,,,,,,,,,,,2026-07-14T18:40:33.426775,"{'amenity': 'cafe', 'building': 'yes', 'name': 'Zaitouna مقهى الزيتونة', 'name:ar': 'مقهى الزيتونة', 'name:fr': 'Zaitouna'}"
OpenStreetMap,way,290627766,osm_way_290627766,Étoile de Ouazzane نجمة وزان,,,Morocco,Ouezzane,,,,34.7960017,-5.5660099,,,,,[],[],,,,,,,,,,,,,2026-07-14T18:40:33.426816,"{'amenity': 'cafe', 'building': 'yes', 'name': 'Étoile de Ouazzane نجمة وزان', 'name:ar': 'نجمة وزان', 'name:fr': 'Étoile de Ouazzane', 'payment:credit_cards': 'no', 'payment:debit_cards': 'no'}"
OpenStreetMap,way,290627767,osm_way_290627767,Balima,,,Morocco,Ouezzane,,,,34.7959575,-5.5658397,,,,,[],[],,,,,,,,,,,,,2026-07-14T18:40:33.426858,"{'amenity': 'cafe', 'building': 'yes', 'name': 'Balima', 'payment:credit_cards': 'no', 'payment:debit_cards': 'no'}"
OpenStreetMap,way,290627768,osm_way_290627768,,,,Morocco,Ouezzane,,,,34.7958145,-5.5679221,,,,,[],[],,,,,,,,,,,,,2026-07-14T18:40:33.426887,"{'amenity': 'cafe', 'building': 'yes'}"
OpenStreetMap,node,4264711891,osm_node_4264711891,Café Seqaya مقهى السقاية,,,Morocco,Sefrou,,,,33.8219365,-4.8357512,,,,,[],[],,,,,,,,,,,,,2026-07-14T18:40:53.618080,"{'amenity': 'cafe', 'name': 'Café Seqaya مقهى السقاية', 'name:ar': 'مقهى السقاية', 'name:fr': 'Café Seqaya'}"
OpenStreetMap,node,4554594791,osm_node_4554594791,Café isly مقهى إسلي,,,Morocco,Sefrou,,,,33.8301796,-4.8315996,,,,,[],[],,,,,,,,,,,,,2026-07-14T18:40:53.618183,"{'amenity': 'cafe', 'name': 'Café isly مقهى إسلي', 'name:ar': 'مقهى إسلي', 'name:fr': 'Café isly'}"
OpenStreetMap,node,4554594792,osm_node_4554594792,Café ithri مقهى إثري,,,Morocco,Sefrou,,,,33.8301224,-4.8315492,,,,,[],[],,,,,,,,,,,,,2026-07-14T18:40:53.618251,"{'amenity': 'cafe', 'name': 'Café ithri مقهى إثري', 'name:ar': 'مقهى إثري', 'name:fr': 'Café ithri'}"
OpenStreetMap,node,6014929585,osm_node_6014929585,Dar ryad Sefrou,,,Morocco,Sefrou,,,,33.8280903,-4.8421203,,,,,"['burger', 'arab', 'coffee_shop']",[],,,,,,,,wlan,,,,,2026-07-14T18:40:53.618313,"{'amenity': 'restaurant', 'cuisine': 'burger;arab;coffee_shop', 'internet_access': 'wlan', 'name': 'Dar ryad Sefrou', 'name:fr': 'Dar ryad Sefrou'}"
OpenStreetMap,node,6697932185,osm_node_6697932185,Barcelo,,,Morocco,Sefrou,,,,33.8285347,-4.8298215,,,,,['café'],[],,,,,,,,,outside,,,,2026-07-14T18:40:53.618356,"{'amenity': 'cafe', 'cuisine': 'café', 'name': 'Barcelo', 'smoking': 'outside'}"
OpenStreetMap,node,11813535831,osm_node_11813535831,La Swet,,,Morocco,Sefrou,,,,33.8286117,-4.8301369,,,,,[],[],,,,,,,,,,,,,2026-07-14T18:40:53.618394,"{'amenity': 'cafe', 'name': 'La Swet'}"
OpenStreetMap,way,538835331,osm_way_538835331,,,,Morocco,Sefrou,,,,33.8293839,-4.8353632,,,,,[],[],,,,,,,,,,,,,2026-07-14T18:40:53.618429,"{'amenity': 'cafe', 'building': 'yes'}"
OpenStreetMap,way,538835334,osm_way_538835334,,,,Morocco,Sefrou,,,,33.8275924,-4.8382359,,,,,[],[],,,,,,,,,,,,,2026-07-14T18:40:53.618461,"{'amenity': 'cafe', 'building': 'yes'}"
OpenStreetMap,way,538839201,osm_way_538839201,,,,Morocco,Sefrou,,,,33.8275579,-4.836079,,,,,[],[],,,,,,,,,,,,,2026-07-14T18:40:53.618491,"{'amenity': 'cafe', 'building': 'yes'}"
OpenStreetMap,node,1698212163,osm_node_1698212163,,,,Morocco,Taza,,,,34.2230964,-4.0074694,,,,,[],[],,,,,,,,,,,,,2026-07-14T18:41:10.470206,{'amenity': 'cafe'}
OpenStreetMap,node,1698212165,osm_node_1698212165,Café Dghoughi,,,Morocco,Taza,,,,34.2258577,-4.007845,,,,Mo-Su 07:00-22:00,[],[],,,,,,,,,,,,,2026-07-14T18:41:10.470319,"{'addr:city': 'Taza تازة', 'addr:city:ar': 'تازة', 'addr:city:es': 'Taza', 'amenity': 'cafe', 'name': 'Café Dghoughi', 'opening_hours': 'Mo-Su 07:00-22:00'}"
OpenStreetMap,node,1698212167,osm_node_1698212167,,,,Morocco,Taza,,,,34.2233094,-4.0082475,,,,,['sandwich'],[],,,,,,,,,,,,,2026-07-14T18:41:10.470393,"{'amenity': 'fast_food', 'cuisine': 'sandwich'}"
OpenStreetMap,node,1698212168,osm_node_1698212168,Les Deux Rives,,,Morocco,Taza,,,,34.2237502,-4.0084014,,,,,['pizza'],[],,,,,,,,,,,,,2026-07-14T18:41:10.470442,"{'amenity': 'restaurant', 'cuisine': 'pizza', 'name': 'Les Deux Rives'}"
OpenStreetMap,node,1698212182,osm_node_1698212182,,,,Morocco,Taza,,,,34.2231898,-4.0079667,,,,,[],[],,,,,,,,,,,,,2026-07-14T18:41:10.470470,{'amenity': 'cafe'}
OpenStreetMap,node,1698212188,osm_node_1698212188,Snack Chez Amigos,,,Morocco,Taza,,,,34.2234543,-4.0076748,,,,,['sandwich'],[],,,,,,,,,,,,,2026-07-14T18:41:10.470505,"{'amenity': 'fast_food', 'cuisine': 'sandwich', 'name': 'Snack Chez Amigos'}"
OpenStreetMap,node,1698212202,osm_node_1698212202,,,,Morocco,Taza,,,,34.2232568,-4.0077268,,,,,[],[],,,,,,,,,,,,,2026-07-14T18:41:10.470531,{'amenity': 'cafe'}
OpenStreetMap,node,1698212212,osm_node_1698212212,Patisserie Al-Ahram,,,Morocco,Taza,,,,34.22129,-4.0068587,,,,,['ice_cream'],[],,,,,,,,wlan,no,,,,2026-07-14T18:41:10.470607,"{'amenity': 'cafe', 'cuisine': 'ice_cream', 'internet_access': 'wlan', 'internet_access:fee': 'no', 'name': 'Patisserie Al-Ahram', 'smoking': 'no'}"
OpenStreetMap,node,1698212213,osm_node_1698212213,,,,Morocco,Taza,,,,34.2235243,-4.00843,,,,,[],[],,,,,,,,,,,,,2026-07-14T18:41:10.470652,{'amenity': 'cafe'}
OpenStreetMap,node,1698212223,osm_node_1698212223,,,,Morocco,Taza,,,,34.2229258,-4.0081454,,,,,[],[],,,,,,,,,,,,,2026-07-14T18:41:10.470678,{'amenity': 'cafe'}
OpenStreetMap,node,1698212226,osm_node_1698212226,,,,Morocco,Taza,,,,34.2221514,-4.0080022,,,,,[],[],,,,,,,,,,,,,2026-07-14T18:41:10.470703,{'amenity': 'cafe'}
OpenStreetMap,node,1698212231,osm_node_1698212231,La laiterie centrale,,,Morocco,Taza,,,,34.2231066,-4.0077896,,,,,[],[],,,,,,,,,,,,,2026-07-14T18:41:10.470735,"{'amenity': 'fast_food', 'name': 'La laiterie centrale'}"
OpenStreetMap,node,1698212234,osm_node_1698212234,,,,Morocco,Taza,,,,34.2226254,-4.0089524,,,,,[],[],,,,,,,,,,,,,2026-07-14T18:41:10.470759,{'amenity': 'cafe'}
OpenStreetMap,node,1698212237,osm_node_1698212237,Cyber,,,Morocco,Taza,,,,34.2236716,-4.0084538,,,,,[],[],,,,,,,,terminal,,,,,2026-07-14T18:41:10.470791,"{'amenity': 'cafe', 'internet_access': 'terminal', 'internet_access:fee': 'yes', 'name': 'Cyber'}"
OpenStreetMap,node,1698212240,osm_node_1698212240,,,,Morocco,Taza,,,,34.223308,-4.0079163,,,,,[],[],,,,,,,,,,,,,2026-07-14T18:41:10.470815,{'amenity': 'cafe'}
OpenStreetMap,node,1698212264,osm_node_1698212264,,,,Morocco,Taza,,,,34.2234928,-4.0085599,,,,,[],[],,,,,,,,,,,,,2026-07-14T18:41:10.470839,{'amenity': 'cafe'}
OpenStreetMap,node,4582592212,osm_node_4582592212,Café Marjna مقهى مرجانة,,,Morocco,Taza,,,,34.2280131,-3.9933221,,,,,[],[],,,,,,,,,,,,,2026-07-14T18:41:10.470877,"{'amenity': 'cafe', 'name': 'Café Marjna مقهى مرجانة', 'name:ar': 'مقهى مرجانة', 'name:en': 'Café Marjna', 'name:fr': 'Café Marjna'}"
OpenStreetMap,node,5003590619,osm_node_5003590619,Restaurant Paradise Moumou,,,Morocco,Taza,,,,34.2143999,-4.0091792,+212535671111,,,,[],[],,,,,,,,,,,,,2026-07-14T18:41:10.470916,"{'amenity': 'restaurant', 'name': 'Restaurant Paradise Moumou', 'phone': '+212 535 671 111'}"
OpenStreetMap,node,5003611304,osm_node_5003611304,Restaurant Ramsis مطعم رمسيس,,,Morocco,Taza,,Avenue Sidi Mohamed شارع سيدي محمد,,34.2231098,-4.0114181,+212535281112,,,,[],[],,,,,,,,,,,,,2026-07-14T18:41:10.470982,"{'addr:city': 'Taza تازة', 'addr:city:ar': 'تازة', 'addr:city:es': 'Taza', 'addr:street': 'Avenue Sidi Mohamed شارع سيدي محمد', 'addr:street:ar': 'شارع سيدي محمد', 'addr:street:es': 'Avenida Sidi Mohamed', 'amenity': 'restaurant', 'name': 'Restaurant Ramsis مطعم رمسيس', 'name:ar': 'مطعم رمسيس', 'name:es': 'Restaurante Ramsés', 'name:fr': 'Restaurant Ramsis', 'phone': '+212 535 281 112'}"
OpenStreetMap,node,5038944321,osm_node_5038944321,Stitto استتو,,,Morocco,Taza,,,,34.2213605,-4.0040812,,,,,[],[],,,,,,,,,,,,,2026-07-14T18:41:10.471013,"{'addr:city': 'Taza تازة', 'addr:city:ar': 'تازة', 'addr:city:es': 'Taza', 'amenity': 'bar', 'name': 'Stitto استتو', 'name:ar': 'استتو', 'name:es': 'Stitto', 'name:fr': 'Stitto'}"
OpenStreetMap,node,5892599485,osm_node_5892599485,LA GARE,,,Morocco,Taza,,,,34.2310806,-4.008029,,,,,[],[],,,,,,,,,,,,,2026-07-14T18:41:10.471050,"{'amenity': 'cafe', 'name': 'LA GARE'}"
OpenStreetMap,node,5895096985,osm_node_5895096985,cafè pyramide,,,Morocco,Taza,,,,34.2309854,-4.010711,,,,,[],[],,,,,,,,,,,,,2026-07-14T18:41:10.471081,"{'amenity': 'cafe', 'name': 'cafè pyramide'}"
OpenStreetMap,node,5898712286,osm_node_5898712286,café al ghazala,,,Morocco,Taza,,,,34.2304848,-4.0087496,,,,,[],[],,,,,,,,,,,,,2026-07-14T18:41:10.471110,"{'amenity': 'cafe', 'name': 'café al ghazala'}"
OpenStreetMap,node,6749240295,osm_node_6749240295,Youssef,,,Morocco,Taza,,,,34.2303445,-4.0090017,,,,,[],[],,,,,,,,,,,,,2026-07-14T18:41:10.471139,"{'amenity': 'restaurant', 'name': 'Youssef'}"
OpenStreetMap,node,6780739086,osm_node_6780739086,Time 2,,,Morocco,Taza,,,,34.2135177,-4.0108246,,,,,[],[],,,,,,,,,,,,,2026-07-14T18:41:10.471168,"{'amenity': 'restaurant', 'name': 'Time 2'}"
OpenStreetMap,node,6832342385,osm_node_6832342385,NAHDA PALACE,,,Morocco,Taza,,,,34.2279819,-4.0235768,,,,,[],[],,,,,,,,,,,,,2026-07-14T18:41:10.471197,"{'amenity': 'cafe', 'name': 'NAHDA PALACE'}"
OpenStreetMap,node,8418953617,osm_node_8418953617,Le gouffre,,,Morocco,Taza,,,,34.2175756,-4.0053818,,,,,[],[],,,,,,,,,,,,,2026-07-14T18:41:10.471227,"{'amenity': 'cafe', 'name': 'Le gouffre'}"
OpenStreetMap,node,8996345517,osm_node_8996345517,مقهى المكتب,,,Morocco,Taza,,,,34.230287,-4.008805,,,,,[],[],,,,,,,,wlan,,,,,2026-07-14T18:41:10.471261,"{'amenity': 'cafe', 'internet_access': 'wlan', 'name': 'مقهى المكتب', 'name:fr': 'Café Le Bureau'}"
OpenStreetMap,node,8996345518,osm_node_8996345518,مقهى الصخرة,,,Morocco,Taza,,,,34.2307921,-4.00793,,,,,[],[],,,,,,,,wlan,,,,,2026-07-14T18:41:10.471294,"{'amenity': 'cafe', 'internet_access': 'wlan', 'name': 'مقهى الصخرة', 'name:fr': 'Café La Roche'}"
OpenStreetMap,node,9045741717,osm_node_9045741717,Parc bella,,,Morocco,Taza,,,,34.2317469,-4.0335879,,,,,[],[],,,,,,,,,,,,,2026-07-14T18:41:10.471322,"{'amenity': 'cafe', 'name': 'Parc bella'}"
OpenStreetMap,node,10059508118,osm_node_10059508118,,,,Morocco,Taza,,,,34.2314612,-4.0088288,,,,,[],[],,,,,,,,,,,,,2026-07-14T18:41:10.471348,"{'amenity': 'restaurant', 'name:en': 'Nour'}"
OpenStreetMap,node,10929112616,osm_node_10929112616,Le palais des goûts,,,Morocco,Taza,,,,34.2244861,-4.0069623,,,,,[],[],,,,,,,,,,,,,2026-07-14T18:41:10.471387,"{'amenity': 'restaurant', 'description': 'Moroccan restaurant', 'name': 'Le palais des goûts'}"
OpenStreetMap,node,11286206169,osm_node_11286206169,,,,Morocco,Taza,,,,34.213655,-4.0185821,,,,,[],[],,,,,,,,,,,,,2026-07-14T18:41:10.471412,"{'amenity': 'restaurant', 'name:fr': 'La vue'}"
OpenStreetMap,node,13738476002,osm_node_13738476002,مقهى ومطعم القدس,,,Morocco,Taounate,,,,34.5355187,-4.6370433,,,,,[],[],,,,,,,,,,,,,2026-07-14T18:41:45.357101,"{'amenity': 'cafe', 'name': 'مقهى ومطعم القدس'}"
OpenStreetMap,node,13739115301,osm_node_13739115301,"Nassim rif: Café , restaurant",,,Morocco,Taounate,,,,34.5369348,-4.6367428,,,,,[],[],,,,,,,,,,,,,2026-07-14T18:41:45.357143,"{'amenity': 'cafe', 'name': 'Nassim rif: Café , restaurant'}"
OpenStreetMap,node,13739115401,osm_node_13739115401,Café Istanbul,,,Morocco,Taounate,,,,34.5369425,-4.6370968,,,,,[],[],,,,,,,,,,,,,2026-07-14T18:41:45.357163,"{'amenity': 'cafe', 'name': 'Café Istanbul'}"
OpenStreetMap,node,13745123101,osm_node_13745123101,مقهى 24/24,,,Morocco,Taounate,,,,34.5373944,-4.6370958,,,,,[],[],,,,,,,,,,,,,2026-07-14T18:41:45.357181,"{'amenity': 'cafe', 'name': 'مقهى 24/24', 'name:fr': 'Café 24/24'}"
OpenStreetMap,node,13751899801,osm_node_13751899801,مزرعة مجد,,,Morocco,Taounate,,,,34.5695409,-4.6437339,,,,Mo-Su 07:00-01:00,[],[],,,,,,,,,,,,,2026-07-14T18:41:45.357202,"{'amenity': 'cafe', 'name': 'مزرعة مجد', 'opening_hours': 'Mo-Su 07:00-01:00'}"
OpenStreetMap,node,13755123503,osm_node_13755123503,مقهى النخيل بردان Café Annakhil,,,Morocco,Taounate,,,,34.5411683,-4.6375287,,,,,[],[],,,,,,,,,,,,,2026-07-14T18:41:45.357220,"{'amenity': 'cafe', 'name': 'مقهى النخيل بردان Café Annakhil'}"
OpenStreetMap,node,13755155701,osm_node_13755155701,Cham : Café & Restaurant,,,Morocco,Taounate,,,,34.5410203,-4.6373647,,,,,[],[],,,,,,,,,,,,,2026-07-14T18:41:45.357238,"{'amenity': 'cafe', 'name': 'Cham : Café & Restaurant'}"
OpenStreetMap,node,13755155702,osm_node_13755155702,LAS VEGAS CLUB,,,Morocco,Taounate,,,,34.5409065,-4.6372568,,,,,[],[],,,,,,,,,,,,,2026-07-14T18:41:45.357256,"{'amenity': 'cafe', 'name': 'LAS VEGAS CLUB'}"
OpenStreetMap,node,13755155703,osm_node_13755155703,Royal,,,Morocco,Taounate,,,,34.5407353,-4.63712,,,,,[],[],,,,,,,,,,,,,2026-07-14T18:41:45.357272,"{'amenity': 'cafe', 'name': 'Royal'}"
OpenStreetMap,node,13755155704,osm_node_13755155704,SAMAK ZMIMET,,,Morocco,Taounate,,,,34.540458,-4.6370616,,,,,[],[],,,,,,,,,,,,,2026-07-14T18:41:45.357283,"{'amenity': 'restaurant', 'name': 'SAMAK ZMIMET'}"
OpenStreetMap,node,13756160901,osm_node_13756160901,Cafe INARA,,,Morocco,Taounate,,,,34.5362777,-4.6370412,,,,,[],[],,,,,,,,,,,,,2026-07-14T18:41:45.357294,"{'amenity': 'cafe', 'name': 'Cafe INARA'}"
OpenStreetMap,node,13756160902,osm_node_13756160902,مقهى المغرب العربي,,,Morocco,Taounate,,,,34.5363595,-4.637062,,,,,[],[],,,,,,,,,,,,,2026-07-14T18:41:45.357306,"{'amenity': 'cafe', 'name': 'مقهى المغرب العربي'}"
OpenStreetMap,node,13757400001,osm_node_13757400001,مجزرة /أ/47,,,Morocco,Taounate,,,,34.5367407,-4.6383109,,,,,[],[],,,,,,,,,,,,,2026-07-14T18:41:45.357324,"{'amenity': 'restaurant', 'name': 'مجزرة /أ/47'}"
OpenStreetMap,node,13757400101,osm_node_13757400101,El Morabitine : Café & Restaurant,,,Morocco,Taounate,,,,34.5356869,-4.6373376,,,,,[],[],,,,,,,,,,,,,2026-07-14T18:41:45.357339,"{'amenity': 'cafe', 'name': 'El Morabitine : Café & Restaurant'}"
OpenStreetMap,node,13759892502,osm_node_13759892502,Crémerie Amine,,,Morocco,Taounate,,,,34.5250971,-4.6368504,,,,,[],[],,,,,,,,,,,,,2026-07-14T18:41:45.357350,"{'amenity': 'cafe', 'name': 'Crémerie Amine'}"
OpenStreetMap,node,13759892601,osm_node_13759892601,مقهى ومطعم ميامار,,,Morocco,Taounate,,,,34.524838,-4.6368299,,,,,[],[],,,,,,,,,,,,,2026-07-14T18:41:45.357362,"{'amenity': 'cafe', 'name': 'مقهى ومطعم ميامار'}"
OpenStreetMap,node,13759892701,osm_node_13759892701,Herizona : Café & Restaurant,,,Morocco,Taounate,,,,34.5353826,-4.6385865,,,,,[],[],,,,,,,,,,,,,2026-07-14T18:41:45.357374,"{'amenity': 'cafe', 'name': 'Herizona : Café & Restaurant'}"
OpenStreetMap,node,13759892801,osm_node_13759892801,Restaurant L’Escale,,,Morocco,Taounate,,,,34.5041725,-4.6565033,,,,,[],[],,,,,,,,,,,,,2026-07-14T18:41:45.357386,"{'amenity': 'restaurant', 'name': 'Restaurant L’Escale'}"
OpenStreetMap,node,13764812302,osm_node_13764812302,Café L'artistico,,,Morocco,Taounate,,,,34.53564,-4.638194,,,,,[],[],,,,,,,,,,,,,2026-07-14T18:41:45.357397,"{'amenity': 'cafe', 'name': ""Café L'artistico""}"
OpenStreetMap,node,13765654202,osm_node_13765654202,Cafe restaurant HATHAT مقهى و مطعم هطهاط,,,Morocco,Taounate,,,,34.548317,-4.641968,,,,Th-Tu 08:00-23:00; We 09:00-23:00,[],[],,,,,,,,,,,,,2026-07-14T18:41:45.357412,"{'amenity': 'restaurant', 'name': 'Cafe restaurant HATHAT مقهى و مطعم هطهاط', 'opening_hours': 'Th-Tu 08:00-23:00; We 09:00-23:00'}"
OpenStreetMap,node,13798183402,osm_node_13798183402,مقهى ومطعم العربي,,,Morocco,Taounate,,,,34.536126,-4.637325,,,,,[],[],,,,,,,,,,,,,2026-07-14T18:41:45.357424,"{'amenity': 'restaurant', 'name': 'مقهى ومطعم العربي'}"
OpenStreetMap,node,13798183403,osm_node_13798183403,Snack milano,,,Morocco,Taounate,,,,34.5362343,-4.6373785,,,,,[],[],,,,,,,,,,,,,2026-07-14T18:41:45.357436,"{'amenity': 'restaurant', 'name': 'Snack milano', 'name:ar': 'سناك ميلانو'}"
OpenStreetMap,node,13798186501,osm_node_13798186501,Snack Afdal,,,Morocco,Taounate,,,,34.536895,-4.637774,,,,,[],[],,,,,,,,,,,,,2026-07-14T18:41:45.357450,"{'amenity': 'restaurant', 'name': 'Snack Afdal'}"
OpenStreetMap,node,13798186601,osm_node_13798186601,Snack Slassi,,,Morocco,Taounate,,,,34.536643,-4.637512,,,,,[],[],,,,,,,,,,,,,2026-07-14T18:41:45.357462,"{'amenity': 'restaurant', 'name': 'Snack Slassi'}"
OpenStreetMap,node,13798222204,osm_node_13798222204,Café BALCON,,,Morocco,Taounate,,,,34.5357207,-4.6373913,,,,,[],[],,,,,,,,,,,,,2026-07-14T18:41:45.357473,"{'amenity': 'cafe', 'name': 'Café BALCON'}"
OpenStreetMap,node,13821826702,osm_node_13821826702,Cafe Shop - TM -,,,Morocco,Taounate,,,,34.547966,-4.640817,,,,,[],[],,,,,,,,,,,,,2026-07-14T18:41:45.357485,"{'amenity': 'cafe', 'name': 'Cafe Shop - TM -'}"
OpenStreetMap,node,13821826801,osm_node_13821826801,مخبزة و حلويات الدشيار,,,Morocco,Taounate,,,,34.547975,-4.643796,,,,,[],[],,,,,,,,,,,,,2026-07-14T18:41:45.357496,"{'amenity': 'restaurant', 'name': 'مخبزة و حلويات الدشيار'}"
OpenStreetMap,node,13821826802,osm_node_13821826802,مقهى اليمامة,,,Morocco,Taounate,,,,34.5357987,-4.6367548,,,,,[],[],,,,,,,,,,,,,2026-07-14T18:41:45.357507,"{'amenity': 'cafe', 'name': 'مقهى اليمامة'}"
OpenStreetMap,node,13953276101,osm_node_13953276101,Z. PRESTIGE restaurants café,,,Morocco,Taounate,,,,34.524555,-4.642452,,,,,[],[],,,,,,,,,,,,,2026-07-14T18:41:45.357519,"{'amenity': 'restaurant', 'name': 'Z. PRESTIGE restaurants café'}"
OpenStreetMap,node,3127671216,osm_node_3127671216,,,,Morocco,El Hajeb,,,,33.6882833,-5.3704071,,,,,[],[],,,,,,,,,,,,,2026-07-14T18:41:54.861285,{'amenity': 'cafe'}
OpenStreetMap,node,3127671394,osm_node_3127671394,café restaurant salle des fêtes ain khadem,,,Morocco,El Hajeb,,,,33.6882788,-5.3707128,,,,,[],[],,,,,,,,,,,,,2026-07-14T18:41:54.861327,"{'amenity': 'restaurant', 'name': 'café restaurant salle des fêtes ain khadem'}"
OpenStreetMap,node,4263899390,osm_node_4263899390,café le chalet,,,Morocco,El Hajeb,,,,33.6862324,-5.3701298,,,,,[],['Outdoor Seating'],,,,,,,,,,,,,2026-07-14T18:41:54.861358,"{'amenity': 'cafe', 'name': 'café le chalet', 'outdoor_seating': 'yes'}"
OpenStreetMap,node,4263899391,osm_node_4263899391,café sésame,,,Morocco,El Hajeb,,,,33.6932384,-5.3725857,,,,,[],[],,,,,,,,,,,,,2026-07-14T18:41:54.861376,"{'amenity': 'cafe', 'name': 'café sésame'}"
OpenStreetMap,node,5912524485,osm_node_5912524485,Torche,,,Morocco,El Hajeb,,,,33.6856016,-5.3744924,,,,,[],[],,,,,,,,wlan,,,,,2026-07-14T18:41:54.861398,"{'amenity': 'cafe', 'internet_access': 'wlan', 'name': 'Torche', 'name:fr': 'Torche'}"
OpenStreetMap,node,6605137771,osm_node_6605137771,Fastfood,,,Morocco,El Hajeb,,,,33.6854938,-5.3708067,,,,,"['kebab', 'pizza', 'fish', 'chicken', 'sandwich']",['Takeaway'],,,,,,,,,,,,,2026-07-14T18:41:54.861431,"{'amenity': 'fast_food', 'cuisine': 'kebab;pizza;fish;chicken;sandwich', 'level': '1', 'name': 'Fastfood', 'takeaway': 'yes', 'wheelchair': 'no'}"
OpenStreetMap,node,6605137772,osm_node_6605137772,La Fontaine,,,Morocco,El Hajeb,,,,33.6854464,-5.3712994,,,,,['ice_cream'],['Outdoor Seating'],,,,,,,,,,,,,2026-07-14T18:41:54.861460,"{'amenity': 'cafe', 'cuisine': 'ice_cream', 'level': '1', 'name': 'La Fontaine', 'outdoor_seating': 'yes', 'shop': 'bakery'}"
OpenStreetMap,node,6605137773,osm_node_6605137773,Café,,,Morocco,El Hajeb,,,,33.6853992,-5.3709017,,,,,[],['Outdoor Seating'],,,,,,,,,,,,,2026-07-14T18:41:54.861491,"{'amenity': 'cafe', 'name': 'Café', 'outdoor_seating': 'yes'}"
OpenStreetMap,node,8998714517,osm_node_8998714517,BRIDGE CAFE,,,Morocco,El Hajeb,,Avenue Mohamed V شارع الحسن الثاني,51000,33.6915617,-5.3702634,,,,,['coffee_shop'],[],,,,,,,,wlan,,,,,2026-07-14T18:41:54.861547,"{'addr:housenumber': '44', 'addr:postcode': '51000', 'addr:street': 'Avenue Mohamed V شارع الحسن الثاني', 'amenity': 'cafe', 'cuisine': 'coffee_shop', 'internet_access': 'wlan', 'name': 'BRIDGE CAFE'}"
OpenStreetMap,node,9193858280,osm_node_9193858280,Café Restaurant Bab Atlas,,,Morocco,El Hajeb,,,,33.6982326,-5.3634814,,,,,[],[],,,,,,,,,,,,,2026-07-14T18:41:54.861574,"{'amenity': 'fast_food', 'name': 'Café Restaurant Bab Atlas'}"
OpenStreetMap,node,10833633613,osm_node_10833633613,Cafe Marhaba,,,Morocco,El Hajeb,,,,33.6803927,-5.3725845,,,,,[],[],,,,,,,,,,,,,2026-07-14T18:41:54.861593,"{'amenity': 'cafe', 'name': 'Cafe Marhaba'}"
OpenStreetMap,way,307483288,osm_way_307483288,café restaurant,,,Morocco,El Hajeb,,,,33.6882744,-5.3706689,,,,,[],[],,,,,,,,,,,,,2026-07-14T18:41:54.861613,"{'amenity': 'restaurant', 'building': 'yes', 'name': 'café restaurant'}"
OpenStreetMap,node,4674315995,osm_node_4674315995,914,,,Morocco,El Kelâa des Sraghna,,,,32.045944,-7.3968672,,,,,[],[],,,,,,,,,,,,,2026-07-14T18:42:06.691044,"{'amenity': 'bar', 'name': '914', 'name:ar': '914'}"
OpenStreetMap,node,8860355417,osm_node_8860355417,مسجد عواطف ٢,,,Morocco,El Kelâa des Sraghna,,auatif 2,43000,32.0631573,-7.3901061,,,,,[],[],,,,,,,,,,,,,2026-07-14T18:42:06.691163,"{'addr:postcode': '43000', 'addr:street': 'auatif 2', 'amenity': 'pub', 'name': 'مسجد عواطف ٢', 'name:en': 'mosque awatif 2'}"
OpenStreetMap,node,9775096321,osm_node_9775096321,,,,Morocco,El Kelâa des Sraghna,,,,32.0567231,-7.3925174,,,,,[],[],,,,,,,,,,,,,2026-07-14T18:42:06.691215,{'amenity': 'cafe'}
OpenStreetMap,way,1191655737,osm_way_1191655737,,,,Morocco,El Kelâa des Sraghna,,,,32.0628118,-7.3812733,,,,,[],[],,,,,,,,,,,,,2026-07-14T18:42:06.691248,"{'amenity': 'cafe', 'building': 'yes'}"
OpenStreetMap,way,1191693336,osm_way_1191693336,"Espace Zikar : Café, Restaurant",,,Morocco,El Kelâa des Sraghna,,,,32.0327972,-7.4040948,,,,,[],[],,,,,,,,,,,,,2026-07-14T18:42:06.691290,"{'amenity': 'restaurant', 'landuse': 'commercial', 'name': 'Espace Zikar : Café, Restaurant'}"
OpenStreetMap,node,3208325124,osm_node_3208325124,Café Zaitouna,,,Morocco,Chichaoua,,,,31.5480242,-8.7586593,,,,,[],[],,,,,,,,,,,,,2026-07-14T18:42:27.350748,"{'amenity': 'cafe', 'name': 'Café Zaitouna'}"
OpenStreetMap,node,4287088689,osm_node_4287088689,Alkasba,,,Morocco,Chichaoua,,,,31.5484706,-8.7581225,,,,,"['burger', 'sandwich', 'soba', 'coffee_shop', 'pizza', 'chicken', 'arab', 'italian_pizza', 'fish', 'hot_dog', 'breakfast', 'sausage', 'tea', 'kebab']",[],,,,,,,,wlan,,,,,2026-07-14T18:42:27.350841,"{'amenity': 'cafe', 'cuisine': 'burger;sandwich;soba;coffee_shop;pizza;chicken;arab;italian_pizza;fish;hot_dog;breakfast;sausage;tea;kebab', 'internet_access': 'wlan', 'name': 'Alkasba'}"
OpenStreetMap,node,4562094290,osm_node_4562094290,,,,Morocco,Chichaoua,,,,31.5266962,-8.7696372,,,,,[],[],,,,,,,,,,,,,2026-07-14T18:42:27.350896,{'amenity': 'cafe'}
OpenStreetMap,node,6870004785,osm_node_6870004785,,,,Morocco,Chichaoua,,,,31.5579377,-8.7236658,,,,,[],[],,,,,,,,,,,,,2026-07-14T18:42:27.350949,"{'amenity': 'cafe', 'name:en': 'Afoulki'}"
OpenStreetMap,node,12854940348,osm_node_12854940348,Milano,,,Morocco,Chichaoua,,,,31.546601,-8.7651208,,,,,[],[],,,,,,,,,,,,,2026-07-14T18:42:27.351006,"{'amenity': 'cafe', 'name': 'Milano'}"
OpenStreetMap,node,4847950122,osm_node_4847950122,Cafe essaada مقهى السعادة,,,Morocco,Inezgane,,,,30.3590799,-9.539802,,,,,[],[],,,,,,,,,,,,,2026-07-14T18:42:48.074124,"{'amenity': 'cafe', 'name': 'Cafe essaada مقهى السعادة', 'name:ar': 'مقهى السعادة', 'name:fr': 'Cafe essaada'}"
OpenStreetMap,node,7770788385,osm_node_7770788385,كافي الكلاسيكو,,,Morocco,Inezgane,,,,30.3557474,-9.5388224,,,,,[],[],,,,,,,,,,,,,2026-07-14T18:42:48.074155,"{'amenity': 'cafe', 'name': 'كافي الكلاسيكو', 'name:ar': 'كافي الكلاسيكو', 'name:en': 'Cafe classico'}"
OpenStreetMap,node,11493386769,osm_node_11493386769,مقهى روتانا,,,Morocco,Inezgane,,,,30.3457319,-9.5546051,,,,,[],[],,,,,,,,,,,,,2026-07-14T18:42:48.074180,"{'amenity': 'cafe', 'name': 'مقهى روتانا', 'name:en': 'Cafe rotana'}"
OpenStreetMap,node,2080944620,osm_node_2080944620,Riad Souss,,,Morocco,Aït Melloul,,,,30.3503644,-9.4963473,,,,,[],[],,,,,,,,,,,,,2026-07-14T18:42:59.213841,"{'amenity': 'restaurant', 'name': 'Riad Souss'}"
OpenStreetMap,node,4103968389,osm_node_4103968389,,,,Morocco,Aït Melloul,,,,30.334905,-9.5031984,,,,,[],[],,,,,,,,,,,,,2026-07-14T18:42:59.213903,{'amenity': 'bar'}
OpenStreetMap,node,4406889204,osm_node_4406889204,Anwal,,,Morocco,Aït Melloul,,avenue hassan 2,,30.3451648,-9.5025978,,,,,[],[],,,,,,,,wlan,,,,,2026-07-14T18:42:59.213964,"{'addr:street': 'avenue hassan 2', 'amenity': 'cafe', 'internet_access': 'wlan', 'name': 'Anwal', 'name:fr': 'Anwal'}"
OpenStreetMap,node,4462678691,osm_node_4462678691,Snack Yassine,,,Morocco,Aït Melloul,,,,30.336753,-9.5062054,,,,,[],[],,,,,,,,,,,,,2026-07-14T18:42:59.213995,"{'amenity': 'fast_food', 'name': 'Snack Yassine', 'name:fr': 'Snack Yassine'}"
OpenStreetMap,node,4493304796,osm_node_4493304796,Cafe Amine,,,Morocco,Aït Melloul,,,,30.3364627,-9.5066175,,,,,[],[],,,,,,,,,,,,,2026-07-14T18:42:59.214023,"{'amenity': 'cafe', 'name': 'Cafe Amine', 'name:fr': 'Cafe Amine'}"
OpenStreetMap,node,4493304797,osm_node_4493304797,Cafe Fleur,,,Morocco,Aït Melloul,,,,30.3348137,-9.5039362,,,,,[],[],,,,,,,,,,,,,2026-07-14T18:42:59.214051,"{'amenity': 'cafe', 'name': 'Cafe Fleur', 'name:fr': 'Cafe Fleur'}"
OpenStreetMap,node,4493309994,osm_node_4493309994,Cafe Dubai,,,Morocco,Aït Melloul,,,,30.3356321,-9.5039905,,,,,[],[],,,,,,,,,,,,,2026-07-14T18:42:59.214078,"{'amenity': 'cafe', 'name': 'Cafe Dubai', 'name:fr': 'Cafe Dubai'}"
OpenStreetMap,node,4493327989,osm_node_4493327989,Arena Blanca,,,Morocco,Aït Melloul,,,,30.3344646,-9.5039412,,,,,[],[],,,,,,,,,,,,,2026-07-14T18:42:59.214106,"{'amenity': 'cafe', 'name': 'Arena Blanca', 'name:fr': 'Arena Blanca'}"
OpenStreetMap,node,4493327990,osm_node_4493327990,France,,,Morocco,Aït Melloul,,,,30.3378606,-9.5045553,,,,,[],[],,,,,,,,,,,,,2026-07-14T18:42:59.214145,"{'amenity': 'cafe', 'name': 'France', 'name:fr': 'France'}"
OpenStreetMap,node,4493328090,osm_node_4493328090,Du nour,,,Morocco,Aït Melloul,,,,30.3379422,-9.5045553,,,,,[],[],,,,,,,,,,,,,2026-07-14T18:42:59.214185,"{'amenity': 'cafe', 'name': 'Du nour', 'name:fr': 'Du nour'}"
OpenStreetMap,node,4493328289,osm_node_4493328289,Cafe Arige,,,Morocco,Aït Melloul,,,,30.33693,-9.5043024,,,,,[],[],,,,,,,,,,,,,2026-07-14T18:42:59.214214,"{'amenity': 'cafe', 'name': 'Cafe Arige', 'name:fr': 'Cafe Arige'}"
OpenStreetMap,node,4493328390,osm_node_4493328390,Cafe Souss,,,Morocco,Aït Melloul,,,,30.3374388,-9.5044656,,,,,[],[],,,,,,,,,,,,,2026-07-14T18:42:59.214241,"{'amenity': 'cafe', 'name': 'Cafe Souss', 'name:fr': 'Cafe Souss'}"
OpenStreetMap,node,4582783589,osm_node_4582783589,Café milano مقهى ميلانو,,said guadiri,Morocco,Aït Melloul,,boulevard mokhtar essousi,86150,30.3304736,-9.5204075,+212662035428,,saidgadiri@yahoo.fr,Mo-Su 09:00-22:00,[],[],,,,,,,,wlan,,,,,2026-07-14T18:42:59.214318,"{'addr:housenumber': '45', 'addr:postcode': '86150', 'addr:street': 'boulevard mokhtar essousi', 'amenity': 'cafe', 'email': 'saidgadiri@yahoo.fr', 'internet_access': 'wlan', 'name': 'Café milano مقهى ميلانو', 'name:ar': 'مقهى ميلانو', 'name:fr': 'Café milano', 'opening_hours': 'Mo-Su 09:00-22:00', 'operator': 'said guadiri', 'phone': '+212 6 62 03 54 28'}"
OpenStreetMap,node,6072077888,osm_node_6072077888,مقهى بيروت,,,Morocco,Aït Melloul,,Boulevard Hassan II,,30.3356193,-9.5042072,+212601859499,,,Mo-Su 06:30-23:30,['coffee_shop'],[],,,,,,,,wlan,,,,,2026-07-14T18:42:59.214382,"{'addr:street': 'Boulevard Hassan II', 'amenity': 'cafe', 'cuisine': 'coffee_shop', 'internet_access': 'wlan', 'name': 'مقهى بيروت', 'name:ar': 'مقهى بيروت', 'name:fr': 'café bayrouth', 'opening_hours': 'Mo-Su 06:30-23:30', 'phone': '+212 6 01 85 94 99'}"
OpenStreetMap,node,6073486486,osm_node_6073486486,مقهى بيروت,,,Morocco,Aït Melloul,,Boulevard Hassan II,,30.3358692,-9.5042426,+212601859499,,,Mo-Su 07:00-23:30,['coffee_shop'],[],,,,,,,,wlan,,,,,2026-07-14T18:42:59.214431,"{'addr:street': 'Boulevard Hassan II', 'amenity': 'cafe', 'cuisine': 'coffee_shop', 'internet_access': 'wlan', 'name': 'مقهى بيروت', 'name:ar': 'مقهى بيروت', 'name:fr': 'café bayrouth', 'opening_hours': 'Mo-Su 07:00-23:30', 'phone': '+212 6 01 85 94 99'}"
OpenStreetMap,node,6967296885,osm_node_6967296885,امين,,,Morocco,Aït Melloul,,,,30.3603732,-9.4581053,,,,,[],[],,,,,,,,,,,,,2026-07-14T18:42:59.214461,"{'amenity': 'cafe', 'name': 'امين', 'name:ar': 'امين', 'name:en': 'Amine'}"
OpenStreetMap,node,8245395717,osm_node_8245395717,مخبزة وحلويات روزانو,,,Morocco,Aït Melloul,,AV MED V BLOC 3 AZROU,,30.3630063,-9.4527795,,,,,[],[],,,,,,,,wlan,,,,,2026-07-14T18:42:59.214519,"{'addr:street': 'AV MED V BLOC 3 AZROU', 'amenity': 'cafe', 'internet_access': 'wlan', 'name': 'مخبزة وحلويات روزانو', 'name:en': 'Rozzano'}"
OpenStreetMap,node,11952304469,osm_node_11952304469,Café Restaurant Mç Tabia,,,Morocco,Aït Melloul,,,,30.3381048,-9.5027611,,,,,['moroccan'],[],,,,,,,,,,,,,2026-07-14T18:42:59.214554,"{'amenity': 'restaurant', 'cuisine': 'moroccan', 'name': 'Café Restaurant Mç Tabia'}"
OpenStreetMap,node,13787308202,osm_node_13787308202,Targante,,,Morocco,Aït Melloul,,,,30.352685,-9.489404,,,,,[],[],,,,,,,,,,,,,2026-07-14T18:42:59.214582,"{'amenity': 'cafe', 'name': 'Targante'}"
OpenStreetMap,node,13787308203,osm_node_13787308203,Coopérative Tibourk de Valorisation de Couscous,,,Morocco,Aït Melloul,,,,30.355302,-9.490965,,,,,[],[],,,,,,,,,,,,,2026-07-14T18:42:59.214615,"{'amenity': 'restaurant', 'name': 'Coopérative Tibourk de Valorisation de Couscous'}"
OpenStreetMap,way,1159124898,osm_way_1159124898,,,,Morocco,Aït Melloul,,,,30.3164866,-9.5024804,,,,,[],[],,,,,,,,,,,,,2026-07-14T18:42:59.214641,"{'amenity': 'restaurant', 'building': 'yes'}"
OpenStreetMap,relation,18209140,osm_relation_18209140,,,,Morocco,Aït Melloul,,,,30.3546415,-9.471043,,,,,[],[],,,,,,,,,,,,,2026-07-14T18:42:59.214672,"{'amenity': 'cafe', 'building': 'yes', 'outdoor_seating': 'no', 'type': 'multipolygon'}"
OpenStreetMap,node,913515201,osm_node_913515201,Café Restaurant Oasis,,,Morocco,Taroudant,,,,30.4691365,-8.8833289,,,,,[],[],,,,,,,,,,,,,2026-07-14T18:43:07.110453,"{'amenity': 'restaurant', 'name': 'Café Restaurant Oasis'}"
OpenStreetMap,node,1834029315,osm_node_1834029315,Hotel Les Arcades,,,Morocco,Taroudant,,,,30.4696667,-8.8827123,,,,,[],[],,,,,,,,,,,,,2026-07-14T18:43:07.110511,"{'amenity': 'cafe', 'name': 'Hotel Les Arcades', 'tourism': 'hotel'}"
OpenStreetMap,node,4485500490,osm_node_4485500490,,,,Morocco,Taroudant,,Ave de Prince Héritier,83000,30.4688263,-8.8775461,+212528853712,,,,['moroccan'],[],,,,,,,,,,,,,2026-07-14T18:43:07.110594,"{'addr:postcode': '83000', 'addr:street': 'Ave de Prince Héritier', 'amenity': 'restaurant', 'cuisine': 'moroccan', 'name:en': 'cafe restaurant/snack Al Masjid', 'phone': '+212 5 28 85 37 12'}"
OpenStreetMap,node,4485530689,osm_node_4485530689,,,,Morocco,Taroudant,,Av. Prince Heritier Sidi Mohamed,83000,30.4685775,-8.8764597,+212528850616,,,,"['balkan', 'moroccan']",[],,,,,,,,wlan,,,,,2026-07-14T18:43:07.110677,"{'addr:postcode': '83000', 'addr:street': 'Av. Prince Heritier Sidi Mohamed', 'amenity': 'cafe', 'cuisine': 'balkan;moroccan', 'internet_access': 'wlan', 'name:en': 'Café Les Cafés', 'phone': '+212 5 28 85 06 16'}"
OpenStreetMap,node,4583630059,osm_node_4583630059,,,,Morocco,Taroudant,,,,30.4725669,-8.8751794,,,,,[],[],,,,,,,,,,,,,2026-07-14T18:43:07.110724,{'amenity': 'restaurant'}
OpenStreetMap,node,4773696682,osm_node_4773696682,Pâtisserie Oumnia,,,Morocco,Taroudant,,,,30.4706957,-8.8797108,,,,,[],[],,,,,,,,,,,,,2026-07-14T18:43:07.110804,"{'amenity': 'restaurant', 'fixme': 'correct position?', 'name': 'Pâtisserie Oumnia'}"
OpenStreetMap,node,4773696683,osm_node_4773696683,,,,Morocco,Taroudant,,,,30.4712672,-8.879517,,,,,[],[],,,,,,,,,,,,,2026-07-14T18:43:07.110850,"{'amenity': 'food_court', 'fixme': 'correct position?'}"
OpenStreetMap,node,4774538819,osm_node_4774538819,Café Sindibad,,,Morocco,Taroudant,,,,30.4690754,-8.8826113,,,,,[],[],,,,,,,,,,,,,2026-07-14T18:43:07.110901,"{'amenity': 'cafe', 'fixme': 'correct position?', 'name': 'Café Sindibad'}"
OpenStreetMap,node,4774542525,osm_node_4774542525,Café d'éponge,,,Morocco,Taroudant,,,,30.4652781,-8.8783814,,,,,[],[],,,,,,,,,,,,,2026-07-14T18:43:07.110961,"{'amenity': 'cafe', 'fixme': 'correct position?', 'name': ""Café d'éponge""}"
OpenStreetMap,node,4786064027,osm_node_4786064027,Café Arena,,,Morocco,Taroudant,,,,30.469523,-8.887607,,,,,[],[],,,,,,,,,,,,,2026-07-14T18:43:07.111015,"{'amenity': 'cafe', 'name': 'Café Arena'}"
OpenStreetMap,node,4786064028,osm_node_4786064028,Café Oulabas,,,Morocco,Taroudant,,,,30.4697112,-8.8880347,,,,,[],['Outdoor Seating'],,,,,,,,,,,,,2026-07-14T18:43:07.111075,"{'amenity': 'cafe', 'name': 'Café Oulabas', 'outdoor_seating': 'yes'}"
OpenStreetMap,node,4786073698,osm_node_4786073698,Café de la gare,,,Morocco,Taroudant,,,,30.4651189,-8.8771189,,,,,[],['Outdoor Seating'],,,,,,,,,,,,,2026-07-14T18:43:07.111134,"{'amenity': 'cafe', 'name': 'Café de la gare', 'outdoor_seating': 'yes'}"
OpenStreetMap,node,4786077392,osm_node_4786077392,Café Restaurant Jnan Soussia,,,Morocco,Taroudant,,,,30.4641595,-8.88225,,,,,[],['Outdoor Seating'],,,,,,,,,,,,,2026-07-14T18:43:07.111200,"{'amenity': 'restaurant', 'name': 'Café Restaurant Jnan Soussia', 'outdoor_seating': 'yes'}"
OpenStreetMap,node,4786081919,osm_node_4786081919,Café Achkid,,,Morocco,Taroudant,,,,30.474136,-8.8667428,,,,,[],[],,,,,,,,,,,,,2026-07-14T18:43:07.111258,"{'amenity': 'cafe', 'name': 'Café Achkid'}"
OpenStreetMap,node,4788946555,osm_node_4788946555,Restaurant Anas,,,Morocco,Taroudant,,,,30.4714334,-8.8694667,,,,,[],['Outdoor Seating'],,,,,,,,,,,,,2026-07-14T18:43:07.111326,"{'amenity': 'restaurant', 'name': 'Restaurant Anas', 'outdoor_seating': 'yes'}"
OpenStreetMap,node,4788946582,osm_node_4788946582,Café France,,,Morocco,Taroudant,,,,30.4714319,-8.8698641,,,,,[],['Outdoor Seating'],,,,,,,,,,,,,2026-07-14T18:43:07.111387,"{'amenity': 'cafe', 'name': 'Café France', 'outdoor_seating': 'yes'}"
OpenStreetMap,node,4789013734,osm_node_4789013734,Café Celo,,,Morocco,Taroudant,,,,30.4781823,-8.8658122,,,,,[],['Outdoor Seating'],,,,,,,,,,,,,2026-07-14T18:43:07.111446,"{'amenity': 'cafe', 'name': 'Café Celo', 'outdoor_seating': 'yes'}"
OpenStreetMap,node,4789013735,osm_node_4789013735,Café Brothers,,,Morocco,Taroudant,,,,30.4780447,-8.8655051,,,,,[],['Outdoor Seating'],,,,,,,,,,,,,2026-07-14T18:43:07.111512,"{'amenity': 'cafe', 'name': 'Café Brothers', 'outdoor_seating': 'yes'}"
OpenStreetMap,node,4789013736,osm_node_4789013736,Café Draa,,,Morocco,Taroudant,,,,30.4777512,-8.8648963,,,,,[],['Outdoor Seating'],,,,,,,,,,,,,2026-07-14T18:43:07.111587,"{'amenity': 'cafe', 'name': 'Café Draa', 'outdoor_seating': 'yes'}"
OpenStreetMap,node,4789013737,osm_node_4789013737,Café J Good,,,Morocco,Taroudant,,,,30.4776818,-8.86473,,,,,[],['Outdoor Seating'],,,,,,,,,,,,,2026-07-14T18:43:07.111648,"{'amenity': 'cafe', 'name': 'Café J Good', 'outdoor_seating': 'yes'}"
OpenStreetMap,node,4789424926,osm_node_4789424926,Café Masjid,,,Morocco,Taroudant,,,,30.468668,-8.8774139,,,,,[],[],,,,,,,,,,,,,2026-07-14T18:43:07.111704,"{'amenity': 'cafe', 'name': 'Café Masjid'}"
OpenStreetMap,node,4794897909,osm_node_4794897909,Café Yassmina,,,Morocco,Taroudant,,,,30.4694579,-8.8823525,,,,,[],['Outdoor Seating'],,,,,,,,,,,,,2026-07-14T18:43:07.111766,"{'amenity': 'cafe', 'name': 'Café Yassmina', 'outdoor_seating': 'yes'}"
OpenStreetMap,node,4794921691,osm_node_4794921691,Café Al Fath,,,Morocco,Taroudant,,,,30.4690656,-8.8827722,,,,,[],['Outdoor Seating'],,,,,,,,,,,,,2026-07-14T18:43:07.111812,"{'amenity': 'cafe', 'name': 'Café Al Fath', 'outdoor_seating': 'yes'}"
OpenStreetMap,node,4795354136,osm_node_4795354136,Café Darna 2,,,Morocco,Taroudant,,,,30.4778677,-8.8627656,,,,,[],[],,,,,,,,,,,,,2026-07-14T18:43:07.111853,"{'amenity': 'cafe', 'name': 'Café Darna 2'}"
OpenStreetMap,node,5006491621,osm_node_5006491621,,,,Morocco,Taroudant,,,,30.4729138,-8.8773892,,,,,[],[],,,,,,,,,,,,,2026-07-14T18:43:07.111885,"{'amenity': 'restaurant', 'name:en': 'chez NADA'}"
OpenStreetMap,node,5252839095,osm_node_5252839095,Opera Café,,,Morocco,Taroudant,,,,30.4670997,-8.9215167,,,,,[],[],,,,,,,,,,,,,2026-07-14T18:43:07.111923,"{'amenity': 'cafe', 'name': 'Opera Café'}"
OpenStreetMap,node,5254824873,osm_node_5254824873,,,,Morocco,Taroudant,,,,30.4691908,-8.8764247,,,,,[],[],,,,,,,,,,,,,2026-07-14T18:43:07.111952,{'amenity': 'restaurant'}
OpenStreetMap,node,5254824878,osm_node_5254824878,Royale Snack,,,Morocco,Taroudant,,,,30.4729046,-8.877912,,,,,[],[],,,,,,,,,,,,,2026-07-14T18:43:07.111988,"{'amenity': 'bar', 'name': 'Royale Snack'}"
OpenStreetMap,node,6017398652,osm_node_6017398652,Yassmina,,,Morocco,Taroudant,,,,30.4694414,-8.8823356,,,,,[],[],,,,,,,,,,,,,2026-07-14T18:43:07.112051,"{'amenity': 'restaurant', 'name': 'Yassmina'}"
OpenStreetMap,node,6061465755,osm_node_6061465755,Café,,,Morocco,Taroudant,,,,30.469297,-8.8762013,,,,,[],[],,,,,,,,,,,,,2026-07-14T18:43:07.112119,"{'amenity': 'cafe', 'name': 'Café', 'wheelchair': 'no'}"
OpenStreetMap,node,6310840686,osm_node_6310840686,Restaurant Azzar,,,Morocco,Taroudant,,,,30.4690328,-8.8824972,,,,,"['steak_house', 'moroccan', 'sandwich', 'local']",[],,,,,,,,,,,,,2026-07-14T18:43:07.112198,"{'amenity': 'restaurant', 'cuisine': 'steak_house;moroccan;sandwich;local', 'name': 'Restaurant Azzar', 'name:ar': 'Restaurant Azzarda', 'name:en': 'Restaurant Azzarda'}"
OpenStreetMap,node,6385794691,osm_node_6385794691,مقهى فريد,,,Morocco,Taroudant,,,,30.4727394,-8.8832176,,,,,[],[],,,,,,,,,,,,,2026-07-14T18:43:07.112354,"{'amenity': 'cafe', 'name': 'مقهى فريد', 'name:ar': 'مقهى فريد', 'name:en': 'Farid coffee'}"
OpenStreetMap,node,6815141783,osm_node_6815141783,Café Oasis / Waha,,,Morocco,Taroudant,,,,30.4736831,-8.8840268,,,,,[],[],,,,,,,,,,,,,2026-07-14T18:43:07.112460,"{'amenity': 'bar', 'name': 'Café Oasis / Waha'}"
OpenStreetMap,node,10285205009,osm_node_10285205009,,,,Morocco,Taroudant,,,,30.4687819,-8.8793387,,,,,"['chicken', 'friture', 'sandwich']",[],,,,,,,,,,,,,2026-07-14T18:43:07.112508,"{'amenity': 'restaurant', 'cuisine': 'chicken;friture;sandwich', 'name:en': 'Snack Immim'}"
OpenStreetMap,node,10559741609,osm_node_10559741609,Snack Itran,,,Morocco,Taroudant,,,,30.4690869,-8.8790607,,,,,[],[],,,,,,,,,,,,,2026-07-14T18:43:07.112547,"{'amenity': 'restaurant', 'name': 'Snack Itran', 'name:en': 'Good chicken 25dhm'}"
OpenStreetMap,node,10836739606,osm_node_10836739606,,,,Morocco,Taroudant,,,,30.4720126,-8.8745794,,,,,"['coffee_shop', 'pizza']",[],,,,,,,,,,,,,2026-07-14T18:43:07.112580,"{'amenity': 'bar', 'cuisine': 'coffee_shop;pizza', 'name:fr': 'Espace Bachar'}"
OpenStreetMap,node,11750898584,osm_node_11750898584,,,,Morocco,Taroudant,,,,30.4686162,-8.8800459,,,,,"['moroccan', 'regional']",[],,,,,,,,,,,,,2026-07-14T18:43:07.112615,"{'amenity': 'restaurant', 'cuisine': 'moroccan;regional'}"
OpenStreetMap,node,11750898585,osm_node_11750898585,,,,Morocco,Taroudant,,,,30.4695498,-8.8832198,,,,,[],[],,,,,,,,,,,,,2026-07-14T18:43:07.112643,{'amenity': 'restaurant'}
OpenStreetMap,node,13596300501,osm_node_13596300501,,,,Morocco,Taroudant,,,,30.4731797,-8.8788074,,,,,[],[],,,,,,,,,,,,,2026-07-14T18:43:07.112674,{'amenity': 'restaurant'}
OpenStreetMap,way,644941964,osm_way_644941964,Complexe El Kasbah,,,Morocco,Taroudant,,,,30.4711774,-8.8746698,,,,Mo-Su 08:00-22:00,['regional'],['Outdoor Seating'],,,,,,,,wlan,no,,,,2026-07-14T18:43:07.112732,"{'amenity': 'restaurant', 'building': 'yes', 'building:levels': '2', 'building:use': 'foodservice', 'check_date': '2023-05-09', 'cuisine': 'regional', 'internet_access': 'wlan', 'internet_access:fee': 'no', 'name': 'Complexe El Kasbah', 'opening_hours': 'Mo-Su 08:00-22:00', 'outdoor_seating': 'yes', 'payment:cards': 'yes', 'payment:cash': 'yes', 'payment:contactless': 'yes', 'roof:levels': '1', 'roof:shape': 'flat', 'smoking': 'no', 'toilets': 'yes', 'toilets:access': 'customers', 'toilets:wheelchair': 'limited', 'wheelchair': 'limited'}"
OpenStreetMap,way,645070133,osm_way_645070133,Bar Palais Salam,,,Morocco,Taroudant,,,,30.4725527,-8.8711748,,,,,[],[],,,,,,,,,,,,,2026-07-14T18:43:07.112770,"{'amenity': 'pub', 'building': 'yes', 'name': 'Bar Palais Salam', 'toilets': 'yes'}"
OpenStreetMap,way,1209497408,osm_way_1209497408,,,,Morocco,Taroudant,,,,30.4729381,-8.8778903,,,,,[],[],,,,,,,,,,,,,2026-07-14T18:43:07.112801,"{'amenity': 'restaurant', 'building': 'yes'}"
OpenStreetMap,relation,7568967,osm_relation_7568967,Riad dar Dzahra,,,Morocco,Taroudant,,Derb Akka,83000,30.4677146,-8.8838155,,,,,"['regional', 'pizza', 'international']",[],,,,,,,,,,,,,2026-07-14T18:43:07.112852,"{'addr:city': 'Taroudant', 'addr:housenumber': '73', 'addr:postcode': '83000', 'addr:street': 'Derb Akka', 'amenity': 'restaurant', 'building': 'yes', 'building:levels': '1', 'cuisine': 'regional;pizza;international', 'name': 'Riad dar Dzahra', 'type': 'multipolygon'}"
OpenStreetMap,node,698660547,osm_node_698660547,Cafe Afriquia,,,Morocco,Tiznit,,,,29.6662999,-9.7217401,,,,,[],[],,,,,,,,,,,,,2026-07-14T18:44:47.789969,"{'amenity': 'cafe', 'name': 'Cafe Afriquia'}"
OpenStreetMap,node,2298158224,osm_node_2298158224,Café Souss,,,Morocco,Tiznit,,,,29.692375,-9.7275557,,,,,[],[],,,,,,,,,,,,,2026-07-14T18:44:47.790089,"{'amenity': 'cafe', 'name': 'Café Souss', 'name:es': 'Café Sus'}"
OpenStreetMap,node,2298163237,osm_node_2298163237,Snack Café Kwis Laz,,,Morocco,Tiznit,,,,29.6920875,-9.7235481,,,,,[],[],,,,,,,,,,,,,2026-07-14T18:44:47.790151,"{'amenity': 'fast_food', 'name': 'Snack Café Kwis Laz'}"
OpenStreetMap,node,4040410267,osm_node_4040410267,A l'ombre du Figuier,,,Morocco,Tiznit,,,,29.698031,-9.7305939,+212528861204,,,,[],[],,,,,,,,,,,,,2026-07-14T18:44:47.790229,"{'amenity': 'restaurant', 'name': ""A l'ombre du Figuier"", 'phone': '+212 5 28 86 12 04'}"
OpenStreetMap,node,6116717189,osm_node_6116717189,Timizar,,,Morocco,Tiznit,,,,29.6970582,-9.7317369,,,,24/7,[],[],,,,,,,,,,,,,2026-07-14T18:44:47.790271,"{'amenity': 'restaurant', 'name': 'Timizar', 'opening_hours': '24/7'}"
OpenStreetMap,node,6116779285,osm_node_6116779285,,,,Morocco,Tiznit,,,,29.6999525,-9.7290027,,,,,[],[],,,,,,,,,,,,,2026-07-14T18:44:47.790363,{'amenity': 'restaurant'}
OpenStreetMap,node,7068927191,osm_node_7068927191,Café restaurant Tigmi,,,Morocco,Tiznit,,,,29.6951554,-9.7419634,+212528864001,,,07:00-23:00,[],[],,,,,,,,,,,,,2026-07-14T18:44:47.790416,"{'amenity': 'cafe', 'name': 'Café restaurant Tigmi', 'opening_hours': '07:00-23:00', 'phone': '+212 5 28 86 40 01', 'survey:date': '2019-12-19'}"
OpenStreetMap,node,9604226917,osm_node_9604226917,Snap Pizza,,,Morocco,Tiznit,,,,29.6974145,-9.7296787,,,,,[],[],,,,,,,,,,,,,2026-07-14T18:44:47.790450,"{'amenity': 'fast_food', 'name': 'Snap Pizza'}"
OpenStreetMap,node,10567855609,osm_node_10567855609,,,,Morocco,Tiznit,,,,29.7017543,-9.7284899,,,,,[],[],,,,,,,,,,,,,2026-07-14T18:44:47.790482,"{'amenity': 'restaurant', 'name:en': 'Very good food'}"
OpenStreetMap,node,10733196907,osm_node_10733196907,,,,Morocco,Tiznit,,"Imp.issaoui, rue Haddada",85000,29.6970123,-9.7310595,+212615935934,,riadlelieu@hotmail.fr,,['moroccan'],[],,,,,,,,wlan,,,,,2026-07-14T18:44:47.790559,"{'addr:housenumber': '273', 'addr:postcode': '85000', 'addr:street': 'Imp.issaoui, rue Haddada', 'amenity': 'restaurant', 'cuisine': 'moroccan', 'email': 'riadlelieu@hotmail.fr', 'internet_access': 'wlan', 'name:fr': 'Le Lieu', 'phone': '+212 6 15 93 59 34'}"
OpenStreetMap,node,10779316399,osm_node_10779316399,La Ville Nouvelle,,,Morocco,Tiznit,,,,29.6952403,-9.7322163,,,,,['regional'],[],,,,,,,,,,,,,2026-07-14T18:44:47.790617,"{'amenity': 'restaurant', 'cuisine': 'regional', 'name': 'La Ville Nouvelle'}"
OpenStreetMap,node,13360618180,osm_node_13360618180,Restaurant Samy B,,,Morocco,Tiznit,,,,29.6939198,-9.723629,,,,,[],[],,,,,,,,,,,,,2026-07-14T18:44:47.790675,"{'amenity': 'restaurant', 'name': 'Restaurant Samy B'}"
OpenStreetMap,node,4175596099,osm_node_4175596099,Café Soussi,,,Morocco,Berkane,,,,34.9293911,-2.3130966,,,,,[],[],,,,,,,,,,,,,2026-07-14T18:45:24.145938,"{'amenity': 'cafe', 'name': 'Café Soussi', 'wifi': 'free'}"
OpenStreetMap,node,4188009789,osm_node_4188009789,Café Des Etudiants,,,Morocco,Berkane,,,,34.922807,-2.3277265,,,,,[],[],,,,,,,,,,,,,2026-07-14T18:45:24.145980,"{'amenity': 'cafe', 'name': 'Café Des Etudiants'}"
OpenStreetMap,node,4197357628,osm_node_4197357628,Café Titanic,,,Morocco,Berkane,,,,34.9257137,-2.3312238,,,,,[],[],,,,,,,,,,,,,2026-07-14T18:45:24.146003,"{'amenity': 'cafe', 'name': 'Café Titanic', 'name:es': 'Café Titanic'}"
OpenStreetMap,node,4197358599,osm_node_4197358599,Café Royal,,,Morocco,Berkane,,,,34.9263603,-2.3319158,,,,,[],[],,,,,,,,wlan,,,,,2026-07-14T18:45:24.146025,"{'amenity': 'cafe', 'internet_access': 'wlan', 'internet_access:fee': 'no', 'name': 'Café Royal', 'name:es': 'Café Real'}"
OpenStreetMap,node,4197360789,osm_node_4197360789,Café le printemps,,,Morocco,Berkane,,,,34.9260458,-2.3315993,,,,,[],[],,,,,,,,,,,,,2026-07-14T18:45:24.146043,"{'amenity': 'cafe', 'name': 'Café le printemps', 'wifi': 'yes'}"
OpenStreetMap,node,4197362633,osm_node_4197362633,Café kadis,,,Morocco,Berkane,,,,34.9256082,-2.331382,,,,,[],[],,,,,,,,,,,,,2026-07-14T18:45:24.146060,"{'amenity': 'cafe', 'name': 'Café kadis'}"
OpenStreetMap,node,4197374633,osm_node_4197374633,Café Faransa,,,Morocco,Berkane,,,,34.9253882,-2.3311429,,,,,[],[],,,,,,,,,,,,,2026-07-14T18:45:24.146079,"{'amenity': 'cafe', 'name': 'Café Faransa', 'name:ar': 'مقهى فرنسا', 'name:es': 'Café Francia'}"
OpenStreetMap,node,4200618115,osm_node_4200618115,Café aghdal,,,Morocco,Berkane,,,,34.9243809,-2.3086091,,,,,[],[],,,,,,,,,,,,,2026-07-14T18:45:24.146097,"{'amenity': 'cafe', 'name': 'Café aghdal'}"
OpenStreetMap,node,4226803889,osm_node_4226803889,Pizzeria Oscar,,,Morocco,Berkane,,,,34.9225167,-2.3273179,,,,,['pizza'],"['Delivery', 'Takeaway']",,,,,,,,,,,,,2026-07-14T18:45:24.146126,"{'amenity': 'restaurant', 'capacity': '200', 'cuisine': 'pizza', 'delivery': 'yes', 'name': 'Pizzeria Oscar', 'takeaway': 'yes'}"
OpenStreetMap,node,4226804890,osm_node_4226804890,Café Al Missri,,,Morocco,Berkane,,,,34.9223804,-2.3267439,,,,,[],[],,,,,,,,,,,,,2026-07-14T18:45:24.146151,"{'amenity': 'cafe', 'name': 'Café Al Missri'}"
OpenStreetMap,node,4751490466,osm_node_4751490466,Café al arrahma,,,Morocco,Berkane,,,,34.9324304,-2.3219791,,,,,[],[],,,,,,,,,,,,,2026-07-14T18:45:24.146177,"{'amenity': 'cafe', 'name': 'Café al arrahma'}"
OpenStreetMap,way,815088619,osm_way_815088619,مكلتي,,,Morocco,Berkane,,,,34.9291981,-2.3176973,,,,,"['regional', 'sandwich']",[],,,,,,,,,,,,,2026-07-14T18:45:24.146201,"{'amenity': 'fast_food', 'building': 'construction', 'cuisine': 'regional;sandwich', 'name': 'مكلتي', 'name:ar': 'مكلتي', 'name:fr': 'Makkalti'}"
OpenStreetMap,way,815935045,osm_way_815935045,Jnane berkane,,,Morocco,Berkane,,,,34.938547,-2.348959,,,,,"['burger', 'pizza', 'coffee_shop', 'sandwich', 'french', 'ice_cream', 'barbecue']",[],,,,,,,,,,,,,2026-07-14T18:45:24.146229,"{'amenity': 'restaurant', 'building': 'yes', 'cuisine': 'burger;pizza;coffee_shop;sandwich;french;ice_cream;barbecue', 'name': 'Jnane berkane'}"
OpenStreetMap,node,3963443604,osm_node_3963443604,Les Fleurs,,,Morocco,Saïdia,,,,35.0851077,-2.2213654,,,,,[],[],,,,,,,,,,,,,2026-07-14T18:45:55.070955,"{'amenity': 'cafe', 'name': 'Les Fleurs'}"
OpenStreetMap,node,3963462634,osm_node_3963462634,Picasso,,,Morocco,Saïdia,,Boulevard Mohamed V,,35.0860427,-2.2234629,,,,,[],[],,,,,,,,,,,,,2026-07-14T18:45:55.071029,"{'addr:street': 'Boulevard Mohamed V', 'amenity': 'cafe', 'name': 'Picasso', 'source': 'Kaart Ground Survey 2018'}"
OpenStreetMap,node,3963478588,osm_node_3963478588,Le Nîmois,,,Morocco,Saïdia,,Place 20 Août,,35.085527,-2.221871,,,,,[],[],,,,,,,,,,,,,2026-07-14T18:45:55.071087,"{'addr:street': 'Place 20 Août', 'amenity': 'restaurant', 'name': 'Le Nîmois'}"
OpenStreetMap,node,4600284890,osm_node_4600284890,Restaurant LAVILLA,,,Morocco,Saïdia,,,,35.0850526,-2.2201233,,,,,[],[],,,,,,,,,,,,,2026-07-14T18:45:55.071121,"{'amenity': 'restaurant', 'name': 'Restaurant LAVILLA', 'name:fr': 'Restaurant LAVILLA'}"
OpenStreetMap,node,4600301990,osm_node_4600301990,,,,Morocco,Saïdia,,Rue Bir Anzarane,63600,35.0850538,-2.2201534,,,,24/7,[],[],,,,,,,,wlan,,,,,2026-07-14T18:45:55.071162,"{'addr:housenumber': '6', 'addr:postcode': '63600', 'addr:street': 'Rue Bir Anzarane', 'amenity': 'restaurant', 'internet_access': 'wlan', 'opening_hours': '24/7'}"
OpenStreetMap,node,11900843572,osm_node_11900843572,Café La Havana,,,Morocco,Saïdia,,,,35.0854966,-2.2242662,,,,,[],[],,,,,,,,,,,,,2026-07-14T18:45:55.071195,"{'amenity': 'cafe', 'name': 'Café La Havana'}"
OpenStreetMap,way,305514165,osm_way_305514165,La Corniche,,,Morocco,Saïdia,,,,35.0859929,-2.2210895,,,,,[],[],,,,,,,,,,,,,2026-07-14T18:45:55.071229,"{'amenity': 'cafe', 'building': 'yes', 'name': 'La Corniche'}"
OpenStreetMap,way,305514171,osm_way_305514171,Ski Hut,,,Morocco,Saïdia,,,,35.0861088,-2.2215603,,,,,[],[],,,,,,,,,,,,,2026-07-14T18:45:55.071260,"{'amenity': 'cafe', 'building': 'yes', 'name': 'Ski Hut'}"
OpenStreetMap,way,305514172,osm_way_305514172,L'Opéra,,,Morocco,Saïdia,,,,35.0858323,-2.2202212,,,,,[],[],,,,,,,,,,,,,2026-07-14T18:45:55.071297,"{'amenity': 'cafe', 'building': 'yes', 'name': ""L'Opéra""}"
OpenStreetMap,way,305514174,osm_way_305514174,Paloma Blanca,,,Morocco,Saïdia,,,,35.085917,-2.2206786,,,,,['pizza'],[],,,,,,,,,,,,,2026-07-14T18:45:55.071357,"{'amenity': 'restaurant', 'building': 'yes', 'cuisine': 'pizza', 'name': 'Paloma Blanca'}"
OpenStreetMap,way,305514192,osm_way_305514192,Samy Playa,,,Morocco,Saïdia,,,,35.0872772,-2.2272076,,,,,[],[],,,,,,,,,,,,,2026-07-14T18:45:55.071406,"{'amenity': 'restaurant', 'building': 'yes', 'name': 'Samy Playa'}"
OpenStreetMap,way,305538335,osm_way_305538335,Paradise,,,Morocco,Saïdia,,,,35.088888,-2.2342723,,,,,[],[],,,,,,,,,,,,,2026-07-14T18:45:55.071459,"{'amenity': 'restaurant', 'building': 'yes', 'name': 'Paradise'}"
OpenStreetMap,way,305585847,osm_way_305585847,Arabesk,,,Morocco,Saïdia,,,,35.1074036,-2.2948955,+212661980223,,,24/7,[],['Outdoor Seating'],,,,,,,,yes,,,,,2026-07-14T18:45:55.071539,"{'amenity': 'cafe', 'building': 'yes', 'internet_access': 'yes', 'internet_access:fee': 'no', 'name': 'Arabesk', 'opening_hours': '24/7', 'outdoor_seating': 'yes', 'phone': '+212 6 61 98 02 23'}"
OpenStreetMap,way,393049435,osm_way_393049435,La Dorada,,,Morocco,Saïdia,,,,35.086287,-2.2229018,,,,,[],[],,,,,,,,,,,,,2026-07-14T18:45:55.071592,"{'amenity': 'cafe', 'building': 'yes', 'name': 'La Dorada'}"
OpenStreetMap,node,2637641871,osm_node_2637641871,,,,Morocco,Taourirt,,,,34.4148993,-2.8943156,,,,,[],[],,,,,,,,,,,,,2026-07-14T18:46:38.355552,{'amenity': 'cafe'}
OpenStreetMap,node,2637641872,osm_node_2637641872,,,,Morocco,Taourirt,,,,34.41498,-2.8941949,,,,,[],[],,,,,,,,,,,,,2026-07-14T18:46:38.355630,{'amenity': 'cafe'}
OpenStreetMap,node,2637641873,osm_node_2637641873,,,,Morocco,Taourirt,,,,34.414772,-2.8945651,,,,,[],[],,,,,,,,,,,,,2026-07-14T18:46:38.355680,{'amenity': 'cafe'}
OpenStreetMap,node,2637641874,osm_node_2637641874,,,,Morocco,Taourirt,,,,34.4146713,-2.89449,,,,,[],[],,,,,,,,,,,,,2026-07-14T18:46:38.355725,{'amenity': 'cafe'}
OpenStreetMap,node,2637642336,osm_node_2637642336,,,,Morocco,Taourirt,,,,34.4130137,-2.893718,,,,,[],[],,,,,,,,,,,,,2026-07-14T18:46:38.355752,{'amenity': 'restaurant'}
OpenStreetMap,node,2637642339,osm_node_2637642339,,,,Morocco,Taourirt,,,,34.4130237,-2.8939694,,,,,[],[],,,,,,,,,,,,,2026-07-14T18:46:38.355777,{'amenity': 'cafe'}
OpenStreetMap,node,2637642701,osm_node_2637642701,,,,Morocco,Taourirt,,,,34.4125545,-2.8944552,,,,,[],[],,,,,,,,,,,,,2026-07-14T18:46:38.355803,{'amenity': 'cafe'}
OpenStreetMap,node,2637642866,osm_node_2637642866,,,,Morocco,Taourirt,,,,34.4125082,-2.8939816,,,,,[],[],,,,,,,,,,,,,2026-07-14T18:46:38.355829,{'amenity': 'restaurant'}
OpenStreetMap,node,2637642869,osm_node_2637642869,,,,Morocco,Taourirt,,,,34.4123491,-2.8937278,,,,,[],[],,,,,,,,,,,,,2026-07-14T18:46:38.355855,{'amenity': 'restaurant'}
OpenStreetMap,node,2637643371,osm_node_2637643371,,,,Morocco,Taourirt,,,,34.4129069,-2.893967,,,,,[],[],,,,,,,,,,,,,2026-07-14T18:46:38.355882,{'amenity': 'fast_food'}
OpenStreetMap,node,2637643920,osm_node_2637643920,,,,Morocco,Taourirt,,,,34.4124921,-2.8948823,,,,,[],[],,,,,,,,,,,,,2026-07-14T18:46:38.355920,{'amenity': 'restaurant'}
OpenStreetMap,node,2637644410,osm_node_2637644410,,,,Morocco,Taourirt,,,,34.4133057,-2.8940964,,,,,[],[],,,,,,,,,,,,,2026-07-14T18:46:38.355956,{'amenity': 'cafe'}
OpenStreetMap,node,2637644411,osm_node_2637644411,,,,Morocco,Taourirt,,,,34.4133902,-2.8942819,,,,,[],[],,,,,,,,,,,,,2026-07-14T18:46:38.355981,{'amenity': 'restaurant'}
OpenStreetMap,node,2637644412,osm_node_2637644412,,,,Morocco,Taourirt,,,,34.4134305,-2.8944332,,,,,[],[],,,,,,,,,,,,,2026-07-14T18:46:38.356006,{'amenity': 'restaurant'}
OpenStreetMap,node,2637644427,osm_node_2637644427,,,,Morocco,Taourirt,,,,34.4134829,-2.894587,,,,,[],[],,,,,,,,,,,,,2026-07-14T18:46:38.356031,{'amenity': 'restaurant'}
OpenStreetMap,node,2637644428,osm_node_2637644428,,,,Morocco,Taourirt,,,,34.4138252,-2.8941574,,,,,[],[],,,,,,,,,,,,,2026-07-14T18:46:38.356055,{'amenity': 'cafe'}
OpenStreetMap,node,2637644429,osm_node_2637644429,,,,Morocco,Taourirt,,,,34.413803,-2.8943087,,,,,[],[],,,,,,,,,,,,,2026-07-14T18:46:38.356079,{'amenity': 'cafe'}
OpenStreetMap,node,2637644463,osm_node_2637644463,,,,Morocco,Taourirt,,,,34.4141635,-2.8945577,,,,,[],[],,,,,,,,,,,,,2026-07-14T18:46:38.356122,{'amenity': 'cafe'}
OpenStreetMap,node,2637644714,osm_node_2637644714,,,,Morocco,Taourirt,,,,34.4146005,-2.8970352,,,,,[],[],,,,,,,,,,,,,2026-07-14T18:46:38.356140,{'amenity': 'cafe'}
OpenStreetMap,node,2637644715,osm_node_2637644715,,,,Morocco,Taourirt,,,,34.4145078,-2.8966764,,,,,[],[],,,,,,,,,,,,,2026-07-14T18:46:38.356158,{'amenity': 'cafe'}
OpenStreetMap,node,2637644716,osm_node_2637644716,,,,Morocco,Taourirt,,,,34.4144635,-2.89653,,,,,[],[],,,,,,,,,,,,,2026-07-14T18:46:38.356177,{'amenity': 'cafe'}
OpenStreetMap,node,2637644717,osm_node_2637644717,,,,Morocco,Taourirt,,,,34.4144213,-2.8963884,,,,,[],[],,,,,,,,,,,,,2026-07-14T18:46:38.356195,{'amenity': 'cafe'}
OpenStreetMap,node,2637644718,osm_node_2637644718,,,,Morocco,Taourirt,,,,34.4131285,-2.8934324,,,,,[],[],,,,,,,,,,,,,2026-07-14T18:46:38.356213,{'amenity': 'cafe'}
OpenStreetMap,node,2637644719,osm_node_2637644719,,,,Morocco,Taourirt,,,,34.413201,-2.8936399,,,,,[],[],,,,,,,,,,,,,2026-07-14T18:46:38.356231,{'amenity': 'cafe'}
OpenStreetMap,node,2637644721,osm_node_2637644721,,,,Morocco,Taourirt,,,,34.413789,-2.8936033,,,,,[],[],,,,,,,,,,,,,2026-07-14T18:46:38.356250,{'amenity': 'restaurant'}
OpenStreetMap,node,2637644758,osm_node_2637644758,,,,Morocco,Taourirt,,,,34.4130217,-2.8933372,,,,,[],[],,,,,,,,,,,,,2026-07-14T18:46:38.356268,{'amenity': 'cafe'}
OpenStreetMap,node,2637645989,osm_node_2637645989,,,,Morocco,Taourirt,,,,34.415857,-2.8949482,,,,,[],[],,,,,,,,,,,,,2026-07-14T18:46:38.356287,{'amenity': 'cafe'}
OpenStreetMap,node,2637648812,osm_node_2637648812,,,,Morocco,Taourirt,,,,34.4130479,-2.8942794,,,,,[],[],,,,,,,,,,,,,2026-07-14T18:46:38.356312,{'amenity': 'cafe'}
OpenStreetMap,node,2637650634,osm_node_2637650634,,,,Morocco,Taourirt,,,,34.409844,-2.8975893,,,,,[],[],,,,,,,,,,,,,2026-07-14T18:46:38.356331,{'amenity': 'cafe'}
OpenStreetMap,node,2637650635,osm_node_2637650635,,,,Morocco,Taourirt,,,,34.4102246,-2.8972305,,,,,[],[],,,,,,,,,,,,,2026-07-14T18:46:38.356349,{'amenity': 'cafe'}
OpenStreetMap,node,2637650636,osm_node_2637650636,,,,Morocco,Taourirt,,,,34.410422,-2.897023,,,,,[],[],,,,,,,,,,,,,2026-07-14T18:46:38.356367,{'amenity': 'cafe'}
OpenStreetMap,node,2637650637,osm_node_2637650637,,,,Morocco,Taourirt,,,,34.4103273,-2.8971304,,,,,[],[],,,,,,,,,,,,,2026-07-14T18:46:38.356386,{'amenity': 'cafe'}
OpenStreetMap,node,4920814683,osm_node_4920814683,restaurant Lalla Meryem,,,Morocco,Taourirt,,,,34.4157733,-2.8943348,,,,,[],[],,,,,,,,,,,,,2026-07-14T18:46:38.356426,"{'amenity': 'restaurant', 'building': 'yes', 'name': 'restaurant Lalla Meryem'}"
OpenStreetMap,node,4920814684,osm_node_4920814684,cafe Lalla Meryem,,,Morocco,Taourirt,,,,34.4158137,-2.8942386,,,,,[],[],,,,,,,,,,,,,2026-07-14T18:46:38.356451,"{'amenity': 'cafe', 'building': 'yes', 'name': 'cafe Lalla Meryem'}"
OpenStreetMap,node,12520792364,osm_node_12520792364,,,,Morocco,Taourirt,,,,34.409531,-2.8974935,,,,,[],[],,,,,,,,,,,,,2026-07-14T18:46:38.356470,{'amenity': 'cafe'}
OpenStreetMap,node,12520792365,osm_node_12520792365,,,,Morocco,Taourirt,,,,34.4089113,-2.8959271,,,,,[],[],,,,,,,,,,,,,2026-07-14T18:46:38.356488,{'amenity': 'cafe'}
OpenStreetMap,node,13207249287,osm_node_13207249287,Salamanca,,,Morocco,Taourirt,,,,34.416675,-2.9157547,,,,,[],[],,,,,,,,,,,,,2026-07-14T18:46:38.356509,"{'addr:city': 'Taourirt تاوريرت', 'amenity': 'restaurant', 'name': 'Salamanca'}"
OpenStreetMap,node,13624053401,osm_node_13624053401,Laiterie lbeldi Taourirt,,,Morocco,Taourirt,,Rue Midelt زنقة ميدلت,,34.4129922,-2.9087698,,,,,"['breakfast', 'coffee_shop', 'moroccan', 'pizza', 'tea']",['Outdoor Seating'],,,,,,,,,,,,,2026-07-14T18:46:38.356589,"{'addr:street': 'Rue Midelt زنقة ميدلت', 'amenity': 'cafe', 'contact:facebook': 'share/18HLpLmmkJ', 'contact:instagram': 'laiterie_lbeldi_taourirt', 'cuisine': 'breakfast;coffee_shop;moroccan;pizza;tea', 'name': 'Laiterie lbeldi Taourirt', 'outdoor_seating': 'yes', 'website:menu': 'https://drive.google.com/file/d/1ZUDISAC808mfJTFKh8akzGt4hp2JPFyN/view?usp=drivesdk'}"
OpenStreetMap,way,258375014,osm_way_258375014,Jet d'eau,,,Morocco,Taourirt,,,,34.4155997,-2.8941535,,,,,[],[],,,,,,,,yes,,,,,2026-07-14T18:46:38.356620,"{'amenity': 'cafe', 'building': 'yes', 'internet_access': 'yes', 'name': ""Jet d'eau""}"
